# puts "CREATE_PROJECT_OK"
CREATE_PROJECT_OK
INFO: [Common 17-206] Exiting Vivado at Thu Jun 11 05:39:02 2026...

****** Vivado v2024.2 (64-bit)
  **** SW Build 5239630 on Fri Nov 08 22:34:34 MST 2024
  **** IP Build 5239520 on Sun Nov 10 16:12:51 MST 2024
  **** SharedData Build 5239561 on Fri Nov 08 14:39:27 MST 2024
  **** Start of session at: Thu Jun 11 05:39:16 2026
    ** Copyright 1986-2022 Xilinx, Inc. All Rights Reserved.
    ** Copyright 2022-2024 Advanced Micro Devices, Inc. All Rights Reserved.

source build_ctl.tcl
# set_param general.maxThreads 16
# open_project /home/cah/r2d2/code/fpga/fable5_llm/synth/out_ctl_B/proj/ctlB.xpr
Scanning sources...
Finished scanning sources
INFO: [IP_Flow 19-234] Refreshing IP repositories
INFO: [IP_Flow 19-1704] No user IP repositories specified
INFO: [IP_Flow 19-2313] Loaded Vivado IP repository '/home/cah/r2d2/sc2data/tools/Vivado/2024.2/data/ip'.
open_project: Time (s): cpu = 00:00:12 ; elapsed = 00:00:13 . Memory (MB): peak = 1542.621 ; gain = 82.371 ; free physical = 49014 ; free virtual = 329416
# launch_runs synth_1 -jobs 8
INFO: [BD 41-1662] The design 'bd.bd' is already validated. Therefore parameter propagation will not be re-run.
WARNING: [BD 41-2384] Width mismatch when connecting pin: '/bram/addra'(32) to pin: '/bram_ctrl/bram_addr_a'(18) - Only lower order bits will be connected.
Verilog Output written to : /home/cah/r2d2/code/fpga/fable5_llm/synth/out_ctl_B/proj/ctlB.gen/sources_1/bd/bd/synth/bd.v
WARNING: [BD 41-2384] Width mismatch when connecting pin: '/bram/addra'(32) to pin: '/bram_ctrl/bram_addr_a'(18) - Only lower order bits will be connected.
Verilog Output written to : /home/cah/r2d2/code/fpga/fable5_llm/synth/out_ctl_B/proj/ctlB.gen/sources_1/bd/bd/sim/bd.v
Verilog Output written to : /home/cah/r2d2/code/fpga/fable5_llm/synth/out_ctl_B/proj/ctlB.gen/sources_1/bd/bd/hdl/bd_wrapper.v
INFO: [BD 41-1029] Generation completed for the IP Integrator block refclk_buf .
INFO: [Device 21-403] Loading part xcvu9p-fsgd2104-2L-e
INFO: [BD 41-1029] Generation completed for the IP Integrator block xdma_0 .
INFO: [BD 41-1029] Generation completed for the IP Integrator block bram_ctrl .
INFO: [BD 41-1029] Generation completed for the IP Integrator block bram .
INFO: [BD 41-1029] Generation completed for the IP Integrator block gpio0 .
Exporting to file /home/cah/r2d2/code/fpga/fable5_llm/synth/out_ctl_B/proj/ctlB.gen/sources_1/bd/bd/hw_handoff/bd.hwh
Generated Hardware Definition File /home/cah/r2d2/code/fpga/fable5_llm/synth/out_ctl_B/proj/ctlB.gen/sources_1/bd/bd/synth/bd.hwdef
INFO: [IP_Flow 19-6930] IPCACHE: runCacheChecks() number of threads = 8
INFO: [IP_Flow 19-6921] IPCACHE: Adding cache check func to thread queue for IP bd_bram_0
INFO: [IP_Flow 19-6921] IPCACHE: Adding cache check func to thread queue for IP bd_bram_ctrl_0
INFO: [IP_Flow 19-6921] IPCACHE: Adding cache check func to thread queue for IP bd_gpio0_0
INFO: [IP_Flow 19-6921] IPCACHE: Adding cache check func to thread queue for IP bd_refclk_buf_0
INFO: [IP_Flow 19-6921] IPCACHE: Adding cache check func to thread queue for IP bd_xdma_0_0
INFO: [IP_Flow 19-8020] IPCACHE: runCacheChecks() calling threadPool finishWork()
INFO: [IP_Flow 19-6924] IPCACHE: Running cache check for IP inst: bd_bram_0
INFO: [IP_Flow 19-6924] IPCACHE: Running cache check for IP inst: bd_bram_ctrl_0
INFO: [IP_Flow 19-6924] IPCACHE: Running cache check for IP inst: bd_gpio0_0
INFO: [IP_Flow 19-6924] IPCACHE: Running cache check for IP inst: bd_refclk_buf_0
INFO: [IP_Flow 19-6924] IPCACHE: Running cache check for IP inst: bd_xdma_0_0
WARNING: [Vivado 12-7122] Auto Incremental Compile:: No reference checkpoint was found in run synth_1. Auto-incremental flow will not be run, the standard flow will be run instead.
[Thu Jun 11 05:40:15 2026] Launched bd_refclk_buf_0_synth_1, bd_xdma_0_0_synth_1, bd_bram_ctrl_0_synth_1, bd_bram_0_synth_1, bd_gpio0_0_synth_1...
Run output will be captured here:
bd_refclk_buf_0_synth_1: /home/cah/r2d2/code/fpga/fable5_llm/synth/out_ctl_B/proj/ctlB.runs/bd_refclk_buf_0_synth_1/runme.log
bd_xdma_0_0_synth_1: /home/cah/r2d2/code/fpga/fable5_llm/synth/out_ctl_B/proj/ctlB.runs/bd_xdma_0_0_synth_1/runme.log
bd_bram_ctrl_0_synth_1: /home/cah/r2d2/code/fpga/fable5_llm/synth/out_ctl_B/proj/ctlB.runs/bd_bram_ctrl_0_synth_1/runme.log
bd_bram_0_synth_1: /home/cah/r2d2/code/fpga/fable5_llm/synth/out_ctl_B/proj/ctlB.runs/bd_bram_0_synth_1/runme.log
bd_gpio0_0_synth_1: /home/cah/r2d2/code/fpga/fable5_llm/synth/out_ctl_B/proj/ctlB.runs/bd_gpio0_0_synth_1/runme.log
[Thu Jun 11 05:40:15 2026] Launched synth_1...
Run output will be captured here: /home/cah/r2d2/code/fpga/fable5_llm/synth/out_ctl_B/proj/ctlB.runs/synth_1/runme.log
launch_runs: Time (s): cpu = 00:00:32 ; elapsed = 00:00:40 . Memory (MB): peak = 2853.070 ; gain = 1310.449 ; free physical = 45004 ; free virtual = 325582
# wait_on_run synth_1
[Thu Jun 11 05:40:15 2026] Waiting for synth_1 to finish...

*** Running vivado
    with args -log bd_wrapper.vds -m64 -product Vivado -mode batch -messageDb vivado.pb -notrace -source bd_wrapper.tcl


****** Vivado v2024.2 (64-bit)
  **** SW Build 5239630 on Fri Nov 08 22:34:34 MST 2024
  **** IP Build 5239520 on Sun Nov 10 16:12:51 MST 2024
  **** SharedData Build 5239561 on Fri Nov 08 14:39:27 MST 2024
  **** Start of session at: Thu Jun 11 05:46:48 2026
    ** Copyright 1986-2022 Xilinx, Inc. All Rights Reserved.
    ** Copyright 2022-2024 Advanced Micro Devices, Inc. All Rights Reserved.

source bd_wrapper.tcl -notrace
create_project: Time (s): cpu = 00:00:11 ; elapsed = 00:00:11 . Memory (MB): peak = 1501.133 ; gain = 40.887 ; free physical = 42289 ; free virtual = 325972
INFO: [IP_Flow 19-234] Refreshing IP repositories
INFO: [IP_Flow 19-1704] No user IP repositories specified
INFO: [IP_Flow 19-2313] Loaded Vivado IP repository '/home/cah/r2d2/sc2data/tools/Vivado/2024.2/data/ip'.
Command: synth_design -top bd_wrapper -part xcvu9p-fsgd2104-2L-e
Starting synth_design
Attempting to get a license for feature 'Synthesis' and/or device 'xcvu9p'
INFO: [Common 17-349] Got license for feature 'Synthesis' and/or device 'xcvu9p'
INFO: [Common 17-86] Your Synthesis license expires in 10 day(s)
INFO: [Device 21-403] Loading part xcvu9p-fsgd2104-2L-e
INFO: [Synth 8-7079] Multithreading enabled for synth_design using a maximum of 7 processes.
INFO: [Synth 8-7078] Launching helper process for spawning children vivado processes
INFO: [Synth 8-7075] Helper process launched with PID 2133168
---------------------------------------------------------------------------------
Starting RTL Elaboration : Time (s): cpu = 00:00:06 ; elapsed = 00:00:06 . Memory (MB): peak = 2911.191 ; gain = 312.828 ; free physical = 38774 ; free virtual = 322570
---------------------------------------------------------------------------------
INFO: [Synth 8-6157] synthesizing module 'bd_wrapper' [/home/cah/r2d2/code/fpga/fable5_llm/synth/out_ctl_B/proj/ctlB.gen/sources_1/bd/bd/hdl/bd_wrapper.v:13]
INFO: [Synth 8-6157] synthesizing module 'bd' [/home/cah/r2d2/code/fpga/fable5_llm/synth/out_ctl_B/proj/ctlB.gen/sources_1/bd/bd/synth/bd.v:13]
INFO: [Synth 8-6157] synthesizing module 'bd_bram_0' [/home/cah/r2d2/code/fpga/fable5_llm/synth/out_ctl_B/proj/ctlB.runs/synth_1/.Xil/Vivado-2132885-snoke/realtime/bd_bram_0_stub.v:6]
INFO: [Synth 8-6155] done synthesizing module 'bd_bram_0' (0#1) [/home/cah/r2d2/code/fpga/fable5_llm/synth/out_ctl_B/proj/ctlB.runs/synth_1/.Xil/Vivado-2132885-snoke/realtime/bd_bram_0_stub.v:6]
WARNING: [Synth 8-7071] port 'rsta_busy' of module 'bd_bram_0' is unconnected for instance 'bram' [/home/cah/r2d2/code/fpga/fable5_llm/synth/out_ctl_B/proj/ctlB.gen/sources_1/bd/bd/synth/bd.v:101]
WARNING: [Synth 8-7023] instance 'bram' of module 'bd_bram_0' has 8 connections declared, but only 7 given [/home/cah/r2d2/code/fpga/fable5_llm/synth/out_ctl_B/proj/ctlB.gen/sources_1/bd/bd/synth/bd.v:101]
INFO: [Synth 8-6157] synthesizing module 'bd_bram_ctrl_0' [/home/cah/r2d2/code/fpga/fable5_llm/synth/out_ctl_B/proj/ctlB.runs/synth_1/.Xil/Vivado-2132885-snoke/realtime/bd_bram_ctrl_0_stub.v:6]
INFO: [Synth 8-6155] done synthesizing module 'bd_bram_ctrl_0' (0#1) [/home/cah/r2d2/code/fpga/fable5_llm/synth/out_ctl_B/proj/ctlB.runs/synth_1/.Xil/Vivado-2132885-snoke/realtime/bd_bram_ctrl_0_stub.v:6]
INFO: [Synth 8-6157] synthesizing module 'bd_gpio0_0' [/home/cah/r2d2/code/fpga/fable5_llm/synth/out_ctl_B/proj/ctlB.runs/synth_1/.Xil/Vivado-2132885-snoke/realtime/bd_gpio0_0_stub.v:6]
INFO: [Synth 8-6155] done synthesizing module 'bd_gpio0_0' (0#1) [/home/cah/r2d2/code/fpga/fable5_llm/synth/out_ctl_B/proj/ctlB.runs/synth_1/.Xil/Vivado-2132885-snoke/realtime/bd_gpio0_0_stub.v:6]
INFO: [Synth 8-6157] synthesizing module 'bd_refclk_buf_0' [/home/cah/r2d2/code/fpga/fable5_llm/synth/out_ctl_B/proj/ctlB.runs/synth_1/.Xil/Vivado-2132885-snoke/realtime/bd_refclk_buf_0_stub.v:6]
INFO: [Synth 8-6155] done synthesizing module 'bd_refclk_buf_0' (0#1) [/home/cah/r2d2/code/fpga/fable5_llm/synth/out_ctl_B/proj/ctlB.runs/synth_1/.Xil/Vivado-2132885-snoke/realtime/bd_refclk_buf_0_stub.v:6]
INFO: [Synth 8-6157] synthesizing module 'bd_xdma_0_0' [/home/cah/r2d2/code/fpga/fable5_llm/synth/out_ctl_B/proj/ctlB.runs/synth_1/.Xil/Vivado-2132885-snoke/realtime/bd_xdma_0_0_stub.v:6]
INFO: [Synth 8-6155] done synthesizing module 'bd_xdma_0_0' (0#1) [/home/cah/r2d2/code/fpga/fable5_llm/synth/out_ctl_B/proj/ctlB.runs/synth_1/.Xil/Vivado-2132885-snoke/realtime/bd_xdma_0_0_stub.v:6]
WARNING: [Synth 8-7071] port 'user_lnk_up' of module 'bd_xdma_0_0' is unconnected for instance 'xdma_0' [/home/cah/r2d2/code/fpga/fable5_llm/synth/out_ctl_B/proj/ctlB.gen/sources_1/bd/bd/synth/bd.v:180]
WARNING: [Synth 8-7071] port 'usr_irq_ack' of module 'bd_xdma_0_0' is unconnected for instance 'xdma_0' [/home/cah/r2d2/code/fpga/fable5_llm/synth/out_ctl_B/proj/ctlB.gen/sources_1/bd/bd/synth/bd.v:180]
WARNING: [Synth 8-7071] port 'msi_enable' of module 'bd_xdma_0_0' is unconnected for instance 'xdma_0' [/home/cah/r2d2/code/fpga/fable5_llm/synth/out_ctl_B/proj/ctlB.gen/sources_1/bd/bd/synth/bd.v:180]
WARNING: [Synth 8-7071] port 'msi_vector_width' of module 'bd_xdma_0_0' is unconnected for instance 'xdma_0' [/home/cah/r2d2/code/fpga/fable5_llm/synth/out_ctl_B/proj/ctlB.gen/sources_1/bd/bd/synth/bd.v:180]
WARNING: [Synth 8-7071] port 'm_axil_awprot' of module 'bd_xdma_0_0' is unconnected for instance 'xdma_0' [/home/cah/r2d2/code/fpga/fable5_llm/synth/out_ctl_B/proj/ctlB.gen/sources_1/bd/bd/synth/bd.v:180]
WARNING: [Synth 8-7071] port 'm_axil_arprot' of module 'bd_xdma_0_0' is unconnected for instance 'xdma_0' [/home/cah/r2d2/code/fpga/fable5_llm/synth/out_ctl_B/proj/ctlB.gen/sources_1/bd/bd/synth/bd.v:180]
WARNING: [Synth 8-7071] port 'cfg_mgmt_read_data' of module 'bd_xdma_0_0' is unconnected for instance 'xdma_0' [/home/cah/r2d2/code/fpga/fable5_llm/synth/out_ctl_B/proj/ctlB.gen/sources_1/bd/bd/synth/bd.v:180]
WARNING: [Synth 8-7071] port 'cfg_mgmt_read_write_done' of module 'bd_xdma_0_0' is unconnected for instance 'xdma_0' [/home/cah/r2d2/code/fpga/fable5_llm/synth/out_ctl_B/proj/ctlB.gen/sources_1/bd/bd/synth/bd.v:180]
WARNING: [Synth 8-7023] instance 'xdma_0' of module 'bd_xdma_0_0' has 75 connections declared, but only 67 given [/home/cah/r2d2/code/fpga/fable5_llm/synth/out_ctl_B/proj/ctlB.gen/sources_1/bd/bd/synth/bd.v:180]
INFO: [Synth 8-6155] done synthesizing module 'bd' (0#1) [/home/cah/r2d2/code/fpga/fable5_llm/synth/out_ctl_B/proj/ctlB.gen/sources_1/bd/bd/synth/bd.v:13]
INFO: [Synth 8-6155] done synthesizing module 'bd_wrapper' (0#1) [/home/cah/r2d2/code/fpga/fable5_llm/synth/out_ctl_B/proj/ctlB.gen/sources_1/bd/bd/hdl/bd_wrapper.v:13]
---------------------------------------------------------------------------------
Finished RTL Elaboration : Time (s): cpu = 00:00:08 ; elapsed = 00:00:08 . Memory (MB): peak = 2990.160 ; gain = 391.797 ; free physical = 38688 ; free virtual = 322485
---------------------------------------------------------------------------------
---------------------------------------------------------------------------------
Start Handling Custom Attributes
---------------------------------------------------------------------------------
---------------------------------------------------------------------------------
Finished Handling Custom Attributes : Time (s): cpu = 00:00:08 ; elapsed = 00:00:08 . Memory (MB): peak = 2990.160 ; gain = 391.797 ; free physical = 38688 ; free virtual = 322485
---------------------------------------------------------------------------------
---------------------------------------------------------------------------------
Finished RTL Optimization Phase 1 : Time (s): cpu = 00:00:08 ; elapsed = 00:00:08 . Memory (MB): peak = 2990.160 ; gain = 391.797 ; free physical = 38688 ; free virtual = 322485
---------------------------------------------------------------------------------
Netlist sorting complete. Time (s): cpu = 00:00:00.01 ; elapsed = 00:00:00.01 . Memory (MB): peak = 2990.160 ; gain = 0.000 ; free physical = 38688 ; free virtual = 322485
INFO: [Project 1-570] Preparing netlist for logic optimization

Processing XDC Constraints
Initializing timing engine
Parsing XDC File [/home/cah/r2d2/code/fpga/fable5_llm/synth/out_ctl_B/proj/ctlB.gen/sources_1/bd/bd/ip/bd_refclk_buf_0/bd_refclk_buf_0/bd_refclk_buf_0_in_context.xdc] for cell 'bd_i/refclk_buf'
create_clock: Time (s): cpu = 00:00:07 ; elapsed = 00:00:07 . Memory (MB): peak = 3113.148 ; gain = 0.000 ; free physical = 38768 ; free virtual = 322566
Finished Parsing XDC File [/home/cah/r2d2/code/fpga/fable5_llm/synth/out_ctl_B/proj/ctlB.gen/sources_1/bd/bd/ip/bd_refclk_buf_0/bd_refclk_buf_0/bd_refclk_buf_0_in_context.xdc] for cell 'bd_i/refclk_buf'
Parsing XDC File [/home/cah/r2d2/code/fpga/fable5_llm/synth/out_ctl_B/proj/ctlB.gen/sources_1/bd/bd/ip/bd_xdma_0_0/bd_xdma_0_0/bd_xdma_0_0_in_context.xdc] for cell 'bd_i/xdma_0'
Finished Parsing XDC File [/home/cah/r2d2/code/fpga/fable5_llm/synth/out_ctl_B/proj/ctlB.gen/sources_1/bd/bd/ip/bd_xdma_0_0/bd_xdma_0_0/bd_xdma_0_0_in_context.xdc] for cell 'bd_i/xdma_0'
Parsing XDC File [/home/cah/r2d2/code/fpga/fable5_llm/synth/out_ctl_B/proj/ctlB.gen/sources_1/bd/bd/ip/bd_bram_ctrl_0/bd_bram_ctrl_0/bd_bram_ctrl_0_in_context.xdc] for cell 'bd_i/bram_ctrl'
Finished Parsing XDC File [/home/cah/r2d2/code/fpga/fable5_llm/synth/out_ctl_B/proj/ctlB.gen/sources_1/bd/bd/ip/bd_bram_ctrl_0/bd_bram_ctrl_0/bd_bram_ctrl_0_in_context.xdc] for cell 'bd_i/bram_ctrl'
Parsing XDC File [/home/cah/r2d2/code/fpga/fable5_llm/synth/out_ctl_B/proj/ctlB.gen/sources_1/bd/bd/ip/bd_bram_0/bd_bram_0/bd_bram_0_in_context.xdc] for cell 'bd_i/bram'
Finished Parsing XDC File [/home/cah/r2d2/code/fpga/fable5_llm/synth/out_ctl_B/proj/ctlB.gen/sources_1/bd/bd/ip/bd_bram_0/bd_bram_0/bd_bram_0_in_context.xdc] for cell 'bd_i/bram'
Parsing XDC File [/home/cah/r2d2/code/fpga/fable5_llm/synth/out_ctl_B/proj/ctlB.gen/sources_1/bd/bd/ip/bd_gpio0_0/bd_gpio0_0/bd_gpio0_0_in_context.xdc] for cell 'bd_i/gpio0'
Finished Parsing XDC File [/home/cah/r2d2/code/fpga/fable5_llm/synth/out_ctl_B/proj/ctlB.gen/sources_1/bd/bd/ip/bd_gpio0_0/bd_gpio0_0/bd_gpio0_0_in_context.xdc] for cell 'bd_i/gpio0'
Parsing XDC File [/home/cah/r2d2/code/fpga/fable5_llm/synth/out_ctl_B/proj/ctlB.srcs/constrs_1/imports/constraints/BCU1525_DIMM0.xdc]
WARNING: [Vivado 12-584] No ports matched 'C0_DDR4_0_reset_n'. [/home/cah/r2d2/code/fpga/fable5_llm/synth/out_ctl_B/proj/ctlB.srcs/constrs_1/imports/constraints/BCU1525_DIMM0.xdc:26]
WARNING: [Vivado 12-584] No ports matched 'C0_DDR4_0_ba[0]'. [/home/cah/r2d2/code/fpga/fable5_llm/synth/out_ctl_B/proj/ctlB.srcs/constrs_1/imports/constraints/BCU1525_DIMM0.xdc:28]
WARNING: [Vivado 12-584] No ports matched 'C0_DDR4_0_ba[1]'. [/home/cah/r2d2/code/fpga/fable5_llm/synth/out_ctl_B/proj/ctlB.srcs/constrs_1/imports/constraints/BCU1525_DIMM0.xdc:29]
WARNING: [Vivado 12-584] No ports matched 'C0_DDR4_0_bg[0]'. [/home/cah/r2d2/code/fpga/fable5_llm/synth/out_ctl_B/proj/ctlB.srcs/constrs_1/imports/constraints/BCU1525_DIMM0.xdc:30]
WARNING: [Vivado 12-584] No ports matched 'C0_DDR4_0_bg[1]'. [/home/cah/r2d2/code/fpga/fable5_llm/synth/out_ctl_B/proj/ctlB.srcs/constrs_1/imports/constraints/BCU1525_DIMM0.xdc:31]
WARNING: [Vivado 12-584] No ports matched 'C0_DDR4_0_cke[0]'. [/home/cah/r2d2/code/fpga/fable5_llm/synth/out_ctl_B/proj/ctlB.srcs/constrs_1/imports/constraints/BCU1525_DIMM0.xdc:32]
WARNING: [Vivado 12-584] No ports matched 'C0_DDR4_0_odt[0]'. [/home/cah/r2d2/code/fpga/fable5_llm/synth/out_ctl_B/proj/ctlB.srcs/constrs_1/imports/constraints/BCU1525_DIMM0.xdc:33]
WARNING: [Vivado 12-584] No ports matched 'C0_DDR4_0_cs_n[0]'. [/home/cah/r2d2/code/fpga/fable5_llm/synth/out_ctl_B/proj/ctlB.srcs/constrs_1/imports/constraints/BCU1525_DIMM0.xdc:34]
WARNING: [Vivado 12-584] No ports matched 'C0_DDR4_0_ck_c[0]'. [/home/cah/r2d2/code/fpga/fable5_llm/synth/out_ctl_B/proj/ctlB.srcs/constrs_1/imports/constraints/BCU1525_DIMM0.xdc:35]
WARNING: [Vivado 12-584] No ports matched 'C0_DDR4_0_ck_t[0]'. [/home/cah/r2d2/code/fpga/fable5_llm/synth/out_ctl_B/proj/ctlB.srcs/constrs_1/imports/constraints/BCU1525_DIMM0.xdc:36]
WARNING: [Vivado 12-584] No ports matched 'C0_DDR4_0_act_n'. [/home/cah/r2d2/code/fpga/fable5_llm/synth/out_ctl_B/proj/ctlB.srcs/constrs_1/imports/constraints/BCU1525_DIMM0.xdc:38]
WARNING: [Vivado 12-584] No ports matched 'C0_DDR4_0_adr[0]'. [/home/cah/r2d2/code/fpga/fable5_llm/synth/out_ctl_B/proj/ctlB.srcs/constrs_1/imports/constraints/BCU1525_DIMM0.xdc:39]
WARNING: [Vivado 12-584] No ports matched 'C0_DDR4_0_adr[1]'. [/home/cah/r2d2/code/fpga/fable5_llm/synth/out_ctl_B/proj/ctlB.srcs/constrs_1/imports/constraints/BCU1525_DIMM0.xdc:40]
WARNING: [Vivado 12-584] No ports matched 'C0_DDR4_0_adr[2]'. [/home/cah/r2d2/code/fpga/fable5_llm/synth/out_ctl_B/proj/ctlB.srcs/constrs_1/imports/constraints/BCU1525_DIMM0.xdc:41]
WARNING: [Vivado 12-584] No ports matched 'C0_DDR4_0_adr[3]'. [/home/cah/r2d2/code/fpga/fable5_llm/synth/out_ctl_B/proj/ctlB.srcs/constrs_1/imports/constraints/BCU1525_DIMM0.xdc:42]
WARNING: [Vivado 12-584] No ports matched 'C0_DDR4_0_adr[4]'. [/home/cah/r2d2/code/fpga/fable5_llm/synth/out_ctl_B/proj/ctlB.srcs/constrs_1/imports/constraints/BCU1525_DIMM0.xdc:43]
WARNING: [Vivado 12-584] No ports matched 'C0_DDR4_0_adr[5]'. [/home/cah/r2d2/code/fpga/fable5_llm/synth/out_ctl_B/proj/ctlB.srcs/constrs_1/imports/constraints/BCU1525_DIMM0.xdc:44]
WARNING: [Vivado 12-584] No ports matched 'C0_DDR4_0_adr[6]'. [/home/cah/r2d2/code/fpga/fable5_llm/synth/out_ctl_B/proj/ctlB.srcs/constrs_1/imports/constraints/BCU1525_DIMM0.xdc:45]
WARNING: [Vivado 12-584] No ports matched 'C0_DDR4_0_adr[7]'. [/home/cah/r2d2/code/fpga/fable5_llm/synth/out_ctl_B/proj/ctlB.srcs/constrs_1/imports/constraints/BCU1525_DIMM0.xdc:46]
WARNING: [Vivado 12-584] No ports matched 'C0_DDR4_0_adr[8]'. [/home/cah/r2d2/code/fpga/fable5_llm/synth/out_ctl_B/proj/ctlB.srcs/constrs_1/imports/constraints/BCU1525_DIMM0.xdc:47]
WARNING: [Vivado 12-584] No ports matched 'C0_DDR4_0_adr[9]'. [/home/cah/r2d2/code/fpga/fable5_llm/synth/out_ctl_B/proj/ctlB.srcs/constrs_1/imports/constraints/BCU1525_DIMM0.xdc:48]
WARNING: [Vivado 12-584] No ports matched 'C0_DDR4_0_adr[10]'. [/home/cah/r2d2/code/fpga/fable5_llm/synth/out_ctl_B/proj/ctlB.srcs/constrs_1/imports/constraints/BCU1525_DIMM0.xdc:49]
WARNING: [Vivado 12-584] No ports matched 'C0_DDR4_0_adr[11]'. [/home/cah/r2d2/code/fpga/fable5_llm/synth/out_ctl_B/proj/ctlB.srcs/constrs_1/imports/constraints/BCU1525_DIMM0.xdc:50]
WARNING: [Vivado 12-584] No ports matched 'C0_DDR4_0_adr[12]'. [/home/cah/r2d2/code/fpga/fable5_llm/synth/out_ctl_B/proj/ctlB.srcs/constrs_1/imports/constraints/BCU1525_DIMM0.xdc:51]
WARNING: [Vivado 12-584] No ports matched 'C0_DDR4_0_adr[13]'. [/home/cah/r2d2/code/fpga/fable5_llm/synth/out_ctl_B/proj/ctlB.srcs/constrs_1/imports/constraints/BCU1525_DIMM0.xdc:52]
WARNING: [Vivado 12-584] No ports matched 'C0_DDR4_0_adr[14]'. [/home/cah/r2d2/code/fpga/fable5_llm/synth/out_ctl_B/proj/ctlB.srcs/constrs_1/imports/constraints/BCU1525_DIMM0.xdc:53]
WARNING: [Vivado 12-584] No ports matched 'C0_DDR4_0_adr[15]'. [/home/cah/r2d2/code/fpga/fable5_llm/synth/out_ctl_B/proj/ctlB.srcs/constrs_1/imports/constraints/BCU1525_DIMM0.xdc:54]
WARNING: [Vivado 12-584] No ports matched 'C0_DDR4_0_adr[16]'. [/home/cah/r2d2/code/fpga/fable5_llm/synth/out_ctl_B/proj/ctlB.srcs/constrs_1/imports/constraints/BCU1525_DIMM0.xdc:55]
WARNING: [Vivado 12-584] No ports matched 'C0_DDR4_0_dq[0]'. [/home/cah/r2d2/code/fpga/fable5_llm/synth/out_ctl_B/proj/ctlB.srcs/constrs_1/imports/constraints/BCU1525_DIMM0.xdc:57]
WARNING: [Vivado 12-584] No ports matched 'C0_DDR4_0_dq[1]'. [/home/cah/r2d2/code/fpga/fable5_llm/synth/out_ctl_B/proj/ctlB.srcs/constrs_1/imports/constraints/BCU1525_DIMM0.xdc:58]
WARNING: [Vivado 12-584] No ports matched 'C0_DDR4_0_dq[2]'. [/home/cah/r2d2/code/fpga/fable5_llm/synth/out_ctl_B/proj/ctlB.srcs/constrs_1/imports/constraints/BCU1525_DIMM0.xdc:59]
WARNING: [Vivado 12-584] No ports matched 'C0_DDR4_0_dq[3]'. [/home/cah/r2d2/code/fpga/fable5_llm/synth/out_ctl_B/proj/ctlB.srcs/constrs_1/imports/constraints/BCU1525_DIMM0.xdc:60]
WARNING: [Vivado 12-584] No ports matched 'C0_DDR4_0_dq[4]'. [/home/cah/r2d2/code/fpga/fable5_llm/synth/out_ctl_B/proj/ctlB.srcs/constrs_1/imports/constraints/BCU1525_DIMM0.xdc:61]
WARNING: [Vivado 12-584] No ports matched 'C0_DDR4_0_dq[5]'. [/home/cah/r2d2/code/fpga/fable5_llm/synth/out_ctl_B/proj/ctlB.srcs/constrs_1/imports/constraints/BCU1525_DIMM0.xdc:62]
WARNING: [Vivado 12-584] No ports matched 'C0_DDR4_0_dq[6]'. [/home/cah/r2d2/code/fpga/fable5_llm/synth/out_ctl_B/proj/ctlB.srcs/constrs_1/imports/constraints/BCU1525_DIMM0.xdc:63]
WARNING: [Vivado 12-584] No ports matched 'C0_DDR4_0_dq[7]'. [/home/cah/r2d2/code/fpga/fable5_llm/synth/out_ctl_B/proj/ctlB.srcs/constrs_1/imports/constraints/BCU1525_DIMM0.xdc:64]
WARNING: [Vivado 12-584] No ports matched 'C0_DDR4_0_dq[8]'. [/home/cah/r2d2/code/fpga/fable5_llm/synth/out_ctl_B/proj/ctlB.srcs/constrs_1/imports/constraints/BCU1525_DIMM0.xdc:65]
WARNING: [Vivado 12-584] No ports matched 'C0_DDR4_0_dq[9]'. [/home/cah/r2d2/code/fpga/fable5_llm/synth/out_ctl_B/proj/ctlB.srcs/constrs_1/imports/constraints/BCU1525_DIMM0.xdc:66]
WARNING: [Vivado 12-584] No ports matched 'C0_DDR4_0_dq[10]'. [/home/cah/r2d2/code/fpga/fable5_llm/synth/out_ctl_B/proj/ctlB.srcs/constrs_1/imports/constraints/BCU1525_DIMM0.xdc:67]
WARNING: [Vivado 12-584] No ports matched 'C0_DDR4_0_dq[11]'. [/home/cah/r2d2/code/fpga/fable5_llm/synth/out_ctl_B/proj/ctlB.srcs/constrs_1/imports/constraints/BCU1525_DIMM0.xdc:68]
WARNING: [Vivado 12-584] No ports matched 'C0_DDR4_0_dq[12]'. [/home/cah/r2d2/code/fpga/fable5_llm/synth/out_ctl_B/proj/ctlB.srcs/constrs_1/imports/constraints/BCU1525_DIMM0.xdc:69]
WARNING: [Vivado 12-584] No ports matched 'C0_DDR4_0_dq[13]'. [/home/cah/r2d2/code/fpga/fable5_llm/synth/out_ctl_B/proj/ctlB.srcs/constrs_1/imports/constraints/BCU1525_DIMM0.xdc:70]
WARNING: [Vivado 12-584] No ports matched 'C0_DDR4_0_dq[14]'. [/home/cah/r2d2/code/fpga/fable5_llm/synth/out_ctl_B/proj/ctlB.srcs/constrs_1/imports/constraints/BCU1525_DIMM0.xdc:71]
WARNING: [Vivado 12-584] No ports matched 'C0_DDR4_0_dq[15]'. [/home/cah/r2d2/code/fpga/fable5_llm/synth/out_ctl_B/proj/ctlB.srcs/constrs_1/imports/constraints/BCU1525_DIMM0.xdc:72]
WARNING: [Vivado 12-584] No ports matched 'C0_DDR4_0_dq[16]'. [/home/cah/r2d2/code/fpga/fable5_llm/synth/out_ctl_B/proj/ctlB.srcs/constrs_1/imports/constraints/BCU1525_DIMM0.xdc:73]
WARNING: [Vivado 12-584] No ports matched 'C0_DDR4_0_dq[17]'. [/home/cah/r2d2/code/fpga/fable5_llm/synth/out_ctl_B/proj/ctlB.srcs/constrs_1/imports/constraints/BCU1525_DIMM0.xdc:74]
WARNING: [Vivado 12-584] No ports matched 'C0_DDR4_0_dq[18]'. [/home/cah/r2d2/code/fpga/fable5_llm/synth/out_ctl_B/proj/ctlB.srcs/constrs_1/imports/constraints/BCU1525_DIMM0.xdc:75]
WARNING: [Vivado 12-584] No ports matched 'C0_DDR4_0_dq[19]'. [/home/cah/r2d2/code/fpga/fable5_llm/synth/out_ctl_B/proj/ctlB.srcs/constrs_1/imports/constraints/BCU1525_DIMM0.xdc:76]
WARNING: [Vivado 12-584] No ports matched 'C0_DDR4_0_dq[20]'. [/home/cah/r2d2/code/fpga/fable5_llm/synth/out_ctl_B/proj/ctlB.srcs/constrs_1/imports/constraints/BCU1525_DIMM0.xdc:77]
WARNING: [Vivado 12-584] No ports matched 'C0_DDR4_0_dq[21]'. [/home/cah/r2d2/code/fpga/fable5_llm/synth/out_ctl_B/proj/ctlB.srcs/constrs_1/imports/constraints/BCU1525_DIMM0.xdc:78]
WARNING: [Vivado 12-584] No ports matched 'C0_DDR4_0_dq[22]'. [/home/cah/r2d2/code/fpga/fable5_llm/synth/out_ctl_B/proj/ctlB.srcs/constrs_1/imports/constraints/BCU1525_DIMM0.xdc:79]
WARNING: [Vivado 12-584] No ports matched 'C0_DDR4_0_dq[23]'. [/home/cah/r2d2/code/fpga/fable5_llm/synth/out_ctl_B/proj/ctlB.srcs/constrs_1/imports/constraints/BCU1525_DIMM0.xdc:80]
WARNING: [Vivado 12-584] No ports matched 'C0_DDR4_0_dq[24]'. [/home/cah/r2d2/code/fpga/fable5_llm/synth/out_ctl_B/proj/ctlB.srcs/constrs_1/imports/constraints/BCU1525_DIMM0.xdc:81]
WARNING: [Vivado 12-584] No ports matched 'C0_DDR4_0_dq[25]'. [/home/cah/r2d2/code/fpga/fable5_llm/synth/out_ctl_B/proj/ctlB.srcs/constrs_1/imports/constraints/BCU1525_DIMM0.xdc:82]
WARNING: [Vivado 12-584] No ports matched 'C0_DDR4_0_dq[26]'. [/home/cah/r2d2/code/fpga/fable5_llm/synth/out_ctl_B/proj/ctlB.srcs/constrs_1/imports/constraints/BCU1525_DIMM0.xdc:83]
WARNING: [Vivado 12-584] No ports matched 'C0_DDR4_0_dq[27]'. [/home/cah/r2d2/code/fpga/fable5_llm/synth/out_ctl_B/proj/ctlB.srcs/constrs_1/imports/constraints/BCU1525_DIMM0.xdc:84]
WARNING: [Vivado 12-584] No ports matched 'C0_DDR4_0_dq[28]'. [/home/cah/r2d2/code/fpga/fable5_llm/synth/out_ctl_B/proj/ctlB.srcs/constrs_1/imports/constraints/BCU1525_DIMM0.xdc:85]
WARNING: [Vivado 12-584] No ports matched 'C0_DDR4_0_dq[29]'. [/home/cah/r2d2/code/fpga/fable5_llm/synth/out_ctl_B/proj/ctlB.srcs/constrs_1/imports/constraints/BCU1525_DIMM0.xdc:86]
WARNING: [Vivado 12-584] No ports matched 'C0_DDR4_0_dq[30]'. [/home/cah/r2d2/code/fpga/fable5_llm/synth/out_ctl_B/proj/ctlB.srcs/constrs_1/imports/constraints/BCU1525_DIMM0.xdc:87]
WARNING: [Vivado 12-584] No ports matched 'C0_DDR4_0_dq[31]'. [/home/cah/r2d2/code/fpga/fable5_llm/synth/out_ctl_B/proj/ctlB.srcs/constrs_1/imports/constraints/BCU1525_DIMM0.xdc:88]
WARNING: [Vivado 12-584] No ports matched 'C0_DDR4_0_dq[32]'. [/home/cah/r2d2/code/fpga/fable5_llm/synth/out_ctl_B/proj/ctlB.srcs/constrs_1/imports/constraints/BCU1525_DIMM0.xdc:89]
WARNING: [Vivado 12-584] No ports matched 'C0_DDR4_0_dq[33]'. [/home/cah/r2d2/code/fpga/fable5_llm/synth/out_ctl_B/proj/ctlB.srcs/constrs_1/imports/constraints/BCU1525_DIMM0.xdc:90]
WARNING: [Vivado 12-584] No ports matched 'C0_DDR4_0_dq[34]'. [/home/cah/r2d2/code/fpga/fable5_llm/synth/out_ctl_B/proj/ctlB.srcs/constrs_1/imports/constraints/BCU1525_DIMM0.xdc:91]
WARNING: [Vivado 12-584] No ports matched 'C0_DDR4_0_dq[35]'. [/home/cah/r2d2/code/fpga/fable5_llm/synth/out_ctl_B/proj/ctlB.srcs/constrs_1/imports/constraints/BCU1525_DIMM0.xdc:92]
WARNING: [Vivado 12-584] No ports matched 'C0_DDR4_0_dq[36]'. [/home/cah/r2d2/code/fpga/fable5_llm/synth/out_ctl_B/proj/ctlB.srcs/constrs_1/imports/constraints/BCU1525_DIMM0.xdc:93]
WARNING: [Vivado 12-584] No ports matched 'C0_DDR4_0_dq[37]'. [/home/cah/r2d2/code/fpga/fable5_llm/synth/out_ctl_B/proj/ctlB.srcs/constrs_1/imports/constraints/BCU1525_DIMM0.xdc:94]
WARNING: [Vivado 12-584] No ports matched 'C0_DDR4_0_dq[38]'. [/home/cah/r2d2/code/fpga/fable5_llm/synth/out_ctl_B/proj/ctlB.srcs/constrs_1/imports/constraints/BCU1525_DIMM0.xdc:95]
WARNING: [Vivado 12-584] No ports matched 'C0_DDR4_0_dq[39]'. [/home/cah/r2d2/code/fpga/fable5_llm/synth/out_ctl_B/proj/ctlB.srcs/constrs_1/imports/constraints/BCU1525_DIMM0.xdc:96]
WARNING: [Vivado 12-584] No ports matched 'C0_DDR4_0_dq[40]'. [/home/cah/r2d2/code/fpga/fable5_llm/synth/out_ctl_B/proj/ctlB.srcs/constrs_1/imports/constraints/BCU1525_DIMM0.xdc:97]
WARNING: [Vivado 12-584] No ports matched 'C0_DDR4_0_dq[41]'. [/home/cah/r2d2/code/fpga/fable5_llm/synth/out_ctl_B/proj/ctlB.srcs/constrs_1/imports/constraints/BCU1525_DIMM0.xdc:98]
WARNING: [Vivado 12-584] No ports matched 'C0_DDR4_0_dq[42]'. [/home/cah/r2d2/code/fpga/fable5_llm/synth/out_ctl_B/proj/ctlB.srcs/constrs_1/imports/constraints/BCU1525_DIMM0.xdc:99]
WARNING: [Vivado 12-584] No ports matched 'C0_DDR4_0_dq[43]'. [/home/cah/r2d2/code/fpga/fable5_llm/synth/out_ctl_B/proj/ctlB.srcs/constrs_1/imports/constraints/BCU1525_DIMM0.xdc:100]
WARNING: [Vivado 12-584] No ports matched 'C0_DDR4_0_dq[44]'. [/home/cah/r2d2/code/fpga/fable5_llm/synth/out_ctl_B/proj/ctlB.srcs/constrs_1/imports/constraints/BCU1525_DIMM0.xdc:101]
WARNING: [Vivado 12-584] No ports matched 'C0_DDR4_0_dq[45]'. [/home/cah/r2d2/code/fpga/fable5_llm/synth/out_ctl_B/proj/ctlB.srcs/constrs_1/imports/constraints/BCU1525_DIMM0.xdc:102]
WARNING: [Vivado 12-584] No ports matched 'C0_DDR4_0_dq[46]'. [/home/cah/r2d2/code/fpga/fable5_llm/synth/out_ctl_B/proj/ctlB.srcs/constrs_1/imports/constraints/BCU1525_DIMM0.xdc:103]
WARNING: [Vivado 12-584] No ports matched 'C0_DDR4_0_dq[47]'. [/home/cah/r2d2/code/fpga/fable5_llm/synth/out_ctl_B/proj/ctlB.srcs/constrs_1/imports/constraints/BCU1525_DIMM0.xdc:104]
WARNING: [Vivado 12-584] No ports matched 'C0_DDR4_0_dq[48]'. [/home/cah/r2d2/code/fpga/fable5_llm/synth/out_ctl_B/proj/ctlB.srcs/constrs_1/imports/constraints/BCU1525_DIMM0.xdc:105]
WARNING: [Vivado 12-584] No ports matched 'C0_DDR4_0_dq[49]'. [/home/cah/r2d2/code/fpga/fable5_llm/synth/out_ctl_B/proj/ctlB.srcs/constrs_1/imports/constraints/BCU1525_DIMM0.xdc:106]
WARNING: [Vivado 12-584] No ports matched 'C0_DDR4_0_dq[50]'. [/home/cah/r2d2/code/fpga/fable5_llm/synth/out_ctl_B/proj/ctlB.srcs/constrs_1/imports/constraints/BCU1525_DIMM0.xdc:107]
WARNING: [Vivado 12-584] No ports matched 'C0_DDR4_0_dq[51]'. [/home/cah/r2d2/code/fpga/fable5_llm/synth/out_ctl_B/proj/ctlB.srcs/constrs_1/imports/constraints/BCU1525_DIMM0.xdc:108]
WARNING: [Vivado 12-584] No ports matched 'C0_DDR4_0_dq[52]'. [/home/cah/r2d2/code/fpga/fable5_llm/synth/out_ctl_B/proj/ctlB.srcs/constrs_1/imports/constraints/BCU1525_DIMM0.xdc:109]
WARNING: [Vivado 12-584] No ports matched 'C0_DDR4_0_dq[53]'. [/home/cah/r2d2/code/fpga/fable5_llm/synth/out_ctl_B/proj/ctlB.srcs/constrs_1/imports/constraints/BCU1525_DIMM0.xdc:110]
WARNING: [Vivado 12-584] No ports matched 'C0_DDR4_0_dq[54]'. [/home/cah/r2d2/code/fpga/fable5_llm/synth/out_ctl_B/proj/ctlB.srcs/constrs_1/imports/constraints/BCU1525_DIMM0.xdc:111]
WARNING: [Vivado 12-584] No ports matched 'C0_DDR4_0_dq[55]'. [/home/cah/r2d2/code/fpga/fable5_llm/synth/out_ctl_B/proj/ctlB.srcs/constrs_1/imports/constraints/BCU1525_DIMM0.xdc:112]
WARNING: [Vivado 12-584] No ports matched 'C0_DDR4_0_dq[56]'. [/home/cah/r2d2/code/fpga/fable5_llm/synth/out_ctl_B/proj/ctlB.srcs/constrs_1/imports/constraints/BCU1525_DIMM0.xdc:113]
WARNING: [Vivado 12-584] No ports matched 'C0_DDR4_0_dq[57]'. [/home/cah/r2d2/code/fpga/fable5_llm/synth/out_ctl_B/proj/ctlB.srcs/constrs_1/imports/constraints/BCU1525_DIMM0.xdc:114]
WARNING: [Vivado 12-584] No ports matched 'C0_DDR4_0_dq[58]'. [/home/cah/r2d2/code/fpga/fable5_llm/synth/out_ctl_B/proj/ctlB.srcs/constrs_1/imports/constraints/BCU1525_DIMM0.xdc:115]
WARNING: [Vivado 12-584] No ports matched 'C0_DDR4_0_dq[59]'. [/home/cah/r2d2/code/fpga/fable5_llm/synth/out_ctl_B/proj/ctlB.srcs/constrs_1/imports/constraints/BCU1525_DIMM0.xdc:116]
WARNING: [Vivado 12-584] No ports matched 'C0_DDR4_0_dq[60]'. [/home/cah/r2d2/code/fpga/fable5_llm/synth/out_ctl_B/proj/ctlB.srcs/constrs_1/imports/constraints/BCU1525_DIMM0.xdc:117]
WARNING: [Vivado 12-584] No ports matched 'C0_DDR4_0_dq[61]'. [/home/cah/r2d2/code/fpga/fable5_llm/synth/out_ctl_B/proj/ctlB.srcs/constrs_1/imports/constraints/BCU1525_DIMM0.xdc:118]
WARNING: [Vivado 12-584] No ports matched 'C0_DDR4_0_dq[62]'. [/home/cah/r2d2/code/fpga/fable5_llm/synth/out_ctl_B/proj/ctlB.srcs/constrs_1/imports/constraints/BCU1525_DIMM0.xdc:119]
WARNING: [Vivado 12-584] No ports matched 'C0_DDR4_0_dq[63]'. [/home/cah/r2d2/code/fpga/fable5_llm/synth/out_ctl_B/proj/ctlB.srcs/constrs_1/imports/constraints/BCU1525_DIMM0.xdc:120]
WARNING: [Vivado 12-584] No ports matched 'C0_DDR4_0_dqs_c[0]'. [/home/cah/r2d2/code/fpga/fable5_llm/synth/out_ctl_B/proj/ctlB.srcs/constrs_1/imports/constraints/BCU1525_DIMM0.xdc:122]
WARNING: [Vivado 12-584] No ports matched 'C0_DDR4_0_dqs_t[0]'. [/home/cah/r2d2/code/fpga/fable5_llm/synth/out_ctl_B/proj/ctlB.srcs/constrs_1/imports/constraints/BCU1525_DIMM0.xdc:123]
WARNING: [Vivado 12-584] No ports matched 'C0_DDR4_0_dqs_c[1]'. [/home/cah/r2d2/code/fpga/fable5_llm/synth/out_ctl_B/proj/ctlB.srcs/constrs_1/imports/constraints/BCU1525_DIMM0.xdc:124]
WARNING: [Vivado 12-584] No ports matched 'C0_DDR4_0_dqs_t[1]'. [/home/cah/r2d2/code/fpga/fable5_llm/synth/out_ctl_B/proj/ctlB.srcs/constrs_1/imports/constraints/BCU1525_DIMM0.xdc:125]
WARNING: [Vivado 12-584] No ports matched 'C0_DDR4_0_dqs_c[2]'. [/home/cah/r2d2/code/fpga/fable5_llm/synth/out_ctl_B/proj/ctlB.srcs/constrs_1/imports/constraints/BCU1525_DIMM0.xdc:126]
WARNING: [Vivado 12-584] No ports matched 'C0_DDR4_0_dqs_t[2]'. [/home/cah/r2d2/code/fpga/fable5_llm/synth/out_ctl_B/proj/ctlB.srcs/constrs_1/imports/constraints/BCU1525_DIMM0.xdc:127]
WARNING: [Vivado 12-584] No ports matched 'C0_DDR4_0_dqs_c[3]'. [/home/cah/r2d2/code/fpga/fable5_llm/synth/out_ctl_B/proj/ctlB.srcs/constrs_1/imports/constraints/BCU1525_DIMM0.xdc:128]
WARNING: [Vivado 12-584] No ports matched 'C0_DDR4_0_dqs_t[3]'. [/home/cah/r2d2/code/fpga/fable5_llm/synth/out_ctl_B/proj/ctlB.srcs/constrs_1/imports/constraints/BCU1525_DIMM0.xdc:129]
INFO: [Common 17-14] Message 'Vivado 12-584' appears 100 times and further instances of the messages will be disabled. Use the Tcl command set_msg_config to change the current settings. [/home/cah/r2d2/code/fpga/fable5_llm/synth/out_ctl_B/proj/ctlB.srcs/constrs_1/imports/constraints/BCU1525_DIMM0.xdc:129]
Finished Parsing XDC File [/home/cah/r2d2/code/fpga/fable5_llm/synth/out_ctl_B/proj/ctlB.srcs/constrs_1/imports/constraints/BCU1525_DIMM0.xdc]
WARNING: [Project 1-498] One or more constraints failed evaluation while reading constraint file [/home/cah/r2d2/code/fpga/fable5_llm/synth/out_ctl_B/proj/ctlB.srcs/constrs_1/imports/constraints/BCU1525_DIMM0.xdc] and the design contains unresolved black boxes. These constraints will be read post-synthesis (as long as their source constraint file is marked as used_in_implementation) and should be applied correctly then. You should review the constraints listed in the file [.Xil/bd_wrapper_propImpl.xdc] and check the run log file to verify that these constraints were correctly applied.
INFO: [Project 1-236] Implementation specific constraints were found while reading constraint file [/home/cah/r2d2/code/fpga/fable5_llm/synth/out_ctl_B/proj/ctlB.srcs/constrs_1/imports/constraints/BCU1525_DIMM0.xdc]. These constraints will be ignored for synthesis but will be used in implementation. Impacted constraints are listed in the file [.Xil/bd_wrapper_propImpl.xdc].
Resolution: To avoid this warning, move constraints listed in [.Xil/bd_wrapper_propImpl.xdc] to another XDC file and exclude this new file from synthesis with the used_in_synthesis property (File Properties dialog in GUI) and re-run elaboration/synthesis.
Parsing XDC File [/home/cah/r2d2/code/fpga/fable5_llm/synth/out_ctl_B/proj/ctlB.runs/synth_1/dont_touch.xdc]
Finished Parsing XDC File [/home/cah/r2d2/code/fpga/fable5_llm/synth/out_ctl_B/proj/ctlB.runs/synth_1/dont_touch.xdc]
Completed Processing XDC Constraints

Netlist sorting complete. Time (s): cpu = 00:00:00 ; elapsed = 00:00:00 . Memory (MB): peak = 3113.148 ; gain = 0.000 ; free physical = 38786 ; free virtual = 322584
INFO: [Project 1-111] Unisim Transformation Summary:
No Unisim elements were transformed.

Constraint Validation Runtime : Time (s): cpu = 00:00:00.01 ; elapsed = 00:00:00 . Memory (MB): peak = 3113.148 ; gain = 0.000 ; free physical = 38786 ; free virtual = 322584
WARNING: [Timing 38-316] Clock period '20.000' specified during out-of-context synthesis of instance 'bd_i/bram' at clock pin 'clka' is different from the actual clock period '4.000', this can lead to different synthesis results.
WARNING: [Timing 38-316] Clock period '10.000' specified during out-of-context synthesis of instance 'bd_i/gpio0' at clock pin 's_axi_aclk' is different from the actual clock period '4.000', this can lead to different synthesis results.
---------------------------------------------------------------------------------
Finished Constraint Validation : Time (s): cpu = 00:00:24 ; elapsed = 00:00:25 . Memory (MB): peak = 3113.148 ; gain = 514.785 ; free physical = 38752 ; free virtual = 322659
---------------------------------------------------------------------------------
---------------------------------------------------------------------------------
Start Loading Part and Timing Information
---------------------------------------------------------------------------------
Loading part: xcvu9p-fsgd2104-2L-e
INFO: [Synth 8-6742] Reading net delay rules and data
---------------------------------------------------------------------------------
Finished Loading Part and Timing Information : Time (s): cpu = 00:00:24 ; elapsed = 00:00:25 . Memory (MB): peak = 3121.152 ; gain = 522.789 ; free physical = 38751 ; free virtual = 322658
---------------------------------------------------------------------------------
---------------------------------------------------------------------------------
Start Applying 'set_property' XDC Constraints
---------------------------------------------------------------------------------
Applied set_property IO_BUFFER_TYPE = NONE for pcie_refclk_clk_n[0]. (constraint file  /home/cah/r2d2/code/fpga/fable5_llm/synth/out_ctl_B/proj/ctlB.gen/sources_1/bd/bd/ip/bd_refclk_buf_0/bd_refclk_buf_0/bd_refclk_buf_0_in_context.xdc, line 2).
Applied set_property CLOCK_BUFFER_TYPE = NONE for pcie_refclk_clk_n[0]. (constraint file  /home/cah/r2d2/code/fpga/fable5_llm/synth/out_ctl_B/proj/ctlB.gen/sources_1/bd/bd/ip/bd_refclk_buf_0/bd_refclk_buf_0/bd_refclk_buf_0_in_context.xdc, line 3).
Applied set_property IO_BUFFER_TYPE = NONE for pcie_refclk_clk_p[0]. (constraint file  /home/cah/r2d2/code/fpga/fable5_llm/synth/out_ctl_B/proj/ctlB.gen/sources_1/bd/bd/ip/bd_refclk_buf_0/bd_refclk_buf_0/bd_refclk_buf_0_in_context.xdc, line 4).
Applied set_property CLOCK_BUFFER_TYPE = NONE for pcie_refclk_clk_p[0]. (constraint file  /home/cah/r2d2/code/fpga/fable5_llm/synth/out_ctl_B/proj/ctlB.gen/sources_1/bd/bd/ip/bd_refclk_buf_0/bd_refclk_buf_0/bd_refclk_buf_0_in_context.xdc, line 5).
Applied set_property IO_BUFFER_TYPE = NONE for pcie_mgt_rxn[0]. (constraint file  /home/cah/r2d2/code/fpga/fable5_llm/synth/out_ctl_B/proj/ctlB.gen/sources_1/bd/bd/ip/bd_xdma_0_0/bd_xdma_0_0/bd_xdma_0_0_in_context.xdc, line 2).
Applied set_property CLOCK_BUFFER_TYPE = NONE for pcie_mgt_rxn[0]. (constraint file  /home/cah/r2d2/code/fpga/fable5_llm/synth/out_ctl_B/proj/ctlB.gen/sources_1/bd/bd/ip/bd_xdma_0_0/bd_xdma_0_0/bd_xdma_0_0_in_context.xdc, line 3).
Applied set_property IO_BUFFER_TYPE = NONE for pcie_mgt_rxn[1]. (constraint file  /home/cah/r2d2/code/fpga/fable5_llm/synth/out_ctl_B/proj/ctlB.gen/sources_1/bd/bd/ip/bd_xdma_0_0/bd_xdma_0_0/bd_xdma_0_0_in_context.xdc, line 4).
Applied set_property CLOCK_BUFFER_TYPE = NONE for pcie_mgt_rxn[1]. (constraint file  /home/cah/r2d2/code/fpga/fable5_llm/synth/out_ctl_B/proj/ctlB.gen/sources_1/bd/bd/ip/bd_xdma_0_0/bd_xdma_0_0/bd_xdma_0_0_in_context.xdc, line 5).
Applied set_property IO_BUFFER_TYPE = NONE for pcie_mgt_rxn[2]. (constraint file  /home/cah/r2d2/code/fpga/fable5_llm/synth/out_ctl_B/proj/ctlB.gen/sources_1/bd/bd/ip/bd_xdma_0_0/bd_xdma_0_0/bd_xdma_0_0_in_context.xdc, line 6).
Applied set_property CLOCK_BUFFER_TYPE = NONE for pcie_mgt_rxn[2]. (constraint file  /home/cah/r2d2/code/fpga/fable5_llm/synth/out_ctl_B/proj/ctlB.gen/sources_1/bd/bd/ip/bd_xdma_0_0/bd_xdma_0_0/bd_xdma_0_0_in_context.xdc, line 7).
Applied set_property IO_BUFFER_TYPE = NONE for pcie_mgt_rxn[3]. (constraint file  /home/cah/r2d2/code/fpga/fable5_llm/synth/out_ctl_B/proj/ctlB.gen/sources_1/bd/bd/ip/bd_xdma_0_0/bd_xdma_0_0/bd_xdma_0_0_in_context.xdc, line 8).
Applied set_property CLOCK_BUFFER_TYPE = NONE for pcie_mgt_rxn[3]. (constraint file  /home/cah/r2d2/code/fpga/fable5_llm/synth/out_ctl_B/proj/ctlB.gen/sources_1/bd/bd/ip/bd_xdma_0_0/bd_xdma_0_0/bd_xdma_0_0_in_context.xdc, line 9).
Applied set_property IO_BUFFER_TYPE = NONE for pcie_mgt_rxn[4]. (constraint file  /home/cah/r2d2/code/fpga/fable5_llm/synth/out_ctl_B/proj/ctlB.gen/sources_1/bd/bd/ip/bd_xdma_0_0/bd_xdma_0_0/bd_xdma_0_0_in_context.xdc, line 10).
Applied set_property CLOCK_BUFFER_TYPE = NONE for pcie_mgt_rxn[4]. (constraint file  /home/cah/r2d2/code/fpga/fable5_llm/synth/out_ctl_B/proj/ctlB.gen/sources_1/bd/bd/ip/bd_xdma_0_0/bd_xdma_0_0/bd_xdma_0_0_in_context.xdc, line 11).
Applied set_property IO_BUFFER_TYPE = NONE for pcie_mgt_rxn[5]. (constraint file  /home/cah/r2d2/code/fpga/fable5_llm/synth/out_ctl_B/proj/ctlB.gen/sources_1/bd/bd/ip/bd_xdma_0_0/bd_xdma_0_0/bd_xdma_0_0_in_context.xdc, line 12).
Applied set_property CLOCK_BUFFER_TYPE = NONE for pcie_mgt_rxn[5]. (constraint file  /home/cah/r2d2/code/fpga/fable5_llm/synth/out_ctl_B/proj/ctlB.gen/sources_1/bd/bd/ip/bd_xdma_0_0/bd_xdma_0_0/bd_xdma_0_0_in_context.xdc, line 13).
Applied set_property IO_BUFFER_TYPE = NONE for pcie_mgt_rxn[6]. (constraint file  /home/cah/r2d2/code/fpga/fable5_llm/synth/out_ctl_B/proj/ctlB.gen/sources_1/bd/bd/ip/bd_xdma_0_0/bd_xdma_0_0/bd_xdma_0_0_in_context.xdc, line 14).
Applied set_property CLOCK_BUFFER_TYPE = NONE for pcie_mgt_rxn[6]. (constraint file  /home/cah/r2d2/code/fpga/fable5_llm/synth/out_ctl_B/proj/ctlB.gen/sources_1/bd/bd/ip/bd_xdma_0_0/bd_xdma_0_0/bd_xdma_0_0_in_context.xdc, line 15).
Applied set_property IO_BUFFER_TYPE = NONE for pcie_mgt_rxn[7]. (constraint file  /home/cah/r2d2/code/fpga/fable5_llm/synth/out_ctl_B/proj/ctlB.gen/sources_1/bd/bd/ip/bd_xdma_0_0/bd_xdma_0_0/bd_xdma_0_0_in_context.xdc, line 16).
Applied set_property CLOCK_BUFFER_TYPE = NONE for pcie_mgt_rxn[7]. (constraint file  /home/cah/r2d2/code/fpga/fable5_llm/synth/out_ctl_B/proj/ctlB.gen/sources_1/bd/bd/ip/bd_xdma_0_0/bd_xdma_0_0/bd_xdma_0_0_in_context.xdc, line 17).
Applied set_property IO_BUFFER_TYPE = NONE for pcie_mgt_rxp[0]. (constraint file  /home/cah/r2d2/code/fpga/fable5_llm/synth/out_ctl_B/proj/ctlB.gen/sources_1/bd/bd/ip/bd_xdma_0_0/bd_xdma_0_0/bd_xdma_0_0_in_context.xdc, line 18).
Applied set_property CLOCK_BUFFER_TYPE = NONE for pcie_mgt_rxp[0]. (constraint file  /home/cah/r2d2/code/fpga/fable5_llm/synth/out_ctl_B/proj/ctlB.gen/sources_1/bd/bd/ip/bd_xdma_0_0/bd_xdma_0_0/bd_xdma_0_0_in_context.xdc, line 19).
Applied set_property IO_BUFFER_TYPE = NONE for pcie_mgt_rxp[1]. (constraint file  /home/cah/r2d2/code/fpga/fable5_llm/synth/out_ctl_B/proj/ctlB.gen/sources_1/bd/bd/ip/bd_xdma_0_0/bd_xdma_0_0/bd_xdma_0_0_in_context.xdc, line 20).
Applied set_property CLOCK_BUFFER_TYPE = NONE for pcie_mgt_rxp[1]. (constraint file  /home/cah/r2d2/code/fpga/fable5_llm/synth/out_ctl_B/proj/ctlB.gen/sources_1/bd/bd/ip/bd_xdma_0_0/bd_xdma_0_0/bd_xdma_0_0_in_context.xdc, line 21).
Applied set_property IO_BUFFER_TYPE = NONE for pcie_mgt_rxp[2]. (constraint file  /home/cah/r2d2/code/fpga/fable5_llm/synth/out_ctl_B/proj/ctlB.gen/sources_1/bd/bd/ip/bd_xdma_0_0/bd_xdma_0_0/bd_xdma_0_0_in_context.xdc, line 22).
Applied set_property CLOCK_BUFFER_TYPE = NONE for pcie_mgt_rxp[2]. (constraint file  /home/cah/r2d2/code/fpga/fable5_llm/synth/out_ctl_B/proj/ctlB.gen/sources_1/bd/bd/ip/bd_xdma_0_0/bd_xdma_0_0/bd_xdma_0_0_in_context.xdc, line 23).
Applied set_property IO_BUFFER_TYPE = NONE for pcie_mgt_rxp[3]. (constraint file  /home/cah/r2d2/code/fpga/fable5_llm/synth/out_ctl_B/proj/ctlB.gen/sources_1/bd/bd/ip/bd_xdma_0_0/bd_xdma_0_0/bd_xdma_0_0_in_context.xdc, line 24).
Applied set_property CLOCK_BUFFER_TYPE = NONE for pcie_mgt_rxp[3]. (constraint file  /home/cah/r2d2/code/fpga/fable5_llm/synth/out_ctl_B/proj/ctlB.gen/sources_1/bd/bd/ip/bd_xdma_0_0/bd_xdma_0_0/bd_xdma_0_0_in_context.xdc, line 25).
Applied set_property IO_BUFFER_TYPE = NONE for pcie_mgt_rxp[4]. (constraint file  /home/cah/r2d2/code/fpga/fable5_llm/synth/out_ctl_B/proj/ctlB.gen/sources_1/bd/bd/ip/bd_xdma_0_0/bd_xdma_0_0/bd_xdma_0_0_in_context.xdc, line 26).
Applied set_property CLOCK_BUFFER_TYPE = NONE for pcie_mgt_rxp[4]. (constraint file  /home/cah/r2d2/code/fpga/fable5_llm/synth/out_ctl_B/proj/ctlB.gen/sources_1/bd/bd/ip/bd_xdma_0_0/bd_xdma_0_0/bd_xdma_0_0_in_context.xdc, line 27).
Applied set_property IO_BUFFER_TYPE = NONE for pcie_mgt_rxp[5]. (constraint file  /home/cah/r2d2/code/fpga/fable5_llm/synth/out_ctl_B/proj/ctlB.gen/sources_1/bd/bd/ip/bd_xdma_0_0/bd_xdma_0_0/bd_xdma_0_0_in_context.xdc, line 28).
Applied set_property CLOCK_BUFFER_TYPE = NONE for pcie_mgt_rxp[5]. (constraint file  /home/cah/r2d2/code/fpga/fable5_llm/synth/out_ctl_B/proj/ctlB.gen/sources_1/bd/bd/ip/bd_xdma_0_0/bd_xdma_0_0/bd_xdma_0_0_in_context.xdc, line 29).
Applied set_property IO_BUFFER_TYPE = NONE for pcie_mgt_rxp[6]. (constraint file  /home/cah/r2d2/code/fpga/fable5_llm/synth/out_ctl_B/proj/ctlB.gen/sources_1/bd/bd/ip/bd_xdma_0_0/bd_xdma_0_0/bd_xdma_0_0_in_context.xdc, line 30).
Applied set_property CLOCK_BUFFER_TYPE = NONE for pcie_mgt_rxp[6]. (constraint file  /home/cah/r2d2/code/fpga/fable5_llm/synth/out_ctl_B/proj/ctlB.gen/sources_1/bd/bd/ip/bd_xdma_0_0/bd_xdma_0_0/bd_xdma_0_0_in_context.xdc, line 31).
Applied set_property IO_BUFFER_TYPE = NONE for pcie_mgt_rxp[7]. (constraint file  /home/cah/r2d2/code/fpga/fable5_llm/synth/out_ctl_B/proj/ctlB.gen/sources_1/bd/bd/ip/bd_xdma_0_0/bd_xdma_0_0/bd_xdma_0_0_in_context.xdc, line 32).
Applied set_property CLOCK_BUFFER_TYPE = NONE for pcie_mgt_rxp[7]. (constraint file  /home/cah/r2d2/code/fpga/fable5_llm/synth/out_ctl_B/proj/ctlB.gen/sources_1/bd/bd/ip/bd_xdma_0_0/bd_xdma_0_0/bd_xdma_0_0_in_context.xdc, line 33).
Applied set_property IO_BUFFER_TYPE = NONE for pcie_mgt_txn[0]. (constraint file  /home/cah/r2d2/code/fpga/fable5_llm/synth/out_ctl_B/proj/ctlB.gen/sources_1/bd/bd/ip/bd_xdma_0_0/bd_xdma_0_0/bd_xdma_0_0_in_context.xdc, line 34).
Applied set_property CLOCK_BUFFER_TYPE = NONE for pcie_mgt_txn[0]. (constraint file  /home/cah/r2d2/code/fpga/fable5_llm/synth/out_ctl_B/proj/ctlB.gen/sources_1/bd/bd/ip/bd_xdma_0_0/bd_xdma_0_0/bd_xdma_0_0_in_context.xdc, line 35).
Applied set_property IO_BUFFER_TYPE = NONE for pcie_mgt_txn[1]. (constraint file  /home/cah/r2d2/code/fpga/fable5_llm/synth/out_ctl_B/proj/ctlB.gen/sources_1/bd/bd/ip/bd_xdma_0_0/bd_xdma_0_0/bd_xdma_0_0_in_context.xdc, line 36).
Applied set_property CLOCK_BUFFER_TYPE = NONE for pcie_mgt_txn[1]. (constraint file  /home/cah/r2d2/code/fpga/fable5_llm/synth/out_ctl_B/proj/ctlB.gen/sources_1/bd/bd/ip/bd_xdma_0_0/bd_xdma_0_0/bd_xdma_0_0_in_context.xdc, line 37).
Applied set_property IO_BUFFER_TYPE = NONE for pcie_mgt_txn[2]. (constraint file  /home/cah/r2d2/code/fpga/fable5_llm/synth/out_ctl_B/proj/ctlB.gen/sources_1/bd/bd/ip/bd_xdma_0_0/bd_xdma_0_0/bd_xdma_0_0_in_context.xdc, line 38).
Applied set_property CLOCK_BUFFER_TYPE = NONE for pcie_mgt_txn[2]. (constraint file  /home/cah/r2d2/code/fpga/fable5_llm/synth/out_ctl_B/proj/ctlB.gen/sources_1/bd/bd/ip/bd_xdma_0_0/bd_xdma_0_0/bd_xdma_0_0_in_context.xdc, line 39).
Applied set_property IO_BUFFER_TYPE = NONE for pcie_mgt_txn[3]. (constraint file  /home/cah/r2d2/code/fpga/fable5_llm/synth/out_ctl_B/proj/ctlB.gen/sources_1/bd/bd/ip/bd_xdma_0_0/bd_xdma_0_0/bd_xdma_0_0_in_context.xdc, line 40).
Applied set_property CLOCK_BUFFER_TYPE = NONE for pcie_mgt_txn[3]. (constraint file  /home/cah/r2d2/code/fpga/fable5_llm/synth/out_ctl_B/proj/ctlB.gen/sources_1/bd/bd/ip/bd_xdma_0_0/bd_xdma_0_0/bd_xdma_0_0_in_context.xdc, line 41).
Applied set_property IO_BUFFER_TYPE = NONE for pcie_mgt_txn[4]. (constraint file  /home/cah/r2d2/code/fpga/fable5_llm/synth/out_ctl_B/proj/ctlB.gen/sources_1/bd/bd/ip/bd_xdma_0_0/bd_xdma_0_0/bd_xdma_0_0_in_context.xdc, line 42).
Applied set_property CLOCK_BUFFER_TYPE = NONE for pcie_mgt_txn[4]. (constraint file  /home/cah/r2d2/code/fpga/fable5_llm/synth/out_ctl_B/proj/ctlB.gen/sources_1/bd/bd/ip/bd_xdma_0_0/bd_xdma_0_0/bd_xdma_0_0_in_context.xdc, line 43).
Applied set_property IO_BUFFER_TYPE = NONE for pcie_mgt_txn[5]. (constraint file  /home/cah/r2d2/code/fpga/fable5_llm/synth/out_ctl_B/proj/ctlB.gen/sources_1/bd/bd/ip/bd_xdma_0_0/bd_xdma_0_0/bd_xdma_0_0_in_context.xdc, line 44).
Applied set_property CLOCK_BUFFER_TYPE = NONE for pcie_mgt_txn[5]. (constraint file  /home/cah/r2d2/code/fpga/fable5_llm/synth/out_ctl_B/proj/ctlB.gen/sources_1/bd/bd/ip/bd_xdma_0_0/bd_xdma_0_0/bd_xdma_0_0_in_context.xdc, line 45).
Applied set_property IO_BUFFER_TYPE = NONE for pcie_mgt_txn[6]. (constraint file  /home/cah/r2d2/code/fpga/fable5_llm/synth/out_ctl_B/proj/ctlB.gen/sources_1/bd/bd/ip/bd_xdma_0_0/bd_xdma_0_0/bd_xdma_0_0_in_context.xdc, line 46).
Applied set_property CLOCK_BUFFER_TYPE = NONE for pcie_mgt_txn[6]. (constraint file  /home/cah/r2d2/code/fpga/fable5_llm/synth/out_ctl_B/proj/ctlB.gen/sources_1/bd/bd/ip/bd_xdma_0_0/bd_xdma_0_0/bd_xdma_0_0_in_context.xdc, line 47).
Applied set_property IO_BUFFER_TYPE = NONE for pcie_mgt_txn[7]. (constraint file  /home/cah/r2d2/code/fpga/fable5_llm/synth/out_ctl_B/proj/ctlB.gen/sources_1/bd/bd/ip/bd_xdma_0_0/bd_xdma_0_0/bd_xdma_0_0_in_context.xdc, line 48).
Applied set_property CLOCK_BUFFER_TYPE = NONE for pcie_mgt_txn[7]. (constraint file  /home/cah/r2d2/code/fpga/fable5_llm/synth/out_ctl_B/proj/ctlB.gen/sources_1/bd/bd/ip/bd_xdma_0_0/bd_xdma_0_0/bd_xdma_0_0_in_context.xdc, line 49).
Applied set_property IO_BUFFER_TYPE = NONE for pcie_mgt_txp[0]. (constraint file  /home/cah/r2d2/code/fpga/fable5_llm/synth/out_ctl_B/proj/ctlB.gen/sources_1/bd/bd/ip/bd_xdma_0_0/bd_xdma_0_0/bd_xdma_0_0_in_context.xdc, line 50).
Applied set_property CLOCK_BUFFER_TYPE = NONE for pcie_mgt_txp[0]. (constraint file  /home/cah/r2d2/code/fpga/fable5_llm/synth/out_ctl_B/proj/ctlB.gen/sources_1/bd/bd/ip/bd_xdma_0_0/bd_xdma_0_0/bd_xdma_0_0_in_context.xdc, line 51).
Applied set_property IO_BUFFER_TYPE = NONE for pcie_mgt_txp[1]. (constraint file  /home/cah/r2d2/code/fpga/fable5_llm/synth/out_ctl_B/proj/ctlB.gen/sources_1/bd/bd/ip/bd_xdma_0_0/bd_xdma_0_0/bd_xdma_0_0_in_context.xdc, line 52).
Applied set_property CLOCK_BUFFER_TYPE = NONE for pcie_mgt_txp[1]. (constraint file  /home/cah/r2d2/code/fpga/fable5_llm/synth/out_ctl_B/proj/ctlB.gen/sources_1/bd/bd/ip/bd_xdma_0_0/bd_xdma_0_0/bd_xdma_0_0_in_context.xdc, line 53).
Applied set_property IO_BUFFER_TYPE = NONE for pcie_mgt_txp[2]. (constraint file  /home/cah/r2d2/code/fpga/fable5_llm/synth/out_ctl_B/proj/ctlB.gen/sources_1/bd/bd/ip/bd_xdma_0_0/bd_xdma_0_0/bd_xdma_0_0_in_context.xdc, line 54).
Applied set_property CLOCK_BUFFER_TYPE = NONE for pcie_mgt_txp[2]. (constraint file  /home/cah/r2d2/code/fpga/fable5_llm/synth/out_ctl_B/proj/ctlB.gen/sources_1/bd/bd/ip/bd_xdma_0_0/bd_xdma_0_0/bd_xdma_0_0_in_context.xdc, line 55).
Applied set_property IO_BUFFER_TYPE = NONE for pcie_mgt_txp[3]. (constraint file  /home/cah/r2d2/code/fpga/fable5_llm/synth/out_ctl_B/proj/ctlB.gen/sources_1/bd/bd/ip/bd_xdma_0_0/bd_xdma_0_0/bd_xdma_0_0_in_context.xdc, line 56).
Applied set_property CLOCK_BUFFER_TYPE = NONE for pcie_mgt_txp[3]. (constraint file  /home/cah/r2d2/code/fpga/fable5_llm/synth/out_ctl_B/proj/ctlB.gen/sources_1/bd/bd/ip/bd_xdma_0_0/bd_xdma_0_0/bd_xdma_0_0_in_context.xdc, line 57).
Applied set_property IO_BUFFER_TYPE = NONE for pcie_mgt_txp[4]. (constraint file  /home/cah/r2d2/code/fpga/fable5_llm/synth/out_ctl_B/proj/ctlB.gen/sources_1/bd/bd/ip/bd_xdma_0_0/bd_xdma_0_0/bd_xdma_0_0_in_context.xdc, line 58).
Applied set_property CLOCK_BUFFER_TYPE = NONE for pcie_mgt_txp[4]. (constraint file  /home/cah/r2d2/code/fpga/fable5_llm/synth/out_ctl_B/proj/ctlB.gen/sources_1/bd/bd/ip/bd_xdma_0_0/bd_xdma_0_0/bd_xdma_0_0_in_context.xdc, line 59).
Applied set_property IO_BUFFER_TYPE = NONE for pcie_mgt_txp[5]. (constraint file  /home/cah/r2d2/code/fpga/fable5_llm/synth/out_ctl_B/proj/ctlB.gen/sources_1/bd/bd/ip/bd_xdma_0_0/bd_xdma_0_0/bd_xdma_0_0_in_context.xdc, line 60).
Applied set_property CLOCK_BUFFER_TYPE = NONE for pcie_mgt_txp[5]. (constraint file  /home/cah/r2d2/code/fpga/fable5_llm/synth/out_ctl_B/proj/ctlB.gen/sources_1/bd/bd/ip/bd_xdma_0_0/bd_xdma_0_0/bd_xdma_0_0_in_context.xdc, line 61).
Applied set_property IO_BUFFER_TYPE = NONE for pcie_mgt_txp[6]. (constraint file  /home/cah/r2d2/code/fpga/fable5_llm/synth/out_ctl_B/proj/ctlB.gen/sources_1/bd/bd/ip/bd_xdma_0_0/bd_xdma_0_0/bd_xdma_0_0_in_context.xdc, line 62).
Applied set_property CLOCK_BUFFER_TYPE = NONE for pcie_mgt_txp[6]. (constraint file  /home/cah/r2d2/code/fpga/fable5_llm/synth/out_ctl_B/proj/ctlB.gen/sources_1/bd/bd/ip/bd_xdma_0_0/bd_xdma_0_0/bd_xdma_0_0_in_context.xdc, line 63).
Applied set_property IO_BUFFER_TYPE = NONE for pcie_mgt_txp[7]. (constraint file  /home/cah/r2d2/code/fpga/fable5_llm/synth/out_ctl_B/proj/ctlB.gen/sources_1/bd/bd/ip/bd_xdma_0_0/bd_xdma_0_0/bd_xdma_0_0_in_context.xdc, line 64).
Applied set_property CLOCK_BUFFER_TYPE = NONE for pcie_mgt_txp[7]. (constraint file  /home/cah/r2d2/code/fpga/fable5_llm/synth/out_ctl_B/proj/ctlB.gen/sources_1/bd/bd/ip/bd_xdma_0_0/bd_xdma_0_0/bd_xdma_0_0_in_context.xdc, line 65).
Applied set_property KEEP_HIERARCHY = SOFT for bd_i. (constraint file  auto generated constraint).
Applied set_property KEEP_HIERARCHY = SOFT for bd_i/refclk_buf. (constraint file  auto generated constraint).
Applied set_property KEEP_HIERARCHY = SOFT for bd_i/xdma_0. (constraint file  auto generated constraint).
Applied set_property KEEP_HIERARCHY = SOFT for bd_i/bram_ctrl. (constraint file  auto generated constraint).
Applied set_property KEEP_HIERARCHY = SOFT for bd_i/bram. (constraint file  auto generated constraint).
Applied set_property KEEP_HIERARCHY = SOFT for bd_i/gpio0. (constraint file  auto generated constraint).
---------------------------------------------------------------------------------
Finished applying 'set_property' XDC Constraints : Time (s): cpu = 00:00:24 ; elapsed = 00:00:25 . Memory (MB): peak = 3121.152 ; gain = 522.789 ; free physical = 38751 ; free virtual = 322658
---------------------------------------------------------------------------------
---------------------------------------------------------------------------------
Finished RTL Optimization Phase 2 : Time (s): cpu = 00:00:24 ; elapsed = 00:00:25 . Memory (MB): peak = 3121.152 ; gain = 522.789 ; free physical = 38746 ; free virtual = 322655
---------------------------------------------------------------------------------
---------------------------------------------------------------------------------
Start RTL Component Statistics 
---------------------------------------------------------------------------------
Detailed RTL Component Info : 
---------------------------------------------------------------------------------
Finished RTL Component Statistics 
---------------------------------------------------------------------------------
---------------------------------------------------------------------------------
Start Part Resource Summary
---------------------------------------------------------------------------------
Part Resources:
DSPs: 6840 (col length:120)
BRAMs: 4320 (col length: RAMB18 360 RAMB36 180)
---------------------------------------------------------------------------------
Finished Part Resource Summary
---------------------------------------------------------------------------------
---------------------------------------------------------------------------------
Start Cross Boundary and Area Optimization
---------------------------------------------------------------------------------
WARNING: [Synth 8-7080] Parallel synthesis criteria is not met
---------------------------------------------------------------------------------
Finished Cross Boundary and Area Optimization : Time (s): cpu = 00:00:26 ; elapsed = 00:00:27 . Memory (MB): peak = 3121.152 ; gain = 522.789 ; free physical = 38668 ; free virtual = 322629
---------------------------------------------------------------------------------
---------------------------------------------------------------------------------
Start Applying XDC Timing Constraints
---------------------------------------------------------------------------------
---------------------------------------------------------------------------------
Finished Applying XDC Timing Constraints : Time (s): cpu = 00:00:36 ; elapsed = 00:00:37 . Memory (MB): peak = 3569.066 ; gain = 970.703 ; free physical = 37262 ; free virtual = 321606
---------------------------------------------------------------------------------
---------------------------------------------------------------------------------
Start Timing Optimization
---------------------------------------------------------------------------------
---------------------------------------------------------------------------------
Finished Timing Optimization : Time (s): cpu = 00:00:36 ; elapsed = 00:00:37 . Memory (MB): peak = 3569.066 ; gain = 970.703 ; free physical = 37262 ; free virtual = 321606
---------------------------------------------------------------------------------
---------------------------------------------------------------------------------
Start Technology Mapping
---------------------------------------------------------------------------------
---------------------------------------------------------------------------------
Finished Technology Mapping : Time (s): cpu = 00:00:36 ; elapsed = 00:00:37 . Memory (MB): peak = 3579.082 ; gain = 980.719 ; free physical = 37200 ; free virtual = 321547
---------------------------------------------------------------------------------
---------------------------------------------------------------------------------
Start IO Insertion
---------------------------------------------------------------------------------
---------------------------------------------------------------------------------
Start Flattening Before IO Insertion
---------------------------------------------------------------------------------
---------------------------------------------------------------------------------
Finished Flattening Before IO Insertion
---------------------------------------------------------------------------------
---------------------------------------------------------------------------------
Start Final Netlist Cleanup
---------------------------------------------------------------------------------
---------------------------------------------------------------------------------
Finished Final Netlist Cleanup
---------------------------------------------------------------------------------
---------------------------------------------------------------------------------
Finished IO Insertion : Time (s): cpu = 00:00:41 ; elapsed = 00:00:42 . Memory (MB): peak = 3740.895 ; gain = 1142.531 ; free physical = 37124 ; free virtual = 321690
---------------------------------------------------------------------------------
---------------------------------------------------------------------------------
Start Renaming Generated Instances
---------------------------------------------------------------------------------
---------------------------------------------------------------------------------
Finished Renaming Generated Instances : Time (s): cpu = 00:00:41 ; elapsed = 00:00:42 . Memory (MB): peak = 3740.895 ; gain = 1142.531 ; free physical = 37124 ; free virtual = 321690
---------------------------------------------------------------------------------
---------------------------------------------------------------------------------
Start Rebuilding User Hierarchy
---------------------------------------------------------------------------------
---------------------------------------------------------------------------------
Finished Rebuilding User Hierarchy : Time (s): cpu = 00:00:41 ; elapsed = 00:00:42 . Memory (MB): peak = 3740.895 ; gain = 1142.531 ; free physical = 37124 ; free virtual = 321690
---------------------------------------------------------------------------------
---------------------------------------------------------------------------------
Start Renaming Generated Ports
---------------------------------------------------------------------------------
---------------------------------------------------------------------------------
Finished Renaming Generated Ports : Time (s): cpu = 00:00:41 ; elapsed = 00:00:42 . Memory (MB): peak = 3740.895 ; gain = 1142.531 ; free physical = 37125 ; free virtual = 321689
---------------------------------------------------------------------------------
---------------------------------------------------------------------------------
Start Handling Custom Attributes
---------------------------------------------------------------------------------
---------------------------------------------------------------------------------
Finished Handling Custom Attributes : Time (s): cpu = 00:00:41 ; elapsed = 00:00:42 . Memory (MB): peak = 3740.895 ; gain = 1142.531 ; free physical = 37145 ; free virtual = 321690
---------------------------------------------------------------------------------
---------------------------------------------------------------------------------
Start Renaming Generated Nets
---------------------------------------------------------------------------------
---------------------------------------------------------------------------------
Finished Renaming Generated Nets : Time (s): cpu = 00:00:41 ; elapsed = 00:00:42 . Memory (MB): peak = 3740.895 ; gain = 1142.531 ; free physical = 37154 ; free virtual = 321661
---------------------------------------------------------------------------------
---------------------------------------------------------------------------------
Start Writing Synthesis Report
---------------------------------------------------------------------------------

Report BlackBoxes: 
+------+----------------+----------+
|      |BlackBox name   |Instances |
+------+----------------+----------+
|1     |bd_bram_0       |         1|
|2     |bd_bram_ctrl_0  |         1|
|3     |bd_gpio0_0      |         1|
|4     |bd_refclk_buf_0 |         1|
|5     |bd_xdma_0_0     |         1|
+------+----------------+----------+

Report Cell Usage: 
+------+--------------+------+
|      |Cell          |Count |
+------+--------------+------+
|1     |bd_bram       |     1|
|2     |bd_bram_ctrl  |     1|
|3     |bd_gpio0      |     1|
|4     |bd_refclk_buf |     1|
|5     |bd_xdma_0     |     1|
|6     |IBUF          |     1|
+------+--------------+------+
---------------------------------------------------------------------------------
Finished Writing Synthesis Report : Time (s): cpu = 00:00:41 ; elapsed = 00:00:42 . Memory (MB): peak = 3740.895 ; gain = 1142.531 ; free physical = 37154 ; free virtual = 321655
---------------------------------------------------------------------------------
Synthesis finished with 0 errors, 0 critical warnings and 1 warnings.
Synthesis Optimization Runtime : Time (s): cpu = 00:00:31 ; elapsed = 00:00:32 . Memory (MB): peak = 3740.895 ; gain = 1019.543 ; free physical = 37039 ; free virtual = 321725
Synthesis Optimization Complete : Time (s): cpu = 00:00:41 ; elapsed = 00:00:42 . Memory (MB): peak = 3740.895 ; gain = 1142.531 ; free physical = 37211 ; free virtual = 321899
INFO: [Project 1-571] Translating synthesized netlist
Netlist sorting complete. Time (s): cpu = 00:00:00 ; elapsed = 00:00:00.01 . Memory (MB): peak = 3740.895 ; gain = 0.000 ; free physical = 37155 ; free virtual = 321880
INFO: [Netlist 29-17] Analyzing 1 Unisim elements for replacement
INFO: [Netlist 29-28] Unisim Transformation completed in 0 CPU seconds
INFO: [Project 1-570] Preparing netlist for logic optimization
INFO: [Opt 31-138] Pushed 0 inverter(s) to 0 load pin(s).
Netlist sorting complete. Time (s): cpu = 00:00:00 ; elapsed = 00:00:00 . Memory (MB): peak = 3740.895 ; gain = 0.000 ; free physical = 36907 ; free virtual = 321741
INFO: [Project 1-111] Unisim Transformation Summary:
  A total of 1 instances were transformed.
  IBUF => IBUF (IBUFCTRL, INBUF): 1 instance 

Synth Design complete | Checksum: 8bac22d7
INFO: [Common 17-83] Releasing license: Synthesis
35 Infos, 115 Warnings, 0 Critical Warnings and 0 Errors encountered.
synth_design completed successfully
synth_design: Time (s): cpu = 00:01:02 ; elapsed = 00:01:01 . Memory (MB): peak = 3740.895 ; gain = 2196.699 ; free physical = 36908 ; free virtual = 321742
INFO: [Common 17-2834] synth_design peak Physical Memory [PSS] (MB): overall = 2772.852; main = 2611.613; forked = 197.179
INFO: [Common 17-2834] synth_design peak Virtual Memory [VSS] (MB): overall = 4593.129; main = 3701.258; forked = 917.043
Write ShapeDB Complete: Time (s): cpu = 00:00:00 ; elapsed = 00:00:00 . Memory (MB): peak = 3740.895 ; gain = 0.000 ; free physical = 36902 ; free virtual = 321741
INFO: [Common 17-1381] The checkpoint '/home/cah/r2d2/code/fpga/fable5_llm/synth/out_ctl_B/proj/ctlB.runs/synth_1/bd_wrapper.dcp' has been generated.
INFO: [Vivado 12-24828] Executing command : report_utilization -file bd_wrapper_utilization_synth.rpt -pb bd_wrapper_utilization_synth.pb
INFO: [Common 17-206] Exiting Vivado at Thu Jun 11 05:48:09 2026...
[Thu Jun 11 05:48:20 2026] synth_1 finished
wait_on_runs: Time (s): cpu = 00:16:04 ; elapsed = 00:08:05 . Memory (MB): peak = 2853.070 ; gain = 0.000 ; free physical = 41826 ; free virtual = 326803
# launch_runs impl_1 -to_step write_bitstream -jobs 8
[Thu Jun 11 05:48:20 2026] Launched impl_1...
Run output will be captured here: /home/cah/r2d2/code/fpga/fable5_llm/synth/out_ctl_B/proj/ctlB.runs/impl_1/runme.log
# wait_on_run impl_1
[Thu Jun 11 05:48:20 2026] Waiting for impl_1 to finish...

*** Running vivado
    with args -log bd_wrapper.vdi -applog -m64 -product Vivado -messageDb vivado.pb -mode batch -source bd_wrapper.tcl -notrace


****** Vivado v2024.2 (64-bit)
  **** SW Build 5239630 on Fri Nov 08 22:34:34 MST 2024
  **** IP Build 5239520 on Sun Nov 10 16:12:51 MST 2024
  **** SharedData Build 5239561 on Fri Nov 08 14:39:27 MST 2024
  **** Start of session at: Thu Jun 11 05:48:25 2026
    ** Copyright 1986-2022 Xilinx, Inc. All Rights Reserved.
    ** Copyright 2022-2024 Advanced Micro Devices, Inc. All Rights Reserved.

source bd_wrapper.tcl -notrace
create_project: Time (s): cpu = 00:00:11 ; elapsed = 00:00:11 . Memory (MB): peak = 1500.547 ; gain = 93.918 ; free physical = 40658 ; free virtual = 325634
INFO: [IP_Flow 19-234] Refreshing IP repositories
INFO: [IP_Flow 19-1704] No user IP repositories specified
INFO: [IP_Flow 19-2313] Loaded Vivado IP repository '/home/cah/r2d2/sc2data/tools/Vivado/2024.2/data/ip'.
Command: link_design -top bd_wrapper -part xcvu9p-fsgd2104-2L-e
Design is defaulting to srcset: sources_1
Design is defaulting to constrset: constrs_1
INFO: [Device 21-403] Loading part xcvu9p-fsgd2104-2L-e
INFO: [Project 1-454] Reading design checkpoint '/home/cah/r2d2/code/fpga/fable5_llm/synth/out_ctl_B/proj/ctlB.gen/sources_1/bd/bd/ip/bd_bram_0/bd_bram_0.dcp' for cell 'bd_i/bram'
INFO: [Project 1-454] Reading design checkpoint '/home/cah/r2d2/code/fpga/fable5_llm/synth/out_ctl_B/proj/ctlB.gen/sources_1/bd/bd/ip/bd_bram_ctrl_0/bd_bram_ctrl_0.dcp' for cell 'bd_i/bram_ctrl'
INFO: [Project 1-454] Reading design checkpoint '/home/cah/r2d2/code/fpga/fable5_llm/synth/out_ctl_B/proj/ctlB.gen/sources_1/bd/bd/ip/bd_gpio0_0/bd_gpio0_0.dcp' for cell 'bd_i/gpio0'
INFO: [Project 1-454] Reading design checkpoint '/home/cah/r2d2/code/fpga/fable5_llm/synth/out_ctl_B/proj/ctlB.gen/sources_1/bd/bd/ip/bd_refclk_buf_0/bd_refclk_buf_0.dcp' for cell 'bd_i/refclk_buf'
INFO: [Project 1-454] Reading design checkpoint '/home/cah/r2d2/code/fpga/fable5_llm/synth/out_ctl_B/proj/ctlB.gen/sources_1/bd/bd/ip/bd_xdma_0_0/bd_xdma_0_0.dcp' for cell 'bd_i/xdma_0'
Netlist sorting complete. Time (s): cpu = 00:00:00.63 ; elapsed = 00:00:00.63 . Memory (MB): peak = 2568.164 ; gain = 0.000 ; free physical = 38541 ; free virtual = 323609
INFO: [Netlist 29-17] Analyzing 1008 Unisim elements for replacement
INFO: [Netlist 29-28] Unisim Transformation completed in 0 CPU seconds
WARNING: [Netlist 29-1115] Found multi-term driver net: bd_i/refclk_buf/U0/<const0>.
INFO: [Project 1-479] Netlist was created with Vivado 2024.2
INFO: [Project 1-570] Preparing netlist for logic optimization
Parsing XDC File [/home/cah/r2d2/code/fpga/fable5_llm/synth/out_ctl_B/proj/ctlB.gen/sources_1/bd/bd/ip/bd_refclk_buf_0/bd_refclk_buf_0_board.xdc] for cell 'bd_i/refclk_buf/U0'
Finished Parsing XDC File [/home/cah/r2d2/code/fpga/fable5_llm/synth/out_ctl_B/proj/ctlB.gen/sources_1/bd/bd/ip/bd_refclk_buf_0/bd_refclk_buf_0_board.xdc] for cell 'bd_i/refclk_buf/U0'
Parsing XDC File [/home/cah/r2d2/code/fpga/fable5_llm/synth/out_ctl_B/proj/ctlB.gen/sources_1/bd/bd/ip/bd_xdma_0_0/ip_0/ip_0/synth/bd_xdma_0_0_pcie4_ip_gt.xdc] for cell 'bd_i/xdma_0/inst/pcie4_ip_i/inst/bd_xdma_0_0_pcie4_ip_gt_top_i/diablo_gt.diablo_gt_phy_wrapper/gt_wizard.gtwizard_top_i/bd_xdma_0_0_pcie4_ip_gt_i/inst'
create_clock: Time (s): cpu = 00:00:07 ; elapsed = 00:00:07 . Memory (MB): peak = 3025.785 ; gain = 26.781 ; free physical = 38182 ; free virtual = 323250
Finished Parsing XDC File [/home/cah/r2d2/code/fpga/fable5_llm/synth/out_ctl_B/proj/ctlB.gen/sources_1/bd/bd/ip/bd_xdma_0_0/ip_0/ip_0/synth/bd_xdma_0_0_pcie4_ip_gt.xdc] for cell 'bd_i/xdma_0/inst/pcie4_ip_i/inst/bd_xdma_0_0_pcie4_ip_gt_top_i/diablo_gt.diablo_gt_phy_wrapper/gt_wizard.gtwizard_top_i/bd_xdma_0_0_pcie4_ip_gt_i/inst'
Parsing XDC File [/home/cah/r2d2/code/fpga/fable5_llm/synth/out_ctl_B/proj/ctlB.gen/sources_1/bd/bd/ip/bd_xdma_0_0/ip_0/source/ip_pcie4_uscale_plus_impl_x1y2.xdc] for cell 'bd_i/xdma_0/inst/pcie4_ip_i/inst'
Finished Parsing XDC File [/home/cah/r2d2/code/fpga/fable5_llm/synth/out_ctl_B/proj/ctlB.gen/sources_1/bd/bd/ip/bd_xdma_0_0/ip_0/source/ip_pcie4_uscale_plus_impl_x1y2.xdc] for cell 'bd_i/xdma_0/inst/pcie4_ip_i/inst'
Parsing XDC File [/home/cah/r2d2/code/fpga/fable5_llm/synth/out_ctl_B/proj/ctlB.gen/sources_1/bd/bd/ip/bd_xdma_0_0/ip_0/source/ip_pcie4_uscale_plus_x1y2.xdc] for cell 'bd_i/xdma_0/inst/pcie4_ip_i/inst'
INFO: [Timing 38-35] Done setting XDC timing constraints. [/home/cah/r2d2/code/fpga/fable5_llm/synth/out_ctl_B/proj/ctlB.gen/sources_1/bd/bd/ip/bd_xdma_0_0/ip_0/source/ip_pcie4_uscale_plus_x1y2.xdc:230]
set_switching_activity: Time (s): cpu = 00:01:09 ; elapsed = 00:00:46 . Memory (MB): peak = 4798.660 ; gain = 1772.875 ; free physical = 35274 ; free virtual = 320342
WARNING: [Vivado_Tcl 4-939] Waiver ID 'REQP-1839' object list should not be empty (perhaps an invalid wildcard was used or only unsupported objects). [/home/cah/r2d2/code/fpga/fable5_llm/synth/out_ctl_B/proj/ctlB.gen/sources_1/bd/bd/ip/bd_xdma_0_0/ip_0/source/ip_pcie4_uscale_plus_x1y2.xdc:237]
WARNING: [Vivado_Tcl 4-939] Waiver ID 'REQP-1840' object list should not be empty (perhaps an invalid wildcard was used or only unsupported objects). [/home/cah/r2d2/code/fpga/fable5_llm/synth/out_ctl_B/proj/ctlB.gen/sources_1/bd/bd/ip/bd_xdma_0_0/ip_0/source/ip_pcie4_uscale_plus_x1y2.xdc:239]
WARNING: [Vivado_Tcl 4-939] Waiver ID 'REQP-1857' object list should not be empty (perhaps an invalid wildcard was used or only unsupported objects). [/home/cah/r2d2/code/fpga/fable5_llm/synth/out_ctl_B/proj/ctlB.gen/sources_1/bd/bd/ip/bd_xdma_0_0/ip_0/source/ip_pcie4_uscale_plus_x1y2.xdc:241]
WARNING: [Vivado_Tcl 4-919] Waiver ID 'CDC-11' -from list should not be empty. [/home/cah/r2d2/code/fpga/fable5_llm/synth/out_ctl_B/proj/ctlB.gen/sources_1/bd/bd/ip/bd_xdma_0_0/ip_0/source/ip_pcie4_uscale_plus_x1y2.xdc:252]
WARNING: [Vivado_Tcl 4-919] Waiver ID 'CDC-11' -from list should not be empty. [/home/cah/r2d2/code/fpga/fable5_llm/synth/out_ctl_B/proj/ctlB.gen/sources_1/bd/bd/ip/bd_xdma_0_0/ip_0/source/ip_pcie4_uscale_plus_x1y2.xdc:253]
WARNING: [Vivado_Tcl 4-921] Waiver ID 'CDC-7' -to list should not be empty. [/home/cah/r2d2/code/fpga/fable5_llm/synth/out_ctl_B/proj/ctlB.gen/sources_1/bd/bd/ip/bd_xdma_0_0/ip_0/source/ip_pcie4_uscale_plus_x1y2.xdc:257]
WARNING: [Vivado_Tcl 4-921] Waiver ID 'CDC-7' -to list should not be empty. [/home/cah/r2d2/code/fpga/fable5_llm/synth/out_ctl_B/proj/ctlB.gen/sources_1/bd/bd/ip/bd_xdma_0_0/ip_0/source/ip_pcie4_uscale_plus_x1y2.xdc:258]
WARNING: [Vivado_Tcl 4-921] Waiver ID 'CDC-11' -to list should not be empty. [/home/cah/r2d2/code/fpga/fable5_llm/synth/out_ctl_B/proj/ctlB.gen/sources_1/bd/bd/ip/bd_xdma_0_0/ip_0/source/ip_pcie4_uscale_plus_x1y2.xdc:260]
WARNING: [Vivado_Tcl 4-921] Waiver ID 'CDC-11' -to list should not be empty. [/home/cah/r2d2/code/fpga/fable5_llm/synth/out_ctl_B/proj/ctlB.gen/sources_1/bd/bd/ip/bd_xdma_0_0/ip_0/source/ip_pcie4_uscale_plus_x1y2.xdc:261]
WARNING: [Vivado_Tcl 4-921] Waiver ID 'CDC-11' -to list should not be empty. [/home/cah/r2d2/code/fpga/fable5_llm/synth/out_ctl_B/proj/ctlB.gen/sources_1/bd/bd/ip/bd_xdma_0_0/ip_0/source/ip_pcie4_uscale_plus_x1y2.xdc:262]
Finished Parsing XDC File [/home/cah/r2d2/code/fpga/fable5_llm/synth/out_ctl_B/proj/ctlB.gen/sources_1/bd/bd/ip/bd_xdma_0_0/ip_0/source/ip_pcie4_uscale_plus_x1y2.xdc] for cell 'bd_i/xdma_0/inst/pcie4_ip_i/inst'
Parsing XDC File [/home/cah/r2d2/code/fpga/fable5_llm/synth/out_ctl_B/proj/ctlB.gen/sources_1/bd/bd/ip/bd_xdma_0_0/bd_xdma_0_0_board.xdc] for cell 'bd_i/xdma_0/inst'
Finished Parsing XDC File [/home/cah/r2d2/code/fpga/fable5_llm/synth/out_ctl_B/proj/ctlB.gen/sources_1/bd/bd/ip/bd_xdma_0_0/bd_xdma_0_0_board.xdc] for cell 'bd_i/xdma_0/inst'
Parsing XDC File [/home/cah/r2d2/code/fpga/fable5_llm/synth/out_ctl_B/proj/ctlB.gen/sources_1/bd/bd/ip/bd_xdma_0_0/source/bd_xdma_0_0_pcie4_uscaleplus_ip.xdc] for cell 'bd_i/xdma_0/inst'
WARNING: [Vivado_Tcl 4-939] Waiver ID 'REQP-1840' object list should not be empty (perhaps an invalid wildcard was used or only unsupported objects). [/home/cah/r2d2/code/fpga/fable5_llm/synth/out_ctl_B/proj/ctlB.gen/sources_1/bd/bd/ip/bd_xdma_0_0/source/bd_xdma_0_0_pcie4_uscaleplus_ip.xdc:120]
WARNING: [Vivado_Tcl 4-939] Waiver ID 'REQP-1857' object list should not be empty (perhaps an invalid wildcard was used or only unsupported objects). [/home/cah/r2d2/code/fpga/fable5_llm/synth/out_ctl_B/proj/ctlB.gen/sources_1/bd/bd/ip/bd_xdma_0_0/source/bd_xdma_0_0_pcie4_uscaleplus_ip.xdc:122]
WARNING: [Vivado_Tcl 4-939] Waiver ID 'REQP-1858' object list should not be empty (perhaps an invalid wildcard was used or only unsupported objects). [/home/cah/r2d2/code/fpga/fable5_llm/synth/out_ctl_B/proj/ctlB.gen/sources_1/bd/bd/ip/bd_xdma_0_0/source/bd_xdma_0_0_pcie4_uscaleplus_ip.xdc:124]
Finished Parsing XDC File [/home/cah/r2d2/code/fpga/fable5_llm/synth/out_ctl_B/proj/ctlB.gen/sources_1/bd/bd/ip/bd_xdma_0_0/source/bd_xdma_0_0_pcie4_uscaleplus_ip.xdc] for cell 'bd_i/xdma_0/inst'
Parsing XDC File [/home/cah/r2d2/code/fpga/fable5_llm/synth/out_ctl_B/proj/ctlB.gen/sources_1/bd/bd/ip/bd_gpio0_0/bd_gpio0_0_board.xdc] for cell 'bd_i/gpio0/U0'
Finished Parsing XDC File [/home/cah/r2d2/code/fpga/fable5_llm/synth/out_ctl_B/proj/ctlB.gen/sources_1/bd/bd/ip/bd_gpio0_0/bd_gpio0_0_board.xdc] for cell 'bd_i/gpio0/U0'
Parsing XDC File [/home/cah/r2d2/code/fpga/fable5_llm/synth/out_ctl_B/proj/ctlB.gen/sources_1/bd/bd/ip/bd_gpio0_0/bd_gpio0_0.xdc] for cell 'bd_i/gpio0/U0'
Finished Parsing XDC File [/home/cah/r2d2/code/fpga/fable5_llm/synth/out_ctl_B/proj/ctlB.gen/sources_1/bd/bd/ip/bd_gpio0_0/bd_gpio0_0.xdc] for cell 'bd_i/gpio0/U0'
Parsing XDC File [/home/cah/r2d2/code/fpga/fable5_llm/synth/out_ctl_B/proj/ctlB.srcs/constrs_1/imports/constraints/BCU1525_DIMM0.xdc]
WARNING: [Vivado 12-584] No ports matched 'C0_DDR4_0_reset_n'. [/home/cah/r2d2/code/fpga/fable5_llm/synth/out_ctl_B/proj/ctlB.srcs/constrs_1/imports/constraints/BCU1525_DIMM0.xdc:26]
CRITICAL WARNING: [Common 17-55] 'set_property' expects at least one object. [/home/cah/r2d2/code/fpga/fable5_llm/synth/out_ctl_B/proj/ctlB.srcs/constrs_1/imports/constraints/BCU1525_DIMM0.xdc:26]
Resolution: If [get_<value>] was used to populate the object, check to make sure this command returns at least one valid object.
WARNING: [Vivado 12-584] No ports matched 'C0_DDR4_0_ba[0]'. [/home/cah/r2d2/code/fpga/fable5_llm/synth/out_ctl_B/proj/ctlB.srcs/constrs_1/imports/constraints/BCU1525_DIMM0.xdc:28]
CRITICAL WARNING: [Common 17-55] 'set_property' expects at least one object. [/home/cah/r2d2/code/fpga/fable5_llm/synth/out_ctl_B/proj/ctlB.srcs/constrs_1/imports/constraints/BCU1525_DIMM0.xdc:28]
Resolution: If [get_<value>] was used to populate the object, check to make sure this command returns at least one valid object.
WARNING: [Vivado 12-584] No ports matched 'C0_DDR4_0_ba[1]'. [/home/cah/r2d2/code/fpga/fable5_llm/synth/out_ctl_B/proj/ctlB.srcs/constrs_1/imports/constraints/BCU1525_DIMM0.xdc:29]
CRITICAL WARNING: [Common 17-55] 'set_property' expects at least one object. [/home/cah/r2d2/code/fpga/fable5_llm/synth/out_ctl_B/proj/ctlB.srcs/constrs_1/imports/constraints/BCU1525_DIMM0.xdc:29]
Resolution: If [get_<value>] was used to populate the object, check to make sure this command returns at least one valid object.
WARNING: [Vivado 12-584] No ports matched 'C0_DDR4_0_bg[0]'. [/home/cah/r2d2/code/fpga/fable5_llm/synth/out_ctl_B/proj/ctlB.srcs/constrs_1/imports/constraints/BCU1525_DIMM0.xdc:30]
CRITICAL WARNING: [Common 17-55] 'set_property' expects at least one object. [/home/cah/r2d2/code/fpga/fable5_llm/synth/out_ctl_B/proj/ctlB.srcs/constrs_1/imports/constraints/BCU1525_DIMM0.xdc:30]
Resolution: If [get_<value>] was used to populate the object, check to make sure this command returns at least one valid object.
WARNING: [Vivado 12-584] No ports matched 'C0_DDR4_0_bg[1]'. [/home/cah/r2d2/code/fpga/fable5_llm/synth/out_ctl_B/proj/ctlB.srcs/constrs_1/imports/constraints/BCU1525_DIMM0.xdc:31]
CRITICAL WARNING: [Common 17-55] 'set_property' expects at least one object. [/home/cah/r2d2/code/fpga/fable5_llm/synth/out_ctl_B/proj/ctlB.srcs/constrs_1/imports/constraints/BCU1525_DIMM0.xdc:31]
Resolution: If [get_<value>] was used to populate the object, check to make sure this command returns at least one valid object.
WARNING: [Vivado 12-584] No ports matched 'C0_DDR4_0_cke[0]'. [/home/cah/r2d2/code/fpga/fable5_llm/synth/out_ctl_B/proj/ctlB.srcs/constrs_1/imports/constraints/BCU1525_DIMM0.xdc:32]
CRITICAL WARNING: [Common 17-55] 'set_property' expects at least one object. [/home/cah/r2d2/code/fpga/fable5_llm/synth/out_ctl_B/proj/ctlB.srcs/constrs_1/imports/constraints/BCU1525_DIMM0.xdc:32]
Resolution: If [get_<value>] was used to populate the object, check to make sure this command returns at least one valid object.
WARNING: [Vivado 12-584] No ports matched 'C0_DDR4_0_odt[0]'. [/home/cah/r2d2/code/fpga/fable5_llm/synth/out_ctl_B/proj/ctlB.srcs/constrs_1/imports/constraints/BCU1525_DIMM0.xdc:33]
CRITICAL WARNING: [Common 17-55] 'set_property' expects at least one object. [/home/cah/r2d2/code/fpga/fable5_llm/synth/out_ctl_B/proj/ctlB.srcs/constrs_1/imports/constraints/BCU1525_DIMM0.xdc:33]
Resolution: If [get_<value>] was used to populate the object, check to make sure this command returns at least one valid object.
WARNING: [Vivado 12-584] No ports matched 'C0_DDR4_0_cs_n[0]'. [/home/cah/r2d2/code/fpga/fable5_llm/synth/out_ctl_B/proj/ctlB.srcs/constrs_1/imports/constraints/BCU1525_DIMM0.xdc:34]
CRITICAL WARNING: [Common 17-55] 'set_property' expects at least one object. [/home/cah/r2d2/code/fpga/fable5_llm/synth/out_ctl_B/proj/ctlB.srcs/constrs_1/imports/constraints/BCU1525_DIMM0.xdc:34]
Resolution: If [get_<value>] was used to populate the object, check to make sure this command returns at least one valid object.
WARNING: [Vivado 12-584] No ports matched 'C0_DDR4_0_ck_c[0]'. [/home/cah/r2d2/code/fpga/fable5_llm/synth/out_ctl_B/proj/ctlB.srcs/constrs_1/imports/constraints/BCU1525_DIMM0.xdc:35]
CRITICAL WARNING: [Common 17-55] 'set_property' expects at least one object. [/home/cah/r2d2/code/fpga/fable5_llm/synth/out_ctl_B/proj/ctlB.srcs/constrs_1/imports/constraints/BCU1525_DIMM0.xdc:35]
Resolution: If [get_<value>] was used to populate the object, check to make sure this command returns at least one valid object.
WARNING: [Vivado 12-584] No ports matched 'C0_DDR4_0_ck_t[0]'. [/home/cah/r2d2/code/fpga/fable5_llm/synth/out_ctl_B/proj/ctlB.srcs/constrs_1/imports/constraints/BCU1525_DIMM0.xdc:36]
CRITICAL WARNING: [Common 17-55] 'set_property' expects at least one object. [/home/cah/r2d2/code/fpga/fable5_llm/synth/out_ctl_B/proj/ctlB.srcs/constrs_1/imports/constraints/BCU1525_DIMM0.xdc:36]
Resolution: If [get_<value>] was used to populate the object, check to make sure this command returns at least one valid object.
WARNING: [Vivado 12-584] No ports matched 'C0_DDR4_0_act_n'. [/home/cah/r2d2/code/fpga/fable5_llm/synth/out_ctl_B/proj/ctlB.srcs/constrs_1/imports/constraints/BCU1525_DIMM0.xdc:38]
CRITICAL WARNING: [Common 17-55] 'set_property' expects at least one object. [/home/cah/r2d2/code/fpga/fable5_llm/synth/out_ctl_B/proj/ctlB.srcs/constrs_1/imports/constraints/BCU1525_DIMM0.xdc:38]
Resolution: If [get_<value>] was used to populate the object, check to make sure this command returns at least one valid object.
WARNING: [Vivado 12-584] No ports matched 'C0_DDR4_0_adr[0]'. [/home/cah/r2d2/code/fpga/fable5_llm/synth/out_ctl_B/proj/ctlB.srcs/constrs_1/imports/constraints/BCU1525_DIMM0.xdc:39]
CRITICAL WARNING: [Common 17-55] 'set_property' expects at least one object. [/home/cah/r2d2/code/fpga/fable5_llm/synth/out_ctl_B/proj/ctlB.srcs/constrs_1/imports/constraints/BCU1525_DIMM0.xdc:39]
Resolution: If [get_<value>] was used to populate the object, check to make sure this command returns at least one valid object.
WARNING: [Vivado 12-584] No ports matched 'C0_DDR4_0_adr[1]'. [/home/cah/r2d2/code/fpga/fable5_llm/synth/out_ctl_B/proj/ctlB.srcs/constrs_1/imports/constraints/BCU1525_DIMM0.xdc:40]
CRITICAL WARNING: [Common 17-55] 'set_property' expects at least one object. [/home/cah/r2d2/code/fpga/fable5_llm/synth/out_ctl_B/proj/ctlB.srcs/constrs_1/imports/constraints/BCU1525_DIMM0.xdc:40]
Resolution: If [get_<value>] was used to populate the object, check to make sure this command returns at least one valid object.
WARNING: [Vivado 12-584] No ports matched 'C0_DDR4_0_adr[2]'. [/home/cah/r2d2/code/fpga/fable5_llm/synth/out_ctl_B/proj/ctlB.srcs/constrs_1/imports/constraints/BCU1525_DIMM0.xdc:41]
CRITICAL WARNING: [Common 17-55] 'set_property' expects at least one object. [/home/cah/r2d2/code/fpga/fable5_llm/synth/out_ctl_B/proj/ctlB.srcs/constrs_1/imports/constraints/BCU1525_DIMM0.xdc:41]
Resolution: If [get_<value>] was used to populate the object, check to make sure this command returns at least one valid object.
WARNING: [Vivado 12-584] No ports matched 'C0_DDR4_0_adr[3]'. [/home/cah/r2d2/code/fpga/fable5_llm/synth/out_ctl_B/proj/ctlB.srcs/constrs_1/imports/constraints/BCU1525_DIMM0.xdc:42]
CRITICAL WARNING: [Common 17-55] 'set_property' expects at least one object. [/home/cah/r2d2/code/fpga/fable5_llm/synth/out_ctl_B/proj/ctlB.srcs/constrs_1/imports/constraints/BCU1525_DIMM0.xdc:42]
Resolution: If [get_<value>] was used to populate the object, check to make sure this command returns at least one valid object.
WARNING: [Vivado 12-584] No ports matched 'C0_DDR4_0_adr[4]'. [/home/cah/r2d2/code/fpga/fable5_llm/synth/out_ctl_B/proj/ctlB.srcs/constrs_1/imports/constraints/BCU1525_DIMM0.xdc:43]
CRITICAL WARNING: [Common 17-55] 'set_property' expects at least one object. [/home/cah/r2d2/code/fpga/fable5_llm/synth/out_ctl_B/proj/ctlB.srcs/constrs_1/imports/constraints/BCU1525_DIMM0.xdc:43]
Resolution: If [get_<value>] was used to populate the object, check to make sure this command returns at least one valid object.
WARNING: [Vivado 12-584] No ports matched 'C0_DDR4_0_adr[5]'. [/home/cah/r2d2/code/fpga/fable5_llm/synth/out_ctl_B/proj/ctlB.srcs/constrs_1/imports/constraints/BCU1525_DIMM0.xdc:44]
CRITICAL WARNING: [Common 17-55] 'set_property' expects at least one object. [/home/cah/r2d2/code/fpga/fable5_llm/synth/out_ctl_B/proj/ctlB.srcs/constrs_1/imports/constraints/BCU1525_DIMM0.xdc:44]
Resolution: If [get_<value>] was used to populate the object, check to make sure this command returns at least one valid object.
WARNING: [Vivado 12-584] No ports matched 'C0_DDR4_0_adr[6]'. [/home/cah/r2d2/code/fpga/fable5_llm/synth/out_ctl_B/proj/ctlB.srcs/constrs_1/imports/constraints/BCU1525_DIMM0.xdc:45]
CRITICAL WARNING: [Common 17-55] 'set_property' expects at least one object. [/home/cah/r2d2/code/fpga/fable5_llm/synth/out_ctl_B/proj/ctlB.srcs/constrs_1/imports/constraints/BCU1525_DIMM0.xdc:45]
Resolution: If [get_<value>] was used to populate the object, check to make sure this command returns at least one valid object.
WARNING: [Vivado 12-584] No ports matched 'C0_DDR4_0_adr[7]'. [/home/cah/r2d2/code/fpga/fable5_llm/synth/out_ctl_B/proj/ctlB.srcs/constrs_1/imports/constraints/BCU1525_DIMM0.xdc:46]
CRITICAL WARNING: [Common 17-55] 'set_property' expects at least one object. [/home/cah/r2d2/code/fpga/fable5_llm/synth/out_ctl_B/proj/ctlB.srcs/constrs_1/imports/constraints/BCU1525_DIMM0.xdc:46]
Resolution: If [get_<value>] was used to populate the object, check to make sure this command returns at least one valid object.
WARNING: [Vivado 12-584] No ports matched 'C0_DDR4_0_adr[8]'. [/home/cah/r2d2/code/fpga/fable5_llm/synth/out_ctl_B/proj/ctlB.srcs/constrs_1/imports/constraints/BCU1525_DIMM0.xdc:47]
CRITICAL WARNING: [Common 17-55] 'set_property' expects at least one object. [/home/cah/r2d2/code/fpga/fable5_llm/synth/out_ctl_B/proj/ctlB.srcs/constrs_1/imports/constraints/BCU1525_DIMM0.xdc:47]
Resolution: If [get_<value>] was used to populate the object, check to make sure this command returns at least one valid object.
WARNING: [Vivado 12-584] No ports matched 'C0_DDR4_0_adr[9]'. [/home/cah/r2d2/code/fpga/fable5_llm/synth/out_ctl_B/proj/ctlB.srcs/constrs_1/imports/constraints/BCU1525_DIMM0.xdc:48]
CRITICAL WARNING: [Common 17-55] 'set_property' expects at least one object. [/home/cah/r2d2/code/fpga/fable5_llm/synth/out_ctl_B/proj/ctlB.srcs/constrs_1/imports/constraints/BCU1525_DIMM0.xdc:48]
Resolution: If [get_<value>] was used to populate the object, check to make sure this command returns at least one valid object.
WARNING: [Vivado 12-584] No ports matched 'C0_DDR4_0_adr[10]'. [/home/cah/r2d2/code/fpga/fable5_llm/synth/out_ctl_B/proj/ctlB.srcs/constrs_1/imports/constraints/BCU1525_DIMM0.xdc:49]
CRITICAL WARNING: [Common 17-55] 'set_property' expects at least one object. [/home/cah/r2d2/code/fpga/fable5_llm/synth/out_ctl_B/proj/ctlB.srcs/constrs_1/imports/constraints/BCU1525_DIMM0.xdc:49]
Resolution: If [get_<value>] was used to populate the object, check to make sure this command returns at least one valid object.
WARNING: [Vivado 12-584] No ports matched 'C0_DDR4_0_adr[11]'. [/home/cah/r2d2/code/fpga/fable5_llm/synth/out_ctl_B/proj/ctlB.srcs/constrs_1/imports/constraints/BCU1525_DIMM0.xdc:50]
CRITICAL WARNING: [Common 17-55] 'set_property' expects at least one object. [/home/cah/r2d2/code/fpga/fable5_llm/synth/out_ctl_B/proj/ctlB.srcs/constrs_1/imports/constraints/BCU1525_DIMM0.xdc:50]
Resolution: If [get_<value>] was used to populate the object, check to make sure this command returns at least one valid object.
WARNING: [Vivado 12-584] No ports matched 'C0_DDR4_0_adr[12]'. [/home/cah/r2d2/code/fpga/fable5_llm/synth/out_ctl_B/proj/ctlB.srcs/constrs_1/imports/constraints/BCU1525_DIMM0.xdc:51]
CRITICAL WARNING: [Common 17-55] 'set_property' expects at least one object. [/home/cah/r2d2/code/fpga/fable5_llm/synth/out_ctl_B/proj/ctlB.srcs/constrs_1/imports/constraints/BCU1525_DIMM0.xdc:51]
Resolution: If [get_<value>] was used to populate the object, check to make sure this command returns at least one valid object.
WARNING: [Vivado 12-584] No ports matched 'C0_DDR4_0_adr[13]'. [/home/cah/r2d2/code/fpga/fable5_llm/synth/out_ctl_B/proj/ctlB.srcs/constrs_1/imports/constraints/BCU1525_DIMM0.xdc:52]
CRITICAL WARNING: [Common 17-55] 'set_property' expects at least one object. [/home/cah/r2d2/code/fpga/fable5_llm/synth/out_ctl_B/proj/ctlB.srcs/constrs_1/imports/constraints/BCU1525_DIMM0.xdc:52]
Resolution: If [get_<value>] was used to populate the object, check to make sure this command returns at least one valid object.
WARNING: [Vivado 12-584] No ports matched 'C0_DDR4_0_adr[14]'. [/home/cah/r2d2/code/fpga/fable5_llm/synth/out_ctl_B/proj/ctlB.srcs/constrs_1/imports/constraints/BCU1525_DIMM0.xdc:53]
CRITICAL WARNING: [Common 17-55] 'set_property' expects at least one object. [/home/cah/r2d2/code/fpga/fable5_llm/synth/out_ctl_B/proj/ctlB.srcs/constrs_1/imports/constraints/BCU1525_DIMM0.xdc:53]
Resolution: If [get_<value>] was used to populate the object, check to make sure this command returns at least one valid object.
WARNING: [Vivado 12-584] No ports matched 'C0_DDR4_0_adr[15]'. [/home/cah/r2d2/code/fpga/fable5_llm/synth/out_ctl_B/proj/ctlB.srcs/constrs_1/imports/constraints/BCU1525_DIMM0.xdc:54]
CRITICAL WARNING: [Common 17-55] 'set_property' expects at least one object. [/home/cah/r2d2/code/fpga/fable5_llm/synth/out_ctl_B/proj/ctlB.srcs/constrs_1/imports/constraints/BCU1525_DIMM0.xdc:54]
Resolution: If [get_<value>] was used to populate the object, check to make sure this command returns at least one valid object.
WARNING: [Vivado 12-584] No ports matched 'C0_DDR4_0_adr[16]'. [/home/cah/r2d2/code/fpga/fable5_llm/synth/out_ctl_B/proj/ctlB.srcs/constrs_1/imports/constraints/BCU1525_DIMM0.xdc:55]
CRITICAL WARNING: [Common 17-55] 'set_property' expects at least one object. [/home/cah/r2d2/code/fpga/fable5_llm/synth/out_ctl_B/proj/ctlB.srcs/constrs_1/imports/constraints/BCU1525_DIMM0.xdc:55]
Resolution: If [get_<value>] was used to populate the object, check to make sure this command returns at least one valid object.
WARNING: [Vivado 12-584] No ports matched 'C0_DDR4_0_dq[0]'. [/home/cah/r2d2/code/fpga/fable5_llm/synth/out_ctl_B/proj/ctlB.srcs/constrs_1/imports/constraints/BCU1525_DIMM0.xdc:57]
CRITICAL WARNING: [Common 17-55] 'set_property' expects at least one object. [/home/cah/r2d2/code/fpga/fable5_llm/synth/out_ctl_B/proj/ctlB.srcs/constrs_1/imports/constraints/BCU1525_DIMM0.xdc:57]
Resolution: If [get_<value>] was used to populate the object, check to make sure this command returns at least one valid object.
WARNING: [Vivado 12-584] No ports matched 'C0_DDR4_0_dq[1]'. [/home/cah/r2d2/code/fpga/fable5_llm/synth/out_ctl_B/proj/ctlB.srcs/constrs_1/imports/constraints/BCU1525_DIMM0.xdc:58]
CRITICAL WARNING: [Common 17-55] 'set_property' expects at least one object. [/home/cah/r2d2/code/fpga/fable5_llm/synth/out_ctl_B/proj/ctlB.srcs/constrs_1/imports/constraints/BCU1525_DIMM0.xdc:58]
Resolution: If [get_<value>] was used to populate the object, check to make sure this command returns at least one valid object.
WARNING: [Vivado 12-584] No ports matched 'C0_DDR4_0_dq[2]'. [/home/cah/r2d2/code/fpga/fable5_llm/synth/out_ctl_B/proj/ctlB.srcs/constrs_1/imports/constraints/BCU1525_DIMM0.xdc:59]
CRITICAL WARNING: [Common 17-55] 'set_property' expects at least one object. [/home/cah/r2d2/code/fpga/fable5_llm/synth/out_ctl_B/proj/ctlB.srcs/constrs_1/imports/constraints/BCU1525_DIMM0.xdc:59]
Resolution: If [get_<value>] was used to populate the object, check to make sure this command returns at least one valid object.
WARNING: [Vivado 12-584] No ports matched 'C0_DDR4_0_dq[3]'. [/home/cah/r2d2/code/fpga/fable5_llm/synth/out_ctl_B/proj/ctlB.srcs/constrs_1/imports/constraints/BCU1525_DIMM0.xdc:60]
CRITICAL WARNING: [Common 17-55] 'set_property' expects at least one object. [/home/cah/r2d2/code/fpga/fable5_llm/synth/out_ctl_B/proj/ctlB.srcs/constrs_1/imports/constraints/BCU1525_DIMM0.xdc:60]
Resolution: If [get_<value>] was used to populate the object, check to make sure this command returns at least one valid object.
WARNING: [Vivado 12-584] No ports matched 'C0_DDR4_0_dq[4]'. [/home/cah/r2d2/code/fpga/fable5_llm/synth/out_ctl_B/proj/ctlB.srcs/constrs_1/imports/constraints/BCU1525_DIMM0.xdc:61]
CRITICAL WARNING: [Common 17-55] 'set_property' expects at least one object. [/home/cah/r2d2/code/fpga/fable5_llm/synth/out_ctl_B/proj/ctlB.srcs/constrs_1/imports/constraints/BCU1525_DIMM0.xdc:61]
Resolution: If [get_<value>] was used to populate the object, check to make sure this command returns at least one valid object.
WARNING: [Vivado 12-584] No ports matched 'C0_DDR4_0_dq[5]'. [/home/cah/r2d2/code/fpga/fable5_llm/synth/out_ctl_B/proj/ctlB.srcs/constrs_1/imports/constraints/BCU1525_DIMM0.xdc:62]
CRITICAL WARNING: [Common 17-55] 'set_property' expects at least one object. [/home/cah/r2d2/code/fpga/fable5_llm/synth/out_ctl_B/proj/ctlB.srcs/constrs_1/imports/constraints/BCU1525_DIMM0.xdc:62]
Resolution: If [get_<value>] was used to populate the object, check to make sure this command returns at least one valid object.
WARNING: [Vivado 12-584] No ports matched 'C0_DDR4_0_dq[6]'. [/home/cah/r2d2/code/fpga/fable5_llm/synth/out_ctl_B/proj/ctlB.srcs/constrs_1/imports/constraints/BCU1525_DIMM0.xdc:63]
CRITICAL WARNING: [Common 17-55] 'set_property' expects at least one object. [/home/cah/r2d2/code/fpga/fable5_llm/synth/out_ctl_B/proj/ctlB.srcs/constrs_1/imports/constraints/BCU1525_DIMM0.xdc:63]
Resolution: If [get_<value>] was used to populate the object, check to make sure this command returns at least one valid object.
WARNING: [Vivado 12-584] No ports matched 'C0_DDR4_0_dq[7]'. [/home/cah/r2d2/code/fpga/fable5_llm/synth/out_ctl_B/proj/ctlB.srcs/constrs_1/imports/constraints/BCU1525_DIMM0.xdc:64]
CRITICAL WARNING: [Common 17-55] 'set_property' expects at least one object. [/home/cah/r2d2/code/fpga/fable5_llm/synth/out_ctl_B/proj/ctlB.srcs/constrs_1/imports/constraints/BCU1525_DIMM0.xdc:64]
Resolution: If [get_<value>] was used to populate the object, check to make sure this command returns at least one valid object.
WARNING: [Vivado 12-584] No ports matched 'C0_DDR4_0_dq[8]'. [/home/cah/r2d2/code/fpga/fable5_llm/synth/out_ctl_B/proj/ctlB.srcs/constrs_1/imports/constraints/BCU1525_DIMM0.xdc:65]
CRITICAL WARNING: [Common 17-55] 'set_property' expects at least one object. [/home/cah/r2d2/code/fpga/fable5_llm/synth/out_ctl_B/proj/ctlB.srcs/constrs_1/imports/constraints/BCU1525_DIMM0.xdc:65]
Resolution: If [get_<value>] was used to populate the object, check to make sure this command returns at least one valid object.
WARNING: [Vivado 12-584] No ports matched 'C0_DDR4_0_dq[9]'. [/home/cah/r2d2/code/fpga/fable5_llm/synth/out_ctl_B/proj/ctlB.srcs/constrs_1/imports/constraints/BCU1525_DIMM0.xdc:66]
CRITICAL WARNING: [Common 17-55] 'set_property' expects at least one object. [/home/cah/r2d2/code/fpga/fable5_llm/synth/out_ctl_B/proj/ctlB.srcs/constrs_1/imports/constraints/BCU1525_DIMM0.xdc:66]
Resolution: If [get_<value>] was used to populate the object, check to make sure this command returns at least one valid object.
WARNING: [Vivado 12-584] No ports matched 'C0_DDR4_0_dq[10]'. [/home/cah/r2d2/code/fpga/fable5_llm/synth/out_ctl_B/proj/ctlB.srcs/constrs_1/imports/constraints/BCU1525_DIMM0.xdc:67]
CRITICAL WARNING: [Common 17-55] 'set_property' expects at least one object. [/home/cah/r2d2/code/fpga/fable5_llm/synth/out_ctl_B/proj/ctlB.srcs/constrs_1/imports/constraints/BCU1525_DIMM0.xdc:67]
Resolution: If [get_<value>] was used to populate the object, check to make sure this command returns at least one valid object.
WARNING: [Vivado 12-584] No ports matched 'C0_DDR4_0_dq[11]'. [/home/cah/r2d2/code/fpga/fable5_llm/synth/out_ctl_B/proj/ctlB.srcs/constrs_1/imports/constraints/BCU1525_DIMM0.xdc:68]
CRITICAL WARNING: [Common 17-55] 'set_property' expects at least one object. [/home/cah/r2d2/code/fpga/fable5_llm/synth/out_ctl_B/proj/ctlB.srcs/constrs_1/imports/constraints/BCU1525_DIMM0.xdc:68]
Resolution: If [get_<value>] was used to populate the object, check to make sure this command returns at least one valid object.
WARNING: [Vivado 12-584] No ports matched 'C0_DDR4_0_dq[12]'. [/home/cah/r2d2/code/fpga/fable5_llm/synth/out_ctl_B/proj/ctlB.srcs/constrs_1/imports/constraints/BCU1525_DIMM0.xdc:69]
CRITICAL WARNING: [Common 17-55] 'set_property' expects at least one object. [/home/cah/r2d2/code/fpga/fable5_llm/synth/out_ctl_B/proj/ctlB.srcs/constrs_1/imports/constraints/BCU1525_DIMM0.xdc:69]
Resolution: If [get_<value>] was used to populate the object, check to make sure this command returns at least one valid object.
WARNING: [Vivado 12-584] No ports matched 'C0_DDR4_0_dq[13]'. [/home/cah/r2d2/code/fpga/fable5_llm/synth/out_ctl_B/proj/ctlB.srcs/constrs_1/imports/constraints/BCU1525_DIMM0.xdc:70]
CRITICAL WARNING: [Common 17-55] 'set_property' expects at least one object. [/home/cah/r2d2/code/fpga/fable5_llm/synth/out_ctl_B/proj/ctlB.srcs/constrs_1/imports/constraints/BCU1525_DIMM0.xdc:70]
Resolution: If [get_<value>] was used to populate the object, check to make sure this command returns at least one valid object.
WARNING: [Vivado 12-584] No ports matched 'C0_DDR4_0_dq[14]'. [/home/cah/r2d2/code/fpga/fable5_llm/synth/out_ctl_B/proj/ctlB.srcs/constrs_1/imports/constraints/BCU1525_DIMM0.xdc:71]
CRITICAL WARNING: [Common 17-55] 'set_property' expects at least one object. [/home/cah/r2d2/code/fpga/fable5_llm/synth/out_ctl_B/proj/ctlB.srcs/constrs_1/imports/constraints/BCU1525_DIMM0.xdc:71]
Resolution: If [get_<value>] was used to populate the object, check to make sure this command returns at least one valid object.
WARNING: [Vivado 12-584] No ports matched 'C0_DDR4_0_dq[15]'. [/home/cah/r2d2/code/fpga/fable5_llm/synth/out_ctl_B/proj/ctlB.srcs/constrs_1/imports/constraints/BCU1525_DIMM0.xdc:72]
CRITICAL WARNING: [Common 17-55] 'set_property' expects at least one object. [/home/cah/r2d2/code/fpga/fable5_llm/synth/out_ctl_B/proj/ctlB.srcs/constrs_1/imports/constraints/BCU1525_DIMM0.xdc:72]
Resolution: If [get_<value>] was used to populate the object, check to make sure this command returns at least one valid object.
WARNING: [Vivado 12-584] No ports matched 'C0_DDR4_0_dq[16]'. [/home/cah/r2d2/code/fpga/fable5_llm/synth/out_ctl_B/proj/ctlB.srcs/constrs_1/imports/constraints/BCU1525_DIMM0.xdc:73]
CRITICAL WARNING: [Common 17-55] 'set_property' expects at least one object. [/home/cah/r2d2/code/fpga/fable5_llm/synth/out_ctl_B/proj/ctlB.srcs/constrs_1/imports/constraints/BCU1525_DIMM0.xdc:73]
Resolution: If [get_<value>] was used to populate the object, check to make sure this command returns at least one valid object.
WARNING: [Vivado 12-584] No ports matched 'C0_DDR4_0_dq[17]'. [/home/cah/r2d2/code/fpga/fable5_llm/synth/out_ctl_B/proj/ctlB.srcs/constrs_1/imports/constraints/BCU1525_DIMM0.xdc:74]
CRITICAL WARNING: [Common 17-55] 'set_property' expects at least one object. [/home/cah/r2d2/code/fpga/fable5_llm/synth/out_ctl_B/proj/ctlB.srcs/constrs_1/imports/constraints/BCU1525_DIMM0.xdc:74]
Resolution: If [get_<value>] was used to populate the object, check to make sure this command returns at least one valid object.
WARNING: [Vivado 12-584] No ports matched 'C0_DDR4_0_dq[18]'. [/home/cah/r2d2/code/fpga/fable5_llm/synth/out_ctl_B/proj/ctlB.srcs/constrs_1/imports/constraints/BCU1525_DIMM0.xdc:75]
CRITICAL WARNING: [Common 17-55] 'set_property' expects at least one object. [/home/cah/r2d2/code/fpga/fable5_llm/synth/out_ctl_B/proj/ctlB.srcs/constrs_1/imports/constraints/BCU1525_DIMM0.xdc:75]
Resolution: If [get_<value>] was used to populate the object, check to make sure this command returns at least one valid object.
WARNING: [Vivado 12-584] No ports matched 'C0_DDR4_0_dq[19]'. [/home/cah/r2d2/code/fpga/fable5_llm/synth/out_ctl_B/proj/ctlB.srcs/constrs_1/imports/constraints/BCU1525_DIMM0.xdc:76]
CRITICAL WARNING: [Common 17-55] 'set_property' expects at least one object. [/home/cah/r2d2/code/fpga/fable5_llm/synth/out_ctl_B/proj/ctlB.srcs/constrs_1/imports/constraints/BCU1525_DIMM0.xdc:76]
Resolution: If [get_<value>] was used to populate the object, check to make sure this command returns at least one valid object.
WARNING: [Vivado 12-584] No ports matched 'C0_DDR4_0_dq[20]'. [/home/cah/r2d2/code/fpga/fable5_llm/synth/out_ctl_B/proj/ctlB.srcs/constrs_1/imports/constraints/BCU1525_DIMM0.xdc:77]
CRITICAL WARNING: [Common 17-55] 'set_property' expects at least one object. [/home/cah/r2d2/code/fpga/fable5_llm/synth/out_ctl_B/proj/ctlB.srcs/constrs_1/imports/constraints/BCU1525_DIMM0.xdc:77]
Resolution: If [get_<value>] was used to populate the object, check to make sure this command returns at least one valid object.
WARNING: [Vivado 12-584] No ports matched 'C0_DDR4_0_dq[21]'. [/home/cah/r2d2/code/fpga/fable5_llm/synth/out_ctl_B/proj/ctlB.srcs/constrs_1/imports/constraints/BCU1525_DIMM0.xdc:78]
CRITICAL WARNING: [Common 17-55] 'set_property' expects at least one object. [/home/cah/r2d2/code/fpga/fable5_llm/synth/out_ctl_B/proj/ctlB.srcs/constrs_1/imports/constraints/BCU1525_DIMM0.xdc:78]
Resolution: If [get_<value>] was used to populate the object, check to make sure this command returns at least one valid object.
WARNING: [Vivado 12-584] No ports matched 'C0_DDR4_0_dq[22]'. [/home/cah/r2d2/code/fpga/fable5_llm/synth/out_ctl_B/proj/ctlB.srcs/constrs_1/imports/constraints/BCU1525_DIMM0.xdc:79]
CRITICAL WARNING: [Common 17-55] 'set_property' expects at least one object. [/home/cah/r2d2/code/fpga/fable5_llm/synth/out_ctl_B/proj/ctlB.srcs/constrs_1/imports/constraints/BCU1525_DIMM0.xdc:79]
Resolution: If [get_<value>] was used to populate the object, check to make sure this command returns at least one valid object.
WARNING: [Vivado 12-584] No ports matched 'C0_DDR4_0_dq[23]'. [/home/cah/r2d2/code/fpga/fable5_llm/synth/out_ctl_B/proj/ctlB.srcs/constrs_1/imports/constraints/BCU1525_DIMM0.xdc:80]
CRITICAL WARNING: [Common 17-55] 'set_property' expects at least one object. [/home/cah/r2d2/code/fpga/fable5_llm/synth/out_ctl_B/proj/ctlB.srcs/constrs_1/imports/constraints/BCU1525_DIMM0.xdc:80]
Resolution: If [get_<value>] was used to populate the object, check to make sure this command returns at least one valid object.
WARNING: [Vivado 12-584] No ports matched 'C0_DDR4_0_dq[24]'. [/home/cah/r2d2/code/fpga/fable5_llm/synth/out_ctl_B/proj/ctlB.srcs/constrs_1/imports/constraints/BCU1525_DIMM0.xdc:81]
CRITICAL WARNING: [Common 17-55] 'set_property' expects at least one object. [/home/cah/r2d2/code/fpga/fable5_llm/synth/out_ctl_B/proj/ctlB.srcs/constrs_1/imports/constraints/BCU1525_DIMM0.xdc:81]
Resolution: If [get_<value>] was used to populate the object, check to make sure this command returns at least one valid object.
WARNING: [Vivado 12-584] No ports matched 'C0_DDR4_0_dq[25]'. [/home/cah/r2d2/code/fpga/fable5_llm/synth/out_ctl_B/proj/ctlB.srcs/constrs_1/imports/constraints/BCU1525_DIMM0.xdc:82]
CRITICAL WARNING: [Common 17-55] 'set_property' expects at least one object. [/home/cah/r2d2/code/fpga/fable5_llm/synth/out_ctl_B/proj/ctlB.srcs/constrs_1/imports/constraints/BCU1525_DIMM0.xdc:82]
Resolution: If [get_<value>] was used to populate the object, check to make sure this command returns at least one valid object.
WARNING: [Vivado 12-584] No ports matched 'C0_DDR4_0_dq[26]'. [/home/cah/r2d2/code/fpga/fable5_llm/synth/out_ctl_B/proj/ctlB.srcs/constrs_1/imports/constraints/BCU1525_DIMM0.xdc:83]
CRITICAL WARNING: [Common 17-55] 'set_property' expects at least one object. [/home/cah/r2d2/code/fpga/fable5_llm/synth/out_ctl_B/proj/ctlB.srcs/constrs_1/imports/constraints/BCU1525_DIMM0.xdc:83]
Resolution: If [get_<value>] was used to populate the object, check to make sure this command returns at least one valid object.
WARNING: [Vivado 12-584] No ports matched 'C0_DDR4_0_dq[27]'. [/home/cah/r2d2/code/fpga/fable5_llm/synth/out_ctl_B/proj/ctlB.srcs/constrs_1/imports/constraints/BCU1525_DIMM0.xdc:84]
CRITICAL WARNING: [Common 17-55] 'set_property' expects at least one object. [/home/cah/r2d2/code/fpga/fable5_llm/synth/out_ctl_B/proj/ctlB.srcs/constrs_1/imports/constraints/BCU1525_DIMM0.xdc:84]
Resolution: If [get_<value>] was used to populate the object, check to make sure this command returns at least one valid object.
WARNING: [Vivado 12-584] No ports matched 'C0_DDR4_0_dq[28]'. [/home/cah/r2d2/code/fpga/fable5_llm/synth/out_ctl_B/proj/ctlB.srcs/constrs_1/imports/constraints/BCU1525_DIMM0.xdc:85]
CRITICAL WARNING: [Common 17-55] 'set_property' expects at least one object. [/home/cah/r2d2/code/fpga/fable5_llm/synth/out_ctl_B/proj/ctlB.srcs/constrs_1/imports/constraints/BCU1525_DIMM0.xdc:85]
Resolution: If [get_<value>] was used to populate the object, check to make sure this command returns at least one valid object.
WARNING: [Vivado 12-584] No ports matched 'C0_DDR4_0_dq[29]'. [/home/cah/r2d2/code/fpga/fable5_llm/synth/out_ctl_B/proj/ctlB.srcs/constrs_1/imports/constraints/BCU1525_DIMM0.xdc:86]
CRITICAL WARNING: [Common 17-55] 'set_property' expects at least one object. [/home/cah/r2d2/code/fpga/fable5_llm/synth/out_ctl_B/proj/ctlB.srcs/constrs_1/imports/constraints/BCU1525_DIMM0.xdc:86]
Resolution: If [get_<value>] was used to populate the object, check to make sure this command returns at least one valid object.
WARNING: [Vivado 12-584] No ports matched 'C0_DDR4_0_dq[30]'. [/home/cah/r2d2/code/fpga/fable5_llm/synth/out_ctl_B/proj/ctlB.srcs/constrs_1/imports/constraints/BCU1525_DIMM0.xdc:87]
CRITICAL WARNING: [Common 17-55] 'set_property' expects at least one object. [/home/cah/r2d2/code/fpga/fable5_llm/synth/out_ctl_B/proj/ctlB.srcs/constrs_1/imports/constraints/BCU1525_DIMM0.xdc:87]
Resolution: If [get_<value>] was used to populate the object, check to make sure this command returns at least one valid object.
WARNING: [Vivado 12-584] No ports matched 'C0_DDR4_0_dq[31]'. [/home/cah/r2d2/code/fpga/fable5_llm/synth/out_ctl_B/proj/ctlB.srcs/constrs_1/imports/constraints/BCU1525_DIMM0.xdc:88]
CRITICAL WARNING: [Common 17-55] 'set_property' expects at least one object. [/home/cah/r2d2/code/fpga/fable5_llm/synth/out_ctl_B/proj/ctlB.srcs/constrs_1/imports/constraints/BCU1525_DIMM0.xdc:88]
Resolution: If [get_<value>] was used to populate the object, check to make sure this command returns at least one valid object.
WARNING: [Vivado 12-584] No ports matched 'C0_DDR4_0_dq[32]'. [/home/cah/r2d2/code/fpga/fable5_llm/synth/out_ctl_B/proj/ctlB.srcs/constrs_1/imports/constraints/BCU1525_DIMM0.xdc:89]
CRITICAL WARNING: [Common 17-55] 'set_property' expects at least one object. [/home/cah/r2d2/code/fpga/fable5_llm/synth/out_ctl_B/proj/ctlB.srcs/constrs_1/imports/constraints/BCU1525_DIMM0.xdc:89]
Resolution: If [get_<value>] was used to populate the object, check to make sure this command returns at least one valid object.
WARNING: [Vivado 12-584] No ports matched 'C0_DDR4_0_dq[33]'. [/home/cah/r2d2/code/fpga/fable5_llm/synth/out_ctl_B/proj/ctlB.srcs/constrs_1/imports/constraints/BCU1525_DIMM0.xdc:90]
CRITICAL WARNING: [Common 17-55] 'set_property' expects at least one object. [/home/cah/r2d2/code/fpga/fable5_llm/synth/out_ctl_B/proj/ctlB.srcs/constrs_1/imports/constraints/BCU1525_DIMM0.xdc:90]
Resolution: If [get_<value>] was used to populate the object, check to make sure this command returns at least one valid object.
WARNING: [Vivado 12-584] No ports matched 'C0_DDR4_0_dq[34]'. [/home/cah/r2d2/code/fpga/fable5_llm/synth/out_ctl_B/proj/ctlB.srcs/constrs_1/imports/constraints/BCU1525_DIMM0.xdc:91]
CRITICAL WARNING: [Common 17-55] 'set_property' expects at least one object. [/home/cah/r2d2/code/fpga/fable5_llm/synth/out_ctl_B/proj/ctlB.srcs/constrs_1/imports/constraints/BCU1525_DIMM0.xdc:91]
Resolution: If [get_<value>] was used to populate the object, check to make sure this command returns at least one valid object.
WARNING: [Vivado 12-584] No ports matched 'C0_DDR4_0_dq[35]'. [/home/cah/r2d2/code/fpga/fable5_llm/synth/out_ctl_B/proj/ctlB.srcs/constrs_1/imports/constraints/BCU1525_DIMM0.xdc:92]
CRITICAL WARNING: [Common 17-55] 'set_property' expects at least one object. [/home/cah/r2d2/code/fpga/fable5_llm/synth/out_ctl_B/proj/ctlB.srcs/constrs_1/imports/constraints/BCU1525_DIMM0.xdc:92]
Resolution: If [get_<value>] was used to populate the object, check to make sure this command returns at least one valid object.
WARNING: [Vivado 12-584] No ports matched 'C0_DDR4_0_dq[36]'. [/home/cah/r2d2/code/fpga/fable5_llm/synth/out_ctl_B/proj/ctlB.srcs/constrs_1/imports/constraints/BCU1525_DIMM0.xdc:93]
CRITICAL WARNING: [Common 17-55] 'set_property' expects at least one object. [/home/cah/r2d2/code/fpga/fable5_llm/synth/out_ctl_B/proj/ctlB.srcs/constrs_1/imports/constraints/BCU1525_DIMM0.xdc:93]
Resolution: If [get_<value>] was used to populate the object, check to make sure this command returns at least one valid object.
WARNING: [Vivado 12-584] No ports matched 'C0_DDR4_0_dq[37]'. [/home/cah/r2d2/code/fpga/fable5_llm/synth/out_ctl_B/proj/ctlB.srcs/constrs_1/imports/constraints/BCU1525_DIMM0.xdc:94]
CRITICAL WARNING: [Common 17-55] 'set_property' expects at least one object. [/home/cah/r2d2/code/fpga/fable5_llm/synth/out_ctl_B/proj/ctlB.srcs/constrs_1/imports/constraints/BCU1525_DIMM0.xdc:94]
Resolution: If [get_<value>] was used to populate the object, check to make sure this command returns at least one valid object.
WARNING: [Vivado 12-584] No ports matched 'C0_DDR4_0_dq[38]'. [/home/cah/r2d2/code/fpga/fable5_llm/synth/out_ctl_B/proj/ctlB.srcs/constrs_1/imports/constraints/BCU1525_DIMM0.xdc:95]
CRITICAL WARNING: [Common 17-55] 'set_property' expects at least one object. [/home/cah/r2d2/code/fpga/fable5_llm/synth/out_ctl_B/proj/ctlB.srcs/constrs_1/imports/constraints/BCU1525_DIMM0.xdc:95]
Resolution: If [get_<value>] was used to populate the object, check to make sure this command returns at least one valid object.
WARNING: [Vivado 12-584] No ports matched 'C0_DDR4_0_dq[39]'. [/home/cah/r2d2/code/fpga/fable5_llm/synth/out_ctl_B/proj/ctlB.srcs/constrs_1/imports/constraints/BCU1525_DIMM0.xdc:96]
CRITICAL WARNING: [Common 17-55] 'set_property' expects at least one object. [/home/cah/r2d2/code/fpga/fable5_llm/synth/out_ctl_B/proj/ctlB.srcs/constrs_1/imports/constraints/BCU1525_DIMM0.xdc:96]
Resolution: If [get_<value>] was used to populate the object, check to make sure this command returns at least one valid object.
WARNING: [Vivado 12-584] No ports matched 'C0_DDR4_0_dq[40]'. [/home/cah/r2d2/code/fpga/fable5_llm/synth/out_ctl_B/proj/ctlB.srcs/constrs_1/imports/constraints/BCU1525_DIMM0.xdc:97]
CRITICAL WARNING: [Common 17-55] 'set_property' expects at least one object. [/home/cah/r2d2/code/fpga/fable5_llm/synth/out_ctl_B/proj/ctlB.srcs/constrs_1/imports/constraints/BCU1525_DIMM0.xdc:97]
Resolution: If [get_<value>] was used to populate the object, check to make sure this command returns at least one valid object.
WARNING: [Vivado 12-584] No ports matched 'C0_DDR4_0_dq[41]'. [/home/cah/r2d2/code/fpga/fable5_llm/synth/out_ctl_B/proj/ctlB.srcs/constrs_1/imports/constraints/BCU1525_DIMM0.xdc:98]
CRITICAL WARNING: [Common 17-55] 'set_property' expects at least one object. [/home/cah/r2d2/code/fpga/fable5_llm/synth/out_ctl_B/proj/ctlB.srcs/constrs_1/imports/constraints/BCU1525_DIMM0.xdc:98]
Resolution: If [get_<value>] was used to populate the object, check to make sure this command returns at least one valid object.
WARNING: [Vivado 12-584] No ports matched 'C0_DDR4_0_dq[42]'. [/home/cah/r2d2/code/fpga/fable5_llm/synth/out_ctl_B/proj/ctlB.srcs/constrs_1/imports/constraints/BCU1525_DIMM0.xdc:99]
CRITICAL WARNING: [Common 17-55] 'set_property' expects at least one object. [/home/cah/r2d2/code/fpga/fable5_llm/synth/out_ctl_B/proj/ctlB.srcs/constrs_1/imports/constraints/BCU1525_DIMM0.xdc:99]
Resolution: If [get_<value>] was used to populate the object, check to make sure this command returns at least one valid object.
WARNING: [Vivado 12-584] No ports matched 'C0_DDR4_0_dq[43]'. [/home/cah/r2d2/code/fpga/fable5_llm/synth/out_ctl_B/proj/ctlB.srcs/constrs_1/imports/constraints/BCU1525_DIMM0.xdc:100]
CRITICAL WARNING: [Common 17-55] 'set_property' expects at least one object. [/home/cah/r2d2/code/fpga/fable5_llm/synth/out_ctl_B/proj/ctlB.srcs/constrs_1/imports/constraints/BCU1525_DIMM0.xdc:100]
Resolution: If [get_<value>] was used to populate the object, check to make sure this command returns at least one valid object.
WARNING: [Vivado 12-584] No ports matched 'C0_DDR4_0_dq[44]'. [/home/cah/r2d2/code/fpga/fable5_llm/synth/out_ctl_B/proj/ctlB.srcs/constrs_1/imports/constraints/BCU1525_DIMM0.xdc:101]
CRITICAL WARNING: [Common 17-55] 'set_property' expects at least one object. [/home/cah/r2d2/code/fpga/fable5_llm/synth/out_ctl_B/proj/ctlB.srcs/constrs_1/imports/constraints/BCU1525_DIMM0.xdc:101]
Resolution: If [get_<value>] was used to populate the object, check to make sure this command returns at least one valid object.
WARNING: [Vivado 12-584] No ports matched 'C0_DDR4_0_dq[45]'. [/home/cah/r2d2/code/fpga/fable5_llm/synth/out_ctl_B/proj/ctlB.srcs/constrs_1/imports/constraints/BCU1525_DIMM0.xdc:102]
CRITICAL WARNING: [Common 17-55] 'set_property' expects at least one object. [/home/cah/r2d2/code/fpga/fable5_llm/synth/out_ctl_B/proj/ctlB.srcs/constrs_1/imports/constraints/BCU1525_DIMM0.xdc:102]
Resolution: If [get_<value>] was used to populate the object, check to make sure this command returns at least one valid object.
WARNING: [Vivado 12-584] No ports matched 'C0_DDR4_0_dq[46]'. [/home/cah/r2d2/code/fpga/fable5_llm/synth/out_ctl_B/proj/ctlB.srcs/constrs_1/imports/constraints/BCU1525_DIMM0.xdc:103]
CRITICAL WARNING: [Common 17-55] 'set_property' expects at least one object. [/home/cah/r2d2/code/fpga/fable5_llm/synth/out_ctl_B/proj/ctlB.srcs/constrs_1/imports/constraints/BCU1525_DIMM0.xdc:103]
Resolution: If [get_<value>] was used to populate the object, check to make sure this command returns at least one valid object.
WARNING: [Vivado 12-584] No ports matched 'C0_DDR4_0_dq[47]'. [/home/cah/r2d2/code/fpga/fable5_llm/synth/out_ctl_B/proj/ctlB.srcs/constrs_1/imports/constraints/BCU1525_DIMM0.xdc:104]
CRITICAL WARNING: [Common 17-55] 'set_property' expects at least one object. [/home/cah/r2d2/code/fpga/fable5_llm/synth/out_ctl_B/proj/ctlB.srcs/constrs_1/imports/constraints/BCU1525_DIMM0.xdc:104]
Resolution: If [get_<value>] was used to populate the object, check to make sure this command returns at least one valid object.
WARNING: [Vivado 12-584] No ports matched 'C0_DDR4_0_dq[48]'. [/home/cah/r2d2/code/fpga/fable5_llm/synth/out_ctl_B/proj/ctlB.srcs/constrs_1/imports/constraints/BCU1525_DIMM0.xdc:105]
CRITICAL WARNING: [Common 17-55] 'set_property' expects at least one object. [/home/cah/r2d2/code/fpga/fable5_llm/synth/out_ctl_B/proj/ctlB.srcs/constrs_1/imports/constraints/BCU1525_DIMM0.xdc:105]
Resolution: If [get_<value>] was used to populate the object, check to make sure this command returns at least one valid object.
WARNING: [Vivado 12-584] No ports matched 'C0_DDR4_0_dq[49]'. [/home/cah/r2d2/code/fpga/fable5_llm/synth/out_ctl_B/proj/ctlB.srcs/constrs_1/imports/constraints/BCU1525_DIMM0.xdc:106]
CRITICAL WARNING: [Common 17-55] 'set_property' expects at least one object. [/home/cah/r2d2/code/fpga/fable5_llm/synth/out_ctl_B/proj/ctlB.srcs/constrs_1/imports/constraints/BCU1525_DIMM0.xdc:106]
Resolution: If [get_<value>] was used to populate the object, check to make sure this command returns at least one valid object.
WARNING: [Vivado 12-584] No ports matched 'C0_DDR4_0_dq[50]'. [/home/cah/r2d2/code/fpga/fable5_llm/synth/out_ctl_B/proj/ctlB.srcs/constrs_1/imports/constraints/BCU1525_DIMM0.xdc:107]
CRITICAL WARNING: [Common 17-55] 'set_property' expects at least one object. [/home/cah/r2d2/code/fpga/fable5_llm/synth/out_ctl_B/proj/ctlB.srcs/constrs_1/imports/constraints/BCU1525_DIMM0.xdc:107]
Resolution: If [get_<value>] was used to populate the object, check to make sure this command returns at least one valid object.
WARNING: [Vivado 12-584] No ports matched 'C0_DDR4_0_dq[51]'. [/home/cah/r2d2/code/fpga/fable5_llm/synth/out_ctl_B/proj/ctlB.srcs/constrs_1/imports/constraints/BCU1525_DIMM0.xdc:108]
CRITICAL WARNING: [Common 17-55] 'set_property' expects at least one object. [/home/cah/r2d2/code/fpga/fable5_llm/synth/out_ctl_B/proj/ctlB.srcs/constrs_1/imports/constraints/BCU1525_DIMM0.xdc:108]
Resolution: If [get_<value>] was used to populate the object, check to make sure this command returns at least one valid object.
WARNING: [Vivado 12-584] No ports matched 'C0_DDR4_0_dq[52]'. [/home/cah/r2d2/code/fpga/fable5_llm/synth/out_ctl_B/proj/ctlB.srcs/constrs_1/imports/constraints/BCU1525_DIMM0.xdc:109]
CRITICAL WARNING: [Common 17-55] 'set_property' expects at least one object. [/home/cah/r2d2/code/fpga/fable5_llm/synth/out_ctl_B/proj/ctlB.srcs/constrs_1/imports/constraints/BCU1525_DIMM0.xdc:109]
Resolution: If [get_<value>] was used to populate the object, check to make sure this command returns at least one valid object.
WARNING: [Vivado 12-584] No ports matched 'C0_DDR4_0_dq[53]'. [/home/cah/r2d2/code/fpga/fable5_llm/synth/out_ctl_B/proj/ctlB.srcs/constrs_1/imports/constraints/BCU1525_DIMM0.xdc:110]
CRITICAL WARNING: [Common 17-55] 'set_property' expects at least one object. [/home/cah/r2d2/code/fpga/fable5_llm/synth/out_ctl_B/proj/ctlB.srcs/constrs_1/imports/constraints/BCU1525_DIMM0.xdc:110]
Resolution: If [get_<value>] was used to populate the object, check to make sure this command returns at least one valid object.
WARNING: [Vivado 12-584] No ports matched 'C0_DDR4_0_dq[54]'. [/home/cah/r2d2/code/fpga/fable5_llm/synth/out_ctl_B/proj/ctlB.srcs/constrs_1/imports/constraints/BCU1525_DIMM0.xdc:111]
CRITICAL WARNING: [Common 17-55] 'set_property' expects at least one object. [/home/cah/r2d2/code/fpga/fable5_llm/synth/out_ctl_B/proj/ctlB.srcs/constrs_1/imports/constraints/BCU1525_DIMM0.xdc:111]
Resolution: If [get_<value>] was used to populate the object, check to make sure this command returns at least one valid object.
WARNING: [Vivado 12-584] No ports matched 'C0_DDR4_0_dq[55]'. [/home/cah/r2d2/code/fpga/fable5_llm/synth/out_ctl_B/proj/ctlB.srcs/constrs_1/imports/constraints/BCU1525_DIMM0.xdc:112]
CRITICAL WARNING: [Common 17-55] 'set_property' expects at least one object. [/home/cah/r2d2/code/fpga/fable5_llm/synth/out_ctl_B/proj/ctlB.srcs/constrs_1/imports/constraints/BCU1525_DIMM0.xdc:112]
Resolution: If [get_<value>] was used to populate the object, check to make sure this command returns at least one valid object.
WARNING: [Vivado 12-584] No ports matched 'C0_DDR4_0_dq[56]'. [/home/cah/r2d2/code/fpga/fable5_llm/synth/out_ctl_B/proj/ctlB.srcs/constrs_1/imports/constraints/BCU1525_DIMM0.xdc:113]
CRITICAL WARNING: [Common 17-55] 'set_property' expects at least one object. [/home/cah/r2d2/code/fpga/fable5_llm/synth/out_ctl_B/proj/ctlB.srcs/constrs_1/imports/constraints/BCU1525_DIMM0.xdc:113]
Resolution: If [get_<value>] was used to populate the object, check to make sure this command returns at least one valid object.
WARNING: [Vivado 12-584] No ports matched 'C0_DDR4_0_dq[57]'. [/home/cah/r2d2/code/fpga/fable5_llm/synth/out_ctl_B/proj/ctlB.srcs/constrs_1/imports/constraints/BCU1525_DIMM0.xdc:114]
CRITICAL WARNING: [Common 17-55] 'set_property' expects at least one object. [/home/cah/r2d2/code/fpga/fable5_llm/synth/out_ctl_B/proj/ctlB.srcs/constrs_1/imports/constraints/BCU1525_DIMM0.xdc:114]
Resolution: If [get_<value>] was used to populate the object, check to make sure this command returns at least one valid object.
WARNING: [Vivado 12-584] No ports matched 'C0_DDR4_0_dq[58]'. [/home/cah/r2d2/code/fpga/fable5_llm/synth/out_ctl_B/proj/ctlB.srcs/constrs_1/imports/constraints/BCU1525_DIMM0.xdc:115]
CRITICAL WARNING: [Common 17-55] 'set_property' expects at least one object. [/home/cah/r2d2/code/fpga/fable5_llm/synth/out_ctl_B/proj/ctlB.srcs/constrs_1/imports/constraints/BCU1525_DIMM0.xdc:115]
Resolution: If [get_<value>] was used to populate the object, check to make sure this command returns at least one valid object.
WARNING: [Vivado 12-584] No ports matched 'C0_DDR4_0_dq[59]'. [/home/cah/r2d2/code/fpga/fable5_llm/synth/out_ctl_B/proj/ctlB.srcs/constrs_1/imports/constraints/BCU1525_DIMM0.xdc:116]
CRITICAL WARNING: [Common 17-55] 'set_property' expects at least one object. [/home/cah/r2d2/code/fpga/fable5_llm/synth/out_ctl_B/proj/ctlB.srcs/constrs_1/imports/constraints/BCU1525_DIMM0.xdc:116]
Resolution: If [get_<value>] was used to populate the object, check to make sure this command returns at least one valid object.
WARNING: [Vivado 12-584] No ports matched 'C0_DDR4_0_dq[60]'. [/home/cah/r2d2/code/fpga/fable5_llm/synth/out_ctl_B/proj/ctlB.srcs/constrs_1/imports/constraints/BCU1525_DIMM0.xdc:117]
CRITICAL WARNING: [Common 17-55] 'set_property' expects at least one object. [/home/cah/r2d2/code/fpga/fable5_llm/synth/out_ctl_B/proj/ctlB.srcs/constrs_1/imports/constraints/BCU1525_DIMM0.xdc:117]
Resolution: If [get_<value>] was used to populate the object, check to make sure this command returns at least one valid object.
WARNING: [Vivado 12-584] No ports matched 'C0_DDR4_0_dq[61]'. [/home/cah/r2d2/code/fpga/fable5_llm/synth/out_ctl_B/proj/ctlB.srcs/constrs_1/imports/constraints/BCU1525_DIMM0.xdc:118]
CRITICAL WARNING: [Common 17-55] 'set_property' expects at least one object. [/home/cah/r2d2/code/fpga/fable5_llm/synth/out_ctl_B/proj/ctlB.srcs/constrs_1/imports/constraints/BCU1525_DIMM0.xdc:118]
Resolution: If [get_<value>] was used to populate the object, check to make sure this command returns at least one valid object.
WARNING: [Vivado 12-584] No ports matched 'C0_DDR4_0_dq[62]'. [/home/cah/r2d2/code/fpga/fable5_llm/synth/out_ctl_B/proj/ctlB.srcs/constrs_1/imports/constraints/BCU1525_DIMM0.xdc:119]
CRITICAL WARNING: [Common 17-55] 'set_property' expects at least one object. [/home/cah/r2d2/code/fpga/fable5_llm/synth/out_ctl_B/proj/ctlB.srcs/constrs_1/imports/constraints/BCU1525_DIMM0.xdc:119]
Resolution: If [get_<value>] was used to populate the object, check to make sure this command returns at least one valid object.
WARNING: [Vivado 12-584] No ports matched 'C0_DDR4_0_dq[63]'. [/home/cah/r2d2/code/fpga/fable5_llm/synth/out_ctl_B/proj/ctlB.srcs/constrs_1/imports/constraints/BCU1525_DIMM0.xdc:120]
CRITICAL WARNING: [Common 17-55] 'set_property' expects at least one object. [/home/cah/r2d2/code/fpga/fable5_llm/synth/out_ctl_B/proj/ctlB.srcs/constrs_1/imports/constraints/BCU1525_DIMM0.xdc:120]
Resolution: If [get_<value>] was used to populate the object, check to make sure this command returns at least one valid object.
WARNING: [Vivado 12-584] No ports matched 'C0_DDR4_0_dqs_c[0]'. [/home/cah/r2d2/code/fpga/fable5_llm/synth/out_ctl_B/proj/ctlB.srcs/constrs_1/imports/constraints/BCU1525_DIMM0.xdc:122]
CRITICAL WARNING: [Common 17-55] 'set_property' expects at least one object. [/home/cah/r2d2/code/fpga/fable5_llm/synth/out_ctl_B/proj/ctlB.srcs/constrs_1/imports/constraints/BCU1525_DIMM0.xdc:122]
Resolution: If [get_<value>] was used to populate the object, check to make sure this command returns at least one valid object.
WARNING: [Vivado 12-584] No ports matched 'C0_DDR4_0_dqs_t[0]'. [/home/cah/r2d2/code/fpga/fable5_llm/synth/out_ctl_B/proj/ctlB.srcs/constrs_1/imports/constraints/BCU1525_DIMM0.xdc:123]
CRITICAL WARNING: [Common 17-55] 'set_property' expects at least one object. [/home/cah/r2d2/code/fpga/fable5_llm/synth/out_ctl_B/proj/ctlB.srcs/constrs_1/imports/constraints/BCU1525_DIMM0.xdc:123]
Resolution: If [get_<value>] was used to populate the object, check to make sure this command returns at least one valid object.
WARNING: [Vivado 12-584] No ports matched 'C0_DDR4_0_dqs_c[1]'. [/home/cah/r2d2/code/fpga/fable5_llm/synth/out_ctl_B/proj/ctlB.srcs/constrs_1/imports/constraints/BCU1525_DIMM0.xdc:124]
CRITICAL WARNING: [Common 17-55] 'set_property' expects at least one object. [/home/cah/r2d2/code/fpga/fable5_llm/synth/out_ctl_B/proj/ctlB.srcs/constrs_1/imports/constraints/BCU1525_DIMM0.xdc:124]
Resolution: If [get_<value>] was used to populate the object, check to make sure this command returns at least one valid object.
WARNING: [Vivado 12-584] No ports matched 'C0_DDR4_0_dqs_t[1]'. [/home/cah/r2d2/code/fpga/fable5_llm/synth/out_ctl_B/proj/ctlB.srcs/constrs_1/imports/constraints/BCU1525_DIMM0.xdc:125]
CRITICAL WARNING: [Common 17-55] 'set_property' expects at least one object. [/home/cah/r2d2/code/fpga/fable5_llm/synth/out_ctl_B/proj/ctlB.srcs/constrs_1/imports/constraints/BCU1525_DIMM0.xdc:125]
Resolution: If [get_<value>] was used to populate the object, check to make sure this command returns at least one valid object.
WARNING: [Vivado 12-584] No ports matched 'C0_DDR4_0_dqs_c[2]'. [/home/cah/r2d2/code/fpga/fable5_llm/synth/out_ctl_B/proj/ctlB.srcs/constrs_1/imports/constraints/BCU1525_DIMM0.xdc:126]
CRITICAL WARNING: [Common 17-55] 'set_property' expects at least one object. [/home/cah/r2d2/code/fpga/fable5_llm/synth/out_ctl_B/proj/ctlB.srcs/constrs_1/imports/constraints/BCU1525_DIMM0.xdc:126]
Resolution: If [get_<value>] was used to populate the object, check to make sure this command returns at least one valid object.
WARNING: [Vivado 12-584] No ports matched 'C0_DDR4_0_dqs_t[2]'. [/home/cah/r2d2/code/fpga/fable5_llm/synth/out_ctl_B/proj/ctlB.srcs/constrs_1/imports/constraints/BCU1525_DIMM0.xdc:127]
CRITICAL WARNING: [Common 17-55] 'set_property' expects at least one object. [/home/cah/r2d2/code/fpga/fable5_llm/synth/out_ctl_B/proj/ctlB.srcs/constrs_1/imports/constraints/BCU1525_DIMM0.xdc:127]
Resolution: If [get_<value>] was used to populate the object, check to make sure this command returns at least one valid object.
WARNING: [Vivado 12-584] No ports matched 'C0_DDR4_0_dqs_c[3]'. [/home/cah/r2d2/code/fpga/fable5_llm/synth/out_ctl_B/proj/ctlB.srcs/constrs_1/imports/constraints/BCU1525_DIMM0.xdc:128]
CRITICAL WARNING: [Common 17-55] 'set_property' expects at least one object. [/home/cah/r2d2/code/fpga/fable5_llm/synth/out_ctl_B/proj/ctlB.srcs/constrs_1/imports/constraints/BCU1525_DIMM0.xdc:128]
Resolution: If [get_<value>] was used to populate the object, check to make sure this command returns at least one valid object.
WARNING: [Vivado 12-584] No ports matched 'C0_DDR4_0_dqs_t[3]'. [/home/cah/r2d2/code/fpga/fable5_llm/synth/out_ctl_B/proj/ctlB.srcs/constrs_1/imports/constraints/BCU1525_DIMM0.xdc:129]
INFO: [Common 17-14] Message 'Vivado 12-584' appears 100 times and further instances of the messages will be disabled. Use the Tcl command set_msg_config to change the current settings. [/home/cah/r2d2/code/fpga/fable5_llm/synth/out_ctl_B/proj/ctlB.srcs/constrs_1/imports/constraints/BCU1525_DIMM0.xdc:129]
CRITICAL WARNING: [Common 17-55] 'set_property' expects at least one object. [/home/cah/r2d2/code/fpga/fable5_llm/synth/out_ctl_B/proj/ctlB.srcs/constrs_1/imports/constraints/BCU1525_DIMM0.xdc:129]
Resolution: If [get_<value>] was used to populate the object, check to make sure this command returns at least one valid object.
INFO: [Common 17-14] Message 'Common 17-55' appears 100 times and further instances of the messages will be disabled. Use the Tcl command set_msg_config to change the current settings. [/home/cah/r2d2/code/fpga/fable5_llm/synth/out_ctl_B/proj/ctlB.srcs/constrs_1/imports/constraints/BCU1525_DIMM0.xdc:129]
Finished Parsing XDC File [/home/cah/r2d2/code/fpga/fable5_llm/synth/out_ctl_B/proj/ctlB.srcs/constrs_1/imports/constraints/BCU1525_DIMM0.xdc]
Parsing XDC File [/home/cah/r2d2/code/fpga/fable5_llm/synth/out_ctl_B/proj/ctlB.gen/sources_1/bd/bd/ip/bd_xdma_0_0/ip_0/bd_xdma_0_0_pcie4_ip_board.xdc] for cell 'bd_i/xdma_0/inst/pcie4_ip_i/inst'
Finished Parsing XDC File [/home/cah/r2d2/code/fpga/fable5_llm/synth/out_ctl_B/proj/ctlB.gen/sources_1/bd/bd/ip/bd_xdma_0_0/ip_0/bd_xdma_0_0_pcie4_ip_board.xdc] for cell 'bd_i/xdma_0/inst/pcie4_ip_i/inst'
Parsing XDC File [/home/cah/r2d2/code/fpga/fable5_llm/synth/out_ctl_B/proj/ctlB.gen/sources_1/bd/bd/ip/bd_xdma_0_0/ip_0/synth/bd_xdma_0_0_pcie4_ip_late.xdc] for cell 'bd_i/xdma_0/inst/pcie4_ip_i/inst'
WARNING: [Vivado 12-1008] No clocks found for command 'get_clocks -of_objects [get_ports -scoped_to_current_instance sys_clk]'. [/home/cah/r2d2/code/fpga/fable5_llm/synth/out_ctl_B/proj/ctlB.gen/sources_1/bd/bd/ip/bd_xdma_0_0/ip_0/synth/bd_xdma_0_0_pcie4_ip_late.xdc:62]
Resolution: Verify the create_clock command was called to create the clock object before it is referenced.
INFO: [Vivado 12-626] No clocks found. Please use 'create_clock' or 'create_generated_clock' command to create clocks. [/home/cah/r2d2/code/fpga/fable5_llm/synth/out_ctl_B/proj/ctlB.gen/sources_1/bd/bd/ip/bd_xdma_0_0/ip_0/synth/bd_xdma_0_0_pcie4_ip_late.xdc:62]
CRITICAL WARNING: [Vivado 12-5201] set_clock_groups: cannot set the clock group when only one non-empty group remains. [/home/cah/r2d2/code/fpga/fable5_llm/synth/out_ctl_B/proj/ctlB.gen/sources_1/bd/bd/ip/bd_xdma_0_0/ip_0/synth/bd_xdma_0_0_pcie4_ip_late.xdc:62]
INFO: [Vivado 12-626] No clocks found. Please use 'create_clock' or 'create_generated_clock' command to create clocks. [/home/cah/r2d2/code/fpga/fable5_llm/synth/out_ctl_B/proj/ctlB.gen/sources_1/bd/bd/ip/bd_xdma_0_0/ip_0/synth/bd_xdma_0_0_pcie4_ip_late.xdc:73]
WARNING: [Vivado_Tcl 4-939] Waiver ID 'TIMING-54' object list should not be empty (perhaps an invalid wildcard was used or only unsupported objects). [/home/cah/r2d2/code/fpga/fable5_llm/synth/out_ctl_B/proj/ctlB.gen/sources_1/bd/bd/ip/bd_xdma_0_0/ip_0/synth/bd_xdma_0_0_pcie4_ip_late.xdc:73]
Finished Parsing XDC File [/home/cah/r2d2/code/fpga/fable5_llm/synth/out_ctl_B/proj/ctlB.gen/sources_1/bd/bd/ip/bd_xdma_0_0/ip_0/synth/bd_xdma_0_0_pcie4_ip_late.xdc] for cell 'bd_i/xdma_0/inst/pcie4_ip_i/inst'
INFO: [Project 1-1714] 12 XPM XDC files have been applied to the design.
INFO: [Opt 31-138] Pushed 0 inverter(s) to 0 load pin(s).
INFO: [Project 1-1687] 66 scoped IP constraints or related sub-commands were skipped due to synthesis logic optimizations usually triggered by constant connectivity or unconnected output pins. To review the skipped constraints and messages, run the command 'set_param netlist.IPMsgFiltering false' before opening the design.
Netlist sorting complete. Time (s): cpu = 00:00:00 ; elapsed = 00:00:00.01 . Memory (MB): peak = 4798.660 ; gain = 0.000 ; free physical = 35258 ; free virtual = 320327
INFO: [Project 1-111] Unisim Transformation Summary:
  A total of 301 instances were transformed.
  IBUF => IBUF (IBUFCTRL, INBUF): 1 instance 
  RAM16X1D => RAM32X1D (RAMD32(x2)): 20 instances
  RAM256X1S => RAM256X1S (MUXF7(x2), MUXF8, RAMS64E(x4)): 9 instances
  RAM32M => RAM32M (RAMD32(x6), RAMS32(x2)): 11 instances
  RAM32M16 => RAM32M16 (RAMD32(x14), RAMS32(x2)): 234 instances
  RAM32X1D => RAM32X1D (RAMD32(x2)): 10 instances
  RAM64M8 => RAM64M8 (RAMD64E(x8)): 16 instances

22 Infos, 116 Warnings, 101 Critical Warnings and 0 Errors encountered.
link_design completed successfully
link_design: Time (s): cpu = 00:01:56 ; elapsed = 00:01:33 . Memory (MB): peak = 4798.660 ; gain = 3250.113 ; free physical = 35258 ; free virtual = 320327
Command: opt_design
Attempting to get a license for feature 'Implementation' and/or device 'xcvu9p'
INFO: [Common 17-349] Got license for feature 'Implementation' and/or device 'xcvu9p'
INFO: [Common 17-86] Your Implementation license expires in 10 day(s)
Running DRC as a precondition to command opt_design

Starting DRC Task
INFO: [DRC 23-27] Running DRC with 16 threads
INFO: [Project 1-461] DRC finished with 0 Errors
INFO: [Project 1-462] Please refer to the DRC report (report_drc) for more information.

Time (s): cpu = 00:00:06 ; elapsed = 00:00:00.92 . Memory (MB): peak = 4798.660 ; gain = 0.000 ; free physical = 35235 ; free virtual = 320303

Starting Cache Timing Information Task
INFO: [Timing 38-35] Done setting XDC timing constraints.
Ending Cache Timing Information Task | Checksum: 210e5bbaf

Time (s): cpu = 00:00:07 ; elapsed = 00:00:02 . Memory (MB): peak = 4798.660 ; gain = 0.000 ; free physical = 35157 ; free virtual = 320225

Starting Logic Optimization Task

Phase 1 Initialization

Phase 1.1 Core Generation And Design Setup
Phase 1.1 Core Generation And Design Setup | Checksum: 210e5bbaf

Time (s): cpu = 00:00:00.12 ; elapsed = 00:00:00.1 . Memory (MB): peak = 4840.598 ; gain = 0.000 ; free physical = 34760 ; free virtual = 319828

Phase 1.2 Setup Constraints And Sort Netlist
Phase 1.2 Setup Constraints And Sort Netlist | Checksum: 210e5bbaf

Time (s): cpu = 00:00:00.17 ; elapsed = 00:00:00.14 . Memory (MB): peak = 4840.598 ; gain = 0.000 ; free physical = 34760 ; free virtual = 319828
Phase 1 Initialization | Checksum: 210e5bbaf

Time (s): cpu = 00:00:00.19 ; elapsed = 00:00:00.16 . Memory (MB): peak = 4840.598 ; gain = 0.000 ; free physical = 34756 ; free virtual = 319824

Phase 2 Timer Update And Timing Data Collection

Phase 2.1 Timer Update
Phase 2.1 Timer Update | Checksum: 210e5bbaf

Time (s): cpu = 00:00:04 ; elapsed = 00:00:00.93 . Memory (MB): peak = 4840.598 ; gain = 0.000 ; free physical = 34764 ; free virtual = 319833

Phase 2.2 Timing Data Collection
Phase 2.2 Timing Data Collection | Checksum: 210e5bbaf

Time (s): cpu = 00:00:04 ; elapsed = 00:00:01 . Memory (MB): peak = 4840.598 ; gain = 0.000 ; free physical = 34756 ; free virtual = 319825
Phase 2 Timer Update And Timing Data Collection | Checksum: 210e5bbaf

Time (s): cpu = 00:00:04 ; elapsed = 00:00:01 . Memory (MB): peak = 4840.598 ; gain = 0.000 ; free physical = 34756 ; free virtual = 319825

Phase 3 Retarget
INFO: [Opt 31-1851] Number of loadless carry chains removed were: 0
INFO: [Opt 31-1834] Total Chains To Be Transformed Were: 0 AND Number of Transformed insts Created are: 0
INFO: [Opt 31-1566] Pulled 19 inverters resulting in an inversion of 144 pins
INFO: [Opt 31-138] Pushed 52 inverter(s) to 8040 load pin(s).
INFO: [Opt 31-49] Retargeted 0 cell(s).
Phase 3 Retarget | Checksum: 23ce9fae8

Time (s): cpu = 00:00:09 ; elapsed = 00:00:05 . Memory (MB): peak = 4840.598 ; gain = 0.000 ; free physical = 34765 ; free virtual = 319833
Retarget | Checksum: 23ce9fae8
INFO: [Opt 31-389] Phase Retarget created 19 cells and removed 1244 cells
INFO: [Opt 31-1021] In phase Retarget, 2 netlist objects are constrained preventing optimization. Please run opt_design with -debug_log to get more detail. 

Phase 4 Constant propagation
INFO: [Opt 31-138] Pushed 80 inverter(s) to 87 load pin(s).
Phase 4 Constant propagation | Checksum: 23963ac86

Time (s): cpu = 00:00:10 ; elapsed = 00:00:06 . Memory (MB): peak = 4840.598 ; gain = 0.000 ; free physical = 34737 ; free virtual = 319806
Constant propagation | Checksum: 23963ac86
INFO: [Opt 31-389] Phase Constant propagation created 1288 cells and removed 1725 cells

Phase 5 Sweep
INFO: [Constraints 18-11670] Building netlist checker database with flags, 0x8
Done building netlist checker database: Time (s): cpu = 00:00:00.03 ; elapsed = 00:00:00.02 . Memory (MB): peak = 4840.598 ; gain = 0.000 ; free physical = 34728 ; free virtual = 319797
INFO: [Constraints 18-11670] Building netlist checker database with flags, 0x8
Done building netlist checker database: Time (s): cpu = 00:00:00.01 ; elapsed = 00:00:00.02 . Memory (MB): peak = 4840.598 ; gain = 0.000 ; free physical = 34772 ; free virtual = 319841
Phase 5 Sweep | Checksum: 224b341a9

Time (s): cpu = 00:00:15 ; elapsed = 00:00:11 . Memory (MB): peak = 4840.598 ; gain = 0.000 ; free physical = 34771 ; free virtual = 319840
Sweep | Checksum: 224b341a9
INFO: [Opt 31-389] Phase Sweep created 0 cells and removed 4822 cells

Phase 6 BUFG optimization
INFO: [Opt 31-1077] Phase BUFG optimization inserted 0 global clock buffer(s) for CLOCK_LOW_FANOUT.
Phase 6 BUFG optimization | Checksum: 224b341a9

Time (s): cpu = 00:00:16 ; elapsed = 00:00:11 . Memory (MB): peak = 4848.602 ; gain = 8.004 ; free physical = 34746 ; free virtual = 319815
BUFG optimization | Checksum: 224b341a9
INFO: [Opt 31-662] Phase BUFG optimization created 0 cells of which 0 are BUFGs and removed 0 cells.

Phase 7 Shift Register Optimization
INFO: [Opt 31-1064] SRL Remap converted 0 SRLs to 0 registers and converted 0 registers of register chains to 0 SRLs
Phase 7 Shift Register Optimization | Checksum: 224b341a9

Time (s): cpu = 00:00:16 ; elapsed = 00:00:11 . Memory (MB): peak = 4848.602 ; gain = 8.004 ; free physical = 34772 ; free virtual = 319840
Shift Register Optimization | Checksum: 224b341a9
INFO: [Opt 31-389] Phase Shift Register Optimization created 0 cells and removed 0 cells

Phase 8 Post Processing Netlist
INFO: [Opt 31-1566] Pulled 1 inverters resulting in an inversion of 2 pins
Phase 8 Post Processing Netlist | Checksum: 24bb77654

Time (s): cpu = 00:00:16 ; elapsed = 00:00:12 . Memory (MB): peak = 4848.602 ; gain = 8.004 ; free physical = 34772 ; free virtual = 319841
Post Processing Netlist | Checksum: 24bb77654
INFO: [Opt 31-389] Phase Post Processing Netlist created 0 cells and removed 1 cells

Phase 9 Finalization

Phase 9.1 Finalizing Design Cores and Updating Shapes
Phase 9.1 Finalizing Design Cores and Updating Shapes | Checksum: 25d1f6647

Time (s): cpu = 00:00:17 ; elapsed = 00:00:13 . Memory (MB): peak = 4848.602 ; gain = 8.004 ; free physical = 34719 ; free virtual = 319788

Phase 9.2 Verifying Netlist Connectivity

Starting Connectivity Check Task

Time (s): cpu = 00:00:00.09 ; elapsed = 00:00:00.1 . Memory (MB): peak = 4848.602 ; gain = 0.000 ; free physical = 34681 ; free virtual = 319750
Phase 9.2 Verifying Netlist Connectivity | Checksum: 25d1f6647

Time (s): cpu = 00:00:18 ; elapsed = 00:00:13 . Memory (MB): peak = 4848.602 ; gain = 8.004 ; free physical = 34673 ; free virtual = 319742
Phase 9 Finalization | Checksum: 25d1f6647

Time (s): cpu = 00:00:18 ; elapsed = 00:00:13 . Memory (MB): peak = 4848.602 ; gain = 8.004 ; free physical = 34715 ; free virtual = 319784
Opt_design Change Summary
=========================


-------------------------------------------------------------------------------------------------------------------------
|  Phase                        |  #Cells created  |  #Cells Removed  |  #Constrained objects preventing optimizations  |
-------------------------------------------------------------------------------------------------------------------------
|  Retarget                     |              19  |            1244  |                                              2  |
|  Constant propagation         |            1288  |            1725  |                                              0  |
|  Sweep                        |               0  |            4822  |                                              0  |
|  BUFG optimization            |               0  |               0  |                                              0  |
|  Shift Register Optimization  |               0  |               0  |                                              0  |
|  Post Processing Netlist      |               0  |               1  |                                              0  |
-------------------------------------------------------------------------------------------------------------------------


Ending Logic Optimization Task | Checksum: 25d1f6647

Time (s): cpu = 00:00:18 ; elapsed = 00:00:13 . Memory (MB): peak = 4848.602 ; gain = 8.004 ; free physical = 34715 ; free virtual = 319784

Starting Power Optimization Task
INFO: [Pwropt 34-132] Skipping clock gating for clocks with a period < 2.00 ns.
INFO: [Timing 38-35] Done setting XDC timing constraints.
INFO: [Pwropt 34-9] Applying IDT optimizations ...
INFO: [Pwropt 34-10] Applying ODC optimizations ...
Running Vector-less Activity Propagation...

Finished Running Vector-less Activity Propagation


Starting PowerOpt Patch Enables Task
INFO: [Pwropt 34-162] WRITE_MODE attribute of 0 BRAM(s) out of a total of 114 has been updated to save power. Run report_power_opt to get a complete listing of the BRAMs updated.
INFO: [Pwropt 34-201] Structural ODC has moved 7 WE to EN ports
Number of BRAM Ports augmented: 8 newly gated: 70 Total Ports: 228
Ending PowerOpt Patch Enables Task | Checksum: 130309c9e

Time (s): cpu = 00:00:01 ; elapsed = 00:00:01 . Memory (MB): peak = 5398.766 ; gain = 0.000 ; free physical = 34106 ; free virtual = 319174
Ending Power Optimization Task | Checksum: 130309c9e

Time (s): cpu = 00:01:01 ; elapsed = 00:00:19 . Memory (MB): peak = 5398.766 ; gain = 550.164 ; free physical = 34128 ; free virtual = 319197

Starting Final Cleanup Task

Starting Logic Optimization Task
INFO: [Timing 38-35] Done setting XDC timing constraints.
Ending Logic Optimization Task | Checksum: 122a9494a

Time (s): cpu = 00:00:11 ; elapsed = 00:00:04 . Memory (MB): peak = 5398.766 ; gain = 0.000 ; free physical = 34139 ; free virtual = 319208
Ending Final Cleanup Task | Checksum: 122a9494a

Time (s): cpu = 00:00:15 ; elapsed = 00:00:08 . Memory (MB): peak = 5398.766 ; gain = 0.000 ; free physical = 34140 ; free virtual = 319208

Starting Netlist Obfuscation Task
Netlist sorting complete. Time (s): cpu = 00:00:00.01 ; elapsed = 00:00:00 . Memory (MB): peak = 5398.766 ; gain = 0.000 ; free physical = 34140 ; free virtual = 319208
Ending Netlist Obfuscation Task | Checksum: 122a9494a

Time (s): cpu = 00:00:00.04 ; elapsed = 00:00:00.02 . Memory (MB): peak = 5398.766 ; gain = 0.000 ; free physical = 34140 ; free virtual = 319208
INFO: [Common 17-83] Releasing license: Implementation
54 Infos, 116 Warnings, 101 Critical Warnings and 0 Errors encountered.
opt_design completed successfully
opt_design: Time (s): cpu = 00:01:50 ; elapsed = 00:00:46 . Memory (MB): peak = 5398.766 ; gain = 600.105 ; free physical = 34140 ; free virtual = 319208
INFO: [Vivado 12-24828] Executing command : report_drc -file bd_wrapper_drc_opted.rpt -pb bd_wrapper_drc_opted.pb -rpx bd_wrapper_drc_opted.rpx
Command: report_drc -file bd_wrapper_drc_opted.rpt -pb bd_wrapper_drc_opted.pb -rpx bd_wrapper_drc_opted.rpx
INFO: [IP_Flow 19-1839] IP Catalog is up to date.
INFO: [DRC 23-27] Running DRC with 16 threads
INFO: [Vivado_Tcl 2-168] The results of DRC are in file /home/cah/r2d2/code/fpga/fable5_llm/synth/out_ctl_B/proj/ctlB.runs/impl_1/bd_wrapper_drc_opted.rpt.
report_drc completed successfully
INFO: [Timing 38-35] Done setting XDC timing constraints.
INFO: [Timing 38-480] Writing timing data to binary archive.
Wrote PlaceDB: Time (s): cpu = 00:00:00.35 ; elapsed = 00:00:00.07 . Memory (MB): peak = 5398.766 ; gain = 0.000 ; free physical = 42290 ; free virtual = 327340
Wrote PulsedLatchDB: Time (s): cpu = 00:00:00 ; elapsed = 00:00:00 . Memory (MB): peak = 5398.766 ; gain = 0.000 ; free physical = 42289 ; free virtual = 327340
Writing XDEF routing.
Write ShapeDB Complete: Time (s): cpu = 00:00:00.4 ; elapsed = 00:00:00.08 . Memory (MB): peak = 5398.766 ; gain = 0.000 ; free physical = 42290 ; free virtual = 327341
Writing XDEF routing logical nets.
Writing XDEF routing special nets.
Wrote RouteStorage: Time (s): cpu = 00:00:00.48 ; elapsed = 00:00:00.13 . Memory (MB): peak = 5398.766 ; gain = 0.000 ; free physical = 42289 ; free virtual = 327345
Wrote Netlist Cache: Time (s): cpu = 00:00:00.02 ; elapsed = 00:00:00.01 . Memory (MB): peak = 5398.766 ; gain = 0.000 ; free physical = 42288 ; free virtual = 327343
Wrote Device Cache: Time (s): cpu = 00:00:00.07 ; elapsed = 00:00:00.02 . Memory (MB): peak = 5398.766 ; gain = 0.000 ; free physical = 42289 ; free virtual = 327348
Write Physdb Complete: Time (s): cpu = 00:00:01 ; elapsed = 00:00:00.26 . Memory (MB): peak = 5398.766 ; gain = 0.000 ; free physical = 42303 ; free virtual = 327363
INFO: [Common 17-1381] The checkpoint '/home/cah/r2d2/code/fpga/fable5_llm/synth/out_ctl_B/proj/ctlB.runs/impl_1/bd_wrapper_opt.dcp' has been generated.
write_checkpoint: Time (s): cpu = 00:00:13 ; elapsed = 00:00:07 . Memory (MB): peak = 5398.766 ; gain = 0.000 ; free physical = 42292 ; free virtual = 327384
Command: place_design
Attempting to get a license for feature 'Implementation' and/or device 'xcvu9p'
INFO: [Common 17-349] Got license for feature 'Implementation' and/or device 'xcvu9p'
INFO: [Common 17-86] Your Implementation license expires in 10 day(s)
INFO: [Common 17-83] Releasing license: Implementation
INFO: [DRC 23-27] Running DRC with 16 threads
INFO: [Vivado_Tcl 4-198] DRC finished with 0 Errors
INFO: [Vivado_Tcl 4-199] Please refer to the DRC report (report_drc) for more information.
Running DRC as a precondition to command place_design
INFO: [DRC 23-27] Running DRC with 16 threads
INFO: [Vivado_Tcl 4-198] DRC finished with 0 Errors
INFO: [Vivado_Tcl 4-199] Please refer to the DRC report (report_drc) for more information.
INFO: [Place 30-611] Multithreading enabled for place_design using a maximum of 16 CPUs

Starting Placer Task

Phase 1 Placer Initialization

Phase 1.1 Placer Initialization Netlist Sorting
Netlist sorting complete. Time (s): cpu = 00:00:00.01 ; elapsed = 00:00:00.01 . Memory (MB): peak = 5398.766 ; gain = 0.000 ; free physical = 42310 ; free virtual = 327403
Phase 1.1 Placer Initialization Netlist Sorting | Checksum: 1133b461d

Time (s): cpu = 00:00:00.07 ; elapsed = 00:00:00.06 . Memory (MB): peak = 5398.766 ; gain = 0.000 ; free physical = 42311 ; free virtual = 327404
Netlist sorting complete. Time (s): cpu = 00:00:00 ; elapsed = 00:00:00.01 . Memory (MB): peak = 5398.766 ; gain = 0.000 ; free physical = 42311 ; free virtual = 327404

Phase 1.2 IO Placement/ Clock Placement/ Build Placer Device
Phase 1.2 IO Placement/ Clock Placement/ Build Placer Device | Checksum: 1feda643d

Time (s): cpu = 00:00:24 ; elapsed = 00:00:19 . Memory (MB): peak = 5398.766 ; gain = 0.000 ; free physical = 42349 ; free virtual = 327442

Phase 1.3 Build Placer Netlist Model
Phase 1.3 Build Placer Netlist Model | Checksum: 2d4823603

Time (s): cpu = 00:00:58 ; elapsed = 00:00:34 . Memory (MB): peak = 5627.879 ; gain = 229.113 ; free physical = 41544 ; free virtual = 326638

Phase 1.4 Constrain Clocks/Macros
Phase 1.4 Constrain Clocks/Macros | Checksum: 2d4823603

Time (s): cpu = 00:00:58 ; elapsed = 00:00:35 . Memory (MB): peak = 5627.879 ; gain = 229.113 ; free physical = 41544 ; free virtual = 326638
Phase 1 Placer Initialization | Checksum: 2d4823603

Time (s): cpu = 00:00:58 ; elapsed = 00:00:35 . Memory (MB): peak = 5627.879 ; gain = 229.113 ; free physical = 41537 ; free virtual = 326631

Phase 2 Global Placement

Phase 2.1 Floorplanning

Phase 2.1.1 Partition Driven Placement

Phase 2.1.1.1 PBP: Partition Driven Placement
Phase 2.1.1.1 PBP: Partition Driven Placement | Checksum: 2b2498577

Time (s): cpu = 00:01:48 ; elapsed = 00:00:55 . Memory (MB): peak = 5627.879 ; gain = 229.113 ; free physical = 41554 ; free virtual = 326653

Phase 2.1.1.2 PBP: Clock Region Placement
Phase 2.1.1.2 PBP: Clock Region Placement | Checksum: 2025975d1

Time (s): cpu = 00:01:57 ; elapsed = 00:01:04 . Memory (MB): peak = 5627.879 ; gain = 229.113 ; free physical = 41394 ; free virtual = 326495

Phase 2.1.1.3 PBP: Compute Congestion
Phase 2.1.1.3 PBP: Compute Congestion | Checksum: 2025975d1

Time (s): cpu = 00:02:47 ; elapsed = 00:01:19 . Memory (MB): peak = 5739.832 ; gain = 341.066 ; free physical = 41098 ; free virtual = 326207

Phase 2.1.1.4 PBP: UpdateTiming
Phase 2.1.1.4 PBP: UpdateTiming | Checksum: 1a243b89c

Time (s): cpu = 00:02:47 ; elapsed = 00:01:20 . Memory (MB): peak = 5835.879 ; gain = 437.113 ; free physical = 41104 ; free virtual = 326213

Phase 2.1.1.5 PBP: Add part constraints
Phase 2.1.1.5 PBP: Add part constraints | Checksum: 1a243b89c

Time (s): cpu = 00:02:47 ; elapsed = 00:01:20 . Memory (MB): peak = 5835.879 ; gain = 437.113 ; free physical = 41104 ; free virtual = 326213
Phase 2.1.1 Partition Driven Placement | Checksum: 1a243b89c

Time (s): cpu = 00:02:48 ; elapsed = 00:01:20 . Memory (MB): peak = 5835.879 ; gain = 437.113 ; free physical = 41104 ; free virtual = 326213
Phase 2.1 Floorplanning | Checksum: 18959cdb3

Time (s): cpu = 00:02:48 ; elapsed = 00:01:20 . Memory (MB): peak = 5835.879 ; gain = 437.113 ; free physical = 41104 ; free virtual = 326213

Phase 2.2 Physical Synthesis After Floorplan
INFO: [Physopt 32-670] No setup violation found.  PSIP Post Floorplan SLR Replication was not performed.
Netlist sorting complete. Time (s): cpu = 00:00:00.01 ; elapsed = 00:00:00.01 . Memory (MB): peak = 5835.879 ; gain = 0.000 ; free physical = 41087 ; free virtual = 326197

Summary of Physical Synthesis Optimizations
============================================


-----------------------------------------------------------------------------------------------------------------------------------------------
|  Optimization                         |  Added Cells  |  Removed Cells  |  Optimized Cells/Nets  |  Dont Touch  |  Iterations  |  Elapsed   |
-----------------------------------------------------------------------------------------------------------------------------------------------
|  PSIP Post Floorplan SLR Replication  |            0  |              0  |                     0  |           0  |           0  |  00:00:00  |
|  Total                                |            0  |              0  |                     0  |           0  |           0  |  00:00:00  |
-----------------------------------------------------------------------------------------------------------------------------------------------


Phase 2.2 Physical Synthesis After Floorplan | Checksum: 18959cdb3

Time (s): cpu = 00:02:48 ; elapsed = 00:01:20 . Memory (MB): peak = 5835.879 ; gain = 437.113 ; free physical = 41073 ; free virtual = 326183

Phase 2.3 Update Timing before SLR Path Opt
Phase 2.3 Update Timing before SLR Path Opt | Checksum: 18959cdb3

Time (s): cpu = 00:02:48 ; elapsed = 00:01:20 . Memory (MB): peak = 5835.879 ; gain = 437.113 ; free physical = 41073 ; free virtual = 326183

Phase 2.4 Post-Processing in Floorplanning
Phase 2.4 Post-Processing in Floorplanning | Checksum: 18959cdb3

Time (s): cpu = 00:02:48 ; elapsed = 00:01:21 . Memory (MB): peak = 5835.879 ; gain = 437.113 ; free physical = 41096 ; free virtual = 326205

Phase 2.5 Global Place Phase1
Phase 2.5 Global Place Phase1 | Checksum: 1ca75ebdd

Time (s): cpu = 00:06:38 ; elapsed = 00:02:47 . Memory (MB): peak = 6339.879 ; gain = 941.113 ; free physical = 40172 ; free virtual = 325313

Phase 2.6 Global Place Phase2

Phase 2.6.1 UpdateTiming Before Physical Synthesis
Phase 2.6.1 UpdateTiming Before Physical Synthesis | Checksum: 1ca75ebdd

Time (s): cpu = 00:06:44 ; elapsed = 00:02:49 . Memory (MB): peak = 6340.879 ; gain = 942.113 ; free physical = 40151 ; free virtual = 325292

Phase 2.6.2 Physical Synthesis In Placer
INFO: [Physopt 32-1035] Found 0 LUTNM shape to break, 1116 LUT instances to create LUTNM shape
INFO: [Physopt 32-1044] Break lutnm for timing: one critical 0, two critical 0, total 0, new lutff created 0
INFO: [Physopt 32-1138] End 1 Pass. Optimized 407 nets or LUTs. Breaked 0 LUT, combined 407 existing LUTs and moved 0 existing LUT
INFO: [Physopt 32-1030] Pass 1. Identified 90 candidate driver sets for equivalent driver rewiring.
INFO: [Physopt 32-661] Optimized 75 nets.  Re-placed 335 instances.
INFO: [Physopt 32-775] End 1 Pass. Optimized 75 nets or cells. Created 113 new cells, deleted 119 existing cells and moved 335 existing cells
Netlist sorting complete. Time (s): cpu = 00:00:00.39 ; elapsed = 00:00:00.4 . Memory (MB): peak = 6340.879 ; gain = 0.000 ; free physical = 40203 ; free virtual = 325308
INFO: [Physopt 32-65] No nets found for high-fanout optimization.
INFO: [Physopt 32-232] Optimized 0 net. Created 0 new instance.
INFO: [Physopt 32-775] End 1 Pass. Optimized 0 net or cell. Created 0 new cell, deleted 0 existing cell and moved 0 existing cell
INFO: [Physopt 32-670] No setup violation found.  DSP Register Optimization was not performed.
INFO: [Physopt 32-670] No setup violation found.  Shift Register to Pipeline Optimization was not performed.
INFO: [Physopt 32-670] No setup violation found.  Shift Register Optimization was not performed.
INFO: [Physopt 32-670] No setup violation found.  BRAM Register Optimization was not performed.
INFO: [Physopt 32-670] No setup violation found.  URAM Register Optimization was not performed.
INFO: [Physopt 32-949] No candidate nets found for dynamic/static region interface net replication
INFO: [Physopt 32-775] End 1 Pass. Optimized 0 net or cell. Created 0 new cell, deleted 0 existing cell and moved 0 existing cell
Netlist sorting complete. Time (s): cpu = 00:00:00.01 ; elapsed = 00:00:00.01 . Memory (MB): peak = 6340.879 ; gain = 0.000 ; free physical = 40190 ; free virtual = 325294

Summary of Physical Synthesis Optimizations
============================================


-----------------------------------------------------------------------------------------------------------------------------------------------------------
|  Optimization                                     |  Added Cells  |  Removed Cells  |  Optimized Cells/Nets  |  Dont Touch  |  Iterations  |  Elapsed   |
-----------------------------------------------------------------------------------------------------------------------------------------------------------
|  LUT Combining                                    |            0  |            407  |                   407  |           0  |           1  |  00:00:01  |
|  Retime                                           |            0  |              0  |                     0  |           0  |           1  |  00:00:00  |
|  Equivalent Driver Rewiring                       |          113  |            119  |                    75  |           0  |           1  |  00:00:19  |
|  Very High Fanout                                 |            0  |              0  |                     0  |           0  |           1  |  00:00:00  |
|  DSP Register                                     |            0  |              0  |                     0  |           0  |           0  |  00:00:00  |
|  Shift Register to Pipeline                       |            0  |              0  |                     0  |           0  |           0  |  00:00:00  |
|  Shift Register                                   |            0  |              0  |                     0  |           0  |           0  |  00:00:00  |
|  BRAM Register                                    |            0  |              0  |                     0  |           0  |           0  |  00:00:00  |
|  URAM Register                                    |            0  |              0  |                     0  |           0  |           0  |  00:00:00  |
|  Dynamic/Static Region Interface Net Replication  |            0  |              0  |                     0  |           0  |           1  |  00:00:00  |
|  Total                                            |          113  |            526  |                   482  |           0  |           5  |  00:00:21  |
-----------------------------------------------------------------------------------------------------------------------------------------------------------


Phase 2.6.2 Physical Synthesis In Placer | Checksum: 27c7a1676

Time (s): cpu = 00:07:07 ; elapsed = 00:03:13 . Memory (MB): peak = 6340.879 ; gain = 942.113 ; free physical = 40108 ; free virtual = 325213
Phase 2.6 Global Place Phase2 | Checksum: 19fdfbe53

Time (s): cpu = 00:09:04 ; elapsed = 00:03:50 . Memory (MB): peak = 6340.879 ; gain = 942.113 ; free physical = 40172 ; free virtual = 325287
Phase 2 Global Placement | Checksum: 19fdfbe53

Time (s): cpu = 00:09:04 ; elapsed = 00:03:50 . Memory (MB): peak = 6340.879 ; gain = 942.113 ; free physical = 40172 ; free virtual = 325287

Phase 3 Detail Placement

Phase 3.1 Commit Multi Column Macros
Phase 3.1 Commit Multi Column Macros | Checksum: 1986d7f45

Time (s): cpu = 00:09:57 ; elapsed = 00:04:06 . Memory (MB): peak = 6340.879 ; gain = 942.113 ; free physical = 40156 ; free virtual = 325280

Phase 3.2 Commit Most Macros & LUTRAMs
Phase 3.2 Commit Most Macros & LUTRAMs | Checksum: 16de7b1d1

Time (s): cpu = 00:10:01 ; elapsed = 00:04:08 . Memory (MB): peak = 6340.879 ; gain = 942.113 ; free physical = 40173 ; free virtual = 325301

Phase 3.3 Small Shape DP

Phase 3.3.1 Small Shape Clustering
Phase 3.3.1 Small Shape Clustering | Checksum: 1aa22f2e1

Time (s): cpu = 00:10:55 ; elapsed = 00:04:25 . Memory (MB): peak = 6340.879 ; gain = 942.113 ; free physical = 40089 ; free virtual = 325231

Phase 3.3.2 Slice Area Swap

Phase 3.3.2.1 Slice Area Swap Initial
Phase 3.3.2.1 Slice Area Swap Initial | Checksum: 2349b6832

Time (s): cpu = 00:11:02 ; elapsed = 00:04:29 . Memory (MB): peak = 6340.879 ; gain = 942.113 ; free physical = 40038 ; free virtual = 325180
Phase 3.3.2 Slice Area Swap | Checksum: 2383df4b7

Time (s): cpu = 00:11:04 ; elapsed = 00:04:31 . Memory (MB): peak = 6340.879 ; gain = 942.113 ; free physical = 40044 ; free virtual = 325186
Phase 3.3 Small Shape DP | Checksum: 20f7bbe32

Time (s): cpu = 00:11:22 ; elapsed = 00:04:36 . Memory (MB): peak = 6340.879 ; gain = 942.113 ; free physical = 40067 ; free virtual = 325208

Phase 3.4 Re-assign LUT pins
Phase 3.4 Re-assign LUT pins | Checksum: 2639842c4

Time (s): cpu = 00:11:26 ; elapsed = 00:04:39 . Memory (MB): peak = 6340.879 ; gain = 942.113 ; free physical = 40065 ; free virtual = 325207

Phase 3.5 Pipeline Register Optimization
Phase 3.5 Pipeline Register Optimization | Checksum: 203843bce

Time (s): cpu = 00:11:28 ; elapsed = 00:04:40 . Memory (MB): peak = 6340.879 ; gain = 942.113 ; free physical = 40070 ; free virtual = 325211
Phase 3 Detail Placement | Checksum: 203843bce

Time (s): cpu = 00:11:28 ; elapsed = 00:04:40 . Memory (MB): peak = 6340.879 ; gain = 942.113 ; free physical = 40071 ; free virtual = 325212

Phase 4 Post Placement Optimization and Clean-Up

Phase 4.1 Post Commit Optimization
INFO: [Timing 38-35] Done setting XDC timing constraints.

Phase 4.1.1 Post Placement Optimization
Post Placement Optimization Initialization | Checksum: 1ee0b508d

Phase 4.1.1.1 BUFG Insertion

Starting Physical Synthesis Task

Phase 1 Physical Synthesis Initialization
INFO: [Physopt 32-721] Multithreading enabled for phys_opt_design using a maximum of 16 CPUs
INFO: [Physopt 32-619] Estimated Timing Summary | WNS=6.763 | TNS=0.000 |
Phase 1 Physical Synthesis Initialization | Checksum: 18d831b55

Time (s): cpu = 00:00:03 ; elapsed = 00:00:00.65 . Memory (MB): peak = 6340.879 ; gain = 0.000 ; free physical = 39693 ; free virtual = 325128
INFO: [Place 46-56] BUFG insertion identified 0 candidate nets. Inserted BUFG: 0, Replicated BUFG Driver: 0, Skipped due to Placement/Routing Conflicts: 0, Skipped due to Timing Degradation: 0, Skipped due to netlist editing failed: 0.
Ending Physical Synthesis Task | Checksum: 24fd35173

Time (s): cpu = 00:00:04 ; elapsed = 00:00:00.98 . Memory (MB): peak = 6340.879 ; gain = 0.000 ; free physical = 39665 ; free virtual = 325101
Phase 4.1.1.1 BUFG Insertion | Checksum: 1ee0b508d

Time (s): cpu = 00:13:02 ; elapsed = 00:05:09 . Memory (MB): peak = 6340.879 ; gain = 942.113 ; free physical = 39665 ; free virtual = 325101

Phase 4.1.1.2 BUFG Replication
INFO: [Place 46-63] BUFG replication identified 0 candidate nets: Replicated nets: 0, Replicated BUFGs: 0, Replicated BUFG Driver: 0, moved BUFGs: 0, Skipped due to Placement / Routing Conflict: 0, Skipped due to Timing: 0, Skipped due to constraints: 0
Phase 4.1.1.2 BUFG Replication | Checksum: 1ee0b508d

Time (s): cpu = 00:13:03 ; elapsed = 00:05:09 . Memory (MB): peak = 6340.879 ; gain = 942.113 ; free physical = 39653 ; free virtual = 325089

Phase 4.1.1.3 Post Placement Timing Optimization
INFO: [Place 30-746] Post Placement Timing Summary WNS=6.763. For the most accurate timing information please run report_timing.
Phase 4.1.1.3 Post Placement Timing Optimization | Checksum: 2269341d8

Time (s): cpu = 00:13:04 ; elapsed = 00:05:10 . Memory (MB): peak = 6340.879 ; gain = 942.113 ; free physical = 39643 ; free virtual = 325079

Phase 4.1.1.4 Replication
INFO: [Place 46-19] Post Replication Timing Summary WNS=6.763. For the most accurate timing information please run report_timing.
Phase 4.1.1.4 Replication | Checksum: 2269341d8

Time (s): cpu = 00:13:05 ; elapsed = 00:05:10 . Memory (MB): peak = 6340.879 ; gain = 942.113 ; free physical = 39630 ; free virtual = 325066

Time (s): cpu = 00:13:05 ; elapsed = 00:05:10 . Memory (MB): peak = 6340.879 ; gain = 942.113 ; free physical = 39623 ; free virtual = 325058
Phase 4.1 Post Commit Optimization | Checksum: 2269341d8

Time (s): cpu = 00:13:06 ; elapsed = 00:05:10 . Memory (MB): peak = 6340.879 ; gain = 942.113 ; free physical = 39619 ; free virtual = 325055
Netlist sorting complete. Time (s): cpu = 00:00:00.01 ; elapsed = 00:00:00.01 . Memory (MB): peak = 6357.449 ; gain = 0.000 ; free physical = 38031 ; free virtual = 323655

Phase 4.2 Post Placement Cleanup
Phase 4.2 Post Placement Cleanup | Checksum: 22c2143f2

Time (s): cpu = 00:14:37 ; elapsed = 00:06:04 . Memory (MB): peak = 6357.449 ; gain = 958.684 ; free physical = 38015 ; free virtual = 323639

Phase 4.3 Placer Reporting

Phase 4.3.1 Print Estimated Congestion
INFO: [Place 30-612] Post-Placement Estimated Congestion 
 ________________________________________________________________________
|           | Global Congestion | Long Congestion   | Short Congestion  |
| Direction | Region Size       | Region Size       | Region Size       |
|___________|___________________|___________________|___________________|
|      North|                1x1|                4x4|                4x4|
|___________|___________________|___________________|___________________|
|      South|                2x2|                8x8|                1x1|
|___________|___________________|___________________|___________________|
|       East|                1x1|                1x1|                4x4|
|___________|___________________|___________________|___________________|
|       West|                1x1|                1x1|                2x2|
|___________|___________________|___________________|___________________|

SLR0:
 ________________________________________________________________________
|           | Global Congestion | Long Congestion   | Short Congestion  |
| Direction | Region Size       | Region Size       | Region Size       |
|___________|___________________|___________________|___________________|
|      North|                1x1|                1x1|                1x1|
|___________|___________________|___________________|___________________|
|      South|                1x1|                1x1|                1x1|
|___________|___________________|___________________|___________________|
|       East|                1x1|                1x1|                1x1|
|___________|___________________|___________________|___________________|
|       West|                1x1|                1x1|                1x1|
|___________|___________________|___________________|___________________|

SLR1:
 ________________________________________________________________________
|           | Global Congestion | Long Congestion   | Short Congestion  |
| Direction | Region Size       | Region Size       | Region Size       |
|___________|___________________|___________________|___________________|
|      North|                1x1|                4x4|                4x4|
|___________|___________________|___________________|___________________|
|      South|                2x2|                8x8|                1x1|
|___________|___________________|___________________|___________________|
|       East|                1x1|                1x1|                4x4|
|___________|___________________|___________________|___________________|
|       West|                1x1|                1x1|                2x2|
|___________|___________________|___________________|___________________|

SLR2:
 ________________________________________________________________________
|           | Global Congestion | Long Congestion   | Short Congestion  |
| Direction | Region Size       | Region Size       | Region Size       |
|___________|___________________|___________________|___________________|
|      North|                1x1|                1x1|                1x1|
|___________|___________________|___________________|___________________|
|      South|                1x1|                1x1|                1x1|
|___________|___________________|___________________|___________________|
|       East|                1x1|                1x1|                1x1|
|___________|___________________|___________________|___________________|
|       West|                1x1|                1x1|                1x1|
|___________|___________________|___________________|___________________|

Phase 4.3.1 Print Estimated Congestion | Checksum: 22c2143f2

Time (s): cpu = 00:14:38 ; elapsed = 00:06:04 . Memory (MB): peak = 6357.449 ; gain = 958.684 ; free physical = 38061 ; free virtual = 323685
Phase 4.3 Placer Reporting | Checksum: 22c2143f2

Time (s): cpu = 00:14:39 ; elapsed = 00:06:04 . Memory (MB): peak = 6357.449 ; gain = 958.684 ; free physical = 38061 ; free virtual = 323685

Phase 4.4 Final Placement Cleanup
Netlist sorting complete. Time (s): cpu = 00:00:00.01 ; elapsed = 00:00:00.01 . Memory (MB): peak = 6357.449 ; gain = 0.000 ; free physical = 38059 ; free virtual = 323683

Time (s): cpu = 00:14:39 ; elapsed = 00:06:04 . Memory (MB): peak = 6357.449 ; gain = 958.684 ; free physical = 38059 ; free virtual = 323683
Phase 4 Post Placement Optimization and Clean-Up | Checksum: 1c68908e5

Time (s): cpu = 00:14:40 ; elapsed = 00:06:04 . Memory (MB): peak = 6357.449 ; gain = 958.684 ; free physical = 38058 ; free virtual = 323682
Ending Placer Task | Checksum: 13064d735

Time (s): cpu = 00:14:40 ; elapsed = 00:06:05 . Memory (MB): peak = 6357.449 ; gain = 958.684 ; free physical = 38043 ; free virtual = 323667
96 Infos, 116 Warnings, 101 Critical Warnings and 0 Errors encountered.
place_design completed successfully
place_design: Time (s): cpu = 00:14:56 ; elapsed = 00:06:07 . Memory (MB): peak = 6357.449 ; gain = 958.684 ; free physical = 38046 ; free virtual = 323670
INFO: [Vivado 12-24838] Running report commands "report_control_sets, report_io, report_utilization" in parallel.
Running report generation with 3 threads.
INFO: [Vivado 12-24828] Executing command : report_control_sets -verbose -file bd_wrapper_control_sets_placed.rpt
report_control_sets: Time (s): cpu = 00:00:01 ; elapsed = 00:00:00.7 . Memory (MB): peak = 6357.449 ; gain = 0.000 ; free physical = 38021 ; free virtual = 323646
INFO: [Vivado 12-24828] Executing command : report_io -file bd_wrapper_io_placed.rpt
report_io: Time (s): cpu = 00:00:02 ; elapsed = 00:00:01 . Memory (MB): peak = 6357.449 ; gain = 0.000 ; free physical = 38033 ; free virtual = 323659
INFO: [Vivado 12-24828] Executing command : report_utilization -file bd_wrapper_utilization_placed.rpt -pb bd_wrapper_utilization_placed.pb
INFO: [Timing 38-480] Writing timing data to binary archive.
Write ShapeDB Complete: Time (s): cpu = 00:00:00.78 ; elapsed = 00:00:00.17 . Memory (MB): peak = 6357.449 ; gain = 0.000 ; free physical = 37924 ; free virtual = 323561
Wrote PlaceDB: Time (s): cpu = 00:00:09 ; elapsed = 00:00:03 . Memory (MB): peak = 6357.449 ; gain = 0.000 ; free physical = 37844 ; free virtual = 323526
Wrote PulsedLatchDB: Time (s): cpu = 00:00:00 ; elapsed = 00:00:00 . Memory (MB): peak = 6357.449 ; gain = 0.000 ; free physical = 37891 ; free virtual = 323573
Writing XDEF routing.
Writing XDEF routing logical nets.
Writing XDEF routing special nets.
Wrote RouteStorage: Time (s): cpu = 00:00:00.14 ; elapsed = 00:00:00.17 . Memory (MB): peak = 6357.449 ; gain = 0.000 ; free physical = 37875 ; free virtual = 323558
Wrote Netlist Cache: Time (s): cpu = 00:00:00.07 ; elapsed = 00:00:00.08 . Memory (MB): peak = 6357.449 ; gain = 0.000 ; free physical = 37869 ; free virtual = 323556
Wrote Device Cache: Time (s): cpu = 00:00:00.02 ; elapsed = 00:00:00.03 . Memory (MB): peak = 6357.449 ; gain = 0.000 ; free physical = 37874 ; free virtual = 323564
Write Physdb Complete: Time (s): cpu = 00:00:09 ; elapsed = 00:00:04 . Memory (MB): peak = 6357.449 ; gain = 0.000 ; free physical = 37895 ; free virtual = 323585
INFO: [Common 17-1381] The checkpoint '/home/cah/r2d2/code/fpga/fable5_llm/synth/out_ctl_B/proj/ctlB.runs/impl_1/bd_wrapper_placed.dcp' has been generated.
write_checkpoint: Time (s): cpu = 00:00:20 ; elapsed = 00:00:08 . Memory (MB): peak = 6357.449 ; gain = 0.000 ; free physical = 37717 ; free virtual = 323505
Command: phys_opt_design
Attempting to get a license for feature 'Implementation' and/or device 'xcvu9p'
INFO: [Common 17-349] Got license for feature 'Implementation' and/or device 'xcvu9p'
INFO: [Common 17-86] Your Implementation license expires in 10 day(s)

Starting Initial Update Timing Task

Time (s): cpu = 00:00:29 ; elapsed = 00:00:06 . Memory (MB): peak = 6357.449 ; gain = 0.000 ; free physical = 37712 ; free virtual = 323543
INFO: [Vivado_Tcl 4-2279] Estimated Timing Summary | WNS= 6.760 | TNS= 0.000 | 
INFO: [Vivado_Tcl 4-383] Design worst setup slack (WNS) is greater than or equal to 0.000 ns. All physical synthesis setup optimizations will be skipped.
INFO: [Vivado_Tcl 4-232] No setup violation found. The netlist was not modified.
INFO: [Common 17-83] Releasing license: Implementation
108 Infos, 116 Warnings, 101 Critical Warnings and 0 Errors encountered.
phys_opt_design completed successfully
phys_opt_design: Time (s): cpu = 00:00:29 ; elapsed = 00:00:06 . Memory (MB): peak = 6357.449 ; gain = 0.000 ; free physical = 37712 ; free virtual = 323543
INFO: [Timing 38-480] Writing timing data to binary archive.
Write ShapeDB Complete: Time (s): cpu = 00:00:02 ; elapsed = 00:00:00.33 . Memory (MB): peak = 6357.449 ; gain = 0.000 ; free physical = 37628 ; free virtual = 323471
Wrote PlaceDB: Time (s): cpu = 00:00:10 ; elapsed = 00:00:04 . Memory (MB): peak = 6357.449 ; gain = 0.000 ; free physical = 37581 ; free virtual = 323482
Wrote PulsedLatchDB: Time (s): cpu = 00:00:00 ; elapsed = 00:00:00 . Memory (MB): peak = 6357.449 ; gain = 0.000 ; free physical = 37576 ; free virtual = 323484
Writing XDEF routing.
Writing XDEF routing logical nets.
Writing XDEF routing special nets.
Wrote RouteStorage: Time (s): cpu = 00:00:00.25 ; elapsed = 00:00:00.17 . Memory (MB): peak = 6357.449 ; gain = 0.000 ; free physical = 37575 ; free virtual = 323488
Wrote Netlist Cache: Time (s): cpu = 00:00:00.08 ; elapsed = 00:00:00.08 . Memory (MB): peak = 6357.449 ; gain = 0.000 ; free physical = 37595 ; free virtual = 323519
Wrote Device Cache: Time (s): cpu = 00:00:00.02 ; elapsed = 00:00:00.03 . Memory (MB): peak = 6357.449 ; gain = 0.000 ; free physical = 37594 ; free virtual = 323521
Write Physdb Complete: Time (s): cpu = 00:00:10 ; elapsed = 00:00:04 . Memory (MB): peak = 6357.449 ; gain = 0.000 ; free physical = 37594 ; free virtual = 323523
INFO: [Common 17-1381] The checkpoint '/home/cah/r2d2/code/fpga/fable5_llm/synth/out_ctl_B/proj/ctlB.runs/impl_1/bd_wrapper_physopt.dcp' has been generated.
write_checkpoint: Time (s): cpu = 00:00:13 ; elapsed = 00:00:07 . Memory (MB): peak = 6357.449 ; gain = 0.000 ; free physical = 37477 ; free virtual = 323462
Command: route_design
Attempting to get a license for feature 'Implementation' and/or device 'xcvu9p'
INFO: [Common 17-349] Got license for feature 'Implementation' and/or device 'xcvu9p'
INFO: [Common 17-86] Your Implementation license expires in 10 day(s)


Starting Routing Task
INFO: [Route 35-254] Multithreading enabled for route_design using a maximum of 16 CPUs

Phase 1 Build RT Design
Checksum: PlaceDB: acae57cd ConstDB: 0 ShapeSum: aea5e98 RouteDB: 78cc20d0
Nodegraph reading from file.  Time (s): cpu = 00:00:02 ; elapsed = 00:00:02 . Memory (MB): peak = 6357.449 ; gain = 0.000 ; free physical = 37457 ; free virtual = 323460
Post Restoration Checksum: NetGraph: d3c091a3 | NumContArr: f1bd787e | Constraints: 2e3107e9 | Timing: c2a8fa9d
Phase 1 Build RT Design | Checksum: 2b6580ca7

Time (s): cpu = 00:00:49 ; elapsed = 00:00:17 . Memory (MB): peak = 6357.449 ; gain = 0.000 ; free physical = 37440 ; free virtual = 323457

Phase 2 Router Initialization

Phase 2.1 Fix Topology Constraints
Phase 2.1 Fix Topology Constraints | Checksum: 2b6580ca7

Time (s): cpu = 00:00:50 ; elapsed = 00:00:17 . Memory (MB): peak = 6357.449 ; gain = 0.000 ; free physical = 37446 ; free virtual = 323463

Phase 2.2 Pre Route Cleanup
Phase 2.2 Pre Route Cleanup | Checksum: 2b6580ca7

Time (s): cpu = 00:00:50 ; elapsed = 00:00:17 . Memory (MB): peak = 6357.449 ; gain = 0.000 ; free physical = 37447 ; free virtual = 323463

Phase 2.3 Global Clock Net Routing
 Number of Nodes with overlaps = 0
Phase 2.3 Global Clock Net Routing | Checksum: 20512747f

Time (s): cpu = 00:01:06 ; elapsed = 00:00:22 . Memory (MB): peak = 6939.410 ; gain = 581.961 ; free physical = 36177 ; free virtual = 322215

Phase 2.4 Update Timing
Phase 2.4 Update Timing | Checksum: 191baca02

Time (s): cpu = 00:01:22 ; elapsed = 00:00:26 . Memory (MB): peak = 6939.410 ; gain = 581.961 ; free physical = 36165 ; free virtual = 322205
INFO: [Route 35-416] Intermediate Timing Summary | WNS=6.814  | TNS=0.000  | WHS=0.029  | THS=0.000  |


Router Utilization Summary
  Global Vertical Routing Utilization    = 0 %
  Global Horizontal Routing Utilization  = 0 %
  Routable Net Status*
  *Does not include unroutable nets such as driverless and loadless.
  Run report_route_status for detailed report.
  Number of Failed Nets               = 48237
    (Failed Nets is the sum of unrouted and partially routed nets)
  Number of Unrouted Nets             = 39842
  Number of Partially Routed Nets     = 8395
  Number of Node Overlaps             = 0

Phase 2 Router Initialization | Checksum: 1a68292fe

Time (s): cpu = 00:01:53 ; elapsed = 00:00:31 . Memory (MB): peak = 7006.191 ; gain = 648.742 ; free physical = 36142 ; free virtual = 322187

Phase 3 Global Routing
Phase 3 Global Routing | Checksum: 1a68292fe

Time (s): cpu = 00:01:53 ; elapsed = 00:00:32 . Memory (MB): peak = 7006.191 ; gain = 648.742 ; free physical = 36148 ; free virtual = 322194

Phase 4 Initial Routing

Phase 4.1 Initial Net Routing Pass
Phase 4.1 Initial Net Routing Pass | Checksum: 2bcf3cd5d

Time (s): cpu = 00:02:24 ; elapsed = 00:00:42 . Memory (MB): peak = 7006.191 ; gain = 648.742 ; free physical = 36130 ; free virtual = 322210
Phase 4 Initial Routing | Checksum: 2d6767dd5

Time (s): cpu = 00:02:25 ; elapsed = 00:00:42 . Memory (MB): peak = 7006.191 ; gain = 648.742 ; free physical = 36128 ; free virtual = 322216

INFO: [Route 35-449] Initial Estimated Congestion
 ________________________________________________________________________
|           | Global Congestion | Long Congestion   | Short Congestion  |
|           |___________________|___________________|___________________|
| Direction | Size   | % Tiles  | Size   | % Tiles  | Size   | % Tiles  |
|___________|________|__________|________|__________|________|__________|
|      NORTH|     2x2|      0.01|     8x8|      0.27|     2x2|      0.01|
|___________|________|__________|________|__________|________|__________|
|      SOUTH|     4x4|      0.10|   16x16|      0.59|     1x1|      0.00|
|___________|________|__________|________|__________|________|__________|
|       EAST|     1x1|      0.00|     2x2|      0.01|     2x2|      0.01|
|___________|________|__________|________|__________|________|__________|
|       WEST|     2x2|      0.00|     2x2|      0.01|     2x2|      0.01|
|___________|________|__________|________|__________|________|__________|
Congestion Report
LONG Congestion bounded by tiles (Lower Left Tile -> Upper Right Tile):
SOUTH
	INT_X100Y336->INT_X103Y367 (PCIE4_PCIE4_FT_X99Y300->CLEL_R_X103Y367)
	INT_X100Y404->INT_X103Y407 (INT_X100Y404->CLEL_R_X103Y407)
	INT_X100Y392->INT_X103Y395 (INT_X100Y392->CLEL_R_X103Y395)
	INT_X100Y384->INT_X103Y387 (INT_X100Y384->CLEL_R_X103Y387)
	INT_X100Y380->INT_X103Y383 (INT_X100Y380->CLEL_R_X103Y383)

Phase 5 Rip-up And Reroute

Phase 5.1 Global Iteration 0
 Number of Nodes with overlaps = 7173
 Number of Nodes with overlaps = 443
 Number of Nodes with overlaps = 7
 Number of Nodes with overlaps = 0
INFO: [Route 35-416] Intermediate Timing Summary | WNS=6.282  | TNS=0.000  | WHS=0.049  | THS=0.000  |

Phase 5.1 Global Iteration 0 | Checksum: 1db9a9e19

Time (s): cpu = 00:04:46 ; elapsed = 00:01:26 . Memory (MB): peak = 7006.191 ; gain = 648.742 ; free physical = 35701 ; free virtual = 322227

Phase 5.2 Additional Iteration for Hold
Phase 5.2 Additional Iteration for Hold | Checksum: 1cd208336

Time (s): cpu = 00:04:47 ; elapsed = 00:01:26 . Memory (MB): peak = 7006.191 ; gain = 648.742 ; free physical = 35693 ; free virtual = 322228
Phase 5 Rip-up And Reroute | Checksum: 1cd208336

Time (s): cpu = 00:04:47 ; elapsed = 00:01:26 . Memory (MB): peak = 7006.191 ; gain = 648.742 ; free physical = 35693 ; free virtual = 322230

Phase 6 Delay and Skew Optimization

Phase 6.1 Delay CleanUp
Phase 6.1 Delay CleanUp | Checksum: 18622f399

Time (s): cpu = 00:04:49 ; elapsed = 00:01:27 . Memory (MB): peak = 7006.191 ; gain = 648.742 ; free physical = 35677 ; free virtual = 322220

Phase 6.2 Clock Skew Optimization
Phase 6.2 Clock Skew Optimization | Checksum: 18622f399

Time (s): cpu = 00:04:49 ; elapsed = 00:01:27 . Memory (MB): peak = 7006.191 ; gain = 648.742 ; free physical = 35677 ; free virtual = 322221
Phase 6 Delay and Skew Optimization | Checksum: 18622f399

Time (s): cpu = 00:04:49 ; elapsed = 00:01:27 . Memory (MB): peak = 7006.191 ; gain = 648.742 ; free physical = 35676 ; free virtual = 322221

Phase 7 Post Hold Fix

Phase 7.1 Hold Fix Iter
INFO: [Route 35-416] Intermediate Timing Summary | WNS=6.282  | TNS=0.000  | WHS=0.049  | THS=0.000  |

Phase 7.1 Hold Fix Iter | Checksum: 18622f399

Time (s): cpu = 00:05:06 ; elapsed = 00:01:29 . Memory (MB): peak = 7006.191 ; gain = 648.742 ; free physical = 35592 ; free virtual = 322234
Phase 7 Post Hold Fix | Checksum: 18622f399

Time (s): cpu = 00:05:07 ; elapsed = 00:01:29 . Memory (MB): peak = 7006.191 ; gain = 648.742 ; free physical = 35592 ; free virtual = 322235

Phase 8 Route finalize

Router Utilization Summary
  Global Vertical Routing Utilization    = 1.12908 %
  Global Horizontal Routing Utilization  = 0.652648 %
  Routable Net Status*
  *Does not include unroutable nets such as driverless and loadless.
  Run report_route_status for detailed report.
  Number of Failed Nets               = 0
    (Failed Nets is the sum of unrouted and partially routed nets)
  Number of Unrouted Nets             = 0
  Number of Partially Routed Nets     = 0
  Number of Node Overlaps             = 0

Phase 8 Route finalize | Checksum: 18622f399

Time (s): cpu = 00:05:13 ; elapsed = 00:01:30 . Memory (MB): peak = 7006.191 ; gain = 648.742 ; free physical = 35570 ; free virtual = 322264

Phase 9 Verifying routed nets

 Verification completed successfully
Phase 9 Verifying routed nets | Checksum: 18622f399

Time (s): cpu = 00:05:13 ; elapsed = 00:01:31 . Memory (MB): peak = 7006.191 ; gain = 648.742 ; free physical = 35531 ; free virtual = 322226

Phase 10 Depositing Routes
INFO: [Route 35-467] Router swapped GT pin bd_i/xdma_0/inst/pcie4_ip_i/inst/bd_xdma_0_0_pcie4_ip_gt_top_i/diablo_gt.diablo_gt_phy_wrapper/gt_wizard.gtwizard_top_i/bd_xdma_0_0_pcie4_ip_gt_i/inst/gen_gtwizard_gtye4_top.bd_xdma_0_0_pcie4_ip_gt_gtwizard_gtye4_inst/gen_gtwizard_gtye4.gen_channel_container[32].gen_enabled_channel.gtye4_channel_wrapper_inst/channel_inst/gtye4_channel_gen.gen_gtye4_channel_inst[0].GTYE4_CHANNEL_PRIM_INST/GTREFCLK0 to physical pin GTYE4_CHANNEL_X1Y32/NORTHREFCLK1
INFO: [Route 35-467] Router swapped GT pin bd_i/xdma_0/inst/pcie4_ip_i/inst/bd_xdma_0_0_pcie4_ip_gt_top_i/diablo_gt.diablo_gt_phy_wrapper/gt_wizard.gtwizard_top_i/bd_xdma_0_0_pcie4_ip_gt_i/inst/gen_gtwizard_gtye4_top.bd_xdma_0_0_pcie4_ip_gt_gtwizard_gtye4_inst/gen_gtwizard_gtye4.gen_channel_container[32].gen_enabled_channel.gtye4_channel_wrapper_inst/channel_inst/gtye4_channel_gen.gen_gtye4_channel_inst[1].GTYE4_CHANNEL_PRIM_INST/GTREFCLK0 to physical pin GTYE4_CHANNEL_X1Y33/NORTHREFCLK1
INFO: [Route 35-467] Router swapped GT pin bd_i/xdma_0/inst/pcie4_ip_i/inst/bd_xdma_0_0_pcie4_ip_gt_top_i/diablo_gt.diablo_gt_phy_wrapper/gt_wizard.gtwizard_top_i/bd_xdma_0_0_pcie4_ip_gt_i/inst/gen_gtwizard_gtye4_top.bd_xdma_0_0_pcie4_ip_gt_gtwizard_gtye4_inst/gen_gtwizard_gtye4.gen_channel_container[32].gen_enabled_channel.gtye4_channel_wrapper_inst/channel_inst/gtye4_channel_gen.gen_gtye4_channel_inst[2].GTYE4_CHANNEL_PRIM_INST/GTREFCLK0 to physical pin GTYE4_CHANNEL_X1Y34/NORTHREFCLK1
INFO: [Route 35-467] Router swapped GT pin bd_i/xdma_0/inst/pcie4_ip_i/inst/bd_xdma_0_0_pcie4_ip_gt_top_i/diablo_gt.diablo_gt_phy_wrapper/gt_wizard.gtwizard_top_i/bd_xdma_0_0_pcie4_ip_gt_i/inst/gen_gtwizard_gtye4_top.bd_xdma_0_0_pcie4_ip_gt_gtwizard_gtye4_inst/gen_gtwizard_gtye4.gen_channel_container[32].gen_enabled_channel.gtye4_channel_wrapper_inst/channel_inst/gtye4_channel_gen.gen_gtye4_channel_inst[3].GTYE4_CHANNEL_PRIM_INST/GTREFCLK0 to physical pin GTYE4_CHANNEL_X1Y35/NORTHREFCLK1
INFO: [Route 35-467] Router swapped GT pin bd_i/xdma_0/inst/pcie4_ip_i/inst/bd_xdma_0_0_pcie4_ip_gt_top_i/diablo_gt.diablo_gt_phy_wrapper/gt_wizard.gtwizard_top_i/bd_xdma_0_0_pcie4_ip_gt_i/inst/gen_gtwizard_gtye4_top.bd_xdma_0_0_pcie4_ip_gt_gtwizard_gtye4_inst/gen_gtwizard_gtye4.gen_common.gen_common_container[32].gen_enabled_common.gtye4_common_wrapper_inst/common_inst/gtye4_common_gen.GTYE4_COMMON_PRIM_INST/GTREFCLK00 to physical pin GTYE4_COMMON_X1Y8/COM0_REFCLKOUT3
INFO: [Route 35-467] Router swapped GT pin bd_i/xdma_0/inst/pcie4_ip_i/inst/bd_xdma_0_0_pcie4_ip_gt_top_i/diablo_gt.diablo_gt_phy_wrapper/gt_wizard.gtwizard_top_i/bd_xdma_0_0_pcie4_ip_gt_i/inst/gen_gtwizard_gtye4_top.bd_xdma_0_0_pcie4_ip_gt_gtwizard_gtye4_inst/gen_gtwizard_gtye4.gen_common.gen_common_container[32].gen_enabled_common.gtye4_common_wrapper_inst/common_inst/gtye4_common_gen.GTYE4_COMMON_PRIM_INST/GTREFCLK01 to physical pin GTYE4_COMMON_X1Y8/COM2_REFCLKOUT3
Phase 10 Depositing Routes | Checksum: 18622f399

Time (s): cpu = 00:05:21 ; elapsed = 00:01:35 . Memory (MB): peak = 7006.191 ; gain = 648.742 ; free physical = 35421 ; free virtual = 322169

Phase 11 Resolve XTalk
Phase 11 Resolve XTalk | Checksum: 18622f399

Time (s): cpu = 00:05:21 ; elapsed = 00:01:35 . Memory (MB): peak = 7006.191 ; gain = 648.742 ; free physical = 35421 ; free virtual = 322169

Phase 12 Post Process Routing
Common:
   
SLR0

Initial Estimated Congestion
 ________________________________________________________________________
|           | Global Congestion | Long Congestion   | Short Congestion  |
|           |___________________|___________________|___________________|
| Direction | Size   | % Tiles  | Size   | % Tiles  | Size   | % Tiles  |
|___________|________|__________|________|__________|________|__________|
|      NORTH|     1x1|      0.00|     1x1|      0.00|     1x1|      0.00|
|___________|________|__________|________|__________|________|__________|
|      SOUTH|     1x1|      0.00|     1x1|      0.00|     1x1|      0.00|
|___________|________|__________|________|__________|________|__________|
|       EAST|     1x1|      0.00|     1x1|      0.00|     1x1|      0.00|
|___________|________|__________|________|__________|________|__________|
|       WEST|     1x1|      0.00|     1x1|      0.00|     1x1|      0.00|
|___________|________|__________|________|__________|________|__________|

SLR1

Initial Estimated Congestion
 ________________________________________________________________________
|           | Global Congestion | Long Congestion   | Short Congestion  |
|           |___________________|___________________|___________________|
| Direction | Size   | % Tiles  | Size   | % Tiles  | Size   | % Tiles  |
|___________|________|__________|________|__________|________|__________|
|      NORTH|     2x2|      0.04|     8x8|      0.82|     2x2|      0.02|
|___________|________|__________|________|__________|________|__________|
|      SOUTH|     4x4|      0.31|   16x16|      1.78|     1x1|      0.01|
|___________|________|__________|________|__________|________|__________|
|       EAST|     1x1|      0.00|     2x2|      0.02|     2x2|      0.04|
|___________|________|__________|________|__________|________|__________|
|       WEST|     2x2|      0.00|     2x2|      0.03|     2x2|      0.04|
|___________|________|__________|________|__________|________|__________|

SLR2

Initial Estimated Congestion
 ________________________________________________________________________
|           | Global Congestion | Long Congestion   | Short Congestion  |
|           |___________________|___________________|___________________|
| Direction | Size   | % Tiles  | Size   | % Tiles  | Size   | % Tiles  |
|___________|________|__________|________|__________|________|__________|
|      NORTH|     1x1|      0.00|     1x1|      0.00|     1x1|      0.00|
|___________|________|__________|________|__________|________|__________|
|      SOUTH|     1x1|      0.00|     1x1|      0.00|     1x1|      0.00|
|___________|________|__________|________|__________|________|__________|
|       EAST|     1x1|      0.00|     1x1|      0.00|     1x1|      0.00|
|___________|________|__________|________|__________|________|__________|
|       WEST|     1x1|      0.00|     1x1|      0.00|     1x1|      0.00|
|___________|________|__________|________|__________|________|__________|


Phase 12 Post Process Routing | Checksum: 18622f399

Time (s): cpu = 00:05:23 ; elapsed = 00:01:35 . Memory (MB): peak = 7006.191 ; gain = 648.742 ; free physical = 35434 ; free virtual = 322182

Phase 13 Post Router Timing
INFO: [Route 35-57] Estimated Timing Summary | WNS=6.282  | TNS=0.000  | WHS=0.049  | THS=0.000  |

INFO: [Route 35-327] The final timing numbers are based on the router estimated timing analysis. For a complete and accurate timing signoff, please run report_timing_summary.
Phase 13 Post Router Timing | Checksum: 18622f399

Time (s): cpu = 00:05:24 ; elapsed = 00:01:35 . Memory (MB): peak = 7006.191 ; gain = 648.742 ; free physical = 35432 ; free virtual = 322180
Total Elapsed time in route_design: 95.17 secs

Phase 14 Post-Route Event Processing
Phase 14 Post-Route Event Processing | Checksum: 965e0d70

Time (s): cpu = 00:05:25 ; elapsed = 00:01:36 . Memory (MB): peak = 7006.191 ; gain = 648.742 ; free physical = 35408 ; free virtual = 322156
INFO: [Route 35-16] Router Completed Successfully
Ending Routing Task | Checksum: 965e0d70

Time (s): cpu = 00:05:26 ; elapsed = 00:01:36 . Memory (MB): peak = 7006.191 ; gain = 648.742 ; free physical = 35420 ; free virtual = 322169

Routing Is Done.
INFO: [Common 17-83] Releasing license: Implementation
127 Infos, 116 Warnings, 101 Critical Warnings and 0 Errors encountered.
route_design completed successfully
route_design: Time (s): cpu = 00:05:27 ; elapsed = 00:01:37 . Memory (MB): peak = 7006.191 ; gain = 648.742 ; free physical = 35409 ; free virtual = 322157
INFO: [Vivado 12-24828] Executing command : report_drc -file bd_wrapper_drc_routed.rpt -pb bd_wrapper_drc_routed.pb -rpx bd_wrapper_drc_routed.rpx
Command: report_drc -file bd_wrapper_drc_routed.rpt -pb bd_wrapper_drc_routed.pb -rpx bd_wrapper_drc_routed.rpx
INFO: [IP_Flow 19-1839] IP Catalog is up to date.
INFO: [DRC 23-27] Running DRC with 16 threads
INFO: [Vivado_Tcl 2-168] The results of DRC are in file /home/cah/r2d2/code/fpga/fable5_llm/synth/out_ctl_B/proj/ctlB.runs/impl_1/bd_wrapper_drc_routed.rpt.
report_drc completed successfully
report_drc: Time (s): cpu = 00:00:34 ; elapsed = 00:00:07 . Memory (MB): peak = 7006.191 ; gain = 0.000 ; free physical = 35312 ; free virtual = 322061
INFO: [Vivado 12-24828] Executing command : report_methodology -file bd_wrapper_methodology_drc_routed.rpt -pb bd_wrapper_methodology_drc_routed.pb -rpx bd_wrapper_methodology_drc_routed.rpx
Command: report_methodology -file bd_wrapper_methodology_drc_routed.rpt -pb bd_wrapper_methodology_drc_routed.pb -rpx bd_wrapper_methodology_drc_routed.rpx
INFO: [Timing 38-35] Done setting XDC timing constraints.
INFO: [DRC 23-133] Running Methodology with 16 threads
INFO: [Vivado_Tcl 2-1520] The results of Report Methodology are in file /home/cah/r2d2/code/fpga/fable5_llm/synth/out_ctl_B/proj/ctlB.runs/impl_1/bd_wrapper_methodology_drc_routed.rpt.
report_methodology completed successfully
report_methodology: Time (s): cpu = 00:00:48 ; elapsed = 00:00:08 . Memory (MB): peak = 7006.191 ; gain = 0.000 ; free physical = 35204 ; free virtual = 321953
INFO: [Vivado 12-24828] Executing command : report_timing_summary -max_paths 10 -report_unconstrained -file bd_wrapper_timing_summary_routed.rpt -pb bd_wrapper_timing_summary_routed.pb -rpx bd_wrapper_timing_summary_routed.rpx -warn_on_violation 
INFO: [Timing 38-35] Done setting XDC timing constraints.
INFO: [Timing 38-91] UpdateTimingParams: Speed grade: -2L, Temperature grade: E, Delay Type: min_max.
INFO: [Timing 38-191] Multithreading enabled for timing update using a maximum of 16 CPUs
report_timing_summary: Time (s): cpu = 00:00:14 ; elapsed = 00:00:05 . Memory (MB): peak = 7006.191 ; gain = 0.000 ; free physical = 35334 ; free virtual = 322111
INFO: [Vivado 12-24838] Running report commands "report_bus_skew, report_incremental_reuse, report_route_status" in parallel.
Running report generation with 3 threads.
INFO: [Vivado 12-24828] Executing command : report_incremental_reuse -file bd_wrapper_incremental_reuse_routed.rpt
INFO: [Vivado_Tcl 4-1062] Incremental flow is disabled. No incremental reuse Info to report.
INFO: [Vivado 12-24828] Executing command : report_bus_skew -warn_on_violation -file bd_wrapper_bus_skew_routed.rpt -pb bd_wrapper_bus_skew_routed.pb -rpx bd_wrapper_bus_skew_routed.rpx
INFO: [Timing 38-91] UpdateTimingParams: Speed grade: -2L, Temperature grade: E, Delay Type: min_max.
INFO: [Timing 38-191] Multithreading enabled for timing update using a maximum of 16 CPUs
INFO: [Vivado 12-24828] Executing command : report_route_status -file bd_wrapper_route_status.rpt -pb bd_wrapper_route_status.pb
INFO: [Vivado 12-24828] Executing command : report_power -file bd_wrapper_power_routed.rpt -pb bd_wrapper_power_summary_routed.pb -rpx bd_wrapper_power_routed.rpx
Command: report_power -file bd_wrapper_power_routed.rpt -pb bd_wrapper_power_summary_routed.pb -rpx bd_wrapper_power_routed.rpx
Running Vector-less Activity Propagation...

Finished Running Vector-less Activity Propagation
WARNING: [Power 33-332] Found switching activity that implies high-fanout reset nets being asserted for excessive periods of time which may result in inaccurate power analysis.
Resolution: To review and fix problems, please run Power Constraints Advisor in the GUI from Tools > Power Constraints Advisor or run report_power with the -advisory option to generate a text report.
147 Infos, 117 Warnings, 101 Critical Warnings and 0 Errors encountered.
report_power completed successfully
report_power: Time (s): cpu = 00:00:42 ; elapsed = 00:00:21 . Memory (MB): peak = 7126.250 ; gain = 120.059 ; free physical = 35296 ; free virtual = 322113
INFO: [Vivado 12-24828] Executing command : report_clock_utilization -file bd_wrapper_clock_utilization_routed.rpt
report_clock_utilization: Time (s): cpu = 00:00:23 ; elapsed = 00:00:23 . Memory (MB): peak = 7126.250 ; gain = 0.000 ; free physical = 35345 ; free virtual = 322173
generate_parallel_reports: Time (s): cpu = 00:02:40 ; elapsed = 00:01:05 . Memory (MB): peak = 7126.250 ; gain = 120.059 ; free physical = 35345 ; free virtual = 322173
INFO: [Timing 38-480] Writing timing data to binary archive.
Write ShapeDB Complete: Time (s): cpu = 00:00:00.81 ; elapsed = 00:00:00.18 . Memory (MB): peak = 7126.250 ; gain = 0.000 ; free physical = 35326 ; free virtual = 322166
Wrote PlaceDB: Time (s): cpu = 00:00:08 ; elapsed = 00:00:03 . Memory (MB): peak = 7126.250 ; gain = 0.000 ; free physical = 35256 ; free virtual = 322139
Wrote PulsedLatchDB: Time (s): cpu = 00:00:00 ; elapsed = 00:00:00 . Memory (MB): peak = 7126.250 ; gain = 0.000 ; free physical = 35280 ; free virtual = 322163
Writing XDEF routing.
Writing XDEF routing logical nets.
Writing XDEF routing special nets.
Wrote RouteStorage: Time (s): cpu = 00:00:02 ; elapsed = 00:00:00.9 . Memory (MB): peak = 7126.250 ; gain = 0.000 ; free physical = 35267 ; free virtual = 322160
Wrote Netlist Cache: Time (s): cpu = 00:00:00.09 ; elapsed = 00:00:00.09 . Memory (MB): peak = 7126.250 ; gain = 0.000 ; free physical = 35267 ; free virtual = 322165
Wrote Device Cache: Time (s): cpu = 00:00:00.02 ; elapsed = 00:00:00.02 . Memory (MB): peak = 7126.250 ; gain = 0.000 ; free physical = 35275 ; free virtual = 322175
Write Physdb Complete: Time (s): cpu = 00:00:10 ; elapsed = 00:00:04 . Memory (MB): peak = 7126.250 ; gain = 0.000 ; free physical = 35276 ; free virtual = 322176
INFO: [Common 17-1381] The checkpoint '/home/cah/r2d2/code/fpga/fable5_llm/synth/out_ctl_B/proj/ctlB.runs/impl_1/bd_wrapper_routed.dcp' has been generated.
write_checkpoint: Time (s): cpu = 00:00:13 ; elapsed = 00:00:07 . Memory (MB): peak = 7126.250 ; gain = 0.000 ; free physical = 35290 ; free virtual = 322211
INFO: [Memdata 28-208] The XPM instance: <bd_i/xdma_0/inst/ram_top/mas_bridge_ram_write_512.MASTER_WRITE_FIFO/xpm_memory_sdpram_inst_loop[0].xpm_memory_sdpram_inst/xpm_memory_base_inst> is part of IP: <bd_i/xdma_0>. This XPM instance will be excluded from the .mmi because updatemem is prohibited from making changes to an XPM that is part of an IP.
INFO: [Memdata 28-208] The XPM instance: <bd_i/xdma_0/inst/ram_top/gen_h2c_bram.H2C_DAT0_FIFO/xpm_memory_sdpram_inst_loop[1].xpm_memory_sdpram_inst/xpm_memory_base_inst> is part of IP: <bd_i/xdma_0>. This XPM instance will be excluded from the .mmi because updatemem is prohibited from making changes to an XPM that is part of an IP.
INFO: [Memdata 28-208] The XPM instance: <bd_i/xdma_0/inst/ram_top/gen_h2c_bram.H2C_DAT0_FIFO/xpm_memory_sdpram_inst_loop[0].xpm_memory_sdpram_inst/xpm_memory_base_inst> is part of IP: <bd_i/xdma_0>. This XPM instance will be excluded from the .mmi because updatemem is prohibited from making changes to an XPM that is part of an IP.
INFO: [Memdata 28-208] The XPM instance: <bd_i/xdma_0/inst/ram_top/gen_c2h_bram.C2H_DAT0_FIFO/xpm_memory_sdpram_inst_loop[1].xpm_memory_sdpram_inst/xpm_memory_base_inst> is part of IP: <bd_i/xdma_0>. This XPM instance will be excluded from the .mmi because updatemem is prohibited from making changes to an XPM that is part of an IP.
INFO: [Memdata 28-208] The XPM instance: <bd_i/xdma_0/inst/ram_top/gen_c2h_bram.C2H_DAT0_FIFO/xpm_memory_sdpram_inst_loop[0].xpm_memory_sdpram_inst/xpm_memory_base_inst> is part of IP: <bd_i/xdma_0>. This XPM instance will be excluded from the .mmi because updatemem is prohibited from making changes to an XPM that is part of an IP.
INFO: [Memdata 28-208] The XPM instance: <bd_i/xdma_0/inst/ram_top/MASTER_READ_BRAM/xpm_memory_sdpram_inst_loop[0].xpm_memory_sdpram_inst/xpm_memory_base_inst> is part of IP: <bd_i/xdma_0>. This XPM instance will be excluded from the .mmi because updatemem is prohibited from making changes to an XPM that is part of an IP.
Command: write_bitstream -force bd_wrapper.bit
Attempting to get a license for feature 'Implementation' and/or device 'xcvu9p'
INFO: [Common 17-349] Got license for feature 'Implementation' and/or device 'xcvu9p'
INFO: [Common 17-86] Your Implementation license expires in 10 day(s)
Running DRC as a precondition to command write_bitstream
INFO: [IP_Flow 19-1839] IP Catalog is up to date.
INFO: [DRC 23-27] Running DRC with 16 threads
INFO: [Vivado 12-3199] DRC finished with 0 Errors
INFO: [Vivado 12-3200] Please refer to the DRC report (report_drc) for more information.
INFO: [Designutils 20-2272] Running write_bitstream with 8 threads.
Loading data files...
Loading site data...
Loading route data...
Processing options...
Creating bitmap...
Creating bitstream...
Bitstream compression saved 162721952 bits.
Bitstream compression saved 162716448 bits.
Bitstream compression saved 127422464 bits.
Writing bitstream ./bd_wrapper.bit...
INFO: [Vivado 12-1842] Bitgen Completed Successfully.
INFO: [Common 17-83] Releasing license: Implementation
165 Infos, 117 Warnings, 101 Critical Warnings and 0 Errors encountered.
write_bitstream completed successfully
write_bitstream: Time (s): cpu = 00:02:53 ; elapsed = 00:01:51 . Memory (MB): peak = 7126.250 ; gain = 0.000 ; free physical = 35140 ; free virtual = 322175
INFO: [Common 17-206] Exiting Vivado at Thu Jun 11 06:02:30 2026...
[Thu Jun 11 06:02:35 2026] impl_1 finished
wait_on_runs: Time (s): cpu = 00:00:03 ; elapsed = 00:14:15 . Memory (MB): peak = 2853.070 ; gain = 0.000 ; free physical = 40830 ; free virtual = 327864
# if {[get_property PROGRESS [get_runs impl_1]] != "100%"} { puts "FATAL: impl failed"; exit 1 }
# puts "BITSTREAM: [glob /home/cah/r2d2/code/fpga/fable5_llm/synth/out_ctl_B/proj/ctlB.runs/impl_1/*.bit]"
BITSTREAM: /home/cah/r2d2/code/fpga/fable5_llm/synth/out_ctl_B/proj/ctlB.runs/impl_1/bd_wrapper.bit
# puts "BUILD_OK"
BUILD_OK
INFO: [Common 17-206] Exiting Vivado at Thu Jun 11 06:02:35 2026...
=== DONE: /home/cah/r2d2/code/fpga/fable5_llm/synth/out_ctl_B ===
