Copyright 1986-2022 Xilinx, Inc. All Rights Reserved. Copyright 2022-2024 Advanced Micro Devices, Inc. All Rights Reserved.
------------------------------------------------------------------------------------------------------------------------------------------------------
| Tool Version      : Vivado v.2024.2 (lin64) Build 5239630 Fri Nov 08 22:34:34 MST 2024
| Date              : Mon Aug 24 16:39:08 2026
| Host              : darthplagueis running 64-bit Ubuntu 24.04.4 LTS
| Command           : report_exceptions -file /home/cah/r2d2/code/fpga/fable5_llm/synth/out_build_035_fp2a_AltSpreadLogic_high/reports/exceptions.rpt
| Design            : bd_wrapper
| Device            : xcvu9p-fsgd2104
| Speed File        : -2L  PRODUCTION 1.28 03-30-2022
| Design State      : Physopt postRoute
| Temperature Grade : E
------------------------------------------------------------------------------------------------------------------------------------------------------

Exceptions Report

Position  From                                                                              Through                                                                           To                                                                                Setup            Hold             Status                                                                                    
--------  --------------------------------------------------------------------------------  --------------------------------------------------------------------------------  --------------------------------------------------------------------------------  ---------------  ---------------  ------------------------------------------------------------------------------------------
1         *                                                                                 *                                                                                 [get_pins -hier *cdc_to*/D]                                                       false            false            
2         *                                                                                 *                                                                                 [get_pins -hier *cdc_to*/D]                                                       false            false            
3         *                                                                                 *                                                                                 [get_pins -hier *cdc_to*/D]                                                       false            false            
4         *                                                                                 *                                                                                 [get_pins -hier *cdc_to*/D]                                                       false            false            
5         *                                                                                 *                                                                                 [get_pins -hier *cdc_to*/D]                                                       false            false            
6         *                                                                                 *                                                                                 [get_pins -hier *cdc_to*/D]                                                       false            false            
7         *                                                                                 *                                                                                 [get_pins -hier *cdc_to*/D]                                                       false            false            Invalid endpoint                                                                          
9         *                                                                                 *                                                                                 [get_pins */*/*/*/*/*.u_xiphy_control/xiphy_control/RIU_ADDR*]                    -                false            
10        *                                                                                 *                                                                                 [get_pins */*/*/*/*/*.u_xiphy_control/xiphy_control/RIU_WR_DATA*]                 -                false            
11        [get_pins */*/*/u_ddr_cal_addr_decode/io_ready_lvl_reg/C]                         *                                                                                 [get_pins {*/u_io_ready_lvl_sync/SYNC[*].sync_reg_reg[0]/D}]                      max_dpo=5        -                
12        [get_pins {*/*/*/u_ddr_cal_addr_decode/io_read_data_reg[*]/C}]                    *                                                                                 [get_pins {*/u_io_read_data_sync/SYNC[*].sync_reg_reg[0]/D}]                      max_dpo=5        -                
13        [get_pins */*/*/phy_ready_riuclk_reg/C]                                           *                                                                                 [get_pins {*/u_phy2clb_phy_ready_sync/SYNC[*].sync_reg_reg[0]/D}]                 max_dpo=3        -                
14        [get_pins */*/*/bisc_complete_riuclk_reg/C]                                       *                                                                                 [get_pins {*/u_phy2clb_bisc_complete_sync/SYNC[*].sync_reg_reg[0]/D}]             max_dpo=3        -                
15        [get_pins */*/io_addr_strobe_lvl_riuclk_reg/C]                                    *                                                                                 [get_pins {*/u_io_addr_strobe_lvl_sync/SYNC[*].sync_reg_reg[0]/D}]                max_dpo=3        -                
16        [get_pins */*/io_write_strobe_riuclk_reg/C]                                       *                                                                                 [get_pins {*/u_io_write_strobe_sync/SYNC[*].sync_reg_reg[0]/D}]                   max_dpo=3        -                
17        [get_pins {*/*/io_address_riuclk_reg[*]/C}]                                       *                                                                                 [get_pins {*/u_io_addr_sync/SYNC[*].sync_reg_reg[0]/D}]                           max_dpo=3        -                Invalid endpoint                                                                          
18        [get_pins {*/*/io_write_data_riuclk_reg[*]/C}]                                    *                                                                                 [get_pins {*/u_io_write_data_sync/SYNC[*].sync_reg_reg[0]/D}]                     max_dpo=3        -                
19        [get_pins */en_vtc_in_reg/C]                                                      *                                                                                 [get_pins {*/u_en_vtc_sync/SYNC[*].sync_reg_reg[0]/D}]                            max_dpo=10       -                
20        [get_pins {*/*/riu2clb_valid_r1_riuclk_reg[*]/C}]                                 *                                                                                 [get_pins {*/u_riu2clb_valid_sync/SYNC[*].sync_reg_reg[0]/D}]                     max_dpo=10       -                
21        [get_pins {*/*/*/phy2clb_fixdly_rdy_low_riuclk_int_reg[*]/C}]                     *                                                                                 [get_pins {*/u_phy2clb_fixdly_rdy_low/SYNC[*].sync_reg_reg[0]/D}]                 max_dpo=10       -                Invalid endpoint                                                                          
22        [get_pins {*/*/*/phy2clb_fixdly_rdy_upp_riuclk_int_reg[*]/C}]                     *                                                                                 [get_pins {*/u_phy2clb_fixdly_rdy_upp/SYNC[*].sync_reg_reg[0]/D}]                 max_dpo=10       -                Invalid endpoint                                                                          
23        [get_pins {*/*/*/phy2clb_phy_rdy_low_riuclk_int_reg[*]/C}]                        *                                                                                 [get_pins {*/u_phy2clb_phy_rdy_low/SYNC[*].sync_reg_reg[0]/D}]                    max_dpo=10       -                Invalid endpoint                                                                          
24        [get_pins {*/*/*/phy2clb_phy_rdy_upp_riuclk_int_reg[*]/C}]                        *                                                                                 [get_pins {*/u_phy2clb_phy_rdy_upp/SYNC[*].sync_reg_reg[0]/D}]                    max_dpo=10       -                Invalid endpoint                                                                          
25        [get_pins */rst_r1_reg/C]                                                         *                                                                                 [get_pins {*/u_fab_rst_sync/SYNC[*].sync_reg_reg[0]/D}]                           max_dpo=10       -                
26        [get_pins */*/*/clb2phy_t_b_addr_riuclk_reg/C]                                    *                                                                                 [get_pins {*/*/*/clb2phy_t_b_addr_i_reg[0]/D}]                                    max_dpo=3        -                
27        [get_pins */*/*/*/slave_en_lvl_reg/C]                                             *                                                                                 [get_pins {*/*/*/*/u_slave_en_sync/SYNC[*].sync_reg_reg[0]/D}]                    max_dpo=3        -                
28        [get_pins */*/*/*/slave_we_r_reg/C]                                               *                                                                                 [get_pins {*/*/*/*/u_slave_we_sync/SYNC[*].sync_reg_reg[0]/D}]                    max_dpo=3        -                
29        [get_pins {*/*/*/*/slave_addr_r_reg[*]/C}]                                        *                                                                                 [get_pins {*/*/*/*/u_slave_addr_sync/SYNC[*].sync_reg_reg[0]/D}]                  max_dpo=3        -                
30        [get_pins {*/*/*/*/slave_di_r_reg[*]/C}]                                          *                                                                                 [get_pins {*/*/*/*/u_slave_di_sync/SYNC[*].sync_reg_reg[0]/D}]                    max_dpo=3        -                
31        [get_pins */*/*/*/slave_rdy_cptd_sclk_reg/C]                                      *                                                                                 [get_pins {*/*/*/*/u_slave_rdy_cptd_sync/SYNC[*].sync_reg_reg[0]/D}]              max_dpo=3        -                
32        [get_pins */*/*/*/slave_rdy_lvl_fclk_reg/C]                                       *                                                                                 [get_pins {*/*/*/*/u_slave_rdy_sync/SYNC[*].sync_reg_reg[0]/D}]                   max_dpo=12       -                
33        [get_pins {*/*/*/*/slave_do_fclk_reg[*]/C}]                                       *                                                                                 [get_pins {*/*/*/*/u_slave_do_sync/SYNC[*].sync_reg_reg[0]/D}]                    max_dpo=12       -                
34        *                                                                                 [get_pins u_ddr4_infrastructure/sys_rst]                                          *                                                                                 false            false            
38        [get_pins */rst_async_riu_div_reg/C]                                              *                                                                                 [get_pins {*/rst_div_sync_r_reg[0]/D}]                                            false            false            
39        [get_pins */rst_async_mb_reg/C]                                                   *                                                                                 [get_pins {*/rst_mb_sync_r_reg[0]/D}]                                             false            false            
40        [get_pins */rst_async_riu_div_reg/C]                                              *                                                                                 [get_pins {*/rst_riu_sync_r_reg[0]/D}]                                            false            false            
43        *                                                                                 *                                                                                 [get_pins -hier *cdc_to*/D]                                                       false            false            
44        *                                                                                 *                                                                                 [get_pins -hier *cdc_to*/D]                                                       false            false            
45        *                                                                                 *                                                                                 [get_pins -hier *cdc_to*/D]                                                       false            false            
46        *                                                                                 *                                                                                 [get_pins -hier *cdc_to*/D]                                                       false            false            
47        *                                                                                 *                                                                                 [get_pins -hier *cdc_to*/D]                                                       false            false            
48        *                                                                                 *                                                                                 [get_pins -hier *cdc_to*/D]                                                       false            false            
49        *                                                                                 *                                                                                 [get_pins -hier *cdc_to*/D]                                                       false            false            
51        *                                                                                 *                                                                                 [get_pins -hier *cdc_to*/D]                                                       false            false            
52        *                                                                                 [get_ports -scoped_to_current_instance Reset]                                     *                                                                                 false            false            
53        *                                                                                 *                                                                                 [get_pins -hier *cdc_to*/D]                                                       false            false            Invalid endpoint                                                                          
55        *                                                                                 *                                                                                 [get_pins */*/*/*/*/*.u_xiphy_control/xiphy_control/RIU_ADDR*]                    -                false            
56        *                                                                                 *                                                                                 [get_pins */*/*/*/*/*.u_xiphy_control/xiphy_control/RIU_WR_DATA*]                 -                false            
57        [get_pins */*/*/u_ddr_cal_addr_decode/io_ready_lvl_reg/C]                         *                                                                                 [get_pins {*/u_io_ready_lvl_sync/SYNC[*].sync_reg_reg[0]/D}]                      max_dpo=5        -                
58        [get_pins {*/*/*/u_ddr_cal_addr_decode/io_read_data_reg[*]/C}]                    *                                                                                 [get_pins {*/u_io_read_data_sync/SYNC[*].sync_reg_reg[0]/D}]                      max_dpo=5        -                
59        [get_pins */*/*/phy_ready_riuclk_reg/C]                                           *                                                                                 [get_pins {*/u_phy2clb_phy_ready_sync/SYNC[*].sync_reg_reg[0]/D}]                 max_dpo=3        -                
60        [get_pins */*/*/bisc_complete_riuclk_reg/C]                                       *                                                                                 [get_pins {*/u_phy2clb_bisc_complete_sync/SYNC[*].sync_reg_reg[0]/D}]             max_dpo=3        -                
61        [get_pins */*/io_addr_strobe_lvl_riuclk_reg/C]                                    *                                                                                 [get_pins {*/u_io_addr_strobe_lvl_sync/SYNC[*].sync_reg_reg[0]/D}]                max_dpo=3        -                
62        [get_pins */*/io_write_strobe_riuclk_reg/C]                                       *                                                                                 [get_pins {*/u_io_write_strobe_sync/SYNC[*].sync_reg_reg[0]/D}]                   max_dpo=3        -                
63        [get_pins {*/*/io_address_riuclk_reg[*]/C}]                                       *                                                                                 [get_pins {*/u_io_addr_sync/SYNC[*].sync_reg_reg[0]/D}]                           max_dpo=3        -                Invalid endpoint                                                                          
64        [get_pins {*/*/io_write_data_riuclk_reg[*]/C}]                                    *                                                                                 [get_pins {*/u_io_write_data_sync/SYNC[*].sync_reg_reg[0]/D}]                     max_dpo=3        -                
65        [get_pins */en_vtc_in_reg/C]                                                      *                                                                                 [get_pins {*/u_en_vtc_sync/SYNC[*].sync_reg_reg[0]/D}]                            max_dpo=10       -                
66        [get_pins {*/*/riu2clb_valid_r1_riuclk_reg[*]/C}]                                 *                                                                                 [get_pins {*/u_riu2clb_valid_sync/SYNC[*].sync_reg_reg[0]/D}]                     max_dpo=10       -                
67        [get_pins {*/*/*/phy2clb_fixdly_rdy_low_riuclk_int_reg[*]/C}]                     *                                                                                 [get_pins {*/u_phy2clb_fixdly_rdy_low/SYNC[*].sync_reg_reg[0]/D}]                 max_dpo=10       -                Invalid endpoint                                                                          
68        [get_pins {*/*/*/phy2clb_fixdly_rdy_upp_riuclk_int_reg[*]/C}]                     *                                                                                 [get_pins {*/u_phy2clb_fixdly_rdy_upp/SYNC[*].sync_reg_reg[0]/D}]                 max_dpo=10       -                Invalid endpoint                                                                          
69        [get_pins {*/*/*/phy2clb_phy_rdy_low_riuclk_int_reg[*]/C}]                        *                                                                                 [get_pins {*/u_phy2clb_phy_rdy_low/SYNC[*].sync_reg_reg[0]/D}]                    max_dpo=10       -                Invalid endpoint                                                                          
70        [get_pins {*/*/*/phy2clb_phy_rdy_upp_riuclk_int_reg[*]/C}]                        *                                                                                 [get_pins {*/u_phy2clb_phy_rdy_upp/SYNC[*].sync_reg_reg[0]/D}]                    max_dpo=10       -                Invalid endpoint                                                                          
71        [get_pins */rst_r1_reg/C]                                                         *                                                                                 [get_pins {*/u_fab_rst_sync/SYNC[*].sync_reg_reg[0]/D}]                           max_dpo=10       -                
72        [get_pins */*/*/clb2phy_t_b_addr_riuclk_reg/C]                                    *                                                                                 [get_pins {*/*/*/clb2phy_t_b_addr_i_reg[0]/D}]                                    max_dpo=3        -                
73        [get_pins */*/*/*/slave_en_lvl_reg/C]                                             *                                                                                 [get_pins {*/*/*/*/u_slave_en_sync/SYNC[*].sync_reg_reg[0]/D}]                    max_dpo=3        -                
74        [get_pins */*/*/*/slave_we_r_reg/C]                                               *                                                                                 [get_pins {*/*/*/*/u_slave_we_sync/SYNC[*].sync_reg_reg[0]/D}]                    max_dpo=3        -                
75        [get_pins {*/*/*/*/slave_addr_r_reg[*]/C}]                                        *                                                                                 [get_pins {*/*/*/*/u_slave_addr_sync/SYNC[*].sync_reg_reg[0]/D}]                  max_dpo=3        -                
76        [get_pins {*/*/*/*/slave_di_r_reg[*]/C}]                                          *                                                                                 [get_pins {*/*/*/*/u_slave_di_sync/SYNC[*].sync_reg_reg[0]/D}]                    max_dpo=3        -                
77        [get_pins */*/*/*/slave_rdy_cptd_sclk_reg/C]                                      *                                                                                 [get_pins {*/*/*/*/u_slave_rdy_cptd_sync/SYNC[*].sync_reg_reg[0]/D}]              max_dpo=3        -                
78        [get_pins */*/*/*/slave_rdy_lvl_fclk_reg/C]                                       *                                                                                 [get_pins {*/*/*/*/u_slave_rdy_sync/SYNC[*].sync_reg_reg[0]/D}]                   max_dpo=12       -                
79        [get_pins {*/*/*/*/slave_do_fclk_reg[*]/C}]                                       *                                                                                 [get_pins {*/*/*/*/u_slave_do_sync/SYNC[*].sync_reg_reg[0]/D}]                    max_dpo=12       -                
80        *                                                                                 [get_pins u_ddr4_infrastructure/sys_rst]                                          *                                                                                 false            false            
84        [get_pins */rst_async_riu_div_reg/C]                                              *                                                                                 [get_pins {*/rst_div_sync_r_reg[0]/D}]                                            false            false            
85        [get_pins */rst_async_mb_reg/C]                                                   *                                                                                 [get_pins {*/rst_mb_sync_r_reg[0]/D}]                                             false            false            
86        [get_pins */rst_async_riu_div_reg/C]                                              *                                                                                 [get_pins {*/rst_riu_sync_r_reg[0]/D}]                                            false            false            
89        *                                                                                 *                                                                                 [get_pins -hier *cdc_to*/D]                                                       false            false            
90        *                                                                                 [get_ports -scoped_to_current_instance Reset]                                     *                                                                                 false            false            
101       [get_pins -filter REF_PIN_NAME=~TXUSRCLK2 -of_objects [get_cells -hierarchical -  *                                                                                 [get_pins {bd_xdma_0_0_pcie4_ip_gt_top_i/diablo_gt.diablo_gt_phy_wrapper/phy_rst  false            false            
          filter { PRIMITIVE_TYPE =~ ADVANCED.GT.* }]]                                                                                                                        _i/sync_txresetdone/sync_vec[*].sync_cell_i/sync_reg[0]/D}]                                                         
102       [get_pins -filter REF_PIN_NAME=~RXUSRCLK2 -of_objects [get_cells -hierarchical -  *                                                                                 [get_pins {bd_xdma_0_0_pcie4_ip_gt_top_i/diablo_gt.diablo_gt_phy_wrapper/phy_rst  false            false            
          filter { PRIMITIVE_TYPE =~ ADVANCED.GT.* }]]                                                                                                                        _i/sync_phystatus/sync_vec[*].sync_cell_i/sync_reg[0]/D}]                                                           
103       [get_pins -filter REF_PIN_NAME=~RXUSRCLK2 -of_objects [get_cells -hierarchical -  *                                                                                 [get_pins {bd_xdma_0_0_pcie4_ip_gt_top_i/diablo_gt.diablo_gt_phy_wrapper/phy_rst  false            false            
          filter { PRIMITIVE_TYPE =~ ADVANCED.GT.* }]]                                                                                                                        _i/sync_rxresetdone/sync_vec[*].sync_cell_i/sync_reg[0]/D}]                                                         
116       *                                                                                 *                                                                                 [get_pins -hier {*sync_reg[0]/D}]                                                 false            false            Partially overridden path by FP 101 - FP 102 - FP 103                                     
117       *                                                                                 *                                                                                 [get_pins {bd_xdma_0_0_pcie4_ip_gt_top_i/diablo_gt.diablo_gt_phy_wrapper/rst_psr  false            false            
                                                                                                                                                                              st_n_r_reg[*]/CLR}]                                                                                                 
118       *                                                                                 *                                                                                 [get_pins {bd_xdma_0_0_pcie4_ip_gt_top_i/diablo_gt.diablo_gt_phy_wrapper/phy_rst  false            false            
                                                                                                                                                                              _i/prst_n_r_reg[*]/CLR}]                                                                                            
129       *                                                                                 *                                                                                 [get_pins user_lnk_up_reg/CLR]                                                    false            false            
130       *                                                                                 *                                                                                 [get_pins user_reset_reg/PRE]                                                     false            false            
134       *                                                                                 [get_pins [get_pins bd_xdma_0_0_pcie4_ip_pcie_4_0_pipe_inst/pcie_4_0_e4_inst/*AX  *                                                                                 cycles=2(end)    -                
                                                                                            IS*] -filter DIRECTION==IN]                                                                                                                                                                           
135       *                                                                                 [get_pins [get_pins bd_xdma_0_0_pcie4_ip_pcie_4_0_pipe_inst/pcie_4_0_e4_inst/*AX  *                                                                                 -                cycles=1(end)    
                                                                                            IS*] -filter DIRECTION==IN]                                                                                                                                                                           
136       *                                                                                 [get_pins [get_pins bd_xdma_0_0_pcie4_ip_pcie_4_0_pipe_inst/pcie_4_0_e4_inst/*AX  *                                                                                 cycles=2(start)  -                
                                                                                            IS*] -filter DIRECTION==OUT]                                                                                                                                                                          
137       *                                                                                 [get_pins [get_pins bd_xdma_0_0_pcie4_ip_pcie_4_0_pipe_inst/pcie_4_0_e4_inst/*AX  *                                                                                 -                cycles=1(start)  
                                                                                            IS*] -filter DIRECTION==OUT]                                                                                                                                                                          
138       *                                                                                 [get_pins [get_pins {bd_xdma_0_0_pcie4_ip_pcie_4_0_pipe_inst/pcie_4_0_e4_inst/PC  *                                                                                 cycles=2(end)    -                Partially overridden path by MCP 140                                                      
                                                                                            IECQPIPELINEEMPTY bd_xdma_0_0_pcie4_ip_pcie_4_0_pipe_inst/pcie_4_0_e4_inst/PCIEC                                                                                                                      
                                                                                            QNPUSERCREDITRCVD bd_xdma_0_0_pcie4_ip_pcie_4_0_pipe_inst/pcie_4_0_e4_inst/PCIEP                                                                                                                      
                                                                                            OSTEDREQDELIVERED bd_xdma_0_0_pcie4_ip_pcie_4_0_pipe_inst/pcie_4_0_e4_inst/PCIEC                                                                                                                      
                                                                                            OMPLDELIVERED* bd_xdma_0_0_pcie4_ip_pcie_4_0_pipe_inst/pcie_4_0_e4_inst/AXIUSER*                                                                                                                      
                                                                                             bd_xdma_0_0_pcie4_ip_pcie_4_0_pipe_inst/pcie_4_0_e4_inst/CFG* bd_xdma_0_0_pcie4                                                                                                                      
                                                                                            _ip_pcie_4_0_pipe_inst/pcie_4_0_e4_inst/CONF* bd_xdma_0_0_pcie4_ip_pcie_4_0_pipe                                                                                                                      
                                                                                            _inst/pcie_4_0_e4_inst/PCIECQNPREQ* bd_xdma_0_0_pcie4_ip_pcie_4_0_pipe_inst/pcie                                                                                                                      
                                                                                            _4_0_e4_inst/PCIERQTAG* bd_xdma_0_0_pcie4_ip_pcie_4_0_pipe_inst/pcie_4_0_e4_inst                                                                                                                      
                                                                                            /PCIETFC* bd_xdma_0_0_pcie4_ip_pcie_4_0_pipe_inst/pcie_4_0_e4_inst/USERSPARE*}]                                                                                                                       
                                                                                            -filter DIRECTION==IN]                                                                                                                                                                                
139       *                                                                                 [get_pins [get_pins {bd_xdma_0_0_pcie4_ip_pcie_4_0_pipe_inst/pcie_4_0_e4_inst/PC  *                                                                                 -                cycles=1(end)    Partially overridden path by MCP 141                                                      
                                                                                            IECQPIPELINEEMPTY bd_xdma_0_0_pcie4_ip_pcie_4_0_pipe_inst/pcie_4_0_e4_inst/PCIEC                                                                                                                      
                                                                                            QNPUSERCREDITRCVD bd_xdma_0_0_pcie4_ip_pcie_4_0_pipe_inst/pcie_4_0_e4_inst/PCIEP                                                                                                                      
                                                                                            OSTEDREQDELIVERED bd_xdma_0_0_pcie4_ip_pcie_4_0_pipe_inst/pcie_4_0_e4_inst/PCIEC                                                                                                                      
                                                                                            OMPLDELIVERED* bd_xdma_0_0_pcie4_ip_pcie_4_0_pipe_inst/pcie_4_0_e4_inst/AXIUSER*                                                                                                                      
                                                                                             bd_xdma_0_0_pcie4_ip_pcie_4_0_pipe_inst/pcie_4_0_e4_inst/CFG* bd_xdma_0_0_pcie4                                                                                                                      
                                                                                            _ip_pcie_4_0_pipe_inst/pcie_4_0_e4_inst/CONF* bd_xdma_0_0_pcie4_ip_pcie_4_0_pipe                                                                                                                      
                                                                                            _inst/pcie_4_0_e4_inst/PCIECQNPREQ* bd_xdma_0_0_pcie4_ip_pcie_4_0_pipe_inst/pcie                                                                                                                      
                                                                                            _4_0_e4_inst/PCIERQTAG* bd_xdma_0_0_pcie4_ip_pcie_4_0_pipe_inst/pcie_4_0_e4_inst                                                                                                                      
                                                                                            /PCIETFC* bd_xdma_0_0_pcie4_ip_pcie_4_0_pipe_inst/pcie_4_0_e4_inst/USERSPARE*}]                                                                                                                       
                                                                                            -filter DIRECTION==IN]                                                                                                                                                                                
140       *                                                                                 [get_pins [get_pins {bd_xdma_0_0_pcie4_ip_pcie_4_0_pipe_inst/pcie_4_0_e4_inst/PC  *                                                                                 cycles=2(start)  -                Partially overridden path by FP 129 - FP 130 - MCP 142 - FP 645 - FP 646 - FP 647 - FP 648
                                                                                            IECQPIPELINEEMPTY bd_xdma_0_0_pcie4_ip_pcie_4_0_pipe_inst/pcie_4_0_e4_inst/PCIEC                                                                                                                      
                                                                                            QNPUSERCREDITRCVD bd_xdma_0_0_pcie4_ip_pcie_4_0_pipe_inst/pcie_4_0_e4_inst/PCIEP                                                                                                                      
                                                                                            OSTEDREQDELIVERED bd_xdma_0_0_pcie4_ip_pcie_4_0_pipe_inst/pcie_4_0_e4_inst/PCIEC                                                                                                                      
                                                                                            OMPLDELIVERED* bd_xdma_0_0_pcie4_ip_pcie_4_0_pipe_inst/pcie_4_0_e4_inst/AXIUSER*                                                                                                                      
                                                                                             bd_xdma_0_0_pcie4_ip_pcie_4_0_pipe_inst/pcie_4_0_e4_inst/CFG* bd_xdma_0_0_pcie4                                                                                                                      
                                                                                            _ip_pcie_4_0_pipe_inst/pcie_4_0_e4_inst/CONF* bd_xdma_0_0_pcie4_ip_pcie_4_0_pipe                                                                                                                      
                                                                                            _inst/pcie_4_0_e4_inst/PCIECQNPREQ* bd_xdma_0_0_pcie4_ip_pcie_4_0_pipe_inst/pcie                                                                                                                      
                                                                                            _4_0_e4_inst/PCIERQTAG* bd_xdma_0_0_pcie4_ip_pcie_4_0_pipe_inst/pcie_4_0_e4_inst                                                                                                                      
                                                                                            /PCIETFC* bd_xdma_0_0_pcie4_ip_pcie_4_0_pipe_inst/pcie_4_0_e4_inst/USERSPARE*}]                                                                                                                       
                                                                                            -filter DIRECTION==OUT]                                                                                                                                                                               
141       *                                                                                 [get_pins [get_pins {bd_xdma_0_0_pcie4_ip_pcie_4_0_pipe_inst/pcie_4_0_e4_inst/PC  *                                                                                 -                cycles=1(start)  Partially overridden path by FP 129 - FP 130 - MCP 143 - FP 645 - FP 646 - FP 647 - FP 648
                                                                                            IECQPIPELINEEMPTY bd_xdma_0_0_pcie4_ip_pcie_4_0_pipe_inst/pcie_4_0_e4_inst/PCIEC                                                                                                                      
                                                                                            QNPUSERCREDITRCVD bd_xdma_0_0_pcie4_ip_pcie_4_0_pipe_inst/pcie_4_0_e4_inst/PCIEP                                                                                                                      
                                                                                            OSTEDREQDELIVERED bd_xdma_0_0_pcie4_ip_pcie_4_0_pipe_inst/pcie_4_0_e4_inst/PCIEC                                                                                                                      
                                                                                            OMPLDELIVERED* bd_xdma_0_0_pcie4_ip_pcie_4_0_pipe_inst/pcie_4_0_e4_inst/AXIUSER*                                                                                                                      
                                                                                             bd_xdma_0_0_pcie4_ip_pcie_4_0_pipe_inst/pcie_4_0_e4_inst/CFG* bd_xdma_0_0_pcie4                                                                                                                      
                                                                                            _ip_pcie_4_0_pipe_inst/pcie_4_0_e4_inst/CONF* bd_xdma_0_0_pcie4_ip_pcie_4_0_pipe                                                                                                                      
                                                                                            _inst/pcie_4_0_e4_inst/PCIECQNPREQ* bd_xdma_0_0_pcie4_ip_pcie_4_0_pipe_inst/pcie                                                                                                                      
                                                                                            _4_0_e4_inst/PCIERQTAG* bd_xdma_0_0_pcie4_ip_pcie_4_0_pipe_inst/pcie_4_0_e4_inst                                                                                                                      
                                                                                            /PCIETFC* bd_xdma_0_0_pcie4_ip_pcie_4_0_pipe_inst/pcie_4_0_e4_inst/USERSPARE*}]                                                                                                                       
                                                                                            -filter DIRECTION==OUT]                                                                                                                                                                               
142       *                                                                                 [get_pins [get_pins bd_xdma_0_0_pcie4_ip_pcie_4_0_pipe_inst/pcie_4_0_e4_inst/CFG  *                                                                                 cycles=4(start)  -                Partially overridden path by FP 130 - FP 647                                              
                                                                                            PHYLINKDOWN] -filter DIRECTION==OUT]                                                                                                                                                                  
143       *                                                                                 [get_pins [get_pins bd_xdma_0_0_pcie4_ip_pcie_4_0_pipe_inst/pcie_4_0_e4_inst/CFG  *                                                                                 -                cycles=3(start)  Partially overridden path by FP 130 - FP 647                                              
                                                                                            PHYLINKDOWN] -filter DIRECTION==OUT]                                                                                                                                                                  
144       *                                                                                 [get_pins [get_pins bd_xdma_0_0_pcie4_ip_pcie_4_0_pipe_inst/pcie_4_0_e4_inst/PCI  *                                                                                 cycles=2(start)  -                
                                                                                            ERQSEQ*] -filter DIRECTION==OUT]                                                                                                                                                                      
145       *                                                                                 [get_pins [get_pins bd_xdma_0_0_pcie4_ip_pcie_4_0_pipe_inst/pcie_4_0_e4_inst/PCI  *                                                                                 -                cycles=1(start)  
                                                                                            ERQSEQ*] -filter DIRECTION==OUT]                                                                                                                                                                      
147       [get_cells -hierarchical -filter {NAME =~ *gen_cpll_cal_inst[0].*U_TXOUTCLK_FREQ  *                                                                                 [get_cells -hierarchical -filter {NAME =~ *gen_cpll_cal_inst[0].*U_TXOUTCLK_FREQ  false            false            Invalid startpoint                                                                        
          _COUNTER/testclk_cnt_reg*}]                                                                                                                                         _COUNTER/freq_cnt_o_reg*}]                                                                                          
148       [get_cells -hierarchical -filter {NAME =~ *gen_cpll_cal_inst[0].*U_TXOUTCLK_FREQ  *                                                                                 [get_cells -hierarchical -filter {NAME =~ *gen_cpll_cal_inst[0].*U_TXOUTCLK_FREQ  false            false            
          _COUNTER/state_reg*}]                                                                                                                                               _COUNTER/tstclk_rst_dly1_reg*}]                                                                                     
149       [get_cells -hierarchical -filter {NAME =~ *gen_cpll_cal_inst[0].*U_TXOUTCLK_FREQ  *                                                                                 [get_cells -hierarchical -filter {NAME =~ *gen_cpll_cal_inst[0].*U_TXOUTCLK_FREQ  false            false            
          _COUNTER/state_reg*}]                                                                                                                                               _COUNTER/testclk_en_dly1_reg*}]                                                                                     
151       [get_cells -hierarchical -filter {NAME =~ *gen_cpll_cal_inst[1].*U_TXOUTCLK_FREQ  *                                                                                 [get_cells -hierarchical -filter {NAME =~ *gen_cpll_cal_inst[1].*U_TXOUTCLK_FREQ  false            false            Invalid startpoint                                                                        
          _COUNTER/testclk_cnt_reg*}]                                                                                                                                         _COUNTER/freq_cnt_o_reg*}]                                                                                          
152       [get_cells -hierarchical -filter {NAME =~ *gen_cpll_cal_inst[1].*U_TXOUTCLK_FREQ  *                                                                                 [get_cells -hierarchical -filter {NAME =~ *gen_cpll_cal_inst[1].*U_TXOUTCLK_FREQ  false            false            
          _COUNTER/state_reg*}]                                                                                                                                               _COUNTER/tstclk_rst_dly1_reg*}]                                                                                     
153       [get_cells -hierarchical -filter {NAME =~ *gen_cpll_cal_inst[1].*U_TXOUTCLK_FREQ  *                                                                                 [get_cells -hierarchical -filter {NAME =~ *gen_cpll_cal_inst[1].*U_TXOUTCLK_FREQ  false            false            
          _COUNTER/state_reg*}]                                                                                                                                               _COUNTER/testclk_en_dly1_reg*}]                                                                                     
155       [get_cells -hierarchical -filter {NAME =~ *gen_cpll_cal_inst[2].*U_TXOUTCLK_FREQ  *                                                                                 [get_cells -hierarchical -filter {NAME =~ *gen_cpll_cal_inst[2].*U_TXOUTCLK_FREQ  false            false            Invalid startpoint                                                                        
          _COUNTER/testclk_cnt_reg*}]                                                                                                                                         _COUNTER/freq_cnt_o_reg*}]                                                                                          
156       [get_cells -hierarchical -filter {NAME =~ *gen_cpll_cal_inst[2].*U_TXOUTCLK_FREQ  *                                                                                 [get_cells -hierarchical -filter {NAME =~ *gen_cpll_cal_inst[2].*U_TXOUTCLK_FREQ  false            false            
          _COUNTER/state_reg*}]                                                                                                                                               _COUNTER/tstclk_rst_dly1_reg*}]                                                                                     
157       [get_cells -hierarchical -filter {NAME =~ *gen_cpll_cal_inst[2].*U_TXOUTCLK_FREQ  *                                                                                 [get_cells -hierarchical -filter {NAME =~ *gen_cpll_cal_inst[2].*U_TXOUTCLK_FREQ  false            false            
          _COUNTER/state_reg*}]                                                                                                                                               _COUNTER/testclk_en_dly1_reg*}]                                                                                     
159       [get_cells -hierarchical -filter {NAME =~ *gen_cpll_cal_inst[3].*U_TXOUTCLK_FREQ  *                                                                                 [get_cells -hierarchical -filter {NAME =~ *gen_cpll_cal_inst[3].*U_TXOUTCLK_FREQ  false            false            Invalid startpoint                                                                        
          _COUNTER/testclk_cnt_reg*}]                                                                                                                                         _COUNTER/freq_cnt_o_reg*}]                                                                                          
160       [get_cells -hierarchical -filter {NAME =~ *gen_cpll_cal_inst[3].*U_TXOUTCLK_FREQ  *                                                                                 [get_cells -hierarchical -filter {NAME =~ *gen_cpll_cal_inst[3].*U_TXOUTCLK_FREQ  false            false            
          _COUNTER/state_reg*}]                                                                                                                                               _COUNTER/tstclk_rst_dly1_reg*}]                                                                                     
161       [get_cells -hierarchical -filter {NAME =~ *gen_cpll_cal_inst[3].*U_TXOUTCLK_FREQ  *                                                                                 [get_cells -hierarchical -filter {NAME =~ *gen_cpll_cal_inst[3].*U_TXOUTCLK_FREQ  false            false            
          _COUNTER/state_reg*}]                                                                                                                                               _COUNTER/testclk_en_dly1_reg*}]                                                                                     
163       [get_cells -hierarchical -filter {NAME =~ *gen_cpll_cal_inst[4].*U_TXOUTCLK_FREQ  *                                                                                 [get_cells -hierarchical -filter {NAME =~ *gen_cpll_cal_inst[4].*U_TXOUTCLK_FREQ  false            false            Invalid startpoint                                                                        
          _COUNTER/testclk_cnt_reg*}]                                                                                                                                         _COUNTER/freq_cnt_o_reg*}]                                                                                          
164       [get_cells -hierarchical -filter {NAME =~ *gen_cpll_cal_inst[4].*U_TXOUTCLK_FREQ  *                                                                                 [get_cells -hierarchical -filter {NAME =~ *gen_cpll_cal_inst[4].*U_TXOUTCLK_FREQ  false            false            
          _COUNTER/state_reg*}]                                                                                                                                               _COUNTER/tstclk_rst_dly1_reg*}]                                                                                     
165       [get_cells -hierarchical -filter {NAME =~ *gen_cpll_cal_inst[4].*U_TXOUTCLK_FREQ  *                                                                                 [get_cells -hierarchical -filter {NAME =~ *gen_cpll_cal_inst[4].*U_TXOUTCLK_FREQ  false            false            
          _COUNTER/state_reg*}]                                                                                                                                               _COUNTER/testclk_en_dly1_reg*}]                                                                                     
167       [get_cells -hierarchical -filter {NAME =~ *gen_cpll_cal_inst[5].*U_TXOUTCLK_FREQ  *                                                                                 [get_cells -hierarchical -filter {NAME =~ *gen_cpll_cal_inst[5].*U_TXOUTCLK_FREQ  false            false            Invalid startpoint                                                                        
          _COUNTER/testclk_cnt_reg*}]                                                                                                                                         _COUNTER/freq_cnt_o_reg*}]                                                                                          
168       [get_cells -hierarchical -filter {NAME =~ *gen_cpll_cal_inst[5].*U_TXOUTCLK_FREQ  *                                                                                 [get_cells -hierarchical -filter {NAME =~ *gen_cpll_cal_inst[5].*U_TXOUTCLK_FREQ  false            false            
          _COUNTER/state_reg*}]                                                                                                                                               _COUNTER/tstclk_rst_dly1_reg*}]                                                                                     
169       [get_cells -hierarchical -filter {NAME =~ *gen_cpll_cal_inst[5].*U_TXOUTCLK_FREQ  *                                                                                 [get_cells -hierarchical -filter {NAME =~ *gen_cpll_cal_inst[5].*U_TXOUTCLK_FREQ  false            false            
          _COUNTER/state_reg*}]                                                                                                                                               _COUNTER/testclk_en_dly1_reg*}]                                                                                     
171       [get_cells -hierarchical -filter {NAME =~ *gen_cpll_cal_inst[6].*U_TXOUTCLK_FREQ  *                                                                                 [get_cells -hierarchical -filter {NAME =~ *gen_cpll_cal_inst[6].*U_TXOUTCLK_FREQ  false            false            Invalid startpoint                                                                        
          _COUNTER/testclk_cnt_reg*}]                                                                                                                                         _COUNTER/freq_cnt_o_reg*}]                                                                                          
172       [get_cells -hierarchical -filter {NAME =~ *gen_cpll_cal_inst[6].*U_TXOUTCLK_FREQ  *                                                                                 [get_cells -hierarchical -filter {NAME =~ *gen_cpll_cal_inst[6].*U_TXOUTCLK_FREQ  false            false            
          _COUNTER/state_reg*}]                                                                                                                                               _COUNTER/tstclk_rst_dly1_reg*}]                                                                                     
173       [get_cells -hierarchical -filter {NAME =~ *gen_cpll_cal_inst[6].*U_TXOUTCLK_FREQ  *                                                                                 [get_cells -hierarchical -filter {NAME =~ *gen_cpll_cal_inst[6].*U_TXOUTCLK_FREQ  false            false            
          _COUNTER/state_reg*}]                                                                                                                                               _COUNTER/testclk_en_dly1_reg*}]                                                                                     
175       [get_cells -hierarchical -filter {NAME =~ *gen_cpll_cal_inst[7].*U_TXOUTCLK_FREQ  *                                                                                 [get_cells -hierarchical -filter {NAME =~ *gen_cpll_cal_inst[7].*U_TXOUTCLK_FREQ  false            false            Invalid startpoint                                                                        
          _COUNTER/testclk_cnt_reg*}]                                                                                                                                         _COUNTER/freq_cnt_o_reg*}]                                                                                          
176       [get_cells -hierarchical -filter {NAME =~ *gen_cpll_cal_inst[7].*U_TXOUTCLK_FREQ  *                                                                                 [get_cells -hierarchical -filter {NAME =~ *gen_cpll_cal_inst[7].*U_TXOUTCLK_FREQ  false            false            
          _COUNTER/state_reg*}]                                                                                                                                               _COUNTER/tstclk_rst_dly1_reg*}]                                                                                     
177       [get_cells -hierarchical -filter {NAME =~ *gen_cpll_cal_inst[7].*U_TXOUTCLK_FREQ  *                                                                                 [get_cells -hierarchical -filter {NAME =~ *gen_cpll_cal_inst[7].*U_TXOUTCLK_FREQ  false            false            
          _COUNTER/state_reg*}]                                                                                                                                               _COUNTER/testclk_en_dly1_reg*}]                                                                                     
178       *                                                                                 *                                                                                 [get_cells -hierarchical -filter {NAME =~ *bit_synchronizer*inst/i_in_meta_reg}]  false            false            
180       *                                                                                 *                                                                                 [get_pins -filter REF_PIN_NAME=~*PRE -of_objects [get_cells -hierarchical -filte  false            false            
                                                                                                                                                                              r {NAME =~ *reset_synchronizer*inst/rst_in_meta*}]]                                                                 
181       *                                                                                 *                                                                                 [get_pins -filter REF_PIN_NAME=~*PRE -of_objects [get_cells -hierarchical -filte  false            false            
                                                                                                                                                                              r {NAME =~ *reset_synchronizer*inst/rst_in_sync1*}]]                                                                
182       *                                                                                 *                                                                                 [get_pins -filter REF_PIN_NAME=~*PRE -of_objects [get_cells -hierarchical -filte  false            false            
                                                                                                                                                                              r {NAME =~ *reset_synchronizer*inst/rst_in_sync2*}]]                                                                
183       *                                                                                 *                                                                                 [get_pins -filter REF_PIN_NAME=~*PRE -of_objects [get_cells -hierarchical -filte  false            false            
                                                                                                                                                                              r {NAME =~ *reset_synchronizer*inst/rst_in_sync3*}]]                                                                
184       *                                                                                 *                                                                                 [get_pins -filter REF_PIN_NAME=~*PRE -of_objects [get_cells -hierarchical -filte  false            false            
                                                                                                                                                                              r {NAME =~ *reset_synchronizer*inst/rst_in_out*}]]                                                                  
185       *                                                                                 *                                                                                 [get_pins -hier *cdc_to*/D]                                                       false            false            
186       *                                                                                 [get_ports -scoped_to_current_instance Reset]                                     *                                                                                 false            false            
187       *                                                                                 *                                                                                 [get_pins -hier *cdc_to*/D]                                                       false            false            Invalid endpoint                                                                          
189       *                                                                                 *                                                                                 [get_pins */*/*/*/*/*.u_xiphy_control/xiphy_control/RIU_ADDR*]                    -                false            
190       *                                                                                 *                                                                                 [get_pins */*/*/*/*/*.u_xiphy_control/xiphy_control/RIU_WR_DATA*]                 -                false            
191       [get_pins */*/*/u_ddr_cal_addr_decode/io_ready_lvl_reg/C]                         *                                                                                 [get_pins {*/u_io_ready_lvl_sync/SYNC[*].sync_reg_reg[0]/D}]                      max_dpo=5        -                
192       [get_pins {*/*/*/u_ddr_cal_addr_decode/io_read_data_reg[*]/C}]                    *                                                                                 [get_pins {*/u_io_read_data_sync/SYNC[*].sync_reg_reg[0]/D}]                      max_dpo=5        -                
193       [get_pins */*/*/phy_ready_riuclk_reg/C]                                           *                                                                                 [get_pins {*/u_phy2clb_phy_ready_sync/SYNC[*].sync_reg_reg[0]/D}]                 max_dpo=3        -                
194       [get_pins */*/*/bisc_complete_riuclk_reg/C]                                       *                                                                                 [get_pins {*/u_phy2clb_bisc_complete_sync/SYNC[*].sync_reg_reg[0]/D}]             max_dpo=3        -                
195       [get_pins */*/io_addr_strobe_lvl_riuclk_reg/C]                                    *                                                                                 [get_pins {*/u_io_addr_strobe_lvl_sync/SYNC[*].sync_reg_reg[0]/D}]                max_dpo=3        -                
196       [get_pins */*/io_write_strobe_riuclk_reg/C]                                       *                                                                                 [get_pins {*/u_io_write_strobe_sync/SYNC[*].sync_reg_reg[0]/D}]                   max_dpo=3        -                
197       [get_pins {*/*/io_address_riuclk_reg[*]/C}]                                       *                                                                                 [get_pins {*/u_io_addr_sync/SYNC[*].sync_reg_reg[0]/D}]                           max_dpo=3        -                Invalid endpoint                                                                          
198       [get_pins {*/*/io_write_data_riuclk_reg[*]/C}]                                    *                                                                                 [get_pins {*/u_io_write_data_sync/SYNC[*].sync_reg_reg[0]/D}]                     max_dpo=3        -                
199       [get_pins */en_vtc_in_reg/C]                                                      *                                                                                 [get_pins {*/u_en_vtc_sync/SYNC[*].sync_reg_reg[0]/D}]                            max_dpo=10       -                
200       [get_pins {*/*/riu2clb_valid_r1_riuclk_reg[*]/C}]                                 *                                                                                 [get_pins {*/u_riu2clb_valid_sync/SYNC[*].sync_reg_reg[0]/D}]                     max_dpo=10       -                
201       [get_pins {*/*/*/phy2clb_fixdly_rdy_low_riuclk_int_reg[*]/C}]                     *                                                                                 [get_pins {*/u_phy2clb_fixdly_rdy_low/SYNC[*].sync_reg_reg[0]/D}]                 max_dpo=10       -                Invalid endpoint                                                                          
202       [get_pins {*/*/*/phy2clb_fixdly_rdy_upp_riuclk_int_reg[*]/C}]                     *                                                                                 [get_pins {*/u_phy2clb_fixdly_rdy_upp/SYNC[*].sync_reg_reg[0]/D}]                 max_dpo=10       -                Invalid endpoint                                                                          
203       [get_pins {*/*/*/phy2clb_phy_rdy_low_riuclk_int_reg[*]/C}]                        *                                                                                 [get_pins {*/u_phy2clb_phy_rdy_low/SYNC[*].sync_reg_reg[0]/D}]                    max_dpo=10       -                Invalid endpoint                                                                          
204       [get_pins {*/*/*/phy2clb_phy_rdy_upp_riuclk_int_reg[*]/C}]                        *                                                                                 [get_pins {*/u_phy2clb_phy_rdy_upp/SYNC[*].sync_reg_reg[0]/D}]                    max_dpo=10       -                Invalid endpoint                                                                          
205       [get_pins */rst_r1_reg/C]                                                         *                                                                                 [get_pins {*/u_fab_rst_sync/SYNC[*].sync_reg_reg[0]/D}]                           max_dpo=10       -                
206       [get_pins */*/*/clb2phy_t_b_addr_riuclk_reg/C]                                    *                                                                                 [get_pins {*/*/*/clb2phy_t_b_addr_i_reg[0]/D}]                                    max_dpo=3        -                
207       [get_pins */*/*/*/slave_en_lvl_reg/C]                                             *                                                                                 [get_pins {*/*/*/*/u_slave_en_sync/SYNC[*].sync_reg_reg[0]/D}]                    max_dpo=3        -                
208       [get_pins */*/*/*/slave_we_r_reg/C]                                               *                                                                                 [get_pins {*/*/*/*/u_slave_we_sync/SYNC[*].sync_reg_reg[0]/D}]                    max_dpo=3        -                
209       [get_pins {*/*/*/*/slave_addr_r_reg[*]/C}]                                        *                                                                                 [get_pins {*/*/*/*/u_slave_addr_sync/SYNC[*].sync_reg_reg[0]/D}]                  max_dpo=3        -                
210       [get_pins {*/*/*/*/slave_di_r_reg[*]/C}]                                          *                                                                                 [get_pins {*/*/*/*/u_slave_di_sync/SYNC[*].sync_reg_reg[0]/D}]                    max_dpo=3        -                
211       [get_pins */*/*/*/slave_rdy_cptd_sclk_reg/C]                                      *                                                                                 [get_pins {*/*/*/*/u_slave_rdy_cptd_sync/SYNC[*].sync_reg_reg[0]/D}]              max_dpo=3        -                
212       [get_pins */*/*/*/slave_rdy_lvl_fclk_reg/C]                                       *                                                                                 [get_pins {*/*/*/*/u_slave_rdy_sync/SYNC[*].sync_reg_reg[0]/D}]                   max_dpo=12       -                
213       [get_pins {*/*/*/*/slave_do_fclk_reg[*]/C}]                                       *                                                                                 [get_pins {*/*/*/*/u_slave_do_sync/SYNC[*].sync_reg_reg[0]/D}]                    max_dpo=12       -                
214       *                                                                                 [get_pins u_ddr4_infrastructure/sys_rst]                                          *                                                                                 false            false            
218       [get_pins */rst_async_riu_div_reg/C]                                              *                                                                                 [get_pins {*/rst_div_sync_r_reg[0]/D}]                                            false            false            
219       [get_pins */rst_async_mb_reg/C]                                                   *                                                                                 [get_pins {*/rst_mb_sync_r_reg[0]/D}]                                             false            false            
220       [get_pins */rst_async_riu_div_reg/C]                                              *                                                                                 [get_pins {*/rst_riu_sync_r_reg[0]/D}]                                            false            false            
223       *                                                                                 [get_ports -scoped_to_current_instance Reset]                                     *                                                                                 false            false            
224       *                                                                                 *                                                                                 [get_pins -hier *cdc_to*/D]                                                       false            false            Invalid endpoint                                                                          
226       *                                                                                 *                                                                                 [get_pins */*/*/*/*/*.u_xiphy_control/xiphy_control/RIU_ADDR*]                    -                false            
227       *                                                                                 *                                                                                 [get_pins */*/*/*/*/*.u_xiphy_control/xiphy_control/RIU_WR_DATA*]                 -                false            
228       [get_pins */*/*/u_ddr_cal_addr_decode/io_ready_lvl_reg/C]                         *                                                                                 [get_pins {*/u_io_ready_lvl_sync/SYNC[*].sync_reg_reg[0]/D}]                      max_dpo=5        -                
229       [get_pins {*/*/*/u_ddr_cal_addr_decode/io_read_data_reg[*]/C}]                    *                                                                                 [get_pins {*/u_io_read_data_sync/SYNC[*].sync_reg_reg[0]/D}]                      max_dpo=5        -                
230       [get_pins */*/*/phy_ready_riuclk_reg/C]                                           *                                                                                 [get_pins {*/u_phy2clb_phy_ready_sync/SYNC[*].sync_reg_reg[0]/D}]                 max_dpo=3        -                
231       [get_pins */*/*/bisc_complete_riuclk_reg/C]                                       *                                                                                 [get_pins {*/u_phy2clb_bisc_complete_sync/SYNC[*].sync_reg_reg[0]/D}]             max_dpo=3        -                
232       [get_pins */*/io_addr_strobe_lvl_riuclk_reg/C]                                    *                                                                                 [get_pins {*/u_io_addr_strobe_lvl_sync/SYNC[*].sync_reg_reg[0]/D}]                max_dpo=3        -                
233       [get_pins */*/io_write_strobe_riuclk_reg/C]                                       *                                                                                 [get_pins {*/u_io_write_strobe_sync/SYNC[*].sync_reg_reg[0]/D}]                   max_dpo=3        -                
234       [get_pins {*/*/io_address_riuclk_reg[*]/C}]                                       *                                                                                 [get_pins {*/u_io_addr_sync/SYNC[*].sync_reg_reg[0]/D}]                           max_dpo=3        -                Invalid endpoint                                                                          
235       [get_pins {*/*/io_write_data_riuclk_reg[*]/C}]                                    *                                                                                 [get_pins {*/u_io_write_data_sync/SYNC[*].sync_reg_reg[0]/D}]                     max_dpo=3        -                
236       [get_pins */en_vtc_in_reg/C]                                                      *                                                                                 [get_pins {*/u_en_vtc_sync/SYNC[*].sync_reg_reg[0]/D}]                            max_dpo=10       -                
237       [get_pins {*/*/riu2clb_valid_r1_riuclk_reg[*]/C}]                                 *                                                                                 [get_pins {*/u_riu2clb_valid_sync/SYNC[*].sync_reg_reg[0]/D}]                     max_dpo=10       -                
238       [get_pins {*/*/*/phy2clb_fixdly_rdy_low_riuclk_int_reg[*]/C}]                     *                                                                                 [get_pins {*/u_phy2clb_fixdly_rdy_low/SYNC[*].sync_reg_reg[0]/D}]                 max_dpo=10       -                Invalid endpoint                                                                          
239       [get_pins {*/*/*/phy2clb_fixdly_rdy_upp_riuclk_int_reg[*]/C}]                     *                                                                                 [get_pins {*/u_phy2clb_fixdly_rdy_upp/SYNC[*].sync_reg_reg[0]/D}]                 max_dpo=10       -                Invalid endpoint                                                                          
240       [get_pins {*/*/*/phy2clb_phy_rdy_low_riuclk_int_reg[*]/C}]                        *                                                                                 [get_pins {*/u_phy2clb_phy_rdy_low/SYNC[*].sync_reg_reg[0]/D}]                    max_dpo=10       -                Invalid endpoint                                                                          
241       [get_pins {*/*/*/phy2clb_phy_rdy_upp_riuclk_int_reg[*]/C}]                        *                                                                                 [get_pins {*/u_phy2clb_phy_rdy_upp/SYNC[*].sync_reg_reg[0]/D}]                    max_dpo=10       -                Invalid endpoint                                                                          
242       [get_pins */rst_r1_reg/C]                                                         *                                                                                 [get_pins {*/u_fab_rst_sync/SYNC[*].sync_reg_reg[0]/D}]                           max_dpo=10       -                
243       [get_pins */*/*/clb2phy_t_b_addr_riuclk_reg/C]                                    *                                                                                 [get_pins {*/*/*/clb2phy_t_b_addr_i_reg[0]/D}]                                    max_dpo=3        -                
244       [get_pins */*/*/*/slave_en_lvl_reg/C]                                             *                                                                                 [get_pins {*/*/*/*/u_slave_en_sync/SYNC[*].sync_reg_reg[0]/D}]                    max_dpo=3        -                
245       [get_pins */*/*/*/slave_we_r_reg/C]                                               *                                                                                 [get_pins {*/*/*/*/u_slave_we_sync/SYNC[*].sync_reg_reg[0]/D}]                    max_dpo=3        -                
246       [get_pins {*/*/*/*/slave_addr_r_reg[*]/C}]                                        *                                                                                 [get_pins {*/*/*/*/u_slave_addr_sync/SYNC[*].sync_reg_reg[0]/D}]                  max_dpo=3        -                
247       [get_pins {*/*/*/*/slave_di_r_reg[*]/C}]                                          *                                                                                 [get_pins {*/*/*/*/u_slave_di_sync/SYNC[*].sync_reg_reg[0]/D}]                    max_dpo=3        -                
248       [get_pins */*/*/*/slave_rdy_cptd_sclk_reg/C]                                      *                                                                                 [get_pins {*/*/*/*/u_slave_rdy_cptd_sync/SYNC[*].sync_reg_reg[0]/D}]              max_dpo=3        -                
249       [get_pins */*/*/*/slave_rdy_lvl_fclk_reg/C]                                       *                                                                                 [get_pins {*/*/*/*/u_slave_rdy_sync/SYNC[*].sync_reg_reg[0]/D}]                   max_dpo=12       -                
250       [get_pins {*/*/*/*/slave_do_fclk_reg[*]/C}]                                       *                                                                                 [get_pins {*/*/*/*/u_slave_do_sync/SYNC[*].sync_reg_reg[0]/D}]                    max_dpo=12       -                
251       *                                                                                 [get_pins u_ddr4_infrastructure/sys_rst]                                          *                                                                                 false            false            
255       [get_pins */rst_async_riu_div_reg/C]                                              *                                                                                 [get_pins {*/rst_div_sync_r_reg[0]/D}]                                            false            false            
256       [get_pins */rst_async_mb_reg/C]                                                   *                                                                                 [get_pins {*/rst_mb_sync_r_reg[0]/D}]                                             false            false            
257       [get_pins */rst_async_riu_div_reg/C]                                              *                                                                                 [get_pins {*/rst_riu_sync_r_reg[0]/D}]                                            false            false            
260       *                                                                                 *                                                                                 [get_pins -hierarchical -filter {NAME =~ */u_csr/calib_meta_reg[*]/D}]            false            false            
261       *                                                                                 *                                                                                 [get_pins -hierarchical -filter {NAME =~ */cdc_meta_*_reg*/D}]                    false            false            
262       [get_cells -hierarchical -filter {NAME =~ */csr_static_*_reg*}]                   *                                                                                 [get_clocks -filter {NAME =~ mmcm_clkout0*}]                                      false            false            
263       [get_cells -hierarchical -filter {NAME =~ */perf_cycles_reg* || NAME =~ */perf_b  *                                                                                 [get_clocks -filter {NAME =~ *axi_aclk*}]                                         false            false            Invalid startpoint                                                                        
          eats_reg*}]                                                                                                                                                                                                                                                                             
264       [get_cells -hier -filter {NAME =~ *u_dn/decay_r_reg*}]                            *                                                                                 *                                                                                 cycles=2         -                
265       [get_cells -hier -filter {NAME =~ *u_dn/decay_r_reg*}]                            *                                                                                 *                                                                                 -                cycles=1         
266       [get_cells -hier -filter {NAME =~ *u_dn/beta_r_reg*}]                             *                                                                                 *                                                                                 cycles=2         -                
267       [get_cells -hier -filter {NAME =~ *u_dn/beta_r_reg*}]                             *                                                                                 *                                                                                 -                cycles=1         
268       [get_cells -hier -filter {NAME =~ *u_attn/p_t_r_reg*}]                            *                                                                                 *                                                                                 cycles=2         -                
269       [get_cells -hier -filter {NAME =~ *u_attn/p_t_r_reg*}]                            *                                                                                 *                                                                                 -                cycles=1         
270       [get_cells -hier -filter {NAME =~ *u_attn/shamt_r_reg*}]                          *                                                                                 *                                                                                 cycles=2         -                
271       [get_cells -hier -filter {NAME =~ *u_attn/shamt_r_reg*}]                          *                                                                                 *                                                                                 -                cycles=1         
272       [get_cells -hier -filter {NAME =~ *u_attn/vadd_r_reg*}]                           *                                                                                 *                                                                                 cycles=2         -                
273       [get_cells -hier -filter {NAME =~ *u_attn/vadd_r_reg*}]                           *                                                                                 *                                                                                 -                cycles=1         
275       *                                                                                 [get_ports -scoped_to_current_instance -no_traverse src_arst]                     *                                                                                 false            false            
276       *                                                                                 [get_ports -scoped_to_current_instance -no_traverse src_arst]                     *                                                                                 false            false            
277       *                                                                                 [get_ports -scoped_to_current_instance -no_traverse src_arst]                     *                                                                                 false            false            
278       *                                                                                 [get_ports -scoped_to_current_instance -no_traverse src_arst]                     *                                                                                 false            false            
279       *                                                                                 [get_ports -scoped_to_current_instance -no_traverse src_arst]                     *                                                                                 false            false            
280       *                                                                                 [get_ports -scoped_to_current_instance -no_traverse src_arst]                     *                                                                                 false            false            
281       *                                                                                 [get_ports -scoped_to_current_instance -no_traverse src_arst]                     *                                                                                 false            false            
282       *                                                                                 [get_ports -scoped_to_current_instance -no_traverse src_arst]                     *                                                                                 false            false            
283       *                                                                                 [get_ports -scoped_to_current_instance -no_traverse src_arst]                     *                                                                                 false            false            
285       *                                                                                 [get_ports -scoped_to_current_instance -no_traverse src_arst]                     *                                                                                 false            false            
287       *                                                                                 [get_ports -scoped_to_current_instance -no_traverse src_arst]                     *                                                                                 false            false            
289       *                                                                                 [get_ports -scoped_to_current_instance -no_traverse src_arst]                     *                                                                                 false            false            
291       *                                                                                 [get_ports -scoped_to_current_instance -no_traverse src_arst]                     *                                                                                 false            false            
293       *                                                                                 [get_ports -scoped_to_current_instance -no_traverse src_arst]                     *                                                                                 false            false            
294       *                                                                                 [get_ports -scoped_to_current_instance -no_traverse src_arst]                     *                                                                                 false            false            
295       *                                                                                 [get_ports -scoped_to_current_instance -no_traverse src_arst]                     *                                                                                 false            false            
296       *                                                                                 [get_ports -scoped_to_current_instance -no_traverse src_arst]                     *                                                                                 false            false            
297       *                                                                                 [get_ports -scoped_to_current_instance -no_traverse src_arst]                     *                                                                                 false            false            
298       *                                                                                 [get_ports -scoped_to_current_instance -no_traverse src_arst]                     *                                                                                 false            false            
299       *                                                                                 [get_ports -scoped_to_current_instance -no_traverse src_arst]                     *                                                                                 false            false            
300       *                                                                                 [get_ports -scoped_to_current_instance -no_traverse src_arst]                     *                                                                                 false            false            
301       *                                                                                 [get_ports -scoped_to_current_instance -no_traverse src_arst]                     *                                                                                 false            false            
302       *                                                                                 [get_ports -scoped_to_current_instance -no_traverse src_arst]                     *                                                                                 false            false            
303       *                                                                                 [get_ports -scoped_to_current_instance -no_traverse src_arst]                     *                                                                                 false            false            
304       *                                                                                 [get_ports -scoped_to_current_instance -no_traverse src_arst]                     *                                                                                 false            false            
305       *                                                                                 [get_ports -scoped_to_current_instance -no_traverse src_arst]                     *                                                                                 false            false            
306       *                                                                                 [get_ports -scoped_to_current_instance -no_traverse src_arst]                     *                                                                                 false            false            
307       *                                                                                 [get_ports -scoped_to_current_instance -no_traverse src_arst]                     *                                                                                 false            false            
308       *                                                                                 [get_ports -scoped_to_current_instance -no_traverse src_arst]                     *                                                                                 false            false            
309       *                                                                                 [get_ports -scoped_to_current_instance -no_traverse src_arst]                     *                                                                                 false            false            
310       *                                                                                 [get_ports -scoped_to_current_instance -no_traverse src_arst]                     *                                                                                 false            false            
311       *                                                                                 [get_ports -scoped_to_current_instance -no_traverse src_arst]                     *                                                                                 false            false            
312       *                                                                                 [get_ports -scoped_to_current_instance -no_traverse src_arst]                     *                                                                                 false            false            
313       *                                                                                 [get_ports -scoped_to_current_instance -no_traverse src_arst]                     *                                                                                 false            false            
314       *                                                                                 [get_ports -scoped_to_current_instance -no_traverse src_arst]                     *                                                                                 false            false            
315       *                                                                                 [get_ports -scoped_to_current_instance -no_traverse src_arst]                     *                                                                                 false            false            
316       *                                                                                 [get_ports -scoped_to_current_instance -no_traverse src_arst]                     *                                                                                 false            false            
317       *                                                                                 [get_ports -scoped_to_current_instance -no_traverse src_arst]                     *                                                                                 false            false            
318       *                                                                                 [get_ports -scoped_to_current_instance -no_traverse src_arst]                     *                                                                                 false            false            
319       *                                                                                 [get_ports -scoped_to_current_instance -no_traverse src_arst]                     *                                                                                 false            false            
320       *                                                                                 [get_ports -scoped_to_current_instance -no_traverse src_arst]                     *                                                                                 false            false            
321       *                                                                                 [get_ports -scoped_to_current_instance -no_traverse src_arst]                     *                                                                                 false            false            
322       *                                                                                 [get_ports -scoped_to_current_instance -no_traverse src_arst]                     *                                                                                 false            false            
323       *                                                                                 [get_ports -scoped_to_current_instance -no_traverse src_arst]                     *                                                                                 false            false            
324       *                                                                                 [get_ports -scoped_to_current_instance -no_traverse src_arst]                     *                                                                                 false            false            
325       *                                                                                 [get_ports -scoped_to_current_instance -no_traverse src_arst]                     *                                                                                 false            false            
326       *                                                                                 [get_ports -scoped_to_current_instance -no_traverse src_arst]                     *                                                                                 false            false            
328       *                                                                                 [get_ports -scoped_to_current_instance -no_traverse src_arst]                     *                                                                                 false            false            
330       *                                                                                 [get_ports -scoped_to_current_instance -no_traverse src_arst]                     *                                                                                 false            false            
331       *                                                                                 [get_ports -scoped_to_current_instance -no_traverse src_arst]                     *                                                                                 false            false            
332       *                                                                                 [get_ports -scoped_to_current_instance -no_traverse src_arst]                     *                                                                                 false            false            
333       *                                                                                 [get_ports -scoped_to_current_instance -no_traverse src_arst]                     *                                                                                 false            false            
334       *                                                                                 [get_ports -scoped_to_current_instance -no_traverse src_arst]                     *                                                                                 false            false            
335       *                                                                                 [get_ports -scoped_to_current_instance -no_traverse src_arst]                     *                                                                                 false            false            
336       *                                                                                 [get_ports -scoped_to_current_instance -no_traverse src_arst]                     *                                                                                 false            false            
337       *                                                                                 [get_ports -scoped_to_current_instance -no_traverse src_arst]                     *                                                                                 false            false            
338       *                                                                                 [get_ports -scoped_to_current_instance -no_traverse src_arst]                     *                                                                                 false            false            
339       *                                                                                 [get_ports -scoped_to_current_instance -no_traverse src_arst]                     *                                                                                 false            false            
340       *                                                                                 [get_ports -scoped_to_current_instance -no_traverse src_arst]                     *                                                                                 false            false            
342       *                                                                                 [get_ports -scoped_to_current_instance -no_traverse src_arst]                     *                                                                                 false            false            
344       *                                                                                 [get_ports -scoped_to_current_instance -no_traverse src_arst]                     *                                                                                 false            false            
346       *                                                                                 [get_ports -scoped_to_current_instance -no_traverse src_arst]                     *                                                                                 false            false            
348       *                                                                                 [get_ports -scoped_to_current_instance -no_traverse src_arst]                     *                                                                                 false            false            
350       *                                                                                 [get_ports -scoped_to_current_instance -no_traverse src_arst]                     *                                                                                 false            false            
351       *                                                                                 [get_ports -scoped_to_current_instance -no_traverse src_arst]                     *                                                                                 false            false            
353       *                                                                                 [get_ports -scoped_to_current_instance -no_traverse src_arst]                     *                                                                                 false            false            
355       *                                                                                 [get_ports -scoped_to_current_instance -no_traverse src_arst]                     *                                                                                 false            false            
357       *                                                                                 [get_ports -scoped_to_current_instance -no_traverse src_arst]                     *                                                                                 false            false            
359       *                                                                                 [get_ports -scoped_to_current_instance -no_traverse src_arst]                     *                                                                                 false            false            
361       *                                                                                 [get_ports -scoped_to_current_instance -no_traverse src_arst]                     *                                                                                 false            false            
362       *                                                                                 [get_ports -scoped_to_current_instance -no_traverse src_arst]                     *                                                                                 false            false            
364       *                                                                                 [get_ports -scoped_to_current_instance -no_traverse src_arst]                     *                                                                                 false            false            
366       *                                                                                 [get_ports -scoped_to_current_instance -no_traverse src_arst]                     *                                                                                 false            false            
368       *                                                                                 [get_ports -scoped_to_current_instance -no_traverse src_arst]                     *                                                                                 false            false            
370       *                                                                                 [get_ports -scoped_to_current_instance -no_traverse src_arst]                     *                                                                                 false            false            
372       *                                                                                 [get_ports -scoped_to_current_instance -no_traverse src_arst]                     *                                                                                 false            false            
373       *                                                                                 [get_ports -scoped_to_current_instance -no_traverse src_arst]                     *                                                                                 false            false            
375       *                                                                                 [get_ports -scoped_to_current_instance -no_traverse src_arst]                     *                                                                                 false            false            
377       *                                                                                 [get_ports -scoped_to_current_instance -no_traverse src_arst]                     *                                                                                 false            false            
379       *                                                                                 [get_ports -scoped_to_current_instance -no_traverse src_arst]                     *                                                                                 false            false            
381       *                                                                                 [get_ports -scoped_to_current_instance -no_traverse src_arst]                     *                                                                                 false            false            
383       *                                                                                 [get_ports -scoped_to_current_instance -no_traverse src_arst]                     *                                                                                 false            false            
384       *                                                                                 [get_ports -scoped_to_current_instance -no_traverse src_arst]                     *                                                                                 false            false            
386       *                                                                                 [get_ports -scoped_to_current_instance -no_traverse src_arst]                     *                                                                                 false            false            
388       *                                                                                 [get_ports -scoped_to_current_instance -no_traverse src_arst]                     *                                                                                 false            false            
390       *                                                                                 [get_ports -scoped_to_current_instance -no_traverse src_arst]                     *                                                                                 false            false            
392       *                                                                                 [get_ports -scoped_to_current_instance -no_traverse src_arst]                     *                                                                                 false            false            
394       *                                                                                 [get_ports -scoped_to_current_instance -no_traverse src_arst]                     *                                                                                 false            false            
395       *                                                                                 [get_ports -scoped_to_current_instance -no_traverse src_arst]                     *                                                                                 false            false            
396       *                                                                                 [get_ports -scoped_to_current_instance -no_traverse src_arst]                     *                                                                                 false            false            
397       *                                                                                 [get_ports -scoped_to_current_instance -no_traverse src_arst]                     *                                                                                 false            false            
398       *                                                                                 [get_ports -scoped_to_current_instance -no_traverse src_arst]                     *                                                                                 false            false            
399       *                                                                                 [get_ports -scoped_to_current_instance -no_traverse src_arst]                     *                                                                                 false            false            
400       *                                                                                 [get_ports -scoped_to_current_instance -no_traverse src_arst]                     *                                                                                 false            false            
402       *                                                                                 [get_ports -scoped_to_current_instance -no_traverse src_arst]                     *                                                                                 false            false            
404       *                                                                                 [get_ports -scoped_to_current_instance -no_traverse src_arst]                     *                                                                                 false            false            
406       *                                                                                 [get_ports -scoped_to_current_instance -no_traverse src_arst]                     *                                                                                 false            false            
408       *                                                                                 [get_ports -scoped_to_current_instance -no_traverse src_arst]                     *                                                                                 false            false            
410       *                                                                                 [get_ports -scoped_to_current_instance -no_traverse src_arst]                     *                                                                                 false            false            
412       *                                                                                 [get_ports -scoped_to_current_instance -no_traverse src_arst]                     *                                                                                 false            false            
414       *                                                                                 [get_ports -scoped_to_current_instance -no_traverse src_arst]                     *                                                                                 false            false            
416       *                                                                                 [get_ports -scoped_to_current_instance -no_traverse src_arst]                     *                                                                                 false            false            
418       *                                                                                 [get_ports -scoped_to_current_instance -no_traverse src_arst]                     *                                                                                 false            false            
420       *                                                                                 [get_ports -scoped_to_current_instance -no_traverse src_arst]                     *                                                                                 false            false            
422       *                                                                                 [get_ports -scoped_to_current_instance -no_traverse src_arst]                     *                                                                                 false            false            
424       *                                                                                 [get_ports -scoped_to_current_instance -no_traverse src_arst]                     *                                                                                 false            false            
426       *                                                                                 [get_ports -scoped_to_current_instance -no_traverse src_arst]                     *                                                                                 false            false            
428       *                                                                                 [get_ports -scoped_to_current_instance -no_traverse src_arst]                     *                                                                                 false            false            
430       *                                                                                 [get_ports -scoped_to_current_instance -no_traverse src_arst]                     *                                                                                 false            false            
432       *                                                                                 [get_ports -scoped_to_current_instance -no_traverse src_arst]                     *                                                                                 false            false            
434       *                                                                                 [get_ports -scoped_to_current_instance -no_traverse src_arst]                     *                                                                                 false            false            
436       *                                                                                 [get_ports -scoped_to_current_instance -no_traverse src_arst]                     *                                                                                 false            false            
438       *                                                                                 [get_ports -scoped_to_current_instance -no_traverse src_arst]                     *                                                                                 false            false            
440       *                                                                                 [get_ports -scoped_to_current_instance -no_traverse src_arst]                     *                                                                                 false            false            
441       *                                                                                 [get_ports -scoped_to_current_instance -no_traverse src_arst]                     *                                                                                 false            false            
443       *                                                                                 [get_ports -scoped_to_current_instance -no_traverse src_arst]                     *                                                                                 false            false            
445       *                                                                                 [get_ports -scoped_to_current_instance -no_traverse src_arst]                     *                                                                                 false            false            
447       *                                                                                 [get_ports -scoped_to_current_instance -no_traverse src_arst]                     *                                                                                 false            false            
449       *                                                                                 [get_ports -scoped_to_current_instance -no_traverse src_arst]                     *                                                                                 false            false            
451       *                                                                                 [get_ports -scoped_to_current_instance -no_traverse src_arst]                     *                                                                                 false            false            
453       *                                                                                 [get_ports -scoped_to_current_instance -no_traverse src_arst]                     *                                                                                 false            false            
454       *                                                                                 [get_ports -scoped_to_current_instance -no_traverse src_arst]                     *                                                                                 false            false            
455       *                                                                                 [get_ports -scoped_to_current_instance -no_traverse src_arst]                     *                                                                                 false            false            
456       *                                                                                 [get_ports -scoped_to_current_instance -no_traverse src_arst]                     *                                                                                 false            false            
457       *                                                                                 [get_ports -scoped_to_current_instance -no_traverse src_arst]                     *                                                                                 false            false            
458       *                                                                                 [get_ports -scoped_to_current_instance -no_traverse src_arst]                     *                                                                                 false            false            
459       *                                                                                 [get_ports -scoped_to_current_instance -no_traverse src_arst]                     *                                                                                 false            false            
460       *                                                                                 [get_ports -scoped_to_current_instance -no_traverse src_arst]                     *                                                                                 false            false            
461       *                                                                                 [get_ports -scoped_to_current_instance -no_traverse src_arst]                     *                                                                                 false            false            
463       *                                                                                 [get_ports -scoped_to_current_instance -no_traverse src_arst]                     *                                                                                 false            false            
465       *                                                                                 [get_ports -scoped_to_current_instance -no_traverse src_arst]                     *                                                                                 false            false            
467       *                                                                                 [get_ports -scoped_to_current_instance -no_traverse src_arst]                     *                                                                                 false            false            
469       *                                                                                 [get_ports -scoped_to_current_instance -no_traverse src_arst]                     *                                                                                 false            false            
471       *                                                                                 [get_ports -scoped_to_current_instance -no_traverse src_arst]                     *                                                                                 false            false            
473       *                                                                                 [get_ports -scoped_to_current_instance -no_traverse src_arst]                     *                                                                                 false            false            
475       *                                                                                 [get_ports -scoped_to_current_instance -no_traverse src_arst]                     *                                                                                 false            false            
477       *                                                                                 [get_ports -scoped_to_current_instance -no_traverse src_arst]                     *                                                                                 false            false            
479       *                                                                                 [get_ports -scoped_to_current_instance -no_traverse src_arst]                     *                                                                                 false            false            
481       *                                                                                 [get_ports -scoped_to_current_instance -no_traverse src_arst]                     *                                                                                 false            false            
483       *                                                                                 [get_ports -scoped_to_current_instance -no_traverse src_arst]                     *                                                                                 false            false            
485       *                                                                                 [get_ports -scoped_to_current_instance -no_traverse src_arst]                     *                                                                                 false            false            
487       *                                                                                 [get_ports -scoped_to_current_instance -no_traverse src_arst]                     *                                                                                 false            false            
489       *                                                                                 [get_ports -scoped_to_current_instance -no_traverse src_arst]                     *                                                                                 false            false            
491       *                                                                                 [get_ports -scoped_to_current_instance -no_traverse src_arst]                     *                                                                                 false            false            
493       *                                                                                 [get_ports -scoped_to_current_instance -no_traverse src_arst]                     *                                                                                 false            false            
495       *                                                                                 [get_ports -scoped_to_current_instance -no_traverse src_arst]                     *                                                                                 false            false            
497       *                                                                                 [get_ports -scoped_to_current_instance -no_traverse src_arst]                     *                                                                                 false            false            
499       *                                                                                 [get_ports -scoped_to_current_instance -no_traverse src_arst]                     *                                                                                 false            false            
501       *                                                                                 [get_ports -scoped_to_current_instance -no_traverse src_arst]                     *                                                                                 false            false            
503       *                                                                                 [get_ports -scoped_to_current_instance -no_traverse src_arst]                     *                                                                                 false            false            
505       *                                                                                 [get_ports -scoped_to_current_instance -no_traverse src_arst]                     *                                                                                 false            false            
507       *                                                                                 [get_ports -scoped_to_current_instance -no_traverse src_arst]                     *                                                                                 false            false            
509       *                                                                                 [get_ports -scoped_to_current_instance -no_traverse src_arst]                     *                                                                                 false            false            
511       *                                                                                 [get_ports -scoped_to_current_instance -no_traverse src_arst]                     *                                                                                 false            false            
513       *                                                                                 [get_ports -scoped_to_current_instance -no_traverse src_arst]                     *                                                                                 false            false            
515       *                                                                                 [get_ports -scoped_to_current_instance -no_traverse src_arst]                     *                                                                                 false            false            
517       *                                                                                 [get_ports -scoped_to_current_instance -no_traverse src_arst]                     *                                                                                 false            false            
519       *                                                                                 [get_ports -scoped_to_current_instance -no_traverse src_arst]                     *                                                                                 false            false            
521       *                                                                                 [get_ports -scoped_to_current_instance -no_traverse src_arst]                     *                                                                                 false            false            
522       *                                                                                 [get_ports -scoped_to_current_instance -no_traverse src_arst]                     *                                                                                 false            false            
524       *                                                                                 [get_ports -scoped_to_current_instance -no_traverse src_arst]                     *                                                                                 false            false            
526       *                                                                                 [get_ports -scoped_to_current_instance -no_traverse src_arst]                     *                                                                                 false            false            
528       *                                                                                 [get_ports -scoped_to_current_instance -no_traverse src_arst]                     *                                                                                 false            false            
530       *                                                                                 [get_ports -scoped_to_current_instance -no_traverse src_arst]                     *                                                                                 false            false            
532       *                                                                                 [get_ports -scoped_to_current_instance -no_traverse src_arst]                     *                                                                                 false            false            
533       *                                                                                 [get_ports -scoped_to_current_instance -no_traverse src_arst]                     *                                                                                 false            false            
535       *                                                                                 [get_ports -scoped_to_current_instance -no_traverse src_arst]                     *                                                                                 false            false            
537       *                                                                                 [get_ports -scoped_to_current_instance -no_traverse src_arst]                     *                                                                                 false            false            
539       *                                                                                 [get_ports -scoped_to_current_instance -no_traverse src_arst]                     *                                                                                 false            false            
541       *                                                                                 [get_ports -scoped_to_current_instance -no_traverse src_arst]                     *                                                                                 false            false            
544       *                                                                                 [get_ports -scoped_to_current_instance -no_traverse src_arst]                     *                                                                                 false            false            
545       *                                                                                 [get_ports -scoped_to_current_instance -no_traverse src_arst]                     *                                                                                 false            false            
546       *                                                                                 [get_ports -scoped_to_current_instance -no_traverse src_arst]                     *                                                                                 false            false            
547       *                                                                                 [get_ports -scoped_to_current_instance -no_traverse src_arst]                     *                                                                                 false            false            
549       *                                                                                 [get_ports -scoped_to_current_instance -no_traverse src_arst]                     *                                                                                 false            false            
552       *                                                                                 [get_ports -scoped_to_current_instance -no_traverse src_arst]                     *                                                                                 false            false            
553       *                                                                                 [get_ports -scoped_to_current_instance -no_traverse src_arst]                     *                                                                                 false            false            
555       *                                                                                 [get_ports -scoped_to_current_instance -no_traverse src_arst]                     *                                                                                 false            false            
557       *                                                                                 [get_ports -scoped_to_current_instance -no_traverse src_arst]                     *                                                                                 false            false            
559       *                                                                                 [get_ports -scoped_to_current_instance -no_traverse src_arst]                     *                                                                                 false            false            
561       *                                                                                 [get_ports -scoped_to_current_instance -no_traverse src_arst]                     *                                                                                 false            false            
563       *                                                                                 [get_ports -scoped_to_current_instance -no_traverse src_arst]                     *                                                                                 false            false            
564       *                                                                                 [get_ports -scoped_to_current_instance -no_traverse src_arst]                     *                                                                                 false            false            
566       *                                                                                 [get_ports -scoped_to_current_instance -no_traverse src_arst]                     *                                                                                 false            false            
568       *                                                                                 [get_ports -scoped_to_current_instance -no_traverse src_arst]                     *                                                                                 false            false            
570       *                                                                                 [get_ports -scoped_to_current_instance -no_traverse src_arst]                     *                                                                                 false            false            
572       *                                                                                 [get_ports -scoped_to_current_instance -no_traverse src_arst]                     *                                                                                 false            false            
575       *                                                                                 [get_ports -scoped_to_current_instance -no_traverse src_arst]                     *                                                                                 false            false            
576       *                                                                                 [get_ports -scoped_to_current_instance -no_traverse src_arst]                     *                                                                                 false            false            
577       *                                                                                 [get_ports -scoped_to_current_instance -no_traverse src_arst]                     *                                                                                 false            false            
578       *                                                                                 [get_ports -scoped_to_current_instance -no_traverse src_arst]                     *                                                                                 false            false            
580       *                                                                                 [get_ports -scoped_to_current_instance -no_traverse src_arst]                     *                                                                                 false            false            
583       *                                                                                 [get_ports -scoped_to_current_instance -no_traverse src_arst]                     *                                                                                 false            false            
584       *                                                                                 [get_ports -scoped_to_current_instance -no_traverse src_arst]                     *                                                                                 false            false            
586       *                                                                                 [get_ports -scoped_to_current_instance -no_traverse src_arst]                     *                                                                                 false            false            
588       *                                                                                 [get_ports -scoped_to_current_instance -no_traverse src_arst]                     *                                                                                 false            false            
590       *                                                                                 [get_ports -scoped_to_current_instance -no_traverse src_arst]                     *                                                                                 false            false            
592       *                                                                                 [get_ports -scoped_to_current_instance -no_traverse src_arst]                     *                                                                                 false            false            
594       *                                                                                 [get_ports -scoped_to_current_instance -no_traverse src_arst]                     *                                                                                 false            false            
595       *                                                                                 [get_ports -scoped_to_current_instance -no_traverse src_arst]                     *                                                                                 false            false            
597       *                                                                                 [get_ports -scoped_to_current_instance -no_traverse src_arst]                     *                                                                                 false            false            
599       *                                                                                 [get_ports -scoped_to_current_instance -no_traverse src_arst]                     *                                                                                 false            false            
601       *                                                                                 [get_ports -scoped_to_current_instance -no_traverse src_arst]                     *                                                                                 false            false            
603       *                                                                                 [get_ports -scoped_to_current_instance -no_traverse src_arst]                     *                                                                                 false            false            
606       *                                                                                 [get_ports -scoped_to_current_instance -no_traverse src_arst]                     *                                                                                 false            false            
607       *                                                                                 [get_ports -scoped_to_current_instance -no_traverse src_arst]                     *                                                                                 false            false            
608       *                                                                                 [get_ports -scoped_to_current_instance -no_traverse src_arst]                     *                                                                                 false            false            
609       *                                                                                 [get_ports -scoped_to_current_instance -no_traverse src_arst]                     *                                                                                 false            false            
611       *                                                                                 [get_ports -scoped_to_current_instance -no_traverse src_arst]                     *                                                                                 false            false            
614       *                                                                                 [get_ports -scoped_to_current_instance -no_traverse src_arst]                     *                                                                                 false            false            
615       *                                                                                 [get_ports -scoped_to_current_instance -no_traverse src_arst]                     *                                                                                 false            false            
617       *                                                                                 [get_ports -scoped_to_current_instance -no_traverse src_arst]                     *                                                                                 false            false            
619       *                                                                                 [get_ports -scoped_to_current_instance -no_traverse src_arst]                     *                                                                                 false            false            
621       *                                                                                 [get_ports -scoped_to_current_instance -no_traverse src_arst]                     *                                                                                 false            false            
623       *                                                                                 [get_ports -scoped_to_current_instance -no_traverse src_arst]                     *                                                                                 false            false            
625       *                                                                                 [get_ports -scoped_to_current_instance -no_traverse src_arst]                     *                                                                                 false            false            
626       *                                                                                 [get_ports -scoped_to_current_instance -no_traverse src_arst]                     *                                                                                 false            false            
628       *                                                                                 [get_ports -scoped_to_current_instance -no_traverse src_arst]                     *                                                                                 false            false            
630       *                                                                                 [get_ports -scoped_to_current_instance -no_traverse src_arst]                     *                                                                                 false            false            
632       *                                                                                 [get_ports -scoped_to_current_instance -no_traverse src_arst]                     *                                                                                 false            false            
634       *                                                                                 [get_ports -scoped_to_current_instance -no_traverse src_arst]                     *                                                                                 false            false            
637       *                                                                                 [get_ports -scoped_to_current_instance -no_traverse src_arst]                     *                                                                                 false            false            
638       *                                                                                 [get_ports -scoped_to_current_instance -no_traverse src_arst]                     *                                                                                 false            false            
639       *                                                                                 [get_ports -scoped_to_current_instance -no_traverse src_arst]                     *                                                                                 false            false            
640       *                                                                                 [get_ports -scoped_to_current_instance -no_traverse src_arst]                     *                                                                                 false            false            
642       *                                                                                 [get_ports -scoped_to_current_instance -no_traverse src_arst]                     *                                                                                 false            false            
644       *                                                                                 [get_ports -scoped_to_current_instance -no_traverse src_arst]                     *                                                                                 false            false            
645       *                                                                                 [get_ports -scoped_to_current_instance -no_traverse src_arst]                     *                                                                                 false            false            
646       *                                                                                 [get_ports -scoped_to_current_instance -no_traverse src_arst]                     *                                                                                 false            false            
647       *                                                                                 [get_ports -scoped_to_current_instance -no_traverse src_arst]                     *                                                                                 false            false            
648       *                                                                                 [get_ports -scoped_to_current_instance -no_traverse src_arst]                     *                                                                                 false            false            
649       [get_cells src_gray_ff_reg*]                                                      *                                                                                 [get_cells {dest_graysync_ff_reg[0]*}]                                            max_dpo=3.332    -                
651       [get_cells src_gray_ff_reg*]                                                      *                                                                                 [get_cells {dest_graysync_ff_reg[0]*}]                                            max_dpo=3.332    -                
653       [get_cells src_gray_ff_reg*]                                                      *                                                                                 [get_cells {dest_graysync_ff_reg[0]*}]                                            max_dpo=4        -                
655       [get_cells src_gray_ff_reg*]                                                      *                                                                                 [get_cells {dest_graysync_ff_reg[0]*}]                                            max_dpo=3.332    -                
657       [get_cells src_gray_ff_reg*]                                                      *                                                                                 [get_cells {dest_graysync_ff_reg[0]*}]                                            max_dpo=4        -                
659       [get_cells src_gray_ff_reg*]                                                      *                                                                                 [get_cells {dest_graysync_ff_reg[0]*}]                                            max_dpo=3.332    -                
661       [get_cells src_gray_ff_reg*]                                                      *                                                                                 [get_cells {dest_graysync_ff_reg[0]*}]                                            max_dpo=4        -                
663       [get_cells src_gray_ff_reg*]                                                      *                                                                                 [get_cells {dest_graysync_ff_reg[0]*}]                                            max_dpo=3.332    -                
665       [get_cells src_gray_ff_reg*]                                                      *                                                                                 [get_cells {dest_graysync_ff_reg[0]*}]                                            max_dpo=4        -                
667       [get_cells src_gray_ff_reg*]                                                      *                                                                                 [get_cells {dest_graysync_ff_reg[0]*}]                                            max_dpo=4        -                
669       [get_cells src_gray_ff_reg*]                                                      *                                                                                 [get_cells {dest_graysync_ff_reg[0]*}]                                            max_dpo=3.332    -                
671       [get_cells src_gray_ff_reg*]                                                      *                                                                                 [get_cells {dest_graysync_ff_reg[0]*}]                                            max_dpo=4        -                
673       [get_cells src_gray_ff_reg*]                                                      *                                                                                 [get_cells {dest_graysync_ff_reg[0]*}]                                            max_dpo=4        -                
675       [get_cells src_gray_ff_reg*]                                                      *                                                                                 [get_cells {dest_graysync_ff_reg[0]*}]                                            max_dpo=3.332    -                
677       [get_cells src_gray_ff_reg*]                                                      *                                                                                 [get_cells {dest_graysync_ff_reg[0]*}]                                            max_dpo=3.332    -                
679       [get_cells src_gray_ff_reg*]                                                      *                                                                                 [get_cells {dest_graysync_ff_reg[0]*}]                                            max_dpo=4        -                
681       [get_cells src_gray_ff_reg*]                                                      *                                                                                 [get_cells {dest_graysync_ff_reg[0]*}]                                            max_dpo=3.332    -                
683       [get_cells src_gray_ff_reg*]                                                      *                                                                                 [get_cells {dest_graysync_ff_reg[0]*}]                                            max_dpo=4        -                
685       [get_cells src_gray_ff_reg*]                                                      *                                                                                 [get_cells {dest_graysync_ff_reg[0]*}]                                            max_dpo=3.332    -                
687       [get_cells src_gray_ff_reg*]                                                      *                                                                                 [get_cells {dest_graysync_ff_reg[0]*}]                                            max_dpo=4        -                
689       [get_cells src_gray_ff_reg*]                                                      *                                                                                 [get_cells {dest_graysync_ff_reg[0]*}]                                            max_dpo=3.332    -                
691       [get_cells src_gray_ff_reg*]                                                      *                                                                                 [get_cells {dest_graysync_ff_reg[0]*}]                                            max_dpo=4        -                
693       [get_cells src_gray_ff_reg*]                                                      *                                                                                 [get_cells {dest_graysync_ff_reg[0]*}]                                            max_dpo=4        -                
695       [get_cells src_gray_ff_reg*]                                                      *                                                                                 [get_cells {dest_graysync_ff_reg[0]*}]                                            max_dpo=3.332    -                
697       [get_cells src_gray_ff_reg*]                                                      *                                                                                 [get_cells {dest_graysync_ff_reg[0]*}]                                            max_dpo=4        -                
699       [get_cells src_gray_ff_reg*]                                                      *                                                                                 [get_cells {dest_graysync_ff_reg[0]*}]                                            max_dpo=3.332    -                
701       [get_cells src_gray_ff_reg*]                                                      *                                                                                 [get_cells {dest_graysync_ff_reg[0]*}]                                            max_dpo=4        -                
703       [get_cells src_gray_ff_reg*]                                                      *                                                                                 [get_cells {dest_graysync_ff_reg[0]*}]                                            max_dpo=3.332    -                
705       [get_cells src_gray_ff_reg*]                                                      *                                                                                 [get_cells {dest_graysync_ff_reg[0]*}]                                            max_dpo=3.332    -                
707       [get_cells src_gray_ff_reg*]                                                      *                                                                                 [get_cells {dest_graysync_ff_reg[0]*}]                                            max_dpo=4        -                
709       [get_cells src_gray_ff_reg*]                                                      *                                                                                 [get_cells {dest_graysync_ff_reg[0]*}]                                            max_dpo=3.332    -                
711       [get_cells src_gray_ff_reg*]                                                      *                                                                                 [get_cells {dest_graysync_ff_reg[0]*}]                                            max_dpo=4        -                
713       [get_cells src_gray_ff_reg*]                                                      *                                                                                 [get_cells {dest_graysync_ff_reg[0]*}]                                            max_dpo=3.332    -                
715       [get_cells src_gray_ff_reg*]                                                      *                                                                                 [get_cells {dest_graysync_ff_reg[0]*}]                                            max_dpo=4        -                
717       [get_cells src_gray_ff_reg*]                                                      *                                                                                 [get_cells {dest_graysync_ff_reg[0]*}]                                            max_dpo=3.332    -                
719       [get_cells src_gray_ff_reg*]                                                      *                                                                                 [get_cells {dest_graysync_ff_reg[0]*}]                                            max_dpo=4        -                
721       [get_cells src_gray_ff_reg*]                                                      *                                                                                 [get_cells {dest_graysync_ff_reg[0]*}]                                            max_dpo=4        -                
723       [get_cells src_gray_ff_reg*]                                                      *                                                                                 [get_cells {dest_graysync_ff_reg[0]*}]                                            max_dpo=3.332    -                
725       [get_cells src_gray_ff_reg*]                                                      *                                                                                 [get_cells {dest_graysync_ff_reg[0]*}]                                            max_dpo=4        -                
727       [get_cells src_gray_ff_reg*]                                                      *                                                                                 [get_cells {dest_graysync_ff_reg[0]*}]                                            max_dpo=3.332    -                
729       [get_cells src_gray_ff_reg*]                                                      *                                                                                 [get_cells {dest_graysync_ff_reg[0]*}]                                            max_dpo=4        -                
731       [get_cells src_gray_ff_reg*]                                                      *                                                                                 [get_cells {dest_graysync_ff_reg[0]*}]                                            max_dpo=3.332    -                
733       [get_cells src_gray_ff_reg*]                                                      *                                                                                 [get_cells {dest_graysync_ff_reg[0]*}]                                            max_dpo=3.332    -                
735       [get_cells src_gray_ff_reg*]                                                      *                                                                                 [get_cells {dest_graysync_ff_reg[0]*}]                                            max_dpo=4        -                
737       [get_cells src_gray_ff_reg*]                                                      *                                                                                 [get_cells {dest_graysync_ff_reg[0]*}]                                            max_dpo=3.332    -                
739       [get_cells src_gray_ff_reg*]                                                      *                                                                                 [get_cells {dest_graysync_ff_reg[0]*}]                                            max_dpo=4        -                
741       [get_cells src_gray_ff_reg*]                                                      *                                                                                 [get_cells {dest_graysync_ff_reg[0]*}]                                            max_dpo=3.332    -                
743       [get_cells src_gray_ff_reg*]                                                      *                                                                                 [get_cells {dest_graysync_ff_reg[0]*}]                                            max_dpo=4        -                
745       [get_cells src_gray_ff_reg*]                                                      *                                                                                 [get_cells {dest_graysync_ff_reg[0]*}]                                            max_dpo=3.332    -                
747       [get_cells src_gray_ff_reg*]                                                      *                                                                                 [get_cells {dest_graysync_ff_reg[0]*}]                                            max_dpo=4        -                
749       [get_cells src_gray_ff_reg*]                                                      *                                                                                 [get_cells {dest_graysync_ff_reg[0]*}]                                            max_dpo=4        -                
751       [get_cells src_gray_ff_reg*]                                                      *                                                                                 [get_cells {dest_graysync_ff_reg[0]*}]                                            max_dpo=3.332    -                
753       [get_cells src_gray_ff_reg*]                                                      *                                                                                 [get_cells {dest_graysync_ff_reg[0]*}]                                            max_dpo=4        -                
755       [get_cells src_gray_ff_reg*]                                                      *                                                                                 [get_cells {dest_graysync_ff_reg[0]*}]                                            max_dpo=3.332    -                
757       [get_cells src_gray_ff_reg*]                                                      *                                                                                 [get_cells {dest_graysync_ff_reg[0]*}]                                            max_dpo=4        -                
759       [get_cells src_gray_ff_reg*]                                                      *                                                                                 [get_cells {dest_graysync_ff_reg[0]*}]                                            max_dpo=3.332    -                
761       [get_cells src_gray_ff_reg*]                                                      *                                                                                 [get_cells {dest_graysync_ff_reg[0]*}]                                            max_dpo=3.332    -                
763       [get_cells src_gray_ff_reg*]                                                      *                                                                                 [get_cells {dest_graysync_ff_reg[0]*}]                                            max_dpo=4        -                
769       [get_cells src_gray_ff_reg*]                                                      *                                                                                 [get_cells {dest_graysync_ff_reg[0]*}]                                            max_dpo=3.332    -                
771       [get_cells src_gray_ff_reg*]                                                      *                                                                                 [get_cells {dest_graysync_ff_reg[0]*}]                                            max_dpo=4        -                
777       [get_cells src_gray_ff_reg*]                                                      *                                                                                 [get_cells {dest_graysync_ff_reg[0]*}]                                            max_dpo=3.332    -                
779       [get_cells src_gray_ff_reg*]                                                      *                                                                                 [get_cells {dest_graysync_ff_reg[0]*}]                                            max_dpo=4        -                
785       [get_cells src_gray_ff_reg*]                                                      *                                                                                 [get_cells {dest_graysync_ff_reg[0]*}]                                            max_dpo=3.332    -                
787       [get_cells src_gray_ff_reg*]                                                      *                                                                                 [get_cells {dest_graysync_ff_reg[0]*}]                                            max_dpo=4        -                
794       *                                                                                 *                                                                                 [get_cells {syncstages_ff_reg[0]}]                                                false            false            
795       *                                                                                 *                                                                                 [get_cells {syncstages_ff_reg[0]}]                                                false            false            
796       *                                                                                 *                                                                                 [get_cells {syncstages_ff_reg[0]}]                                                false            false            
797       *                                                                                 *                                                                                 [get_cells {syncstages_ff_reg[0]}]                                                false            false            
798       *                                                                                 *                                                                                 [get_cells {syncstages_ff_reg[0]}]                                                false            false            
799       *                                                                                 *                                                                                 [get_cells {syncstages_ff_reg[0]}]                                                false            false            
800       *                                                                                 *                                                                                 [get_cells {syncstages_ff_reg[0]}]                                                false            false            
801       *                                                                                 *                                                                                 [get_cells {syncstages_ff_reg[0]}]                                                false            false            
802       [filter [all_fanout -from [get_ports -scoped_to_current_instance wr_clk] -flat -  [get_pins -of_obj [get_cells -hier * -filter {PRIMITIVE_SUBGROUP==LUTRAM || PRIM  *                                                                                 max_dpo=4        -                
          endpoints_only] IS_LEAF]                                                          ITIVE_SUBGROUP==dram || PRIMITIVE_SUBGROUP==drom}] -filter DIRECTION==OUT]                                                                                                                            
803       [filter [all_fanout -from [get_ports -scoped_to_current_instance wr_clk] -flat -  [get_pins -of_obj [get_cells -hier * -filter {PRIMITIVE_SUBGROUP==LUTRAM || PRIM  *                                                                                 max_dpo=4        -                
          endpoints_only] IS_LEAF]                                                          ITIVE_SUBGROUP==dram || PRIMITIVE_SUBGROUP==drom}] -filter DIRECTION==OUT]                                                                                                                            
804       [filter [all_fanout -from [get_ports -scoped_to_current_instance wr_clk] -flat -  [get_pins -of_obj [get_cells -hier * -filter {PRIMITIVE_SUBGROUP==LUTRAM || PRIM  *                                                                                 max_dpo=4        -                
          endpoints_only] IS_LEAF]                                                          ITIVE_SUBGROUP==dram || PRIMITIVE_SUBGROUP==drom}] -filter DIRECTION==OUT]                                                                                                                            
805       [filter [all_fanout -from [get_ports -scoped_to_current_instance wr_clk] -flat -  [get_pins -of_obj [get_cells -hier * -filter {PRIMITIVE_SUBGROUP==LUTRAM || PRIM  *                                                                                 max_dpo=4        -                
          endpoints_only] IS_LEAF]                                                          ITIVE_SUBGROUP==dram || PRIMITIVE_SUBGROUP==drom}] -filter DIRECTION==OUT]                                                                                                                            
807       [filter [all_fanout -from [get_ports -scoped_to_current_instance clka] -flat -en  *                                                                                 [get_cells -hierarchical -filter {NAME =~ *doutb*reg*}]                           max_dpo=4        -                
          dpoints_only] IS_LEAF]                                                                                                                                                                                                                                                                  
809       [filter [all_fanout -from [get_ports -scoped_to_current_instance clka] -flat -en  *                                                                                 [get_cells -hierarchical -filter {NAME =~ *doutb*reg*}]                           max_dpo=4        -                
          dpoints_only] IS_LEAF]                                                                                                                                                                                                                                                                  
811       [filter [all_fanout -from [get_ports -scoped_to_current_instance clka] -flat -en  *                                                                                 [get_cells -hierarchical -filter {NAME =~ *doutb*reg*}]                           max_dpo=4        -                
          dpoints_only] IS_LEAF]                                                                                                                                                                                                                                                                  
813       [filter [all_fanout -from [get_ports -scoped_to_current_instance clka] -flat -en  *                                                                                 [get_cells -hierarchical -filter {NAME =~ *doutb*reg*}]                           max_dpo=4        -                
          dpoints_only] IS_LEAF]                                                                                                                                                                                                                                                                  
815       [filter [all_fanout -from [get_ports -scoped_to_current_instance clka] -flat -en  *                                                                                 [get_cells -hierarchical -filter {NAME =~ *doutb*reg*}]                           max_dpo=4        -                
          dpoints_only] IS_LEAF]                                                                                                                                                                                                                                                                  
817       [filter [all_fanout -from [get_ports -scoped_to_current_instance clka] -flat -en  *                                                                                 [get_cells -hierarchical -filter {NAME =~ *doutb*reg*}]                           max_dpo=4        -                
          dpoints_only] IS_LEAF]                                                                                                                                                                                                                                                                  
819       [filter [all_fanout -from [get_ports -scoped_to_current_instance clka] -flat -en  *                                                                                 [get_cells -hierarchical -filter {NAME =~ *doutb*reg*}]                           max_dpo=4        -                
          dpoints_only] IS_LEAF]                                                                                                                                                                                                                                                                  
821       [filter [all_fanout -from [get_ports -scoped_to_current_instance clka] -flat -en  *                                                                                 [get_cells -hierarchical -filter {NAME =~ *doutb*reg*}]                           max_dpo=4        -                
          dpoints_only] IS_LEAF]                                                                                                                                                                                                                                                                  
823       [filter [all_fanout -from [get_ports -scoped_to_current_instance clka] -flat -en  *                                                                                 [get_cells -hierarchical -filter {NAME =~ *doutb*reg*}]                           max_dpo=3.332    -                
          dpoints_only] IS_LEAF]                                                                                                                                                                                                                                                                  
825       [filter [all_fanout -from [get_ports -scoped_to_current_instance clka] -flat -en  *                                                                                 [get_cells -hierarchical -filter {NAME =~ *doutb*reg*}]                           max_dpo=3.332    -                
          dpoints_only] IS_LEAF]                                                                                                                                                                                                                                                                  
827       [filter [all_fanout -from [get_ports -scoped_to_current_instance clka] -flat -en  *                                                                                 [get_cells -hierarchical -filter {NAME =~ *doutb*reg*}]                           max_dpo=3.332    -                Invalid endpoint                                                                          
          dpoints_only] IS_LEAF]                                                                                                                                                                                                                                                                  
829       [filter [all_fanout -from [get_ports -scoped_to_current_instance clka] -flat -en  *                                                                                 [get_cells -hierarchical -filter {NAME =~ *doutb*reg*}]                           max_dpo=3.332    -                
          dpoints_only] IS_LEAF]                                                                                                                                                                                                                                                                  
831       [filter [all_fanout -from [get_ports -scoped_to_current_instance clka] -flat -en  *                                                                                 [get_cells -hierarchical -filter {NAME =~ *doutb*reg*}]                           max_dpo=3.332    -                Invalid endpoint                                                                          
          dpoints_only] IS_LEAF]                                                                                                                                                                                                                                                                  
833       [filter [all_fanout -from [get_ports -scoped_to_current_instance clka] -flat -en  *                                                                                 [get_cells -hierarchical -filter {NAME =~ *doutb*reg*}]                           max_dpo=3.332    -                
          dpoints_only] IS_LEAF]                                                                                                                                                                                                                                                                  
835       [filter [all_fanout -from [get_ports -scoped_to_current_instance clka] -flat -en  *                                                                                 [get_cells -hierarchical -filter {NAME =~ *doutb*reg*}]                           max_dpo=3.332    -                
          dpoints_only] IS_LEAF]                                                                                                                                                                                                                                                                  
837       [filter [all_fanout -from [get_ports -scoped_to_current_instance clka] -flat -en  *                                                                                 [get_cells -hierarchical -filter {NAME =~ *doutb*reg*}]                           max_dpo=3.332    -                Invalid endpoint                                                                          
          dpoints_only] IS_LEAF]                                                                                                                                                                                                                                                                  
839       [filter [all_fanout -from [get_ports -scoped_to_current_instance clka] -flat -en  *                                                                                 [get_cells -hierarchical -filter {NAME =~ *doutb*reg*}]                           max_dpo=3.332    -                
          dpoints_only] IS_LEAF]                                                                                                                                                                                                                                                                  
841       [filter [all_fanout -from [get_ports -scoped_to_current_instance clka] -flat -en  *                                                                                 [get_cells -hierarchical -filter {NAME =~ *doutb*reg*}]                           max_dpo=3.332    -                
          dpoints_only] IS_LEAF]                                                                                                                                                                                                                                                                  
843       [filter [all_fanout -from [get_ports -scoped_to_current_instance clka] -flat -en  *                                                                                 [get_cells -hierarchical -filter {NAME =~ *doutb*reg*}]                           max_dpo=3.332    -                
          dpoints_only] IS_LEAF]                                                                                                                                                                                                                                                                  
845       [filter [all_fanout -from [get_ports -scoped_to_current_instance clka] -flat -en  *                                                                                 [get_cells -hierarchical -filter {NAME =~ *doutb*reg*}]                           max_dpo=3.332    -                
          dpoints_only] IS_LEAF]                                                                                                                                                                                                                                                                  
847       [filter [all_fanout -from [get_ports -scoped_to_current_instance clka] -flat -en  *                                                                                 [get_cells -hierarchical -filter {NAME =~ *doutb*reg*}]                           max_dpo=3.332    -                
          dpoints_only] IS_LEAF]                                                                                                                                                                                                                                                                  
849       [filter [all_fanout -from [get_ports -scoped_to_current_instance clka] -flat -en  *                                                                                 [get_cells -hierarchical -filter {NAME =~ *doutb*reg*}]                           max_dpo=3.332    -                
          dpoints_only] IS_LEAF]                                                                                                                                                                                                                                                                  
851       [filter [all_fanout -from [get_ports -scoped_to_current_instance clka] -flat -en  *                                                                                 [get_cells -hierarchical -filter {NAME =~ *doutb*reg*}]                           max_dpo=3.332    -                
          dpoints_only] IS_LEAF]                                                                                                                                                                                                                                                                  
853       [filter [all_fanout -from [get_ports -scoped_to_current_instance clka] -flat -en  *                                                                                 [get_cells -hierarchical -filter {NAME =~ *doutb*reg*}]                           max_dpo=3.332    -                
          dpoints_only] IS_LEAF]                                                                                                                                                                                                                                                                  
855       [filter [all_fanout -from [get_ports -scoped_to_current_instance clka] -flat -en  *                                                                                 [get_cells -hierarchical -filter {NAME =~ *doutb*reg*}]                           max_dpo=3.332    -                
          dpoints_only] IS_LEAF]                                                                                                                                                                                                                                                                  
857       [filter [all_fanout -from [get_ports -scoped_to_current_instance clka] -flat -en  *                                                                                 [get_cells -hierarchical -filter {NAME =~ *doutb*reg*}]                           max_dpo=3.332    -                
          dpoints_only] IS_LEAF]                                                                                                                                                                                                                                                                  
859       [filter [all_fanout -from [get_ports -scoped_to_current_instance clka] -flat -en  *                                                                                 [get_cells -hierarchical -filter {NAME =~ *doutb*reg*}]                           max_dpo=3.332    -                
          dpoints_only] IS_LEAF]                                                                                                                                                                                                                                                                  
861       [filter [all_fanout -from [get_ports -scoped_to_current_instance clka] -flat -en  *                                                                                 [get_cells -hierarchical -filter {NAME =~ *doutb*reg*}]                           max_dpo=3.332    -                
          dpoints_only] IS_LEAF]                                                                                                                                                                                                                                                                  
863       [filter [all_fanout -from [get_ports -scoped_to_current_instance clka] -flat -en  *                                                                                 [get_cells -hierarchical -filter {NAME =~ *doutb*reg*}]                           max_dpo=3.332    -                
          dpoints_only] IS_LEAF]                                                                                                                                                                                                                                                                  
865       [filter [all_fanout -from [get_ports -scoped_to_current_instance clka] -flat -en  *                                                                                 [get_cells -hierarchical -filter {NAME =~ *doutb*reg*}]                           max_dpo=3.332    -                
          dpoints_only] IS_LEAF]                                                                                                                                                                                                                                                                  
867       [filter [all_fanout -from [get_ports -scoped_to_current_instance clka] -flat -en  *                                                                                 [get_cells -hierarchical -filter {NAME =~ *doutb*reg*}]                           max_dpo=3.332    -                
          dpoints_only] IS_LEAF]                                                                                                                                                                                                                                                                  
869       [filter [all_fanout -from [get_ports -scoped_to_current_instance clka] -flat -en  *                                                                                 [get_cells -hierarchical -filter {NAME =~ *doutb*reg*}]                           max_dpo=3.332    -                
          dpoints_only] IS_LEAF]                                                                                                                                                                                                                                                                  
871       [filter [all_fanout -from [get_ports -scoped_to_current_instance clka] -flat -en  *                                                                                 [get_cells -hierarchical -filter {NAME =~ *doutb*reg*}]                           max_dpo=4        -                
          dpoints_only] IS_LEAF]                                                                                                                                                                                                                                                                  
873       [filter [all_fanout -from [get_ports -scoped_to_current_instance clka] -flat -en  *                                                                                 [get_cells -hierarchical -filter {NAME =~ *doutb*reg*}]                           max_dpo=4        -                
          dpoints_only] IS_LEAF]                                                                                                                                                                                                                                                                  
875       [filter [all_fanout -from [get_ports -scoped_to_current_instance clka] -flat -en  *                                                                                 [get_cells -hierarchical -filter {NAME =~ *doutb*reg*}]                           max_dpo=4        -                
          dpoints_only] IS_LEAF]                                                                                                                                                                                                                                                                  
877       [filter [all_fanout -from [get_ports -scoped_to_current_instance clka] -flat -en  *                                                                                 [get_cells -hierarchical -filter {NAME =~ *doutb*reg*}]                           max_dpo=4        -                
          dpoints_only] IS_LEAF]                                                                                                                                                                                                                                                                  
879       [filter [all_fanout -from [get_ports -scoped_to_current_instance clka] -flat -en  *                                                                                 [get_cells -hierarchical -filter {NAME =~ *doutb*reg*}]                           max_dpo=4        -                
          dpoints_only] IS_LEAF]                                                                                                                                                                                                                                                                  
881       [filter [all_fanout -from [get_ports -scoped_to_current_instance clka] -flat -en  *                                                                                 [get_cells -hierarchical -filter {NAME =~ *doutb*reg*}]                           max_dpo=4        -                
          dpoints_only] IS_LEAF]                                                                                                                                                                                                                                                                  
883       [filter [all_fanout -from [get_ports -scoped_to_current_instance clka] -flat -en  *                                                                                 [get_cells -hierarchical -filter {NAME =~ *doutb*reg*}]                           max_dpo=4        -                
          dpoints_only] IS_LEAF]                                                                                                                                                                                                                                                                  
885       [filter [all_fanout -from [get_ports -scoped_to_current_instance clka] -flat -en  *                                                                                 [get_cells -hierarchical -filter {NAME =~ *doutb*reg*}]                           max_dpo=4        -                
          dpoints_only] IS_LEAF]                                                                                                                                                                                                                                                                  
887       [filter [all_fanout -from [get_ports -scoped_to_current_instance clka] -flat -en  *                                                                                 [get_cells -hierarchical -filter {NAME =~ *doutb*reg*}]                           max_dpo=4        -                
          dpoints_only] IS_LEAF]                                                                                                                                                                                                                                                                  
889       [filter [all_fanout -from [get_ports -scoped_to_current_instance clka] -flat -en  *                                                                                 [get_cells -hierarchical -filter {NAME =~ *doutb*reg*}]                           max_dpo=4        -                
          dpoints_only] IS_LEAF]                                                                                                                                                                                                                                                                  
891       [filter [all_fanout -from [get_ports -scoped_to_current_instance clka] -flat -en  *                                                                                 [get_cells -hierarchical -filter {NAME =~ *doutb*reg*}]                           max_dpo=4        -                
          dpoints_only] IS_LEAF]                                                                                                                                                                                                                                                                  
893       [filter [all_fanout -from [get_ports -scoped_to_current_instance clka] -flat -en  *                                                                                 [get_cells -hierarchical -filter {NAME =~ *doutb*reg*}]                           max_dpo=4        -                
          dpoints_only] IS_LEAF]                                                                                                                                                                                                                                                                  
895       [filter [all_fanout -from [get_ports -scoped_to_current_instance clka] -flat -en  *                                                                                 [get_cells -hierarchical -filter {NAME =~ *doutb*reg*}]                           max_dpo=4        -                
          dpoints_only] IS_LEAF]                                                                                                                                                                                                                                                                  
897       [filter [all_fanout -from [get_ports -scoped_to_current_instance clka] -flat -en  *                                                                                 [get_cells -hierarchical -filter {NAME =~ *doutb*reg*}]                           max_dpo=4        -                
          dpoints_only] IS_LEAF]                                                                                                                                                                                                                                                                  
899       [filter [all_fanout -from [get_ports -scoped_to_current_instance clka] -flat -en  *                                                                                 [get_cells -hierarchical -filter {NAME =~ *doutb*reg*}]                           max_dpo=4        -                
          dpoints_only] IS_LEAF]                                                                                                                                                                                                                                                                  
901       [filter [all_fanout -from [get_ports -scoped_to_current_instance clka] -flat -en  *                                                                                 [get_cells -hierarchical -filter {NAME =~ *doutb*reg*}]                           max_dpo=4        -                
          dpoints_only] IS_LEAF]                                                                                                                                                                                                                                                                  
903       [filter [all_fanout -from [get_pins -filter REF_PIN_NAME=~wr_clk -of_objects [ge  *                                                                                 [get_cells -hierarchical -filter {NAME =~ *U_RD_FIFO*gdm.dm_gen.dm*/gpr1.dout_i_  false            false            
          t_cells -hierarchical -filter {NAME =~ "*SUBCORE_FIFO.*rdfifo_inst"}]] -flat -en                                                                                    reg*}]                                                                                                              
          dpoints_only] IS_LEAF]                                                                                                                                                                                                                                                                  
904       [get_cells -hierarchical -filter {NAME =~ "*BSCANID.u_xsdbm_id/CORE_XSDB.UUT_MAS  *                                                                                 [get_cells -hierarchical -filter {NAME =~ "*BSCANID.u_xsdbm_id/CORE_XSDB.UUT_MAS  max_dpo=50       -                
          TER/U_ICON_INTERFACE/U_CMD6_RD/U_RD_FIFO/SUBCORE_FIFO.xsdbm_v3_0_3_rdfifo_inst/i                                                                                    TER/U_ICON_INTERFACE/U_CMD6_RD/U_RD_FIFO/SUBCORE_FIFO.xsdbm_v3_0_3_rdfifo_inst/i                                    
          nst_fifo_gen/gconvfifo.rf/grf.rf/gntv_or_sync_fifo.gcx.clkx/*rd_pntr_gc_reg[*]"}                                                                                    nst_fifo_gen/gconvfifo.rf/grf.rf/gntv_or_sync_fifo.gcx.clkx/*gsync_stage[1].wr_s                                    
          ]                                                                                                                                                                   tg_inst/Q_reg_reg[*]"}]                                                                                             
906       [get_cells -hierarchical -filter {NAME =~ "*BSCANID.u_xsdbm_id/CORE_XSDB.UUT_MAS  *                                                                                 [get_cells -hierarchical -filter {NAME =~ "*BSCANID.u_xsdbm_id/CORE_XSDB.UUT_MAS  max_dpo=13.328   -                
          TER/U_ICON_INTERFACE/U_CMD6_RD/U_RD_FIFO/SUBCORE_FIFO.xsdbm_v3_0_3_rdfifo_inst/i                                                                                    TER/U_ICON_INTERFACE/U_CMD6_RD/U_RD_FIFO/SUBCORE_FIFO.xsdbm_v3_0_3_rdfifo_inst/i                                    
          nst_fifo_gen/gconvfifo.rf/grf.rf/gntv_or_sync_fifo.gcx.clkx/*wr_pntr_gc_reg[*]"}                                                                                    nst_fifo_gen/gconvfifo.rf/grf.rf/gntv_or_sync_fifo.gcx.clkx/*gsync_stage[1].rd_s                                    
          ]                                                                                                                                                                   tg_inst/Q_reg_reg[*]"}]                                                                                             
908       [filter [all_fanout -from [get_pins -filter REF_PIN_NAME=~wr_clk -of_objects [ge  *                                                                                 [get_cells -hierarchical -filter {NAME =~ *U_WR_FIFO*gdm.dm_gen.dm*/gpr1.dout_i_  false            false            
          t_cells -hierarchical -filter {NAME =~ "*SUBCORE_FIFO.*wrfifo_inst"}]] -flat -en                                                                                    reg*}]                                                                                                              
          dpoints_only] IS_LEAF]                                                                                                                                                                                                                                                                  
909       [get_cells -hierarchical -filter {NAME =~ "*BSCANID.u_xsdbm_id/CORE_XSDB.UUT_MAS  *                                                                                 [get_cells -hierarchical -filter {NAME =~ "*BSCANID.u_xsdbm_id/CORE_XSDB.UUT_MAS  max_dpo=13.328   -                
          TER/U_ICON_INTERFACE/U_CMD6_WR/U_WR_FIFO/SUBCORE_FIFO.xsdbm_v3_0_3_wrfifo_inst/i                                                                                    TER/U_ICON_INTERFACE/U_CMD6_WR/U_WR_FIFO/SUBCORE_FIFO.xsdbm_v3_0_3_wrfifo_inst/i                                    
          nst_fifo_gen/gconvfifo.rf/grf.rf/gntv_or_sync_fifo.gcx.clkx/*rd_pntr_gc_reg[*]"}                                                                                    nst_fifo_gen/gconvfifo.rf/grf.rf/gntv_or_sync_fifo.gcx.clkx/*gsync_stage[1].wr_s                                    
          ]                                                                                                                                                                   tg_inst/Q_reg_reg[*]"}]                                                                                             
911       [get_cells -hierarchical -filter {NAME =~ "*BSCANID.u_xsdbm_id/CORE_XSDB.UUT_MAS  *                                                                                 [get_cells -hierarchical -filter {NAME =~ "*BSCANID.u_xsdbm_id/CORE_XSDB.UUT_MAS  max_dpo=50       -                
          TER/U_ICON_INTERFACE/U_CMD6_WR/U_WR_FIFO/SUBCORE_FIFO.xsdbm_v3_0_3_wrfifo_inst/i                                                                                    TER/U_ICON_INTERFACE/U_CMD6_WR/U_WR_FIFO/SUBCORE_FIFO.xsdbm_v3_0_3_wrfifo_inst/i                                    
          nst_fifo_gen/gconvfifo.rf/grf.rf/gntv_or_sync_fifo.gcx.clkx/*wr_pntr_gc_reg[*]"}                                                                                    nst_fifo_gen/gconvfifo.rf/grf.rf/gntv_or_sync_fifo.gcx.clkx/*gsync_stage[1].rd_s                                    
          ]                                                                                                                                                                   tg_inst/Q_reg_reg[*]"}]                                                                                             
913       [get_cells -hierarchical -filter {NAME =~ "*BSCANID.u_xsdbm_id/CORE_XSDB.UUT_MAS  *                                                                                 [get_cells -hierarchical -filter {NAME =~ "*BSCANID.u_xsdbm_id/CORE_XSDB.UUT_MAS  false            false            
          TER/U_ICON_INTERFACE/icn_cmd_en_reg[5]"}]                                                                                                                           TER/U_ICON_INTERFACE/icn_cmd_en_5_temp_reg"}]                                                                       
914       [get_cells -hierarchical -filter {NAME =~ "*BSCANID.u_xsdbm_id/CORE_XSDB.UUT_MAS  *                                                                                 [get_cells -hierarchical -filter {NAME =~ "*BSCANID.u_xsdbm_id/CORE_XSDB.UUT_MAS  false            false            
          TER/U_ICON_INTERFACE/U_CMD1/icn_cmd_en_temp_reg"}]                                                                                                                  TER/U_ICON_INTERFACE/U_CMD1/ctl_reg_en_1_reg[0]"}]                                                                  
915       [get_cells -hierarchical -filter {NAME =~ "*BSCANID.u_xsdbm_id/CORE_XSDB.UUT_MAS  *                                                                                 [get_cells -hierarchical -filter {NAME =~ "*BSCANID.u_xsdbm_id/CORE_XSDB.UUT_MAS  false            false            
          TER/U_ICON_INTERFACE/U_CMD2/icn_cmd_en_temp_reg"}]                                                                                                                  TER/U_ICON_INTERFACE/U_CMD2/stat_reg_ld_reg[0]"}]                                                                   
916       [get_cells -hierarchical -filter {NAME =~ "*BSCANID.u_xsdbm_id/CORE_XSDB.UUT_MAS  *                                                                                 [get_cells -hierarchical -filter {NAME =~ "*BSCANID.u_xsdbm_id/CORE_XSDB.UUT_MAS  false            false            
          TER/U_ICON_INTERFACE/U_CMD3/icn_cmd_en_temp_reg"}]                                                                                                                  TER/U_ICON_INTERFACE/U_CMD3/stat_reg_ld_reg[0]"}]                                                                   
917       [get_cells -hierarchical -filter {NAME =~ "*BSCANID.u_xsdbm_id/CORE_XSDB.UUT_MAS  *                                                                                 [get_cells -hierarchical -filter {NAME =~ "*BSCANID.u_xsdbm_id/CORE_XSDB.UUT_MAS  false            false            
          TER/U_ICON_INTERFACE/U_CMD4/icn_cmd_en_temp_reg"}]                                                                                                                  TER/U_ICON_INTERFACE/U_CMD4/ctl_reg_en_1_reg[0]"}]                                                                  
918       [get_cells -hierarchical -filter {NAME =~ "*BSCANID.u_xsdbm_id/CORE_XSDB.UUT_MAS  *                                                                                 [get_cells -hierarchical -filter {NAME =~ "*BSCANID.u_xsdbm_id/CORE_XSDB.UUT_MAS  false            false            
          TER/U_ICON_INTERFACE/U_CMD5/icn_cmd_en_temp_reg"}]                                                                                                                  TER/U_ICON_INTERFACE/U_CMD5/ctl_reg_en_1_reg[0]"}]                                                                  
919       [get_cells -hierarchical -filter {NAME =~ "*BSCANID.u_xsdbm_id/CORE_XSDB.UUT_MAS  *                                                                                 [get_cells -hierarchical -filter {NAME =~ "*BSCANID.u_xsdbm_id/CORE_XSDB.UUT_MAS  false            false            
          TER/U_ICON_INTERFACE/U_CMD7_CTL/icn_cmd_en_temp_reg"}]                                                                                                              TER/U_ICON_INTERFACE/U_CMD7_CTL/ctl_reg_en_1_reg[0]"}]                                                              
920       [get_cells -hierarchical -filter {NAME =~ "*BSCANID.u_xsdbm_id/CORE_XSDB.UUT_MAS  *                                                                                 [get_cells -hierarchical -filter {NAME =~ "*BSCANID.u_xsdbm_id/CORE_XSDB.UUT_MAS  false            false            
          TER/U_ICON_INTERFACE/U_CMD7_CTL/shift_reg_in_reg[*]"}]                                                                                                              TER/U_ICON_INTERFACE/U_CMD7_CTL/ctl_reg_reg[*]"}]                                                                   
921       [get_cells -hierarchical -filter {NAME =~ "*BSCANID.u_xsdbm_id/CORE_XSDB.UUT_MAS  *                                                                                 [get_cells -hierarchical -filter {NAME =~ "*BSCANID.u_xsdbm_id/CORE_XSDB.UUT_MAS  false            false            
          TER/U_ICON_INTERFACE/U_CMD7_CTL/shift_reg_in_reg[0]"}]                                                                                                              TER/U_ICON_INTERFACE/U_CMD7_STAT/stat_reg_reg[0]"}]                                                                 
922       [get_cells -hierarchical -filter {NAME =~ "*BSCANID.u_xsdbm_id/CORE_XSDB.UUT_MAS  *                                                                                 [get_cells -hierarchical -filter {NAME =~ "*BSCANID.u_xsdbm_id/CORE_XSDB.UUT_MAS  false            false            
          TER/U_ICON_INTERFACE/U_CMD7_STAT/icn_cmd_en_temp_reg"}]                                                                                                             TER/U_ICON_INTERFACE/U_CMD7_STAT/stat_reg_ld_reg[0]"}]                                                              
923       [get_cells -hierarchical -filter {NAME =~ "*BSCANID.u_xsdbm_id/CORE_XSDB.UUT_MAS  *                                                                                 [get_cells -hierarchical -filter {NAME =~ "*BSCANID.u_xsdbm_id/CORE_XSDB.UUT_MAS  false            false            
          TER/U_ICON_INTERFACE/wrdata_rst_reg"}]                                                                                                                              TER/U_ICON_INTERFACE/U_CMD6_WR/U_WR_FIFO/SUBCORE_FIFO.xsdbm_v3_0_3_wrfifo_inst/i                                    
                                                                                                                                                                              nst_fifo_gen/gconvfifo.rf/grf.rf/rstblk/ngwrdrst.grst.g7serrst.rst_rd_reg1_reg"}                                    
                                                                                                                                                                              ]                                                                                                                   
924       [get_cells -hierarchical -filter {NAME =~ "*BSCANID.u_xsdbm_id/CORE_XSDB.UUT_MAS  *                                                                                 [get_cells -hierarchical -filter {NAME =~ "*BSCANID.u_xsdbm_id/CORE_XSDB.UUT_MAS  false            false            
          TER/U_ICON_INTERFACE/wrdata_rst_reg"}]                                                                                                                              TER/U_ICON_INTERFACE/U_CMD6_WR/U_WR_FIFO/SUBCORE_FIFO.xsdbm_v3_0_3_wrfifo_inst/i                                    
                                                                                                                                                                              nst_fifo_gen/gconvfifo.rf/grf.rf/rstblk/ngwrdrst.grst.g7serrst.rst_rd_reg2_reg"}                                    
                                                                                                                                                                              ]                                                                                                                   
925       [get_cells -hierarchical -filter {NAME =~ "*BSCANID.u_xsdbm_id/CORE_XSDB.UUT_MAS  *                                                                                 [get_cells -hierarchical -filter {NAME =~ "*BSCANID.u_xsdbm_id/CORE_XSDB.UUT_MAS  false            false            
          TER/U_ICON_INTERFACE/U_CMD4/shift_reg_in_reg[*]"}]                                                                                                                  TER/U_ICON_INTERFACE/U_CMD4/ctl_reg_reg[*]"}]                                                                       
926       [get_cells -hierarchical -filter {NAME =~ "*BSCANID.u_xsdbm_id/CORE_XSDB.UUT_MAS  *                                                                                 [get_cells -hierarchical -filter {NAME =~ "*BSCANID.u_xsdbm_id/CORE_XSDB.UUT_MAS  false            false            
          TER/U_ICON_INTERFACE/U_CMD1/shift_reg_in_reg[*]"}]                                                                                                                  TER/U_ICON_INTERFACE/U_CMD1/ctl_reg_reg[*]"}]                                                                       
927       [get_cells -hierarchical -filter {NAME =~ "*BSCANID.u_xsdbm_id/CORE_XSDB.UUT_MAS  *                                                                                 [get_cells -hierarchical -filter {NAME =~ "*BSCANID.u_xsdbm_id/CORE_XSDB.UUT_MAS  false            false            
          TER/U_ICON_INTERFACE/U_CMD5/shift_reg_in_reg[*]"}]                                                                                                                  TER/U_ICON_INTERFACE/U_CMD5/ctl_reg_reg[*]"}]                                                                       
928       [get_cells -hierarchical -filter {NAME =~ "*BSCANID.u_xsdbm_id/CORE_XSDB.UUT_MAS  *                                                                                 [get_cells -hierarchical -filter {NAME =~ "*BSCANID.u_xsdbm_id/CORE_XSDB.UUT_MAS  false            false            
          TER/U_ICON_INTERFACE/U_CMD1/ctl_reg_reg[0]"}]                                                                                                                       TER/U_ICON_INTERFACE/ma_rst_1_reg"}]                                                                                
929       [get_cells -hierarchical -filter {NAME =~ "*BSCANID.u_xsdbm_id/CORE_XSDB.UUT_MAS  *                                                                                 [get_cells -hierarchical -filter {NAME =~ "*BSCANID.u_xsdbm_id/CORE_XSDB.UUT_MAS  false            false            
          TER/U_ICON_INTERFACE/U_CMD2/stat_reg_reg[*]"}]                                                                                                                      TER/U_ICON_INTERFACE/U_CMD2/stat_reg_1_reg[*]"}]                                                                    
930       [get_cells -hierarchical -filter {NAME =~ "*BSCANID.u_xsdbm_id/CORE_XSDB.UUT_MAS  *                                                                                 [get_cells -hierarchical -filter {NAME =~ "*BSCANID.u_xsdbm_id/CORE_XSDB.UUT_MAS  false            false            
          TER/U_ICON_INTERFACE/U_CMD3/stat_reg_reg[*]"}]                                                                                                                      TER/U_ICON_INTERFACE/U_CMD3/stat_reg_1_reg[*]"}]                                                                    
931       [get_cells -hierarchical -filter {NAME =~ "*BSCANID.u_xsdbm_id/CORE_XSDB.UUT_MAS  *                                                                                 [get_cells -hierarchical -filter {NAME =~ "*BSCANID.u_xsdbm_id/CORE_XSDB.UUT_MAS  false            false            
          TER/U_ICON_INTERFACE/U_CMD7_STAT/stat_reg_reg[*]"}]                                                                                                                 TER/U_ICON_INTERFACE/U_CMD7_STAT/stat_reg_1_reg[*]"}]                                                               
932       [get_cells -hierarchical -filter {NAME =~ "*BSCANID.u_xsdbm_id/CORE_XSDB.UUT_MAS  *                                                                                 [get_cells -hierarchical -filter {NAME =~ "*BSCANID.u_xsdbm_id/CORE_XSDB.UUT_MAS  false            false            
          TER/U_ICON_INTERFACE/rddata_rst_reg"}]                                                                                                                              TER/U_ICON_INTERFACE/U_CMD6_RD/U_RD_FIFO/SUBCORE_FIFO.xsdbm_v3_0_3_rdfifo_inst/i                                    
                                                                                                                                                                              nst_fifo_gen/gconvfifo.rf/grf.rf/rstblk/ngwrdrst.grst.g7serrst.rst_rd_reg1_reg"}                                    
                                                                                                                                                                              ]                                                                                                                   
933       [get_cells -hierarchical -filter {NAME =~ "*BSCANID.u_xsdbm_id/CORE_XSDB.UUT_MAS  *                                                                                 [get_cells -hierarchical -filter {NAME =~ "*BSCANID.u_xsdbm_id/CORE_XSDB.UUT_MAS  false            false            
          TER/U_ICON_INTERFACE/rddata_rst_reg"}]                                                                                                                              TER/U_ICON_INTERFACE/U_CMD6_RD/U_RD_FIFO/SUBCORE_FIFO.xsdbm_v3_0_3_rdfifo_inst/i                                    
                                                                                                                                                                              nst_fifo_gen/gconvfifo.rf/grf.rf/rstblk/ngwrdrst.grst.g7serrst.rst_rd_reg2_reg"}                                    
                                                                                                                                                                              ]                                                                                                                   
934       [get_cells -hierarchical -filter {NAME =~ "*BSCANID.u_xsdbm_id/CORE_XSDB.UUT_MAS  *                                                                                 [get_cells -hierarchical -filter {NAME =~ "*BSCANID.u_xsdbm_id/CORE_XSDB.UUT_MAS  false            false            
          TER/U_ICON_INTERFACE/rddata_rst_reg"}]                                                                                                                              TER/U_ICON_INTERFACE/U_CMD6_RD/shift_reg_in_reg[*]"}]                                                               
935       [get_cells -hierarchical -filter {NAME =~ "*BSCANID.u_xsdbm_id/CORE_XSDB.UUT_MAS  *                                                                                 [get_cells -hierarchical -filter {NAME =~ "*BSCANID.u_xsdbm_id/CORE_XSDB.UUT_MAS  false            false            
          TER/U_ICON_INTERFACE/U_CMD1/ctl_reg_reg[0]"}]                                                                                                                       TER/U_ICON_INTERFACE/U_CMD4/shift_reg_in_reg[*]"}]                                                                  
936       [get_cells -hierarchical -filter {NAME =~ "*BSCANID.u_xsdbm_id/CORE_XSDB.UUT_MAS  *                                                                                 [get_cells -hierarchical -filter {NAME =~ "*BSCANID.u_xsdbm_id/CORE_XSDB.UUT_MAS  false            false            
          TER/U_ICON_INTERFACE/U_CMD1/ctl_reg_reg[0]"}]                                                                                                                       TER/U_ICON_INTERFACE/U_CMD5/shift_reg_in_reg[*]"}]                                                                  
937       [get_cells -hierarchical -filter {NAME =~ "*BSCANID.u_xsdbm_id/CORE_XSDB.UUT_MAS  *                                                                                 [get_cells -hierarchical -filter {NAME =~ "*BSCANID.u_xsdbm_id/CORE_XSDB.UUT_MAS  false            false            
          TER/U_ICON_INTERFACE/U_CMD1/ctl_reg_reg[0]"}]                                                                                                                       TER/U_ICON_INTERFACE/U_CMD7_CTL/shift_reg_in_reg[*]"}]                                                              
938       *                                                                                 *                                                                                 [get_pins -quiet -hierarchical -filter {NAME =~ */udma_wrapper/dma_top/user_rst_  false            false            
                                                                                                                                                                              *_reg*/CLR}]                                                                                                        
274       [get_clocks { pcie_refclk }]                                                                                                                                        [get_clocks { bd_i/xdma_0/inst/pcie4_ip_i/inst/bd_xdma_0_0_pcie4_ip_gt_top_i/dia  clock_group      clock_group      Non-existent path                                                                         
                                                                                                                                                                              blo_gt.diablo_gt_phy_wrapper/phy_clk_i/bufg_gt_intclk/O }]                                                          
274       [get_clocks { bd_i/xdma_0/inst/pcie4_ip_i/inst/bd_xdma_0_0_pcie4_ip_gt_top_i/dia                                                                                    [get_clocks { pcie_refclk }]                                                      clock_group      clock_group      
          blo_gt.diablo_gt_phy_wrapper/phy_clk_i/bufg_gt_intclk/O }]                                                                                                                                                                                                                              

