=== host: snoke  date: 2026-09-27T22:13:27-06:00
=== tree: 82e2ecb
=== cmd : bash -c source /home/cah/r2d2/sc2data/tools/Vivado/2024.2/settings64.sh >/dev/null && cd /tmp && exec vivado -mode batch -nojournal -nolog -source /home/cah/r2d2/code/fpga/fable5_llm/evidence/qwen9b/sr/sr10_mig_sweep.tcl
=== env : FABLE5_MODEL=unset
=== venv: /home/cah/.venv/bin/python (shipped venv (no interpreter named in cmd)): 3.12.3 numpy 2.4.6

****** Vivado v2024.2 (64-bit)
  **** SW Build 5239630 on Fri Nov 08 22:34:34 MST 2024
  **** IP Build 5239520 on Sun Nov 10 16:12:51 MST 2024
  **** SharedData Build 5239561 on Fri Nov 08 14:39:27 MST 2024
  **** Start of session at: Sun Sep 27 22:13:30 2026
    ** Copyright 1986-2022 Xilinx, Inc. All Rights Reserved.
    ** Copyright 2022-2024 Advanced Micro Devices, Inc. All Rights Reserved.

source /home/cah/r2d2/code/fpga/fable5_llm/evidence/qwen9b/sr/sr10_mig_sweep.tcl
# set root  [file normalize [file join [file dirname [info script]] ../../..]]
# set out   $root/synth/out_sr10_mig_probe_sweep
# set csv   $root/synth/constraints/BLS4G4D240FSB.csv
# if {[file exists $out]} {
#     puts "MIGS_REFUSE: $out exists — out dirs are never reused"
#     exit 2
# }
# file mkdir $out
# create_project sr10_mig_sweep $out/proj -part xcvu9p-fsgd2104-2L-e
create_project: Time (s): cpu = 00:00:11 ; elapsed = 00:00:12 . Memory (MB): peak = 1500.457 ; gain = 127.918 ; free physical = 48422 ; free virtual = 362224
# import_files -norecurse $csv
# set csv_file [lindex [get_files */BLS4G4D240FSB.csv] 0]
# set name ddr4_sweep
# create_ip -name ddr4 -vendor xilinx.com -library ip -version 2.2 -module_name $name
INFO: [IP_Flow 19-234] Refreshing IP repositories
INFO: [IP_Flow 19-1704] No user IP repositories specified
INFO: [IP_Flow 19-2313] Loaded Vivado IP repository '/home/cah/r2d2/sc2data/tools/Vivado/2024.2/data/ip'.
INFO: [Device 21-403] Loading part xcvu9p-fsgd2104-2L-e
create_ip: Time (s): cpu = 00:00:23 ; elapsed = 00:00:25 . Memory (MB): peak = 2786.605 ; gain = 1286.148 ; free physical = 47079 ; free virtual = 360888
# set ip [get_ips $name]
# set lo 833
# set hi 940
# if {[info exists ::env(SR10_SWEEP_LO)]} { set lo $::env(SR10_SWEEP_LO) }
# if {[info exists ::env(SR10_SWEEP_HI)]} { set hi $::env(SR10_SWEEP_HI) }
# puts "MIGS_RANGE: $lo..$hi"
MIGS_RANGE: 833..940
# set nacc 0
# set nref 0
# set acc_list [list]
# for {set P $lo} {$P <= $hi} {incr P} {
#     set cfg [list \
#         CONFIG.C0.DDR4_TimePeriod $P \
#         CONFIG.C0.DDR4_InputClockPeriod 3332 \
#         CONFIG.C0.DDR4_CustomParts $csv_file \
#         CONFIG.C0.DDR4_isCustom true \
#         CONFIG.C0.DDR4_MemoryType UDIMMs \
#         CONFIG.C0.DDR4_MemoryPart BLS4G4D240FSB-2400 \
#         CONFIG.C0.DDR4_DataWidth 64 \
#         CONFIG.C0.DDR4_AxiSelection true]
#     set t0 [clock milliseconds]
#     set ok [expr {![catch {set_property -dict $cfg $ip} err]}]
#     set t1 [clock milliseconds]
#     set rb [list]
#     foreach p {TimePeriod InputClockPeriod MemoryPart CLKFBOUT_MULT DIVCLK_DIVIDE CLKOUT0_DIVIDE CasLatency CasWriteLatency} {
#         set v "?"; catch {set v [get_property CONFIG.C0.DDR4_$p $ip]}
#         lappend rb "$p=$v"
#     }
#     set held [expr {$ok && [get_property CONFIG.C0.DDR4_TimePeriod $ip] == $P \
#                         && [get_property CONFIG.C0.DDR4_InputClockPeriod $ip] == 3332 \
#                         && [get_property CONFIG.C0.DDR4_MemoryPart $ip] eq "BLS4G4D240FSB-2400"}]
#     set cut [expr {100.0 * (1.0 - 833.0 / $P)}]
#     set ui  [expr {1.0e6 / (4.0 * $P)}]
#     if {$held} {
#         incr nacc; lappend acc_list $P
#         set m [get_property CONFIG.C0.DDR4_CLKFBOUT_MULT $ip]
#         set d [get_property CONFIG.C0.DDR4_DIVCLK_DIVIDE $ip]
#         set o [get_property CONFIG.C0.DDR4_CLKOUT0_DIVIDE $ip]
#         # MMCM CLKOUT0 from the 3332 ps refclk: 3332 * D * O / M (ps); VCO = M/(D*3332 ps)
#         set mmcm_ps [expr {3332.0 * $d * $o / $m}]
#         set vco [expr {1.0e6 * $m / ($d * 3332.0)}]
#         puts [format "MIGS_ROW: P=%4d cut=%6.3f% UI(1/4P)=%8.3fMHz ACCEPTED M=%s D=%s O=%s mmcm_clkout0=%.3fps(=%.3fMHz) 4P=%d vco=%.1fMHz t=%dms | %s" \
#               $P $cut $ui $m $d $o $mmcm_ps [expr {1.0e6/$mmcm_ps}] [expr {4*$P}] $vco [expr {$t1-$t0}] [join $rb " "]]
#     } else {
#         incr nref
#         set near "-"
#         # the refusal text is in the Vivado log line just printed; the Tcl
#         # error string only says "failed due to earlier errors", so the
#         # 19-3461 message is recovered from the log by the gate doc's grep.
#         puts [format "MIGS_ROW: P=%4d cut=%6.3f% UI(1/4P)=%8.3fMHz REFUSED set_ok=%d t=%dms err={%s} | holds: %s" \
#               $P $cut $ui $ok [expr {$t1-$t0}] [string map {\n " | "} $err] [join $rb " "]]
#     }
# }
INFO: [IP_Flow 19-3484] Absolute path of file '/home/cah/r2d2/code/fpga/fable5_llm/synth/out_sr10_mig_probe_sweep/proj/sr10_mig_sweep.srcs/sources_1/imports/constraints/BLS4G4D240FSB.csv' provided. It will be converted relative to IP Instance files '../../imports/constraints/BLS4G4D240FSB.csv'
create_bd_cell: Time (s): cpu = 00:00:07 ; elapsed = 00:00:07 . Memory (MB): peak = 2928.270 ; gain = 56.445 ; free physical = 47047 ; free virtual = 360898
WARNING: [BD 5-699] No address segments matched 'get_bd_addr_segs -of_object /ilmb_cntlr/SLMB/Mem'
WARNING: [BD 5-699] No address segments matched 'get_bd_addr_segs -of_object /second_ilmb_cntlr/SLMB/Mem'
WARNING: [BD 5-699] No address segments matched 'get_bd_addr_segs -of_object /dlmb_cntlr/SLMB/Mem'
WARNING: [BD 5-699] No address segments matched 'get_bd_addr_segs -of_object /second_dlmb_cntlr/SLMB/Mem'
WARNING: [BD 5-699] No address segments matched 'get_bd_addr_segs -of_object /iomodule_0/SLMB/Reg'
WARNING: [BD 5-699] No address segments matched 'get_bd_addr_segs -of_object /iomodule_0/SLMB/IO'
INFO: [xilinx.com:ip:microblaze:11.0-9] /microblaze_I: Setting C_BASE_VECTORS to 0x00000000.
WARNING: [filemgmt 56-443] The ECC Algorithm string is empty. Setting the Memory Map to default ECC value to ECC_NONE.
WARNING: [filemgmt 56-443] The ECC Algorithm string is empty. Setting the Memory Map to default ECC value to ECC_NONE.
MIGS_ROW: P= 833 cut= 0.000% UI(1/4P)= 300.120MHz ACCEPTED M=5 D=1 O=5 mmcm_clkout0=3332.000ps(=300.120MHz) 4P=3332 vco=1500.6MHz t=16426ms | TimePeriod=833 InputClockPeriod=3332 MemoryPart=BLS4G4D240FSB-2400 CLKFBOUT_MULT=5 DIVCLK_DIVIDE=1 CLKOUT0_DIVIDE=5 CasLatency=16 CasWriteLatency=12
INFO: [IP_Flow 19-3484] Absolute path of file '/home/cah/r2d2/code/fpga/fable5_llm/synth/out_sr10_mig_probe_sweep/proj/sr10_mig_sweep.srcs/sources_1/imports/constraints/BLS4G4D240FSB.csv' provided. It will be converted relative to IP Instance files '../../imports/constraints/BLS4G4D240FSB.csv'
INFO: [IP_Flow 19-3484] Absolute path of file '/home/cah/r2d2/code/fpga/fable5_llm/synth/out_sr10_mig_probe_sweep/proj/sr10_mig_sweep.srcs/sources_1/imports/constraints/BLS4G4D240FSB.csv' provided. It will be converted relative to IP Instance files '../../imports/constraints/BLS4G4D240FSB.csv'
ERROR: [IP_Flow 19-3461] Value '3332' is out of the range for parameter 'C0.DDR4 InputClockPeriod(C0.DDR4_InputClockPeriod)' for IP 'ddr4_sweep' . Valid values are - 14179, 14178, 14012, 14011, 13344, 13343, 12677, 12676, 12511, 12510, 12011, 12010, 12009, 11677, 11676, 11675, 11343, 11342, 10843, 10842, 10676, 10675, 10009, 10008, 10007, 9342, 9341, 9340, 9174, 9173, 8675, 8674, 8673, 8341, 8340, 8339, 8007, 8006, 7507, 7506, 7505, 7340, 7339, 7338, 7090, 7089, 7006, 7005, 6672, 6671, 6339, 6338, 6256, 6255, 6006, 6005, 6004, 5839, 5838, 5837, 5672, 5671, 5422, 5421, 5339, 5338, 5337, 5005, 5004, 5003, 4727, 4726, 4671, 4670, 4669, 4587, 4586, 4449, 4448, 4447, 4338, 4337, 4336, 4226, 4225, 4171, 4170, 4169, 4077, 4076, 4004, 4003, 3893, 3892, 3891, 3782, 3781, 3780, 3754, 3753, 3752, 3707, 3706, 3671, 3670, 3669, 3614, 3613, 3559, 3558, 3545, 3544, 3503, 3502, 3336, 3335, 3170, 3169, 3128, 3127, 3115, 3114, 3113, 3059, 3058, 3057, 3003, 3002, 3001, 2966, 2965, 2920, 2919, 2918, 2892, 2891, 2836, 2835, 2803, 2802, 2801, 2781, 2780, 2779, 2711, 2710, 2670, 2669, 2668, 2596, 2595, 2536, 2535, 2503, 2502, 2501, 2447, 2446, 2445, 2403, 2402, 2401, 2364, 2363, 2336, 2335, 2334, 2294, 2293, 2269, 2268, 2225, 2224, 2223, 2169, 2168, 2136, 2135, 2113, 2112, 2086, 2085, 2084, 2026, 2025, 2003, 2002, 2001, 1946, 1945, 1907, 1906, 1891, 1890, 1877, 1876, 1869, 1868, 1867, 1836, 1835, 1834, 1812, 1811, 1810, 1807, 1806, 1788, 1787, 1780, 1779, 1773, 1772, 1752, 1751, 1735, 1734, 1716, 1715, 1668, 1667, 1621, 1620, 1602, 1601, 1585, 1584, 1576, 1575, 1564, 1563, 1558, 1557, 1556, 1549, 1548, 1530, 1529, 1526, 1525, 1524, 1502, 1501, 1483, 1482, 1468, 1467, 1460, 1459, 1446, 1445, 1430, 1429, 1418, 1417, 1409, 1408, 1402, 1401, 1391, 1390, 1389, 1356, 1355, 1335, 1334, 1311, 1310, 1298, 1297
INFO: [IP_Flow 19-3438] Customization errors found on 'ddr4_sweep'. Restoring to previous valid configuration.
INFO: [Common 17-17] undo 'set_property'
MIGS_ROW: P= 834 cut= 0.120% UI(1/4P)= 299.760MHz REFUSED set_ok=0 t=7861ms err={ERROR: [Common 17-39] 'set_property' failed due to earlier errors. | } | holds: TimePeriod=833 InputClockPeriod=3332 MemoryPart=BLS4G4D240FSB-2400 CLKFBOUT_MULT=5 DIVCLK_DIVIDE=1 CLKOUT0_DIVIDE=5 CasLatency=16 CasWriteLatency=12
INFO: [IP_Flow 19-3484] Absolute path of file '/home/cah/r2d2/code/fpga/fable5_llm/synth/out_sr10_mig_probe_sweep/proj/sr10_mig_sweep.srcs/sources_1/imports/constraints/BLS4G4D240FSB.csv' provided. It will be converted relative to IP Instance files '../../imports/constraints/BLS4G4D240FSB.csv'
INFO: [IP_Flow 19-3484] Absolute path of file '/home/cah/r2d2/code/fpga/fable5_llm/synth/out_sr10_mig_probe_sweep/proj/sr10_mig_sweep.srcs/sources_1/imports/constraints/BLS4G4D240FSB.csv' provided. It will be converted relative to IP Instance files '../../imports/constraints/BLS4G4D240FSB.csv'
ERROR: [IP_Flow 19-3461] Value '3332' is out of the range for parameter 'C0.DDR4 InputClockPeriod(C0.DDR4_InputClockPeriod)' for IP 'ddr4_sweep' . Valid values are - 14196, 14195, 14194, 14029, 14028, 14027, 13361, 13360, 12693, 12692, 12526, 12525, 12025, 12024, 12023, 11691, 11690, 11357, 11356, 10856, 10855, 10689, 10688, 10021, 10020, 10019, 9353, 9352, 9351, 9186, 9185, 8685, 8684, 8351, 8350, 8349, 8017, 8016, 7516, 7515, 7514, 7349, 7348, 7099, 7098, 7097, 7015, 7014, 7013, 6681, 6680, 6347, 6346, 6263, 6262, 6013, 6012, 6011, 5846, 5845, 5679, 5678, 5428, 5427, 5345, 5344, 5011, 5010, 5009, 4733, 4732, 4731, 4677, 4676, 4675, 4593, 4592, 4454, 4453, 4343, 4342, 4232, 4231, 4230, 4176, 4175, 4174, 4009, 4008, 3898, 3897, 3896, 3786, 3785, 3784, 3758, 3757, 3756, 3675, 3674, 3619, 3618, 3617, 3564, 3563, 3562, 3550, 3549, 3548, 3508, 3507, 3506, 3341, 3340, 3174, 3173, 3132, 3131, 3130, 3118, 3117, 3063, 3062, 3061, 3007, 3006, 3005, 2924, 2923, 2922, 2895, 2894, 2840, 2839, 2806, 2805, 2784, 2783, 2714, 2713, 2673, 2672, 2599, 2598, 2539, 2538, 2506, 2505, 2504, 2450, 2449, 2406, 2405, 2404, 2367, 2366, 2365, 2339, 2338, 2337, 2297, 2296, 2272, 2271, 2270, 2227, 2226, 2172, 2171, 2138, 2137, 2116, 2115, 2088, 2087, 2028, 2027, 2005, 2004, 1949, 1948, 1909, 1908, 1893, 1892, 1879, 1878, 1871, 1870, 1838, 1837, 1814, 1813, 1810, 1809, 1790, 1789, 1782, 1781, 1775, 1774, 1754, 1753, 1737, 1736, 1718, 1717, 1671, 1670, 1623, 1622, 1604, 1603, 1587, 1586, 1578, 1577, 1566, 1565, 1559, 1558, 1551, 1550, 1531, 1530, 1527, 1526, 1504, 1503, 1502, 1485, 1484, 1470, 1469, 1462, 1461, 1448, 1447, 1432, 1431, 1420, 1419, 1411, 1410, 1403, 1402, 1392, 1391, 1357, 1356, 1337, 1336, 1313, 1312, 1299, 1298, 1291, 1290
INFO: [IP_Flow 19-3438] Customization errors found on 'ddr4_sweep'. Restoring to previous valid configuration.
INFO: [Common 17-17] undo 'set_property'
MIGS_ROW: P= 835 cut= 0.240% UI(1/4P)= 299.401MHz REFUSED set_ok=0 t=7887ms err={ERROR: [Common 17-39] 'set_property' failed due to earlier errors. | } | holds: TimePeriod=833 InputClockPeriod=3332 MemoryPart=BLS4G4D240FSB-2400 CLKFBOUT_MULT=5 DIVCLK_DIVIDE=1 CLKOUT0_DIVIDE=5 CasLatency=16 CasWriteLatency=12
INFO: [IP_Flow 19-3484] Absolute path of file '/home/cah/r2d2/code/fpga/fable5_llm/synth/out_sr10_mig_probe_sweep/proj/sr10_mig_sweep.srcs/sources_1/imports/constraints/BLS4G4D240FSB.csv' provided. It will be converted relative to IP Instance files '../../imports/constraints/BLS4G4D240FSB.csv'
INFO: [IP_Flow 19-3484] Absolute path of file '/home/cah/r2d2/code/fpga/fable5_llm/synth/out_sr10_mig_probe_sweep/proj/sr10_mig_sweep.srcs/sources_1/imports/constraints/BLS4G4D240FSB.csv' provided. It will be converted relative to IP Instance files '../../imports/constraints/BLS4G4D240FSB.csv'
ERROR: [IP_Flow 19-3461] Value '3332' is out of the range for parameter 'C0.DDR4 InputClockPeriod(C0.DDR4_InputClockPeriod)' for IP 'ddr4_sweep' . Valid values are - 14213, 14212, 14211, 14046, 14045, 14044, 13377, 13376, 12708, 12707, 12706, 12541, 12540, 12539, 12039, 12038, 11705, 11704, 11703, 11371, 11370, 11369, 10869, 10868, 10867, 10701, 10700, 10033, 10032, 10031, 9364, 9363, 9362, 9197, 9196, 9195, 8695, 8694, 8361, 8360, 8359, 8027, 8026, 8025, 7525, 7524, 7523, 7357, 7356, 7107, 7106, 7105, 7023, 7022, 7021, 6689, 6688, 6354, 6353, 6271, 6270, 6269, 6020, 6019, 5853, 5852, 5851, 5686, 5685, 5684, 5435, 5434, 5433, 5351, 5350, 5349, 5017, 5016, 5015, 4738, 4737, 4736, 4682, 4681, 4599, 4598, 4597, 4459, 4458, 4348, 4347, 4237, 4236, 4235, 4181, 4180, 4179, 4014, 4013, 4012, 3902, 3901, 3791, 3790, 3789, 3763, 3762, 3761, 3716, 3715, 3679, 3678, 3677, 3624, 3623, 3622, 3568, 3567, 3566, 3554, 3553, 3552, 3512, 3511, 3510, 3345, 3344, 3177, 3176, 3136, 3135, 3134, 3122, 3121, 3120, 3066, 3065, 3064, 3010, 3009, 2973, 2972, 2927, 2926, 2925, 2899, 2898, 2843, 2842, 2810, 2809, 2808, 2788, 2787, 2786, 2718, 2717, 2716, 2676, 2675, 2674, 2542, 2541, 2509, 2508, 2507, 2453, 2452, 2451, 2408, 2407, 2369, 2368, 2341, 2340, 2300, 2299, 2298, 2275, 2274, 2273, 2230, 2229, 2228, 2174, 2173, 2141, 2140, 2139, 2119, 2118, 2117, 2091, 2090, 2089, 2031, 2030, 2007, 2006, 1951, 1950, 1911, 1910, 1896, 1895, 1894, 1882, 1881, 1873, 1872, 1858, 1857, 1840, 1839, 1838, 1816, 1815, 1812, 1811, 1792, 1791, 1784, 1783, 1777, 1776, 1756, 1755, 1739, 1738, 1720, 1719, 1673, 1672, 1625, 1624, 1606, 1605, 1604, 1589, 1588, 1580, 1579, 1568, 1567, 1561, 1560, 1553, 1552, 1533, 1532, 1529, 1528, 1505, 1504, 1487, 1486, 1472, 1471, 1464, 1463, 1450, 1449, 1434, 1433, 1422, 1421, 1412, 1411, 1405, 1404, 1394, 1393, 1359, 1358, 1338, 1337, 1314, 1313, 1301, 1300, 1293, 1292, 1291
INFO: [IP_Flow 19-3438] Customization errors found on 'ddr4_sweep'. Restoring to previous valid configuration.
INFO: [Common 17-17] undo 'set_property'
MIGS_ROW: P= 836 cut= 0.359% UI(1/4P)= 299.043MHz REFUSED set_ok=0 t=7849ms err={ERROR: [Common 17-39] 'set_property' failed due to earlier errors. | } | holds: TimePeriod=833 InputClockPeriod=3332 MemoryPart=BLS4G4D240FSB-2400 CLKFBOUT_MULT=5 DIVCLK_DIVIDE=1 CLKOUT0_DIVIDE=5 CasLatency=16 CasWriteLatency=12
INFO: [IP_Flow 19-3484] Absolute path of file '/home/cah/r2d2/code/fpga/fable5_llm/synth/out_sr10_mig_probe_sweep/proj/sr10_mig_sweep.srcs/sources_1/imports/constraints/BLS4G4D240FSB.csv' provided. It will be converted relative to IP Instance files '../../imports/constraints/BLS4G4D240FSB.csv'
INFO: [IP_Flow 19-3484] Absolute path of file '/home/cah/r2d2/code/fpga/fable5_llm/synth/out_sr10_mig_probe_sweep/proj/sr10_mig_sweep.srcs/sources_1/imports/constraints/BLS4G4D240FSB.csv' provided. It will be converted relative to IP Instance files '../../imports/constraints/BLS4G4D240FSB.csv'
ERROR: [IP_Flow 19-3461] Value '3332' is out of the range for parameter 'C0.DDR4 InputClockPeriod(C0.DDR4_InputClockPeriod)' for IP 'ddr4_sweep' . Valid values are - 14230, 14229, 14062, 14061, 13392, 13391, 12723, 12722, 12721, 12555, 12554, 12054, 12053, 12052, 11718, 11717, 11384, 11383, 11382, 10881, 10880, 10714, 10713, 10044, 10043, 9375, 9374, 9373, 9207, 9206, 8705, 8704, 8371, 8370, 8369, 8036, 8035, 7533, 7532, 7366, 7365, 7115, 7114, 7031, 7030, 6696, 6695, 6362, 6361, 6360, 6278, 6277, 6027, 6026, 5859, 5858, 5693, 5692, 5691, 5441, 5440, 5439, 5357, 5356, 5022, 5021, 4744, 4743, 4742, 4688, 4687, 4686, 4604, 4603, 4465, 4464, 4463, 4353, 4352, 4351, 4242, 4241, 4240, 4186, 4185, 4184, 4019, 4018, 4017, 3906, 3905, 3795, 3794, 3793, 3767, 3766, 3683, 3682, 3627, 3626, 3572, 3571, 3558, 3557, 3556, 3516, 3515, 3514, 3348, 3347, 3181, 3180, 3140, 3139, 3138, 3125, 3124, 3069, 3068, 3014, 3013, 2930, 2929, 2928, 2903, 2902, 2901, 2847, 2846, 2845, 2813, 2812, 2790, 2789, 2721, 2720, 2719, 2679, 2678, 2545, 2544, 2511, 2510, 2456, 2455, 2411, 2410, 2372, 2371, 2345, 2344, 2343, 2302, 2301, 2277, 2276, 2233, 2232, 2231, 2177, 2176, 2175, 2143, 2142, 2121, 2120, 2093, 2092, 2091, 2033, 2032, 2010, 2009, 2008, 1953, 1952, 1914, 1913, 1898, 1897, 1884, 1883, 1876, 1875, 1874, 1842, 1841, 1818, 1817, 1814, 1813, 1794, 1793, 1786, 1785, 1779, 1778, 1758, 1757, 1741, 1740, 1722, 1721, 1674, 1673, 1627, 1626, 1608, 1607, 1591, 1590, 1582, 1581, 1580, 1570, 1569, 1563, 1562, 1555, 1554, 1535, 1534, 1531, 1530, 1507, 1506, 1488, 1487, 1474, 1473, 1465, 1464, 1451, 1450, 1435, 1434, 1423, 1422, 1414, 1413, 1407, 1406, 1395, 1394, 1361, 1360, 1340, 1339, 1316, 1315, 1303, 1302, 1301, 1294, 1293
INFO: [IP_Flow 19-3438] Customization errors found on 'ddr4_sweep'. Restoring to previous valid configuration.
INFO: [Common 17-17] undo 'set_property'
MIGS_ROW: P= 837 cut= 0.478% UI(1/4P)= 298.686MHz REFUSED set_ok=0 t=7857ms err={ERROR: [Common 17-39] 'set_property' failed due to earlier errors. | } | holds: TimePeriod=833 InputClockPeriod=3332 MemoryPart=BLS4G4D240FSB-2400 CLKFBOUT_MULT=5 DIVCLK_DIVIDE=1 CLKOUT0_DIVIDE=5 CasLatency=16 CasWriteLatency=12
INFO: [IP_Flow 19-3484] Absolute path of file '/home/cah/r2d2/code/fpga/fable5_llm/synth/out_sr10_mig_probe_sweep/proj/sr10_mig_sweep.srcs/sources_1/imports/constraints/BLS4G4D240FSB.csv' provided. It will be converted relative to IP Instance files '../../imports/constraints/BLS4G4D240FSB.csv'
INFO: [IP_Flow 19-3484] Absolute path of file '/home/cah/r2d2/code/fpga/fable5_llm/synth/out_sr10_mig_probe_sweep/proj/sr10_mig_sweep.srcs/sources_1/imports/constraints/BLS4G4D240FSB.csv' provided. It will be converted relative to IP Instance files '../../imports/constraints/BLS4G4D240FSB.csv'
ERROR: [IP_Flow 19-3461] Value '3332' is out of the range for parameter 'C0.DDR4 InputClockPeriod(C0.DDR4_InputClockPeriod)' for IP 'ddr4_sweep' . Valid values are - 14247, 14246, 14245, 14079, 14078, 13409, 13408, 12739, 12738, 12737, 12571, 12570, 12569, 12068, 12067, 11398, 11397, 11396, 10895, 10894, 10727, 10726, 10057, 10056, 10055, 9387, 9386, 9385, 9219, 9218, 8939, 8938, 8716, 8715, 8045, 8044, 7543, 7542, 7375, 7374, 7124, 7123, 7122, 7040, 7039, 6705, 6704, 6703, 6370, 6369, 6368, 6286, 6285, 6284, 6035, 6034, 6033, 5867, 5866, 5865, 5699, 5698, 5697, 5448, 5447, 5364, 5363, 5029, 5028, 5027, 4749, 4748, 4694, 4693, 4692, 4610, 4609, 4470, 4469, 4358, 4357, 4247, 4246, 4245, 4191, 4190, 4023, 4022, 4021, 3911, 3910, 3799, 3798, 3772, 3771, 3725, 3724, 3723, 3688, 3687, 3632, 3631, 3576, 3575, 3562, 3561, 3520, 3519, 3353, 3352, 3351, 3185, 3184, 3143, 3142, 3130, 3129, 3128, 3073, 3072, 3018, 3017, 3016, 2981, 2980, 2934, 2933, 2932, 2906, 2905, 2850, 2849, 2848, 2816, 2815, 2793, 2792, 2724, 2723, 2682, 2681, 2608, 2607, 2548, 2547, 2515, 2514, 2513, 2459, 2458, 2457, 2414, 2413, 2375, 2374, 2347, 2346, 2305, 2304, 2280, 2279, 2235, 2234, 2179, 2178, 2146, 2145, 2124, 2123, 2122, 2096, 2095, 2036, 2035, 2012, 2011, 2010, 1956, 1955, 1916, 1915, 1900, 1899, 1886, 1885, 1878, 1877, 1876, 1863, 1862, 1861, 1844, 1843, 1820, 1819, 1816, 1815, 1796, 1795, 1788, 1787, 1781, 1780, 1760, 1759, 1744, 1743, 1725, 1724, 1723, 1677, 1676, 1675, 1629, 1628, 1610, 1609, 1608, 1597, 1596, 1593, 1592, 1583, 1582, 1572, 1571, 1565, 1564, 1557, 1556, 1537, 1536, 1533, 1532, 1509, 1508, 1491, 1490, 1489, 1475, 1474, 1467, 1466, 1453, 1452, 1437, 1436, 1425, 1424, 1416, 1415, 1408, 1407, 1397, 1396, 1362, 1361, 1341, 1340, 1317, 1316, 1296, 1295
INFO: [IP_Flow 19-3438] Customization errors found on 'ddr4_sweep'. Restoring to previous valid configuration.
INFO: [Common 17-17] undo 'set_property'
MIGS_ROW: P= 838 cut= 0.597% UI(1/4P)= 298.329MHz REFUSED set_ok=0 t=7630ms err={ERROR: [Common 17-39] 'set_property' failed due to earlier errors. | } | holds: TimePeriod=833 InputClockPeriod=3332 MemoryPart=BLS4G4D240FSB-2400 CLKFBOUT_MULT=5 DIVCLK_DIVIDE=1 CLKOUT0_DIVIDE=5 CasLatency=16 CasWriteLatency=12
INFO: [IP_Flow 19-3484] Absolute path of file '/home/cah/r2d2/code/fpga/fable5_llm/synth/out_sr10_mig_probe_sweep/proj/sr10_mig_sweep.srcs/sources_1/imports/constraints/BLS4G4D240FSB.csv' provided. It will be converted relative to IP Instance files '../../imports/constraints/BLS4G4D240FSB.csv'
INFO: [IP_Flow 19-3484] Absolute path of file '/home/cah/r2d2/code/fpga/fable5_llm/synth/out_sr10_mig_probe_sweep/proj/sr10_mig_sweep.srcs/sources_1/imports/constraints/BLS4G4D240FSB.csv' provided. It will be converted relative to IP Instance files '../../imports/constraints/BLS4G4D240FSB.csv'
ERROR: [IP_Flow 19-3461] Value '3332' is out of the range for parameter 'C0.DDR4 InputClockPeriod(C0.DDR4_InputClockPeriod)' for IP 'ddr4_sweep' . Valid values are - 14263, 14262, 14096, 14095, 13424, 13423, 12753, 12752, 12586, 12585, 12584, 12083, 12082, 12081, 11747, 11746, 11745, 11411, 11410, 10907, 10906, 10740, 10739, 10069, 10068, 10067, 9398, 9397, 9396, 9229, 9228, 8727, 8726, 8725, 8391, 8390, 8389, 8055, 8054, 7552, 7551, 7550, 7384, 7383, 7132, 7131, 7130, 7049, 7048, 7047, 6712, 6711, 6377, 6376, 6375, 6293, 6292, 6042, 6041, 6040, 5874, 5873, 5872, 5706, 5705, 5454, 5453, 5452, 5370, 5369, 5035, 5034, 5033, 4755, 4754, 4753, 4699, 4698, 4697, 4615, 4614, 4613, 4476, 4475, 4474, 4364, 4363, 4362, 4251, 4250, 4196, 4195, 4194, 4028, 4027, 3916, 3915, 3804, 3803, 3802, 3777, 3776, 3775, 3774, 3693, 3692, 3691, 3637, 3636, 3635, 3580, 3579, 3567, 3566, 3565, 3525, 3524, 3523, 3356, 3355, 3189, 3188, 3187, 3147, 3146, 3133, 3132, 3077, 3076, 3075, 3021, 3020, 2937, 2936, 2935, 2910, 2909, 2908, 2853, 2852, 2820, 2819, 2798, 2797, 2796, 2727, 2726, 2685, 2684, 2611, 2610, 2551, 2550, 2518, 2517, 2516, 2462, 2461, 2460, 2417, 2416, 2378, 2377, 2376, 2350, 2349, 2348, 2308, 2307, 2306, 2283, 2282, 2281, 2238, 2237, 2236, 2182, 2181, 2149, 2148, 2147, 2126, 2125, 2099, 2098, 2097, 2096, 2038, 2037, 2015, 2014, 2013, 1958, 1957, 1918, 1917, 1902, 1901, 1888, 1887, 1880, 1879, 1847, 1846, 1845, 1822, 1821, 1818, 1817, 1798, 1797, 1790, 1789, 1783, 1782, 1763, 1762, 1761, 1759, 1758, 1746, 1745, 1744, 1727, 1726, 1725, 1678, 1677, 1631, 1630, 1629, 1611, 1610, 1599, 1598, 1595, 1594, 1593, 1585, 1584, 1574, 1573, 1567, 1566, 1559, 1558, 1539, 1538, 1535, 1534, 1511, 1510, 1492, 1491, 1477, 1476, 1469, 1468, 1455, 1454, 1439, 1438, 1427, 1426, 1417, 1416, 1410, 1409, 1399, 1398, 1364, 1363, 1343, 1342, 1319, 1318, 1306, 1305, 1297, 1296
INFO: [IP_Flow 19-3438] Customization errors found on 'ddr4_sweep'. Restoring to previous valid configuration.
INFO: [Common 17-17] undo 'set_property'
MIGS_ROW: P= 839 cut= 0.715% UI(1/4P)= 297.974MHz REFUSED set_ok=0 t=7781ms err={ERROR: [Common 17-39] 'set_property' failed due to earlier errors. | } | holds: TimePeriod=833 InputClockPeriod=3332 MemoryPart=BLS4G4D240FSB-2400 CLKFBOUT_MULT=5 DIVCLK_DIVIDE=1 CLKOUT0_DIVIDE=5 CasLatency=16 CasWriteLatency=12
INFO: [IP_Flow 19-3484] Absolute path of file '/home/cah/r2d2/code/fpga/fable5_llm/synth/out_sr10_mig_probe_sweep/proj/sr10_mig_sweep.srcs/sources_1/imports/constraints/BLS4G4D240FSB.csv' provided. It will be converted relative to IP Instance files '../../imports/constraints/BLS4G4D240FSB.csv'
INFO: [IP_Flow 19-3484] Absolute path of file '/home/cah/r2d2/code/fpga/fable5_llm/synth/out_sr10_mig_probe_sweep/proj/sr10_mig_sweep.srcs/sources_1/imports/constraints/BLS4G4D240FSB.csv' provided. It will be converted relative to IP Instance files '../../imports/constraints/BLS4G4D240FSB.csv'
ERROR: [IP_Flow 19-3461] Value '3332' is out of the range for parameter 'C0.DDR4 InputClockPeriod(C0.DDR4_InputClockPeriod)' for IP 'ddr4_sweep' . Valid values are - 14281, 14280, 14279, 14112, 14111, 13440, 13439, 12769, 12768, 12600, 12599, 12096, 12095, 11761, 11760, 11759, 11425, 11424, 10921, 10920, 10919, 10753, 10752, 10081, 10080, 10079, 9408, 9407, 9241, 9240, 9239, 8737, 8736, 8401, 8400, 8399, 8065, 8064, 7561, 7560, 7392, 7391, 7141, 7140, 7139, 7056, 7055, 6720, 6719, 6385, 6384, 6300, 6299, 6048, 6047, 5881, 5880, 5879, 5713, 5712, 5461, 5460, 5459, 5377, 5376, 5375, 5041, 5040, 5039, 4761, 4760, 4759, 4704, 4703, 4621, 4620, 4619, 4481, 4480, 4479, 4369, 4368, 4257, 4256, 4201, 4200, 4199, 4108, 4107, 4033, 4032, 4031, 3921, 3920, 3919, 3809, 3808, 3781, 3780, 3733, 3732, 3696, 3695, 3640, 3639, 3585, 3584, 3571, 3570, 3569, 3528, 3527, 3360, 3359, 3193, 3192, 3150, 3149, 3137, 3136, 3135, 3081, 3080, 3024, 3023, 2988, 2987, 2941, 2940, 2939, 2913, 2912, 2857, 2856, 2823, 2822, 2801, 2800, 2799, 2731, 2730, 2729, 2689, 2688, 2687, 2614, 2613, 2554, 2553, 2521, 2520, 2519, 2465, 2464, 2463, 2420, 2419, 2381, 2380, 2379, 2352, 2351, 2311, 2310, 2309, 2286, 2285, 2284, 2241, 2240, 2239, 2185, 2184, 2151, 2150, 2129, 2128, 2101, 2100, 2099, 2041, 2040, 2017, 2016, 2015, 1961, 1960, 1959, 1921, 1920, 1919, 1905, 1904, 1891, 1890, 1882, 1881, 1848, 1847, 1825, 1824, 1820, 1819, 1801, 1800, 1793, 1792, 1786, 1785, 1784, 1764, 1763, 1748, 1747, 1729, 1728, 1727, 1680, 1679, 1632, 1631, 1613, 1612, 1597, 1596, 1587, 1586, 1575, 1574, 1569, 1568, 1567, 1561, 1560, 1541, 1540, 1536, 1535, 1512, 1511, 1494, 1493, 1479, 1478, 1471, 1470, 1469, 1457, 1456, 1441, 1440, 1439, 1429, 1428, 1419, 1418, 1412, 1411, 1401, 1400, 1399, 1366, 1365, 1345, 1344, 1343, 1321, 1320, 1307, 1306, 1299, 1298
INFO: [IP_Flow 19-3438] Customization errors found on 'ddr4_sweep'. Restoring to previous valid configuration.
INFO: [Common 17-17] undo 'set_property'
MIGS_ROW: P= 840 cut= 0.833% UI(1/4P)= 297.619MHz REFUSED set_ok=0 t=7705ms err={ERROR: [Common 17-39] 'set_property' failed due to earlier errors. | } | holds: TimePeriod=833 InputClockPeriod=3332 MemoryPart=BLS4G4D240FSB-2400 CLKFBOUT_MULT=5 DIVCLK_DIVIDE=1 CLKOUT0_DIVIDE=5 CasLatency=16 CasWriteLatency=12
INFO: [IP_Flow 19-3484] Absolute path of file '/home/cah/r2d2/code/fpga/fable5_llm/synth/out_sr10_mig_probe_sweep/proj/sr10_mig_sweep.srcs/sources_1/imports/constraints/BLS4G4D240FSB.csv' provided. It will be converted relative to IP Instance files '../../imports/constraints/BLS4G4D240FSB.csv'
INFO: [IP_Flow 19-3484] Absolute path of file '/home/cah/r2d2/code/fpga/fable5_llm/synth/out_sr10_mig_probe_sweep/proj/sr10_mig_sweep.srcs/sources_1/imports/constraints/BLS4G4D240FSB.csv' provided. It will be converted relative to IP Instance files '../../imports/constraints/BLS4G4D240FSB.csv'
ERROR: [IP_Flow 19-3461] Value '3332' is out of the range for parameter 'C0.DDR4 InputClockPeriod(C0.DDR4_InputClockPeriod)' for IP 'ddr4_sweep' . Valid values are - 14129, 14128, 13456, 13455, 12784, 12783, 12616, 12615, 12614, 12111, 12110, 12109, 11775, 11774, 11773, 11439, 11438, 11437, 10934, 10933, 10932, 10765, 10764, 10093, 10092, 10091, 9420, 9419, 9252, 9251, 9250, 8747, 8746, 8410, 8409, 8075, 8074, 8073, 7570, 7569, 7568, 7401, 7400, 7065, 7064, 6728, 6727, 6393, 6392, 6391, 6308, 6307, 6056, 6055, 6054, 5888, 5887, 5886, 5720, 5719, 5718, 5467, 5466, 5465, 5383, 5382, 5381, 5047, 5046, 5045, 4711, 4710, 4709, 4626, 4625, 4624, 4486, 4485, 4374, 4373, 4262, 4261, 4205, 4204, 4113, 4112, 4038, 4037, 4036, 3926, 3925, 3924, 3814, 3813, 3812, 3785, 3784, 3739, 3738, 3701, 3700, 3645, 3644, 3589, 3588, 3533, 3532, 3364, 3363, 3197, 3196, 3195, 3154, 3153, 3140, 3139, 3085, 3084, 3083, 3029, 3028, 3027, 2991, 2990, 2944, 2943, 2942, 2916, 2915, 2860, 2859, 2826, 2825, 2804, 2803, 2802, 2734, 2733, 2732, 2692, 2691, 2690, 2557, 2556, 2524, 2523, 2522, 2468, 2467, 2466, 2423, 2422, 2421, 2356, 2355, 2354, 2313, 2312, 2288, 2287, 2243, 2242, 2187, 2186, 2154, 2153, 2152, 2131, 2130, 2103, 2102, 2101, 2019, 2018, 1963, 1962, 1923, 1922, 1907, 1906, 1893, 1892, 1884, 1883, 1870, 1869, 1851, 1850, 1827, 1826, 1823, 1822, 1803, 1802, 1795, 1794, 1767, 1766, 1763, 1762, 1750, 1749, 1731, 1730, 1682, 1681, 1634, 1633, 1615, 1614, 1602, 1601, 1599, 1598, 1597, 1577, 1576, 1570, 1569, 1562, 1561, 1542, 1541, 1538, 1537, 1514, 1513, 1496, 1495, 1481, 1480, 1472, 1471, 1458, 1457, 1442, 1441, 1430, 1429, 1421, 1420, 1413, 1412, 1402, 1401, 1367, 1366, 1346, 1345, 1322, 1321, 1309, 1308
INFO: [IP_Flow 19-3438] Customization errors found on 'ddr4_sweep'. Restoring to previous valid configuration.
INFO: [Common 17-17] undo 'set_property'
MIGS_ROW: P= 841 cut= 0.951% UI(1/4P)= 297.265MHz REFUSED set_ok=0 t=7746ms err={ERROR: [Common 17-39] 'set_property' failed due to earlier errors. | } | holds: TimePeriod=833 InputClockPeriod=3332 MemoryPart=BLS4G4D240FSB-2400 CLKFBOUT_MULT=5 DIVCLK_DIVIDE=1 CLKOUT0_DIVIDE=5 CasLatency=16 CasWriteLatency=12
INFO: [IP_Flow 19-3484] Absolute path of file '/home/cah/r2d2/code/fpga/fable5_llm/synth/out_sr10_mig_probe_sweep/proj/sr10_mig_sweep.srcs/sources_1/imports/constraints/BLS4G4D240FSB.csv' provided. It will be converted relative to IP Instance files '../../imports/constraints/BLS4G4D240FSB.csv'
INFO: [IP_Flow 19-3484] Absolute path of file '/home/cah/r2d2/code/fpga/fable5_llm/synth/out_sr10_mig_probe_sweep/proj/sr10_mig_sweep.srcs/sources_1/imports/constraints/BLS4G4D240FSB.csv' provided. It will be converted relative to IP Instance files '../../imports/constraints/BLS4G4D240FSB.csv'
ERROR: [IP_Flow 19-3461] Value '3332' is out of the range for parameter 'C0.DDR4 InputClockPeriod(C0.DDR4_InputClockPeriod)' for IP 'ddr4_sweep' . Valid values are - 14147, 14146, 14145, 13473, 13472, 12799, 12798, 12631, 12630, 12629, 12125, 12124, 11789, 11788, 11452, 11451, 11450, 10946, 10945, 10778, 10777, 10105, 10104, 9431, 9430, 9429, 9263, 9262, 8757, 8756, 8420, 8419, 8084, 8083, 7579, 7578, 7410, 7409, 7074, 7073, 7072, 6737, 6736, 6400, 6399, 6316, 6315, 6314, 6063, 6062, 5895, 5894, 5727, 5726, 5725, 5473, 5472, 5389, 5388, 5053, 5052, 4716, 4715, 4714, 4632, 4631, 4492, 4491, 4490, 4379, 4378, 4267, 4266, 4210, 4209, 4116, 4115, 4042, 4041, 3930, 3929, 3818, 3817, 3790, 3789, 3742, 3741, 3705, 3704, 3649, 3648, 3594, 3593, 3592, 3537, 3536, 3369, 3368, 3200, 3199, 3158, 3157, 3144, 3143, 3142, 3088, 3087, 3032, 3031, 2994, 2993, 2948, 2947, 2920, 2919, 2918, 2864, 2863, 2862, 2830, 2829, 2807, 2806, 2737, 2736, 2695, 2694, 2693, 2560, 2559, 2527, 2526, 2470, 2469, 2426, 2425, 2424, 2359, 2358, 2357, 2316, 2315, 2291, 2290, 2246, 2245, 2190, 2189, 2156, 2155, 2134, 2133, 2105, 2104, 2021, 2020, 1965, 1964, 1925, 1924, 1909, 1908, 1895, 1894, 1887, 1886, 1885, 1871, 1870, 1853, 1852, 1829, 1828, 1825, 1824, 1805, 1804, 1797, 1796, 1769, 1768, 1752, 1751, 1733, 1732, 1685, 1684, 1636, 1635, 1617, 1616, 1600, 1599, 1579, 1578, 1572, 1571, 1564, 1563, 1544, 1543, 1540, 1539, 1516, 1515, 1497, 1496, 1482, 1481, 1474, 1473, 1460, 1459, 1444, 1443, 1432, 1431, 1423, 1422, 1415, 1414, 1404, 1403, 1369, 1368, 1348, 1347, 1346, 1324, 1323, 1310, 1309
INFO: [IP_Flow 19-3438] Customization errors found on 'ddr4_sweep'. Restoring to previous valid configuration.
INFO: [Common 17-17] undo 'set_property'
MIGS_ROW: P= 842 cut= 1.069% UI(1/4P)= 296.912MHz REFUSED set_ok=0 t=7730ms err={ERROR: [Common 17-39] 'set_property' failed due to earlier errors. | } | holds: TimePeriod=833 InputClockPeriod=3332 MemoryPart=BLS4G4D240FSB-2400 CLKFBOUT_MULT=5 DIVCLK_DIVIDE=1 CLKOUT0_DIVIDE=5 CasLatency=16 CasWriteLatency=12
INFO: [IP_Flow 19-3484] Absolute path of file '/home/cah/r2d2/code/fpga/fable5_llm/synth/out_sr10_mig_probe_sweep/proj/sr10_mig_sweep.srcs/sources_1/imports/constraints/BLS4G4D240FSB.csv' provided. It will be converted relative to IP Instance files '../../imports/constraints/BLS4G4D240FSB.csv'
INFO: [IP_Flow 19-3484] Absolute path of file '/home/cah/r2d2/code/fpga/fable5_llm/synth/out_sr10_mig_probe_sweep/proj/sr10_mig_sweep.srcs/sources_1/imports/constraints/BLS4G4D240FSB.csv' provided. It will be converted relative to IP Instance files '../../imports/constraints/BLS4G4D240FSB.csv'
ERROR: [IP_Flow 19-3461] Value '3332' is out of the range for parameter 'C0.DDR4 InputClockPeriod(C0.DDR4_InputClockPeriod)' for IP 'ddr4_sweep' . Valid values are - 14163, 14162, 14161, 13488, 13487, 12815, 12814, 12813, 12645, 12644, 12140, 12139, 12138, 11803, 11802, 11801, 11466, 11465, 11464, 10960, 10959, 10791, 10790, 10116, 10115, 9442, 9441, 9273, 9272, 8768, 8767, 8431, 8430, 8429, 8093, 8092, 7588, 7587, 7586, 7419, 7418, 7082, 7081, 7080, 6744, 6743, 6408, 6407, 6406, 6323, 6322, 6321, 6071, 6070, 6069, 5902, 5901, 5900, 5733, 5732, 5731, 5481, 5480, 5479, 5396, 5395, 5058, 5057, 4721, 4720, 4637, 4636, 4497, 4496, 4495, 4385, 4384, 4383, 4272, 4271, 4270, 4216, 4215, 4214, 4122, 4121, 4047, 4046, 3935, 3934, 3822, 3821, 3794, 3793, 3792, 3748, 3747, 3710, 3709, 3654, 3653, 3652, 3597, 3596, 3542, 3541, 3540, 3372, 3371, 3204, 3203, 3202, 3162, 3161, 3160, 3148, 3147, 3091, 3090, 3036, 3035, 3034, 2998, 2997, 2951, 2950, 2949, 2923, 2922, 2921, 2867, 2866, 2865, 2833, 2832, 2810, 2809, 2741, 2740, 2739, 2698, 2697, 2623, 2622, 2563, 2562, 2529, 2528, 2474, 2473, 2472, 2429, 2428, 2427, 2361, 2360, 2359, 2319, 2318, 2294, 2293, 2292, 2249, 2248, 2247, 2193, 2192, 2191, 2159, 2158, 2136, 2135, 2109, 2108, 2107, 2106, 2024, 2023, 1968, 1967, 1927, 1926, 1911, 1910, 1897, 1896, 1889, 1888, 1855, 1854, 1831, 1830, 1827, 1826, 1807, 1806, 1799, 1798, 1771, 1770, 1754, 1753, 1735, 1734, 1686, 1685, 1638, 1637, 1619, 1618, 1602, 1601, 1581, 1580, 1574, 1573, 1566, 1565, 1546, 1545, 1542, 1541, 1518, 1517, 1499, 1498, 1484, 1483, 1476, 1475, 1462, 1461, 1446, 1445, 1434, 1433, 1424, 1423, 1417, 1416, 1405, 1404, 1370, 1369, 1349, 1348, 1325, 1324, 1312, 1311
INFO: [IP_Flow 19-3438] Customization errors found on 'ddr4_sweep'. Restoring to previous valid configuration.
INFO: [Common 17-17] undo 'set_property'
MIGS_ROW: P= 843 cut= 1.186% UI(1/4P)= 296.560MHz REFUSED set_ok=0 t=7864ms err={ERROR: [Common 17-39] 'set_property' failed due to earlier errors. | } | holds: TimePeriod=833 InputClockPeriod=3332 MemoryPart=BLS4G4D240FSB-2400 CLKFBOUT_MULT=5 DIVCLK_DIVIDE=1 CLKOUT0_DIVIDE=5 CasLatency=16 CasWriteLatency=12
INFO: [IP_Flow 19-3484] Absolute path of file '/home/cah/r2d2/code/fpga/fable5_llm/synth/out_sr10_mig_probe_sweep/proj/sr10_mig_sweep.srcs/sources_1/imports/constraints/BLS4G4D240FSB.csv' provided. It will be converted relative to IP Instance files '../../imports/constraints/BLS4G4D240FSB.csv'
INFO: [IP_Flow 19-3484] Absolute path of file '/home/cah/r2d2/code/fpga/fable5_llm/synth/out_sr10_mig_probe_sweep/proj/sr10_mig_sweep.srcs/sources_1/imports/constraints/BLS4G4D240FSB.csv' provided. It will be converted relative to IP Instance files '../../imports/constraints/BLS4G4D240FSB.csv'
ERROR: [IP_Flow 19-3461] Value '3332' is out of the range for parameter 'C0.DDR4 InputClockPeriod(C0.DDR4_InputClockPeriod)' for IP 'ddr4_sweep' . Valid values are - 14180, 14179, 13505, 13504, 12830, 12829, 12828, 12661, 12660, 12659, 12154, 12153, 11817, 11816, 11815, 11479, 11478, 10973, 10972, 10971, 10804, 10803, 10129, 10128, 9454, 9453, 9452, 9285, 9284, 9283, 8779, 8778, 8777, 8441, 8440, 8439, 8103, 8102, 8101, 7597, 7596, 7595, 7428, 7427, 7091, 7090, 7089, 6753, 6752, 6415, 6414, 6413, 6331, 6330, 6329, 6077, 6076, 5909, 5908, 5907, 5740, 5739, 5487, 5486, 5485, 5403, 5402, 5401, 5065, 5064, 4727, 4726, 4643, 4642, 4641, 4502, 4501, 4500, 4390, 4389, 4388, 4277, 4276, 4221, 4220, 4219, 4052, 4051, 4050, 3940, 3939, 3938, 3827, 3826, 3799, 3798, 3797, 3714, 3713, 3658, 3657, 3602, 3601, 3600, 3546, 3545, 3544, 3377, 3376, 3208, 3207, 3206, 3166, 3165, 3164, 3152, 3151, 3150, 3096, 3095, 3094, 3039, 3038, 2955, 2954, 2953, 2927, 2926, 2925, 2870, 2869, 2836, 2835, 2814, 2813, 2812, 2744, 2743, 2742, 2702, 2701, 2700, 2626, 2625, 2567, 2566, 2565, 2533, 2532, 2476, 2475, 2431, 2430, 2364, 2363, 2322, 2321, 2320, 2296, 2295, 2251, 2250, 2195, 2194, 2161, 2160, 2139, 2138, 2111, 2110, 2109, 2027, 2026, 2025, 1970, 1969, 1930, 1929, 1914, 1913, 1899, 1898, 1891, 1890, 1857, 1856, 1833, 1832, 1829, 1828, 1809, 1808, 1801, 1800, 1773, 1772, 1756, 1755, 1737, 1736, 1689, 1688, 1640, 1639, 1621, 1620, 1604, 1603, 1583, 1582, 1576, 1575, 1568, 1567, 1548, 1547, 1544, 1543, 1520, 1519, 1501, 1500, 1486, 1485, 1478, 1477, 1476, 1464, 1463, 1462, 1447, 1446, 1435, 1434, 1426, 1425, 1418, 1417, 1407, 1406, 1372, 1371, 1351, 1350, 1327, 1326, 1313, 1312
INFO: [IP_Flow 19-3438] Customization errors found on 'ddr4_sweep'. Restoring to previous valid configuration.
INFO: [Common 17-17] undo 'set_property'
MIGS_ROW: P= 844 cut= 1.303% UI(1/4P)= 296.209MHz REFUSED set_ok=0 t=7864ms err={ERROR: [Common 17-39] 'set_property' failed due to earlier errors. | } | holds: TimePeriod=833 InputClockPeriod=3332 MemoryPart=BLS4G4D240FSB-2400 CLKFBOUT_MULT=5 DIVCLK_DIVIDE=1 CLKOUT0_DIVIDE=5 CasLatency=16 CasWriteLatency=12
INFO: [IP_Flow 19-3484] Absolute path of file '/home/cah/r2d2/code/fpga/fable5_llm/synth/out_sr10_mig_probe_sweep/proj/sr10_mig_sweep.srcs/sources_1/imports/constraints/BLS4G4D240FSB.csv' provided. It will be converted relative to IP Instance files '../../imports/constraints/BLS4G4D240FSB.csv'
INFO: [IP_Flow 19-3484] Absolute path of file '/home/cah/r2d2/code/fpga/fable5_llm/synth/out_sr10_mig_probe_sweep/proj/sr10_mig_sweep.srcs/sources_1/imports/constraints/BLS4G4D240FSB.csv' provided. It will be converted relative to IP Instance files '../../imports/constraints/BLS4G4D240FSB.csv'
ERROR: [IP_Flow 19-3461] Value '3332' is out of the range for parameter 'C0.DDR4 InputClockPeriod(C0.DDR4_InputClockPeriod)' for IP 'ddr4_sweep' . Valid values are - 14197, 14196, 14195, 13520, 13519, 12844, 12843, 12676, 12675, 12674, 12168, 12167, 11831, 11830, 11829, 11493, 11492, 11491, 10986, 10985, 10984, 10817, 10816, 10815, 10140, 10139, 9465, 9464, 9463, 9295, 9294, 8788, 8787, 8451, 8450, 8449, 8112, 8111, 7606, 7605, 7604, 7436, 7435, 7099, 7098, 7097, 6760, 6759, 6422, 6421, 6339, 6338, 6337, 6084, 6083, 5916, 5915, 5914, 5747, 5746, 5745, 5494, 5493, 5492, 5409, 5408, 5407, 5070, 5069, 4733, 4732, 4731, 4648, 4647, 4508, 4507, 4506, 4394, 4393, 4282, 4281, 4280, 4226, 4225, 4224, 4056, 4055, 3944, 3943, 3832, 3831, 3830, 3803, 3802, 3801, 3756, 3755, 3718, 3717, 3662, 3661, 3606, 3605, 3604, 3550, 3549, 3548, 3380, 3379, 3211, 3210, 3170, 3169, 3168, 3155, 3154, 3099, 3098, 3097, 3042, 3041, 3004, 3003, 2959, 2958, 2957, 2956, 2930, 2929, 2928, 2874, 2873, 2872, 2840, 2839, 2817, 2816, 2747, 2746, 2705, 2704, 2703, 2569, 2568, 2535, 2534, 2480, 2479, 2478, 2434, 2433, 2367, 2366, 2365, 2324, 2323, 2299, 2298, 2254, 2253, 2197, 2196, 2164, 2163, 2162, 2141, 2140, 2113, 2112, 2111, 2028, 2027, 1972, 1971, 1932, 1931, 1916, 1915, 1902, 1901, 1893, 1892, 1878, 1877, 1859, 1858, 1835, 1834, 1831, 1830, 1811, 1810, 1803, 1802, 1775, 1774, 1758, 1757, 1739, 1738, 1690, 1689, 1642, 1641, 1623, 1622, 1606, 1605, 1585, 1584, 1578, 1577, 1570, 1569, 1550, 1549, 1546, 1545, 1521, 1520, 1503, 1502, 1501, 1488, 1487, 1479, 1478, 1465, 1464, 1449, 1448, 1437, 1436, 1428, 1427, 1420, 1419, 1409, 1408, 1377, 1376, 1374, 1373, 1353, 1352, 1351, 1328, 1327, 1315, 1314, 1291, 1290
INFO: [IP_Flow 19-3438] Customization errors found on 'ddr4_sweep'. Restoring to previous valid configuration.
INFO: [Common 17-17] undo 'set_property'
MIGS_ROW: P= 845 cut= 1.420% UI(1/4P)= 295.858MHz REFUSED set_ok=0 t=7818ms err={ERROR: [Common 17-39] 'set_property' failed due to earlier errors. | } | holds: TimePeriod=833 InputClockPeriod=3332 MemoryPart=BLS4G4D240FSB-2400 CLKFBOUT_MULT=5 DIVCLK_DIVIDE=1 CLKOUT0_DIVIDE=5 CasLatency=16 CasWriteLatency=12
INFO: [IP_Flow 19-3484] Absolute path of file '/home/cah/r2d2/code/fpga/fable5_llm/synth/out_sr10_mig_probe_sweep/proj/sr10_mig_sweep.srcs/sources_1/imports/constraints/BLS4G4D240FSB.csv' provided. It will be converted relative to IP Instance files '../../imports/constraints/BLS4G4D240FSB.csv'
INFO: [IP_Flow 19-3484] Absolute path of file '/home/cah/r2d2/code/fpga/fable5_llm/synth/out_sr10_mig_probe_sweep/proj/sr10_mig_sweep.srcs/sources_1/imports/constraints/BLS4G4D240FSB.csv' provided. It will be converted relative to IP Instance files '../../imports/constraints/BLS4G4D240FSB.csv'
ERROR: [IP_Flow 19-3461] Value '3332' is out of the range for parameter 'C0.DDR4 InputClockPeriod(C0.DDR4_InputClockPeriod)' for IP 'ddr4_sweep' . Valid values are - 14213, 14212, 13537, 13536, 12860, 12859, 12858, 12691, 12690, 12689, 12409, 12408, 12183, 12182, 11506, 11505, 11281, 11280, 10999, 10998, 10830, 10829, 10828, 10153, 10152, 10151, 9476, 9475, 9307, 9306, 9305, 9025, 9024, 9023, 8799, 8798, 8123, 8122, 8121, 7897, 7896, 7895, 7615, 7614, 7446, 7445, 7444, 7107, 7106, 7105, 6769, 6768, 6430, 6429, 6346, 6345, 6344, 6205, 6204, 6092, 6091, 5923, 5922, 5921, 5753, 5752, 5641, 5640, 5500, 5499, 5415, 5414, 5077, 5076, 5075, 4738, 4737, 4654, 4653, 4652, 4513, 4512, 4511, 4400, 4399, 4287, 4286, 4285, 4231, 4230, 4137, 4136, 4062, 4061, 4060, 3949, 3948, 3947, 3836, 3835, 3834, 3808, 3807, 3761, 3760, 3759, 3723, 3722, 3721, 3667, 3666, 3611, 3610, 3609, 3554, 3553, 3552, 3385, 3384, 3215, 3214, 3173, 3172, 3159, 3158, 3103, 3102, 3047, 3046, 3045, 3009, 3008, 2962, 2961, 2960, 2933, 2932, 2877, 2876, 2843, 2842, 2821, 2820, 2750, 2749, 2708, 2707, 2633, 2632, 2572, 2571, 2539, 2538, 2537, 2483, 2482, 2481, 2437, 2436, 2369, 2368, 2327, 2326, 2302, 2301, 2300, 2257, 2256, 2255, 2200, 2199, 2166, 2165, 2144, 2143, 2116, 2115, 2069, 2068, 2031, 2030, 2029, 1975, 1974, 1934, 1933, 1918, 1917, 1904, 1903, 1896, 1895, 1881, 1880, 1879, 1862, 1861, 1860, 1838, 1837, 1834, 1833, 1813, 1812, 1806, 1805, 1804, 1777, 1776, 1773, 1772, 1760, 1759, 1741, 1740, 1693, 1692, 1644, 1643, 1625, 1624, 1612, 1611, 1608, 1607, 1587, 1586, 1580, 1579, 1572, 1571, 1552, 1551, 1547, 1546, 1523, 1522, 1505, 1504, 1489, 1488, 1481, 1480, 1467, 1466, 1451, 1450, 1439, 1438, 1429, 1428, 1422, 1421, 1411, 1410, 1379, 1378, 1375, 1374, 1354, 1353, 1330, 1329, 1317, 1316, 1293, 1292
INFO: [IP_Flow 19-3438] Customization errors found on 'ddr4_sweep'. Restoring to previous valid configuration.
INFO: [Common 17-17] undo 'set_property'
MIGS_ROW: P= 846 cut= 1.537% UI(1/4P)= 295.508MHz REFUSED set_ok=0 t=7806ms err={ERROR: [Common 17-39] 'set_property' failed due to earlier errors. | } | holds: TimePeriod=833 InputClockPeriod=3332 MemoryPart=BLS4G4D240FSB-2400 CLKFBOUT_MULT=5 DIVCLK_DIVIDE=1 CLKOUT0_DIVIDE=5 CasLatency=16 CasWriteLatency=12
INFO: [IP_Flow 19-3484] Absolute path of file '/home/cah/r2d2/code/fpga/fable5_llm/synth/out_sr10_mig_probe_sweep/proj/sr10_mig_sweep.srcs/sources_1/imports/constraints/BLS4G4D240FSB.csv' provided. It will be converted relative to IP Instance files '../../imports/constraints/BLS4G4D240FSB.csv'
INFO: [IP_Flow 19-3484] Absolute path of file '/home/cah/r2d2/code/fpga/fable5_llm/synth/out_sr10_mig_probe_sweep/proj/sr10_mig_sweep.srcs/sources_1/imports/constraints/BLS4G4D240FSB.csv' provided. It will be converted relative to IP Instance files '../../imports/constraints/BLS4G4D240FSB.csv'
ERROR: [IP_Flow 19-3461] Value '3332' is out of the range for parameter 'C0.DDR4 InputClockPeriod(C0.DDR4_InputClockPeriod)' for IP 'ddr4_sweep' . Valid values are - 14230, 14229, 13552, 13551, 12875, 12874, 12706, 12705, 12704, 12198, 12197, 12196, 11520, 11519, 11518, 11011, 11010, 10843, 10842, 10841, 10165, 10164, 10163, 9487, 9486, 9317, 9316, 8809, 8808, 8132, 8131, 7624, 7623, 7622, 7454, 7453, 7115, 7114, 6776, 6775, 6438, 6437, 6354, 6353, 6352, 6099, 6098, 5930, 5929, 5928, 5760, 5759, 5506, 5505, 5504, 5422, 5421, 5420, 5083, 5082, 5081, 4744, 4743, 4659, 4658, 4657, 4518, 4517, 4516, 4405, 4404, 4292, 4291, 4290, 4236, 4235, 4234, 4067, 4066, 4065, 3841, 3840, 3839, 3812, 3811, 3765, 3764, 3727, 3726, 3671, 3670, 3614, 3613, 3558, 3557, 3556, 3388, 3387, 3219, 3218, 3177, 3176, 3163, 3162, 3107, 3106, 3105, 3050, 3049, 3013, 3012, 2966, 2965, 2964, 2963, 2937, 2936, 2935, 2880, 2879, 2847, 2846, 2845, 2823, 2822, 2753, 2752, 2711, 2710, 2709, 2575, 2574, 2542, 2541, 2540, 2485, 2484, 2440, 2439, 2372, 2371, 2330, 2329, 2328, 2305, 2304, 2303, 2260, 2259, 2258, 2203, 2202, 2169, 2168, 2146, 2145, 2119, 2118, 2117, 2034, 2033, 2032, 1977, 1976, 1936, 1935, 1921, 1920, 1919, 1906, 1905, 1898, 1897, 1883, 1882, 1864, 1863, 1840, 1839, 1836, 1835, 1816, 1815, 1807, 1806, 1779, 1778, 1762, 1761, 1743, 1742, 1694, 1693, 1646, 1645, 1627, 1626, 1610, 1609, 1589, 1588, 1582, 1581, 1574, 1573, 1553, 1552, 1549, 1548, 1525, 1524, 1507, 1506, 1505, 1491, 1490, 1483, 1482, 1469, 1468, 1453, 1452, 1451, 1440, 1439, 1431, 1430, 1424, 1423, 1422, 1412, 1411, 1377, 1376, 1356, 1355, 1354, 1331, 1330, 1294, 1293
INFO: [IP_Flow 19-3438] Customization errors found on 'ddr4_sweep'. Restoring to previous valid configuration.
INFO: [Common 17-17] undo 'set_property'
MIGS_ROW: P= 847 cut= 1.653% UI(1/4P)= 295.159MHz REFUSED set_ok=0 t=7579ms err={ERROR: [Common 17-39] 'set_property' failed due to earlier errors. | } | holds: TimePeriod=833 InputClockPeriod=3332 MemoryPart=BLS4G4D240FSB-2400 CLKFBOUT_MULT=5 DIVCLK_DIVIDE=1 CLKOUT0_DIVIDE=5 CasLatency=16 CasWriteLatency=12
INFO: [IP_Flow 19-3484] Absolute path of file '/home/cah/r2d2/code/fpga/fable5_llm/synth/out_sr10_mig_probe_sweep/proj/sr10_mig_sweep.srcs/sources_1/imports/constraints/BLS4G4D240FSB.csv' provided. It will be converted relative to IP Instance files '../../imports/constraints/BLS4G4D240FSB.csv'
INFO: [IP_Flow 19-3484] Absolute path of file '/home/cah/r2d2/code/fpga/fable5_llm/synth/out_sr10_mig_probe_sweep/proj/sr10_mig_sweep.srcs/sources_1/imports/constraints/BLS4G4D240FSB.csv' provided. It will be converted relative to IP Instance files '../../imports/constraints/BLS4G4D240FSB.csv'
ERROR: [IP_Flow 19-3461] Value '3332' is out of the range for parameter 'C0.DDR4 InputClockPeriod(C0.DDR4_InputClockPeriod)' for IP 'ddr4_sweep' . Valid values are - 14247, 14246, 14245, 13569, 13568, 12890, 12889, 12721, 12720, 12719, 12438, 12437, 12212, 12211, 11533, 11532, 11307, 11306, 11025, 11024, 10855, 10854, 10853, 10177, 10176, 9498, 9497, 9329, 9328, 9327, 9046, 9045, 8820, 8819, 8142, 8141, 8140, 7915, 7914, 7633, 7632, 7463, 7462, 7124, 7123, 7122, 6785, 6784, 6445, 6444, 6361, 6360, 6359, 6219, 6218, 6107, 6106, 6105, 5937, 5936, 5767, 5766, 5654, 5653, 5513, 5512, 5428, 5427, 5426, 5089, 5088, 4749, 4748, 4665, 4664, 4663, 4524, 4523, 4522, 4410, 4409, 4297, 4296, 4241, 4240, 4239, 4146, 4145, 4071, 4070, 3958, 3957, 3956, 3845, 3844, 3843, 3817, 3816, 3769, 3768, 3732, 3731, 3675, 3674, 3619, 3618, 3617, 3563, 3562, 3561, 3393, 3392, 3223, 3222, 3181, 3180, 3179, 3167, 3166, 3165, 3110, 3109, 3054, 3053, 3052, 3016, 3015, 2969, 2968, 2941, 2940, 2939, 2884, 2883, 2850, 2849, 2848, 2827, 2826, 2757, 2756, 2714, 2713, 2639, 2638, 2579, 2578, 2577, 2545, 2544, 2488, 2487, 2443, 2442, 2375, 2374, 2333, 2332, 2331, 2307, 2306, 2262, 2261, 2205, 2204, 2172, 2171, 2170, 2149, 2148, 2121, 2120, 2119, 2073, 2072, 2036, 2035, 1979, 1978, 1939, 1938, 1923, 1922, 1921, 1909, 1908, 1900, 1899, 1885, 1884, 1866, 1865, 1842, 1841, 1838, 1837, 1818, 1817, 1810, 1809, 1808, 1781, 1780, 1777, 1776, 1764, 1763, 1745, 1744, 1697, 1696, 1648, 1647, 1629, 1628, 1616, 1615, 1612, 1611, 1591, 1590, 1589, 1584, 1583, 1582, 1575, 1574, 1555, 1554, 1551, 1550, 1527, 1526, 1508, 1507, 1493, 1492, 1485, 1484, 1470, 1469, 1454, 1453, 1442, 1441, 1433, 1432, 1425, 1424, 1414, 1413, 1383, 1382, 1381, 1379, 1378, 1357, 1356, 1333, 1332, 1320, 1319, 1296, 1295, 1293, 1292
INFO: [IP_Flow 19-3438] Customization errors found on 'ddr4_sweep'. Restoring to previous valid configuration.
INFO: [Common 17-17] undo 'set_property'
MIGS_ROW: P= 848 cut= 1.769% UI(1/4P)= 294.811MHz REFUSED set_ok=0 t=7866ms err={ERROR: [Common 17-39] 'set_property' failed due to earlier errors. | } | holds: TimePeriod=833 InputClockPeriod=3332 MemoryPart=BLS4G4D240FSB-2400 CLKFBOUT_MULT=5 DIVCLK_DIVIDE=1 CLKOUT0_DIVIDE=5 CasLatency=16 CasWriteLatency=12
INFO: [IP_Flow 19-3484] Absolute path of file '/home/cah/r2d2/code/fpga/fable5_llm/synth/out_sr10_mig_probe_sweep/proj/sr10_mig_sweep.srcs/sources_1/imports/constraints/BLS4G4D240FSB.csv' provided. It will be converted relative to IP Instance files '../../imports/constraints/BLS4G4D240FSB.csv'
INFO: [IP_Flow 19-3484] Absolute path of file '/home/cah/r2d2/code/fpga/fable5_llm/synth/out_sr10_mig_probe_sweep/proj/sr10_mig_sweep.srcs/sources_1/imports/constraints/BLS4G4D240FSB.csv' provided. It will be converted relative to IP Instance files '../../imports/constraints/BLS4G4D240FSB.csv'
ERROR: [IP_Flow 19-3461] Value '3332' is out of the range for parameter 'C0.DDR4 InputClockPeriod(C0.DDR4_InputClockPeriod)' for IP 'ddr4_sweep' . Valid values are - 14264, 14263, 14262, 13584, 13583, 12906, 12905, 12904, 12736, 12735, 12734, 12227, 12226, 12225, 11887, 11886, 11885, 11547, 11546, 11545, 11037, 11036, 10868, 10867, 10866, 10189, 10188, 10187, 9510, 9509, 9508, 9340, 9339, 9338, 8831, 8830, 8829, 8491, 8490, 8489, 8151, 8150, 8149, 7641, 7640, 7472, 7471, 7470, 7133, 7132, 7131, 6792, 6791, 6453, 6452, 6451, 6369, 6368, 6367, 6366, 6114, 6113, 6112, 5944, 5943, 5942, 5774, 5773, 5772, 5519, 5518, 5517, 5434, 5433, 5095, 5094, 5093, 4755, 4754, 4753, 4670, 4669, 4529, 4528, 4527, 4416, 4415, 4414, 4302, 4301, 4246, 4245, 4244, 4151, 4150, 4076, 4075, 4074, 3962, 3961, 3850, 3849, 3848, 3821, 3820, 3774, 3773, 3736, 3735, 3680, 3679, 3623, 3622, 3567, 3566, 3565, 3396, 3395, 3227, 3226, 3225, 3185, 3184, 3183, 3170, 3169, 3114, 3113, 3112, 3057, 3056, 3020, 3019, 2973, 2972, 2971, 2944, 2943, 2942, 2887, 2886, 2853, 2852, 2831, 2830, 2829, 2760, 2759, 2758, 2717, 2716, 2642, 2641, 2582, 2581, 2580, 2547, 2546, 2491, 2490, 2446, 2445, 2444, 2378, 2377, 2376, 2335, 2334, 2310, 2309, 2265, 2264, 2263, 2208, 2207, 2174, 2173, 2151, 2150, 2124, 2123, 2122, 2121, 2039, 2038, 2037, 1981, 1980, 1941, 1940, 1925, 1924, 1911, 1910, 1902, 1901, 1868, 1867, 1844, 1843, 1840, 1839, 1820, 1819, 1812, 1811, 1784, 1783, 1782, 1767, 1766, 1765, 1747, 1746, 1698, 1697, 1650, 1649, 1631, 1630, 1629, 1614, 1613, 1612, 1592, 1591, 1585, 1584, 1577, 1576, 1557, 1556, 1553, 1552, 1529, 1528, 1510, 1509, 1495, 1494, 1486, 1485, 1472, 1471, 1456, 1455, 1444, 1443, 1434, 1433, 1427, 1426, 1416, 1415, 1414, 1380, 1379, 1359, 1358, 1335, 1334, 1321, 1320, 1297, 1296, 1291, 1290
INFO: [IP_Flow 19-3438] Customization errors found on 'ddr4_sweep'. Restoring to previous valid configuration.
INFO: [Common 17-17] undo 'set_property'
MIGS_ROW: P= 849 cut= 1.885% UI(1/4P)= 294.464MHz REFUSED set_ok=0 t=7911ms err={ERROR: [Common 17-39] 'set_property' failed due to earlier errors. | } | holds: TimePeriod=833 InputClockPeriod=3332 MemoryPart=BLS4G4D240FSB-2400 CLKFBOUT_MULT=5 DIVCLK_DIVIDE=1 CLKOUT0_DIVIDE=5 CasLatency=16 CasWriteLatency=12
INFO: [IP_Flow 19-3484] Absolute path of file '/home/cah/r2d2/code/fpga/fable5_llm/synth/out_sr10_mig_probe_sweep/proj/sr10_mig_sweep.srcs/sources_1/imports/constraints/BLS4G4D240FSB.csv' provided. It will be converted relative to IP Instance files '../../imports/constraints/BLS4G4D240FSB.csv'
INFO: [IP_Flow 19-3484] Absolute path of file '/home/cah/r2d2/code/fpga/fable5_llm/synth/out_sr10_mig_probe_sweep/proj/sr10_mig_sweep.srcs/sources_1/imports/constraints/BLS4G4D240FSB.csv' provided. It will be converted relative to IP Instance files '../../imports/constraints/BLS4G4D240FSB.csv'
ERROR: [IP_Flow 19-3461] Value '3332' is out of the range for parameter 'C0.DDR4 InputClockPeriod(C0.DDR4_InputClockPeriod)' for IP 'ddr4_sweep' . Valid values are - 14281, 14280, 14279, 13601, 13600, 12920, 12919, 12751, 12750, 12749, 12240, 12239, 11901, 11900, 11899, 11561, 11560, 11051, 11050, 10880, 10879, 10201, 10200, 9521, 9520, 9351, 9350, 9349, 8841, 8840, 8839, 8501, 8500, 8499, 8161, 8160, 7651, 7650, 7649, 7481, 7480, 7141, 7140, 7139, 6801, 6800, 6460, 6459, 6376, 6375, 6374, 6121, 6120, 6119, 5951, 5950, 5949, 5781, 5780, 5526, 5525, 5441, 5440, 5439, 5101, 5100, 4761, 4760, 4676, 4675, 4674, 4534, 4533, 4532, 4421, 4420, 4419, 4307, 4306, 4251, 4250, 4249, 4156, 4155, 4081, 4080, 3968, 3967, 3966, 3854, 3853, 3852, 3826, 3825, 3824, 3779, 3778, 3741, 3740, 3684, 3683, 3682, 3627, 3626, 3571, 3570, 3569, 3401, 3400, 3230, 3229, 3188, 3187, 3174, 3173, 3118, 3117, 3116, 3061, 3060, 3059, 3023, 3022, 2976, 2975, 2974, 2948, 2947, 2946, 2891, 2890, 2857, 2856, 2834, 2833, 2763, 2762, 2721, 2720, 2719, 2585, 2584, 2583, 2551, 2550, 2494, 2493, 2449, 2448, 2447, 2381, 2380, 2338, 2337, 2313, 2312, 2267, 2266, 2211, 2210, 2209, 2177, 2176, 2175, 2154, 2153, 2126, 2125, 2124, 2041, 2040, 1984, 1983, 1943, 1942, 1927, 1926, 1913, 1912, 1905, 1904, 1890, 1889, 1871, 1870, 1846, 1845, 1842, 1841, 1822, 1821, 1814, 1813, 1786, 1785, 1784, 1782, 1781, 1769, 1768, 1749, 1748, 1701, 1700, 1652, 1651, 1633, 1632, 1631, 1620, 1619, 1615, 1614, 1594, 1593, 1587, 1586, 1579, 1578, 1559, 1558, 1555, 1554, 1530, 1529, 1512, 1511, 1497, 1496, 1495, 1488, 1487, 1474, 1473, 1458, 1457, 1446, 1445, 1436, 1435, 1429, 1428, 1417, 1416, 1382, 1381, 1361, 1360, 1359, 1336, 1335, 1323, 1322, 1299, 1298, 1293, 1292, 1291
INFO: [IP_Flow 19-3438] Customization errors found on 'ddr4_sweep'. Restoring to previous valid configuration.
INFO: [Common 17-17] undo 'set_property'
MIGS_ROW: P= 850 cut= 2.000% UI(1/4P)= 294.118MHz REFUSED set_ok=0 t=7865ms err={ERROR: [Common 17-39] 'set_property' failed due to earlier errors. | } | holds: TimePeriod=833 InputClockPeriod=3332 MemoryPart=BLS4G4D240FSB-2400 CLKFBOUT_MULT=5 DIVCLK_DIVIDE=1 CLKOUT0_DIVIDE=5 CasLatency=16 CasWriteLatency=12
INFO: [IP_Flow 19-3484] Absolute path of file '/home/cah/r2d2/code/fpga/fable5_llm/synth/out_sr10_mig_probe_sweep/proj/sr10_mig_sweep.srcs/sources_1/imports/constraints/BLS4G4D240FSB.csv' provided. It will be converted relative to IP Instance files '../../imports/constraints/BLS4G4D240FSB.csv'
INFO: [IP_Flow 19-3484] Absolute path of file '/home/cah/r2d2/code/fpga/fable5_llm/synth/out_sr10_mig_probe_sweep/proj/sr10_mig_sweep.srcs/sources_1/imports/constraints/BLS4G4D240FSB.csv' provided. It will be converted relative to IP Instance files '../../imports/constraints/BLS4G4D240FSB.csv'
ERROR: [IP_Flow 19-3461] Value '3332' is out of the range for parameter 'C0.DDR4 InputClockPeriod(C0.DDR4_InputClockPeriod)' for IP 'ddr4_sweep' . Valid values are - 13616, 13615, 12936, 12935, 12765, 12764, 12255, 12254, 11915, 11914, 11913, 11575, 11574, 11573, 11063, 11062, 10893, 10892, 10213, 10212, 10211, 9532, 9531, 9362, 9361, 9360, 8851, 8850, 8511, 8510, 8509, 8171, 8170, 8169, 7660, 7659, 7658, 7490, 7489, 7488, 6808, 6807, 6468, 6467, 6383, 6382, 6128, 6127, 5958, 5957, 5956, 5788, 5787, 5786, 5532, 5531, 5530, 5447, 5446, 5107, 5106, 5105, 4767, 4766, 4765, 4682, 4681, 4680, 4679, 4539, 4538, 4426, 4425, 4312, 4311, 4256, 4255, 4254, 4161, 4160, 4086, 4085, 4084, 3972, 3971, 3858, 3857, 3830, 3829, 3782, 3781, 3745, 3744, 3743, 3688, 3687, 3632, 3631, 3630, 3404, 3403, 3234, 3233, 3192, 3191, 3178, 3177, 3176, 3121, 3120, 3064, 3063, 3026, 3025, 2980, 2979, 2978, 2977, 2951, 2950, 2949, 2894, 2893, 2838, 2837, 2836, 2767, 2766, 2765, 2724, 2723, 2588, 2587, 2586, 2554, 2553, 2552, 2497, 2496, 2452, 2451, 2450, 2384, 2383, 2382, 2341, 2340, 2339, 2315, 2314, 2270, 2269, 2213, 2212, 2179, 2178, 2156, 2155, 2129, 2128, 2127, 2126, 2043, 2042, 2041, 1986, 1985, 1946, 1945, 1929, 1928, 1915, 1914, 1907, 1906, 1891, 1890, 1873, 1872, 1871, 1848, 1847, 1844, 1843, 1824, 1823, 1816, 1815, 1784, 1783, 1771, 1770, 1751, 1750, 1702, 1701, 1654, 1653, 1634, 1633, 1622, 1621, 1617, 1616, 1596, 1595, 1589, 1588, 1581, 1580, 1561, 1560, 1557, 1556, 1532, 1531, 1513, 1512, 1498, 1497, 1490, 1489, 1476, 1475, 1474, 1459, 1458, 1447, 1446, 1438, 1437, 1419, 1418, 1383, 1382, 1362, 1361, 1338, 1337, 1324, 1323, 1294, 1293
INFO: [IP_Flow 19-3438] Customization errors found on 'ddr4_sweep'. Restoring to previous valid configuration.
INFO: [Common 17-17] undo 'set_property'
MIGS_ROW: P= 851 cut= 2.115% UI(1/4P)= 293.772MHz REFUSED set_ok=0 t=7886ms err={ERROR: [Common 17-39] 'set_property' failed due to earlier errors. | } | holds: TimePeriod=833 InputClockPeriod=3332 MemoryPart=BLS4G4D240FSB-2400 CLKFBOUT_MULT=5 DIVCLK_DIVIDE=1 CLKOUT0_DIVIDE=5 CasLatency=16 CasWriteLatency=12
INFO: [IP_Flow 19-3484] Absolute path of file '/home/cah/r2d2/code/fpga/fable5_llm/synth/out_sr10_mig_probe_sweep/proj/sr10_mig_sweep.srcs/sources_1/imports/constraints/BLS4G4D240FSB.csv' provided. It will be converted relative to IP Instance files '../../imports/constraints/BLS4G4D240FSB.csv'
INFO: [IP_Flow 19-3484] Absolute path of file '/home/cah/r2d2/code/fpga/fable5_llm/synth/out_sr10_mig_probe_sweep/proj/sr10_mig_sweep.srcs/sources_1/imports/constraints/BLS4G4D240FSB.csv' provided. It will be converted relative to IP Instance files '../../imports/constraints/BLS4G4D240FSB.csv'
ERROR: [IP_Flow 19-3461] Value '3332' is out of the range for parameter 'C0.DDR4 InputClockPeriod(C0.DDR4_InputClockPeriod)' for IP 'ddr4_sweep' . Valid values are - 13633, 13632, 12951, 12950, 12949, 12781, 12780, 12270, 12269, 12268, 11929, 11928, 11588, 11587, 11586, 11077, 11076, 10906, 10905, 10225, 10224, 9543, 9542, 9541, 9373, 9372, 9371, 8861, 8860, 8521, 8520, 8519, 8180, 8179, 8178, 7669, 7668, 7667, 7499, 7498, 7497, 6817, 6816, 6476, 6475, 6474, 6391, 6390, 6135, 6134, 5965, 5964, 5795, 5794, 5793, 5539, 5538, 5453, 5452, 5113, 5112, 4772, 4771, 4770, 4687, 4686, 4685, 4545, 4544, 4431, 4430, 4317, 4316, 4261, 4260, 4259, 4165, 4164, 4090, 4089, 3977, 3976, 3863, 3862, 3861, 3835, 3834, 3833, 3788, 3787, 3750, 3749, 3748, 3693, 3692, 3636, 3635, 3409, 3408, 3239, 3238, 3237, 3196, 3195, 3182, 3181, 3180, 3125, 3124, 3123, 3068, 3067, 3029, 3028, 2983, 2982, 2954, 2953, 2898, 2897, 2896, 2841, 2840, 2770, 2769, 2727, 2726, 2725, 2651, 2650, 2591, 2590, 2557, 2556, 2500, 2499, 2498, 2455, 2454, 2453, 2387, 2386, 2385, 2344, 2343, 2342, 2318, 2317, 2273, 2272, 2216, 2215, 2182, 2181, 2180, 2159, 2158, 2131, 2130, 2129, 2045, 2044, 1989, 1988, 1948, 1947, 1932, 1931, 1918, 1917, 1916, 1909, 1908, 1875, 1874, 1851, 1850, 1847, 1846, 1826, 1825, 1818, 1817, 1773, 1772, 1771, 1753, 1752, 1705, 1704, 1656, 1655, 1636, 1635, 1619, 1618, 1598, 1597, 1591, 1590, 1583, 1582, 1563, 1562, 1561, 1559, 1558, 1557, 1534, 1533, 1515, 1514, 1500, 1499, 1492, 1491, 1477, 1476, 1461, 1460, 1449, 1448, 1439, 1438, 1421, 1420, 1385, 1384, 1364, 1363, 1362, 1339, 1338, 1326, 1325, 1296, 1295
INFO: [IP_Flow 19-3438] Customization errors found on 'ddr4_sweep'. Restoring to previous valid configuration.
INFO: [Common 17-17] undo 'set_property'
MIGS_ROW: P= 852 cut= 2.230% UI(1/4P)= 293.427MHz REFUSED set_ok=0 t=7856ms err={ERROR: [Common 17-39] 'set_property' failed due to earlier errors. | } | holds: TimePeriod=833 InputClockPeriod=3332 MemoryPart=BLS4G4D240FSB-2400 CLKFBOUT_MULT=5 DIVCLK_DIVIDE=1 CLKOUT0_DIVIDE=5 CasLatency=16 CasWriteLatency=12
INFO: [IP_Flow 19-3484] Absolute path of file '/home/cah/r2d2/code/fpga/fable5_llm/synth/out_sr10_mig_probe_sweep/proj/sr10_mig_sweep.srcs/sources_1/imports/constraints/BLS4G4D240FSB.csv' provided. It will be converted relative to IP Instance files '../../imports/constraints/BLS4G4D240FSB.csv'
INFO: [IP_Flow 19-3484] Absolute path of file '/home/cah/r2d2/code/fpga/fable5_llm/synth/out_sr10_mig_probe_sweep/proj/sr10_mig_sweep.srcs/sources_1/imports/constraints/BLS4G4D240FSB.csv' provided. It will be converted relative to IP Instance files '../../imports/constraints/BLS4G4D240FSB.csv'
ERROR: [IP_Flow 19-3461] Value '3332' is out of the range for parameter 'C0.DDR4 InputClockPeriod(C0.DDR4_InputClockPeriod)' for IP 'ddr4_sweep' . Valid values are - 13649, 13648, 12967, 12966, 12965, 12796, 12795, 12794, 12284, 12283, 12282, 11943, 11942, 11941, 11602, 11601, 11600, 11090, 11089, 11088, 10919, 10918, 10237, 10236, 10235, 9554, 9553, 9384, 9383, 8872, 8871, 8531, 8530, 8189, 8188, 7678, 7677, 7676, 7507, 7506, 6825, 6824, 6484, 6483, 6482, 6399, 6398, 6397, 6143, 6142, 6141, 5972, 5971, 5970, 5801, 5800, 5545, 5544, 5460, 5459, 5119, 5118, 5117, 4777, 4776, 4693, 4692, 4691, 4550, 4549, 4548, 4436, 4435, 4323, 4322, 4321, 4266, 4265, 4095, 4094, 3981, 3980, 3868, 3867, 3866, 3840, 3839, 3838, 3754, 3753, 3697, 3696, 3695, 3640, 3639, 3638, 3413, 3412, 3242, 3241, 3240, 3200, 3199, 3198, 3186, 3185, 3184, 3129, 3128, 3127, 3072, 3071, 3070, 2987, 2986, 2985, 2958, 2957, 2956, 2901, 2900, 2844, 2843, 2842, 2773, 2772, 2771, 2731, 2730, 2729, 2654, 2653, 2594, 2593, 2592, 2560, 2559, 2558, 2503, 2502, 2501, 2457, 2456, 2389, 2388, 2347, 2346, 2345, 2321, 2320, 2319, 2276, 2275, 2274, 2218, 2217, 2184, 2183, 2162, 2161, 2160, 2134, 2133, 2132, 2048, 2047, 1991, 1990, 1950, 1949, 1934, 1933, 1920, 1919, 1911, 1910, 1877, 1876, 1853, 1852, 1849, 1848, 1828, 1827, 1820, 1819, 1775, 1774, 1755, 1754, 1707, 1706, 1658, 1657, 1638, 1637, 1621, 1620, 1600, 1599, 1593, 1592, 1585, 1584, 1564, 1563, 1560, 1559, 1536, 1535, 1517, 1516, 1502, 1501, 1493, 1492, 1479, 1478, 1463, 1462, 1451, 1450, 1441, 1440, 1422, 1421, 1391, 1390, 1387, 1386, 1366, 1365, 1364, 1341, 1340, 1327, 1326, 1297, 1296
INFO: [IP_Flow 19-3438] Customization errors found on 'ddr4_sweep'. Restoring to previous valid configuration.
INFO: [Common 17-17] undo 'set_property'
MIGS_ROW: P= 853 cut= 2.345% UI(1/4P)= 293.083MHz REFUSED set_ok=0 t=7899ms err={ERROR: [Common 17-39] 'set_property' failed due to earlier errors. | } | holds: TimePeriod=833 InputClockPeriod=3332 MemoryPart=BLS4G4D240FSB-2400 CLKFBOUT_MULT=5 DIVCLK_DIVIDE=1 CLKOUT0_DIVIDE=5 CasLatency=16 CasWriteLatency=12
INFO: [IP_Flow 19-3484] Absolute path of file '/home/cah/r2d2/code/fpga/fable5_llm/synth/out_sr10_mig_probe_sweep/proj/sr10_mig_sweep.srcs/sources_1/imports/constraints/BLS4G4D240FSB.csv' provided. It will be converted relative to IP Instance files '../../imports/constraints/BLS4G4D240FSB.csv'
INFO: [IP_Flow 19-3484] Absolute path of file '/home/cah/r2d2/code/fpga/fable5_llm/synth/out_sr10_mig_probe_sweep/proj/sr10_mig_sweep.srcs/sources_1/imports/constraints/BLS4G4D240FSB.csv' provided. It will be converted relative to IP Instance files '../../imports/constraints/BLS4G4D240FSB.csv'
ERROR: [IP_Flow 19-3461] Value '3332' is out of the range for parameter 'C0.DDR4 InputClockPeriod(C0.DDR4_InputClockPeriod)' for IP 'ddr4_sweep' . Valid values are - 13664, 13663, 12982, 12981, 12980, 12811, 12810, 12299, 12298, 12297, 11956, 11955, 11615, 11614, 11613, 11103, 11102, 10932, 10931, 10930, 10249, 10248, 10247, 9566, 9565, 9564, 9395, 9394, 9393, 8882, 8881, 8541, 8540, 8539, 8199, 8198, 8197, 7686, 7685, 7516, 7515, 7514, 6832, 6831, 6491, 6490, 6489, 6406, 6405, 6150, 6149, 6148, 5978, 5977, 5808, 5807, 5806, 5552, 5551, 5466, 5465, 5125, 5124, 5123, 4783, 4782, 4698, 4697, 4696, 4555, 4554, 4441, 4440, 4327, 4326, 4271, 4270, 4269, 4100, 4099, 4098, 3986, 3985, 3872, 3871, 3843, 3842, 3797, 3796, 3758, 3757, 3702, 3701, 3700, 3645, 3644, 3643, 3416, 3415, 3246, 3245, 3244, 3203, 3202, 3189, 3188, 3187, 3132, 3131, 3130, 3075, 3074, 3073, 3036, 3035, 2989, 2988, 2961, 2960, 2904, 2903, 2848, 2847, 2846, 2776, 2775, 2733, 2732, 2597, 2596, 2563, 2562, 2561, 2506, 2505, 2504, 2460, 2459, 2392, 2391, 2349, 2348, 2323, 2322, 2278, 2277, 2221, 2220, 2187, 2186, 2164, 2163, 2136, 2135, 2134, 2051, 2050, 2049, 1993, 1992, 1953, 1952, 1951, 1936, 1935, 1922, 1921, 1914, 1913, 1912, 1899, 1898, 1879, 1878, 1855, 1854, 1851, 1850, 1831, 1830, 1829, 1823, 1822, 1821, 1777, 1776, 1757, 1756, 1708, 1707, 1660, 1659, 1640, 1639, 1623, 1622, 1602, 1601, 1595, 1594, 1593, 1586, 1585, 1566, 1565, 1562, 1561, 1538, 1537, 1519, 1518, 1517, 1504, 1503, 1502, 1495, 1494, 1481, 1480, 1464, 1463, 1452, 1451, 1443, 1442, 1424, 1423, 1388, 1387, 1367, 1366, 1342, 1341, 1329, 1328, 1299, 1298, 1291, 1290
INFO: [IP_Flow 19-3438] Customization errors found on 'ddr4_sweep'. Restoring to previous valid configuration.
INFO: [Common 17-17] undo 'set_property'
MIGS_ROW: P= 854 cut= 2.459% UI(1/4P)= 292.740MHz REFUSED set_ok=0 t=7845ms err={ERROR: [Common 17-39] 'set_property' failed due to earlier errors. | } | holds: TimePeriod=833 InputClockPeriod=3332 MemoryPart=BLS4G4D240FSB-2400 CLKFBOUT_MULT=5 DIVCLK_DIVIDE=1 CLKOUT0_DIVIDE=5 CasLatency=16 CasWriteLatency=12
INFO: [IP_Flow 19-3484] Absolute path of file '/home/cah/r2d2/code/fpga/fable5_llm/synth/out_sr10_mig_probe_sweep/proj/sr10_mig_sweep.srcs/sources_1/imports/constraints/BLS4G4D240FSB.csv' provided. It will be converted relative to IP Instance files '../../imports/constraints/BLS4G4D240FSB.csv'
INFO: [IP_Flow 19-3484] Absolute path of file '/home/cah/r2d2/code/fpga/fable5_llm/synth/out_sr10_mig_probe_sweep/proj/sr10_mig_sweep.srcs/sources_1/imports/constraints/BLS4G4D240FSB.csv' provided. It will be converted relative to IP Instance files '../../imports/constraints/BLS4G4D240FSB.csv'
ERROR: [IP_Flow 19-3461] Value '3332' is out of the range for parameter 'C0.DDR4 InputClockPeriod(C0.DDR4_InputClockPeriod)' for IP 'ddr4_sweep' . Valid values are - 13680, 13679, 12996, 12995, 12825, 12824, 12312, 12311, 11970, 11969, 11628, 11627, 11115, 11114, 10945, 10944, 10943, 10260, 10259, 9577, 9576, 9575, 9405, 9404, 8892, 8891, 8551, 8550, 8549, 8208, 8207, 7696, 7695, 7694, 7525, 7524, 7523, 6840, 6839, 6498, 6497, 6413, 6412, 6411, 6156, 6155, 5985, 5984, 5814, 5813, 5558, 5557, 5556, 5473, 5472, 5471, 5130, 5129, 4789, 4788, 4787, 4703, 4702, 4701, 4560, 4559, 4446, 4445, 4333, 4332, 4331, 4276, 4275, 4274, 4104, 4103, 3990, 3989, 3877, 3876, 3875, 3848, 3847, 3763, 3762, 3761, 3705, 3704, 3649, 3648, 3647, 3420, 3419, 3249, 3248, 3207, 3206, 3205, 3193, 3192, 3191, 3135, 3134, 3078, 3077, 2993, 2992, 2991, 2964, 2963, 2907, 2906, 2850, 2849, 2779, 2778, 2737, 2736, 2735, 2600, 2599, 2565, 2564, 2508, 2507, 2463, 2462, 2395, 2394, 2393, 2352, 2351, 2350, 2326, 2325, 2280, 2279, 2223, 2222, 2190, 2189, 2188, 2167, 2166, 2165, 2138, 2137, 2052, 2051, 1995, 1994, 1955, 1954, 1939, 1938, 1937, 1924, 1923, 1916, 1915, 1882, 1881, 1880, 1857, 1856, 1853, 1852, 1833, 1832, 1825, 1824, 1823, 1779, 1778, 1759, 1758, 1710, 1709, 1662, 1661, 1642, 1641, 1625, 1624, 1604, 1603, 1597, 1596, 1595, 1588, 1587, 1568, 1567, 1564, 1563, 1539, 1538, 1521, 1520, 1519, 1505, 1504, 1497, 1496, 1482, 1481, 1466, 1465, 1454, 1453, 1445, 1444, 1443, 1425, 1424, 1390, 1389, 1369, 1368, 1367, 1344, 1343, 1330, 1329, 1300, 1299, 1292, 1291
INFO: [IP_Flow 19-3438] Customization errors found on 'ddr4_sweep'. Restoring to previous valid configuration.
INFO: [Common 17-17] undo 'set_property'
MIGS_ROW: P= 855 cut= 2.573% UI(1/4P)= 292.398MHz REFUSED set_ok=0 t=7898ms err={ERROR: [Common 17-39] 'set_property' failed due to earlier errors. | } | holds: TimePeriod=833 InputClockPeriod=3332 MemoryPart=BLS4G4D240FSB-2400 CLKFBOUT_MULT=5 DIVCLK_DIVIDE=1 CLKOUT0_DIVIDE=5 CasLatency=16 CasWriteLatency=12
INFO: [IP_Flow 19-3484] Absolute path of file '/home/cah/r2d2/code/fpga/fable5_llm/synth/out_sr10_mig_probe_sweep/proj/sr10_mig_sweep.srcs/sources_1/imports/constraints/BLS4G4D240FSB.csv' provided. It will be converted relative to IP Instance files '../../imports/constraints/BLS4G4D240FSB.csv'
INFO: [IP_Flow 19-3484] Absolute path of file '/home/cah/r2d2/code/fpga/fable5_llm/synth/out_sr10_mig_probe_sweep/proj/sr10_mig_sweep.srcs/sources_1/imports/constraints/BLS4G4D240FSB.csv' provided. It will be converted relative to IP Instance files '../../imports/constraints/BLS4G4D240FSB.csv'
ERROR: [IP_Flow 19-3461] Value '3332' is out of the range for parameter 'C0.DDR4 InputClockPeriod(C0.DDR4_InputClockPeriod)' for IP 'ddr4_sweep' . Valid values are - 13697, 13696, 13012, 13011, 12841, 12840, 12839, 12327, 12326, 11985, 11984, 11983, 11642, 11641, 11129, 11128, 11127, 10958, 10957, 10956, 10273, 10272, 10271, 9588, 9587, 9417, 9416, 9415, 8903, 8902, 8561, 8560, 8559, 8219, 8218, 8217, 7705, 7704, 7703, 7533, 7532, 6849, 6848, 6507, 6506, 6505, 6421, 6420, 6419, 6164, 6163, 5993, 5992, 5991, 5821, 5820, 5565, 5564, 5563, 5479, 5478, 5137, 5136, 5135, 4795, 4794, 4793, 4709, 4708, 4707, 4566, 4565, 4452, 4451, 4338, 4337, 4281, 4280, 4279, 4110, 4109, 4108, 3995, 3994, 3881, 3880, 3853, 3852, 3851, 3805, 3804, 3767, 3766, 3710, 3709, 3653, 3652, 3651, 3425, 3424, 3254, 3253, 3252, 3211, 3210, 3209, 3197, 3196, 3195, 3140, 3139, 3138, 3083, 3082, 3081, 3045, 3044, 2997, 2996, 2995, 2968, 2967, 2911, 2910, 2854, 2853, 2852, 2783, 2782, 2781, 2740, 2739, 2603, 2602, 2601, 2569, 2568, 2567, 2511, 2510, 2466, 2465, 2398, 2397, 2396, 2355, 2354, 2353, 2329, 2328, 2284, 2283, 2282, 2226, 2225, 2192, 2191, 2169, 2168, 2141, 2140, 2139, 2055, 2054, 2053, 1998, 1997, 1957, 1956, 1941, 1940, 1927, 1926, 1925, 1918, 1917, 1903, 1902, 1884, 1883, 1859, 1858, 1855, 1854, 1835, 1834, 1827, 1826, 1825, 1781, 1780, 1761, 1760, 1713, 1712, 1664, 1663, 1662, 1644, 1643, 1627, 1626, 1606, 1605, 1604, 1599, 1598, 1597, 1590, 1589, 1570, 1569, 1566, 1565, 1541, 1540, 1523, 1522, 1521, 1507, 1506, 1499, 1498, 1497, 1484, 1483, 1468, 1467, 1456, 1455, 1446, 1445, 1427, 1426, 1395, 1394, 1392, 1391, 1390, 1370, 1369, 1346, 1345, 1332, 1331, 1302, 1301, 1294, 1293
INFO: [IP_Flow 19-3438] Customization errors found on 'ddr4_sweep'. Restoring to previous valid configuration.
INFO: [Common 17-17] undo 'set_property'
MIGS_ROW: P= 856 cut= 2.687% UI(1/4P)= 292.056MHz REFUSED set_ok=0 t=7876ms err={ERROR: [Common 17-39] 'set_property' failed due to earlier errors. | } | holds: TimePeriod=833 InputClockPeriod=3332 MemoryPart=BLS4G4D240FSB-2400 CLKFBOUT_MULT=5 DIVCLK_DIVIDE=1 CLKOUT0_DIVIDE=5 CasLatency=16 CasWriteLatency=12
INFO: [IP_Flow 19-3484] Absolute path of file '/home/cah/r2d2/code/fpga/fable5_llm/synth/out_sr10_mig_probe_sweep/proj/sr10_mig_sweep.srcs/sources_1/imports/constraints/BLS4G4D240FSB.csv' provided. It will be converted relative to IP Instance files '../../imports/constraints/BLS4G4D240FSB.csv'
INFO: [IP_Flow 19-3484] Absolute path of file '/home/cah/r2d2/code/fpga/fable5_llm/synth/out_sr10_mig_probe_sweep/proj/sr10_mig_sweep.srcs/sources_1/imports/constraints/BLS4G4D240FSB.csv' provided. It will be converted relative to IP Instance files '../../imports/constraints/BLS4G4D240FSB.csv'
ERROR: [IP_Flow 19-3461] Value '3332' is out of the range for parameter 'C0.DDR4 InputClockPeriod(C0.DDR4_InputClockPeriod)' for IP 'ddr4_sweep' . Valid values are - 13713, 13712, 13027, 13026, 13025, 12856, 12855, 12570, 12569, 12342, 12341, 12340, 11656, 11655, 11654, 11427, 11426, 11142, 11141, 11140, 10971, 10970, 10969, 10285, 10284, 9599, 9598, 9428, 9427, 9142, 9141, 8913, 8912, 8228, 8227, 7999, 7998, 7714, 7713, 7712, 7543, 7542, 7541, 6857, 6856, 6514, 6513, 6512, 6429, 6428, 6427, 6285, 6284, 6171, 6170, 6169, 6000, 5999, 5829, 5828, 5827, 5714, 5713, 5571, 5570, 5486, 5485, 5484, 5143, 5142, 4800, 4799, 4715, 4714, 4713, 4572, 4571, 4570, 4457, 4456, 4455, 4343, 4342, 4286, 4285, 4190, 4189, 4115, 4114, 4113, 4000, 3999, 3886, 3885, 3884, 3858, 3857, 3856, 3809, 3808, 3772, 3771, 3770, 3714, 3713, 3658, 3657, 3656, 3429, 3428, 3258, 3257, 3256, 3215, 3214, 3213, 3200, 3199, 3143, 3142, 3086, 3085, 3084, 3048, 3047, 3000, 2999, 2972, 2971, 2970, 2915, 2914, 2913, 2858, 2857, 2856, 2786, 2785, 2784, 2743, 2742, 2667, 2666, 2665, 2606, 2605, 2572, 2571, 2515, 2514, 2513, 2469, 2468, 2401, 2400, 2399, 2358, 2357, 2356, 2332, 2331, 2286, 2285, 2229, 2228, 2227, 2195, 2194, 2193, 2172, 2171, 2143, 2142, 2095, 2094, 2058, 2057, 2056, 2000, 1999, 1959, 1958, 1943, 1942, 1929, 1928, 1920, 1919, 1905, 1904, 1886, 1885, 1861, 1860, 1857, 1856, 1837, 1836, 1829, 1828, 1827, 1796, 1795, 1783, 1782, 1764, 1763, 1762, 1715, 1714, 1666, 1665, 1646, 1645, 1633, 1632, 1629, 1628, 1607, 1606, 1600, 1599, 1592, 1591, 1572, 1571, 1568, 1567, 1566, 1543, 1542, 1524, 1523, 1509, 1508, 1500, 1499, 1486, 1485, 1470, 1469, 1457, 1456, 1448, 1447, 1429, 1428, 1397, 1396, 1393, 1392, 1372, 1371, 1347, 1346, 1334, 1333, 1306, 1305, 1303, 1302, 1296, 1295
INFO: [IP_Flow 19-3438] Customization errors found on 'ddr4_sweep'. Restoring to previous valid configuration.
INFO: [Common 17-17] undo 'set_property'
MIGS_ROW: P= 857 cut= 2.800% UI(1/4P)= 291.715MHz REFUSED set_ok=0 t=7848ms err={ERROR: [Common 17-39] 'set_property' failed due to earlier errors. | } | holds: TimePeriod=833 InputClockPeriod=3332 MemoryPart=BLS4G4D240FSB-2400 CLKFBOUT_MULT=5 DIVCLK_DIVIDE=1 CLKOUT0_DIVIDE=5 CasLatency=16 CasWriteLatency=12
INFO: [IP_Flow 19-3484] Absolute path of file '/home/cah/r2d2/code/fpga/fable5_llm/synth/out_sr10_mig_probe_sweep/proj/sr10_mig_sweep.srcs/sources_1/imports/constraints/BLS4G4D240FSB.csv' provided. It will be converted relative to IP Instance files '../../imports/constraints/BLS4G4D240FSB.csv'
INFO: [IP_Flow 19-3484] Absolute path of file '/home/cah/r2d2/code/fpga/fable5_llm/synth/out_sr10_mig_probe_sweep/proj/sr10_mig_sweep.srcs/sources_1/imports/constraints/BLS4G4D240FSB.csv' provided. It will be converted relative to IP Instance files '../../imports/constraints/BLS4G4D240FSB.csv'
ERROR: [IP_Flow 19-3461] Value '3332' is out of the range for parameter 'C0.DDR4 InputClockPeriod(C0.DDR4_InputClockPeriod)' for IP 'ddr4_sweep' . Valid values are - 13728, 13727, 13043, 13042, 13041, 12870, 12869, 12585, 12584, 12583, 12356, 12355, 11670, 11669, 11668, 11440, 11439, 11154, 11153, 10983, 10982, 10981, 10296, 10295, 9610, 9609, 9439, 9438, 9437, 9153, 9152, 9151, 8924, 8923, 8237, 8236, 8009, 8008, 8007, 7723, 7722, 7721, 7551, 7550, 7549, 6864, 6863, 6522, 6521, 6520, 6435, 6434, 6293, 6292, 6291, 6178, 6177, 6006, 6005, 5835, 5834, 5720, 5719, 5577, 5576, 5492, 5491, 5490, 5148, 5147, 4805, 4804, 4720, 4719, 4718, 4577, 4576, 4575, 4463, 4462, 4461, 4348, 4347, 4290, 4289, 4195, 4194, 4119, 4118, 4117, 4005, 4004, 4003, 3891, 3890, 3889, 3862, 3861, 3860, 3814, 3813, 3776, 3775, 3774, 3718, 3717, 3661, 3660, 3432, 3431, 3261, 3260, 3259, 3218, 3217, 3204, 3203, 3202, 3147, 3146, 3145, 3089, 3088, 3052, 3051, 3050, 3003, 3002, 2975, 2974, 2918, 2917, 2860, 2859, 2789, 2788, 2747, 2746, 2745, 2670, 2669, 2609, 2608, 2574, 2573, 2518, 2517, 2516, 2472, 2471, 2470, 2403, 2402, 2360, 2359, 2334, 2333, 2289, 2288, 2287, 2232, 2231, 2230, 2197, 2196, 2174, 2173, 2145, 2144, 2098, 2097, 2060, 2059, 2058, 2003, 2002, 2001, 1962, 1961, 1945, 1944, 1931, 1930, 1922, 1921, 1907, 1906, 1888, 1887, 1864, 1863, 1862, 1859, 1858, 1839, 1838, 1831, 1830, 1798, 1797, 1785, 1784, 1766, 1765, 1764, 1716, 1715, 1668, 1667, 1666, 1648, 1647, 1635, 1634, 1631, 1630, 1609, 1608, 1602, 1601, 1594, 1593, 1574, 1573, 1572, 1569, 1568, 1545, 1544, 1526, 1525, 1511, 1510, 1502, 1501, 1488, 1487, 1471, 1470, 1459, 1458, 1450, 1449, 1430, 1429, 1399, 1398, 1395, 1394, 1374, 1373, 1372, 1349, 1348, 1335, 1334, 1308, 1307, 1305, 1304, 1297, 1296
INFO: [IP_Flow 19-3438] Customization errors found on 'ddr4_sweep'. Restoring to previous valid configuration.
INFO: [Common 17-17] undo 'set_property'
MIGS_ROW: P= 858 cut= 2.914% UI(1/4P)= 291.375MHz REFUSED set_ok=0 t=7994ms err={ERROR: [Common 17-39] 'set_property' failed due to earlier errors. | } | holds: TimePeriod=833 InputClockPeriod=3332 MemoryPart=BLS4G4D240FSB-2400 CLKFBOUT_MULT=5 DIVCLK_DIVIDE=1 CLKOUT0_DIVIDE=5 CasLatency=16 CasWriteLatency=12
INFO: [IP_Flow 19-3484] Absolute path of file '/home/cah/r2d2/code/fpga/fable5_llm/synth/out_sr10_mig_probe_sweep/proj/sr10_mig_sweep.srcs/sources_1/imports/constraints/BLS4G4D240FSB.csv' provided. It will be converted relative to IP Instance files '../../imports/constraints/BLS4G4D240FSB.csv'
INFO: [IP_Flow 19-3484] Absolute path of file '/home/cah/r2d2/code/fpga/fable5_llm/synth/out_sr10_mig_probe_sweep/proj/sr10_mig_sweep.srcs/sources_1/imports/constraints/BLS4G4D240FSB.csv' provided. It will be converted relative to IP Instance files '../../imports/constraints/BLS4G4D240FSB.csv'
ERROR: [IP_Flow 19-3461] Value '3332' is out of the range for parameter 'C0.DDR4 InputClockPeriod(C0.DDR4_InputClockPeriod)' for IP 'ddr4_sweep' . Valid values are - 13744, 13743, 13057, 13056, 12885, 12884, 12370, 12369, 12027, 12026, 12025, 11683, 11682, 11681, 11167, 11166, 10996, 10995, 10308, 10307, 9621, 9620, 9449, 9448, 8934, 8933, 8590, 8589, 8247, 8246, 8245, 7732, 7731, 7730, 7560, 7559, 7558, 6872, 6871, 6529, 6528, 6527, 6443, 6442, 6185, 6184, 6014, 6013, 6012, 5842, 5841, 5840, 5584, 5583, 5582, 5498, 5497, 5154, 5153, 4811, 4810, 4725, 4724, 4723, 4582, 4581, 4580, 4467, 4466, 4353, 4352, 4351, 4295, 4294, 4200, 4199, 4124, 4123, 4122, 4009, 4008, 3895, 3894, 3866, 3865, 3818, 3817, 3781, 3780, 3779, 3723, 3722, 3721, 3666, 3665, 3436, 3435, 3265, 3264, 3263, 3222, 3221, 3207, 3206, 3150, 3149, 3093, 3092, 3055, 3054, 3007, 3006, 3005, 2978, 2977, 2921, 2920, 2864, 2863, 2792, 2791, 2749, 2748, 2673, 2672, 2612, 2611, 2577, 2576, 2520, 2519, 2475, 2474, 2473, 2406, 2405, 2363, 2362, 2361, 2337, 2336, 2292, 2291, 2290, 2234, 2233, 2200, 2199, 2198, 2177, 2176, 2175, 2148, 2147, 2062, 2061, 2005, 2004, 1964, 1963, 1948, 1947, 1933, 1932, 1925, 1924, 1923, 1909, 1908, 1891, 1890, 1889, 1866, 1865, 1862, 1861, 1841, 1840, 1833, 1832, 1787, 1786, 1768, 1767, 1766, 1718, 1717, 1669, 1668, 1650, 1649, 1633, 1632, 1631, 1611, 1610, 1604, 1603, 1596, 1595, 1575, 1574, 1571, 1570, 1547, 1546, 1528, 1527, 1512, 1511, 1504, 1503, 1489, 1488, 1473, 1472, 1461, 1460, 1451, 1450, 1432, 1431, 1396, 1395, 1375, 1374, 1350, 1349, 1337, 1336, 1309, 1308, 1306, 1305, 1299, 1298
INFO: [IP_Flow 19-3438] Customization errors found on 'ddr4_sweep'. Restoring to previous valid configuration.
INFO: [Common 17-17] undo 'set_property'
MIGS_ROW: P= 859 cut= 3.027% UI(1/4P)= 291.036MHz REFUSED set_ok=0 t=7943ms err={ERROR: [Common 17-39] 'set_property' failed due to earlier errors. | } | holds: TimePeriod=833 InputClockPeriod=3332 MemoryPart=BLS4G4D240FSB-2400 CLKFBOUT_MULT=5 DIVCLK_DIVIDE=1 CLKOUT0_DIVIDE=5 CasLatency=16 CasWriteLatency=12
INFO: [IP_Flow 19-3484] Absolute path of file '/home/cah/r2d2/code/fpga/fable5_llm/synth/out_sr10_mig_probe_sweep/proj/sr10_mig_sweep.srcs/sources_1/imports/constraints/BLS4G4D240FSB.csv' provided. It will be converted relative to IP Instance files '../../imports/constraints/BLS4G4D240FSB.csv'
INFO: [IP_Flow 19-3484] Absolute path of file '/home/cah/r2d2/code/fpga/fable5_llm/synth/out_sr10_mig_probe_sweep/proj/sr10_mig_sweep.srcs/sources_1/imports/constraints/BLS4G4D240FSB.csv' provided. It will be converted relative to IP Instance files '../../imports/constraints/BLS4G4D240FSB.csv'
ERROR: [IP_Flow 19-3461] Value '3332' is out of the range for parameter 'C0.DDR4 InputClockPeriod(C0.DDR4_InputClockPeriod)' for IP 'ddr4_sweep' . Valid values are - 13761, 13760, 13073, 13072, 13071, 12901, 12900, 12385, 12384, 12041, 12040, 12039, 11697, 11696, 11181, 11180, 11009, 11008, 11007, 10321, 10320, 9633, 9632, 9461, 9460, 8945, 8944, 8943, 8601, 8600, 8257, 8256, 8255, 7741, 7740, 7569, 7568, 6881, 6880, 6537, 6536, 6535, 6451, 6450, 6193, 6192, 6021, 6020, 6019, 5849, 5848, 5591, 5590, 5505, 5504, 5503, 5161, 5160, 4817, 4816, 4731, 4730, 4587, 4586, 4473, 4472, 4471, 4358, 4357, 4301, 4300, 4204, 4203, 4129, 4128, 4127, 4014, 4013, 3900, 3899, 3898, 3871, 3870, 3822, 3821, 3785, 3784, 3727, 3726, 3670, 3669, 3668, 3441, 3440, 3269, 3268, 3267, 3226, 3225, 3211, 3210, 3154, 3153, 3152, 3097, 3096, 3059, 3058, 3011, 3010, 3009, 2982, 2981, 2925, 2924, 2867, 2866, 2796, 2795, 2753, 2752, 2751, 2615, 2614, 2581, 2580, 2524, 2523, 2522, 2477, 2476, 2409, 2408, 2366, 2365, 2340, 2339, 2338, 2294, 2293, 2237, 2236, 2235, 2202, 2201, 2179, 2178, 2151, 2150, 2065, 2064, 2063, 2007, 2006, 1966, 1965, 1950, 1949, 1936, 1935, 1927, 1926, 1911, 1910, 1893, 1892, 1868, 1867, 1864, 1863, 1843, 1842, 1835, 1834, 1802, 1801, 1789, 1788, 1770, 1769, 1721, 1720, 1671, 1670, 1652, 1651, 1639, 1638, 1635, 1634, 1633, 1613, 1612, 1606, 1605, 1598, 1597, 1577, 1576, 1573, 1572, 1549, 1548, 1530, 1529, 1528, 1514, 1513, 1506, 1505, 1504, 1491, 1490, 1475, 1474, 1463, 1462, 1453, 1452, 1434, 1433, 1398, 1397, 1377, 1376, 1375, 1352, 1351, 1338, 1337, 1308, 1307, 1300, 1299
INFO: [IP_Flow 19-3438] Customization errors found on 'ddr4_sweep'. Restoring to previous valid configuration.
INFO: [Common 17-17] undo 'set_property'
MIGS_ROW: P= 860 cut= 3.140% UI(1/4P)= 290.698MHz REFUSED set_ok=0 t=7903ms err={ERROR: [Common 17-39] 'set_property' failed due to earlier errors. | } | holds: TimePeriod=833 InputClockPeriod=3332 MemoryPart=BLS4G4D240FSB-2400 CLKFBOUT_MULT=5 DIVCLK_DIVIDE=1 CLKOUT0_DIVIDE=5 CasLatency=16 CasWriteLatency=12
INFO: [IP_Flow 19-3484] Absolute path of file '/home/cah/r2d2/code/fpga/fable5_llm/synth/out_sr10_mig_probe_sweep/proj/sr10_mig_sweep.srcs/sources_1/imports/constraints/BLS4G4D240FSB.csv' provided. It will be converted relative to IP Instance files '../../imports/constraints/BLS4G4D240FSB.csv'
INFO: [IP_Flow 19-3484] Absolute path of file '/home/cah/r2d2/code/fpga/fable5_llm/synth/out_sr10_mig_probe_sweep/proj/sr10_mig_sweep.srcs/sources_1/imports/constraints/BLS4G4D240FSB.csv' provided. It will be converted relative to IP Instance files '../../imports/constraints/BLS4G4D240FSB.csv'
ERROR: [IP_Flow 19-3461] Value '3332' is out of the range for parameter 'C0.DDR4 InputClockPeriod(C0.DDR4_InputClockPeriod)' for IP 'ddr4_sweep' . Valid values are - 13777, 13776, 13088, 13087, 12916, 12915, 12399, 12398, 12397, 12054, 12053, 11711, 11710, 11709, 11194, 11193, 11021, 11020, 10333, 10332, 10331, 9644, 9643, 9471, 9470, 8955, 8954, 8953, 8611, 8610, 8609, 8266, 8265, 7750, 7749, 7748, 7577, 7576, 6889, 6888, 6544, 6543, 6459, 6458, 6457, 6200, 6199, 6198, 6027, 6026, 5856, 5855, 5854, 5597, 5596, 5511, 5510, 5509, 5167, 5166, 5165, 4823, 4822, 4821, 4736, 4735, 4593, 4592, 4591, 4478, 4477, 4476, 4363, 4362, 4361, 4306, 4305, 4304, 4210, 4209, 4133, 4132, 4019, 4018, 4017, 3904, 3903, 3876, 3875, 3874, 3873, 3828, 3827, 3789, 3788, 3732, 3731, 3675, 3674, 3673, 3445, 3444, 3272, 3271, 3230, 3229, 3228, 3215, 3214, 3158, 3157, 3156, 3100, 3099, 3062, 3061, 3014, 3013, 2986, 2985, 2984, 2928, 2927, 2870, 2869, 2799, 2798, 2756, 2755, 2754, 2679, 2678, 2618, 2617, 2584, 2583, 2582, 2527, 2526, 2525, 2480, 2479, 2412, 2411, 2410, 2368, 2367, 2343, 2342, 2341, 2297, 2296, 2295, 2239, 2238, 2205, 2204, 2203, 2182, 2181, 2154, 2153, 2152, 2151, 2067, 2066, 2010, 2009, 2008, 1969, 1968, 1967, 1952, 1951, 1938, 1937, 1929, 1928, 1895, 1894, 1870, 1869, 1866, 1865, 1845, 1844, 1838, 1837, 1836, 1792, 1791, 1790, 1772, 1771, 1723, 1722, 1673, 1672, 1654, 1653, 1652, 1636, 1635, 1615, 1614, 1608, 1607, 1600, 1599, 1579, 1578, 1575, 1574, 1550, 1549, 1531, 1530, 1516, 1515, 1507, 1506, 1493, 1492, 1477, 1476, 1464, 1463, 1455, 1454, 1435, 1434, 1400, 1399, 1378, 1377, 1354, 1353, 1352, 1340, 1339, 1309, 1308, 1302, 1301, 1300, 1292, 1291
INFO: [IP_Flow 19-3438] Customization errors found on 'ddr4_sweep'. Restoring to previous valid configuration.
INFO: [Common 17-17] undo 'set_property'
MIGS_ROW: P= 861 cut= 3.252% UI(1/4P)= 290.360MHz REFUSED set_ok=0 t=7928ms err={ERROR: [Common 17-39] 'set_property' failed due to earlier errors. | } | holds: TimePeriod=833 InputClockPeriod=3332 MemoryPart=BLS4G4D240FSB-2400 CLKFBOUT_MULT=5 DIVCLK_DIVIDE=1 CLKOUT0_DIVIDE=5 CasLatency=16 CasWriteLatency=12
INFO: [IP_Flow 19-3484] Absolute path of file '/home/cah/r2d2/code/fpga/fable5_llm/synth/out_sr10_mig_probe_sweep/proj/sr10_mig_sweep.srcs/sources_1/imports/constraints/BLS4G4D240FSB.csv' provided. It will be converted relative to IP Instance files '../../imports/constraints/BLS4G4D240FSB.csv'
INFO: [IP_Flow 19-3484] Absolute path of file '/home/cah/r2d2/code/fpga/fable5_llm/synth/out_sr10_mig_probe_sweep/proj/sr10_mig_sweep.srcs/sources_1/imports/constraints/BLS4G4D240FSB.csv' provided. It will be converted relative to IP Instance files '../../imports/constraints/BLS4G4D240FSB.csv'
ERROR: [IP_Flow 19-3461] Value '3332' is out of the range for parameter 'C0.DDR4 InputClockPeriod(C0.DDR4_InputClockPeriod)' for IP 'ddr4_sweep' . Valid values are - 13793, 13792, 13103, 13102, 13101, 12931, 12930, 12929, 12414, 12413, 12412, 12069, 12068, 11724, 11723, 11722, 11207, 11206, 11034, 11033, 10345, 10344, 9655, 9654, 9653, 9483, 9482, 8965, 8964, 8621, 8620, 8276, 8275, 8274, 7759, 7758, 7586, 7585, 6897, 6896, 6552, 6551, 6550, 6466, 6465, 6464, 6207, 6206, 6035, 6034, 5863, 5862, 5861, 5604, 5603, 5517, 5516, 5173, 5172, 4828, 4827, 4826, 4742, 4741, 4598, 4597, 4483, 4482, 4481, 4368, 4367, 4366, 4311, 4310, 4138, 4137, 4023, 4022, 3909, 3908, 3907, 3880, 3879, 3793, 3792, 3736, 3735, 3678, 3677, 3449, 3448, 3277, 3276, 3275, 3233, 3232, 3219, 3218, 3161, 3160, 3104, 3103, 3018, 3017, 2989, 2988, 2987, 2932, 2931, 2930, 2874, 2873, 2802, 2801, 2759, 2758, 2682, 2681, 2621, 2620, 2587, 2586, 2529, 2528, 2483, 2482, 2414, 2413, 2371, 2370, 2345, 2344, 2299, 2298, 2242, 2241, 2240, 2207, 2206, 2184, 2183, 2156, 2155, 2069, 2068, 2012, 2011, 2010, 1971, 1970, 1955, 1954, 1953, 1940, 1939, 1931, 1930, 1897, 1896, 1872, 1871, 1868, 1867, 1848, 1847, 1839, 1838, 1807, 1806, 1793, 1792, 1774, 1773, 1725, 1724, 1675, 1674, 1656, 1655, 1654, 1642, 1641, 1638, 1637, 1617, 1616, 1610, 1609, 1601, 1600, 1581, 1580, 1577, 1576, 1552, 1551, 1533, 1532, 1518, 1517, 1516, 1509, 1508, 1495, 1494, 1478, 1477, 1466, 1465, 1456, 1455, 1437, 1436, 1401, 1400, 1380, 1379, 1355, 1354, 1341, 1340, 1311, 1310, 1303, 1302, 1294, 1293
INFO: [IP_Flow 19-3438] Customization errors found on 'ddr4_sweep'. Restoring to previous valid configuration.
INFO: [Common 17-17] undo 'set_property'
MIGS_ROW: P= 862 cut= 3.364% UI(1/4P)= 290.023MHz REFUSED set_ok=0 t=7895ms err={ERROR: [Common 17-39] 'set_property' failed due to earlier errors. | } | holds: TimePeriod=833 InputClockPeriod=3332 MemoryPart=BLS4G4D240FSB-2400 CLKFBOUT_MULT=5 DIVCLK_DIVIDE=1 CLKOUT0_DIVIDE=5 CasLatency=16 CasWriteLatency=12
INFO: [IP_Flow 19-3484] Absolute path of file '/home/cah/r2d2/code/fpga/fable5_llm/synth/out_sr10_mig_probe_sweep/proj/sr10_mig_sweep.srcs/sources_1/imports/constraints/BLS4G4D240FSB.csv' provided. It will be converted relative to IP Instance files '../../imports/constraints/BLS4G4D240FSB.csv'
INFO: [IP_Flow 19-3484] Absolute path of file '/home/cah/r2d2/code/fpga/fable5_llm/synth/out_sr10_mig_probe_sweep/proj/sr10_mig_sweep.srcs/sources_1/imports/constraints/BLS4G4D240FSB.csv' provided. It will be converted relative to IP Instance files '../../imports/constraints/BLS4G4D240FSB.csv'
ERROR: [IP_Flow 19-3461] Value '3332' is out of the range for parameter 'C0.DDR4 InputClockPeriod(C0.DDR4_InputClockPeriod)' for IP 'ddr4_sweep' . Valid values are - 13809, 13808, 13119, 13118, 13117, 12946, 12945, 12428, 12427, 12426, 12083, 12082, 11738, 11737, 11736, 11219, 11218, 11047, 11046, 11045, 10357, 10356, 9666, 9665, 9494, 9493, 8976, 8975, 8974, 8631, 8630, 8286, 8285, 8284, 7768, 7767, 7595, 7594, 6905, 6904, 6560, 6559, 6558, 6474, 6473, 6472, 6214, 6213, 6042, 6041, 5869, 5868, 5867, 5610, 5609, 5524, 5523, 5522, 5179, 5178, 4833, 4832, 4748, 4747, 4746, 4604, 4603, 4602, 4488, 4487, 4374, 4373, 4372, 4316, 4315, 4143, 4142, 4028, 4027, 3913, 3912, 3885, 3884, 3883, 3837, 3836, 3798, 3797, 3741, 3740, 3739, 3683, 3682, 3453, 3452, 3280, 3279, 3278, 3237, 3236, 3235, 3222, 3221, 3165, 3164, 3163, 3107, 3106, 3068, 3067, 3022, 3021, 3020, 2992, 2991, 2935, 2934, 2933, 2877, 2876, 2806, 2805, 2804, 2762, 2761, 2624, 2623, 2590, 2589, 2532, 2531, 2486, 2485, 2417, 2416, 2415, 2374, 2373, 2372, 2348, 2347, 2302, 2301, 2300, 2244, 2243, 2210, 2209, 2187, 2186, 2159, 2158, 2157, 2072, 2071, 2015, 2014, 2013, 1973, 1972, 1957, 1956, 1942, 1941, 1934, 1933, 1919, 1918, 1899, 1898, 1875, 1874, 1873, 1870, 1869, 1850, 1849, 1842, 1841, 1796, 1795, 1794, 1776, 1775, 1727, 1726, 1677, 1676, 1657, 1656, 1640, 1639, 1619, 1618, 1611, 1610, 1603, 1602, 1583, 1582, 1579, 1578, 1577, 1554, 1553, 1535, 1534, 1533, 1520, 1519, 1518, 1511, 1510, 1496, 1495, 1480, 1479, 1468, 1467, 1458, 1457, 1439, 1438, 1403, 1402, 1381, 1380, 1357, 1356, 1343, 1342, 1315, 1314, 1312, 1311, 1305, 1304, 1295, 1294
INFO: [IP_Flow 19-3438] Customization errors found on 'ddr4_sweep'. Restoring to previous valid configuration.
INFO: [Common 17-17] undo 'set_property'
MIGS_ROW: P= 863 cut= 3.476% UI(1/4P)= 289.687MHz REFUSED set_ok=0 t=7875ms err={ERROR: [Common 17-39] 'set_property' failed due to earlier errors. | } | holds: TimePeriod=833 InputClockPeriod=3332 MemoryPart=BLS4G4D240FSB-2400 CLKFBOUT_MULT=5 DIVCLK_DIVIDE=1 CLKOUT0_DIVIDE=5 CasLatency=16 CasWriteLatency=12
INFO: [IP_Flow 19-3484] Absolute path of file '/home/cah/r2d2/code/fpga/fable5_llm/synth/out_sr10_mig_probe_sweep/proj/sr10_mig_sweep.srcs/sources_1/imports/constraints/BLS4G4D240FSB.csv' provided. It will be converted relative to IP Instance files '../../imports/constraints/BLS4G4D240FSB.csv'
INFO: [IP_Flow 19-3484] Absolute path of file '/home/cah/r2d2/code/fpga/fable5_llm/synth/out_sr10_mig_probe_sweep/proj/sr10_mig_sweep.srcs/sources_1/imports/constraints/BLS4G4D240FSB.csv' provided. It will be converted relative to IP Instance files '../../imports/constraints/BLS4G4D240FSB.csv'
ERROR: [IP_Flow 19-3461] Value '3332' is out of the range for parameter 'C0.DDR4 InputClockPeriod(C0.DDR4_InputClockPeriod)' for IP 'ddr4_sweep' . Valid values are - 13825, 13824, 13133, 13132, 12961, 12960, 12442, 12441, 12097, 12096, 12095, 11751, 11750, 11749, 11233, 11232, 11231, 11060, 11059, 10369, 10368, 9677, 9676, 9505, 9504, 9503, 8987, 8986, 8985, 8641, 8640, 8295, 8294, 7777, 7776, 7775, 7604, 7603, 6913, 6912, 6567, 6566, 6565, 6481, 6480, 6221, 6220, 6049, 6048, 6047, 5876, 5875, 5874, 5617, 5616, 5615, 5530, 5529, 5185, 5184, 4839, 4838, 4753, 4752, 4751, 4609, 4608, 4494, 4493, 4492, 4379, 4378, 4377, 4321, 4320, 4148, 4147, 4033, 4032, 3917, 3916, 3889, 3888, 3887, 3802, 3801, 3745, 3744, 3743, 3687, 3686, 3457, 3456, 3284, 3283, 3282, 3241, 3240, 3226, 3225, 3169, 3168, 3111, 3110, 3025, 3024, 3023, 2996, 2995, 2994, 2938, 2937, 2881, 2880, 2879, 2809, 2808, 2807, 2765, 2764, 2627, 2626, 2593, 2592, 2535, 2534, 2533, 2489, 2488, 2420, 2419, 2377, 2376, 2375, 2351, 2350, 2349, 2305, 2304, 2247, 2246, 2213, 2212, 2211, 2189, 2188, 2161, 2160, 2075, 2074, 2073, 2017, 2016, 1975, 1974, 1959, 1958, 1945, 1944, 1943, 1936, 1935, 1901, 1900, 1877, 1876, 1872, 1871, 1852, 1851, 1844, 1843, 1798, 1797, 1796, 1778, 1777, 1729, 1728, 1679, 1678, 1659, 1658, 1642, 1641, 1621, 1620, 1613, 1612, 1605, 1604, 1585, 1584, 1580, 1579, 1556, 1555, 1537, 1536, 1535, 1521, 1520, 1513, 1512, 1511, 1498, 1497, 1482, 1481, 1469, 1468, 1460, 1459, 1441, 1440, 1439, 1405, 1404, 1403, 1383, 1382, 1358, 1357, 1345, 1344, 1314, 1313, 1306, 1305, 1297, 1296
INFO: [IP_Flow 19-3438] Customization errors found on 'ddr4_sweep'. Restoring to previous valid configuration.
INFO: [Common 17-17] undo 'set_property'
MIGS_ROW: P= 864 cut= 3.588% UI(1/4P)= 289.352MHz REFUSED set_ok=0 t=7969ms err={ERROR: [Common 17-39] 'set_property' failed due to earlier errors. | } | holds: TimePeriod=833 InputClockPeriod=3332 MemoryPart=BLS4G4D240FSB-2400 CLKFBOUT_MULT=5 DIVCLK_DIVIDE=1 CLKOUT0_DIVIDE=5 CasLatency=16 CasWriteLatency=12
INFO: [IP_Flow 19-3484] Absolute path of file '/home/cah/r2d2/code/fpga/fable5_llm/synth/out_sr10_mig_probe_sweep/proj/sr10_mig_sweep.srcs/sources_1/imports/constraints/BLS4G4D240FSB.csv' provided. It will be converted relative to IP Instance files '../../imports/constraints/BLS4G4D240FSB.csv'
INFO: [IP_Flow 19-3484] Absolute path of file '/home/cah/r2d2/code/fpga/fable5_llm/synth/out_sr10_mig_probe_sweep/proj/sr10_mig_sweep.srcs/sources_1/imports/constraints/BLS4G4D240FSB.csv' provided. It will be converted relative to IP Instance files '../../imports/constraints/BLS4G4D240FSB.csv'
ERROR: [IP_Flow 19-3461] Value '3332' is out of the range for parameter 'C0.DDR4 InputClockPeriod(C0.DDR4_InputClockPeriod)' for IP 'ddr4_sweep' . Valid values are - 13841, 13840, 13149, 13148, 13147, 12976, 12975, 12687, 12686, 12457, 12456, 12111, 12110, 12109, 11765, 11764, 11763, 11534, 11533, 11245, 11244, 11073, 11072, 10381, 10380, 10379, 9689, 9688, 9687, 9516, 9515, 9227, 9226, 8997, 8996, 8305, 8304, 8074, 8073, 7786, 7785, 7613, 7612, 7611, 6921, 6920, 6575, 6574, 6573, 6488, 6487, 6344, 6343, 6229, 6228, 6056, 6055, 6054, 5883, 5882, 5881, 5767, 5766, 5623, 5622, 5621, 5537, 5536, 5191, 5190, 5189, 4845, 4844, 4843, 4758, 4757, 4614, 4613, 4612, 4499, 4498, 4383, 4382, 4326, 4325, 4229, 4228, 4153, 4152, 4151, 4038, 4037, 4036, 3922, 3921, 3920, 3894, 3893, 3892, 3844, 3843, 3807, 3806, 3805, 3749, 3748, 3691, 3690, 3461, 3460, 3288, 3287, 3286, 3244, 3243, 3230, 3229, 3172, 3171, 3115, 3114, 3076, 3075, 3029, 3028, 3027, 2999, 2998, 2942, 2941, 2940, 2884, 2883, 2812, 2811, 2810, 2769, 2768, 2692, 2691, 2630, 2629, 2596, 2595, 2538, 2537, 2536, 2492, 2491, 2423, 2422, 2421, 2379, 2378, 2353, 2352, 2307, 2306, 2250, 2249, 2215, 2214, 2192, 2191, 2163, 2162, 2115, 2114, 2077, 2076, 2075, 2019, 2018, 1978, 1977, 1961, 1960, 1947, 1946, 1938, 1937, 1922, 1921, 1904, 1903, 1902, 1879, 1878, 1875, 1874, 1854, 1853, 1846, 1845, 1800, 1799, 1780, 1779, 1731, 1730, 1681, 1680, 1661, 1660, 1644, 1643, 1622, 1621, 1615, 1614, 1607, 1606, 1586, 1585, 1582, 1581, 1558, 1557, 1538, 1537, 1523, 1522, 1514, 1513, 1500, 1499, 1483, 1482, 1471, 1470, 1461, 1460, 1442, 1441, 1406, 1405, 1385, 1384, 1360, 1359, 1346, 1345, 1319, 1318, 1315, 1314, 1308, 1307, 1298, 1297
INFO: [IP_Flow 19-3438] Customization errors found on 'ddr4_sweep'. Restoring to previous valid configuration.
INFO: [Common 17-17] undo 'set_property'
MIGS_ROW: P= 865 cut= 3.699% UI(1/4P)= 289.017MHz REFUSED set_ok=0 t=7796ms err={ERROR: [Common 17-39] 'set_property' failed due to earlier errors. | } | holds: TimePeriod=833 InputClockPeriod=3332 MemoryPart=BLS4G4D240FSB-2400 CLKFBOUT_MULT=5 DIVCLK_DIVIDE=1 CLKOUT0_DIVIDE=5 CasLatency=16 CasWriteLatency=12
INFO: [IP_Flow 19-3484] Absolute path of file '/home/cah/r2d2/code/fpga/fable5_llm/synth/out_sr10_mig_probe_sweep/proj/sr10_mig_sweep.srcs/sources_1/imports/constraints/BLS4G4D240FSB.csv' provided. It will be converted relative to IP Instance files '../../imports/constraints/BLS4G4D240FSB.csv'
INFO: [IP_Flow 19-3484] Absolute path of file '/home/cah/r2d2/code/fpga/fable5_llm/synth/out_sr10_mig_probe_sweep/proj/sr10_mig_sweep.srcs/sources_1/imports/constraints/BLS4G4D240FSB.csv' provided. It will be converted relative to IP Instance files '../../imports/constraints/BLS4G4D240FSB.csv'
ERROR: [IP_Flow 19-3461] Value '3332' is out of the range for parameter 'C0.DDR4 InputClockPeriod(C0.DDR4_InputClockPeriod)' for IP 'ddr4_sweep' . Valid values are - 13857, 13856, 13164, 13163, 12991, 12990, 12471, 12470, 12125, 12124, 11778, 11777, 11259, 11258, 11086, 11085, 11084, 10393, 10392, 9700, 9699, 9698, 9527, 9526, 9007, 9006, 9005, 8661, 8660, 8659, 8315, 8314, 8313, 7795, 7794, 7622, 7621, 7620, 6929, 6928, 6583, 6582, 6581, 6496, 6495, 6236, 6235, 6063, 6062, 5889, 5888, 5630, 5629, 5543, 5542, 5541, 5197, 5196, 4851, 4850, 4849, 4764, 4763, 4620, 4619, 4618, 4504, 4503, 4502, 4389, 4388, 4387, 4331, 4330, 4329, 4158, 4157, 4156, 4042, 4041, 4040, 3927, 3926, 3925, 3898, 3897, 3811, 3810, 3809, 3754, 3753, 3752, 3696, 3695, 3694, 3465, 3464, 3292, 3291, 3290, 3248, 3247, 3234, 3233, 3232, 3176, 3175, 3174, 3118, 3117, 3032, 3031, 3003, 3002, 3001, 2945, 2944, 2887, 2886, 2815, 2814, 2772, 2771, 2770, 2694, 2693, 2633, 2632, 2599, 2598, 2541, 2540, 2495, 2494, 2493, 2426, 2425, 2424, 2382, 2381, 2356, 2355, 2310, 2309, 2308, 2252, 2251, 2217, 2216, 2195, 2194, 2193, 2166, 2165, 2164, 2079, 2078, 2077, 2021, 2020, 1980, 1979, 1964, 1963, 1962, 1949, 1948, 1940, 1939, 1906, 1905, 1904, 1881, 1880, 1877, 1876, 1856, 1855, 1848, 1847, 1802, 1801, 1782, 1781, 1733, 1732, 1683, 1682, 1663, 1662, 1646, 1645, 1624, 1623, 1617, 1616, 1609, 1608, 1588, 1587, 1584, 1583, 1559, 1558, 1540, 1539, 1525, 1524, 1516, 1515, 1502, 1501, 1500, 1485, 1484, 1473, 1472, 1463, 1462, 1444, 1443, 1408, 1407, 1386, 1385, 1361, 1360, 1348, 1347, 1346, 1317, 1316, 1309, 1308, 1300, 1299
INFO: [IP_Flow 19-3438] Customization errors found on 'ddr4_sweep'. Restoring to previous valid configuration.
INFO: [Common 17-17] undo 'set_property'
MIGS_ROW: P= 866 cut= 3.811% UI(1/4P)= 288.684MHz REFUSED set_ok=0 t=7796ms err={ERROR: [Common 17-39] 'set_property' failed due to earlier errors. | } | holds: TimePeriod=833 InputClockPeriod=3332 MemoryPart=BLS4G4D240FSB-2400 CLKFBOUT_MULT=5 DIVCLK_DIVIDE=1 CLKOUT0_DIVIDE=5 CasLatency=16 CasWriteLatency=12
INFO: [IP_Flow 19-3484] Absolute path of file '/home/cah/r2d2/code/fpga/fable5_llm/synth/out_sr10_mig_probe_sweep/proj/sr10_mig_sweep.srcs/sources_1/imports/constraints/BLS4G4D240FSB.csv' provided. It will be converted relative to IP Instance files '../../imports/constraints/BLS4G4D240FSB.csv'
INFO: [IP_Flow 19-3484] Absolute path of file '/home/cah/r2d2/code/fpga/fable5_llm/synth/out_sr10_mig_probe_sweep/proj/sr10_mig_sweep.srcs/sources_1/imports/constraints/BLS4G4D240FSB.csv' provided. It will be converted relative to IP Instance files '../../imports/constraints/BLS4G4D240FSB.csv'
ERROR: [IP_Flow 19-3461] Value '3332' is out of the range for parameter 'C0.DDR4 InputClockPeriod(C0.DDR4_InputClockPeriod)' for IP 'ddr4_sweep' . Valid values are - 13872, 13871, 13179, 13178, 13006, 13005, 13004, 12486, 12485, 12484, 12139, 12138, 12137, 11792, 11791, 11271, 11270, 11099, 11098, 11097, 10405, 10404, 10403, 9711, 9710, 9538, 9537, 9536, 9018, 9017, 9016, 8670, 8669, 8324, 8323, 8322, 7803, 7802, 7630, 7629, 6936, 6935, 6590, 6589, 6503, 6502, 6243, 6242, 6241, 6070, 6069, 6068, 5897, 5896, 5895, 5636, 5635, 5634, 5550, 5549, 5548, 5203, 5202, 5201, 4856, 4855, 4770, 4769, 4768, 4625, 4624, 4623, 4509, 4508, 4507, 4394, 4393, 4392, 4335, 4334, 4240, 4239, 4162, 4161, 4047, 4046, 4045, 3931, 3930, 3929, 3902, 3901, 3853, 3852, 3815, 3814, 3757, 3756, 3700, 3699, 3468, 3467, 3295, 3294, 3252, 3251, 3238, 3237, 3236, 3179, 3178, 3122, 3121, 3120, 3084, 3083, 3036, 3035, 3034, 3033, 3006, 3005, 2949, 2948, 2947, 2891, 2890, 2889, 2819, 2818, 2817, 2775, 2774, 2698, 2697, 2636, 2635, 2602, 2601, 2600, 2544, 2543, 2497, 2496, 2429, 2428, 2427, 2385, 2384, 2359, 2358, 2313, 2312, 2311, 2255, 2254, 2253, 2220, 2219, 2197, 2196, 2168, 2167, 2166, 2081, 2080, 2024, 2023, 2022, 1982, 1981, 1966, 1965, 1951, 1950, 1943, 1942, 1908, 1907, 1883, 1882, 1879, 1878, 1858, 1857, 1850, 1849, 1804, 1803, 1784, 1783, 1734, 1733, 1685, 1684, 1665, 1664, 1648, 1647, 1626, 1625, 1619, 1618, 1611, 1610, 1590, 1589, 1586, 1585, 1561, 1560, 1542, 1541, 1527, 1526, 1525, 1518, 1517, 1503, 1502, 1487, 1486, 1474, 1473, 1465, 1464, 1446, 1445, 1444, 1409, 1408, 1388, 1387, 1363, 1362, 1349, 1348, 1318, 1317, 1311, 1310, 1301, 1300
INFO: [IP_Flow 19-3438] Customization errors found on 'ddr4_sweep'. Restoring to previous valid configuration.
INFO: [Common 17-17] undo 'set_property'
MIGS_ROW: P= 867 cut= 3.922% UI(1/4P)= 288.351MHz REFUSED set_ok=0 t=7949ms err={ERROR: [Common 17-39] 'set_property' failed due to earlier errors. | } | holds: TimePeriod=833 InputClockPeriod=3332 MemoryPart=BLS4G4D240FSB-2400 CLKFBOUT_MULT=5 DIVCLK_DIVIDE=1 CLKOUT0_DIVIDE=5 CasLatency=16 CasWriteLatency=12
INFO: [IP_Flow 19-3484] Absolute path of file '/home/cah/r2d2/code/fpga/fable5_llm/synth/out_sr10_mig_probe_sweep/proj/sr10_mig_sweep.srcs/sources_1/imports/constraints/BLS4G4D240FSB.csv' provided. It will be converted relative to IP Instance files '../../imports/constraints/BLS4G4D240FSB.csv'
INFO: [IP_Flow 19-3484] Absolute path of file '/home/cah/r2d2/code/fpga/fable5_llm/synth/out_sr10_mig_probe_sweep/proj/sr10_mig_sweep.srcs/sources_1/imports/constraints/BLS4G4D240FSB.csv' provided. It will be converted relative to IP Instance files '../../imports/constraints/BLS4G4D240FSB.csv'
ERROR: [IP_Flow 19-3461] Value '3332' is out of the range for parameter 'C0.DDR4 InputClockPeriod(C0.DDR4_InputClockPeriod)' for IP 'ddr4_sweep' . Valid values are - 13889, 13888, 13194, 13193, 13020, 13019, 12500, 12499, 12498, 12153, 12152, 11805, 11804, 11285, 11284, 11111, 11110, 11109, 10417, 10416, 10415, 9722, 9721, 9548, 9547, 9028, 9027, 9026, 8334, 8333, 8332, 7812, 7811, 7639, 7638, 7637, 6945, 6944, 6597, 6596, 6510, 6509, 6250, 6249, 6077, 6076, 5903, 5902, 5901, 5643, 5642, 5556, 5555, 5554, 5209, 5208, 5207, 4861, 4860, 4774, 4773, 4630, 4629, 4515, 4514, 4513, 4398, 4397, 4341, 4340, 4339, 4244, 4243, 4167, 4166, 4165, 4051, 4050, 3935, 3934, 3906, 3905, 3858, 3857, 3820, 3819, 3818, 3762, 3761, 3704, 3703, 3473, 3472, 3299, 3298, 3297, 3255, 3254, 3241, 3240, 3183, 3182, 3125, 3124, 3087, 3086, 3039, 3038, 3010, 3009, 3008, 2952, 2951, 2950, 2893, 2892, 2822, 2821, 2779, 2778, 2777, 2701, 2700, 2639, 2638, 2605, 2604, 2603, 2547, 2546, 2545, 2500, 2499, 2431, 2430, 2429, 2387, 2386, 2361, 2360, 2315, 2314, 2258, 2257, 2256, 2223, 2222, 2221, 2199, 2198, 2170, 2169, 2084, 2083, 2082, 2026, 2025, 1985, 1984, 1983, 1968, 1967, 1953, 1952, 1945, 1944, 1929, 1928, 1910, 1909, 1885, 1884, 1881, 1880, 1861, 1860, 1853, 1852, 1851, 1806, 1805, 1786, 1785, 1737, 1736, 1687, 1686, 1667, 1666, 1650, 1649, 1628, 1627, 1621, 1620, 1612, 1611, 1592, 1591, 1588, 1587, 1563, 1562, 1544, 1543, 1528, 1527, 1520, 1519, 1505, 1504, 1488, 1487, 1476, 1475, 1467, 1466, 1465, 1447, 1446, 1411, 1410, 1390, 1389, 1388, 1365, 1364, 1351, 1350, 1320, 1319, 1312, 1311, 1303, 1302
INFO: [IP_Flow 19-3438] Customization errors found on 'ddr4_sweep'. Restoring to previous valid configuration.
INFO: [Common 17-17] undo 'set_property'
MIGS_ROW: P= 868 cut= 4.032% UI(1/4P)= 288.018MHz REFUSED set_ok=0 t=7688ms err={ERROR: [Common 17-39] 'set_property' failed due to earlier errors. | } | holds: TimePeriod=833 InputClockPeriod=3332 MemoryPart=BLS4G4D240FSB-2400 CLKFBOUT_MULT=5 DIVCLK_DIVIDE=1 CLKOUT0_DIVIDE=5 CasLatency=16 CasWriteLatency=12
INFO: [IP_Flow 19-3484] Absolute path of file '/home/cah/r2d2/code/fpga/fable5_llm/synth/out_sr10_mig_probe_sweep/proj/sr10_mig_sweep.srcs/sources_1/imports/constraints/BLS4G4D240FSB.csv' provided. It will be converted relative to IP Instance files '../../imports/constraints/BLS4G4D240FSB.csv'
INFO: [IP_Flow 19-3484] Absolute path of file '/home/cah/r2d2/code/fpga/fable5_llm/synth/out_sr10_mig_probe_sweep/proj/sr10_mig_sweep.srcs/sources_1/imports/constraints/BLS4G4D240FSB.csv' provided. It will be converted relative to IP Instance files '../../imports/constraints/BLS4G4D240FSB.csv'
ERROR: [IP_Flow 19-3461] Value '3332' is out of the range for parameter 'C0.DDR4 InputClockPeriod(C0.DDR4_InputClockPeriod)' for IP 'ddr4_sweep' . Valid values are - 13904, 13903, 13210, 13209, 13208, 13036, 13035, 13034, 12515, 12514, 12513, 12167, 12166, 12165, 11819, 11818, 11298, 11297, 11296, 11124, 11123, 10428, 10427, 9733, 9732, 9559, 9558, 9038, 9037, 8691, 8690, 8689, 8343, 8342, 7822, 7821, 7820, 7648, 7647, 6952, 6951, 6605, 6604, 6603, 6518, 6517, 6516, 6258, 6257, 6256, 6084, 6083, 6082, 5910, 5909, 5649, 5648, 5562, 5561, 5214, 5213, 4867, 4866, 4780, 4779, 4636, 4635, 4634, 4519, 4518, 4404, 4403, 4402, 4346, 4345, 4344, 4249, 4248, 4172, 4171, 4056, 4055, 4054, 3940, 3939, 3911, 3910, 3862, 3861, 3824, 3823, 3767, 3766, 3765, 3708, 3707, 3477, 3476, 3475, 3303, 3302, 3301, 3259, 3258, 3245, 3244, 3243, 3187, 3186, 3185, 3129, 3128, 3090, 3089, 3042, 3041, 3040, 3014, 3013, 3012, 2955, 2954, 2898, 2897, 2896, 2825, 2824, 2781, 2780, 2705, 2704, 2643, 2642, 2641, 2607, 2606, 2550, 2549, 2503, 2502, 2434, 2433, 2391, 2390, 2389, 2364, 2363, 2318, 2317, 2316, 2260, 2259, 2225, 2224, 2202, 2201, 2173, 2172, 2087, 2086, 2085, 2028, 2027, 1987, 1986, 1970, 1969, 1956, 1955, 1947, 1946, 1931, 1930, 1912, 1911, 1887, 1886, 1883, 1882, 1863, 1862, 1854, 1853, 1808, 1807, 1788, 1787, 1739, 1738, 1737, 1689, 1688, 1669, 1668, 1652, 1651, 1650, 1630, 1629, 1623, 1622, 1621, 1614, 1613, 1594, 1593, 1590, 1589, 1565, 1564, 1545, 1544, 1530, 1529, 1521, 1520, 1507, 1506, 1490, 1489, 1478, 1477, 1468, 1467, 1449, 1448, 1413, 1412, 1391, 1390, 1366, 1365, 1352, 1351, 1321, 1320, 1314, 1313, 1304, 1303, 1292, 1291
INFO: [IP_Flow 19-3438] Customization errors found on 'ddr4_sweep'. Restoring to previous valid configuration.
INFO: [Common 17-17] undo 'set_property'
MIGS_ROW: P= 869 cut= 4.143% UI(1/4P)= 287.687MHz REFUSED set_ok=0 t=7874ms err={ERROR: [Common 17-39] 'set_property' failed due to earlier errors. | } | holds: TimePeriod=833 InputClockPeriod=3332 MemoryPart=BLS4G4D240FSB-2400 CLKFBOUT_MULT=5 DIVCLK_DIVIDE=1 CLKOUT0_DIVIDE=5 CasLatency=16 CasWriteLatency=12
INFO: [IP_Flow 19-3484] Absolute path of file '/home/cah/r2d2/code/fpga/fable5_llm/synth/out_sr10_mig_probe_sweep/proj/sr10_mig_sweep.srcs/sources_1/imports/constraints/BLS4G4D240FSB.csv' provided. It will be converted relative to IP Instance files '../../imports/constraints/BLS4G4D240FSB.csv'
INFO: [IP_Flow 19-3484] Absolute path of file '/home/cah/r2d2/code/fpga/fable5_llm/synth/out_sr10_mig_probe_sweep/proj/sr10_mig_sweep.srcs/sources_1/imports/constraints/BLS4G4D240FSB.csv' provided. It will be converted relative to IP Instance files '../../imports/constraints/BLS4G4D240FSB.csv'
ERROR: [IP_Flow 19-3461] Value '3332' is out of the range for parameter 'C0.DDR4 InputClockPeriod(C0.DDR4_InputClockPeriod)' for IP 'ddr4_sweep' . Valid values are - 13920, 13919, 13224, 13223, 13051, 13050, 12761, 12760, 12529, 12528, 12180, 12179, 11833, 11832, 11601, 11600, 11311, 11310, 11136, 11135, 10441, 10440, 10439, 9744, 9743, 9570, 9569, 9280, 9279, 9049, 9048, 8353, 8352, 8351, 8120, 8119, 7831, 7830, 7657, 7656, 7655, 6960, 6959, 6612, 6611, 6526, 6525, 6381, 6380, 6265, 6264, 6263, 6090, 6089, 5917, 5916, 5801, 5800, 5656, 5655, 5568, 5567, 5221, 5220, 5219, 4872, 4871, 4785, 4784, 4640, 4639, 4525, 4524, 4409, 4408, 4407, 4351, 4350, 4349, 4254, 4253, 4177, 4176, 4175, 4060, 4059, 3945, 3944, 3943, 3916, 3915, 3868, 3867, 3866, 3829, 3828, 3827, 3771, 3770, 3769, 3713, 3712, 3480, 3479, 3306, 3305, 3263, 3262, 3248, 3247, 3191, 3190, 3189, 3133, 3132, 3131, 3094, 3093, 3045, 3044, 3017, 3016, 2959, 2958, 2901, 2900, 2828, 2827, 2784, 2783, 2708, 2707, 2706, 2645, 2644, 2611, 2610, 2609, 2553, 2552, 2506, 2505, 2436, 2435, 2393, 2392, 2367, 2366, 2320, 2319, 2263, 2262, 2228, 2227, 2226, 2205, 2204, 2203, 2176, 2175, 2127, 2126, 2089, 2088, 2087, 2030, 2029, 1989, 1988, 1973, 1972, 1971, 1958, 1957, 1949, 1948, 1934, 1933, 1915, 1914, 1913, 1890, 1889, 1886, 1885, 1865, 1864, 1857, 1856, 1823, 1822, 1810, 1809, 1790, 1789, 1740, 1739, 1691, 1690, 1671, 1670, 1653, 1652, 1632, 1631, 1624, 1623, 1616, 1615, 1596, 1595, 1591, 1590, 1567, 1566, 1547, 1546, 1532, 1531, 1523, 1522, 1509, 1508, 1492, 1491, 1480, 1479, 1470, 1469, 1451, 1450, 1449, 1418, 1417, 1414, 1413, 1392, 1391, 1368, 1367, 1354, 1353, 1326, 1325, 1323, 1322, 1315, 1314, 1306, 1305, 1293, 1292
INFO: [IP_Flow 19-3438] Customization errors found on 'ddr4_sweep'. Restoring to previous valid configuration.
INFO: [Common 17-17] undo 'set_property'
MIGS_ROW: P= 870 cut= 4.253% UI(1/4P)= 287.356MHz REFUSED set_ok=0 t=7812ms err={ERROR: [Common 17-39] 'set_property' failed due to earlier errors. | } | holds: TimePeriod=833 InputClockPeriod=3332 MemoryPart=BLS4G4D240FSB-2400 CLKFBOUT_MULT=5 DIVCLK_DIVIDE=1 CLKOUT0_DIVIDE=5 CasLatency=16 CasWriteLatency=12
INFO: [IP_Flow 19-3484] Absolute path of file '/home/cah/r2d2/code/fpga/fable5_llm/synth/out_sr10_mig_probe_sweep/proj/sr10_mig_sweep.srcs/sources_1/imports/constraints/BLS4G4D240FSB.csv' provided. It will be converted relative to IP Instance files '../../imports/constraints/BLS4G4D240FSB.csv'
INFO: [IP_Flow 19-3484] Absolute path of file '/home/cah/r2d2/code/fpga/fable5_llm/synth/out_sr10_mig_probe_sweep/proj/sr10_mig_sweep.srcs/sources_1/imports/constraints/BLS4G4D240FSB.csv' provided. It will be converted relative to IP Instance files '../../imports/constraints/BLS4G4D240FSB.csv'
ERROR: [IP_Flow 19-3461] Value '3332' is out of the range for parameter 'C0.DDR4 InputClockPeriod(C0.DDR4_InputClockPeriod)' for IP 'ddr4_sweep' . Valid values are - 13937, 13936, 13240, 13239, 13238, 13066, 13065, 12543, 12542, 12541, 12195, 12194, 12193, 11847, 11846, 11845, 11324, 11323, 11322, 11149, 11148, 10453, 10452, 9756, 9755, 9754, 9582, 9581, 9059, 9058, 8362, 8361, 7840, 7839, 7665, 7664, 6969, 6968, 6620, 6619, 6534, 6533, 6532, 6272, 6271, 6270, 6098, 6097, 6096, 5924, 5923, 5922, 5662, 5661, 5575, 5574, 5227, 5226, 4879, 4878, 4877, 4792, 4791, 4790, 4646, 4645, 4530, 4529, 4414, 4413, 4356, 4355, 4181, 4180, 4066, 4065, 4064, 3949, 3948, 3921, 3920, 3919, 3833, 3832, 3775, 3774, 3773, 3717, 3716, 3715, 3485, 3484, 3310, 3309, 3267, 3266, 3265, 3252, 3251, 3195, 3194, 3193, 3136, 3135, 3050, 3049, 3048, 3020, 3019, 2962, 2961, 2904, 2903, 2831, 2830, 2788, 2787, 2710, 2709, 2649, 2648, 2647, 2614, 2613, 2555, 2554, 2509, 2508, 2440, 2439, 2438, 2396, 2395, 2370, 2369, 2368, 2323, 2322, 2265, 2264, 2230, 2229, 2207, 2206, 2179, 2178, 2177, 2091, 2090, 2089, 2033, 2032, 1992, 1991, 1990, 1975, 1974, 1960, 1959, 1952, 1951, 1950, 1917, 1916, 1892, 1891, 1888, 1887, 1867, 1866, 1859, 1858, 1857, 1826, 1825, 1812, 1811, 1792, 1791, 1743, 1742, 1693, 1692, 1673, 1672, 1659, 1658, 1655, 1654, 1634, 1633, 1626, 1625, 1618, 1617, 1597, 1596, 1593, 1592, 1568, 1567, 1549, 1548, 1533, 1532, 1525, 1524, 1510, 1509, 1494, 1493, 1481, 1480, 1472, 1471, 1452, 1451, 1416, 1415, 1394, 1393, 1369, 1368, 1355, 1354, 1324, 1323, 1317, 1316, 1307, 1306, 1295, 1294, 1293
INFO: [IP_Flow 19-3438] Customization errors found on 'ddr4_sweep'. Restoring to previous valid configuration.
INFO: [Common 17-17] undo 'set_property'
MIGS_ROW: P= 871 cut= 4.363% UI(1/4P)= 287.026MHz REFUSED set_ok=0 t=7673ms err={ERROR: [Common 17-39] 'set_property' failed due to earlier errors. | } | holds: TimePeriod=833 InputClockPeriod=3332 MemoryPart=BLS4G4D240FSB-2400 CLKFBOUT_MULT=5 DIVCLK_DIVIDE=1 CLKOUT0_DIVIDE=5 CasLatency=16 CasWriteLatency=12
INFO: [IP_Flow 19-3484] Absolute path of file '/home/cah/r2d2/code/fpga/fable5_llm/synth/out_sr10_mig_probe_sweep/proj/sr10_mig_sweep.srcs/sources_1/imports/constraints/BLS4G4D240FSB.csv' provided. It will be converted relative to IP Instance files '../../imports/constraints/BLS4G4D240FSB.csv'
INFO: [IP_Flow 19-3484] Absolute path of file '/home/cah/r2d2/code/fpga/fable5_llm/synth/out_sr10_mig_probe_sweep/proj/sr10_mig_sweep.srcs/sources_1/imports/constraints/BLS4G4D240FSB.csv' provided. It will be converted relative to IP Instance files '../../imports/constraints/BLS4G4D240FSB.csv'
ERROR: [IP_Flow 19-3461] Value '3332' is out of the range for parameter 'C0.DDR4 InputClockPeriod(C0.DDR4_InputClockPeriod)' for IP 'ddr4_sweep' . Valid values are - 13953, 13952, 13255, 13254, 13253, 13081, 13080, 12557, 12556, 12209, 12208, 11860, 11859, 11858, 11337, 11336, 11335, 11163, 11162, 11161, 10465, 10464, 10463, 9767, 9766, 9593, 9592, 9591, 9070, 9069, 9068, 8721, 8720, 8372, 8371, 7849, 7848, 7675, 7674, 7673, 6977, 6976, 6628, 6627, 6626, 6541, 6540, 6279, 6278, 6105, 6104, 5931, 5930, 5929, 5669, 5668, 5667, 5582, 5581, 5580, 5233, 5232, 5231, 4884, 4883, 4797, 4796, 4795, 4652, 4651, 4650, 4535, 4534, 4533, 4419, 4418, 4361, 4360, 4359, 4187, 4186, 4185, 4070, 4069, 4068, 3954, 3953, 3952, 3925, 3924, 3877, 3876, 3875, 3838, 3837, 3836, 3780, 3779, 3778, 3721, 3720, 3489, 3488, 3314, 3313, 3271, 3270, 3256, 3255, 3254, 3198, 3197, 3140, 3139, 3100, 3099, 3053, 3052, 3024, 3023, 3022, 2966, 2965, 2964, 2907, 2906, 2835, 2834, 2833, 2791, 2790, 2789, 2651, 2650, 2617, 2616, 2615, 2558, 2557, 2512, 2511, 2443, 2442, 2441, 2399, 2398, 2397, 2372, 2371, 2326, 2325, 2268, 2267, 2266, 2233, 2232, 2210, 2209, 2181, 2180, 2179, 2094, 2093, 2092, 2036, 2035, 2034, 1994, 1993, 1977, 1976, 1963, 1962, 1954, 1953, 1939, 1938, 1937, 1919, 1918, 1894, 1893, 1890, 1889, 1869, 1868, 1861, 1860, 1828, 1827, 1826, 1814, 1813, 1794, 1793, 1745, 1744, 1695, 1694, 1675, 1674, 1662, 1661, 1657, 1656, 1636, 1635, 1629, 1628, 1627, 1620, 1619, 1599, 1598, 1595, 1594, 1570, 1569, 1551, 1550, 1549, 1535, 1534, 1527, 1526, 1512, 1511, 1495, 1494, 1483, 1482, 1473, 1472, 1454, 1453, 1421, 1420, 1418, 1417, 1416, 1396, 1395, 1394, 1371, 1370, 1357, 1356, 1326, 1325, 1318, 1317, 1309, 1308, 1307, 1296, 1295
INFO: [IP_Flow 19-3438] Customization errors found on 'ddr4_sweep'. Restoring to previous valid configuration.
INFO: [Common 17-17] undo 'set_property'
MIGS_ROW: P= 872 cut= 4.472% UI(1/4P)= 286.697MHz REFUSED set_ok=0 t=7952ms err={ERROR: [Common 17-39] 'set_property' failed due to earlier errors. | } | holds: TimePeriod=833 InputClockPeriod=3332 MemoryPart=BLS4G4D240FSB-2400 CLKFBOUT_MULT=5 DIVCLK_DIVIDE=1 CLKOUT0_DIVIDE=5 CasLatency=16 CasWriteLatency=12
INFO: [IP_Flow 19-3484] Absolute path of file '/home/cah/r2d2/code/fpga/fable5_llm/synth/out_sr10_mig_probe_sweep/proj/sr10_mig_sweep.srcs/sources_1/imports/constraints/BLS4G4D240FSB.csv' provided. It will be converted relative to IP Instance files '../../imports/constraints/BLS4G4D240FSB.csv'
INFO: [IP_Flow 19-3484] Absolute path of file '/home/cah/r2d2/code/fpga/fable5_llm/synth/out_sr10_mig_probe_sweep/proj/sr10_mig_sweep.srcs/sources_1/imports/constraints/BLS4G4D240FSB.csv' provided. It will be converted relative to IP Instance files '../../imports/constraints/BLS4G4D240FSB.csv'
ERROR: [IP_Flow 19-3461] Value '3332' is out of the range for parameter 'C0.DDR4 InputClockPeriod(C0.DDR4_InputClockPeriod)' for IP 'ddr4_sweep' . Valid values are - 13969, 13968, 13271, 13270, 13269, 13096, 13095, 13094, 12572, 12571, 12223, 12222, 12221, 11874, 11873, 11872, 11350, 11349, 11175, 11174, 11173, 10477, 10476, 10475, 9779, 9778, 9777, 9603, 9602, 9080, 9079, 8731, 8730, 8729, 8381, 8380, 7858, 7857, 7683, 7682, 7681, 6985, 6984, 6636, 6635, 6634, 6549, 6548, 6547, 6286, 6285, 6112, 6111, 6110, 5937, 5936, 5675, 5674, 5588, 5587, 5586, 5239, 5238, 5237, 4890, 4889, 4888, 4802, 4801, 4657, 4656, 4655, 4541, 4540, 4539, 4424, 4423, 4366, 4365, 4364, 4191, 4190, 4075, 4074, 4073, 3958, 3957, 3930, 3929, 3928, 3842, 3841, 3840, 3784, 3783, 3782, 3725, 3724, 3493, 3492, 3318, 3317, 3275, 3274, 3273, 3260, 3259, 3258, 3201, 3200, 3143, 3142, 3057, 3056, 3055, 3054, 3027, 3026, 3025, 2969, 2968, 2911, 2910, 2838, 2837, 2794, 2793, 2654, 2653, 2620, 2619, 2618, 2561, 2560, 2515, 2514, 2445, 2444, 2443, 2401, 2400, 2375, 2374, 2329, 2328, 2327, 2271, 2270, 2269, 2235, 2234, 2212, 2211, 2183, 2182, 2096, 2095, 2038, 2037, 2036, 1996, 1995, 1979, 1978, 1965, 1964, 1956, 1955, 1921, 1920, 1896, 1895, 1892, 1891, 1871, 1870, 1863, 1862, 1817, 1816, 1815, 1797, 1796, 1795, 1747, 1746, 1697, 1696, 1677, 1676, 1659, 1658, 1637, 1636, 1630, 1629, 1622, 1621, 1601, 1600, 1597, 1596, 1572, 1571, 1553, 1552, 1537, 1536, 1528, 1527, 1514, 1513, 1497, 1496, 1485, 1484, 1475, 1474, 1456, 1455, 1419, 1418, 1397, 1396, 1372, 1371, 1359, 1358, 1327, 1326, 1320, 1319, 1310, 1309, 1298, 1297
INFO: [IP_Flow 19-3438] Customization errors found on 'ddr4_sweep'. Restoring to previous valid configuration.
INFO: [Common 17-17] undo 'set_property'
MIGS_ROW: P= 873 cut= 4.582% UI(1/4P)= 286.369MHz REFUSED set_ok=0 t=7908ms err={ERROR: [Common 17-39] 'set_property' failed due to earlier errors. | } | holds: TimePeriod=833 InputClockPeriod=3332 MemoryPart=BLS4G4D240FSB-2400 CLKFBOUT_MULT=5 DIVCLK_DIVIDE=1 CLKOUT0_DIVIDE=5 CasLatency=16 CasWriteLatency=12
INFO: [IP_Flow 19-3484] Absolute path of file '/home/cah/r2d2/code/fpga/fable5_llm/synth/out_sr10_mig_probe_sweep/proj/sr10_mig_sweep.srcs/sources_1/imports/constraints/BLS4G4D240FSB.csv' provided. It will be converted relative to IP Instance files '../../imports/constraints/BLS4G4D240FSB.csv'
INFO: [IP_Flow 19-3484] Absolute path of file '/home/cah/r2d2/code/fpga/fable5_llm/synth/out_sr10_mig_probe_sweep/proj/sr10_mig_sweep.srcs/sources_1/imports/constraints/BLS4G4D240FSB.csv' provided. It will be converted relative to IP Instance files '../../imports/constraints/BLS4G4D240FSB.csv'
ERROR: [IP_Flow 19-3461] Value '3332' is out of the range for parameter 'C0.DDR4 InputClockPeriod(C0.DDR4_InputClockPeriod)' for IP 'ddr4_sweep' . Valid values are - 13984, 13983, 13285, 13284, 13111, 13110, 13109, 12586, 12585, 12237, 12236, 12235, 11887, 11886, 11363, 11362, 11361, 11188, 11187, 11186, 10489, 10488, 10487, 9790, 9789, 9788, 9615, 9614, 9613, 9090, 9089, 8741, 8740, 8739, 8391, 8390, 8389, 7867, 7866, 7865, 7692, 7691, 7690, 6992, 6991, 6643, 6642, 6641, 6556, 6555, 6554, 6293, 6292, 6119, 6118, 6117, 5944, 5943, 5682, 5681, 5680, 5595, 5594, 5593, 5245, 5244, 5243, 4895, 4894, 4808, 4807, 4806, 4662, 4661, 4545, 4544, 4429, 4428, 4371, 4370, 4369, 4196, 4195, 4194, 4080, 4079, 4078, 3963, 3962, 3961, 3934, 3933, 3932, 3885, 3884, 3846, 3845, 3788, 3787, 3730, 3729, 3496, 3495, 3322, 3321, 3320, 3278, 3277, 3264, 3263, 3262, 3205, 3204, 3147, 3146, 3108, 3107, 3060, 3059, 3058, 3031, 3030, 3029, 2972, 2971, 2914, 2913, 2841, 2840, 2798, 2797, 2796, 2658, 2657, 2656, 2623, 2622, 2621, 2565, 2564, 2563, 2518, 2517, 2448, 2447, 2404, 2403, 2378, 2377, 2332, 2331, 2330, 2273, 2272, 2238, 2237, 2215, 2214, 2186, 2185, 2184, 2099, 2098, 2097, 2040, 2039, 2038, 1998, 1997, 1982, 1981, 1980, 1967, 1966, 1958, 1957, 1943, 1942, 1923, 1922, 1898, 1897, 1894, 1893, 1873, 1872, 1865, 1864, 1819, 1818, 1817, 1799, 1798, 1797, 1748, 1747, 1699, 1698, 1697, 1679, 1678, 1677, 1661, 1660, 1639, 1638, 1632, 1631, 1624, 1623, 1603, 1602, 1599, 1598, 1574, 1573, 1554, 1553, 1539, 1538, 1530, 1529, 1516, 1515, 1514, 1499, 1498, 1486, 1485, 1477, 1476, 1457, 1456, 1421, 1420, 1399, 1398, 1374, 1373, 1360, 1359, 1329, 1328, 1321, 1320, 1312, 1311, 1310, 1299, 1298
INFO: [IP_Flow 19-3438] Customization errors found on 'ddr4_sweep'. Restoring to previous valid configuration.
INFO: [Common 17-17] undo 'set_property'
MIGS_ROW: P= 874 cut= 4.691% UI(1/4P)= 286.041MHz REFUSED set_ok=0 t=7940ms err={ERROR: [Common 17-39] 'set_property' failed due to earlier errors. | } | holds: TimePeriod=833 InputClockPeriod=3332 MemoryPart=BLS4G4D240FSB-2400 CLKFBOUT_MULT=5 DIVCLK_DIVIDE=1 CLKOUT0_DIVIDE=5 CasLatency=16 CasWriteLatency=12
INFO: [IP_Flow 19-3484] Absolute path of file '/home/cah/r2d2/code/fpga/fable5_llm/synth/out_sr10_mig_probe_sweep/proj/sr10_mig_sweep.srcs/sources_1/imports/constraints/BLS4G4D240FSB.csv' provided. It will be converted relative to IP Instance files '../../imports/constraints/BLS4G4D240FSB.csv'
INFO: [IP_Flow 19-3484] Absolute path of file '/home/cah/r2d2/code/fpga/fable5_llm/synth/out_sr10_mig_probe_sweep/proj/sr10_mig_sweep.srcs/sources_1/imports/constraints/BLS4G4D240FSB.csv' provided. It will be converted relative to IP Instance files '../../imports/constraints/BLS4G4D240FSB.csv'
ERROR: [IP_Flow 19-3461] Value '3332' is out of the range for parameter 'C0.DDR4 InputClockPeriod(C0.DDR4_InputClockPeriod)' for IP 'ddr4_sweep' . Valid values are - 14000, 13999, 13300, 13299, 13126, 13125, 12834, 12833, 12600, 12599, 12251, 12250, 12249, 11900, 11899, 11667, 11666, 11376, 11375, 11374, 11201, 11200, 11199, 10500, 10499, 9800, 9799, 9626, 9625, 9624, 9334, 9333, 9101, 9100, 9099, 8400, 8399, 8167, 8166, 7876, 7875, 7874, 7700, 7699, 7000, 6999, 6650, 6649, 6564, 6563, 6562, 6417, 6416, 6300, 6299, 6126, 6125, 6124, 5950, 5949, 5834, 5833, 5688, 5687, 5601, 5600, 5599, 5250, 5249, 4900, 4899, 4813, 4812, 4667, 4666, 4551, 4550, 4549, 4434, 4433, 4432, 4376, 4375, 4374, 4278, 4277, 4200, 4199, 4084, 4083, 4082, 3968, 3967, 3966, 3938, 3937, 3889, 3888, 3850, 3849, 3793, 3792, 3791, 3734, 3733, 3732, 3500, 3499, 3325, 3324, 3282, 3281, 3267, 3266, 3209, 3208, 3207, 3150, 3149, 3112, 3111, 3064, 3063, 3062, 3034, 3033, 3032, 2975, 2974, 2918, 2917, 2916, 2845, 2844, 2843, 2801, 2800, 2799, 2723, 2722, 2660, 2659, 2625, 2624, 2568, 2567, 2566, 2520, 2519, 2450, 2449, 2407, 2406, 2381, 2380, 2379, 2334, 2333, 2276, 2275, 2274, 2241, 2240, 2239, 2217, 2216, 2189, 2188, 2187, 2186, 2139, 2138, 2100, 2099, 2042, 2041, 2000, 1984, 1983, 1969, 1968, 1961, 1960, 1959, 1945, 1944, 1925, 1924, 1900, 1899, 1896, 1895, 1876, 1875, 1867, 1866, 1834, 1833, 1820, 1819, 1801, 1800, 1750, 1749, 1701, 1700, 1680, 1679, 1667, 1666, 1663, 1662, 1641, 1640, 1634, 1633, 1625, 1624, 1605, 1604, 1600, 1575, 1574, 1556, 1555, 1541, 1540, 1532, 1531, 1517, 1516, 1500, 1499, 1488, 1487, 1478, 1477, 1459, 1458, 1427, 1426, 1425, 1422, 1421, 1401, 1400, 1399, 1376, 1375, 1362, 1361, 1334, 1333, 1330, 1329, 1323, 1322, 1313, 1312, 1300, 1299, 1297, 1296
INFO: [IP_Flow 19-3438] Customization errors found on 'ddr4_sweep'. Restoring to previous valid configuration.
INFO: [Common 17-17] undo 'set_property'
MIGS_ROW: P= 875 cut= 4.800% UI(1/4P)= 285.714MHz REFUSED set_ok=0 t=7848ms err={ERROR: [Common 17-39] 'set_property' failed due to earlier errors. | } | holds: TimePeriod=833 InputClockPeriod=3332 MemoryPart=BLS4G4D240FSB-2400 CLKFBOUT_MULT=5 DIVCLK_DIVIDE=1 CLKOUT0_DIVIDE=5 CasLatency=16 CasWriteLatency=12
INFO: [IP_Flow 19-3484] Absolute path of file '/home/cah/r2d2/code/fpga/fable5_llm/synth/out_sr10_mig_probe_sweep/proj/sr10_mig_sweep.srcs/sources_1/imports/constraints/BLS4G4D240FSB.csv' provided. It will be converted relative to IP Instance files '../../imports/constraints/BLS4G4D240FSB.csv'
INFO: [IP_Flow 19-3484] Absolute path of file '/home/cah/r2d2/code/fpga/fable5_llm/synth/out_sr10_mig_probe_sweep/proj/sr10_mig_sweep.srcs/sources_1/imports/constraints/BLS4G4D240FSB.csv' provided. It will be converted relative to IP Instance files '../../imports/constraints/BLS4G4D240FSB.csv'
ERROR: [IP_Flow 19-3461] Value '3332' is out of the range for parameter 'C0.DDR4 InputClockPeriod(C0.DDR4_InputClockPeriod)' for IP 'ddr4_sweep' . Valid values are - 14017, 14016, 13316, 13315, 13141, 13140, 12615, 12614, 12265, 12264, 12263, 11914, 11913, 11389, 11388, 11214, 11213, 11212, 10513, 10512, 10511, 9812, 9811, 9637, 9636, 9635, 9111, 9110, 9109, 8761, 8760, 8410, 8409, 7885, 7884, 7883, 7710, 7709, 7708, 7009, 7008, 6659, 6658, 6657, 6571, 6570, 6308, 6307, 6133, 6132, 6131, 5957, 5956, 5695, 5694, 5607, 5606, 5605, 5257, 5256, 5255, 4906, 4905, 4819, 4818, 4817, 4673, 4672, 4556, 4555, 4554, 4439, 4438, 4381, 4380, 4284, 4283, 4205, 4204, 4089, 4088, 3972, 3971, 3943, 3942, 3941, 3894, 3893, 3855, 3854, 3797, 3796, 3795, 3739, 3738, 3737, 3505, 3504, 3330, 3329, 3328, 3286, 3285, 3271, 3270, 3213, 3212, 3211, 3154, 3153, 3116, 3115, 3067, 3066, 3065, 3037, 3036, 2979, 2978, 2921, 2920, 2919, 2848, 2847, 2804, 2803, 2802, 2726, 2725, 2664, 2663, 2629, 2628, 2627, 2570, 2569, 2524, 2523, 2522, 2453, 2452, 2410, 2409, 2408, 2383, 2382, 2337, 2336, 2278, 2277, 2243, 2242, 2220, 2219, 2191, 2190, 2103, 2102, 2101, 2045, 2044, 2003, 2002, 1986, 1985, 1972, 1971, 1963, 1962, 1928, 1927, 1903, 1902, 1899, 1898, 1878, 1877, 1870, 1869, 1868, 1823, 1822, 1803, 1802, 1801, 1753, 1752, 1702, 1701, 1682, 1681, 1665, 1664, 1643, 1642, 1636, 1635, 1627, 1626, 1607, 1606, 1602, 1601, 1577, 1576, 1558, 1557, 1542, 1541, 1533, 1532, 1519, 1518, 1502, 1501, 1490, 1489, 1480, 1479, 1461, 1460, 1459, 1424, 1423, 1402, 1401, 1377, 1376, 1363, 1362, 1332, 1331, 1324, 1323, 1315, 1314, 1313, 1302, 1301
INFO: [IP_Flow 19-3438] Customization errors found on 'ddr4_sweep'. Restoring to previous valid configuration.
INFO: [Common 17-17] undo 'set_property'
MIGS_ROW: P= 876 cut= 4.909% UI(1/4P)= 285.388MHz REFUSED set_ok=0 t=7930ms err={ERROR: [Common 17-39] 'set_property' failed due to earlier errors. | } | holds: TimePeriod=833 InputClockPeriod=3332 MemoryPart=BLS4G4D240FSB-2400 CLKFBOUT_MULT=5 DIVCLK_DIVIDE=1 CLKOUT0_DIVIDE=5 CasLatency=16 CasWriteLatency=12
INFO: [IP_Flow 19-3484] Absolute path of file '/home/cah/r2d2/code/fpga/fable5_llm/synth/out_sr10_mig_probe_sweep/proj/sr10_mig_sweep.srcs/sources_1/imports/constraints/BLS4G4D240FSB.csv' provided. It will be converted relative to IP Instance files '../../imports/constraints/BLS4G4D240FSB.csv'
INFO: [IP_Flow 19-3484] Absolute path of file '/home/cah/r2d2/code/fpga/fable5_llm/synth/out_sr10_mig_probe_sweep/proj/sr10_mig_sweep.srcs/sources_1/imports/constraints/BLS4G4D240FSB.csv' provided. It will be converted relative to IP Instance files '../../imports/constraints/BLS4G4D240FSB.csv'
WARNING: [BD 5-699] No address segments matched 'get_bd_addr_segs -of_object /ilmb_cntlr/SLMB/Mem'
WARNING: [BD 5-699] No address segments matched 'get_bd_addr_segs -of_object /second_ilmb_cntlr/SLMB/Mem'
WARNING: [BD 5-699] No address segments matched 'get_bd_addr_segs -of_object /dlmb_cntlr/SLMB/Mem'
WARNING: [BD 5-699] No address segments matched 'get_bd_addr_segs -of_object /second_dlmb_cntlr/SLMB/Mem'
WARNING: [BD 5-699] No address segments matched 'get_bd_addr_segs -of_object /iomodule_0/SLMB/Reg'
WARNING: [BD 5-699] No address segments matched 'get_bd_addr_segs -of_object /iomodule_0/SLMB/IO'
INFO: [xilinx.com:ip:microblaze:11.0-9] /microblaze_I: Setting C_BASE_VECTORS to 0x00000000.
WARNING: [filemgmt 56-443] The ECC Algorithm string is empty. Setting the Memory Map to default ECC value to ECC_NONE.
WARNING: [filemgmt 56-443] The ECC Algorithm string is empty. Setting the Memory Map to default ECC value to ECC_NONE.
MIGS_ROW: P= 877 cut= 5.017% UI(1/4P)= 285.063MHz ACCEPTED M=19 D=4 O=5 mmcm_clkout0=3507.368ps(=285.114MHz) 4P=3508 vco=1425.6MHz t=7742ms | TimePeriod=877 InputClockPeriod=3332 MemoryPart=BLS4G4D240FSB-2400 CLKFBOUT_MULT=19 DIVCLK_DIVIDE=4 CLKOUT0_DIVIDE=5 CasLatency=16 CasWriteLatency=12
INFO: [IP_Flow 19-3484] Absolute path of file '/home/cah/r2d2/code/fpga/fable5_llm/synth/out_sr10_mig_probe_sweep/proj/sr10_mig_sweep.srcs/sources_1/imports/constraints/BLS4G4D240FSB.csv' provided. It will be converted relative to IP Instance files '../../imports/constraints/BLS4G4D240FSB.csv'
INFO: [IP_Flow 19-3484] Absolute path of file '/home/cah/r2d2/code/fpga/fable5_llm/synth/out_sr10_mig_probe_sweep/proj/sr10_mig_sweep.srcs/sources_1/imports/constraints/BLS4G4D240FSB.csv' provided. It will be converted relative to IP Instance files '../../imports/constraints/BLS4G4D240FSB.csv'
ERROR: [IP_Flow 19-3461] Value '3332' is out of the range for parameter 'C0.DDR4 InputClockPeriod(C0.DDR4_InputClockPeriod)' for IP 'ddr4_sweep' . Valid values are - 14049, 14048, 13346, 13345, 13170, 13169, 12644, 12643, 12642, 12293, 12292, 12291, 11942, 11941, 11940, 11415, 11414, 11239, 11238, 10537, 10536, 10535, 9835, 9834, 9833, 9658, 9657, 9132, 9131, 8780, 8779, 8429, 8428, 7903, 7902, 7727, 7726, 7725, 7025, 7024, 6673, 6672, 6585, 6584, 6322, 6321, 6147, 6146, 6145, 5971, 5970, 5708, 5707, 5620, 5619, 5269, 5268, 5267, 4918, 4917, 4916, 4829, 4828, 4684, 4683, 4682, 4567, 4566, 4565, 4450, 4449, 4448, 4390, 4389, 4293, 4292, 4215, 4214, 4213, 4098, 4097, 4096, 3981, 3980, 3979, 3952, 3951, 3902, 3901, 3864, 3863, 3862, 3805, 3804, 3747, 3746, 3745, 3513, 3512, 3337, 3336, 3335, 3293, 3292, 3279, 3278, 3277, 3220, 3219, 3218, 3161, 3160, 3123, 3122, 3074, 3073, 3072, 3045, 3044, 3043, 2986, 2985, 2928, 2927, 2926, 2854, 2853, 2810, 2809, 2733, 2732, 2670, 2669, 2635, 2634, 2633, 2576, 2575, 2529, 2528, 2459, 2458, 2457, 2415, 2414, 2389, 2388, 2342, 2341, 2340, 2284, 2283, 2282, 2248, 2247, 2225, 2224, 2195, 2194, 2108, 2107, 2106, 2050, 2049, 2048, 2008, 2007, 2006, 1991, 1990, 1989, 1976, 1975, 1967, 1966, 1951, 1950, 1932, 1931, 1907, 1906, 1903, 1902, 1882, 1881, 1874, 1873, 1872, 1827, 1826, 1807, 1806, 1757, 1756, 1706, 1705, 1686, 1685, 1669, 1668, 1647, 1646, 1640, 1639, 1638, 1631, 1630, 1610, 1609, 1606, 1605, 1581, 1580, 1562, 1561, 1560, 1546, 1545, 1537, 1536, 1522, 1521, 1506, 1505, 1493, 1492, 1483, 1482, 1464, 1463, 1427, 1426, 1405, 1404, 1380, 1379, 1366, 1365, 1339, 1338, 1335, 1334, 1327, 1326, 1317, 1316, 1305, 1304
INFO: [IP_Flow 19-3438] Customization errors found on 'ddr4_sweep'. Restoring to previous valid configuration.
INFO: [Common 17-17] undo 'set_property'
MIGS_ROW: P= 878 cut= 5.125% UI(1/4P)= 284.738MHz REFUSED set_ok=0 t=8037ms err={ERROR: [Common 17-39] 'set_property' failed due to earlier errors. | } | holds: TimePeriod=877 InputClockPeriod=3332 MemoryPart=BLS4G4D240FSB-2400 CLKFBOUT_MULT=19 DIVCLK_DIVIDE=4 CLKOUT0_DIVIDE=5 CasLatency=16 CasWriteLatency=12
INFO: [IP_Flow 19-3484] Absolute path of file '/home/cah/r2d2/code/fpga/fable5_llm/synth/out_sr10_mig_probe_sweep/proj/sr10_mig_sweep.srcs/sources_1/imports/constraints/BLS4G4D240FSB.csv' provided. It will be converted relative to IP Instance files '../../imports/constraints/BLS4G4D240FSB.csv'
INFO: [IP_Flow 19-3484] Absolute path of file '/home/cah/r2d2/code/fpga/fable5_llm/synth/out_sr10_mig_probe_sweep/proj/sr10_mig_sweep.srcs/sources_1/imports/constraints/BLS4G4D240FSB.csv' provided. It will be converted relative to IP Instance files '../../imports/constraints/BLS4G4D240FSB.csv'
ERROR: [IP_Flow 19-3461] Value '3332' is out of the range for parameter 'C0.DDR4 InputClockPeriod(C0.DDR4_InputClockPeriod)' for IP 'ddr4_sweep' . Valid values are - 14065, 14064, 13362, 13361, 13360, 13186, 13185, 13184, 12659, 12658, 12657, 12307, 12306, 12305, 11955, 11954, 11428, 11427, 11252, 11251, 11250, 10549, 10548, 10547, 9846, 9845, 9844, 9670, 9669, 9143, 9142, 9141, 8791, 8790, 8439, 8438, 8437, 7912, 7911, 7910, 7736, 7735, 7734, 7033, 7032, 6681, 6680, 6593, 6592, 6330, 6329, 6328, 6154, 6153, 6152, 5978, 5977, 5715, 5714, 5713, 5626, 5625, 5275, 5274, 5273, 4923, 4922, 4921, 4836, 4835, 4834, 4689, 4688, 4572, 4571, 4570, 4454, 4453, 4396, 4395, 4297, 4296, 4220, 4219, 4218, 4103, 4102, 4101, 3986, 3985, 3984, 3956, 3955, 3908, 3907, 3868, 3867, 3810, 3809, 3808, 3751, 3750, 3517, 3516, 3341, 3340, 3297, 3296, 3295, 3283, 3282, 3281, 3224, 3223, 3165, 3164, 3163, 3125, 3077, 3076, 3048, 3047, 2989, 2988, 2931, 2930, 2929, 2858, 2857, 2856, 2813, 2812, 2736, 2735, 2673, 2672, 2638, 2637, 2636, 2579, 2578, 2532, 2531, 2462, 2461, 2460, 2418, 2417, 2392, 2391, 2390, 2345, 2344, 2286, 2285, 2251, 2250, 2227, 2226, 2199, 2198, 2197, 2110, 2109, 2052, 2051, 2050, 2010, 2009, 1993, 1992, 1978, 1977, 1970, 1969, 1968, 1934, 1933, 1909, 1908, 1905, 1904, 1884, 1883, 1876, 1875, 1829, 1828, 1809, 1808, 1759, 1758, 1708, 1707, 1688, 1687, 1671, 1670, 1649, 1648, 1642, 1641, 1640, 1633, 1632, 1612, 1611, 1608, 1607, 1583, 1582, 1563, 1562, 1548, 1547, 1546, 1539, 1538, 1524, 1523, 1507, 1506, 1495, 1494, 1485, 1484, 1466, 1465, 1464, 1429, 1428, 1407, 1406, 1382, 1381, 1368, 1367, 1337, 1336, 1329, 1328, 1319, 1318, 1307, 1306, 1305
INFO: [IP_Flow 19-3438] Customization errors found on 'ddr4_sweep'. Restoring to previous valid configuration.
INFO: [Common 17-17] undo 'set_property'
MIGS_ROW: P= 879 cut= 5.233% UI(1/4P)= 284.414MHz REFUSED set_ok=0 t=8174ms err={ERROR: [Common 17-39] 'set_property' failed due to earlier errors. | } | holds: TimePeriod=877 InputClockPeriod=3332 MemoryPart=BLS4G4D240FSB-2400 CLKFBOUT_MULT=19 DIVCLK_DIVIDE=4 CLKOUT0_DIVIDE=5 CasLatency=16 CasWriteLatency=12
INFO: [IP_Flow 19-3484] Absolute path of file '/home/cah/r2d2/code/fpga/fable5_llm/synth/out_sr10_mig_probe_sweep/proj/sr10_mig_sweep.srcs/sources_1/imports/constraints/BLS4G4D240FSB.csv' provided. It will be converted relative to IP Instance files '../../imports/constraints/BLS4G4D240FSB.csv'
INFO: [IP_Flow 19-3484] Absolute path of file '/home/cah/r2d2/code/fpga/fable5_llm/synth/out_sr10_mig_probe_sweep/proj/sr10_mig_sweep.srcs/sources_1/imports/constraints/BLS4G4D240FSB.csv' provided. It will be converted relative to IP Instance files '../../imports/constraints/BLS4G4D240FSB.csv'
ERROR: [IP_Flow 19-3461] Value '3332' is out of the range for parameter 'C0.DDR4 InputClockPeriod(C0.DDR4_InputClockPeriod)' for IP 'ddr4_sweep' . Valid values are - 14080, 14079, 13377, 13376, 13200, 13199, 12673, 12672, 12671, 12321, 12320, 11968, 11967, 11441, 11440, 11439, 11264, 11263, 10561, 10560, 10559, 9857, 9856, 9855, 9680, 9679, 9153, 9152, 9151, 8801, 8800, 8799, 8448, 8447, 7920, 7919, 7744, 7743, 7040, 7039, 6689, 6688, 6600, 6599, 6337, 6336, 6335, 6161, 6160, 5984, 5983, 5721, 5720, 5719, 5633, 5632, 5631, 5281, 5280, 5279, 4929, 4928, 4927, 4840, 4839, 4694, 4693, 4577, 4576, 4575, 4459, 4458, 4401, 4400, 4399, 4225, 4224, 4223, 4108, 4107, 4106, 3990, 3989, 3960, 3959, 3872, 3871, 3814, 3813, 3756, 3755, 3754, 3520, 3519, 3345, 3344, 3300, 3299, 3286, 3285, 3227, 3226, 3169, 3168, 3167, 3081, 3080, 3052, 3051, 3050, 2992, 2991, 2934, 2933, 2932, 2861, 2860, 2859, 2817, 2816, 2815, 2738, 2737, 2676, 2675, 2674, 2641, 2640, 2639, 2582, 2581, 2535, 2534, 2465, 2464, 2463, 2420, 2419, 2394, 2393, 2348, 2347, 2346, 2289, 2288, 2287, 2254, 2253, 2252, 2230, 2229, 2201, 2200, 2199, 2113, 2112, 2111, 2054, 2053, 2052, 2012, 2011, 1995, 1994, 1980, 1979, 1972, 1971, 1936, 1935, 1911, 1910, 1907, 1906, 1886, 1885, 1878, 1877, 1831, 1830, 1811, 1810, 1760, 1759, 1710, 1709, 1690, 1689, 1673, 1672, 1650, 1649, 1643, 1642, 1635, 1634, 1614, 1613, 1610, 1609, 1585, 1584, 1583, 1565, 1564, 1549, 1548, 1541, 1540, 1526, 1525, 1509, 1508, 1496, 1495, 1487, 1486, 1467, 1466, 1434, 1433, 1430, 1429, 1409, 1408, 1407, 1383, 1382, 1369, 1368, 1341, 1340, 1338, 1337, 1330, 1329, 1321, 1320, 1319, 1308, 1307, 1291, 1290
INFO: [IP_Flow 19-3438] Customization errors found on 'ddr4_sweep'. Restoring to previous valid configuration.
INFO: [Common 17-17] undo 'set_property'
MIGS_ROW: P= 880 cut= 5.341% UI(1/4P)= 284.091MHz REFUSED set_ok=0 t=8027ms err={ERROR: [Common 17-39] 'set_property' failed due to earlier errors. | } | holds: TimePeriod=877 InputClockPeriod=3332 MemoryPart=BLS4G4D240FSB-2400 CLKFBOUT_MULT=19 DIVCLK_DIVIDE=4 CLKOUT0_DIVIDE=5 CasLatency=16 CasWriteLatency=12
INFO: [IP_Flow 19-3484] Absolute path of file '/home/cah/r2d2/code/fpga/fable5_llm/synth/out_sr10_mig_probe_sweep/proj/sr10_mig_sweep.srcs/sources_1/imports/constraints/BLS4G4D240FSB.csv' provided. It will be converted relative to IP Instance files '../../imports/constraints/BLS4G4D240FSB.csv'
INFO: [IP_Flow 19-3484] Absolute path of file '/home/cah/r2d2/code/fpga/fable5_llm/synth/out_sr10_mig_probe_sweep/proj/sr10_mig_sweep.srcs/sources_1/imports/constraints/BLS4G4D240FSB.csv' provided. It will be converted relative to IP Instance files '../../imports/constraints/BLS4G4D240FSB.csv'
ERROR: [IP_Flow 19-3461] Value '3332' is out of the range for parameter 'C0.DDR4 InputClockPeriod(C0.DDR4_InputClockPeriod)' for IP 'ddr4_sweep' . Valid values are - 14097, 14096, 13392, 13391, 13390, 13216, 13215, 12687, 12686, 12685, 12335, 12334, 11983, 11982, 11981, 11454, 11453, 11452, 11278, 11277, 11276, 10573, 10572, 10571, 9868, 9867, 9866, 9692, 9691, 9163, 9162, 9161, 8458, 8457, 7930, 7929, 7753, 7752, 7049, 7048, 6696, 6695, 6608, 6607, 6344, 6343, 6342, 6168, 6167, 5992, 5991, 5990, 5727, 5726, 5639, 5638, 5287, 5286, 5285, 4935, 4934, 4933, 4846, 4845, 4700, 4699, 4698, 4582, 4581, 4580, 4464, 4463, 4406, 4405, 4229, 4228, 4112, 4111, 3994, 3993, 3966, 3965, 3964, 3917, 3916, 3877, 3876, 3818, 3817, 3760, 3759, 3758, 3525, 3524, 3348, 3347, 3304, 3303, 3290, 3289, 3288, 3231, 3230, 3229, 3172, 3171, 3133, 3132, 3085, 3084, 3083, 3055, 3054, 2996, 2995, 2937, 2936, 2864, 2863, 2820, 2819, 2679, 2678, 2644, 2643, 2642, 2585, 2584, 2583, 2538, 2537, 2468, 2467, 2466, 2423, 2422, 2397, 2396, 2350, 2349, 2348, 2291, 2290, 2256, 2255, 2232, 2231, 2204, 2203, 2202, 2115, 2114, 2057, 2056, 2055, 2014, 2013, 1997, 1996, 1983, 1982, 1974, 1973, 1959, 1958, 1939, 1938, 1914, 1913, 1909, 1908, 1888, 1887, 1880, 1879, 1847, 1846, 1833, 1832, 1813, 1812, 1763, 1762, 1712, 1711, 1692, 1691, 1678, 1677, 1674, 1673, 1652, 1651, 1645, 1644, 1637, 1636, 1616, 1615, 1611, 1610, 1586, 1585, 1567, 1566, 1551, 1550, 1542, 1541, 1528, 1527, 1511, 1510, 1498, 1497, 1488, 1487, 1469, 1468, 1432, 1431, 1410, 1409, 1385, 1384, 1371, 1370, 1340, 1339, 1332, 1331, 1322, 1321, 1309, 1308, 1293, 1292
INFO: [IP_Flow 19-3438] Customization errors found on 'ddr4_sweep'. Restoring to previous valid configuration.
INFO: [Common 17-17] undo 'set_property'
MIGS_ROW: P= 881 cut= 5.448% UI(1/4P)= 283.768MHz REFUSED set_ok=0 t=7706ms err={ERROR: [Common 17-39] 'set_property' failed due to earlier errors. | } | holds: TimePeriod=877 InputClockPeriod=3332 MemoryPart=BLS4G4D240FSB-2400 CLKFBOUT_MULT=19 DIVCLK_DIVIDE=4 CLKOUT0_DIVIDE=5 CasLatency=16 CasWriteLatency=12
INFO: [IP_Flow 19-3484] Absolute path of file '/home/cah/r2d2/code/fpga/fable5_llm/synth/out_sr10_mig_probe_sweep/proj/sr10_mig_sweep.srcs/sources_1/imports/constraints/BLS4G4D240FSB.csv' provided. It will be converted relative to IP Instance files '../../imports/constraints/BLS4G4D240FSB.csv'
INFO: [IP_Flow 19-3484] Absolute path of file '/home/cah/r2d2/code/fpga/fable5_llm/synth/out_sr10_mig_probe_sweep/proj/sr10_mig_sweep.srcs/sources_1/imports/constraints/BLS4G4D240FSB.csv' provided. It will be converted relative to IP Instance files '../../imports/constraints/BLS4G4D240FSB.csv'
ERROR: [IP_Flow 19-3461] Value '3332' is out of the range for parameter 'C0.DDR4 InputClockPeriod(C0.DDR4_InputClockPeriod)' for IP 'ddr4_sweep' . Valid values are - 14112, 14111, 13407, 13406, 13405, 13230, 13229, 12702, 12701, 12700, 12349, 12348, 12347, 11996, 11995, 11994, 11467, 11466, 11290, 11289, 10584, 10583, 9879, 9878, 9877, 9702, 9701, 9174, 9173, 9172, 8820, 8819, 8468, 8467, 7938, 7937, 7762, 7761, 7056, 7055, 6704, 6703, 6702, 6615, 6614, 6351, 6350, 6349, 6175, 6174, 6173, 5998, 5997, 5734, 5733, 5645, 5644, 5292, 5291, 4940, 4939, 4938, 4851, 4850, 4705, 4704, 4703, 4587, 4586, 4470, 4469, 4468, 4410, 4409, 4235, 4234, 4233, 4117, 4116, 4115, 3999, 3998, 3969, 3968, 3881, 3880, 3822, 3821, 3764, 3763, 3762, 3528, 3527, 3353, 3352, 3351, 3308, 3307, 3293, 3292, 3234, 3233, 3176, 3175, 3174, 3088, 3087, 3086, 3059, 3058, 3057, 2999, 2998, 2941, 2940, 2939, 2867, 2866, 2823, 2822, 2821, 2682, 2681, 2646, 2645, 2588, 2587, 2586, 2541, 2540, 2470, 2469, 2426, 2425, 2400, 2399, 2398, 2353, 2352, 2351, 2294, 2293, 2259, 2258, 2257, 2235, 2234, 2205, 2204, 2118, 2117, 2116, 2058, 2057, 2017, 2016, 2000, 1999, 1985, 1984, 1976, 1975, 1941, 1940, 1916, 1915, 1911, 1910, 1891, 1890, 1882, 1881, 1835, 1834, 1815, 1814, 1764, 1763, 1714, 1713, 1694, 1693, 1676, 1675, 1654, 1653, 1647, 1646, 1639, 1638, 1617, 1616, 1613, 1612, 1588, 1587, 1569, 1568, 1567, 1553, 1552, 1544, 1543, 1529, 1528, 1512, 1511, 1500, 1499, 1490, 1489, 1471, 1470, 1469, 1434, 1433, 1412, 1411, 1410, 1386, 1385, 1372, 1371, 1341, 1340, 1333, 1332, 1323, 1322, 1311, 1310, 1294, 1293
INFO: [IP_Flow 19-3438] Customization errors found on 'ddr4_sweep'. Restoring to previous valid configuration.
INFO: [Common 17-17] undo 'set_property'
MIGS_ROW: P= 882 cut= 5.556% UI(1/4P)= 283.447MHz REFUSED set_ok=0 t=7925ms err={ERROR: [Common 17-39] 'set_property' failed due to earlier errors. | } | holds: TimePeriod=877 InputClockPeriod=3332 MemoryPart=BLS4G4D240FSB-2400 CLKFBOUT_MULT=19 DIVCLK_DIVIDE=4 CLKOUT0_DIVIDE=5 CasLatency=16 CasWriteLatency=12
INFO: [IP_Flow 19-3484] Absolute path of file '/home/cah/r2d2/code/fpga/fable5_llm/synth/out_sr10_mig_probe_sweep/proj/sr10_mig_sweep.srcs/sources_1/imports/constraints/BLS4G4D240FSB.csv' provided. It will be converted relative to IP Instance files '../../imports/constraints/BLS4G4D240FSB.csv'
INFO: [Common 17-14] Message 'IP_Flow 19-3484' appears 100 times and further instances of the messages will be disabled. Use the Tcl command set_msg_config to change the current settings.
ERROR: [IP_Flow 19-3461] Value '3332' is out of the range for parameter 'C0.DDR4 InputClockPeriod(C0.DDR4_InputClockPeriod)' for IP 'ddr4_sweep' . Valid values are - 14129, 14128, 13422, 13421, 13246, 13245, 13244, 12716, 12715, 12714, 12363, 12362, 12009, 12008, 11480, 11479, 11303, 11302, 10597, 10596, 10595, 9890, 9889, 9714, 9713, 9712, 9184, 9183, 8831, 8830, 8477, 8476, 7948, 7947, 7946, 7771, 7770, 7769, 7065, 7064, 6711, 6710, 6623, 6622, 6621, 6358, 6357, 6182, 6181, 6005, 6004, 6003, 5740, 5739, 5652, 5651, 5299, 5298, 5297, 4945, 4944, 4857, 4856, 4710, 4709, 4708, 4593, 4592, 4591, 4474, 4473, 4416, 4415, 4239, 4238, 4122, 4121, 4120, 4004, 4003, 4002, 3974, 3973, 3972, 3925, 3924, 3886, 3885, 3884, 3827, 3826, 3768, 3767, 3533, 3532, 3356, 3355, 3312, 3311, 3310, 3298, 3297, 3296, 3239, 3238, 3237, 3179, 3178, 3140, 3139, 3091, 3090, 3062, 3061, 3003, 3002, 3001, 2944, 2943, 2942, 2870, 2869, 2826, 2825, 2685, 2684, 2650, 2649, 2648, 2591, 2590, 2544, 2543, 2473, 2472, 2429, 2428, 2402, 2401, 2356, 2355, 2354, 2297, 2296, 2295, 2261, 2260, 2237, 2236, 2208, 2207, 2120, 2119, 2061, 2060, 2019, 2018, 2002, 2001, 1987, 1986, 1978, 1977, 1963, 1962, 1943, 1942, 1918, 1917, 1914, 1913, 1893, 1892, 1884, 1883, 1851, 1850, 1837, 1836, 1817, 1816, 1767, 1766, 1716, 1715, 1696, 1695, 1682, 1681, 1678, 1677, 1656, 1655, 1649, 1648, 1647, 1640, 1639, 1619, 1618, 1615, 1614, 1590, 1589, 1570, 1569, 1555, 1554, 1553, 1546, 1545, 1531, 1530, 1514, 1513, 1502, 1501, 1492, 1491, 1472, 1471, 1439, 1438, 1435, 1434, 1413, 1412, 1388, 1387, 1374, 1373, 1343, 1342, 1335, 1334, 1325, 1324, 1312, 1311, 1296, 1295
INFO: [IP_Flow 19-3438] Customization errors found on 'ddr4_sweep'. Restoring to previous valid configuration.
INFO: [Common 17-17] undo 'set_property'
MIGS_ROW: P= 883 cut= 5.663% UI(1/4P)= 283.126MHz REFUSED set_ok=0 t=8061ms err={ERROR: [Common 17-39] 'set_property' failed due to earlier errors. | } | holds: TimePeriod=877 InputClockPeriod=3332 MemoryPart=BLS4G4D240FSB-2400 CLKFBOUT_MULT=19 DIVCLK_DIVIDE=4 CLKOUT0_DIVIDE=5 CasLatency=16 CasWriteLatency=12
ERROR: [IP_Flow 19-3461] Value '3332' is out of the range for parameter 'C0.DDR4 InputClockPeriod(C0.DDR4_InputClockPeriod)' for IP 'ddr4_sweep' . Valid values are - 14145, 14144, 13438, 13437, 13436, 13261, 13260, 12730, 12729, 12376, 12375, 12023, 12022, 11493, 11492, 11316, 11315, 10609, 10608, 10607, 9901, 9900, 9725, 9724, 9723, 9195, 9194, 9193, 8487, 8486, 7957, 7956, 7780, 7779, 7073, 7072, 6719, 6718, 6631, 6630, 6365, 6364, 6188, 6187, 6012, 6011, 5747, 5746, 5659, 5658, 5657, 5305, 5304, 5303, 4951, 4950, 4949, 4863, 4862, 4861, 4715, 4714, 4598, 4597, 4596, 4480, 4479, 4478, 4421, 4420, 4244, 4243, 4126, 4125, 4008, 4007, 3979, 3978, 3891, 3890, 3889, 3832, 3831, 3830, 3772, 3771, 3537, 3536, 3360, 3359, 3316, 3315, 3301, 3300, 3299, 3242, 3241, 3240, 3183, 3182, 3181, 3094, 3093, 3065, 3064, 3006, 3005, 2948, 2947, 2874, 2873, 2830, 2829, 2828, 2751, 2750, 2688, 2687, 2653, 2652, 2651, 2594, 2593, 2592, 2546, 2545, 2476, 2475, 2474, 2432, 2431, 2430, 2405, 2404, 2358, 2357, 2299, 2298, 2264, 2263, 2262, 2240, 2239, 2211, 2210, 2122, 2121, 2063, 2062, 2021, 2020, 2004, 2003, 1990, 1989, 1981, 1980, 1979, 1946, 1945, 1944, 1920, 1919, 1916, 1915, 1895, 1894, 1886, 1885, 1839, 1838, 1819, 1818, 1769, 1768, 1718, 1717, 1698, 1697, 1680, 1679, 1658, 1657, 1651, 1650, 1649, 1642, 1641, 1621, 1620, 1617, 1616, 1592, 1591, 1572, 1571, 1556, 1555, 1547, 1546, 1533, 1532, 1516, 1515, 1503, 1502, 1494, 1493, 1492, 1474, 1473, 1437, 1436, 1415, 1414, 1390, 1389, 1376, 1375, 1347, 1346, 1344, 1343, 1336, 1335, 1327, 1326, 1325, 1314, 1313, 1297, 1296
INFO: [IP_Flow 19-3438] Customization errors found on 'ddr4_sweep'. Restoring to previous valid configuration.
INFO: [Common 17-17] undo 'set_property'
MIGS_ROW: P= 884 cut= 5.769% UI(1/4P)= 282.805MHz REFUSED set_ok=0 t=7793ms err={ERROR: [Common 17-39] 'set_property' failed due to earlier errors. | } | holds: TimePeriod=877 InputClockPeriod=3332 MemoryPart=BLS4G4D240FSB-2400 CLKFBOUT_MULT=19 DIVCLK_DIVIDE=4 CLKOUT0_DIVIDE=5 CasLatency=16 CasWriteLatency=12
ERROR: [IP_Flow 19-3461] Value '3332' is out of the range for parameter 'C0.DDR4 InputClockPeriod(C0.DDR4_InputClockPeriod)' for IP 'ddr4_sweep' . Valid values are - 14161, 14160, 13453, 13452, 13275, 13274, 12745, 12744, 12743, 12391, 12390, 12389, 12037, 12036, 12035, 11505, 11504, 11329, 11328, 10621, 10620, 9913, 9912, 9736, 9735, 9734, 9205, 9204, 9203, 8851, 8850, 8849, 8497, 8496, 7966, 7965, 7964, 7789, 7788, 7787, 7081, 7080, 6727, 6726, 6638, 6637, 6636, 6373, 6372, 6371, 6196, 6195, 6194, 6019, 6018, 6017, 5753, 5752, 5665, 5664, 5663, 5311, 5310, 4957, 4956, 4955, 4868, 4867, 4721, 4720, 4719, 4603, 4602, 4601, 4484, 4483, 4426, 4425, 4424, 4327, 4326, 4249, 4248, 4247, 4131, 4130, 4129, 4013, 4012, 3984, 3983, 3982, 3934, 3933, 3895, 3894, 3893, 3835, 3834, 3777, 3776, 3541, 3540, 3364, 3363, 3320, 3319, 3318, 3305, 3304, 3303, 3245, 3244, 3187, 3186, 3185, 3148, 3147, 3098, 3097, 3096, 3068, 3067, 3010, 3009, 3008, 2951, 2950, 2949, 2877, 2876, 2833, 2832, 2831, 2753, 2752, 2691, 2690, 2656, 2655, 2597, 2596, 2550, 2549, 2548, 2479, 2478, 2477, 2434, 2433, 2408, 2407, 2406, 2361, 2360, 2359, 2302, 2301, 2300, 2266, 2265, 2242, 2241, 2214, 2213, 2212, 2125, 2124, 2123, 2066, 2065, 2064, 2024, 2023, 2022, 2007, 2006, 1992, 1991, 1983, 1982, 1948, 1947, 1922, 1921, 1918, 1917, 1897, 1896, 1889, 1888, 1841, 1840, 1821, 1820, 1771, 1770, 1720, 1719, 1700, 1699, 1682, 1681, 1660, 1659, 1653, 1652, 1651, 1644, 1643, 1623, 1622, 1619, 1618, 1594, 1593, 1592, 1574, 1573, 1558, 1557, 1549, 1548, 1534, 1533, 1518, 1517, 1505, 1504, 1495, 1494, 1476, 1475, 1474, 1439, 1438, 1417, 1416, 1415, 1391, 1390, 1377, 1376, 1346, 1345, 1338, 1337, 1328, 1327, 1315, 1314, 1299, 1298
INFO: [IP_Flow 19-3438] Customization errors found on 'ddr4_sweep'. Restoring to previous valid configuration.
INFO: [Common 17-17] undo 'set_property'
MIGS_ROW: P= 885 cut= 5.876% UI(1/4P)= 282.486MHz REFUSED set_ok=0 t=8025ms err={ERROR: [Common 17-39] 'set_property' failed due to earlier errors. | } | holds: TimePeriod=877 InputClockPeriod=3332 MemoryPart=BLS4G4D240FSB-2400 CLKFBOUT_MULT=19 DIVCLK_DIVIDE=4 CLKOUT0_DIVIDE=5 CasLatency=16 CasWriteLatency=12
ERROR: [IP_Flow 19-3461] Value '3332' is out of the range for parameter 'C0.DDR4 InputClockPeriod(C0.DDR4_InputClockPeriod)' for IP 'ddr4_sweep' . Valid values are - 14176, 14175, 13468, 13467, 13290, 13289, 12759, 12758, 12757, 12404, 12403, 12051, 12050, 12049, 11519, 11518, 11517, 11342, 11341, 11340, 10633, 10632, 10631, 9924, 9923, 9922, 9747, 9746, 9745, 9215, 9214, 8861, 8860, 8859, 8507, 8506, 8505, 7974, 7973, 7798, 7797, 7796, 7088, 7087, 6734, 6733, 6645, 6644, 6380, 6379, 6378, 6202, 6201, 6026, 6025, 6024, 5760, 5759, 5758, 5671, 5670, 5317, 5316, 5315, 4962, 4961, 4874, 4873, 4872, 4726, 4725, 4724, 4608, 4607, 4490, 4489, 4488, 4431, 4430, 4429, 4333, 4332, 4254, 4253, 4252, 4136, 4135, 4134, 4017, 4016, 3987, 3986, 3939, 3938, 3899, 3898, 3840, 3839, 3781, 3780, 3544, 3543, 3367, 3366, 3323, 3322, 3309, 3308, 3307, 3249, 3248, 3191, 3190, 3189, 3150, 3149, 3101, 3100, 3072, 3071, 3013, 3012, 2954, 2953, 2880, 2879, 2836, 2835, 2757, 2756, 2694, 2693, 2659, 2658, 2657, 2600, 2599, 2598, 2552, 2551, 2481, 2480, 2437, 2436, 2411, 2410, 2409, 2364, 2363, 2362, 2304, 2303, 2269, 2268, 2267, 2245, 2244, 2216, 2215, 2214, 2127, 2126, 2068, 2067, 2066, 2026, 2025, 2009, 2008, 1994, 1993, 1985, 1984, 1970, 1969, 1950, 1949, 1924, 1923, 1920, 1919, 1899, 1898, 1891, 1890, 1844, 1843, 1842, 1823, 1822, 1772, 1771, 1722, 1721, 1702, 1701, 1684, 1683, 1662, 1661, 1655, 1654, 1653, 1646, 1645, 1625, 1624, 1621, 1620, 1595, 1594, 1576, 1575, 1574, 1560, 1559, 1551, 1550, 1536, 1535, 1519, 1518, 1507, 1506, 1497, 1496, 1477, 1476, 1440, 1439, 1418, 1417, 1393, 1392, 1379, 1378, 1351, 1350, 1347, 1346, 1339, 1338, 1330, 1329, 1328, 1317, 1316, 1300, 1299
INFO: [IP_Flow 19-3438] Customization errors found on 'ddr4_sweep'. Restoring to previous valid configuration.
INFO: [Common 17-17] undo 'set_property'
MIGS_ROW: P= 886 cut= 5.982% UI(1/4P)= 282.167MHz REFUSED set_ok=0 t=8044ms err={ERROR: [Common 17-39] 'set_property' failed due to earlier errors. | } | holds: TimePeriod=877 InputClockPeriod=3332 MemoryPart=BLS4G4D240FSB-2400 CLKFBOUT_MULT=19 DIVCLK_DIVIDE=4 CLKOUT0_DIVIDE=5 CasLatency=16 CasWriteLatency=12
ERROR: [IP_Flow 19-3461] Value '3332' is out of the range for parameter 'C0.DDR4 InputClockPeriod(C0.DDR4_InputClockPeriod)' for IP 'ddr4_sweep' . Valid values are - 14192, 14191, 13483, 13482, 13481, 13306, 13305, 12773, 12772, 12418, 12417, 12064, 12063, 11531, 11530, 11355, 11354, 11353, 10645, 10644, 10643, 9935, 9934, 9758, 9757, 9756, 9225, 9224, 8871, 8870, 8869, 8516, 8515, 7984, 7983, 7982, 7807, 7806, 7805, 7096, 7095, 6742, 6741, 6740, 6653, 6652, 6387, 6386, 6209, 6208, 6033, 6032, 6031, 5766, 5765, 5764, 5678, 5677, 5676, 5323, 5322, 5321, 4968, 4967, 4879, 4878, 4732, 4731, 4730, 4613, 4612, 4495, 4494, 4493, 4436, 4435, 4434, 4337, 4336, 4258, 4257, 4140, 4139, 4022, 4021, 3992, 3991, 3943, 3942, 3904, 3903, 3902, 3844, 3843, 3785, 3784, 3548, 3547, 3371, 3370, 3327, 3326, 3325, 3312, 3311, 3310, 3253, 3252, 3251, 3194, 3193, 3154, 3153, 3105, 3104, 3076, 3075, 3074, 3017, 3016, 3015, 2957, 2956, 2884, 2883, 2882, 2839, 2838, 2760, 2759, 2697, 2696, 2662, 2661, 2660, 2602, 2601, 2555, 2554, 2485, 2484, 2483, 2440, 2439, 2413, 2412, 2366, 2365, 2307, 2306, 2271, 2270, 2248, 2247, 2246, 2218, 2217, 2216, 2129, 2128, 2070, 2069, 2028, 2027, 2011, 2010, 1996, 1995, 1987, 1986, 1972, 1971, 1952, 1951, 1927, 1926, 1925, 1922, 1921, 1901, 1900, 1893, 1892, 1845, 1844, 1825, 1824, 1774, 1773, 1724, 1723, 1704, 1703, 1686, 1685, 1664, 1663, 1656, 1655, 1648, 1647, 1627, 1626, 1622, 1621, 1597, 1596, 1577, 1576, 1562, 1561, 1553, 1552, 1538, 1537, 1521, 1520, 1508, 1507, 1499, 1498, 1497, 1479, 1478, 1442, 1441, 1420, 1419, 1394, 1393, 1380, 1379, 1349, 1348, 1341, 1340, 1331, 1330, 1318, 1317, 1301, 1300
INFO: [IP_Flow 19-3438] Customization errors found on 'ddr4_sweep'. Restoring to previous valid configuration.
INFO: [Common 17-17] undo 'set_property'
MIGS_ROW: P= 887 cut= 6.088% UI(1/4P)= 281.849MHz REFUSED set_ok=0 t=8064ms err={ERROR: [Common 17-39] 'set_property' failed due to earlier errors. | } | holds: TimePeriod=877 InputClockPeriod=3332 MemoryPart=BLS4G4D240FSB-2400 CLKFBOUT_MULT=19 DIVCLK_DIVIDE=4 CLKOUT0_DIVIDE=5 CasLatency=16 CasWriteLatency=12
ERROR: [IP_Flow 19-3461] Value '3332' is out of the range for parameter 'C0.DDR4 InputClockPeriod(C0.DDR4_InputClockPeriod)' for IP 'ddr4_sweep' . Valid values are - 14209, 14208, 13498, 13497, 13321, 13320, 12788, 12787, 12786, 12433, 12432, 12431, 12078, 12077, 12076, 11841, 11840, 11545, 11544, 11367, 11366, 10657, 10656, 10655, 9947, 9946, 9945, 9769, 9768, 9767, 9236, 9235, 9234, 8881, 8880, 8879, 8525, 8524, 7993, 7992, 7991, 7815, 7814, 7105, 7104, 6749, 6748, 6661, 6660, 6395, 6394, 6393, 6217, 6216, 6215, 6039, 6038, 5921, 5920, 5773, 5772, 5684, 5683, 5329, 5328, 5327, 4974, 4973, 4972, 4885, 4884, 4883, 4737, 4736, 4735, 4618, 4617, 4500, 4499, 4498, 4441, 4440, 4439, 4342, 4341, 4263, 4262, 4145, 4144, 4143, 4026, 4025, 3997, 3996, 3995, 3948, 3947, 3908, 3907, 3849, 3848, 3847, 3790, 3789, 3788, 3553, 3552, 3375, 3374, 3373, 3331, 3330, 3316, 3315, 3257, 3256, 3198, 3197, 3196, 3158, 3157, 3109, 3108, 3107, 3079, 3078, 3077, 3020, 3019, 2961, 2960, 2887, 2886, 2842, 2841, 2763, 2762, 2700, 2699, 2665, 2664, 2605, 2604, 2558, 2557, 2487, 2486, 2485, 2443, 2442, 2441, 2416, 2415, 2369, 2368, 2367, 2309, 2308, 2274, 2273, 2250, 2249, 2221, 2220, 2219, 2132, 2131, 2073, 2072, 2071, 2030, 2029, 2013, 2012, 1999, 1998, 1997, 1990, 1989, 1954, 1953, 1929, 1928, 1924, 1923, 1903, 1902, 1895, 1894, 1848, 1847, 1846, 1827, 1826, 1777, 1776, 1726, 1725, 1706, 1705, 1704, 1688, 1687, 1666, 1665, 1658, 1657, 1650, 1649, 1629, 1628, 1624, 1623, 1599, 1598, 1579, 1578, 1563, 1562, 1555, 1554, 1553, 1540, 1539, 1523, 1522, 1510, 1509, 1500, 1499, 1481, 1480, 1444, 1443, 1421, 1420, 1396, 1395, 1382, 1381, 1350, 1349, 1342, 1341, 1333, 1332, 1320, 1319, 1303, 1302, 1292, 1291
INFO: [IP_Flow 19-3438] Customization errors found on 'ddr4_sweep'. Restoring to previous valid configuration.
INFO: [Common 17-17] undo 'set_property'
MIGS_ROW: P= 888 cut= 6.194% UI(1/4P)= 281.532MHz REFUSED set_ok=0 t=8003ms err={ERROR: [Common 17-39] 'set_property' failed due to earlier errors. | } | holds: TimePeriod=877 InputClockPeriod=3332 MemoryPart=BLS4G4D240FSB-2400 CLKFBOUT_MULT=19 DIVCLK_DIVIDE=4 CLKOUT0_DIVIDE=5 CasLatency=16 CasWriteLatency=12
ERROR: [IP_Flow 19-3461] Value '3332' is out of the range for parameter 'C0.DDR4 InputClockPeriod(C0.DDR4_InputClockPeriod)' for IP 'ddr4_sweep' . Valid values are - 14225, 14224, 13513, 13512, 13336, 13335, 12803, 12802, 12801, 12447, 12446, 12091, 12090, 11558, 11557, 11556, 11380, 11379, 11378, 10669, 10668, 9958, 9957, 9956, 9780, 9779, 9247, 9246, 9245, 8891, 8890, 8535, 8534, 8002, 8001, 7824, 7823, 7822, 7113, 7112, 6757, 6756, 6669, 6668, 6667, 6402, 6401, 6400, 6224, 6223, 6046, 6045, 5780, 5779, 5778, 5691, 5690, 5689, 5335, 5334, 4979, 4978, 4977, 4890, 4889, 4742, 4741, 4624, 4623, 4622, 4505, 4504, 4503, 4446, 4445, 4268, 4267, 4150, 4149, 4148, 4031, 4030, 4029, 4002, 4001, 4000, 3913, 3912, 3911, 3853, 3852, 3851, 3794, 3793, 3792, 3557, 3556, 3379, 3378, 3335, 3334, 3333, 3320, 3319, 3318, 3260, 3259, 3201, 3200, 3112, 3111, 3083, 3082, 3081, 3023, 3022, 2964, 2963, 2962, 2890, 2889, 2888, 2846, 2845, 2844, 2767, 2766, 2703, 2702, 2668, 2667, 2609, 2608, 2607, 2561, 2560, 2490, 2489, 2488, 2445, 2444, 2419, 2418, 2417, 2371, 2370, 2312, 2311, 2277, 2276, 2275, 2253, 2252, 2251, 2223, 2222, 2135, 2134, 2133, 2075, 2074, 2033, 2032, 2016, 2015, 2014, 2001, 2000, 1992, 1991, 1957, 1956, 1955, 1931, 1930, 1927, 1926, 1905, 1904, 1897, 1896, 1850, 1849, 1848, 1829, 1828, 1779, 1778, 1728, 1727, 1708, 1707, 1706, 1690, 1689, 1667, 1666, 1660, 1659, 1652, 1651, 1650, 1630, 1629, 1626, 1625, 1601, 1600, 1581, 1580, 1565, 1564, 1556, 1555, 1542, 1541, 1540, 1525, 1524, 1512, 1511, 1502, 1501, 1482, 1481, 1445, 1444, 1423, 1422, 1398, 1397, 1396, 1384, 1383, 1382, 1352, 1351, 1344, 1343, 1334, 1333, 1321, 1320, 1317, 1316, 1304, 1303, 1294, 1293
INFO: [IP_Flow 19-3438] Customization errors found on 'ddr4_sweep'. Restoring to previous valid configuration.
INFO: [Common 17-17] undo 'set_property'
MIGS_ROW: P= 889 cut= 6.299% UI(1/4P)= 281.215MHz REFUSED set_ok=0 t=7969ms err={ERROR: [Common 17-39] 'set_property' failed due to earlier errors. | } | holds: TimePeriod=877 InputClockPeriod=3332 MemoryPart=BLS4G4D240FSB-2400 CLKFBOUT_MULT=19 DIVCLK_DIVIDE=4 CLKOUT0_DIVIDE=5 CasLatency=16 CasWriteLatency=12
ERROR: [IP_Flow 19-3461] Value '3332' is out of the range for parameter 'C0.DDR4 InputClockPeriod(C0.DDR4_InputClockPeriod)' for IP 'ddr4_sweep' . Valid values are - 14241, 14240, 13529, 13528, 13351, 13350, 12817, 12816, 12815, 12461, 12460, 12105, 12104, 12103, 11571, 11570, 11393, 11392, 11391, 10681, 10680, 9969, 9968, 9967, 9791, 9790, 9257, 9256, 9255, 8901, 8900, 8545, 8544, 8543, 8011, 8010, 8009, 7833, 7832, 7121, 7120, 6765, 6764, 6676, 6675, 6409, 6408, 6407, 6231, 6230, 6053, 6052, 6051, 5786, 5785, 5697, 5696, 5695, 5341, 5340, 4985, 4984, 4983, 4896, 4895, 4748, 4747, 4746, 4629, 4628, 4627, 4510, 4509, 4508, 4451, 4450, 4273, 4272, 4271, 4154, 4153, 4152, 4035, 4034, 4006, 4005, 4004, 3956, 3955, 3917, 3916, 3858, 3857, 3856, 3798, 3797, 3561, 3560, 3383, 3382, 3338, 3337, 3324, 3323, 3322, 3264, 3263, 3205, 3204, 3203, 3164, 3163, 3116, 3115, 3086, 3085, 3084, 3027, 3026, 3025, 2968, 2967, 2966, 2893, 2892, 2849, 2848, 2847, 2706, 2705, 2671, 2670, 2611, 2610, 2564, 2563, 2562, 2493, 2492, 2491, 2448, 2447, 2421, 2420, 2374, 2373, 2372, 2315, 2314, 2313, 2279, 2278, 2255, 2254, 2226, 2225, 2137, 2136, 2135, 2077, 2076, 2035, 2034, 2018, 2017, 2003, 2002, 1994, 1993, 1978, 1977, 1959, 1958, 1933, 1932, 1929, 1928, 1908, 1907, 1899, 1898, 1852, 1851, 1831, 1830, 1781, 1780, 1730, 1729, 1709, 1708, 1692, 1691, 1669, 1668, 1662, 1661, 1653, 1652, 1632, 1631, 1628, 1627, 1603, 1602, 1601, 1583, 1582, 1581, 1567, 1566, 1558, 1557, 1543, 1542, 1526, 1525, 1513, 1512, 1504, 1503, 1484, 1483, 1447, 1446, 1425, 1424, 1423, 1399, 1398, 1385, 1384, 1353, 1352, 1345, 1344, 1336, 1335, 1323, 1322, 1306, 1305, 1295, 1294
INFO: [IP_Flow 19-3438] Customization errors found on 'ddr4_sweep'. Restoring to previous valid configuration.
INFO: [Common 17-17] undo 'set_property'
MIGS_ROW: P= 890 cut= 6.404% UI(1/4P)= 280.899MHz REFUSED set_ok=0 t=8080ms err={ERROR: [Common 17-39] 'set_property' failed due to earlier errors. | } | holds: TimePeriod=877 InputClockPeriod=3332 MemoryPart=BLS4G4D240FSB-2400 CLKFBOUT_MULT=19 DIVCLK_DIVIDE=4 CLKOUT0_DIVIDE=5 CasLatency=16 CasWriteLatency=12
ERROR: [IP_Flow 19-3461] Value '3332' is out of the range for parameter 'C0.DDR4 InputClockPeriod(C0.DDR4_InputClockPeriod)' for IP 'ddr4_sweep' . Valid values are - 14256, 14255, 13544, 13543, 13366, 13365, 12831, 12830, 12474, 12473, 12119, 12118, 12117, 11583, 11582, 11406, 11405, 11404, 10693, 10692, 10691, 9980, 9979, 9802, 9801, 9267, 9266, 8911, 8910, 8909, 8554, 8553, 8020, 8019, 7842, 7841, 7840, 7128, 7127, 6772, 6771, 6684, 6683, 6682, 6416, 6415, 6237, 6236, 6060, 6059, 6058, 5792, 5791, 5703, 5702, 5347, 5346, 5345, 4990, 4989, 4901, 4900, 4753, 4752, 4751, 4634, 4633, 4515, 4514, 4456, 4455, 4454, 4277, 4276, 4159, 4158, 4157, 4040, 4039, 4011, 4010, 4009, 3921, 3920, 3862, 3861, 3860, 3802, 3801, 3564, 3563, 3386, 3385, 3342, 3341, 3340, 3327, 3326, 3325, 3267, 3266, 3208, 3207, 3119, 3118, 3117, 3089, 3088, 3030, 3029, 2971, 2970, 2969, 2897, 2896, 2895, 2852, 2851, 2709, 2708, 2674, 2673, 2672, 2614, 2613, 2567, 2566, 2495, 2494, 2451, 2450, 2449, 2424, 2423, 2377, 2376, 2375, 2317, 2316, 2282, 2281, 2280, 2258, 2257, 2228, 2227, 2139, 2138, 2080, 2079, 2078, 2037, 2036, 2020, 2019, 2005, 2004, 1996, 1995, 1961, 1960, 1935, 1934, 1931, 1930, 1910, 1909, 1901, 1900, 1854, 1853, 1834, 1833, 1832, 1782, 1781, 1732, 1731, 1711, 1710, 1693, 1692, 1671, 1670, 1664, 1663, 1662, 1655, 1654, 1634, 1633, 1630, 1629, 1604, 1603, 1585, 1584, 1583, 1569, 1568, 1560, 1559, 1545, 1544, 1528, 1527, 1515, 1514, 1505, 1504, 1486, 1485, 1484, 1448, 1447, 1426, 1425, 1401, 1400, 1387, 1386, 1385, 1355, 1354, 1347, 1346, 1337, 1336, 1324, 1323, 1307, 1306, 1297, 1296, 1295
INFO: [IP_Flow 19-3438] Customization errors found on 'ddr4_sweep'. Restoring to previous valid configuration.
INFO: [Common 17-17] undo 'set_property'
MIGS_ROW: P= 891 cut= 6.510% UI(1/4P)= 280.584MHz REFUSED set_ok=0 t=8045ms err={ERROR: [Common 17-39] 'set_property' failed due to earlier errors. | } | holds: TimePeriod=877 InputClockPeriod=3332 MemoryPart=BLS4G4D240FSB-2400 CLKFBOUT_MULT=19 DIVCLK_DIVIDE=4 CLKOUT0_DIVIDE=5 CasLatency=16 CasWriteLatency=12
ERROR: [IP_Flow 19-3461] Value '3332' is out of the range for parameter 'C0.DDR4 InputClockPeriod(C0.DDR4_InputClockPeriod)' for IP 'ddr4_sweep' . Valid values are - 14272, 14271, 13559, 13558, 13557, 13380, 13379, 12846, 12845, 12844, 12489, 12488, 12487, 12132, 12131, 11597, 11596, 11595, 11419, 11418, 11417, 10705, 10704, 10703, 9991, 9990, 9812, 9811, 9278, 9277, 9276, 8921, 8920, 8919, 8564, 8563, 8029, 8028, 8027, 7851, 7850, 7849, 7136, 7135, 6780, 6779, 6778, 6690, 6689, 6423, 6422, 6421, 6245, 6244, 6243, 6066, 6065, 5799, 5798, 5797, 5710, 5709, 5708, 5353, 5352, 5351, 4996, 4995, 4906, 4905, 4758, 4757, 4639, 4638, 4637, 4520, 4519, 4518, 4461, 4460, 4459, 4282, 4281, 4164, 4163, 4162, 4044, 4043, 4015, 4014, 4013, 3965, 3964, 3926, 3925, 3924, 3866, 3865, 3806, 3805, 3568, 3567, 3390, 3389, 3345, 3344, 3331, 3330, 3271, 3270, 3212, 3211, 3210, 3172, 3171, 3123, 3122, 3121, 3093, 3092, 3033, 3032, 2974, 2973, 2900, 2899, 2898, 2855, 2854, 2853, 2712, 2711, 2677, 2676, 2675, 2617, 2616, 2569, 2568, 2499, 2498, 2497, 2453, 2452, 2427, 2426, 2379, 2378, 2320, 2319, 2318, 2284, 2283, 2260, 2259, 2231, 2230, 2229, 2141, 2140, 2082, 2081, 2080, 2039, 2038, 2022, 2021, 2008, 2007, 2006, 1999, 1998, 1983, 1982, 1963, 1962, 1937, 1936, 1933, 1932, 1912, 1911, 1903, 1902, 1870, 1869, 1856, 1855, 1836, 1835, 1834, 1784, 1783, 1734, 1733, 1732, 1713, 1712, 1699, 1698, 1695, 1694, 1673, 1672, 1666, 1665, 1657, 1656, 1636, 1635, 1632, 1631, 1630, 1606, 1605, 1586, 1585, 1570, 1569, 1562, 1561, 1560, 1547, 1546, 1530, 1529, 1517, 1516, 1507, 1506, 1487, 1486, 1450, 1449, 1428, 1427, 1426, 1402, 1401, 1388, 1387, 1356, 1355, 1348, 1347, 1339, 1338, 1337, 1326, 1325, 1309, 1308, 1298, 1297
INFO: [IP_Flow 19-3438] Customization errors found on 'ddr4_sweep'. Restoring to previous valid configuration.
INFO: [Common 17-17] undo 'set_property'
MIGS_ROW: P= 892 cut= 6.614% UI(1/4P)= 280.269MHz REFUSED set_ok=0 t=8136ms err={ERROR: [Common 17-39] 'set_property' failed due to earlier errors. | } | holds: TimePeriod=877 InputClockPeriod=3332 MemoryPart=BLS4G4D240FSB-2400 CLKFBOUT_MULT=19 DIVCLK_DIVIDE=4 CLKOUT0_DIVIDE=5 CasLatency=16 CasWriteLatency=12
ERROR: [IP_Flow 19-3461] Value '3332' is out of the range for parameter 'C0.DDR4 InputClockPeriod(C0.DDR4_InputClockPeriod)' for IP 'ddr4_sweep' . Valid values are - 13575, 13574, 13573, 13396, 13395, 13394, 12860, 12859, 12858, 12503, 12502, 12501, 12146, 12145, 12144, 11610, 11609, 11431, 11430, 11429, 10717, 10716, 10715, 10003, 10002, 10001, 9824, 9823, 9822, 9288, 9287, 9286, 8931, 8930, 8929, 8574, 8573, 8572, 8038, 8037, 8036, 7859, 7858, 7145, 7144, 6788, 6787, 6786, 6699, 6698, 6697, 6430, 6429, 6252, 6251, 6250, 6073, 6072, 6071, 5805, 5804, 5716, 5715, 5714, 5359, 5358, 5357, 5002, 5001, 5000, 4912, 4911, 4645, 4644, 4643, 4525, 4524, 4466, 4465, 4464, 4287, 4286, 4285, 4168, 4167, 4166, 4049, 4048, 4019, 4018, 3930, 3929, 3871, 3870, 3869, 3811, 3810, 3809, 3573, 3572, 3394, 3393, 3350, 3349, 3348, 3335, 3334, 3333, 3275, 3274, 3215, 3214, 3126, 3125, 3097, 3096, 3095, 3037, 3036, 3035, 2978, 2977, 2976, 2903, 2902, 2859, 2858, 2857, 2779, 2778, 2715, 2714, 2680, 2679, 2678, 2620, 2619, 2572, 2571, 2501, 2500, 2456, 2455, 2430, 2429, 2428, 2382, 2381, 2380, 2323, 2322, 2321, 2287, 2286, 2263, 2262, 2234, 2233, 2232, 2144, 2143, 2142, 2085, 2084, 2083, 2025, 2024, 2010, 2009, 2001, 2000, 1965, 1964, 1940, 1939, 1935, 1934, 1914, 1913, 1906, 1905, 1904, 1871, 1870, 1858, 1857, 1838, 1837, 1787, 1786, 1735, 1734, 1715, 1714, 1702, 1701, 1697, 1696, 1675, 1674, 1668, 1667, 1666, 1659, 1658, 1638, 1637, 1633, 1632, 1608, 1607, 1572, 1571, 1563, 1562, 1548, 1547, 1531, 1530, 1519, 1518, 1509, 1508, 1489, 1488, 1452, 1451, 1430, 1429, 1428, 1404, 1403, 1390, 1389, 1358, 1357, 1350, 1349, 1340, 1339, 1327, 1326, 1323, 1322, 1310, 1309
INFO: [IP_Flow 19-3438] Customization errors found on 'ddr4_sweep'. Restoring to previous valid configuration.
INFO: [Common 17-17] undo 'set_property'
MIGS_ROW: P= 893 cut= 6.719% UI(1/4P)= 279.955MHz REFUSED set_ok=0 t=8292ms err={ERROR: [Common 17-39] 'set_property' failed due to earlier errors. | } | holds: TimePeriod=877 InputClockPeriod=3332 MemoryPart=BLS4G4D240FSB-2400 CLKFBOUT_MULT=19 DIVCLK_DIVIDE=4 CLKOUT0_DIVIDE=5 CasLatency=16 CasWriteLatency=12
ERROR: [IP_Flow 19-3461] Value '3332' is out of the range for parameter 'C0.DDR4 InputClockPeriod(C0.DDR4_InputClockPeriod)' for IP 'ddr4_sweep' . Valid values are - 13589, 13588, 13411, 13410, 12875, 12874, 12873, 12517, 12516, 12515, 12159, 12158, 12157, 11623, 11622, 11444, 11443, 11442, 10728, 10727, 10013, 10012, 9835, 9834, 9833, 9299, 9298, 9297, 8941, 8940, 8939, 8583, 8582, 8581, 8047, 8046, 8045, 7868, 7867, 7866, 7152, 7151, 6795, 6794, 6706, 6705, 6438, 6437, 6436, 6259, 6258, 6257, 6080, 6079, 6078, 5812, 5811, 5722, 5721, 5364, 5363, 5007, 5006, 4918, 4917, 4916, 4650, 4649, 4648, 4531, 4530, 4529, 4471, 4470, 4469, 4372, 4371, 4292, 4291, 4290, 4173, 4172, 4171, 4053, 4052, 4024, 4023, 4022, 3973, 3972, 3935, 3934, 3933, 3874, 3873, 3815, 3814, 3813, 3576, 3575, 3398, 3397, 3353, 3352, 3338, 3337, 3279, 3278, 3219, 3218, 3179, 3178, 3130, 3129, 3128, 3100, 3099, 3040, 3039, 2981, 2980, 2906, 2905, 2861, 2860, 2781, 2780, 2719, 2718, 2717, 2682, 2681, 2623, 2622, 2575, 2574, 2504, 2503, 2459, 2458, 2432, 2431, 2385, 2384, 2383, 2325, 2324, 2289, 2288, 2265, 2264, 2236, 2235, 2234, 2147, 2146, 2145, 2087, 2086, 2027, 2026, 2012, 2011, 2003, 2002, 1968, 1967, 1966, 1942, 1941, 1937, 1936, 1916, 1915, 1908, 1907, 1906, 1860, 1859, 1840, 1839, 1838, 1788, 1787, 1737, 1736, 1717, 1716, 1699, 1698, 1677, 1676, 1669, 1668, 1661, 1660, 1640, 1639, 1635, 1634, 1610, 1609, 1574, 1573, 1565, 1564, 1550, 1549, 1533, 1532, 1520, 1519, 1510, 1509, 1491, 1490, 1453, 1452, 1431, 1430, 1405, 1404, 1391, 1390, 1359, 1358, 1352, 1351, 1350, 1341, 1340, 1329, 1328, 1312, 1311, 1292, 1291
INFO: [IP_Flow 19-3438] Customization errors found on 'ddr4_sweep'. Restoring to previous valid configuration.
INFO: [Common 17-17] undo 'set_property'
MIGS_ROW: P= 894 cut= 6.823% UI(1/4P)= 279.642MHz REFUSED set_ok=0 t=8143ms err={ERROR: [Common 17-39] 'set_property' failed due to earlier errors. | } | holds: TimePeriod=877 InputClockPeriod=3332 MemoryPart=BLS4G4D240FSB-2400 CLKFBOUT_MULT=19 DIVCLK_DIVIDE=4 CLKOUT0_DIVIDE=5 CasLatency=16 CasWriteLatency=12
ERROR: [IP_Flow 19-3461] Value '3332' is out of the range for parameter 'C0.DDR4 InputClockPeriod(C0.DDR4_InputClockPeriod)' for IP 'ddr4_sweep' . Valid values are - 13605, 13604, 13426, 13425, 13424, 12888, 12887, 12531, 12530, 12529, 12172, 12171, 11636, 11635, 11634, 11456, 11455, 10740, 10739, 10025, 10024, 10023, 9846, 9845, 9844, 9309, 9308, 9307, 8951, 8950, 8949, 8593, 8592, 8591, 8056, 8055, 8054, 7877, 7876, 7875, 7160, 7159, 6803, 6802, 6713, 6712, 6711, 6444, 6443, 6266, 6265, 6264, 6086, 6085, 5818, 5817, 5728, 5727, 5370, 5369, 5013, 5012, 5011, 4924, 4923, 4922, 4921, 4655, 4654, 4653, 4535, 4534, 4476, 4475, 4474, 4377, 4376, 4297, 4296, 4295, 4178, 4177, 4176, 4058, 4057, 4029, 4028, 4027, 3979, 3978, 3939, 3938, 3937, 3879, 3878, 3819, 3818, 3580, 3579, 3402, 3401, 3357, 3356, 3355, 3342, 3341, 3340, 3283, 3282, 3281, 3222, 3221, 3182, 3181, 3133, 3132, 3104, 3103, 3102, 3043, 3042, 2984, 2983, 2982, 2910, 2909, 2908, 2864, 2863, 2784, 2783, 2722, 2721, 2720, 2685, 2684, 2626, 2625, 2624, 2578, 2577, 2507, 2506, 2505, 2462, 2461, 2460, 2435, 2434, 2387, 2386, 2328, 2327, 2326, 2292, 2291, 2268, 2267, 2239, 2238, 2237, 2236, 2149, 2148, 2147, 2089, 2088, 2087, 2029, 2028, 2014, 2013, 2005, 2004, 1990, 1989, 1970, 1969, 1968, 1944, 1943, 1940, 1939, 1918, 1917, 1910, 1909, 1862, 1861, 1842, 1841, 1790, 1789, 1739, 1738, 1719, 1718, 1701, 1700, 1679, 1678, 1671, 1670, 1663, 1662, 1641, 1640, 1637, 1636, 1611, 1610, 1591, 1590, 1576, 1575, 1567, 1566, 1552, 1551, 1535, 1534, 1522, 1521, 1512, 1511, 1492, 1491, 1455, 1454, 1432, 1431, 1407, 1406, 1393, 1392, 1361, 1360, 1353, 1352, 1343, 1342, 1330, 1329, 1313, 1312, 1293, 1292
INFO: [IP_Flow 19-3438] Customization errors found on 'ddr4_sweep'. Restoring to previous valid configuration.
INFO: [Common 17-17] undo 'set_property'
MIGS_ROW: P= 895 cut= 6.927% UI(1/4P)= 279.330MHz REFUSED set_ok=0 t=8098ms err={ERROR: [Common 17-39] 'set_property' failed due to earlier errors. | } | holds: TimePeriod=877 InputClockPeriod=3332 MemoryPart=BLS4G4D240FSB-2400 CLKFBOUT_MULT=19 DIVCLK_DIVIDE=4 CLKOUT0_DIVIDE=5 CasLatency=16 CasWriteLatency=12
ERROR: [IP_Flow 19-3461] Value '3332' is out of the range for parameter 'C0.DDR4 InputClockPeriod(C0.DDR4_InputClockPeriod)' for IP 'ddr4_sweep' . Valid values are - 13620, 13619, 13440, 13439, 12903, 12902, 12545, 12544, 12543, 12187, 12186, 12185, 11649, 11648, 11470, 11469, 11468, 10753, 10752, 10751, 10036, 10035, 10034, 9857, 9856, 9855, 9319, 9318, 9317, 8961, 8960, 8959, 8602, 8601, 8065, 8064, 8063, 7885, 7884, 7169, 7168, 6810, 6809, 6720, 6719, 6452, 6451, 6273, 6272, 6271, 6094, 6093, 6092, 5825, 5824, 5735, 5734, 5733, 5377, 5376, 5375, 5019, 5018, 5017, 4929, 4928, 4927, 4660, 4659, 4658, 4541, 4540, 4539, 4481, 4480, 4479, 4381, 4380, 4301, 4300, 4182, 4181, 4180, 4063, 4062, 4061, 4033, 4032, 4031, 3943, 3942, 3883, 3882, 3824, 3823, 3822, 3585, 3584, 3405, 3404, 3360, 3359, 3346, 3345, 3344, 3286, 3285, 3226, 3225, 3186, 3185, 3137, 3136, 3135, 3107, 3106, 3047, 3046, 2988, 2987, 2986, 2913, 2912, 2868, 2867, 2866, 2789, 2788, 2724, 2723, 2689, 2688, 2629, 2628, 2627, 2581, 2580, 2510, 2509, 2508, 2465, 2464, 2463, 2438, 2437, 2390, 2389, 2330, 2329, 2294, 2293, 2271, 2270, 2269, 2241, 2240, 2239, 2151, 2150, 2091, 2090, 2032, 2031, 2030, 2017, 2016, 2015, 2008, 2007, 1972, 1971, 1946, 1945, 1942, 1941, 1921, 1920, 1912, 1911, 1864, 1863, 1844, 1843, 1793, 1792, 1741, 1740, 1721, 1720, 1703, 1702, 1680, 1679, 1673, 1672, 1664, 1663, 1643, 1642, 1639, 1638, 1613, 1612, 1593, 1592, 1577, 1576, 1569, 1568, 1567, 1554, 1553, 1536, 1535, 1524, 1523, 1514, 1513, 1494, 1493, 1457, 1456, 1434, 1433, 1408, 1407, 1394, 1393, 1362, 1361, 1355, 1354, 1353, 1345, 1344, 1332, 1331, 1315, 1314, 1295, 1294
INFO: [IP_Flow 19-3438] Customization errors found on 'ddr4_sweep'. Restoring to previous valid configuration.
INFO: [Common 17-17] undo 'set_property'
MIGS_ROW: P= 896 cut= 7.031% UI(1/4P)= 279.018MHz REFUSED set_ok=0 t=8152ms err={ERROR: [Common 17-39] 'set_property' failed due to earlier errors. | } | holds: TimePeriod=877 InputClockPeriod=3332 MemoryPart=BLS4G4D240FSB-2400 CLKFBOUT_MULT=19 DIVCLK_DIVIDE=4 CLKOUT0_DIVIDE=5 CasLatency=16 CasWriteLatency=12
ERROR: [IP_Flow 19-3461] Value '3332' is out of the range for parameter 'C0.DDR4 InputClockPeriod(C0.DDR4_InputClockPeriod)' for IP 'ddr4_sweep' . Valid values are - 13635, 13634, 13456, 13455, 13454, 12917, 12916, 12559, 12558, 12557, 12200, 12199, 11662, 11661, 11482, 11481, 10765, 10764, 10763, 10047, 10046, 10045, 9868, 9867, 9866, 9329, 9328, 8971, 8970, 8612, 8611, 8610, 8074, 8073, 8072, 7895, 7894, 7893, 7177, 7176, 6818, 6817, 6728, 6727, 6459, 6458, 6280, 6279, 6278, 6100, 6099, 5831, 5830, 5741, 5740, 5383, 5382, 5381, 5024, 5023, 5022, 4935, 4934, 4933, 4665, 4664, 4663, 4545, 4544, 4486, 4485, 4386, 4385, 4307, 4306, 4305, 4187, 4186, 4067, 4066, 4038, 4037, 4036, 3987, 3986, 3948, 3947, 3946, 3888, 3887, 3886, 3828, 3827, 3589, 3588, 3409, 3408, 3364, 3363, 3350, 3349, 3348, 3290, 3289, 3288, 3230, 3229, 3190, 3189, 3140, 3139, 3111, 3110, 3109, 3050, 3049, 2991, 2990, 2916, 2915, 2871, 2870, 2869, 2791, 2790, 2727, 2726, 2692, 2691, 2690, 2632, 2631, 2584, 2583, 2512, 2511, 2468, 2467, 2466, 2441, 2440, 2439, 2393, 2392, 2391, 2333, 2332, 2331, 2297, 2296, 2273, 2272, 2243, 2242, 2154, 2153, 2152, 2094, 2093, 2034, 2033, 2019, 2018, 2010, 2009, 1994, 1993, 1974, 1973, 1948, 1947, 1944, 1943, 1923, 1922, 1914, 1913, 1866, 1865, 1846, 1845, 1795, 1794, 1743, 1742, 1723, 1722, 1705, 1704, 1682, 1681, 1675, 1674, 1666, 1665, 1645, 1644, 1641, 1640, 1615, 1614, 1579, 1578, 1570, 1569, 1555, 1554, 1538, 1537, 1525, 1524, 1516, 1515, 1514, 1496, 1495, 1458, 1457, 1436, 1435, 1434, 1410, 1409, 1396, 1395, 1364, 1363, 1356, 1355, 1346, 1345, 1333, 1332, 1316, 1315, 1296, 1295, 1292, 1291
INFO: [IP_Flow 19-3438] Customization errors found on 'ddr4_sweep'. Restoring to previous valid configuration.
INFO: [Common 17-17] undo 'set_property'
MIGS_ROW: P= 897 cut= 7.135% UI(1/4P)= 278.707MHz REFUSED set_ok=0 t=7996ms err={ERROR: [Common 17-39] 'set_property' failed due to earlier errors. | } | holds: TimePeriod=877 InputClockPeriod=3332 MemoryPart=BLS4G4D240FSB-2400 CLKFBOUT_MULT=19 DIVCLK_DIVIDE=4 CLKOUT0_DIVIDE=5 CasLatency=16 CasWriteLatency=12
ERROR: [IP_Flow 19-3461] Value '3332' is out of the range for parameter 'C0.DDR4 InputClockPeriod(C0.DDR4_InputClockPeriod)' for IP 'ddr4_sweep' . Valid values are - 13651, 13650, 13649, 13471, 13470, 13469, 12932, 12931, 12930, 12573, 12572, 12571, 12213, 12212, 11675, 11674, 11495, 11494, 11493, 10777, 10776, 10775, 10058, 10057, 9879, 9878, 9877, 9340, 9339, 8621, 8620, 8083, 8082, 8081, 7903, 7902, 7185, 7184, 6826, 6825, 6824, 6736, 6735, 6734, 6466, 6465, 6287, 6286, 6285, 6107, 6106, 5838, 5837, 5748, 5747, 5746, 5389, 5388, 5387, 5029, 5028, 4940, 4939, 4938, 4670, 4669, 4551, 4550, 4549, 4491, 4490, 4311, 4310, 4192, 4191, 4190, 4071, 4070, 4042, 4041, 4040, 3952, 3951, 3892, 3891, 3832, 3831, 3593, 3592, 3413, 3412, 3368, 3367, 3353, 3352, 3293, 3292, 3233, 3232, 3144, 3143, 3142, 3114, 3113, 3112, 3054, 3053, 2994, 2993, 2919, 2918, 2874, 2873, 2794, 2793, 2731, 2730, 2729, 2695, 2694, 2693, 2635, 2634, 2633, 2587, 2586, 2515, 2514, 2470, 2469, 2443, 2442, 2396, 2395, 2394, 2335, 2334, 2299, 2298, 2276, 2275, 2274, 2246, 2245, 2156, 2155, 2096, 2095, 2036, 2035, 2021, 2020, 2012, 2011, 1976, 1975, 1951, 1950, 1949, 1946, 1945, 1925, 1924, 1917, 1916, 1915, 1868, 1867, 1848, 1847, 1797, 1796, 1745, 1744, 1725, 1724, 1707, 1706, 1684, 1683, 1677, 1676, 1668, 1667, 1647, 1646, 1643, 1642, 1641, 1617, 1616, 1581, 1580, 1572, 1571, 1557, 1556, 1540, 1539, 1527, 1526, 1517, 1516, 1497, 1496, 1460, 1459, 1437, 1436, 1412, 1411, 1397, 1396, 1366, 1365, 1364, 1357, 1356, 1348, 1347, 1346, 1335, 1334, 1318, 1317, 1316, 1298, 1297, 1294, 1293
INFO: [IP_Flow 19-3438] Customization errors found on 'ddr4_sweep'. Restoring to previous valid configuration.
INFO: [Common 17-17] undo 'set_property'
MIGS_ROW: P= 898 cut= 7.238% UI(1/4P)= 278.396MHz REFUSED set_ok=0 t=7765ms err={ERROR: [Common 17-39] 'set_property' failed due to earlier errors. | } | holds: TimePeriod=877 InputClockPeriod=3332 MemoryPart=BLS4G4D240FSB-2400 CLKFBOUT_MULT=19 DIVCLK_DIVIDE=4 CLKOUT0_DIVIDE=5 CasLatency=16 CasWriteLatency=12
ERROR: [IP_Flow 19-3461] Value '3332' is out of the range for parameter 'C0.DDR4 InputClockPeriod(C0.DDR4_InputClockPeriod)' for IP 'ddr4_sweep' . Valid values are - 13665, 13664, 13486, 13485, 13484, 12947, 12946, 12945, 12587, 12586, 12585, 12227, 12226, 11688, 11687, 11508, 11507, 11506, 10789, 10788, 10070, 10069, 10068, 9890, 9889, 9888, 9350, 9349, 8991, 8990, 8989, 8631, 8630, 8092, 8091, 7912, 7911, 7910, 7193, 7192, 6833, 6832, 6831, 6744, 6743, 6742, 6741, 6474, 6473, 6472, 6294, 6293, 6292, 6114, 6113, 5844, 5843, 5754, 5753, 5395, 5394, 5035, 5034, 4945, 4944, 4675, 4674, 4555, 4554, 4496, 4495, 4494, 4316, 4315, 4196, 4195, 4194, 4076, 4075, 4074, 4047, 4046, 4045, 3997, 3996, 3956, 3955, 3896, 3895, 3837, 3836, 3835, 3597, 3596, 3417, 3416, 3415, 3372, 3371, 3370, 3357, 3356, 3355, 3297, 3296, 3295, 3237, 3236, 3235, 3197, 3196, 3148, 3147, 3146, 3118, 3117, 3116, 3057, 3056, 2998, 2997, 2996, 2922, 2921, 2877, 2876, 2733, 2732, 2698, 2697, 2638, 2637, 2636, 2590, 2589, 2518, 2517, 2473, 2472, 2446, 2445, 2398, 2397, 2338, 2337, 2302, 2301, 2278, 2277, 2249, 2248, 2247, 2246, 2159, 2158, 2157, 2099, 2098, 2097, 2038, 2037, 2024, 2023, 2022, 2014, 2013, 1999, 1998, 1978, 1977, 1953, 1952, 1951, 1948, 1947, 1927, 1926, 1919, 1918, 1917, 1871, 1870, 1869, 1850, 1849, 1799, 1798, 1747, 1746, 1727, 1726, 1709, 1708, 1707, 1686, 1685, 1679, 1678, 1677, 1670, 1669, 1649, 1648, 1644, 1643, 1619, 1618, 1617, 1599, 1598, 1583, 1582, 1574, 1573, 1559, 1558, 1542, 1541, 1529, 1528, 1519, 1518, 1499, 1498, 1465, 1464, 1461, 1460, 1439, 1438, 1413, 1412, 1399, 1398, 1371, 1370, 1367, 1366, 1359, 1358, 1349, 1348, 1336, 1335, 1319, 1318, 1299, 1298, 1295, 1294
INFO: [IP_Flow 19-3438] Customization errors found on 'ddr4_sweep'. Restoring to previous valid configuration.
INFO: [Common 17-17] undo 'set_property'
MIGS_ROW: P= 899 cut= 7.341% UI(1/4P)= 278.087MHz REFUSED set_ok=0 t=7911ms err={ERROR: [Common 17-39] 'set_property' failed due to earlier errors. | } | holds: TimePeriod=877 InputClockPeriod=3332 MemoryPart=BLS4G4D240FSB-2400 CLKFBOUT_MULT=19 DIVCLK_DIVIDE=4 CLKOUT0_DIVIDE=5 CasLatency=16 CasWriteLatency=12
ERROR: [IP_Flow 19-3461] Value '3332' is out of the range for parameter 'C0.DDR4 InputClockPeriod(C0.DDR4_InputClockPeriod)' for IP 'ddr4_sweep' . Valid values are - 13680, 13679, 13501, 13500, 12961, 12960, 12601, 12600, 12599, 12241, 12240, 12239, 11701, 11700, 11521, 11520, 11519, 10801, 10800, 10799, 10081, 10080, 10079, 9900, 9899, 9361, 9360, 9359, 9001, 9000, 8999, 8641, 8640, 8639, 8101, 8100, 8099, 7921, 7920, 7919, 7201, 7200, 6840, 6839, 6751, 6750, 6481, 6480, 6301, 6300, 6299, 6121, 6120, 6119, 5851, 5850, 5761, 5760, 5759, 5401, 5400, 5399, 5041, 5040, 5039, 4950, 4949, 4681, 4680, 4679, 4561, 4560, 4559, 4501, 4500, 4499, 4321, 4320, 4319, 4201, 4200, 4199, 4081, 4080, 4051, 4050, 4049, 3961, 3960, 3959, 3901, 3900, 3841, 3840, 3601, 3600, 3420, 3419, 3376, 3375, 3360, 3359, 3300, 3299, 3241, 3240, 3151, 3150, 3149, 3121, 3120, 3061, 3060, 3059, 3001, 3000, 2999, 2926, 2925, 2881, 2880, 2879, 2737, 2736, 2701, 2700, 2699, 2641, 2640, 2593, 2592, 2521, 2520, 2519, 2475, 2474, 2448, 2447, 2401, 2400, 2341, 2340, 2339, 2305, 2304, 2281, 2280, 2279, 2251, 2250, 2249, 2161, 2160, 2159, 2101, 2100, 2099, 2041, 2040, 2026, 2025, 2017, 2016, 1981, 1980, 1979, 1955, 1954, 1951, 1950, 1929, 1928, 1921, 1920, 1872, 1871, 1852, 1851, 1801, 1800, 1749, 1748, 1729, 1728, 1710, 1709, 1688, 1687, 1680, 1679, 1672, 1671, 1650, 1649, 1646, 1645, 1621, 1620, 1585, 1584, 1576, 1575, 1574, 1561, 1560, 1543, 1542, 1530, 1529, 1521, 1520, 1501, 1500, 1499, 1463, 1462, 1441, 1440, 1439, 1415, 1414, 1401, 1400, 1369, 1368, 1360, 1359, 1351, 1350, 1349, 1338, 1337, 1321, 1320, 1300, 1299, 1297, 1296
INFO: [IP_Flow 19-3438] Customization errors found on 'ddr4_sweep'. Restoring to previous valid configuration.
INFO: [Common 17-17] undo 'set_property'
MIGS_ROW: P= 900 cut= 7.444% UI(1/4P)= 277.778MHz REFUSED set_ok=0 t=7941ms err={ERROR: [Common 17-39] 'set_property' failed due to earlier errors. | } | holds: TimePeriod=877 InputClockPeriod=3332 MemoryPart=BLS4G4D240FSB-2400 CLKFBOUT_MULT=19 DIVCLK_DIVIDE=4 CLKOUT0_DIVIDE=5 CasLatency=16 CasWriteLatency=12
ERROR: [IP_Flow 19-3461] Value '3332' is out of the range for parameter 'C0.DDR4 InputClockPeriod(C0.DDR4_InputClockPeriod)' for IP 'ddr4_sweep' . Valid values are - 13696, 13695, 13516, 13515, 12975, 12974, 12973, 12615, 12614, 12255, 12254, 12253, 11714, 11713, 11712, 11533, 11532, 10813, 10812, 10811, 10092, 10091, 9911, 9910, 9371, 9370, 9369, 8651, 8650, 8649, 8109, 8108, 7930, 7929, 7928, 7209, 7208, 7207, 6849, 6848, 6847, 6758, 6757, 6488, 6487, 6486, 6308, 6307, 6128, 6127, 6126, 5857, 5856, 5855, 5767, 5766, 5407, 5406, 5405, 5047, 5046, 5045, 4956, 4955, 4686, 4685, 4684, 4566, 4565, 4505, 4504, 4326, 4325, 4324, 4205, 4204, 4086, 4085, 4084, 4055, 4054, 4005, 4004, 3965, 3964, 3905, 3904, 3903, 3845, 3844, 3843, 3605, 3604, 3603, 3425, 3424, 3423, 3379, 3378, 3364, 3363, 3304, 3303, 3244, 3243, 3204, 3203, 3154, 3153, 3124, 3123, 3064, 3063, 3003, 3002, 2929, 2928, 2927, 2884, 2883, 2740, 2739, 2704, 2703, 2702, 2643, 2642, 2596, 2595, 2594, 2524, 2523, 2522, 2479, 2478, 2477, 2451, 2450, 2403, 2402, 2343, 2342, 2307, 2306, 2283, 2282, 2253, 2252, 2251, 2163, 2162, 2161, 2103, 2102, 2101, 2043, 2042, 2028, 2027, 2019, 2018, 2003, 2002, 1983, 1982, 1957, 1956, 1953, 1952, 1931, 1930, 1923, 1922, 1921, 1875, 1874, 1854, 1853, 1803, 1802, 1801, 1751, 1750, 1731, 1730, 1729, 1713, 1712, 1711, 1690, 1689, 1682, 1681, 1674, 1673, 1652, 1651, 1648, 1647, 1622, 1621, 1602, 1601, 1586, 1585, 1577, 1576, 1562, 1561, 1545, 1544, 1532, 1531, 1522, 1521, 1502, 1501, 1465, 1464, 1442, 1441, 1416, 1415, 1402, 1401, 1374, 1373, 1370, 1369, 1362, 1361, 1352, 1351, 1339, 1338, 1322, 1321, 1302, 1301, 1298, 1297
INFO: [IP_Flow 19-3438] Customization errors found on 'ddr4_sweep'. Restoring to previous valid configuration.
INFO: [Common 17-17] undo 'set_property'
MIGS_ROW: P= 901 cut= 7.547% UI(1/4P)= 277.469MHz REFUSED set_ok=0 t=7712ms err={ERROR: [Common 17-39] 'set_property' failed due to earlier errors. | } | holds: TimePeriod=877 InputClockPeriod=3332 MemoryPart=BLS4G4D240FSB-2400 CLKFBOUT_MULT=19 DIVCLK_DIVIDE=4 CLKOUT0_DIVIDE=5 CasLatency=16 CasWriteLatency=12
ERROR: [IP_Flow 19-3461] Value '3332' is out of the range for parameter 'C0.DDR4 InputClockPeriod(C0.DDR4_InputClockPeriod)' for IP 'ddr4_sweep' . Valid values are - 13711, 13710, 13709, 13531, 13530, 12990, 12989, 12988, 12629, 12628, 12268, 12267, 11727, 11726, 11546, 11545, 10825, 10824, 10823, 10103, 10102, 9922, 9921, 9382, 9381, 9380, 9020, 9019, 8660, 8659, 8658, 8118, 8117, 7938, 7937, 7217, 7216, 7215, 6856, 6855, 6854, 6766, 6765, 6495, 6494, 6315, 6314, 6135, 6134, 6133, 5864, 5863, 5773, 5772, 5413, 5412, 5411, 5052, 5051, 4961, 4960, 4691, 4690, 4689, 4571, 4570, 4510, 4509, 4330, 4329, 4210, 4209, 4090, 4089, 4088, 4059, 4058, 3969, 3968, 3910, 3909, 3908, 3850, 3849, 3848, 3609, 3608, 3607, 3429, 3428, 3427, 3383, 3382, 3368, 3367, 3366, 3308, 3307, 3306, 3248, 3247, 3158, 3157, 3128, 3127, 3126, 3068, 3067, 3066, 3007, 3006, 2932, 2931, 2887, 2886, 2807, 2806, 2743, 2742, 2707, 2706, 2705, 2646, 2645, 2599, 2598, 2597, 2527, 2526, 2525, 2481, 2480, 2454, 2453, 2406, 2405, 2346, 2345, 2344, 2310, 2309, 2308, 2286, 2285, 2255, 2254, 2165, 2164, 2105, 2104, 2045, 2044, 2030, 2029, 2021, 2020, 1985, 1984, 1959, 1958, 1955, 1954, 1933, 1932, 1925, 1924, 1923, 1891, 1890, 1877, 1876, 1856, 1855, 1805, 1804, 1803, 1753, 1752, 1733, 1732, 1731, 1718, 1717, 1714, 1713, 1692, 1691, 1685, 1684, 1683, 1676, 1675, 1654, 1653, 1650, 1649, 1624, 1623, 1588, 1587, 1579, 1578, 1564, 1563, 1547, 1546, 1534, 1533, 1524, 1523, 1504, 1503, 1471, 1470, 1466, 1465, 1444, 1443, 1418, 1417, 1404, 1403, 1372, 1371, 1364, 1363, 1362, 1353, 1352, 1341, 1340, 1323, 1322, 1303, 1302, 1300, 1299, 1298
INFO: [IP_Flow 19-3438] Customization errors found on 'ddr4_sweep'. Restoring to previous valid configuration.
INFO: [Common 17-17] undo 'set_property'
MIGS_ROW: P= 902 cut= 7.650% UI(1/4P)= 277.162MHz REFUSED set_ok=0 t=7913ms err={ERROR: [Common 17-39] 'set_property' failed due to earlier errors. | } | holds: TimePeriod=877 InputClockPeriod=3332 MemoryPart=BLS4G4D240FSB-2400 CLKFBOUT_MULT=19 DIVCLK_DIVIDE=4 CLKOUT0_DIVIDE=5 CasLatency=16 CasWriteLatency=12
ERROR: [IP_Flow 19-3461] Value '3332' is out of the range for parameter 'C0.DDR4 InputClockPeriod(C0.DDR4_InputClockPeriod)' for IP 'ddr4_sweep' . Valid values are - 13726, 13725, 13546, 13545, 13004, 13003, 12643, 12642, 12641, 12281, 12280, 11740, 11739, 11738, 11559, 11558, 10837, 10836, 10835, 10115, 10114, 10113, 9934, 9933, 9932, 9392, 9391, 9031, 9030, 9029, 8669, 8668, 8128, 8127, 8126, 7947, 7946, 7945, 7225, 7224, 6863, 6862, 6773, 6772, 6503, 6502, 6501, 6322, 6321, 6320, 6141, 6140, 6139, 5870, 5869, 5780, 5779, 5419, 5418, 5417, 5058, 5057, 5056, 4968, 4967, 4966, 4696, 4695, 4576, 4575, 4574, 4516, 4515, 4514, 4416, 4415, 4335, 4334, 4333, 4215, 4214, 4213, 4095, 4094, 4093, 4065, 4064, 4063, 4014, 4013, 3974, 3973, 3972, 3914, 3913, 3912, 3853, 3852, 3613, 3612, 3432, 3431, 3387, 3386, 3385, 3372, 3371, 3370, 3312, 3311, 3310, 3252, 3251, 3250, 3211, 3210, 3161, 3160, 3131, 3130, 3129, 3071, 3070, 3069, 3011, 3010, 3009, 2935, 2934, 2891, 2890, 2889, 2810, 2809, 2746, 2745, 2744, 2710, 2709, 2708, 2649, 2648, 2601, 2600, 2529, 2528, 2484, 2483, 2457, 2456, 2455, 2409, 2408, 2348, 2347, 2312, 2311, 2288, 2287, 2259, 2258, 2257, 2168, 2167, 2166, 2108, 2107, 2106, 2047, 2046, 2033, 2032, 2031, 2023, 2022, 2008, 2007, 1987, 1986, 1961, 1960, 1957, 1956, 1936, 1935, 1927, 1926, 1879, 1878, 1858, 1857, 1807, 1806, 1755, 1754, 1734, 1733, 1716, 1715, 1694, 1693, 1686, 1685, 1678, 1677, 1656, 1655, 1652, 1651, 1626, 1625, 1590, 1589, 1581, 1580, 1566, 1565, 1549, 1548, 1536, 1535, 1526, 1525, 1524, 1506, 1505, 1504, 1468, 1467, 1446, 1445, 1444, 1420, 1419, 1405, 1404, 1373, 1372, 1365, 1364, 1355, 1354, 1342, 1341, 1325, 1324, 1305, 1304, 1301, 1300
INFO: [IP_Flow 19-3438] Customization errors found on 'ddr4_sweep'. Restoring to previous valid configuration.
INFO: [Common 17-17] undo 'set_property'
MIGS_ROW: P= 903 cut= 7.752% UI(1/4P)= 276.855MHz REFUSED set_ok=0 t=8029ms err={ERROR: [Common 17-39] 'set_property' failed due to earlier errors. | } | holds: TimePeriod=877 InputClockPeriod=3332 MemoryPart=BLS4G4D240FSB-2400 CLKFBOUT_MULT=19 DIVCLK_DIVIDE=4 CLKOUT0_DIVIDE=5 CasLatency=16 CasWriteLatency=12
ERROR: [IP_Flow 19-3461] Value '3332' is out of the range for parameter 'C0.DDR4 InputClockPeriod(C0.DDR4_InputClockPeriod)' for IP 'ddr4_sweep' . Valid values are - 13741, 13740, 13561, 13560, 13559, 13018, 13017, 12657, 12656, 12655, 12295, 12294, 12293, 11753, 11752, 11751, 11572, 11571, 10848, 10847, 10125, 10124, 9945, 9944, 9943, 9402, 9401, 9041, 9040, 9039, 8679, 8678, 8137, 8136, 8135, 7956, 7955, 7232, 7231, 6871, 6870, 6869, 6781, 6780, 6779, 6509, 6508, 6329, 6328, 6327, 6148, 6147, 6146, 5877, 5876, 5875, 5786, 5785, 5424, 5423, 5063, 5062, 4973, 4972, 4971, 4701, 4700, 4581, 4580, 4521, 4520, 4519, 4421, 4420, 4340, 4339, 4219, 4218, 4099, 4098, 4069, 4068, 4067, 4019, 4018, 3979, 3978, 3977, 3918, 3917, 3916, 3858, 3857, 3616, 3615, 3436, 3435, 3434, 3391, 3390, 3389, 3376, 3375, 3374, 3316, 3315, 3314, 3255, 3254, 3253, 3215, 3214, 3165, 3164, 3163, 3134, 3133, 3074, 3073, 3014, 3013, 2939, 2938, 2937, 2893, 2892, 2813, 2812, 2749, 2748, 2747, 2712, 2711, 2652, 2651, 2604, 2603, 2532, 2531, 2487, 2486, 2485, 2460, 2459, 2458, 2412, 2411, 2410, 2351, 2350, 2315, 2314, 2291, 2290, 2261, 2260, 2259, 2170, 2169, 2110, 2109, 2050, 2049, 2035, 2034, 2033, 2026, 2025, 2024, 2010, 2009, 1990, 1989, 1988, 1964, 1963, 1962, 1959, 1958, 1938, 1937, 1929, 1928, 1895, 1894, 1881, 1880, 1860, 1859, 1808, 1807, 1757, 1756, 1736, 1735, 1723, 1722, 1718, 1717, 1695, 1694, 1688, 1687, 1679, 1678, 1658, 1657, 1654, 1653, 1652, 1628, 1627, 1626, 1608, 1607, 1592, 1591, 1590, 1583, 1582, 1581, 1567, 1566, 1550, 1549, 1537, 1536, 1527, 1526, 1507, 1506, 1470, 1469, 1468, 1447, 1446, 1421, 1420, 1407, 1406, 1375, 1374, 1367, 1366, 1356, 1355, 1344, 1343, 1326, 1325, 1306, 1305, 1302, 1301, 1292, 1291
INFO: [IP_Flow 19-3438] Customization errors found on 'ddr4_sweep'. Restoring to previous valid configuration.
INFO: [Common 17-17] undo 'set_property'
MIGS_ROW: P= 904 cut= 7.854% UI(1/4P)= 276.549MHz REFUSED set_ok=0 t=7962ms err={ERROR: [Common 17-39] 'set_property' failed due to earlier errors. | } | holds: TimePeriod=877 InputClockPeriod=3332 MemoryPart=BLS4G4D240FSB-2400 CLKFBOUT_MULT=19 DIVCLK_DIVIDE=4 CLKOUT0_DIVIDE=5 CasLatency=16 CasWriteLatency=12
ERROR: [IP_Flow 19-3461] Value '3332' is out of the range for parameter 'C0.DDR4 InputClockPeriod(C0.DDR4_InputClockPeriod)' for IP 'ddr4_sweep' . Valid values are - 13757, 13756, 13755, 13575, 13574, 13033, 13032, 13031, 12671, 12670, 12669, 12308, 12307, 11766, 11765, 11764, 11585, 11584, 11583, 10860, 10859, 10136, 10135, 9956, 9955, 9954, 9412, 9411, 9050, 9049, 8689, 8688, 8687, 8145, 8144, 7965, 7964, 7963, 7240, 7239, 6879, 6878, 6877, 6788, 6787, 6517, 6516, 6515, 6336, 6335, 6334, 6154, 6153, 5883, 5882, 5881, 5793, 5792, 5791, 5430, 5429, 5068, 5067, 4978, 4977, 4976, 4706, 4705, 4586, 4585, 4584, 4525, 4524, 4425, 4424, 4345, 4344, 4343, 4224, 4223, 4103, 4102, 4073, 4072, 4071, 4022, 4021, 3983, 3982, 3981, 3922, 3921, 3862, 3861, 3620, 3619, 3440, 3439, 3438, 3394, 3393, 3379, 3378, 3319, 3318, 3317, 3259, 3258, 3257, 3219, 3218, 3169, 3168, 3167, 3138, 3137, 3136, 3077, 3076, 3018, 3017, 3016, 2942, 2941, 2940, 2897, 2896, 2895, 2816, 2815, 2752, 2751, 2750, 2715, 2714, 2656, 2655, 2654, 2607, 2606, 2534, 2533, 2489, 2488, 2462, 2461, 2414, 2413, 2353, 2352, 2317, 2316, 2293, 2292, 2263, 2262, 2173, 2172, 2171, 2112, 2111, 2052, 2051, 2037, 2036, 2035, 2028, 2027, 2011, 2010, 1992, 1991, 1990, 1966, 1965, 1961, 1960, 1940, 1939, 1931, 1930, 1883, 1882, 1862, 1861, 1810, 1809, 1759, 1758, 1738, 1737, 1720, 1719, 1697, 1696, 1690, 1689, 1681, 1680, 1660, 1659, 1655, 1654, 1630, 1629, 1628, 1610, 1609, 1593, 1592, 1584, 1583, 1569, 1568, 1552, 1551, 1539, 1538, 1529, 1528, 1509, 1508, 1471, 1470, 1449, 1448, 1447, 1423, 1422, 1408, 1407, 1380, 1379, 1376, 1375, 1368, 1367, 1358, 1357, 1345, 1344, 1328, 1327, 1308, 1307, 1304, 1303, 1293, 1292
INFO: [IP_Flow 19-3438] Customization errors found on 'ddr4_sweep'. Restoring to previous valid configuration.
INFO: [Common 17-17] undo 'set_property'
MIGS_ROW: P= 905 cut= 7.956% UI(1/4P)= 276.243MHz REFUSED set_ok=0 t=8068ms err={ERROR: [Common 17-39] 'set_property' failed due to earlier errors. | } | holds: TimePeriod=877 InputClockPeriod=3332 MemoryPart=BLS4G4D240FSB-2400 CLKFBOUT_MULT=19 DIVCLK_DIVIDE=4 CLKOUT0_DIVIDE=5 CasLatency=16 CasWriteLatency=12
ERROR: [IP_Flow 19-3461] Value '3332' is out of the range for parameter 'C0.DDR4 InputClockPeriod(C0.DDR4_InputClockPeriod)' for IP 'ddr4_sweep' . Valid values are - 13772, 13771, 13770, 13590, 13589, 13047, 13046, 13045, 12684, 12683, 12323, 12322, 12321, 11778, 11777, 11598, 11597, 11596, 10873, 10872, 10871, 10148, 10147, 9966, 9965, 9423, 9422, 9061, 9060, 9059, 8699, 8698, 8697, 8154, 8153, 7974, 7973, 7972, 7248, 7247, 6887, 6886, 6885, 6795, 6794, 6524, 6523, 6522, 6342, 6341, 6162, 6161, 6160, 5889, 5888, 5799, 5798, 5437, 5436, 5435, 5074, 5073, 4983, 4982, 4712, 4711, 4591, 4590, 4589, 4531, 4530, 4529, 4429, 4428, 4350, 4349, 4348, 4229, 4228, 4227, 4108, 4107, 4077, 4076, 4028, 4027, 3987, 3986, 3927, 3926, 3925, 3867, 3866, 3865, 3624, 3623, 3444, 3443, 3442, 3398, 3397, 3383, 3382, 3323, 3322, 3321, 3262, 3261, 3222, 3221, 3171, 3170, 3142, 3141, 3140, 3081, 3080, 3021, 3020, 3019, 2945, 2944, 2900, 2899, 2820, 2819, 2755, 2754, 2753, 2719, 2718, 2717, 2659, 2658, 2657, 2610, 2609, 2537, 2536, 2492, 2491, 2465, 2464, 2416, 2415, 2356, 2355, 2320, 2319, 2296, 2295, 2266, 2265, 2264, 2175, 2174, 2115, 2114, 2113, 2054, 2053, 2039, 2038, 2030, 2029, 2013, 2012, 1994, 1993, 1968, 1967, 1964, 1963, 1942, 1941, 1934, 1933, 1932, 1885, 1884, 1864, 1863, 1812, 1811, 1761, 1760, 1740, 1739, 1722, 1721, 1699, 1698, 1692, 1691, 1683, 1682, 1662, 1661, 1657, 1656, 1631, 1630, 1595, 1594, 1586, 1585, 1571, 1570, 1554, 1553, 1541, 1540, 1531, 1530, 1511, 1510, 1509, 1473, 1472, 1450, 1449, 1424, 1423, 1410, 1409, 1378, 1377, 1370, 1369, 1368, 1360, 1359, 1358, 1347, 1346, 1345, 1329, 1328, 1309, 1308, 1305, 1304, 1295, 1294
INFO: [IP_Flow 19-3438] Customization errors found on 'ddr4_sweep'. Restoring to previous valid configuration.
INFO: [Common 17-17] undo 'set_property'
MIGS_ROW: P= 906 cut= 8.057% UI(1/4P)= 275.938MHz REFUSED set_ok=0 t=7986ms err={ERROR: [Common 17-39] 'set_property' failed due to earlier errors. | } | holds: TimePeriod=877 InputClockPeriod=3332 MemoryPart=BLS4G4D240FSB-2400 CLKFBOUT_MULT=19 DIVCLK_DIVIDE=4 CLKOUT0_DIVIDE=5 CasLatency=16 CasWriteLatency=12
ERROR: [IP_Flow 19-3461] Value '3332' is out of the range for parameter 'C0.DDR4 InputClockPeriod(C0.DDR4_InputClockPeriod)' for IP 'ddr4_sweep' . Valid values are - 13787, 13786, 13606, 13605, 13604, 13062, 13061, 13060, 12699, 12698, 12697, 12336, 12335, 12334, 11792, 11791, 11790, 11610, 11609, 10885, 10884, 10883, 10159, 10158, 9978, 9977, 9976, 9434, 9433, 9432, 9070, 9069, 8708, 8707, 8163, 8162, 7983, 7982, 7981, 7256, 7255, 6894, 6893, 6803, 6802, 6531, 6530, 6529, 6350, 6349, 6348, 6169, 6168, 6167, 5896, 5895, 5894, 5805, 5804, 5443, 5442, 5441, 5080, 5079, 4989, 4988, 4987, 4717, 4716, 4596, 4595, 4535, 4534, 4355, 4354, 4353, 4233, 4232, 4113, 4112, 4111, 4082, 4081, 3992, 3991, 3990, 3931, 3930, 3929, 3871, 3870, 3869, 3628, 3627, 3448, 3447, 3446, 3402, 3401, 3387, 3386, 3385, 3326, 3325, 3266, 3265, 3264, 3175, 3174, 3173, 3145, 3144, 3143, 3085, 3084, 3083, 3024, 3023, 2949, 2948, 2947, 2903, 2902, 2822, 2821, 2758, 2757, 2722, 2721, 2720, 2661, 2660, 2613, 2612, 2541, 2540, 2539, 2495, 2494, 2493, 2468, 2467, 2420, 2419, 2418, 2359, 2358, 2323, 2322, 2321, 2298, 2297, 2268, 2267, 2266, 2178, 2177, 2176, 2117, 2116, 2057, 2056, 2055, 2042, 2041, 2040, 2032, 2031, 1996, 1995, 1970, 1969, 1966, 1965, 1944, 1943, 1936, 1935, 1934, 1887, 1886, 1866, 1865, 1814, 1813, 1763, 1762, 1742, 1741, 1724, 1723, 1701, 1700, 1694, 1693, 1692, 1685, 1684, 1663, 1662, 1659, 1658, 1633, 1632, 1597, 1596, 1588, 1587, 1573, 1572, 1555, 1554, 1542, 1541, 1532, 1531, 1512, 1511, 1479, 1478, 1474, 1473, 1452, 1451, 1426, 1425, 1411, 1410, 1383, 1382, 1379, 1378, 1371, 1370, 1361, 1360, 1348, 1347, 1331, 1330, 1311, 1310, 1307, 1306, 1296, 1295
INFO: [IP_Flow 19-3438] Customization errors found on 'ddr4_sweep'. Restoring to previous valid configuration.
INFO: [Common 17-17] undo 'set_property'
MIGS_ROW: P= 907 cut= 8.159% UI(1/4P)= 275.634MHz REFUSED set_ok=0 t=8059ms err={ERROR: [Common 17-39] 'set_property' failed due to earlier errors. | } | holds: TimePeriod=877 InputClockPeriod=3332 MemoryPart=BLS4G4D240FSB-2400 CLKFBOUT_MULT=19 DIVCLK_DIVIDE=4 CLKOUT0_DIVIDE=5 CasLatency=16 CasWriteLatency=12
ERROR: [IP_Flow 19-3461] Value '3332' is out of the range for parameter 'C0.DDR4 InputClockPeriod(C0.DDR4_InputClockPeriod)' for IP 'ddr4_sweep' . Valid values are - 13802, 13801, 13621, 13620, 13619, 13076, 13075, 12713, 12712, 12349, 12348, 11805, 11804, 11803, 11623, 11622, 10897, 10896, 10895, 10171, 10170, 10169, 9989, 9988, 9987, 9444, 9443, 9442, 8717, 8716, 8173, 8172, 7991, 7990, 7989, 7265, 7264, 6901, 6900, 6811, 6810, 6809, 6538, 6537, 6357, 6356, 6175, 6174, 5903, 5902, 5901, 5812, 5811, 5449, 5448, 5447, 5086, 5085, 5084, 4995, 4994, 4993, 4722, 4721, 4602, 4601, 4600, 4541, 4540, 4359, 4358, 4357, 4238, 4237, 4236, 4117, 4116, 4115, 4087, 4086, 4037, 4036, 3996, 3995, 3994, 3935, 3934, 3875, 3874, 3873, 3633, 3632, 3451, 3450, 3406, 3405, 3404, 3390, 3389, 3330, 3329, 3269, 3268, 3229, 3228, 3179, 3178, 3148, 3147, 3088, 3087, 3027, 3026, 2952, 2951, 2950, 2906, 2905, 2761, 2760, 2725, 2724, 2723, 2664, 2663, 2616, 2615, 2614, 2543, 2542, 2498, 2497, 2496, 2470, 2469, 2422, 2421, 2420, 2361, 2360, 2325, 2324, 2301, 2300, 2271, 2270, 2180, 2179, 2178, 2120, 2119, 2118, 2059, 2058, 2057, 2044, 2043, 2034, 2033, 2019, 2018, 1998, 1997, 1972, 1971, 1968, 1967, 1946, 1945, 1938, 1937, 1936, 1889, 1888, 1868, 1867, 1817, 1816, 1765, 1764, 1763, 1744, 1743, 1726, 1725, 1703, 1702, 1695, 1694, 1687, 1686, 1665, 1664, 1661, 1660, 1635, 1634, 1615, 1614, 1599, 1598, 1590, 1589, 1574, 1573, 1557, 1556, 1544, 1543, 1534, 1533, 1514, 1513, 1476, 1475, 1453, 1452, 1427, 1426, 1413, 1412, 1381, 1380, 1373, 1372, 1363, 1362, 1361, 1350, 1349, 1348, 1332, 1331, 1312, 1311, 1308, 1307, 1292, 1291
INFO: [IP_Flow 19-3438] Customization errors found on 'ddr4_sweep'. Restoring to previous valid configuration.
INFO: [Common 17-17] undo 'set_property'
MIGS_ROW: P= 908 cut= 8.260% UI(1/4P)= 275.330MHz REFUSED set_ok=0 t=7794ms err={ERROR: [Common 17-39] 'set_property' failed due to earlier errors. | } | holds: TimePeriod=877 InputClockPeriod=3332 MemoryPart=BLS4G4D240FSB-2400 CLKFBOUT_MULT=19 DIVCLK_DIVIDE=4 CLKOUT0_DIVIDE=5 CasLatency=16 CasWriteLatency=12
ERROR: [IP_Flow 19-3461] Value '3332' is out of the range for parameter 'C0.DDR4 InputClockPeriod(C0.DDR4_InputClockPeriod)' for IP 'ddr4_sweep' . Valid values are - 13818, 13817, 13816, 13635, 13634, 13090, 13089, 12727, 12726, 12363, 12362, 11817, 11816, 11636, 11635, 10909, 10908, 10907, 10182, 10181, 10180, 10000, 9999, 9998, 9455, 9454, 9453, 8727, 8726, 8182, 8181, 8000, 7999, 7273, 7272, 6909, 6908, 6907, 6818, 6817, 6545, 6544, 6364, 6363, 6182, 6181, 5909, 5908, 5907, 5819, 5818, 5817, 5455, 5454, 5453, 5091, 5090, 5000, 4999, 4998, 4728, 4727, 4726, 4606, 4605, 4546, 4545, 4544, 4364, 4363, 4243, 4242, 4241, 4122, 4121, 4120, 4092, 4091, 4090, 4000, 3999, 3940, 3939, 3938, 3879, 3878, 3637, 3636, 3455, 3454, 3453, 3409, 3408, 3394, 3393, 3334, 3333, 3273, 3272, 3271, 3182, 3181, 3152, 3151, 3091, 3090, 2955, 2954, 2953, 2910, 2909, 2908, 2764, 2763, 2728, 2727, 2726, 2667, 2666, 2665, 2618, 2617, 2546, 2545, 2500, 2499, 2473, 2472, 2425, 2424, 2423, 2364, 2363, 2328, 2327, 2303, 2302, 2274, 2273, 2272, 2183, 2182, 2181, 2122, 2121, 2120, 2061, 2060, 2046, 2045, 2044, 2037, 2036, 2035, 2000, 1999, 1974, 1973, 1970, 1969, 1948, 1947, 1940, 1939, 1891, 1890, 1871, 1870, 1869, 1819, 1818, 1767, 1766, 1746, 1745, 1728, 1727, 1726, 1705, 1704, 1697, 1696, 1689, 1688, 1667, 1666, 1663, 1662, 1637, 1636, 1635, 1600, 1599, 1591, 1590, 1576, 1575, 1559, 1558, 1546, 1545, 1536, 1535, 1516, 1515, 1514, 1478, 1477, 1455, 1454, 1429, 1428, 1415, 1414, 1382, 1381, 1374, 1373, 1364, 1363, 1351, 1350, 1334, 1333, 1313, 1312, 1309, 1308, 1293, 1292
INFO: [IP_Flow 19-3438] Customization errors found on 'ddr4_sweep'. Restoring to previous valid configuration.
INFO: [Common 17-17] undo 'set_property'
MIGS_ROW: P= 909 cut= 8.361% UI(1/4P)= 275.028MHz REFUSED set_ok=0 t=7736ms err={ERROR: [Common 17-39] 'set_property' failed due to earlier errors. | } | holds: TimePeriod=877 InputClockPeriod=3332 MemoryPart=BLS4G4D240FSB-2400 CLKFBOUT_MULT=19 DIVCLK_DIVIDE=4 CLKOUT0_DIVIDE=5 CasLatency=16 CasWriteLatency=12
ERROR: [IP_Flow 19-3461] Value '3332' is out of the range for parameter 'C0.DDR4 InputClockPeriod(C0.DDR4_InputClockPeriod)' for IP 'ddr4_sweep' . Valid values are - 13832, 13831, 13651, 13650, 13649, 13347, 13346, 13105, 13104, 13103, 12741, 12740, 12739, 12376, 12375, 12134, 12133, 11831, 11830, 11649, 11648, 11647, 10921, 10920, 10919, 10192, 10191, 10010, 10009, 9707, 9706, 9465, 9464, 9463, 8737, 8736, 8735, 8494, 8493, 8191, 8190, 8189, 8009, 8008, 8007, 7280, 7279, 6916, 6915, 6826, 6825, 6824, 6674, 6673, 6553, 6552, 6551, 6371, 6370, 6369, 6188, 6187, 6067, 6066, 5916, 5915, 5825, 5824, 5823, 5461, 5460, 5459, 5096, 5095, 5005, 5004, 4854, 4853, 4733, 4732, 4731, 4611, 4610, 4551, 4550, 4549, 4449, 4448, 4369, 4368, 4367, 4247, 4246, 4126, 4125, 4096, 4095, 4094, 4045, 4044, 4043, 4005, 4004, 4003, 3944, 3943, 3883, 3882, 3640, 3639, 3458, 3457, 3413, 3412, 3398, 3397, 3338, 3337, 3336, 3277, 3276, 3275, 3236, 3235, 3186, 3185, 3184, 3155, 3154, 3094, 3093, 3034, 3033, 3032, 2958, 2957, 2913, 2912, 2911, 2832, 2831, 2767, 2766, 2731, 2730, 2729, 2670, 2669, 2622, 2621, 2620, 2548, 2547, 2503, 2502, 2476, 2475, 2474, 2428, 2427, 2426, 2367, 2366, 2365, 2330, 2329, 2306, 2305, 2276, 2275, 2274, 2225, 2224, 2185, 2184, 2183, 2124, 2123, 2063, 2062, 2048, 2047, 2039, 2038, 2023, 2022, 2021, 2003, 2002, 2001, 1976, 1975, 1972, 1971, 1951, 1950, 1942, 1941, 1907, 1906, 1893, 1892, 1872, 1871, 1820, 1819, 1769, 1768, 1748, 1747, 1734, 1733, 1729, 1728, 1707, 1706, 1699, 1698, 1691, 1690, 1689, 1669, 1668, 1664, 1663, 1639, 1638, 1637, 1618, 1617, 1602, 1601, 1593, 1592, 1578, 1577, 1561, 1560, 1559, 1547, 1546, 1537, 1536, 1517, 1516, 1483, 1482, 1479, 1478, 1457, 1456, 1455, 1430, 1429, 1416, 1415, 1387, 1386, 1384, 1383, 1376, 1375, 1366, 1365, 1364, 1353, 1352, 1349, 1348, 1335, 1334, 1315, 1314, 1311, 1310, 1295, 1294
INFO: [IP_Flow 19-3438] Customization errors found on 'ddr4_sweep'. Restoring to previous valid configuration.
INFO: [Common 17-17] undo 'set_property'
MIGS_ROW: P= 910 cut= 8.462% UI(1/4P)= 274.725MHz REFUSED set_ok=0 t=8003ms err={ERROR: [Common 17-39] 'set_property' failed due to earlier errors. | } | holds: TimePeriod=877 InputClockPeriod=3332 MemoryPart=BLS4G4D240FSB-2400 CLKFBOUT_MULT=19 DIVCLK_DIVIDE=4 CLKOUT0_DIVIDE=5 CasLatency=16 CasWriteLatency=12
ERROR: [IP_Flow 19-3461] Value '3332' is out of the range for parameter 'C0.DDR4 InputClockPeriod(C0.DDR4_InputClockPeriod)' for IP 'ddr4_sweep' . Valid values are - 13848, 13847, 13846, 13665, 13664, 13119, 13118, 12754, 12753, 12390, 12389, 11844, 11843, 11662, 11661, 11660, 10933, 10932, 10931, 10204, 10203, 10202, 10022, 10021, 10020, 9475, 9474, 9473, 9111, 9110, 9109, 8747, 8746, 8745, 8199, 8198, 8017, 8016, 7289, 7288, 6925, 6924, 6923, 6833, 6832, 6831, 6560, 6559, 6377, 6376, 6195, 6194, 5922, 5921, 5831, 5830, 5467, 5466, 5465, 5102, 5101, 5012, 5011, 5010, 4738, 4737, 4736, 4616, 4615, 4556, 4555, 4554, 4374, 4373, 4372, 4252, 4251, 4250, 4130, 4129, 4100, 4099, 4098, 4009, 4008, 3949, 3948, 3947, 3887, 3886, 3645, 3644, 3463, 3462, 3461, 3417, 3416, 3415, 3402, 3401, 3341, 3340, 3280, 3279, 3189, 3188, 3187, 3159, 3158, 3098, 3097, 3037, 3036, 2961, 2960, 2916, 2915, 2834, 2833, 2770, 2769, 2734, 2733, 2732, 2673, 2672, 2624, 2623, 2551, 2550, 2506, 2505, 2504, 2479, 2478, 2477, 2430, 2429, 2369, 2368, 2333, 2332, 2331, 2308, 2307, 2278, 2277, 2187, 2186, 2185, 2127, 2126, 2125, 2065, 2064, 2051, 2050, 2049, 2041, 2040, 2005, 2004, 1979, 1978, 1974, 1973, 1953, 1952, 1944, 1943, 1896, 1895, 1894, 1875, 1874, 1823, 1822, 1771, 1770, 1769, 1750, 1749, 1748, 1732, 1731, 1730, 1709, 1708, 1701, 1700, 1692, 1691, 1671, 1670, 1666, 1665, 1640, 1639, 1604, 1603, 1595, 1594, 1580, 1579, 1562, 1561, 1549, 1548, 1539, 1538, 1519, 1518, 1481, 1480, 1458, 1457, 1432, 1431, 1418, 1417, 1416, 1385, 1384, 1377, 1376, 1367, 1366, 1354, 1353, 1337, 1336, 1316, 1315, 1312, 1311, 1302, 1301, 1296, 1295
INFO: [IP_Flow 19-3438] Customization errors found on 'ddr4_sweep'. Restoring to previous valid configuration.
INFO: [Common 17-17] undo 'set_property'
MIGS_ROW: P= 911 cut= 8.562% UI(1/4P)= 274.424MHz REFUSED set_ok=0 t=8041ms err={ERROR: [Common 17-39] 'set_property' failed due to earlier errors. | } | holds: TimePeriod=877 InputClockPeriod=3332 MemoryPart=BLS4G4D240FSB-2400 CLKFBOUT_MULT=19 DIVCLK_DIVIDE=4 CLKOUT0_DIVIDE=5 CasLatency=16 CasWriteLatency=12
ERROR: [IP_Flow 19-3461] Value '3332' is out of the range for parameter 'C0.DDR4 InputClockPeriod(C0.DDR4_InputClockPeriod)' for IP 'ddr4_sweep' . Valid values are - 13863, 13862, 13861, 13681, 13680, 13679, 13377, 13376, 13133, 13132, 12769, 12768, 12404, 12403, 12402, 11857, 11856, 11855, 11675, 11674, 11673, 10945, 10944, 10943, 10215, 10214, 10213, 10032, 10031, 9485, 9484, 9120, 9119, 8756, 8755, 8208, 8207, 8027, 8026, 8025, 7297, 7296, 6932, 6931, 6930, 6841, 6840, 6839, 6567, 6566, 6565, 6385, 6384, 6202, 6201, 5929, 5928, 5927, 5838, 5837, 5836, 5473, 5472, 5471, 5108, 5107, 5106, 5016, 5015, 4743, 4742, 4741, 4621, 4620, 4560, 4559, 4459, 4458, 4379, 4378, 4377, 4257, 4256, 4255, 4135, 4134, 4133, 4104, 4103, 4053, 4052, 4014, 4013, 4012, 3952, 3951, 3892, 3891, 3649, 3648, 3466, 3465, 3421, 3420, 3419, 3405, 3404, 3345, 3344, 3284, 3283, 3282, 3244, 3243, 3193, 3192, 3163, 3162, 3161, 3101, 3100, 3041, 3040, 3039, 2965, 2964, 2963, 2919, 2918, 2838, 2837, 2773, 2772, 2737, 2736, 2676, 2675, 2674, 2627, 2626, 2555, 2554, 2553, 2508, 2507, 2481, 2480, 2433, 2432, 2431, 2372, 2371, 2370, 2335, 2334, 2311, 2310, 2280, 2279, 2190, 2189, 2188, 2129, 2128, 2068, 2067, 2052, 2051, 2044, 2043, 2042, 2028, 2027, 2007, 2006, 1981, 1980, 1976, 1975, 1955, 1954, 1946, 1945, 1911, 1910, 1897, 1896, 1877, 1876, 1825, 1824, 1772, 1771, 1752, 1751, 1750, 1733, 1732, 1711, 1710, 1709, 1703, 1702, 1694, 1693, 1673, 1672, 1668, 1667, 1642, 1641, 1606, 1605, 1604, 1597, 1596, 1581, 1580, 1564, 1563, 1551, 1550, 1541, 1540, 1521, 1520, 1487, 1486, 1483, 1482, 1481, 1460, 1459, 1434, 1433, 1419, 1418, 1387, 1386, 1379, 1378, 1369, 1368, 1355, 1354, 1338, 1337, 1318, 1317, 1314, 1313, 1303, 1302, 1298, 1297
INFO: [IP_Flow 19-3438] Customization errors found on 'ddr4_sweep'. Restoring to previous valid configuration.
INFO: [Common 17-17] undo 'set_property'
MIGS_ROW: P= 912 cut= 8.662% UI(1/4P)= 274.123MHz REFUSED set_ok=0 t=8047ms err={ERROR: [Common 17-39] 'set_property' failed due to earlier errors. | } | holds: TimePeriod=877 InputClockPeriod=3332 MemoryPart=BLS4G4D240FSB-2400 CLKFBOUT_MULT=19 DIVCLK_DIVIDE=4 CLKOUT0_DIVIDE=5 CasLatency=16 CasWriteLatency=12
ERROR: [IP_Flow 19-3461] Value '3332' is out of the range for parameter 'C0.DDR4 InputClockPeriod(C0.DDR4_InputClockPeriod)' for IP 'ddr4_sweep' . Valid values are - 13878, 13877, 13696, 13695, 13694, 13391, 13390, 13148, 13147, 13146, 12783, 12782, 12781, 12417, 12416, 11869, 11868, 11687, 11686, 10957, 10956, 10955, 10226, 10225, 10044, 10043, 10042, 9496, 9495, 9131, 9130, 9129, 8765, 8764, 8218, 8217, 8216, 8035, 8034, 8033, 7304, 7303, 6939, 6938, 6848, 6847, 6574, 6573, 6392, 6391, 6390, 6209, 6208, 5935, 5934, 5844, 5843, 5479, 5478, 5477, 5113, 5112, 5022, 5021, 4749, 4748, 4747, 4626, 4625, 4566, 4565, 4564, 4464, 4463, 4383, 4382, 4381, 4262, 4261, 4260, 4140, 4139, 4138, 4110, 4109, 4108, 4107, 4058, 4057, 4018, 4017, 4016, 3957, 3956, 3955, 3896, 3895, 3894, 3652, 3651, 3470, 3469, 3468, 3425, 3424, 3423, 3409, 3408, 3348, 3347, 3287, 3286, 3247, 3246, 3197, 3196, 3195, 3166, 3165, 3164, 3105, 3104, 3044, 3043, 3042, 2968, 2967, 2922, 2921, 2841, 2840, 2776, 2775, 2740, 2739, 2738, 2679, 2678, 2630, 2629, 2557, 2556, 2511, 2510, 2484, 2483, 2436, 2435, 2434, 2375, 2374, 2373, 2338, 2337, 2313, 2312, 2284, 2283, 2282, 2281, 2192, 2191, 2190, 2131, 2130, 2129, 2070, 2069, 2055, 2054, 2053, 2046, 2045, 2044, 2029, 2028, 2009, 2008, 1983, 1982, 1979, 1978, 1977, 1957, 1956, 1948, 1947, 1914, 1913, 1912, 1900, 1899, 1898, 1879, 1878, 1826, 1825, 1774, 1773, 1753, 1752, 1739, 1738, 1735, 1734, 1712, 1711, 1705, 1704, 1696, 1695, 1674, 1673, 1670, 1669, 1644, 1643, 1624, 1623, 1608, 1607, 1606, 1598, 1597, 1583, 1582, 1566, 1565, 1553, 1552, 1543, 1542, 1541, 1522, 1521, 1488, 1487, 1484, 1483, 1461, 1460, 1435, 1434, 1421, 1420, 1388, 1387, 1380, 1379, 1370, 1369, 1357, 1356, 1340, 1339, 1319, 1318, 1315, 1314, 1305, 1304, 1299, 1298
INFO: [IP_Flow 19-3438] Customization errors found on 'ddr4_sweep'. Restoring to previous valid configuration.
INFO: [Common 17-17] undo 'set_property'
MIGS_ROW: P= 913 cut= 8.762% UI(1/4P)= 273.823MHz REFUSED set_ok=0 t=8007ms err={ERROR: [Common 17-39] 'set_property' failed due to earlier errors. | } | holds: TimePeriod=877 InputClockPeriod=3332 MemoryPart=BLS4G4D240FSB-2400 CLKFBOUT_MULT=19 DIVCLK_DIVIDE=4 CLKOUT0_DIVIDE=5 CasLatency=16 CasWriteLatency=12
ERROR: [IP_Flow 19-3461] Value '3332' is out of the range for parameter 'C0.DDR4 InputClockPeriod(C0.DDR4_InputClockPeriod)' for IP 'ddr4_sweep' . Valid values are - 13894, 13893, 13892, 13710, 13709, 13406, 13405, 13162, 13161, 12797, 12796, 12795, 12431, 12430, 12429, 11882, 11881, 11700, 11699, 11698, 10969, 10968, 10967, 10238, 10237, 10236, 10055, 10054, 10053, 9507, 9506, 9505, 9141, 9140, 9139, 8775, 8774, 8227, 8226, 8225, 8044, 8043, 8042, 7312, 7311, 6947, 6946, 6945, 6855, 6854, 6581, 6580, 6399, 6398, 6397, 6216, 6215, 6214, 5941, 5940, 5851, 5850, 5849, 5485, 5484, 5483, 5119, 5118, 5117, 5028, 5027, 5026, 4754, 4753, 4752, 4632, 4631, 4630, 4571, 4570, 4569, 4469, 4468, 4388, 4387, 4266, 4265, 4144, 4143, 4114, 4113, 4112, 4022, 4021, 3961, 3960, 3901, 3900, 3899, 3656, 3655, 3474, 3473, 3472, 3428, 3427, 3413, 3412, 3352, 3351, 3350, 3291, 3290, 3250, 3249, 3200, 3199, 3198, 3170, 3169, 3168, 3108, 3107, 3048, 3047, 3046, 2971, 2970, 2926, 2925, 2924, 2845, 2844, 2779, 2778, 2743, 2742, 2741, 2682, 2681, 2633, 2632, 2560, 2559, 2558, 2514, 2513, 2487, 2486, 2485, 2438, 2437, 2377, 2376, 2340, 2339, 2316, 2315, 2286, 2285, 2284, 2195, 2194, 2193, 2134, 2133, 2132, 2072, 2071, 2057, 2056, 2048, 2047, 2011, 2010, 1985, 1984, 1981, 1980, 1959, 1958, 1951, 1950, 1949, 1916, 1915, 1914, 1902, 1901, 1900, 1881, 1880, 1828, 1827, 1776, 1775, 1755, 1754, 1741, 1740, 1737, 1736, 1714, 1713, 1707, 1706, 1698, 1697, 1676, 1675, 1672, 1671, 1646, 1645, 1625, 1624, 1609, 1608, 1600, 1599, 1585, 1584, 1567, 1566, 1554, 1553, 1544, 1543, 1524, 1523, 1490, 1489, 1486, 1485, 1463, 1462, 1437, 1436, 1422, 1421, 1390, 1389, 1382, 1381, 1372, 1371, 1370, 1359, 1358, 1357, 1355, 1354, 1341, 1340, 1321, 1320, 1317, 1316, 1306, 1305, 1300, 1299
INFO: [IP_Flow 19-3438] Customization errors found on 'ddr4_sweep'. Restoring to previous valid configuration.
INFO: [Common 17-17] undo 'set_property'
MIGS_ROW: P= 914 cut= 8.862% UI(1/4P)= 273.523MHz REFUSED set_ok=0 t=8032ms err={ERROR: [Common 17-39] 'set_property' failed due to earlier errors. | } | holds: TimePeriod=877 InputClockPeriod=3332 MemoryPart=BLS4G4D240FSB-2400 CLKFBOUT_MULT=19 DIVCLK_DIVIDE=4 CLKOUT0_DIVIDE=5 CasLatency=16 CasWriteLatency=12
ERROR: [IP_Flow 19-3461] Value '3332' is out of the range for parameter 'C0.DDR4 InputClockPeriod(C0.DDR4_InputClockPeriod)' for IP 'ddr4_sweep' . Valid values are - 13909, 13908, 13726, 13725, 13421, 13420, 13177, 13176, 13175, 12811, 12810, 12445, 12444, 12443, 11896, 11895, 11894, 11713, 11712, 11711, 10981, 10980, 10979, 10249, 10248, 10247, 10066, 10065, 9517, 9516, 9515, 9151, 9150, 9149, 8785, 8784, 8783, 8236, 8235, 8053, 8052, 8051, 7321, 7320, 6955, 6954, 6863, 6862, 6589, 6588, 6587, 6406, 6405, 6223, 6222, 6221, 5949, 5948, 5947, 5857, 5856, 5855, 5491, 5490, 5489, 5125, 5124, 5123, 5033, 5032, 4759, 4758, 4757, 4637, 4636, 4576, 4575, 4574, 4474, 4473, 4393, 4392, 4391, 4271, 4270, 4149, 4148, 4118, 4117, 4068, 4067, 4027, 4026, 4025, 3966, 3965, 3905, 3904, 3903, 3661, 3660, 3478, 3477, 3432, 3431, 3417, 3416, 3415, 3356, 3355, 3295, 3294, 3293, 3254, 3253, 3203, 3202, 3173, 3172, 3171, 3112, 3111, 3110, 3051, 3050, 3049, 2975, 2974, 2973, 2929, 2928, 2927, 2848, 2847, 2782, 2781, 2746, 2745, 2744, 2685, 2684, 2683, 2636, 2635, 2634, 2563, 2562, 2561, 2517, 2516, 2489, 2488, 2441, 2440, 2380, 2379, 2378, 2343, 2342, 2319, 2318, 2289, 2288, 2287, 2286, 2197, 2196, 2195, 2136, 2135, 2075, 2074, 2059, 2058, 2050, 2049, 2034, 2033, 2014, 2013, 2012, 1987, 1986, 1983, 1982, 1961, 1960, 1953, 1952, 1951, 1918, 1917, 1904, 1903, 1883, 1882, 1831, 1830, 1778, 1777, 1757, 1756, 1739, 1738, 1716, 1715, 1709, 1708, 1707, 1700, 1699, 1678, 1677, 1674, 1673, 1648, 1647, 1646, 1611, 1610, 1602, 1601, 1587, 1586, 1585, 1569, 1568, 1556, 1555, 1546, 1545, 1526, 1525, 1524, 1492, 1491, 1487, 1486, 1465, 1464, 1463, 1438, 1437, 1424, 1423, 1391, 1390, 1383, 1382, 1373, 1372, 1360, 1359, 1343, 1342, 1341, 1322, 1321, 1318, 1317, 1308, 1307, 1302, 1301
INFO: [IP_Flow 19-3438] Customization errors found on 'ddr4_sweep'. Restoring to previous valid configuration.
INFO: [Common 17-17] undo 'set_property'
MIGS_ROW: P= 915 cut= 8.962% UI(1/4P)= 273.224MHz REFUSED set_ok=0 t=8003ms err={ERROR: [Common 17-39] 'set_property' failed due to earlier errors. | } | holds: TimePeriod=877 InputClockPeriod=3332 MemoryPart=BLS4G4D240FSB-2400 CLKFBOUT_MULT=19 DIVCLK_DIVIDE=4 CLKOUT0_DIVIDE=5 CasLatency=16 CasWriteLatency=12
ERROR: [IP_Flow 19-3461] Value '3332' is out of the range for parameter 'C0.DDR4 InputClockPeriod(C0.DDR4_InputClockPeriod)' for IP 'ddr4_sweep' . Valid values are - 13924, 13923, 13741, 13740, 13739, 13436, 13435, 13434, 13191, 13190, 12825, 12824, 12823, 12458, 12457, 11909, 11908, 11725, 11724, 10993, 10992, 10991, 10260, 10259, 10258, 10077, 10076, 10075, 9527, 9526, 9161, 9160, 8794, 8793, 8245, 8244, 8062, 8061, 8060, 7329, 7328, 6962, 6961, 6871, 6870, 6869, 6596, 6595, 6413, 6412, 6411, 6229, 6228, 5955, 5954, 5863, 5862, 5497, 5496, 5495, 5130, 5129, 5039, 5038, 5037, 4764, 4763, 4642, 4641, 4640, 4581, 4580, 4479, 4478, 4477, 4397, 4396, 4276, 4275, 4274, 4153, 4152, 4123, 4122, 4031, 4030, 4029, 3970, 3969, 3968, 3909, 3908, 3665, 3664, 3481, 3480, 3436, 3435, 3434, 3420, 3419, 3360, 3359, 3358, 3298, 3297, 3207, 3206, 3205, 3176, 3175, 3174, 3115, 3114, 3054, 3053, 2978, 2977, 2932, 2931, 2850, 2849, 2785, 2784, 2749, 2748, 2747, 2688, 2687, 2686, 2639, 2638, 2565, 2564, 2520, 2519, 2518, 2492, 2491, 2443, 2442, 2382, 2381, 2345, 2344, 2321, 2320, 2291, 2290, 2199, 2198, 2138, 2137, 2077, 2076, 2062, 2061, 2052, 2051, 2016, 2015, 2014, 1990, 1989, 1985, 1984, 1963, 1962, 1955, 1954, 1920, 1919, 1906, 1905, 1885, 1884, 1833, 1832, 1780, 1779, 1759, 1758, 1741, 1740, 1718, 1717, 1710, 1709, 1702, 1701, 1680, 1679, 1675, 1674, 1649, 1648, 1613, 1612, 1611, 1604, 1603, 1602, 1588, 1587, 1571, 1570, 1558, 1557, 1548, 1547, 1546, 1527, 1526, 1493, 1492, 1489, 1488, 1466, 1465, 1440, 1439, 1425, 1424, 1393, 1392, 1385, 1384, 1375, 1374, 1373, 1362, 1361, 1360, 1357, 1356, 1344, 1343, 1324, 1323, 1320, 1319, 1309, 1308, 1303, 1302
INFO: [IP_Flow 19-3438] Customization errors found on 'ddr4_sweep'. Restoring to previous valid configuration.
INFO: [Common 17-17] undo 'set_property'
MIGS_ROW: P= 916 cut= 9.061% UI(1/4P)= 272.926MHz REFUSED set_ok=0 t=8019ms err={ERROR: [Common 17-39] 'set_property' failed due to earlier errors. | } | holds: TimePeriod=877 InputClockPeriod=3332 MemoryPart=BLS4G4D240FSB-2400 CLKFBOUT_MULT=19 DIVCLK_DIVIDE=4 CLKOUT0_DIVIDE=5 CasLatency=16 CasWriteLatency=12
ERROR: [IP_Flow 19-3461] Value '3332' is out of the range for parameter 'C0.DDR4 InputClockPeriod(C0.DDR4_InputClockPeriod)' for IP 'ddr4_sweep' . Valid values are - 13939, 13938, 13937, 13755, 13754, 13450, 13449, 13448, 13206, 13205, 13204, 12838, 12837, 12472, 12471, 12470, 11921, 11920, 11738, 11737, 11004, 11003, 10271, 10270, 10269, 10087, 10086, 9538, 9537, 9536, 9170, 9169, 8804, 8803, 8253, 8252, 8070, 8069, 7336, 7335, 6970, 6969, 6968, 6878, 6877, 6876, 6603, 6602, 6601, 6419, 6418, 6236, 6235, 5961, 5960, 5869, 5868, 5502, 5501, 5136, 5135, 5134, 5044, 5043, 4769, 4768, 4647, 4646, 4645, 4585, 4584, 4484, 4483, 4403, 4402, 4401, 4280, 4279, 4278, 4158, 4157, 4127, 4126, 4125, 4077, 4076, 4035, 4034, 3974, 3973, 3913, 3912, 3668, 3667, 3486, 3485, 3484, 3440, 3439, 3438, 3424, 3423, 3363, 3362, 3302, 3301, 3300, 3260, 3259, 3210, 3209, 3208, 3179, 3178, 3118, 3117, 3057, 3056, 2981, 2980, 2935, 2934, 2933, 2788, 2787, 2751, 2750, 2690, 2689, 2642, 2641, 2640, 2568, 2567, 2522, 2521, 2495, 2494, 2493, 2446, 2445, 2444, 2385, 2384, 2348, 2347, 2324, 2323, 2322, 2293, 2292, 2202, 2201, 2200, 2140, 2139, 2079, 2078, 2064, 2063, 2062, 2055, 2054, 2053, 2039, 2038, 2018, 2017, 1992, 1991, 1987, 1986, 1965, 1964, 1957, 1956, 1922, 1921, 1908, 1907, 1887, 1886, 1834, 1833, 1782, 1781, 1761, 1760, 1743, 1742, 1720, 1719, 1713, 1712, 1711, 1704, 1703, 1702, 1682, 1681, 1677, 1676, 1651, 1650, 1630, 1629, 1615, 1614, 1613, 1605, 1604, 1590, 1589, 1572, 1571, 1559, 1558, 1549, 1548, 1529, 1528, 1495, 1494, 1491, 1490, 1468, 1467, 1466, 1442, 1441, 1427, 1426, 1394, 1393, 1386, 1385, 1376, 1375, 1363, 1362, 1345, 1344, 1325, 1324, 1321, 1320, 1311, 1310, 1305, 1304
INFO: [IP_Flow 19-3438] Customization errors found on 'ddr4_sweep'. Restoring to previous valid configuration.
INFO: [Common 17-17] undo 'set_property'
MIGS_ROW: P= 917 cut= 9.160% UI(1/4P)= 272.628MHz REFUSED set_ok=0 t=8106ms err={ERROR: [Common 17-39] 'set_property' failed due to earlier errors. | } | holds: TimePeriod=877 InputClockPeriod=3332 MemoryPart=BLS4G4D240FSB-2400 CLKFBOUT_MULT=19 DIVCLK_DIVIDE=4 CLKOUT0_DIVIDE=5 CasLatency=16 CasWriteLatency=12
ERROR: [IP_Flow 19-3461] Value '3332' is out of the range for parameter 'C0.DDR4 InputClockPeriod(C0.DDR4_InputClockPeriod)' for IP 'ddr4_sweep' . Valid values are - 13954, 13953, 13771, 13770, 13769, 13465, 13464, 13220, 13219, 13218, 12853, 12852, 12486, 12485, 12484, 11935, 11934, 11933, 11751, 11750, 11749, 11017, 11016, 11015, 10283, 10282, 10281, 10099, 10098, 9548, 9547, 9546, 9181, 9180, 9179, 8813, 8812, 8263, 8262, 8261, 8079, 8078, 7345, 7344, 6977, 6976, 6886, 6885, 6884, 6610, 6609, 6427, 6426, 6243, 6242, 6241, 5968, 5967, 5966, 5876, 5875, 5874, 5509, 5508, 5507, 5142, 5141, 5140, 5050, 5049, 4774, 4773, 4652, 4651, 4591, 4590, 4589, 4489, 4488, 4487, 4407, 4406, 4285, 4284, 4162, 4161, 4132, 4131, 4130, 4040, 4039, 3979, 3978, 3917, 3916, 3673, 3672, 3489, 3488, 3443, 3442, 3428, 3427, 3426, 3367, 3366, 3305, 3304, 3214, 3213, 3183, 3182, 3181, 3122, 3121, 3120, 3061, 3060, 3059, 2984, 2983, 2939, 2938, 2937, 2791, 2790, 2755, 2754, 2753, 2693, 2692, 2645, 2644, 2643, 2571, 2570, 2569, 2525, 2524, 2497, 2496, 2449, 2448, 2447, 2387, 2386, 2351, 2350, 2349, 2326, 2325, 2296, 2295, 2294, 2204, 2203, 2143, 2142, 2081, 2080, 2066, 2065, 2057, 2056, 2020, 2019, 1994, 1993, 1990, 1989, 1968, 1967, 1959, 1958, 1924, 1923, 1910, 1909, 1889, 1888, 1837, 1836, 1784, 1783, 1763, 1762, 1745, 1744, 1722, 1721, 1714, 1713, 1705, 1704, 1684, 1683, 1679, 1678, 1653, 1652, 1616, 1615, 1607, 1606, 1592, 1591, 1574, 1573, 1561, 1560, 1551, 1550, 1531, 1530, 1529, 1497, 1496, 1495, 1492, 1491, 1470, 1469, 1468, 1443, 1442, 1429, 1428, 1396, 1395, 1388, 1387, 1378, 1377, 1376, 1364, 1363, 1347, 1346, 1327, 1326, 1325, 1323, 1322, 1321, 1312, 1311, 1306, 1305
INFO: [IP_Flow 19-3438] Customization errors found on 'ddr4_sweep'. Restoring to previous valid configuration.
INFO: [Common 17-17] undo 'set_property'
MIGS_ROW: P= 918 cut= 9.259% UI(1/4P)= 272.331MHz REFUSED set_ok=0 t=8001ms err={ERROR: [Common 17-39] 'set_property' failed due to earlier errors. | } | holds: TimePeriod=877 InputClockPeriod=3332 MemoryPart=BLS4G4D240FSB-2400 CLKFBOUT_MULT=19 DIVCLK_DIVIDE=4 CLKOUT0_DIVIDE=5 CasLatency=16 CasWriteLatency=12
ERROR: [IP_Flow 19-3461] Value '3332' is out of the range for parameter 'C0.DDR4 InputClockPeriod(C0.DDR4_InputClockPeriod)' for IP 'ddr4_sweep' . Valid values are - 13970, 13969, 13968, 13786, 13785, 13479, 13478, 13235, 13234, 13233, 12866, 12865, 12499, 12498, 12497, 11948, 11947, 11946, 11764, 11763, 11762, 11029, 11028, 11027, 10294, 10293, 10292, 10109, 10108, 9559, 9558, 9557, 9191, 9190, 9189, 8823, 8822, 8821, 8271, 8270, 8088, 8087, 8086, 7352, 7351, 6985, 6984, 6894, 6893, 6892, 6618, 6617, 6616, 6433, 6432, 6250, 6249, 6248, 5975, 5974, 5973, 5972, 5882, 5881, 5515, 5514, 5513, 5147, 5146, 5055, 5054, 5053, 4780, 4779, 4778, 4657, 4656, 4596, 4595, 4594, 4494, 4493, 4492, 4412, 4411, 4410, 4289, 4288, 4167, 4166, 4165, 4136, 4135, 4084, 4083, 4044, 4043, 3983, 3982, 3922, 3921, 3920, 3676, 3675, 3493, 3492, 3447, 3446, 3445, 3432, 3431, 3430, 3371, 3370, 3369, 3309, 3308, 3268, 3267, 3217, 3216, 3215, 3186, 3185, 3125, 3124, 3064, 3063, 2988, 2987, 2986, 2941, 2940, 2794, 2793, 2758, 2757, 2756, 2696, 2695, 2647, 2646, 2574, 2573, 2528, 2527, 2526, 2500, 2499, 2452, 2451, 2450, 2390, 2389, 2353, 2352, 2329, 2328, 2298, 2297, 2296, 2207, 2206, 2205, 2145, 2144, 2084, 2083, 2082, 2069, 2068, 2067, 2059, 2058, 2042, 2041, 2022, 2021, 1996, 1995, 1992, 1991, 1970, 1969, 1961, 1960, 1926, 1925, 1912, 1911, 1891, 1890, 1838, 1837, 1786, 1785, 1765, 1764, 1747, 1746, 1724, 1723, 1716, 1715, 1707, 1706, 1685, 1684, 1681, 1680, 1655, 1654, 1634, 1633, 1618, 1617, 1609, 1608, 1593, 1592, 1576, 1575, 1563, 1562, 1553, 1552, 1532, 1531, 1498, 1497, 1494, 1493, 1471, 1470, 1445, 1444, 1430, 1429, 1397, 1396, 1389, 1388, 1379, 1378, 1366, 1365, 1348, 1347, 1328, 1327, 1324, 1323, 1313, 1312, 1308, 1307, 1306
INFO: [IP_Flow 19-3438] Customization errors found on 'ddr4_sweep'. Restoring to previous valid configuration.
INFO: [Common 17-17] undo 'set_property'
MIGS_ROW: P= 919 cut= 9.358% UI(1/4P)= 272.035MHz REFUSED set_ok=0 t=7984ms err={ERROR: [Common 17-39] 'set_property' failed due to earlier errors. | } | holds: TimePeriod=877 InputClockPeriod=3332 MemoryPart=BLS4G4D240FSB-2400 CLKFBOUT_MULT=19 DIVCLK_DIVIDE=4 CLKOUT0_DIVIDE=5 CasLatency=16 CasWriteLatency=12
ERROR: [IP_Flow 19-3461] Value '3332' is out of the range for parameter 'C0.DDR4 InputClockPeriod(C0.DDR4_InputClockPeriod)' for IP 'ddr4_sweep' . Valid values are - 13984, 13983, 13801, 13800, 13494, 13493, 13492, 13248, 13247, 12880, 12879, 12513, 12512, 12511, 11961, 11960, 11959, 11776, 11775, 11040, 11039, 10304, 10303, 10120, 10119, 9568, 9567, 9201, 9200, 9199, 8832, 8831, 8280, 8279, 8097, 8096, 8095, 7360, 7359, 6992, 6991, 6901, 6900, 6624, 6623, 6440, 6439, 6257, 6256, 6255, 5981, 5980, 5979, 5888, 5887, 5520, 5519, 5152, 5151, 5060, 5059, 4784, 4783, 4662, 4661, 4601, 4600, 4599, 4499, 4498, 4497, 4416, 4415, 4294, 4293, 4292, 4172, 4171, 4170, 4140, 4139, 4049, 4048, 4047, 3987, 3986, 3926, 3925, 3680, 3679, 3496, 3495, 3451, 3450, 3435, 3434, 3374, 3373, 3372, 3312, 3311, 3220, 3219, 3190, 3189, 3129, 3128, 3127, 3068, 3067, 3066, 2991, 2990, 2989, 2944, 2943, 2863, 2862, 2798, 2797, 2796, 2760, 2759, 2699, 2698, 2650, 2649, 2576, 2575, 2530, 2529, 2503, 2502, 2454, 2453, 2452, 2392, 2391, 2356, 2355, 2331, 2330, 2300, 2299, 2208, 2207, 2148, 2147, 2146, 2086, 2085, 2070, 2069, 2062, 2061, 2060, 2025, 2024, 2023, 1998, 1997, 1994, 1993, 1972, 1971, 1963, 1962, 1928, 1927, 1914, 1913, 1893, 1892, 1840, 1839, 1788, 1787, 1767, 1766, 1748, 1747, 1726, 1725, 1718, 1717, 1709, 1708, 1687, 1686, 1683, 1682, 1656, 1655, 1620, 1619, 1610, 1609, 1595, 1594, 1578, 1577, 1565, 1564, 1563, 1554, 1553, 1534, 1533, 1500, 1499, 1496, 1495, 1494, 1472, 1471, 1446, 1445, 1432, 1431, 1402, 1401, 1399, 1398, 1391, 1390, 1380, 1379, 1367, 1366, 1363, 1362, 1350, 1349, 1329, 1328, 1325, 1324, 1315, 1314, 1309, 1308
INFO: [IP_Flow 19-3438] Customization errors found on 'ddr4_sweep'. Restoring to previous valid configuration.
INFO: [Common 17-17] undo 'set_property'
MIGS_ROW: P= 920 cut= 9.457% UI(1/4P)= 271.739MHz REFUSED set_ok=0 t=7887ms err={ERROR: [Common 17-39] 'set_property' failed due to earlier errors. | } | holds: TimePeriod=877 InputClockPeriod=3332 MemoryPart=BLS4G4D240FSB-2400 CLKFBOUT_MULT=19 DIVCLK_DIVIDE=4 CLKOUT0_DIVIDE=5 CasLatency=16 CasWriteLatency=12
ERROR: [IP_Flow 19-3461] Value '3332' is out of the range for parameter 'C0.DDR4 InputClockPeriod(C0.DDR4_InputClockPeriod)' for IP 'ddr4_sweep' . Valid values are - 14000, 13999, 13816, 13815, 13814, 13508, 13507, 13263, 13262, 13261, 12895, 12894, 12893, 12526, 12525, 11974, 11973, 11789, 11788, 11052, 11051, 10316, 10315, 10314, 10131, 10130, 9579, 9578, 9210, 9209, 8842, 8841, 8289, 8288, 8105, 8104, 7368, 7367, 7000, 6999, 6908, 6907, 6632, 6631, 6630, 6448, 6447, 6446, 6263, 6262, 5987, 5986, 5895, 5894, 5526, 5525, 5158, 5157, 5066, 5065, 4790, 4789, 4667, 4666, 4605, 4604, 4503, 4502, 4421, 4420, 4299, 4298, 4297, 4176, 4175, 4174, 4145, 4144, 4143, 4094, 4093, 4053, 4052, 3992, 3991, 3990, 3930, 3929, 3684, 3683, 3500, 3499, 3454, 3453, 3439, 3438, 3437, 3377, 3376, 3317, 3316, 3315, 3276, 3275, 3224, 3223, 3194, 3193, 3192, 3132, 3131, 3070, 3069, 2994, 2993, 2948, 2947, 2866, 2865, 2801, 2800, 2799, 2763, 2762, 2703, 2702, 2701, 2653, 2652, 2579, 2578, 2534, 2533, 2532, 2506, 2505, 2504, 2456, 2455, 2395, 2394, 2358, 2357, 2334, 2333, 2303, 2302, 2301, 2211, 2210, 2150, 2149, 2148, 2088, 2087, 2073, 2072, 2071, 2064, 2063, 2062, 2048, 2047, 2027, 2026, 2000, 1999, 1996, 1995, 1974, 1973, 1965, 1964, 1930, 1929, 1916, 1915, 1895, 1894, 1842, 1841, 1790, 1789, 1769, 1768, 1750, 1749, 1727, 1726, 1720, 1719, 1718, 1711, 1710, 1689, 1688, 1685, 1684, 1659, 1658, 1657, 1622, 1621, 1620, 1612, 1611, 1597, 1596, 1579, 1578, 1566, 1565, 1556, 1555, 1535, 1534, 1501, 1500, 1497, 1496, 1474, 1473, 1448, 1447, 1433, 1432, 1400, 1399, 1392, 1391, 1382, 1381, 1369, 1368, 1351, 1350, 1331, 1330, 1327, 1326, 1316, 1315, 1310, 1309
INFO: [IP_Flow 19-3438] Customization errors found on 'ddr4_sweep'. Restoring to previous valid configuration.
INFO: [Common 17-17] undo 'set_property'
MIGS_ROW: P= 921 cut= 9.555% UI(1/4P)= 271.444MHz REFUSED set_ok=0 t=7970ms err={ERROR: [Common 17-39] 'set_property' failed due to earlier errors. | } | holds: TimePeriod=877 InputClockPeriod=3332 MemoryPart=BLS4G4D240FSB-2400 CLKFBOUT_MULT=19 DIVCLK_DIVIDE=4 CLKOUT0_DIVIDE=5 CasLatency=16 CasWriteLatency=12
ERROR: [IP_Flow 19-3461] Value '3332' is out of the range for parameter 'C0.DDR4 InputClockPeriod(C0.DDR4_InputClockPeriod)' for IP 'ddr4_sweep' . Valid values are - 14015, 14014, 14013, 13831, 13830, 13829, 13523, 13522, 13277, 13276, 12908, 12907, 12540, 12539, 11986, 11985, 11803, 11802, 11801, 11065, 11064, 11063, 10327, 10326, 10142, 10141, 9589, 9588, 9221, 9220, 9219, 8852, 8851, 8299, 8298, 8297, 8115, 8114, 8113, 7376, 7375, 7008, 7007, 7006, 6916, 6915, 6914, 6639, 6638, 6454, 6453, 6270, 6269, 5993, 5992, 5902, 5901, 5900, 5533, 5532, 5531, 5164, 5163, 5071, 5070, 4795, 4794, 4672, 4671, 4611, 4610, 4609, 4508, 4507, 4427, 4426, 4425, 4304, 4303, 4302, 4180, 4179, 4150, 4149, 4148, 4058, 4057, 4056, 3996, 3995, 3994, 3935, 3934, 3933, 3688, 3687, 3505, 3504, 3503, 3458, 3457, 3443, 3442, 3382, 3381, 3380, 3320, 3319, 3279, 3278, 3227, 3226, 3197, 3196, 3135, 3134, 3074, 3073, 3072, 2997, 2996, 2951, 2950, 2949, 2868, 2867, 2803, 2802, 2767, 2766, 2765, 2705, 2704, 2656, 2655, 2583, 2582, 2581, 2536, 2535, 2508, 2507, 2460, 2459, 2458, 2398, 2397, 2361, 2360, 2336, 2335, 2306, 2305, 2304, 2214, 2213, 2212, 2152, 2151, 2150, 2090, 2089, 2075, 2074, 2066, 2065, 2029, 2028, 2003, 2002, 1998, 1997, 1976, 1975, 1968, 1967, 1966, 1932, 1931, 1918, 1917, 1897, 1896, 1844, 1843, 1792, 1791, 1771, 1770, 1752, 1751, 1729, 1728, 1722, 1721, 1713, 1712, 1691, 1690, 1686, 1685, 1660, 1659, 1640, 1639, 1623, 1622, 1614, 1613, 1599, 1598, 1581, 1580, 1568, 1567, 1558, 1557, 1537, 1536, 1503, 1502, 1499, 1498, 1476, 1475, 1474, 1449, 1448, 1435, 1434, 1405, 1404, 1402, 1401, 1394, 1393, 1384, 1383, 1382, 1370, 1369, 1367, 1366, 1353, 1352, 1332, 1331, 1328, 1327, 1318, 1317, 1312, 1311, 1291, 1290
INFO: [IP_Flow 19-3438] Customization errors found on 'ddr4_sweep'. Restoring to previous valid configuration.
INFO: [Common 17-17] undo 'set_property'
MIGS_ROW: P= 922 cut= 9.653% UI(1/4P)= 271.150MHz REFUSED set_ok=0 t=7961ms err={ERROR: [Common 17-39] 'set_property' failed due to earlier errors. | } | holds: TimePeriod=877 InputClockPeriod=3332 MemoryPart=BLS4G4D240FSB-2400 CLKFBOUT_MULT=19 DIVCLK_DIVIDE=4 CLKOUT0_DIVIDE=5 CasLatency=16 CasWriteLatency=12
ERROR: [IP_Flow 19-3461] Value '3332' is out of the range for parameter 'C0.DDR4 InputClockPeriod(C0.DDR4_InputClockPeriod)' for IP 'ddr4_sweep' . Valid values are - 14030, 14029, 13846, 13845, 13538, 13537, 13536, 13292, 13291, 13290, 12923, 12922, 12921, 12554, 12553, 12552, 11999, 11998, 11815, 11814, 11077, 11076, 10339, 10338, 10337, 10154, 10153, 10152, 9600, 9599, 9598, 9231, 9230, 8861, 8860, 8308, 8307, 8123, 8122, 7385, 7384, 7015, 7014, 6924, 6923, 6922, 6647, 6646, 6645, 6462, 6461, 6460, 6277, 6276, 6275, 6000, 5999, 5908, 5907, 5539, 5538, 5170, 5169, 5168, 5078, 5077, 5076, 5075, 4801, 4800, 4799, 4678, 4677, 4676, 4616, 4615, 4513, 4512, 4511, 4431, 4430, 4308, 4307, 4306, 4185, 4184, 4183, 4154, 4153, 4062, 4061, 4000, 3999, 3939, 3938, 3693, 3692, 3508, 3507, 3506, 3462, 3461, 3460, 3446, 3445, 3385, 3384, 3324, 3323, 3322, 3283, 3282, 3231, 3230, 3229, 3200, 3199, 3139, 3138, 3137, 3077, 3076, 3000, 2999, 2954, 2953, 2872, 2871, 2807, 2806, 2805, 2770, 2769, 2708, 2707, 2659, 2658, 2585, 2584, 2583, 2539, 2538, 2537, 2511, 2510, 2462, 2461, 2460, 2401, 2400, 2399, 2364, 2363, 2362, 2339, 2338, 2308, 2307, 2216, 2215, 2154, 2153, 2093, 2092, 2091, 2077, 2076, 2068, 2067, 2031, 2030, 2005, 2004, 2000, 1999, 1978, 1977, 1970, 1969, 1934, 1933, 1921, 1920, 1919, 1899, 1898, 1847, 1846, 1794, 1793, 1773, 1772, 1771, 1759, 1758, 1754, 1753, 1731, 1730, 1723, 1722, 1715, 1714, 1693, 1692, 1688, 1687, 1662, 1661, 1642, 1641, 1625, 1624, 1616, 1615, 1600, 1599, 1583, 1582, 1570, 1569, 1559, 1558, 1539, 1538, 1505, 1504, 1500, 1499, 1477, 1476, 1451, 1450, 1436, 1435, 1404, 1403, 1402, 1395, 1394, 1385, 1384, 1372, 1371, 1354, 1353, 1334, 1333, 1330, 1329, 1319, 1318, 1313, 1312, 1293, 1292
INFO: [IP_Flow 19-3438] Customization errors found on 'ddr4_sweep'. Restoring to previous valid configuration.
INFO: [Common 17-17] undo 'set_property'
MIGS_ROW: P= 923 cut= 9.751% UI(1/4P)= 270.856MHz REFUSED set_ok=0 t=8013ms err={ERROR: [Common 17-39] 'set_property' failed due to earlier errors. | } | holds: TimePeriod=877 InputClockPeriod=3332 MemoryPart=BLS4G4D240FSB-2400 CLKFBOUT_MULT=19 DIVCLK_DIVIDE=4 CLKOUT0_DIVIDE=5 CasLatency=16 CasWriteLatency=12
ERROR: [IP_Flow 19-3461] Value '3332' is out of the range for parameter 'C0.DDR4 InputClockPeriod(C0.DDR4_InputClockPeriod)' for IP 'ddr4_sweep' . Valid values are - 14046, 14045, 14044, 13861, 13860, 13859, 13552, 13551, 13306, 13305, 12936, 12935, 12567, 12566, 12565, 12012, 12011, 11828, 11827, 11088, 11087, 10350, 10349, 10348, 10165, 10164, 10163, 9610, 9609, 9241, 9240, 9239, 8871, 8870, 8316, 8315, 8132, 8131, 7392, 7391, 7023, 7022, 7021, 6931, 6930, 6929, 6653, 6652, 6468, 6467, 6284, 6283, 6282, 6006, 6005, 5914, 5913, 5544, 5543, 5175, 5174, 5173, 5083, 5082, 5081, 4805, 4804, 4682, 4681, 4621, 4620, 4619, 4518, 4517, 4516, 4436, 4435, 4312, 4311, 4189, 4188, 4158, 4157, 4108, 4107, 4067, 4066, 4065, 4005, 4004, 4003, 3943, 3942, 3696, 3695, 3512, 3511, 3510, 3466, 3465, 3464, 3451, 3450, 3449, 3388, 3387, 3327, 3326, 3325, 3286, 3285, 3234, 3233, 3204, 3203, 3202, 3142, 3141, 3081, 3080, 3079, 3003, 3002, 2957, 2956, 2876, 2875, 2810, 2809, 2808, 2772, 2771, 2711, 2710, 2709, 2662, 2661, 2660, 2588, 2587, 2586, 2542, 2541, 2540, 2514, 2513, 2465, 2464, 2463, 2403, 2402, 2366, 2365, 2341, 2340, 2311, 2310, 2309, 2218, 2217, 2156, 2155, 2095, 2094, 2079, 2078, 2070, 2069, 2053, 2052, 2034, 2033, 2032, 2007, 2006, 2003, 2002, 2001, 1980, 1979, 1972, 1971, 1936, 1935, 1922, 1921, 1901, 1900, 1848, 1847, 1796, 1795, 1775, 1774, 1773, 1756, 1755, 1733, 1732, 1726, 1725, 1724, 1716, 1715, 1694, 1693, 1690, 1689, 1664, 1663, 1662, 1627, 1626, 1617, 1616, 1602, 1601, 1585, 1584, 1583, 1571, 1570, 1561, 1560, 1541, 1540, 1539, 1506, 1505, 1502, 1501, 1479, 1478, 1452, 1451, 1438, 1437, 1405, 1404, 1397, 1396, 1386, 1385, 1373, 1372, 1356, 1355, 1335, 1334, 1331, 1330, 1321, 1320, 1319, 1315, 1314, 1294, 1293
INFO: [IP_Flow 19-3438] Customization errors found on 'ddr4_sweep'. Restoring to previous valid configuration.
INFO: [Common 17-17] undo 'set_property'
MIGS_ROW: P= 924 cut= 9.848% UI(1/4P)= 270.563MHz REFUSED set_ok=0 t=7931ms err={ERROR: [Common 17-39] 'set_property' failed due to earlier errors. | } | holds: TimePeriod=877 InputClockPeriod=3332 MemoryPart=BLS4G4D240FSB-2400 CLKFBOUT_MULT=19 DIVCLK_DIVIDE=4 CLKOUT0_DIVIDE=5 CasLatency=16 CasWriteLatency=12
ERROR: [IP_Flow 19-3461] Value '3332' is out of the range for parameter 'C0.DDR4 InputClockPeriod(C0.DDR4_InputClockPeriod)' for IP 'ddr4_sweep' . Valid values are - 14060, 14059, 13876, 13875, 13874, 13568, 13567, 13566, 13321, 13320, 12950, 12949, 12580, 12579, 12334, 12333, 12026, 12025, 11841, 11840, 11101, 11100, 11099, 10361, 10360, 10176, 10175, 9867, 9866, 9621, 9620, 8881, 8880, 8634, 8633, 8326, 8325, 8141, 8140, 7401, 7400, 7030, 7029, 6938, 6937, 6784, 6783, 6661, 6660, 6475, 6474, 6290, 6289, 6167, 6166, 6014, 6013, 6012, 5921, 5920, 5551, 5550, 5549, 5181, 5180, 5179, 5089, 5088, 5087, 4934, 4933, 4811, 4810, 4687, 4686, 4625, 4624, 4523, 4522, 4441, 4440, 4439, 4317, 4316, 4194, 4193, 4164, 4163, 4162, 4112, 4111, 4071, 4070, 4009, 4008, 3948, 3947, 3946, 3701, 3700, 3515, 3514, 3469, 3468, 3454, 3453, 3393, 3392, 3391, 3331, 3330, 3289, 3288, 3238, 3237, 3207, 3206, 3145, 3144, 3084, 3083, 3007, 3006, 3005, 2961, 2960, 2878, 2877, 2813, 2812, 2776, 2775, 2714, 2713, 2665, 2664, 2591, 2590, 2589, 2545, 2544, 2543, 2517, 2516, 2515, 2468, 2467, 2466, 2406, 2405, 2368, 2367, 2344, 2343, 2313, 2312, 2262, 2261, 2221, 2220, 2219, 2159, 2158, 2097, 2096, 2082, 2081, 2080, 2072, 2071, 2056, 2055, 2036, 2035, 2009, 2008, 2005, 2004, 1983, 1982, 1974, 1973, 1939, 1938, 1924, 1923, 1903, 1902, 1851, 1850, 1798, 1797, 1777, 1776, 1763, 1762, 1761, 1758, 1757, 1735, 1734, 1727, 1726, 1718, 1717, 1696, 1695, 1692, 1691, 1666, 1665, 1645, 1644, 1629, 1628, 1619, 1618, 1604, 1603, 1586, 1585, 1573, 1572, 1563, 1562, 1542, 1541, 1508, 1507, 1504, 1503, 1481, 1480, 1454, 1453, 1439, 1438, 1410, 1409, 1407, 1406, 1398, 1397, 1388, 1387, 1375, 1374, 1371, 1370, 1357, 1356, 1337, 1336, 1333, 1332, 1316, 1315, 1296, 1295
INFO: [IP_Flow 19-3438] Customization errors found on 'ddr4_sweep'. Restoring to previous valid configuration.
INFO: [Common 17-17] undo 'set_property'
MIGS_ROW: P= 925 cut= 9.946% UI(1/4P)= 270.270MHz REFUSED set_ok=0 t=7898ms err={ERROR: [Common 17-39] 'set_property' failed due to earlier errors. | } | holds: TimePeriod=877 InputClockPeriod=3332 MemoryPart=BLS4G4D240FSB-2400 CLKFBOUT_MULT=19 DIVCLK_DIVIDE=4 CLKOUT0_DIVIDE=5 CasLatency=16 CasWriteLatency=12
ERROR: [IP_Flow 19-3461] Value '3332' is out of the range for parameter 'C0.DDR4 InputClockPeriod(C0.DDR4_InputClockPeriod)' for IP 'ddr4_sweep' . Valid values are - 14076, 14075, 14074, 13891, 13890, 13582, 13581, 13335, 13334, 13333, 12965, 12964, 12963, 12594, 12593, 12039, 12038, 11853, 11852, 11113, 11112, 11111, 10372, 10371, 10187, 10186, 10185, 9631, 9630, 9629, 8891, 8890, 8889, 8335, 8334, 8333, 8149, 8148, 7409, 7408, 7039, 7038, 7037, 6946, 6945, 6668, 6667, 6666, 6483, 6482, 6481, 6297, 6296, 6020, 6019, 5927, 5926, 5925, 5557, 5556, 5555, 5186, 5185, 5094, 5093, 5092, 4816, 4815, 4814, 4693, 4692, 4691, 4631, 4630, 4629, 4528, 4527, 4446, 4445, 4444, 4322, 4321, 4320, 4199, 4198, 4197, 4168, 4167, 4166, 4116, 4115, 4075, 4074, 4073, 4014, 4013, 4012, 3952, 3951, 3950, 3705, 3704, 3520, 3519, 3518, 3473, 3472, 3458, 3457, 3456, 3396, 3395, 3394, 3335, 3334, 3333, 3293, 3292, 3242, 3241, 3240, 3211, 3210, 3209, 3149, 3148, 3088, 3087, 3010, 3009, 2964, 2963, 2962, 2816, 2815, 2779, 2778, 2777, 2717, 2716, 2668, 2667, 2666, 2593, 2592, 2547, 2546, 2519, 2518, 2470, 2469, 2468, 2408, 2407, 2371, 2370, 2347, 2346, 2345, 2316, 2315, 2314, 2223, 2222, 2221, 2162, 2161, 2160, 2100, 2099, 2098, 2084, 2083, 2075, 2074, 2058, 2057, 2038, 2037, 2036, 2011, 2010, 2007, 2006, 1985, 1984, 1976, 1975, 1941, 1940, 1927, 1926, 1925, 1905, 1904, 1853, 1852, 1800, 1799, 1798, 1779, 1778, 1777, 1760, 1759, 1737, 1736, 1729, 1728, 1720, 1719, 1698, 1697, 1694, 1693, 1668, 1667, 1666, 1647, 1646, 1630, 1629, 1621, 1620, 1606, 1605, 1604, 1588, 1587, 1575, 1574, 1565, 1564, 1563, 1544, 1543, 1510, 1509, 1508, 1505, 1504, 1482, 1481, 1456, 1455, 1441, 1440, 1411, 1410, 1408, 1407, 1400, 1399, 1390, 1389, 1376, 1375, 1359, 1358, 1338, 1337, 1334, 1333, 1317, 1316, 1297, 1296
INFO: [IP_Flow 19-3438] Customization errors found on 'ddr4_sweep'. Restoring to previous valid configuration.
INFO: [Common 17-17] undo 'set_property'
MIGS_ROW: P= 926 cut=10.043% UI(1/4P)= 269.978MHz REFUSED set_ok=0 t=7718ms err={ERROR: [Common 17-39] 'set_property' failed due to earlier errors. | } | holds: TimePeriod=877 InputClockPeriod=3332 MemoryPart=BLS4G4D240FSB-2400 CLKFBOUT_MULT=19 DIVCLK_DIVIDE=4 CLKOUT0_DIVIDE=5 CasLatency=16 CasWriteLatency=12
ERROR: [IP_Flow 19-3461] Value '3332' is out of the range for parameter 'C0.DDR4 InputClockPeriod(C0.DDR4_InputClockPeriod)' for IP 'ddr4_sweep' . Valid values are - 14091, 14090, 13905, 13904, 13597, 13596, 13595, 13349, 13348, 12979, 12978, 12977, 12608, 12607, 12606, 12051, 12050, 11866, 11865, 11124, 11123, 10383, 10382, 10381, 10198, 10197, 10196, 9642, 9641, 9640, 9271, 9270, 9269, 8900, 8899, 8898, 8343, 8342, 8159, 8158, 8157, 7416, 7415, 7046, 7045, 6953, 6952, 6951, 6675, 6674, 6490, 6489, 6488, 6305, 6304, 6303, 6026, 6025, 5933, 5932, 5562, 5561, 5192, 5191, 5190, 5100, 5099, 5098, 4821, 4820, 4697, 4696, 4636, 4635, 4634, 4533, 4532, 4531, 4451, 4450, 4449, 4327, 4326, 4325, 4203, 4202, 4201, 4172, 4171, 4080, 4079, 4078, 4017, 4016, 3956, 3955, 3708, 3707, 3523, 3522, 3477, 3476, 3475, 3461, 3460, 3400, 3399, 3398, 3338, 3337, 3245, 3244, 3243, 3215, 3214, 3213, 3153, 3152, 3151, 3091, 3090, 3089, 3014, 3013, 3012, 2967, 2966, 2965, 2819, 2818, 2781, 2780, 2720, 2719, 2718, 2671, 2670, 2669, 2597, 2596, 2595, 2550, 2549, 2522, 2521, 2473, 2472, 2471, 2411, 2410, 2374, 2373, 2372, 2349, 2348, 2319, 2318, 2317, 2316, 2226, 2225, 2224, 2164, 2163, 2162, 2102, 2101, 2087, 2086, 2085, 2077, 2076, 2040, 2039, 2013, 2012, 2009, 2008, 1987, 1986, 1978, 1977, 1943, 1942, 1929, 1928, 1907, 1906, 1854, 1853, 1802, 1801, 1781, 1780, 1779, 1762, 1761, 1739, 1738, 1731, 1730, 1722, 1721, 1700, 1699, 1696, 1695, 1694, 1669, 1668, 1632, 1631, 1623, 1622, 1607, 1606, 1590, 1589, 1576, 1575, 1566, 1565, 1545, 1544, 1511, 1510, 1507, 1506, 1484, 1483, 1482, 1457, 1456, 1443, 1442, 1441, 1410, 1409, 1401, 1400, 1391, 1390, 1378, 1377, 1360, 1359, 1340, 1339, 1338, 1336, 1335, 1334, 1325, 1324, 1319, 1318, 1298, 1297
INFO: [IP_Flow 19-3438] Customization errors found on 'ddr4_sweep'. Restoring to previous valid configuration.
INFO: [Common 17-17] undo 'set_property'
MIGS_ROW: P= 927 cut=10.140% UI(1/4P)= 269.687MHz REFUSED set_ok=0 t=8005ms err={ERROR: [Common 17-39] 'set_property' failed due to earlier errors. | } | holds: TimePeriod=877 InputClockPeriod=3332 MemoryPart=BLS4G4D240FSB-2400 CLKFBOUT_MULT=19 DIVCLK_DIVIDE=4 CLKOUT0_DIVIDE=5 CasLatency=16 CasWriteLatency=12
ERROR: [IP_Flow 19-3461] Value '3332' is out of the range for parameter 'C0.DDR4 InputClockPeriod(C0.DDR4_InputClockPeriod)' for IP 'ddr4_sweep' . Valid values are - 14106, 14105, 13920, 13919, 13612, 13611, 13610, 13364, 13363, 13362, 12993, 12992, 12991, 12621, 12620, 12065, 12064, 11879, 11878, 11137, 11136, 11135, 10395, 10394, 10393, 10209, 10208, 9652, 9651, 9281, 9280, 9279, 8910, 8909, 8908, 8353, 8352, 8351, 8167, 8166, 8165, 7425, 7424, 7053, 7052, 6960, 6959, 6682, 6681, 6497, 6496, 6495, 6311, 6310, 6309, 6033, 6032, 5940, 5939, 5569, 5568, 5567, 5198, 5197, 5196, 5105, 5104, 4827, 4826, 4825, 4702, 4701, 4641, 4640, 4639, 4538, 4537, 4536, 4455, 4454, 4453, 4332, 4331, 4330, 4208, 4207, 4206, 4177, 4176, 4175, 4124, 4123, 4084, 4083, 4082, 4022, 4021, 3960, 3959, 3713, 3712, 3527, 3526, 3480, 3479, 3466, 3465, 3464, 3403, 3402, 3341, 3340, 3300, 3299, 3249, 3248, 3247, 3218, 3217, 3156, 3155, 3154, 3094, 3093, 3017, 3016, 2970, 2969, 2822, 2821, 2785, 2784, 2783, 2723, 2722, 2673, 2672, 2599, 2598, 2553, 2552, 2525, 2524, 2475, 2474, 2414, 2413, 2412, 2376, 2375, 2351, 2350, 2321, 2320, 2319, 2228, 2227, 2226, 2166, 2165, 2164, 2104, 2103, 2089, 2088, 2087, 2079, 2078, 2062, 2061, 2042, 2041, 2016, 2015, 2014, 2011, 2010, 1989, 1988, 1980, 1979, 1945, 1944, 1931, 1930, 1910, 1909, 1908, 1857, 1856, 1804, 1803, 1802, 1782, 1781, 1764, 1763, 1740, 1739, 1733, 1732, 1724, 1723, 1702, 1701, 1697, 1696, 1671, 1670, 1650, 1649, 1634, 1633, 1624, 1623, 1609, 1608, 1591, 1590, 1578, 1577, 1568, 1567, 1547, 1546, 1513, 1512, 1509, 1508, 1485, 1484, 1459, 1458, 1444, 1443, 1415, 1414, 1411, 1410, 1403, 1402, 1393, 1392, 1391, 1379, 1378, 1362, 1361, 1341, 1340, 1337, 1336, 1326, 1325, 1320, 1319, 1300, 1299
INFO: [IP_Flow 19-3438] Customization errors found on 'ddr4_sweep'. Restoring to previous valid configuration.
INFO: [Common 17-17] undo 'set_property'
MIGS_ROW: P= 928 cut=10.237% UI(1/4P)= 269.397MHz REFUSED set_ok=0 t=8026ms err={ERROR: [Common 17-39] 'set_property' failed due to earlier errors. | } | holds: TimePeriod=877 InputClockPeriod=3332 MemoryPart=BLS4G4D240FSB-2400 CLKFBOUT_MULT=19 DIVCLK_DIVIDE=4 CLKOUT0_DIVIDE=5 CasLatency=16 CasWriteLatency=12
ERROR: [IP_Flow 19-3461] Value '3332' is out of the range for parameter 'C0.DDR4 InputClockPeriod(C0.DDR4_InputClockPeriod)' for IP 'ddr4_sweep' . Valid values are - 14122, 14121, 14120, 13936, 13935, 13626, 13625, 13379, 13378, 13377, 13007, 13006, 12635, 12634, 12633, 12078, 12077, 11892, 11891, 11149, 11148, 11147, 10405, 10404, 10219, 10218, 9663, 9662, 9661, 9291, 9290, 9289, 8919, 8918, 8917, 8361, 8360, 8176, 8175, 7432, 7431, 7061, 7060, 7059, 6969, 6968, 6967, 6690, 6689, 6688, 6504, 6503, 6318, 6317, 6316, 6039, 6038, 5947, 5946, 5945, 5575, 5574, 5573, 5203, 5202, 5110, 5109, 4832, 4831, 4830, 4708, 4707, 4706, 4646, 4645, 4644, 4542, 4541, 4460, 4459, 4458, 4336, 4335, 4334, 4212, 4211, 4181, 4180, 4179, 4089, 4088, 4087, 4026, 4025, 3965, 3964, 3963, 3716, 3715, 3531, 3530, 3529, 3485, 3484, 3483, 3469, 3468, 3467, 3407, 3406, 3345, 3344, 3252, 3251, 3222, 3221, 3220, 3159, 3158, 3097, 3096, 3020, 3019, 2974, 2973, 2972, 2891, 2890, 2825, 2824, 2788, 2787, 2786, 2726, 2725, 2676, 2675, 2602, 2601, 2555, 2554, 2527, 2526, 2478, 2477, 2476, 2416, 2415, 2379, 2378, 2377, 2354, 2353, 2323, 2322, 2231, 2230, 2229, 2169, 2168, 2167, 2106, 2105, 2091, 2090, 2089, 2081, 2080, 2045, 2044, 2043, 2018, 2017, 2013, 2012, 1991, 1990, 1983, 1982, 1981, 1947, 1946, 1933, 1932, 1912, 1911, 1910, 1858, 1857, 1806, 1805, 1804, 1784, 1783, 1766, 1765, 1764, 1742, 1741, 1735, 1734, 1733, 1726, 1725, 1704, 1703, 1699, 1698, 1673, 1672, 1636, 1635, 1626, 1625, 1611, 1610, 1593, 1592, 1580, 1579, 1569, 1568, 1549, 1548, 1515, 1514, 1513, 1510, 1509, 1487, 1486, 1460, 1459, 1446, 1445, 1413, 1412, 1404, 1403, 1394, 1393, 1381, 1380, 1363, 1362, 1342, 1341, 1338, 1337, 1328, 1327, 1322, 1321, 1301, 1300
INFO: [IP_Flow 19-3438] Customization errors found on 'ddr4_sweep'. Restoring to previous valid configuration.
INFO: [Common 17-17] undo 'set_property'
MIGS_ROW: P= 929 cut=10.334% UI(1/4P)= 269.107MHz REFUSED set_ok=0 t=8045ms err={ERROR: [Common 17-39] 'set_property' failed due to earlier errors. | } | holds: TimePeriod=877 InputClockPeriod=3332 MemoryPart=BLS4G4D240FSB-2400 CLKFBOUT_MULT=19 DIVCLK_DIVIDE=4 CLKOUT0_DIVIDE=5 CasLatency=16 CasWriteLatency=12
ERROR: [IP_Flow 19-3461] Value '3332' is out of the range for parameter 'C0.DDR4 InputClockPeriod(C0.DDR4_InputClockPeriod)' for IP 'ddr4_sweep' . Valid values are - 14137, 14136, 14135, 13951, 13950, 13641, 13640, 13393, 13392, 13391, 13021, 13020, 13019, 12649, 12648, 12091, 12090, 11905, 11904, 11903, 11161, 11160, 11159, 10417, 10416, 10231, 10230, 9673, 9672, 9671, 9301, 9300, 9299, 8929, 8928, 8927, 8371, 8370, 8185, 8184, 7441, 7440, 7069, 7068, 7067, 6976, 6975, 6697, 6696, 6695, 6511, 6510, 6509, 6325, 6324, 6046, 6045, 5953, 5952, 5951, 5581, 5580, 5579, 5209, 5208, 5116, 5115, 4837, 4836, 4835, 4713, 4712, 4651, 4650, 4649, 4547, 4546, 4465, 4464, 4463, 4341, 4340, 4339, 4217, 4216, 4186, 4185, 4133, 4132, 4093, 4092, 4031, 4030, 4029, 3969, 3968, 3721, 3720, 3535, 3534, 3533, 3488, 3487, 3473, 3472, 3411, 3410, 3349, 3348, 3347, 3307, 3306, 3256, 3255, 3254, 3224, 3223, 3163, 3162, 3101, 3100, 3099, 3023, 3022, 2977, 2976, 2975, 2893, 2892, 2828, 2827, 2826, 2791, 2790, 2789, 2729, 2728, 2679, 2678, 2605, 2604, 2558, 2557, 2530, 2529, 2481, 2480, 2479, 2419, 2418, 2417, 2381, 2380, 2357, 2356, 2326, 2325, 2324, 2233, 2232, 2231, 2171, 2170, 2169, 2109, 2108, 2093, 2092, 2084, 2083, 2082, 2067, 2066, 2047, 2046, 2020, 2019, 2016, 2015, 2014, 1994, 1993, 1992, 1985, 1984, 1949, 1948, 1935, 1934, 1914, 1913, 1861, 1860, 1807, 1806, 1786, 1785, 1768, 1767, 1766, 1744, 1743, 1737, 1736, 1728, 1727, 1706, 1705, 1701, 1700, 1675, 1674, 1673, 1637, 1636, 1628, 1627, 1612, 1611, 1595, 1594, 1582, 1581, 1571, 1570, 1551, 1550, 1549, 1516, 1515, 1512, 1511, 1489, 1488, 1487, 1462, 1461, 1447, 1446, 1414, 1413, 1406, 1405, 1396, 1395, 1394, 1382, 1381, 1365, 1364, 1344, 1343, 1340, 1339, 1329, 1328, 1323, 1322, 1303, 1302
INFO: [IP_Flow 19-3438] Customization errors found on 'ddr4_sweep'. Restoring to previous valid configuration.
INFO: [Common 17-17] undo 'set_property'
MIGS_ROW: P= 930 cut=10.430% UI(1/4P)= 268.817MHz REFUSED set_ok=0 t=7951ms err={ERROR: [Common 17-39] 'set_property' failed due to earlier errors. | } | holds: TimePeriod=877 InputClockPeriod=3332 MemoryPart=BLS4G4D240FSB-2400 CLKFBOUT_MULT=19 DIVCLK_DIVIDE=4 CLKOUT0_DIVIDE=5 CasLatency=16 CasWriteLatency=12
ERROR: [IP_Flow 19-3461] Value '3332' is out of the range for parameter 'C0.DDR4 InputClockPeriod(C0.DDR4_InputClockPeriod)' for IP 'ddr4_sweep' . Valid values are - 14152, 14151, 13966, 13965, 13964, 13656, 13655, 13654, 13407, 13406, 13405, 13034, 13033, 12663, 12662, 12661, 12103, 12102, 11918, 11917, 11916, 11172, 11171, 10428, 10427, 10242, 10241, 10240, 9683, 9682, 9681, 8939, 8938, 8937, 8379, 8378, 8194, 8193, 8192, 7448, 7447, 7076, 7075, 6984, 6983, 6982, 6704, 6703, 6702, 6517, 6516, 6332, 6331, 6330, 6052, 6051, 6050, 5959, 5958, 5586, 5585, 5214, 5213, 5122, 5121, 5120, 4842, 4841, 4840, 4718, 4717, 4656, 4655, 4654, 4553, 4552, 4551, 4470, 4469, 4468, 4346, 4345, 4344, 4221, 4220, 4190, 4189, 4188, 4097, 4096, 4035, 4034, 4033, 3973, 3972, 3724, 3723, 3538, 3537, 3492, 3491, 3476, 3475, 3415, 3414, 3413, 3353, 3352, 3351, 3310, 3309, 3259, 3258, 3228, 3227, 3226, 3166, 3165, 3104, 3103, 3026, 3025, 2980, 2979, 2897, 2896, 2831, 2830, 2829, 2793, 2792, 2732, 2731, 2730, 2682, 2681, 2607, 2606, 2561, 2560, 2533, 2532, 2484, 2483, 2482, 2421, 2420, 2384, 2383, 2359, 2358, 2329, 2328, 2327, 2235, 2234, 2173, 2172, 2111, 2110, 2096, 2095, 2094, 2086, 2085, 2049, 2048, 2022, 2021, 2018, 2017, 1995, 1994, 1987, 1986, 1951, 1950, 1937, 1936, 1916, 1915, 1862, 1861, 1809, 1808, 1788, 1787, 1769, 1768, 1746, 1745, 1738, 1737, 1729, 1728, 1707, 1706, 1703, 1702, 1677, 1676, 1675, 1655, 1654, 1639, 1638, 1630, 1629, 1614, 1613, 1597, 1596, 1595, 1583, 1582, 1573, 1572, 1552, 1551, 1518, 1517, 1513, 1512, 1490, 1489, 1464, 1463, 1462, 1449, 1448, 1416, 1415, 1407, 1406, 1397, 1396, 1384, 1383, 1366, 1365, 1345, 1344, 1341, 1340, 1325, 1324, 1304, 1303
INFO: [IP_Flow 19-3438] Customization errors found on 'ddr4_sweep'. Restoring to previous valid configuration.
INFO: [Common 17-17] undo 'set_property'
MIGS_ROW: P= 931 cut=10.526% UI(1/4P)= 268.528MHz REFUSED set_ok=0 t=7762ms err={ERROR: [Common 17-39] 'set_property' failed due to earlier errors. | } | holds: TimePeriod=877 InputClockPeriod=3332 MemoryPart=BLS4G4D240FSB-2400 CLKFBOUT_MULT=19 DIVCLK_DIVIDE=4 CLKOUT0_DIVIDE=5 CasLatency=16 CasWriteLatency=12
ERROR: [IP_Flow 19-3461] Value '3332' is out of the range for parameter 'C0.DDR4 InputClockPeriod(C0.DDR4_InputClockPeriod)' for IP 'ddr4_sweep' . Valid values are - 14167, 14166, 14165, 13980, 13979, 13670, 13669, 13422, 13421, 13420, 13048, 13047, 12676, 12675, 12427, 12426, 12116, 12115, 11931, 11930, 11929, 11185, 11184, 11183, 10439, 10438, 10437, 10252, 10251, 9693, 9692, 8948, 8947, 8946, 8388, 8387, 8202, 8201, 7456, 7455, 7084, 7083, 7082, 6990, 6989, 6711, 6710, 6524, 6523, 6339, 6338, 6337, 6214, 6213, 6058, 6057, 5966, 5965, 5964, 5593, 5592, 5591, 5220, 5219, 5218, 5126, 5125, 4847, 4846, 4845, 4723, 4722, 4721, 4661, 4660, 4659, 4557, 4556, 4555, 4474, 4473, 4350, 4349, 4226, 4225, 4194, 4193, 4101, 4100, 4040, 4039, 4038, 3977, 3976, 3728, 3727, 3543, 3542, 3541, 3495, 3494, 3480, 3479, 3478, 3418, 3417, 3416, 3356, 3355, 3314, 3313, 3262, 3261, 3231, 3230, 3170, 3169, 3168, 3107, 3106, 3029, 3028, 2983, 2982, 2901, 2900, 2834, 2833, 2797, 2796, 2795, 2735, 2734, 2733, 2685, 2684, 2683, 2611, 2610, 2609, 2563, 2562, 2536, 2535, 2534, 2486, 2485, 2484, 2424, 2423, 2422, 2387, 2386, 2385, 2362, 2361, 2360, 2331, 2330, 2329, 2237, 2236, 2176, 2175, 2174, 2113, 2112, 2097, 2096, 2088, 2087, 2051, 2050, 2024, 2023, 2020, 2019, 1998, 1997, 1989, 1988, 1953, 1952, 1939, 1938, 1918, 1917, 1864, 1863, 1811, 1810, 1790, 1789, 1771, 1770, 1748, 1747, 1740, 1739, 1731, 1730, 1709, 1708, 1705, 1704, 1678, 1677, 1657, 1656, 1641, 1640, 1631, 1630, 1616, 1615, 1598, 1597, 1585, 1584, 1575, 1574, 1573, 1554, 1553, 1519, 1518, 1515, 1514, 1492, 1491, 1465, 1464, 1450, 1449, 1417, 1416, 1409, 1408, 1399, 1398, 1397, 1385, 1384, 1368, 1367, 1366, 1347, 1346, 1343, 1342, 1341, 1326, 1325, 1305, 1304
INFO: [IP_Flow 19-3438] Customization errors found on 'ddr4_sweep'. Restoring to previous valid configuration.
INFO: [Common 17-17] undo 'set_property'
MIGS_ROW: P= 932 cut=10.622% UI(1/4P)= 268.240MHz REFUSED set_ok=0 t=7713ms err={ERROR: [Common 17-39] 'set_property' failed due to earlier errors. | } | holds: TimePeriod=877 InputClockPeriod=3332 MemoryPart=BLS4G4D240FSB-2400 CLKFBOUT_MULT=19 DIVCLK_DIVIDE=4 CLKOUT0_DIVIDE=5 CasLatency=16 CasWriteLatency=12
ERROR: [IP_Flow 19-3461] Value '3332' is out of the range for parameter 'C0.DDR4 InputClockPeriod(C0.DDR4_InputClockPeriod)' for IP 'ddr4_sweep' . Valid values are - 14182, 14181, 13995, 13994, 13684, 13683, 13436, 13435, 13063, 13062, 13061, 12689, 12688, 12129, 12128, 11943, 11942, 11941, 11197, 11196, 11195, 10451, 10450, 10449, 10264, 10263, 10262, 9704, 9703, 9330, 9329, 8958, 8957, 8956, 8398, 8397, 8396, 8211, 8210, 8209, 7464, 7463, 7091, 7090, 6998, 6997, 6996, 6719, 6718, 6717, 6532, 6531, 6530, 6345, 6344, 6343, 6065, 6064, 6063, 5972, 5971, 5970, 5599, 5598, 5597, 5226, 5225, 5224, 5133, 5132, 5131, 5130, 4853, 4852, 4851, 4728, 4727, 4665, 4664, 4562, 4561, 4560, 4479, 4478, 4477, 4355, 4354, 4353, 4231, 4230, 4229, 4199, 4198, 4148, 4147, 4106, 4105, 4104, 4044, 4043, 4042, 3982, 3981, 3980, 3732, 3731, 3546, 3545, 3500, 3499, 3498, 3484, 3483, 3482, 3421, 3420, 3360, 3359, 3358, 3318, 3317, 3266, 3265, 3264, 3235, 3234, 3233, 3173, 3172, 3171, 3111, 3110, 3109, 3033, 3032, 3031, 2987, 2986, 2985, 2904, 2903, 2837, 2836, 2800, 2799, 2798, 2738, 2737, 2736, 2688, 2687, 2613, 2612, 2567, 2566, 2565, 2538, 2537, 2489, 2488, 2487, 2427, 2426, 2425, 2389, 2388, 2364, 2363, 2333, 2332, 2331, 2240, 2239, 2238, 2178, 2177, 2176, 2115, 2114, 2100, 2099, 2090, 2089, 2073, 2072, 2053, 2052, 2027, 2026, 2025, 2022, 2021, 2000, 1999, 1991, 1990, 1955, 1954, 1941, 1940, 1920, 1919, 1866, 1865, 1813, 1812, 1792, 1791, 1773, 1772, 1750, 1749, 1742, 1741, 1733, 1732, 1711, 1710, 1707, 1706, 1680, 1679, 1643, 1642, 1641, 1633, 1632, 1618, 1617, 1600, 1599, 1587, 1586, 1585, 1576, 1575, 1556, 1555, 1554, 1521, 1520, 1517, 1516, 1494, 1493, 1492, 1467, 1466, 1452, 1451, 1419, 1418, 1410, 1409, 1400, 1399, 1387, 1386, 1369, 1368, 1348, 1347, 1344, 1343, 1333, 1332, 1327, 1326, 1307, 1306
INFO: [IP_Flow 19-3438] Customization errors found on 'ddr4_sweep'. Restoring to previous valid configuration.
INFO: [Common 17-17] undo 'set_property'
MIGS_ROW: P= 933 cut=10.718% UI(1/4P)= 267.953MHz REFUSED set_ok=0 t=8026ms err={ERROR: [Common 17-39] 'set_property' failed due to earlier errors. | } | holds: TimePeriod=877 InputClockPeriod=3332 MemoryPart=BLS4G4D240FSB-2400 CLKFBOUT_MULT=19 DIVCLK_DIVIDE=4 CLKOUT0_DIVIDE=5 CasLatency=16 CasWriteLatency=12
ERROR: [IP_Flow 19-3461] Value '3332' is out of the range for parameter 'C0.DDR4 InputClockPeriod(C0.DDR4_InputClockPeriod)' for IP 'ddr4_sweep' . Valid values are - 14198, 14197, 14196, 14011, 14010, 13699, 13698, 13451, 13450, 13449, 13077, 13076, 13075, 12703, 12702, 12701, 12454, 12453, 12142, 12141, 11956, 11955, 11954, 11208, 11207, 10462, 10461, 10460, 10274, 10273, 9714, 9713, 9341, 9340, 9339, 8967, 8966, 8406, 8405, 8220, 8219, 8218, 7472, 7471, 7099, 7098, 7006, 7005, 6726, 6725, 6724, 6539, 6538, 6537, 6352, 6351, 6350, 6071, 6070, 5978, 5977, 5604, 5603, 5231, 5230, 5229, 5137, 5136, 4857, 4856, 4733, 4732, 4671, 4670, 4669, 4567, 4566, 4484, 4483, 4359, 4358, 4235, 4234, 4203, 4202, 4152, 4151, 4150, 4110, 4109, 4048, 4047, 4046, 3986, 3985, 3736, 3735, 3550, 3549, 3503, 3502, 3487, 3486, 3426, 3425, 3424, 3363, 3362, 3270, 3269, 3268, 3239, 3238, 3237, 3176, 3175, 3114, 3113, 3112, 3036, 3035, 2989, 2988, 2906, 2905, 2840, 2839, 2802, 2801, 2741, 2740, 2739, 2690, 2689, 2616, 2615, 2614, 2569, 2568, 2541, 2540, 2492, 2491, 2490, 2429, 2428, 2392, 2391, 2367, 2366, 2336, 2335, 2334, 2242, 2241, 2180, 2179, 2178, 2118, 2117, 2102, 2101, 2093, 2092, 2091, 2055, 2054, 2029, 2028, 2027, 2024, 2023, 2002, 2001, 1993, 1992, 1957, 1956, 1943, 1942, 1922, 1921, 1868, 1867, 1815, 1814, 1794, 1793, 1780, 1779, 1775, 1774, 1752, 1751, 1744, 1743, 1735, 1734, 1713, 1712, 1708, 1707, 1682, 1681, 1644, 1643, 1635, 1634, 1620, 1619, 1618, 1602, 1601, 1588, 1587, 1578, 1577, 1557, 1556, 1523, 1522, 1518, 1517, 1495, 1494, 1468, 1467, 1453, 1452, 1420, 1419, 1412, 1411, 1401, 1400, 1388, 1387, 1384, 1383, 1370, 1369, 1350, 1349, 1345, 1344, 1335, 1334, 1329, 1328, 1308, 1307, 1291, 1290
INFO: [Common 17-14] Message 'IP_Flow 19-3461' appears 100 times and further instances of the messages will be disabled. Use the Tcl command set_msg_config to change the current settings.
INFO: [IP_Flow 19-3438] Customization errors found on 'ddr4_sweep'. Restoring to previous valid configuration.
INFO: [Common 17-14] Message 'IP_Flow 19-3438' appears 100 times and further instances of the messages will be disabled. Use the Tcl command set_msg_config to change the current settings.
INFO: [Common 17-17] undo 'set_property'
INFO: [Common 17-14] Message 'Common 17-17' appears 100 times and further instances of the messages will be disabled. Use the Tcl command set_msg_config to change the current settings.
MIGS_ROW: P= 934 cut=10.814% UI(1/4P)= 267.666MHz REFUSED set_ok=0 t=7989ms err={ERROR: [Common 17-39] 'set_property' failed due to earlier errors. | } | holds: TimePeriod=877 InputClockPeriod=3332 MemoryPart=BLS4G4D240FSB-2400 CLKFBOUT_MULT=19 DIVCLK_DIVIDE=4 CLKOUT0_DIVIDE=5 CasLatency=16 CasWriteLatency=12
MIGS_ROW: P= 935 cut=10.909% UI(1/4P)= 267.380MHz REFUSED set_ok=0 t=7961ms err={} | holds: TimePeriod=877 InputClockPeriod=3332 MemoryPart=BLS4G4D240FSB-2400 CLKFBOUT_MULT=19 DIVCLK_DIVIDE=4 CLKOUT0_DIVIDE=5 CasLatency=16 CasWriteLatency=12
MIGS_ROW: P= 936 cut=11.004% UI(1/4P)= 267.094MHz REFUSED set_ok=0 t=7911ms err={} | holds: TimePeriod=877 InputClockPeriod=3332 MemoryPart=BLS4G4D240FSB-2400 CLKFBOUT_MULT=19 DIVCLK_DIVIDE=4 CLKOUT0_DIVIDE=5 CasLatency=16 CasWriteLatency=12
WARNING: [BD 5-699] No address segments matched 'get_bd_addr_segs -of_object /ilmb_cntlr/SLMB/Mem'
WARNING: [BD 5-699] No address segments matched 'get_bd_addr_segs -of_object /second_ilmb_cntlr/SLMB/Mem'
WARNING: [BD 5-699] No address segments matched 'get_bd_addr_segs -of_object /dlmb_cntlr/SLMB/Mem'
WARNING: [BD 5-699] No address segments matched 'get_bd_addr_segs -of_object /second_dlmb_cntlr/SLMB/Mem'
WARNING: [BD 5-699] No address segments matched 'get_bd_addr_segs -of_object /iomodule_0/SLMB/Reg'
WARNING: [BD 5-699] No address segments matched 'get_bd_addr_segs -of_object /iomodule_0/SLMB/IO'
INFO: [xilinx.com:ip:microblaze:11.0-9] /microblaze_I: Setting C_BASE_VECTORS to 0x00000000.
WARNING: [filemgmt 56-443] The ECC Algorithm string is empty. Setting the Memory Map to default ECC value to ECC_NONE.
WARNING: [filemgmt 56-443] The ECC Algorithm string is empty. Setting the Memory Map to default ECC value to ECC_NONE.
MIGS_ROW: P= 937 cut=11.099% UI(1/4P)= 266.809MHz ACCEPTED M=8 D=3 O=3 mmcm_clkout0=3748.500ps(=266.773MHz) 4P=3748 vco=800.3MHz t=7720ms | TimePeriod=937 InputClockPeriod=3332 MemoryPart=BLS4G4D240FSB-2400 CLKFBOUT_MULT=8 DIVCLK_DIVIDE=3 CLKOUT0_DIVIDE=3 CasLatency=16 CasWriteLatency=12
MIGS_ROW: P= 938 cut=11.194% UI(1/4P)= 266.525MHz REFUSED set_ok=0 t=7628ms err={} | holds: TimePeriod=937 InputClockPeriod=3332 MemoryPart=BLS4G4D240FSB-2400 CLKFBOUT_MULT=8 DIVCLK_DIVIDE=3 CLKOUT0_DIVIDE=3 CasLatency=16 CasWriteLatency=12
MIGS_ROW: P= 939 cut=11.289% UI(1/4P)= 266.241MHz REFUSED set_ok=0 t=7696ms err={} | holds: TimePeriod=937 InputClockPeriod=3332 MemoryPart=BLS4G4D240FSB-2400 CLKFBOUT_MULT=8 DIVCLK_DIVIDE=3 CLKOUT0_DIVIDE=3 CasLatency=16 CasWriteLatency=12
MIGS_ROW: P= 940 cut=11.383% UI(1/4P)= 265.957MHz REFUSED set_ok=0 t=7374ms err={} | holds: TimePeriod=937 InputClockPeriod=3332 MemoryPart=BLS4G4D240FSB-2400 CLKFBOUT_MULT=8 DIVCLK_DIVIDE=3 CLKOUT0_DIVIDE=3 CasLatency=16 CasWriteLatency=12
# puts "MIGS_SUMMARY: range $lo..$hi accepted=$nacc refused=$nref"
MIGS_SUMMARY: range 833..940 accepted=3 refused=105
# puts "MIGS_ACCEPTED: $acc_list"
MIGS_ACCEPTED: 833 877 937
# close_project
# puts "MIGS_DONE"
MIGS_DONE
INFO: [Common 17-206] Exiting Vivado at Sun Sep 27 22:28:39 2026...
=== rc  : 0
=== end : 2026-09-27T22:28:39-06:00
