=== host: snoke  date: 2026-09-28T13:11:16-06:00
=== tree: 615db96
=== cmd : bash evidence/qwen9b/sr/sr11c_drift.sh rtl --audit
=== env : FABLE5_MODEL=unset
=== venv: /home/cah/.venv/bin/python (shipped venv (no interpreter named in cmd)): 3.12.3 numpy 2.4.6
SR11C_EXCLUDE evidence/qwen9b/sr/SR12_R2_RTL.md                                      standing: SR12 gate doc
SR11C_EXCLUDE evidence/qwen9b/sr/sr11c_drift.sh                                      standing: drift wrapper
SR11C_EXCLUDE evidence/qwen9b/sr/sr3c_drift.sh                                       standing: drift wrapper
SR11C_EXCLUDE evidence/qwen9b/sr/sr3c_hand_repairs.py                                standing: hand-repair script
SR11C_EXCLUDE tb/mvshim_b_stubs.sv                                                   standing: tb/ is SR13a's (incl. tb/tb_seq_chip.sv)
SR11C_EXCLUDE tb/scripts/gen_chat_i1_vectors.py                                      standing: tb/ is SR13a's (incl. tb/tb_seq_chip.sv)
SR11C_EXCLUDE tb/scripts/gen_seq_unit_vectors.py                                     standing: tb/ is SR13a's (incl. tb/tb_seq_chip.sv)
SR11C_EXCLUDE tb/seq_stub_mvchan.sv                                                  standing: tb/ is SR13a's (incl. tb/tb_seq_chip.sv)
SR11C_EXCLUDE tb/tb_burst_fabric.sv                                                  standing: tb/ is SR13a's (incl. tb/tb_seq_chip.sv)
SR11C_EXCLUDE tb/tb_layer_chan.sv                                                    standing: tb/ is SR13a's (incl. tb/tb_seq_chip.sv)
SR11C_EXCLUDE tb/tb_matvec_chan.sv                                                   standing: tb/ is SR13a's (incl. tb/tb_seq_chip.sv)
SR11C_EXCLUDE tb/tb_mvshim_b.sv                                                      standing: tb/ is SR13a's (incl. tb/tb_seq_chip.sv)
SR11C_EXCLUDE tb/tb_seq_chip.sv                                                      standing: tb/ is SR13a's (incl. tb/tb_seq_chip.sv)
SR11C_EXCLUDE tb/tb_seq_unit.sv                                                      standing: tb/ is SR13a's (incl. tb/tb_seq_chip.sv)
SR11C_EXCLUDE total 14 document(s)
=== NEXT_SESSION.md  (REPAIR 1, COLLATERAL 0)
  REPAIR         rtl/seq_movers.sv:589 -> rtl/seq_movers.sv:603   doc lines 1077   at-base yes
      base rtl/seq_movers.sv:589  ''
      work rtl/seq_movers.sv:589  'if (ext_owns) begin'
      work rtl/seq_movers.sv:603  ''   <- proposed
      doc:1077  ...   range and the `rtl/seq_movers.sv:589` pointer — both wrong in content at HEA...
=== docs/NVFP4_STUDY.md  (REPAIR 25, COLLATERAL 1)
  REPAIR         rtl/matvec_engine.sv:240 -> rtl/matvec_engine.sv:259   doc lines 293,295,539   at-base yes
      base rtl/matvec_engine.sv:240  "wire [1:0]  n_scale_beats = 2'((cfg_ng + 7'd31) >> 5);"
      work rtl/matvec_engine.sv:240  'logic             bank_sel;      // bank being FILLED'
      work rtl/matvec_engine.sv:259  "wire [1:0]  n_scale_beats = 2'((cfg_ng + 7'd31) >> 5);"   <- proposed
      doc:293  ...  `rtl/matvec_engine.sv:25-28`, `rtl/matvec_engine.sv:240`)....
      doc:295  ...  - a wider scale-beat count (`rtl/matvec_engine.sv:240`);...
  REPAIR         rtl/matvec_engine.sv:240 -> rtl/matvec_engine.sv:259   doc lines 293,295,539   at-base yes
      base rtl/matvec_engine.sv:240  "wire [1:0]  n_scale_beats = 2'((cfg_ng + 7'd31) >> 5);"
      work rtl/matvec_engine.sv:240  'logic             bank_sel;      // bank being FILLED'
      work rtl/matvec_engine.sv:259  "wire [1:0]  n_scale_beats = 2'((cfg_ng + 7'd31) >> 5);"   <- proposed
      doc:293  ...  `rtl/matvec_engine.sv:25-28`, `rtl/matvec_engine.sv:240`)....
      doc:295  ...  - a wider scale-beat count (`rtl/matvec_engine.sv:240`);...
  REPAIR         rtl/matvec_engine.sv:506-509 -> rtl/matvec_engine.sv:536-539   doc lines 296   at-base yes
      base rtl/matvec_engine.sv:506  ''
      work rtl/matvec_engine.sv:506  '// on every weight beat (SR12, B17.2), so it equals'
      work rtl/matvec_engine.sv:536  ''   <- proposed
      base end :509 '// (Until G3.3 this was a cfg_g64-selected PAIR (2i, 2i+1); mode 1 is' / work end :539 '// (Until G3.3 this was a cfg_g64-selected PAIR (2i, 2i+1); mode 1 is'
      doc:296  ...  - the two-scales-per-beat retire G3.3 removed (`rtl/matvec_engine.sv:506-509`);...
  REPAIR         rtl/matvec_engine.sv:176-179 -> rtl/matvec_engine.sv:179-182   doc lines 301,553   at-base yes
      base rtl/matvec_engine.sv:176  '// Scale buffer.  A row carries ceil(MAX_NG/32) scale beats of 32'
      work rtl/matvec_engine.sv:176  ');'
      work rtl/matvec_engine.sv:179  '// Scale buffer.  A row carries ceil(MAX_NG/32) scale beats of 32'   <- proposed
      base end :179 'localparam int NSCAL  = 32 * ((MAX_NG + 31) / 32);' / work end :182 'localparam int NSCAL  = 32 * ((MAX_NG + 31) / 32);'
      doc:301  ...    `rtl/matvec_engine.sv:176-179`). Restoring g64 takes NSCAL from 96 to...
      doc:553  ...  `rtl/matvec_engine.sv:176-179`). The last one widens the NSCAL:1 `sca...
  REPAIR         rtl/matvec_engine.sv:336 -> rtl/matvec_engine.sv:361   doc lines 494   at-base yes
      base rtl/matvec_engine.sv:336  "prod_q[k] <= 12'(wn * xv);"
      work rtl/matvec_engine.sv:336  '// nibble) and |x8| <= 128, so the product is in [-1016, 1024] and 12'
      work rtl/matvec_engine.sv:361  "prod_q[k] <= 12'(wn * xv);"   <- proposed
      doc:494  ...- The 128 products are 12-bit (`rtl/matvec_engine.sv:336`)....
  REPAIR         rtl/matvec_engine.sv:362 -> rtl/matvec_engine.sv:387   doc lines 496   at-base yes
      base rtl/matvec_engine.sv:362  "sum64_q[i] <= 13'(signed'(prod_q[2*i])) + 13'(signed'(prod_q[2*i+1]));"
      work rtl/matvec_engine.sv:362  'end'
      work rtl/matvec_engine.sv:387  "sum64_q[i] <= 13'(signed'(prod_q[2*i])) + 13'(signed'(prod_q[2*i+1]));"   <- proposed
      doc:496  ...  (`rtl/matvec_engine.sv:362`,...
  REPAIR         rtl/matvec_engine.sv:378 -> rtl/matvec_engine.sv:403   doc lines 497,538   at-base yes
      base rtl/matvec_engine.sv:378  "sum16_q[i] <= 15'(signed'(sum64_q[4*i]))   + 15'(signed'(sum64_q[4*i+1])"
      work rtl/matvec_engine.sv:378  'logic               b2_q;'
      work rtl/matvec_engine.sv:403  "sum16_q[i] <= 15'(signed'(sum64_q[4*i]))   + 15'(signed'(sum64_q[4*i+1])"   <- proposed
      doc:497  ...  `rtl/matvec_engine.sv:378`, `rtl/matvec_engine.sv:396`,...
      doc:538  ...s the 48 b `p_acc` | **D**, `evidence/qwen_next/nvfp4/n63_rung2_table.log:101-104`; tree `rtl/matvec_engine.sv:378`, `rtl/matvec_engine.sv:396`; `p_acc` `...
  REPAIR         rtl/matvec_engine.sv:396 -> rtl/matvec_engine.sv:421   doc lines 497,538   at-base yes
      base rtl/matvec_engine.sv:396  "sum4_q[i] <= 17'(signed'(sum16_q[4*i]))   + 17'(signed'(sum16_q[4*i+1]))"
      work rtl/matvec_engine.sv:396  "if (!rstn) v3_q <= 1'b0;"
      work rtl/matvec_engine.sv:421  "sum4_q[i] <= 17'(signed'(sum16_q[4*i]))   + 17'(signed'(sum16_q[4*i+1]))"   <- proposed
      doc:497  ...  `rtl/matvec_engine.sv:378`, `rtl/matvec_engine.sv:396`,...
      doc:538  ...`evidence/qwen_next/nvfp4/n63_rung2_table.log:101-104`; tree `rtl/matvec_engine.sv:378`, `rtl/matvec_engine.sv:396`; `p_acc` `rtl/matvec_engine.sv:531` |...
  REPAIR         rtl/matvec_engine.sv:417 -> rtl/matvec_engine.sv:442   doc lines 498   at-base yes
      base rtl/matvec_engine.sv:417  "acc_lo_q <= 18'(signed'(sum4_q[0])) + 18'(signed'(sum4_q[1]));"
      work rtl/matvec_engine.sv:417  'g4_q  <= g3_q;'
      work rtl/matvec_engine.sv:442  "acc_lo_q <= 18'(signed'(sum4_q[0])) + 18'(signed'(sum4_q[1]));"   <- proposed
      doc:498  ...  `rtl/matvec_engine.sv:417`)....
  REPAIR         rtl/matvec_engine.sv:431 -> rtl/matvec_engine.sv:456   doc lines 499   at-base yes
      base rtl/matvec_engine.sv:431  'if (v5_q) acc_bank_lo[b5_q][g5_q] <= acc_lo_q;'
      work rtl/matvec_engine.sv:431  'logic signed [17:0] acc_lo_q, acc_hi_q;'
      work rtl/matvec_engine.sv:456  'if (v5_q) acc_bank_lo[b5_q][g5_q] <= acc_lo_q;'   <- proposed
      doc:499  ...- Group sums are banked (`rtl/matvec_engine.sv:431`)....
  REPAIR         rtl/matvec_engine.sv:619 -> rtl/matvec_engine.sv:649   doc lines 501   at-base yes
      base rtl/matvec_engine.sv:619  'mac_m_q     <= scales_q[sc_idx];'
      work rtl/matvec_engine.sv:619  "pd_valid <= 1'b1;"
      work rtl/matvec_engine.sv:649  'mac_m_q     <= scales_q[sc_idx];'   <- proposed
      doc:501  ...  scale in two DSP48E2s (`rtl/matvec_engine.sv:619`,...
  REPAIR         rtl/matvec_engine.sv:628 -> rtl/matvec_engine.sv:658   doc lines 502   at-base yes
      base rtl/matvec_engine.sv:628  "pa_q      <= $signed({1'b0, mac_m_q}) * mac_lo_q;"
      work rtl/matvec_engine.sv:628  '// ---- scales_q ownership (S2)'
      work rtl/matvec_engine.sv:658  "pa_q      <= $signed({1'b0, mac_m_q}) * mac_lo_q;"   <- proposed
      doc:502  ...  `rtl/matvec_engine.sv:628`)....
  REPAIR         rtl/matvec_engine.sv:531 -> rtl/matvec_engine.sv:561   doc lines 504,538,541   at-base yes
      base rtl/matvec_engine.sv:531  'logic signed [47:0] p_acc;'
      work rtl/matvec_engine.sv:531  "assign r_last = r_active && (r_g + 7'd1 == cfg_ng);"
      work rtl/matvec_engine.sv:561  'logic signed [47:0] p_acc;'   <- proposed
      doc:504  ...  (`rtl/matvec_engine.sv:531`, `rtl/matvec_engine.sv:645`)....
      doc:538  ...table.log:101-104`; tree `rtl/matvec_engine.sv:378`, `rtl/matvec_engine.sv:396`; `p_acc` `rtl/matvec_engine.sv:531` |...
  REPAIR         rtl/matvec_engine.sv:645 -> rtl/matvec_engine.sv:675   doc lines 504   at-base yes
      base rtl/matvec_engine.sv:645  "if (sv_q) p_acc <= $signed(acc_keep) + 48'(ps_q);"
      work rtl/matvec_engine.sv:645  'mac_v_q <= r_active;'
      work rtl/matvec_engine.sv:675  "if (sv_q) p_acc <= $signed(acc_keep) + 48'(ps_q);"   <- proposed
      doc:504  ...  (`rtl/matvec_engine.sv:531`, `rtl/matvec_engine.sv:645`)....
  REPAIR         rtl/matvec_engine.sv:549-554 -> rtl/matvec_engine.sv:579-584   doc lines 506   at-base yes
      base rtl/matvec_engine.sv:549  "wire [47:0] rnd_c   = (cfg_sh == 6'd0) ? 48'd0 : (48'd1 << (cfg_sh - 6'd"
      work rtl/matvec_engine.sv:549  'logic [ROW_W-1:0]   mac_row_q;'
      work rtl/matvec_engine.sv:579  "wire [47:0] rnd_c   = (cfg_sh == 6'd0) ? 48'd0 : (48'd1 << (cfg_sh - 6'd"   <- proposed
      base end :554 'wire signed [47:0] rr_shift = rr_mag >>> cfg_sh;   // [47:32] dropped' / work end :584 'wire signed [47:0] rr_shift = rr_mag >>> cfg_sh;   // [47:32] dropped'
      doc:506  ...  (`rtl/matvec_engine.sv:549-554`, `rtl/matvec_engine.sv:652`)....
  REPAIR         rtl/matvec_engine.sv:652 -> rtl/matvec_engine.sv:682   doc lines 506   at-base yes
      base rtl/matvec_engine.sv:652  "rr_mag  <= $signed(acc_cc + rnd_c + {47'd0, acc_neg});"
      work rtl/matvec_engine.sv:652  'mac_row_q   <= r_row;'
      work rtl/matvec_engine.sv:682  "rr_mag  <= $signed(acc_cc + rnd_c + {47'd0, acc_neg});"   <- proposed
      doc:506  ...  (`rtl/matvec_engine.sv:549-554`, `rtl/matvec_engine.sv:652`)....
  REPAIR         rtl/matvec_engine.sv:333-336 -> rtl/matvec_engine.sv:358-361   doc lines 537   at-base yes
      base rtl/matvec_engine.sv:333  "wn = (k % 2 == 0) ? signed'(beat_q[(k/2)*8 +: 4])"
      work rtl/matvec_engine.sv:333  ''
      work rtl/matvec_engine.sv:358  "wn = (k % 2 == 0) ? signed'(beat_q[(k/2)*8 +: 4])"   <- proposed
      base end :336 "prod_q[k] <= 12'(wn * xv);" / work end :361 "prod_q[k] <= 12'(wn * xv);"
      doc:537  ...de**, in place of today's sign-extended nibble, where any 4-bit pattern is a legal INT4 (`rtl/matvec_engine.sv:333-336`) | 128 LUT decodes per beat per channe...
  REPAIR         rtl/matvec_engine.sv:378 -> rtl/matvec_engine.sv:403   doc lines 497,538   at-base yes
      base rtl/matvec_engine.sv:378  "sum16_q[i] <= 15'(signed'(sum64_q[4*i]))   + 15'(signed'(sum64_q[4*i+1])"
      work rtl/matvec_engine.sv:378  'logic               b2_q;'
      work rtl/matvec_engine.sv:403  "sum16_q[i] <= 15'(signed'(sum64_q[4*i]))   + 15'(signed'(sum64_q[4*i+1])"   <- proposed
      doc:497  ...  `rtl/matvec_engine.sv:378`, `rtl/matvec_engine.sv:396`,...
      doc:538  ...s the 48 b `p_acc` | **D**, `evidence/qwen_next/nvfp4/n63_rung2_table.log:101-104`; tree `rtl/matvec_engine.sv:378`, `rtl/matvec_engine.sv:396`; `p_acc` `...
  REPAIR         rtl/matvec_engine.sv:396 -> rtl/matvec_engine.sv:421   doc lines 497,538   at-base yes
      base rtl/matvec_engine.sv:396  "sum4_q[i] <= 17'(signed'(sum16_q[4*i]))   + 17'(signed'(sum16_q[4*i+1]))"
      work rtl/matvec_engine.sv:396  "if (!rstn) v3_q <= 1'b0;"
      work rtl/matvec_engine.sv:421  "sum4_q[i] <= 17'(signed'(sum16_q[4*i]))   + 17'(signed'(sum16_q[4*i+1]))"   <- proposed
      doc:497  ...  `rtl/matvec_engine.sv:378`, `rtl/matvec_engine.sv:396`,...
      doc:538  ...`evidence/qwen_next/nvfp4/n63_rung2_table.log:101-104`; tree `rtl/matvec_engine.sv:378`, `rtl/matvec_engine.sv:396`; `p_acc` `rtl/matvec_engine.sv:531` |...
  REPAIR         rtl/matvec_engine.sv:531 -> rtl/matvec_engine.sv:561   doc lines 504,538,541   at-base yes
      base rtl/matvec_engine.sv:531  'logic signed [47:0] p_acc;'
      work rtl/matvec_engine.sv:531  "assign r_last = r_active && (r_g + 7'd1 == cfg_ng);"
      work rtl/matvec_engine.sv:561  'logic signed [47:0] p_acc;'   <- proposed
      doc:504  ...  (`rtl/matvec_engine.sv:531`, `rtl/matvec_engine.sv:645`)....
      doc:538  ...table.log:101-104`; tree `rtl/matvec_engine.sv:378`, `rtl/matvec_engine.sv:396`; `p_acc` `rtl/matvec_engine.sv:531` |...
  REPAIR         rtl/matvec_engine.sv:240 -> rtl/matvec_engine.sv:259   doc lines 293,295,539   at-base yes
      base rtl/matvec_engine.sv:240  "wire [1:0]  n_scale_beats = 2'((cfg_ng + 7'd31) >> 5);"
      work rtl/matvec_engine.sv:240  'logic             bank_sel;      // bank being FILLED'
      work rtl/matvec_engine.sv:259  "wire [1:0]  n_scale_beats = 2'((cfg_ng + 7'd31) >> 5);"   <- proposed
      doc:293  ...  `rtl/matvec_engine.sv:25-28`, `rtl/matvec_engine.sv:240`)....
      doc:295  ...  - a wider scale-beat count (`rtl/matvec_engine.sv:240`);...
  REPAIR         rtl/matvec_engine.sv:438 -> rtl/matvec_engine.sv:463   doc lines 539   at-base yes
      base rtl/matvec_engine.sv:438  'logic [NSCAL-1:0][15:0] scales_q;'
      work rtl/matvec_engine.sv:438  'v5_q  <= v4_q;'
      work rtl/matvec_engine.sv:463  'logic [NSCAL-1:0][15:0] scales_q;'   <- proposed
      doc:539  ... become 4 bits. The scale bank grows from NSCAL = 96 uint16 (`rtl/matvec_engine.sv:179`, `rtl/matvec_engine.sv:438`) to 768 bytes. Its read side, today th...
  REPAIR         rtl/matvec_engine.sv:202 -> rtl/matvec_engine.sv:219   doc lines 541   at-base yes
      base rtl/matvec_engine.sv:202  '(* ram_style = "distributed" *) logic [31:0] x_mem [32][MAX_NG];'
      work rtl/matvec_engine.sv:202  '// Read: full 1024-bit line for the current group.'
      work rtl/matvec_engine.sv:219  '(* ram_style = "distributed" *) logic [31:0] x_mem [32][MAX_NG];'   <- proposed
      doc:541  ...P4 only: the activation lane** | The engine's activation memory holds 128 int8 per line (`rtl/matvec_engine.sv:202`). For NVFP4 activations it would hold ...
  REPAIR         rtl/matvec_engine.sv:531 -> rtl/matvec_engine.sv:561   doc lines 504,538,541   at-base yes
      base rtl/matvec_engine.sv:531  'logic signed [47:0] p_acc;'
      work rtl/matvec_engine.sv:531  "assign r_last = r_active && (r_g + 7'd1 == cfg_ng);"
      work rtl/matvec_engine.sv:561  'logic signed [47:0] p_acc;'   <- proposed
      doc:504  ...  (`rtl/matvec_engine.sv:531`, `rtl/matvec_engine.sv:645`)....
      doc:538  ...table.log:101-104`; tree `rtl/matvec_engine.sv:378`, `rtl/matvec_engine.sv:396`; `p_acc` `rtl/matvec_engine.sv:531` |...
  REPAIR         rtl/matvec_engine.sv:176-179 -> rtl/matvec_engine.sv:179-182   doc lines 301,553   at-base yes
      base rtl/matvec_engine.sv:176  '// Scale buffer.  A row carries ceil(MAX_NG/32) scale beats of 32'
      work rtl/matvec_engine.sv:176  ');'
      work rtl/matvec_engine.sv:179  '// Scale buffer.  A row carries ceil(MAX_NG/32) scale beats of 32'   <- proposed
      base end :179 'localparam int NSCAL  = 32 * ((MAX_NG + 31) / 32);' / work end :182 'localparam int NSCAL  = 32 * ((MAX_NG + 31) / 32);'
      doc:301  ...    `rtl/matvec_engine.sv:176-179`). Restoring g64 takes NSCAL from 96 to...
      doc:553  ...  `rtl/matvec_engine.sv:176-179`). The last one widens the NSCAL:1 `sca...
  COLLATERAL     rtl/matvec_engine.sv:179 -> rtl/matvec_engine.sv:182   doc lines 539   at-base yes
      base rtl/matvec_engine.sv:179  'localparam int NSCAL  = 32 * ((MAX_NG + 31) / 32);'
      work rtl/matvec_engine.sv:179  '// Scale buffer.  A row carries ceil(MAX_NG/32) scale beats of 32'
      work rtl/matvec_engine.sv:182  'localparam int NSCAL  = 32 * ((MAX_NG + 31) / 32);'   <- proposed
      doc:539  .../matvec_engine.sv:240`) must become 4 bits. The scale bank grows from NSCAL = 96 uint16 (`rtl/matvec_engine.sv:179`, `rtl/matvec_engine.sv:438`) to 768 by...
=== docs/QWEN35_2BOARD_FEASIBILITY.md  (REPAIR 17, COLLATERAL 0)
  REPAIR         rtl/matvec_chan.sv:545 -> rtl/matvec_chan.sv:564   doc lines 416,1770   at-base yes
      base rtl/matvec_chan.sv:545  'endcase'
      work rtl/matvec_chan.sv:545  'rf_mem[rf_wp] <= rf_din;'
      work rtl/matvec_chan.sv:564  'endcase'   <- proposed
      doc:416  ...the X window is sized to match, `rtl/matvec_chan.sv:545`...
      doc:1770  ...indow | `rtl/matvec_engine.sv:142`, `rtl/matvec_engine.sv:150`, `rtl/matvec_chan.sv:18`, `rtl/matvec_chan.sv:545`, `sw/hwmap.py:85` |...
  REPAIR         rtl/matvec_engine.sv:202 -> rtl/matvec_engine.sv:219   doc lines 435   at-base yes
      base rtl/matvec_engine.sv:202  '(* ram_style = "distributed" *) logic [31:0] x_mem [32][MAX_NG];'
      work rtl/matvec_engine.sv:202  '// Read: full 1024-bit line for the current group.'
      work rtl/matvec_engine.sv:219  '(* ram_style = "distributed" *) logic [31:0] x_mem [32][MAX_NG];'   <- proposed
      doc:435  ...array at `rtl/matvec_engine.sv:202`, and the 12-bit `xptr`/`wb_ptr`. This ...
  REPAIR-SUSPECT rtl/seq_unit.sv:337-338 -> rtl/seq_unit.sv:346-347   doc lines 442,1771   at-base NO
      base rtl/seq_unit.sv:337  '// R-b: the EMB row size is RUNTIME (CSR 0x60 EMBLOG2), not a localparam'
      work rtl/seq_unit.sv:337  '// hwmap-derived <vec>.caps.hex.'
      work rtl/seq_unit.sv:346  '// R-b: the EMB row size is RUNTIME (CSR 0x60 EMBLOG2), not a localparam'   <- proposed
      base end :338 '// Reset 11 = 2048 B = the 0.8B H=1024 row, so a host that never writes' / work end :347 '// Reset 11 = 2048 B = the 0.8B H=1024 row, so a host that never writes'
      doc:442  ...`rtl/seq_unit.sv:337-338`:...
      doc:1771  ...| EMBLOG2's field, its guard and its shift | `rtl/seq_unit.sv:337-338`, `rtl/seq_unit.sv:1296-1300`, `rtl/seq...
  REPAIR-SUSPECT rtl/seq_unit.sv:903-904 -> rtl/seq_unit.sv:933-934   doc lines 452,721,1771   at-base NO
      base rtl/seq_unit.sv:903  'endcase'
      work rtl/seq_unit.sv:903  'wire [31:0] mv_wr_addr, mv_wr_data, mv_rd_addr;'
      work rtl/seq_unit.sv:933  'endcase'   <- proposed
      base end :904 'endfunction' / work end :934 'endfunction'
      doc:452  ...`rtl/seq_unit.sv:903-904`:...
      doc:721  ...  `rtl/seq_unit.sv:903-904`, quoted in §2.6 — and it is hard-wired...
  REPAIR         rtl/seq_unit.sv:269-272 -> rtl/seq_unit.sv:271-274   doc lines 622,1772   at-base yes
      base rtl/seq_unit.sv:269  '// no control depends on it.  Unbuilt channels tie 0.'
      work rtl/seq_unit.sv:269  "// matvec_chan c's mv_busy_bm (its STATUS busy bit, on aclk, behind"
      work rtl/seq_unit.sv:271  '// no control depends on it.  Unbuilt channels tie 0.'   <- proposed
      base end :272 'output logic        seq_busy,' / work end :274 'output logic        seq_busy,'
      doc:622  ...`rtl/seq_unit.sv:269-272`:...
      doc:1772  ... SEQ opcode set, MVGO's static address, the indirection refusal, the one CSR read path | `rtl/seq_unit.sv:269-272`, `rtl/seq_unit.sv:1053-1055`, `rtl/seq...
  REPAIR         rtl/seq_unit.sv:1343-1344 -> rtl/seq_unit.sv:1375-1376   doc lines 648,1772   at-base yes
      base rtl/seq_unit.sv:1343  '// delayed busy_r is still low and a host read comes long after the'
      work rtl/seq_unit.sv:1343  'csr_wdata[4:0], EMBLOG2_MIN, EMBLOG2_MAX);'
      work rtl/seq_unit.sv:1375  '// delayed busy_r is still low and a host read comes long after the'   <- proposed
      base end :1344 '// delayed window has closed, so the delay changes no count.' / work end :1376 '// delayed window has closed, so the delay changes no count.'
      doc:648  ...  `rtl/seq_unit.sv:1343-1344`:...
      doc:1772  ...ath | `rtl/seq_unit.sv:269-272`, `rtl/seq_unit.sv:1053-1055`, `rtl/seq_unit.sv:767-768`, `rtl/seq_unit.sv:1343-1344` |...
  REPAIR         rtl/seq_unit.sv:767-768 -> rtl/seq_unit.sv:787-788   doc lines 704,1772   at-base yes
      base rtl/seq_unit.sv:767  'begin v_bad=1; v_code=E_IND; end'
      work rtl/seq_unit.sv:767  'logic  [7:0] v_code;'
      work rtl/seq_unit.sv:787  'begin v_bad=1; v_code=E_IND; end'   <- proposed
      base end :768 "else if (r_xrf4 >= 4'd8)         begin v_bad=1; v_code=E_XRFIDX; end" / work end :788 "else if (r_xrf4 >= 4'd8)         begin v_bad=1; v_code=E_XRFIDX; end"
      doc:704  ...**indirection is refused at decode**, `rtl/seq_unit.sv:767-768`:...
      doc:1772  ...refusal, the one CSR read path | `rtl/seq_unit.sv:269-272`, `rtl/seq_unit.sv:1053-1055`, `rtl/seq_unit.sv:767-768`, `rtl/seq_unit.sv:1343-1344` |...
  REPAIR-SUSPECT rtl/seq_unit.sv:903-904 -> rtl/seq_unit.sv:933-934   doc lines 452,721,1771   at-base NO
      base rtl/seq_unit.sv:903  'endcase'
      work rtl/seq_unit.sv:903  'wire [31:0] mv_wr_addr, mv_wr_data, mv_rd_addr;'
      work rtl/seq_unit.sv:933  'endcase'   <- proposed
      base end :904 'endfunction' / work end :934 'endfunction'
      doc:452  ...`rtl/seq_unit.sv:903-904`:...
      doc:721  ...  `rtl/seq_unit.sv:903-904`, quoted in §2.6 — and it is hard-wired...
  REPAIR         rtl/seq_unit.sv:768 -> rtl/seq_unit.sv:788   doc lines 756   at-base yes
      base rtl/seq_unit.sv:768  "else if (r_xrf4 >= 4'd8)         begin v_bad=1; v_code=E_XRFIDX; end"
      work rtl/seq_unit.sv:768  '// SR12 (SEQ_ISA v2.3 B17.2) range rules, err 0x06.  Written as ROOM'
      work rtl/seq_unit.sv:788  "else if (r_xrf4 >= 4'd8)         begin v_bad=1; v_code=E_XRFIDX; end"   <- proposed
      doc:756  ...> at `rtl/seq_unit.sv:768`....
  REPAIR         rtl/matvec_chan.sv:545 -> rtl/matvec_chan.sv:564   doc lines 416,1770   at-base yes
      base rtl/matvec_chan.sv:545  'endcase'
      work rtl/matvec_chan.sv:545  'rf_mem[rf_wp] <= rf_din;'
      work rtl/matvec_chan.sv:564  'endcase'   <- proposed
      doc:416  ...the X window is sized to match, `rtl/matvec_chan.sv:545`...
      doc:1770  ...indow | `rtl/matvec_engine.sv:142`, `rtl/matvec_engine.sv:150`, `rtl/matvec_chan.sv:18`, `rtl/matvec_chan.sv:545`, `sw/hwmap.py:85` |...
  REPAIR-SUSPECT rtl/seq_unit.sv:337-338 -> rtl/seq_unit.sv:346-347   doc lines 442,1771   at-base NO
      base rtl/seq_unit.sv:337  '// R-b: the EMB row size is RUNTIME (CSR 0x60 EMBLOG2), not a localparam'
      work rtl/seq_unit.sv:337  '// hwmap-derived <vec>.caps.hex.'
      work rtl/seq_unit.sv:346  '// R-b: the EMB row size is RUNTIME (CSR 0x60 EMBLOG2), not a localparam'   <- proposed
      base end :338 '// Reset 11 = 2048 B = the 0.8B H=1024 row, so a host that never writes' / work end :347 '// Reset 11 = 2048 B = the 0.8B H=1024 row, so a host that never writes'
      doc:442  ...`rtl/seq_unit.sv:337-338`:...
      doc:1771  ...| EMBLOG2's field, its guard and its shift | `rtl/seq_unit.sv:337-338`, `rtl/seq_unit.sv:1296-1300`, `rtl/seq...
  REPAIR-SUSPECT rtl/seq_unit.sv:1296-1300 -> rtl/seq_unit.sv:1328-1332   doc lines 1771   at-base NO
      base rtl/seq_unit.sv:1296  "10'h003: seq_base[33:32] <= csr_wdata[1:0];"
      work rtl/seq_unit.sv:1296  "bulk_left <= bulk_left - 24'd1;"
      work rtl/seq_unit.sv:1328  "10'h003: seq_base[33:32] <= csr_wdata[1:0];"   <- proposed
      base end :1300 "10'h018: begin                             // 0x60 EMBLOG2" / work end :1332 "10'h018: begin                             // 0x60 EMBLOG2"
      doc:1771  ...| EMBLOG2's field, its guard and its shift | `rtl/seq_unit.sv:337-338`, `rtl/seq_unit.sv:1296-1300`, `rtl/seq_unit.sv:903-904`, `sw/hwmap....
  REPAIR-SUSPECT rtl/seq_unit.sv:903-904 -> rtl/seq_unit.sv:933-934   doc lines 452,721,1771   at-base NO
      base rtl/seq_unit.sv:903  'endcase'
      work rtl/seq_unit.sv:903  'wire [31:0] mv_wr_addr, mv_wr_data, mv_rd_addr;'
      work rtl/seq_unit.sv:933  'endcase'   <- proposed
      base end :904 'endfunction' / work end :934 'endfunction'
      doc:452  ...`rtl/seq_unit.sv:903-904`:...
      doc:721  ...  `rtl/seq_unit.sv:903-904`, quoted in §2.6 — and it is hard-wired...
  REPAIR         rtl/seq_unit.sv:269-272 -> rtl/seq_unit.sv:271-274   doc lines 622,1772   at-base yes
      base rtl/seq_unit.sv:269  '// no control depends on it.  Unbuilt channels tie 0.'
      work rtl/seq_unit.sv:269  "// matvec_chan c's mv_busy_bm (its STATUS busy bit, on aclk, behind"
      work rtl/seq_unit.sv:271  '// no control depends on it.  Unbuilt channels tie 0.'   <- proposed
      base end :272 'output logic        seq_busy,' / work end :274 'output logic        seq_busy,'
      doc:622  ...`rtl/seq_unit.sv:269-272`:...
      doc:1772  ... SEQ opcode set, MVGO's static address, the indirection refusal, the one CSR read path | `rtl/seq_unit.sv:269-272`, `rtl/seq_unit.sv:1053-1055`, `rtl/seq...
  REPAIR         rtl/seq_unit.sv:1053-1055 -> rtl/seq_unit.sv:1083-1085   doc lines 1772   at-base yes
      base rtl/seq_unit.sv:1053  '// 16-bit scratch addressing (SEQ_ISA v2.0): addr_lo'
      work rtl/seq_unit.sv:1053  'xrf[r_tgt[4:2]] <= imm_res[17:0];'
      work rtl/seq_unit.sv:1083  '// 16-bit scratch addressing (SEQ_ISA v2.0): addr_lo'   <- proposed
      base end :1055 '// costs nothing in the record — only in the width' / work end :1085 '// costs nothing in the record — only in the width'
      doc:1772  ...tic address, the indirection refusal, the one CSR read path | `rtl/seq_unit.sv:269-272`, `rtl/seq_unit.sv:1053-1055`, `rtl/seq_unit.sv:767-768`, `rtl/seq_u...
  REPAIR         rtl/seq_unit.sv:767-768 -> rtl/seq_unit.sv:787-788   doc lines 704,1772   at-base yes
      base rtl/seq_unit.sv:767  'begin v_bad=1; v_code=E_IND; end'
      work rtl/seq_unit.sv:767  'logic  [7:0] v_code;'
      work rtl/seq_unit.sv:787  'begin v_bad=1; v_code=E_IND; end'   <- proposed
      base end :768 "else if (r_xrf4 >= 4'd8)         begin v_bad=1; v_code=E_XRFIDX; end" / work end :788 "else if (r_xrf4 >= 4'd8)         begin v_bad=1; v_code=E_XRFIDX; end"
      doc:704  ...**indirection is refused at decode**, `rtl/seq_unit.sv:767-768`:...
      doc:1772  ...refusal, the one CSR read path | `rtl/seq_unit.sv:269-272`, `rtl/seq_unit.sv:1053-1055`, `rtl/seq_unit.sv:767-768`, `rtl/seq_unit.sv:1343-1344` |...
  REPAIR         rtl/seq_unit.sv:1343-1344 -> rtl/seq_unit.sv:1375-1376   doc lines 648,1772   at-base yes
      base rtl/seq_unit.sv:1343  '// delayed busy_r is still low and a host read comes long after the'
      work rtl/seq_unit.sv:1343  'csr_wdata[4:0], EMBLOG2_MIN, EMBLOG2_MAX);'
      work rtl/seq_unit.sv:1375  '// delayed busy_r is still low and a host read comes long after the'   <- proposed
      base end :1344 '// delayed window has closed, so the delay changes no count.' / work end :1376 '// delayed window has closed, so the delay changes no count.'
      doc:648  ...  `rtl/seq_unit.sv:1343-1344`:...
      doc:1772  ...ath | `rtl/seq_unit.sv:269-272`, `rtl/seq_unit.sv:1053-1055`, `rtl/seq_unit.sv:767-768`, `rtl/seq_unit.sv:1343-1344` |...
=== docs/QWEN35_NEXT_FEASIBILITY.md  (REPAIR 8, COLLATERAL 0)
  REPAIR         rtl/seq_unit.sv:167 -> rtl/seq_unit.sv:169   doc lines 339   at-base yes
      base rtl/seq_unit.sv:167  '// 5<<16 .. 7<<16 is a decode HOLE — an AXI segment must be'
      work rtl/seq_unit.sv:167  '// m_axib burst map (RUNG3 S4 + R-b + G3.1): mvchan_c at (c+1)<<16,'
      work rtl/seq_unit.sv:169  '// 5<<16 .. 7<<16 is a decode HOLE — an AXI segment must be'   <- proposed
      doc:339  ...doubles the scratch BRAM and needs `LAYB_BASE` (`rtl/seq_unit.sv:167`) moved to...
  REPAIR         rtl/seq_unit.sv:828 -> rtl/seq_unit.sv:856   doc lines 448   at-base yes
      base rtl/seq_unit.sv:828  'I_IDLE, I_SYNC, I_SYNCW, I_FETCH, I_EXEC,'
      work rtl/seq_unit.sv:828  "if ((r_flags != 8'd0) && (r_flags != 8'd1))"
      work rtl/seq_unit.sv:856  'I_IDLE, I_SYNC, I_SYNCW, I_FETCH, I_EXEC,'   <- proposed
      doc:448  ...hazard against the ARG shadow declared at `rtl/seq_unit.sv:828` — and a bit...
  REPAIR         rtl/matvec_engine.sv:192 -> rtl/matvec_engine.sv:209   doc lines 503   at-base yes
      base rtl/matvec_engine.sv:192  '// reaches them on either path: the burst path answers SLVERR outside th'
      work rtl/matvec_engine.sv:192  '// (rtl/matvec_chan.sv addra = m_row[11:0]) with no logic on that path.'
      work rtl/matvec_engine.sv:209  '// reaches them on either path: the burst path answers SLVERR outside th'   <- proposed
      doc:503  ...`rtl/matvec_engine.sv:192` `parameter int MAX_NG = 48, // max gro...
  REPAIR         `:323-327` -> `:336-340`   doc lines 505   at-base yes
      base rtl/matvec_chan.sv:323  'case (awaddr_q)'
      work rtl/matvec_chan.sv:323  "csr_static_ng <= '0; csr_static_sh <= '0; csr_static_nrows <= '0;"
      work rtl/matvec_chan.sv:336  'case (awaddr_q)'   <- proposed
      base end :327 "10'h004: csr_static_wbeats <= wdata_q;                // WBEATS" / work end :340 "10'h004: csr_static_wbeats <= wdata_q;                // WBEATS"
      doc:505  ...(`rtl/matvec_chan.sv:18`, decoded at `:323-327`) which has **exactly 2 spare  <!--cites...
  REPAIR         rtl/matvec_chan.sv:594-595 -> rtl/matvec_chan.sv:613-614   doc lines 534   at-base yes
      base rtl/matvec_chan.sv:594  'case (wstate)'
      work rtl/matvec_chan.sv:594  ''
      work rtl/matvec_chan.sv:613  'case (wstate)'   <- proposed
      base end :595 'W_IDLE:' / work end :614 'W_IDLE:'
      doc:534  ...> `rtl/matvec_chan.sv:594-595` hard-wires exactly 6 KiB —  <!--cites:...
  REPAIR         rtl/matvec_engine.sv:292-293 -> rtl/matvec_engine.sv:312-313   doc lines 546   at-base yes
      base rtl/matvec_engine.sv:292  '// csr_static-derived operands that are false-pathed into ui_clk'
      work rtl/matvec_engine.sv:292  'assign s_ready = busy && !row_start_blocked && !scale_blocked;'
      work rtl/matvec_engine.sv:312  '// csr_static-derived operands that are false-pathed into ui_clk'   <- proposed
      base end :293 '// (synth/constraints/fable5_cdc.xdc:14).' / work end :313 '// (synth/constraints/fable5_cdc.xdc:14).'
      doc:546  ...> `rtl/matvec_engine.sv:292-293` is  <!--cites:noquote-->...
  REPAIR         rtl/seq_unit.sv:904-905 -> rtl/seq_unit.sv:934-935   doc lines 579,905   at-base yes
      base rtl/seq_unit.sv:904  'endfunction'
      work rtl/seq_unit.sv:904  ''
      work rtl/seq_unit.sv:934  'endfunction'   <- proposed
      base end :905 '' / work end :935 ''
      doc:579  ...The row address is a **pure barrel shift** — `rtl/seq_unit.sv:904-905`:...
      doc:905  ...embedding base from the EMB record itself (`rtl/seq_unit.sv:904-905`), so this...
  REPAIR         rtl/seq_unit.sv:904-905 -> rtl/seq_unit.sv:934-935   doc lines 579,905   at-base yes
      base rtl/seq_unit.sv:904  'endfunction'
      work rtl/seq_unit.sv:904  ''
      work rtl/seq_unit.sv:934  'endfunction'   <- proposed
      base end :905 '' / work end :935 ''
      doc:579  ...The row address is a **pure barrel shift** — `rtl/seq_unit.sv:904-905`:...
      doc:905  ...embedding base from the EMB record itself (`rtl/seq_unit.sv:904-905`), so this...
=== docs/SEQ_ISA.md  (REPAIR 12, COLLATERAL 0)
  REPAIR         rtl/seq_unit.sv:285-290 -> rtl/seq_unit.sv:287-292   doc lines 485   at-base yes
      base rtl/seq_unit.sv:285  "localparam logic [3:0] IND_NONE = 4'h0, IND_ADD = 4'h1, IND_SUB = 4'h2;"
      work rtl/seq_unit.sv:285  "OP_HALT  = 8'h0A, OP_LDC  = 8'h0B, OP_XOP  = 8'h0C;"
      work rtl/seq_unit.sv:287  "localparam logic [3:0] IND_NONE = 4'h0, IND_ADD = 4'h1, IND_SUB = 4'h2;"   <- proposed
      base end :290 '// L_SWIN (0x018) is deliberately absent: no seq_unit path streams the' / work end :292 '// L_SWIN (0x018) is deliberately absent: no seq_unit path streams the'
      doc:485  ...0x01..0x12 are raised in rtl/seq_unit.sv:285-290 (G3.4 fix round 1 added...
  REPAIR         rtl/seq_unit.sv:284-290 -> rtl/seq_unit.sv:286-292   doc lines 488   at-base yes
      base rtl/seq_unit.sv:284  ''
      work rtl/seq_unit.sv:284  "OP_AMAXL = 8'h07, OP_JMP  = 8'h08, OP_FENCE= 8'h09,"
      work rtl/seq_unit.sv:286  ''   <- proposed
      base end :290 '// L_SWIN (0x018) is deliberately absent: no seq_unit path streams the' / work end :292 '// L_SWIN (0x018) is deliberately absent: no seq_unit path streams the'
      doc:488  ...rtl/seq_unit.sv:284-290); 0x12 and 0x20..0x23...
  REPAIR-SUSPECT rtl/seq_movers.sv:193-197 -> rtl/seq_movers.sv:202-206   doc lines 489   at-base NO
      base rtl/seq_movers.sv:193  "localparam logic [7:0] E_AXI      = 8'h12;   // m_axib RRESP/BRESP != OK"
      work rtl/seq_movers.sv:193  '// window sizes, in 32-bit words (sim-only bounds checks, S(interface))'
      work rtl/seq_movers.sv:202  "localparam logic [7:0] E_AXI      = 8'h12;   // m_axib RRESP/BRESP != OK"   <- proposed
      base end :197 "localparam logic [7:0] E_MOVER_TMO= 8'h23;   // mover stream stalled" / work end :206 "localparam logic [7:0] E_MOVER_TMO= 8'h23;   // mover stream stalled"
      doc:489  ...also in rtl/seq_movers.sv:193-197. sw/hwmap.py:298-319 (SEQ_ERR) carries...
  REPAIR         rtl/seq_unit.sv:767-775 -> rtl/seq_unit.sv:787-795   doc lines 695   at-base yes
      base rtl/seq_unit.sv:767  'begin v_bad=1; v_code=E_IND; end'
      work rtl/seq_unit.sv:767  'logic  [7:0] v_code;'
      work rtl/seq_unit.sv:787  'begin v_bad=1; v_code=E_IND; end'   <- proposed
      base end :775 "if (r_flags != 8'd0)             begin v_bad=1; v_code=E_FLAGS; end" / work end :795 "if (r_flags != 8'd0)             begin v_bad=1; v_code=E_FLAGS; end"
      doc:695  ...    rtl/seq_unit.sv:767-775 does not look at MOVX target at all....
  REPAIR         rtl/seq_unit.sv:791 -> rtl/seq_unit.sv:817   doc lines 713   at-base yes
      base rtl/seq_unit.sv:791  'begin v_bad=1; v_code=E_IND; end'
      work rtl/seq_unit.sv:791  "else if ((r_op == OP_CSRWR) && (r_tgt[15:12] == 4'h1)"
      work rtl/seq_unit.sv:817  'begin v_bad=1; v_code=E_IND; end'   <- proposed
      doc:713  ...1. JMP BOUND, off by one — ALREADY FIXED. rtl/seq_unit.sv:791 faults when...
  REPAIR         rtl/matvec_chan.sv:306 -> rtl/matvec_chan.sv:318   doc lines 723   at-base yes
      base rtl/matvec_chan.sv:306  "s_axil_bvalid <= 1'b0; s_axil_bresp <= 2'b00;"
      work rtl/matvec_chan.sv:306  'logic        res_bsel, res_bsel_d1, res_bsel_d2;'
      work rtl/matvec_chan.sv:318  "s_axil_bvalid <= 1'b0; s_axil_bresp <= 2'b00;"   <- proposed
      doc:723  ...   (13 bits) while rtl/matvec_chan.sv:306 latches `wdata_q[27:12]` into a...
  REPAIR         rtl/seq_unit.sv:1354 -> rtl/seq_unit.sv:1386   doc lines 1357   at-base yes
      base rtl/seq_unit.sv:1354  '(ist == I_EXEC) && !v_bad && (r_op == OP_EMB),'
      work rtl/seq_unit.sv:1354  'end'
      work rtl/seq_unit.sv:1386  '(ist == I_EXEC) && !v_bad && (r_op == OP_EMB),'   <- proposed
      doc:1357  ...                         OP_EMB, rtl/seq_unit.sv:1354, taken before the...
  REPAIR         rtl/seq_unit.sv:1086-1088 -> rtl/seq_unit.sv:1118-1120   doc lines 1358   at-base yes
      base rtl/seq_unit.sv:1086  'if (emb_a[0]) begin'
      work rtl/seq_unit.sv:1086  '// of what latches it.'
      work rtl/seq_unit.sv:1118  'if (emb_a[0]) begin'   <- proposed
      base end :1088 'ist <= I_ERR;' / work end :1120 'ist <= I_ERR;'
      doc:1358  ...                         alignment check at rtl/seq_unit.sv:1086-1088 —...
  REPAIR         rtl/seq_movers.sv:241 -> rtl/seq_movers.sv:255   doc lines 1470   at-base yes
      base rtl/seq_movers.sv:241  'logic [3:0]  chan_pend;'
      work rtl/seq_movers.sv:241  'logic [23:0] beats_q;'
      work rtl/seq_movers.sv:255  'logic [3:0]  chan_pend;'   <- proposed
      doc:1470  ...            mover's chan_pend[c] (`rtl/seq_movers.sv:241`; set by a...
  REPAIR         rtl/seq_movers.sv:711 -> rtl/seq_movers.sv:729   doc lines 1471   at-base yes
      base rtl/seq_movers.sv:711  "chan_pend[chan_q] <= 1'b1;"
      work rtl/seq_movers.sv:711  'X_STAT:  if (rd_fire) st <= X_STATW;'
      work rtl/seq_movers.sv:729  "chan_pend[chan_q] <= 1'b1;"   <- proposed
      doc:1471  ...            no-wait MVGO at `rtl/seq_movers.sv:711`, cleared when its poll...
  REPAIR         rtl/seq_movers.sv:736 -> rtl/seq_movers.sv:754   doc lines 1472   at-base yes
      base rtl/seq_movers.sv:736  "chan_pend[chan_q] <= 1'b0;"
      work rtl/seq_movers.sv:736  '// C2: never poll before the doorbell has certainly propagated.'
      work rtl/seq_movers.sv:754  "chan_pend[chan_q] <= 1'b0;"   <- proposed
      doc:1472  ...            returns at `rtl/seq_movers.sv:736`, scanned by F_SCAN at...
  REPAIR         rtl/seq_movers.sv:828 -> rtl/seq_movers.sv:846   doc lines 1473   at-base yes
      base rtl/seq_movers.sv:828  'if (chan_pend[fence_chan] && fmask_q[fence_chan]) begin'
      work rtl/seq_movers.sv:828  '&& !s1_valid && !s2_valid && !s3_valid) begin'
      work rtl/seq_movers.sv:846  'if (chan_pend[fence_chan] && fmask_q[fence_chan]) begin'   <- proposed
      doc:1473  ...            `rtl/seq_movers.sv:828`), which is the engine channel c that...
=== docs/USAGE.md  (REPAIR 1, COLLATERAL 1)
  REPAIR         rtl/seq_movers.sv:127-130 -> rtl/seq_movers.sv:136-139   doc lines 723   at-base yes
      base rtl/seq_movers.sv:127  ''
      work rtl/seq_movers.sv:127  '// mover op and a bulk op in flight at the same time (I_MOVER vs'
      work rtl/seq_movers.sv:136  ''   <- proposed
      base end :130 '// ---------------- AXI4 burst master (S3): 32b data, 32b addr -------' / work end :139 '// ---------------- AXI4 burst master (S3): 32b data, 32b addr -------'
      doc:723  ... on the path. The full table is `sw/hwmap.py:SEQ_ERR` (mirrors `rtl/seq_unit.sv:40-56` + `rtl/seq_movers.sv:127-130`). `0x0C` is your own ABORT; `0x10/0x11...
  COLLATERAL     rtl/seq_unit.sv:40-56 -> rtl/seq_unit.sv:40-58   doc lines 723   at-base yes
      base rtl/seq_unit.sv:40  '//   0x34 PERF_AXW R  AXI-Lite writes issued'
      work rtl/seq_unit.sv:40  '//   0x34 PERF_AXW R  AXI-Lite writes issued'
      work rtl/seq_unit.sv:40  '//   0x34 PERF_AXW R  AXI-Lite writes issued'   <- proposed
      base end :56 '//                 counters, the rest read 0.  Host-read-only; cleared b' / work end :58 '//                 counters, the rest read 0.  Host-read-only; cleared b'
      doc:723  ... a python shell with `sw/` on the path. The full table is `sw/hwmap.py:SEQ_ERR` (mirrors `rtl/seq_unit.sv:40-56` + `rtl/seq_movers.sv:127-130`). `0x0C`...
=== docs/superpowers/plans/2026-08-12-qwen2b-track-r.md  (REPAIR 8, COLLATERAL 0)
  REPAIR         rtl/seq_movers.sv:181 -> rtl/seq_movers.sv:190   doc lines 228   at-base yes
      base rtl/seq_movers.sv:181  "localparam logic [31:0] MVB_RES  = 32'h0000_0000;   // 4096 rows  x 4 B"
      work rtl/seq_movers.sv:181  "localparam logic [11:0] MV_STATUS = 12'h004;"
      work rtl/seq_movers.sv:190  "localparam logic [31:0] MVB_RES  = 32'h0000_0000;   // 4096 rows  x 4 B"   <- proposed
      doc:228  ...— widen the queue packing consistently), XWIN window fatal bound 1024→1536 words (:620). `rtl/seq_movers.sv:181` `XWIN_WORDS = 1024` → `1536`....
  REPAIR-SUSPECT rtl/seq_unit.sv:984 -> rtl/seq_unit.sv:1014   doc lines 249   at-base NO
      base rtl/seq_unit.sv:984  "perf_axr <= '0; perf_fst <= '0;"
      work rtl/seq_unit.sv:984  "if (mv_cmd_valid && mv_cmd_ready) mv_cmd_valid <= 1'b0;"
      work rtl/seq_unit.sv:1014  "perf_axr <= '0; perf_fst <= '0;"   <- proposed
      doc:249  ...R :650, S6 shim :1337-1577 + guards :1738-1767), `rtl/seq_unit.sv` (mover addr slices at `rtl/seq_unit.sv:984`, `rtl/seq_unit.sv:999`, `rtl/seq_unit....
  REPAIR-SUSPECT rtl/seq_unit.sv:999 -> rtl/seq_unit.sv:1029   doc lines 249   at-base NO
      base rtl/seq_unit.sv:999  'err_code <= E_ABORT;'
      work rtl/seq_unit.sv:999  '// (axib_err is sticky until the next burst descriptor starts, so'
      work rtl/seq_unit.sv:1029  'err_code <= E_ABORT;'   <- proposed
      doc:249  ...577 + guards :1738-1767), `rtl/seq_unit.sv` (mover addr slices at `rtl/seq_unit.sv:984`, `rtl/seq_unit.sv:999`, `rtl/seq_unit.sv:1019`, `rtl/seq_unit...
  REPAIR-SUSPECT rtl/seq_unit.sv:1019 -> rtl/seq_unit.sv:1049   doc lines 249   at-base NO
      base rtl/seq_unit.sv:1019  'case (r_op)'
      work rtl/seq_unit.sv:1019  '// resync the cmd_cnt shadow with layer_chan before issuing'
      work rtl/seq_unit.sv:1049  'case (r_op)'   <- proposed
      doc:249  ...), `rtl/seq_unit.sv` (mover addr slices at `rtl/seq_unit.sv:984`, `rtl/seq_unit.sv:999`, `rtl/seq_unit.sv:1019`, `rtl/seq_unit.sv:1034`; overflow lite...
  REPAIR-SUSPECT rtl/seq_unit.sv:1034 -> rtl/seq_unit.sv:1064   doc lines 249   at-base NO
      base rtl/seq_unit.sv:1034  'ist <= I_ERR;'
      work rtl/seq_unit.sv:1034  "end else if (!flush && (fq_cnt != 16'd0)) begin"
      work rtl/seq_unit.sv:1064  'ist <= I_ERR;'   <- proposed
      doc:249  ...ver addr slices at `rtl/seq_unit.sv:984`, `rtl/seq_unit.sv:999`, `rtl/seq_unit.sv:1019`, `rtl/seq_unit.sv:1034`; overflow literal at `rtl/seq_unit.sv:...
  REPAIR-SUSPECT rtl/seq_unit.sv:1182 -> rtl/seq_unit.sv:1214   doc lines 249   at-base NO
      base rtl/seq_unit.sv:1182  'ist <= I_FETCH;'
      work rtl/seq_unit.sv:1182  ''
      work rtl/seq_unit.sv:1214  'ist <= I_FETCH;'   <- proposed
      doc:249  ...tl/seq_unit.sv:999`, `rtl/seq_unit.sv:1019`, `rtl/seq_unit.sv:1034`; overflow literal at `rtl/seq_unit.sv:1182`), `rtl/seq_movers.sv` (:72 cmd_saddr, ...
  REPAIR         rtl/seq_unit.sv:1080 -> rtl/seq_unit.sv:1112   doc lines 276   at-base yes
      base rtl/seq_unit.sv:1080  "mv_op <= 2'd3;"
      work rtl/seq_unit.sv:1080  'ist <= I_CMDW;'
      work rtl/seq_unit.sv:1112  "mv_op <= 2'd3;"   <- proposed
      doc:276  ...| SEQ LDC `target[13:0]` | `target[14]` (16-bit field, 2 spare — `rtl/seq_unit.sv:1080`) |...
  REPAIR         rtl/seq_unit.sv:286 -> rtl/seq_unit.sv:288   doc lines 330   at-base yes
      base rtl/seq_unit.sv:286  ''
      work rtl/seq_unit.sv:286  ''
      work rtl/seq_unit.sv:288  ''   <- proposed
      doc:330  ...Replace `localparam int EMB_ROW_BYTES = 2048` (`rtl/seq_unit.sv:286`) with a register `logic [4:0] emb_row_...
=== docs/superpowers/plans/2026-08-29-qwen35-9b-migration.md  (REPAIR 5, COLLATERAL 0)
  REPAIR         rtl/seq_unit.sv:1310 -> rtl/seq_unit.sv:1342   doc lines 1541   at-base yes
      base rtl/seq_unit.sv:1310  '$error("seq_unit EMBLOG2: %0d outside [%0d,%0d] (host misuse), register '
      work rtl/seq_unit.sv:1310  "busy_r <= 1'b0; halted_r <= 1'b1;"
      work rtl/seq_unit.sv:1342  '$error("seq_unit EMBLOG2: %0d outside [%0d,%0d] (host misuse), register '   <- proposed
      doc:1541  ...tree: `rtl/seq_unit.sv:1310` carries the unconditional `of_rp` adva...
  REPAIR         rtl/seq_unit.sv:1471 -> rtl/seq_unit.sv:1503   doc lines 1542   at-base yes
      base rtl/seq_unit.sv:1471  'end'
      work rtl/seq_unit.sv:1471  "fsm_rd_valid = 1'b0;"
      work rtl/seq_unit.sv:1503  'end'   <- proposed
      doc:1542  ...`rtl/seq_unit.sv:1471` the conditional pop strobe, both match...
  REPAIR         rtl/matvec_chan.sv:594-595 -> rtl/matvec_chan.sv:613-614   doc lines 1828   at-base yes
      base rtl/matvec_chan.sv:594  'case (wstate)'
      work rtl/matvec_chan.sv:594  ''
      work rtl/matvec_chan.sv:613  'case (wstate)'   <- proposed
      base end :595 'W_IDLE:' / work end :614 'W_IDLE:'
      doc:1828  ...for an XWIN SLVERR that is at `rtl/matvec_chan.sv:594-595` and  <!--cites:noquote-->...
  REPAIR         rtl/matvec_chan.sv:595 -> rtl/matvec_chan.sv:614   doc lines 1829   at-base yes
      base rtl/matvec_chan.sv:595  'W_IDLE:'
      work rtl/matvec_chan.sv:595  'assign s_axib_awready = (wstate == W_IDLE);'
      work rtl/matvec_chan.sv:614  'W_IDLE:'   <- proposed
      doc:1829  ...`rtl/matvec_chan.sv:595`, and the one that says "(:747)" for a ...
  REPAIR         rtl/matvec_engine.sv:686-689 -> rtl/matvec_engine.sv:716-719   doc lines 1830   at-base yes
      base rtl/matvec_engine.sv:686  'always_ff @(posedge clk) begin'
      work rtl/matvec_engine.sv:686  ''
      work rtl/matvec_engine.sv:716  'always_ff @(posedge clk) begin'   <- proposed
      base end :689 'cfg_ng, MAX_NG);' / work end :719 'cfg_ng, MAX_NG);'
      doc:1830  ...that is at `rtl/matvec_engine.sv:686-689`. Both targets move again in this task,...
=== docs/superpowers/plans/2026-09-04-qwen35-9b-state-spill.md  (REPAIR 1, COLLATERAL 0)
  REPAIR         rtl/seq_movers.sv:55-59 -> rtl/seq_movers.sv:62-66   doc lines 374   at-base yes
      base rtl/seq_movers.sv:55  '// C3  NEW.  AXI gives no ordering between two different master ports.  '
      work rtl/seq_movers.sv:55  '//     READ_LATENCY_B=2 inside the shim, so the pacer is GONE; the read '
      work rtl/seq_movers.sv:62  '// C3  NEW.  AXI gives no ordering between two different master ports.  '   <- proposed
      base end :59 '//     the burst write engine first (bw_idle = every B response collecte' / work end :66 '//     the burst write engine first (bw_idle = every B response collecte'
      doc:374  ...store pulses only when the B count equals the AW count (the `seq_movers` "bw_idle" rule, `rtl/seq_movers.sv:55-59`). Row assembly: a 4-beat shift registe...
=== docs/superpowers/plans/2026-09-27-seq-rtl-round.md  (REPAIR 24, COLLATERAL 1)
  REPAIR         rtl/seq_unit.sv:1052-1061 -> rtl/seq_unit.sv:1082-1092   doc lines 57,453   at-base yes
      base rtl/seq_unit.sv:1052  'OP_MOVX: begin'
      work rtl/seq_unit.sv:1052  'if (is_seq_xrf) begin'
      work rtl/seq_unit.sv:1082  'OP_MOVX: begin'   <- proposed
      base end :1061 'end' / work end :1092 'end'
      doc:57  ...d bitstream** (spec §1.2 "Forward — NOT fail-closed"): build_041/042 ignore MOVX target (`rtl/seq_unit.sv:1052-1061` never reads it) and drop SHAPE[31:29] ...
      doc:453  ...VY dispatch (`rtl/seq_unit.sv:1071-1078`) passes `mv_row <= r_tgt[15:4]`; MOVX dispatch (`rtl/seq_unit.sv:1052-1061`) passes `mv_xword <= r_tgt[11:0]` with...
  REPAIR         rtl/matvec_chan.sv:328-332 -> rtl/matvec_chan.sv:341-347   doc lines 57,455   at-base yes
      base rtl/matvec_chan.sv:328  "10'h005: begin                                        // SHAPE"
      work rtl/matvec_chan.sv:328  'if (s_axil_awvalid && s_axil_awready) begin'
      work rtl/matvec_chan.sv:341  "10'h005: begin                                        // SHAPE"   <- proposed
      base end :332 'end' / work end :347 'end'
      doc:57  ...2 ignore MOVX target (`rtl/seq_unit.sv:1052-1061` never reads it) and drop SHAPE[31:29] (`rtl/matvec_chan.sv:328-332`), so an XBANK MVGO computes on the wro...
      doc:455  ...- `rtl/matvec_chan.sv` — the SHAPE write (`rtl/matvec_chan.sv:328-332`) stores bits 29/30 in **`csr_static_xb...
  REPAIR         rtl/seq_unit.sv:1608 -> rtl/seq_unit.sv:1641   doc lines 58   at-base yes
      base rtl/seq_unit.sv:1608  "else s_axil_rdata <= 32'hDEAD_C0DE;"
      work rtl/seq_unit.sv:1608  'case (s_axil_araddr[11:2])'
      work rtl/seq_unit.sv:1641  "else s_axil_rdata <= 32'hDEAD_C0DE;"   <- proposed
      doc:58  ...- **SEQ `0x64` reads `0xDEADC0DE` today** (the read mux default, `rtl/seq_unit.sv:1608`); that value is what every pre-round b...
  REPAIR         rtl/seq_unit.sv:806-813 -> rtl/seq_unit.sv:834-841   doc lines 176,190   at-base yes
      base rtl/seq_unit.sv:806  'OP_FENCE:'
      work rtl/seq_unit.sv:806  '// SR12 (B17.2): MOVX target[11:0] = the XWIN start word,'
      work rtl/seq_unit.sv:834  'OP_FENCE:'   <- proposed
      base end :813 'begin v_bad=1; v_code=E_RSVD; end' / work end :841 'begin v_bad=1; v_code=E_RSVD; end'
      doc:176  ...p (`rtl/seq_unit.sv:25-55`, add the `0x64 SEQ_CAPS` line); the FENCE/HALT validator arm (`rtl/seq_unit.sv:806-813`); `mv_fmask` declared beside `mv_op` (...
      doc:190  ..._RED.log. **Expected RED:** `seq_h_fmask` halts with err 0x06 at its first masked FENCE (`rtl/seq_unit.sv:806-813`) and the TB `$fatal`s; the SEQ_CAPS re...
  REPAIR         rtl/seq_unit.sv:862 -> rtl/seq_unit.sv:890   doc lines 176   at-base yes
      base rtl/seq_unit.sv:862  'logic [1:0]  mv_op, mv_chan;'
      work rtl/seq_unit.sv:862  'I_FENCE, I_HALT, I_ERR'
      work rtl/seq_unit.sv:890  'logic [1:0]  mv_op, mv_chan;'   <- proposed
      doc:176  ...ENCE/HALT validator arm (`rtl/seq_unit.sv:806-813`); `mv_fmask` declared beside `mv_op` (`rtl/seq_unit.sv:862`), reset with it (`rtl/seq_unit.sv:946`...
  REPAIR         rtl/seq_unit.sv:946 -> rtl/seq_unit.sv:976   doc lines 176   at-base yes
      base rtl/seq_unit.sv:946  "mv_op <= '0; mv_chan <= '0; mv_saddr <= '0; mv_len <= '0;"
      work rtl/seq_unit.sv:946  "wire signed [63:0] ldc_base = signed'({r_hi, r_lo});"
      work rtl/seq_unit.sv:976  "mv_op <= '0; mv_chan <= '0; mv_saddr <= '0; mv_len <= '0;"   <- proposed
      doc:176  ...sv:806-813`); `mv_fmask` declared beside `mv_op` (`rtl/seq_unit.sv:862`), reset with it (`rtl/seq_unit.sv:946`); the FENCE dispatch (`rtl/seq_unit.sv...
  REPAIR         rtl/seq_unit.sv:1079-1084 -> rtl/seq_unit.sv:1111-1116   doc lines 176   at-base yes
      base rtl/seq_unit.sv:1079  'OP_FENCE: begin'
      work rtl/seq_unit.sv:1079  'wr_data_r <= imm_res;'
      work rtl/seq_unit.sv:1111  'OP_FENCE: begin'   <- proposed
      base end :1084 'end' / work end :1116 'end'
      doc:176  ..._op` (`rtl/seq_unit.sv:862`), reset with it (`rtl/seq_unit.sv:946`); the FENCE dispatch (`rtl/seq_unit.sv:1079-1084`); the `u_mov` port list (`rtl/seq_unit...
  REPAIR         rtl/seq_unit.sv:1482-1489 -> rtl/seq_unit.sv:1514-1522   doc lines 176   at-base yes
      base rtl/seq_unit.sv:1482  ') u_mov ('
      work rtl/seq_unit.sv:1482  "fsm_wr_addr  = LAYER_BASE + {20'd0, XRFI_OFF};"
      work rtl/seq_unit.sv:1514  ') u_mov ('   <- proposed
      base end :1489 '.done(mv_done), .err(mv_err), .err_code(mv_err_code), .busy(mv_busy),' / work end :1522 '.done(mv_done), .err(mv_err), .err_code(mv_err_code), .busy(mv_busy),'
      doc:176  ..._unit.sv:946`); the FENCE dispatch (`rtl/seq_unit.sv:1079-1084`); the `u_mov` port list (`rtl/seq_unit.sv:1482-1489`); the read mux (`rtl/seq_unit.sv:1602-...
  REPAIR         rtl/seq_unit.sv:1602-1608 -> rtl/seq_unit.sv:1635-1641   doc lines 176   at-base yes
      base rtl/seq_unit.sv:1602  "10'h018: s_axil_rdata <= {27'd0, emb_row_log2}; // EMBLOG2"
      work rtl/seq_unit.sv:1602  "aw_got <= 1'b0; sw_got <= 1'b0;"
      work rtl/seq_unit.sv:1635  "10'h018: s_axil_rdata <= {27'd0, emb_row_log2}; // EMBLOG2"   <- proposed
      base end :1608 "else s_axil_rdata <= 32'hDEAD_C0DE;" / work end :1641 "else s_axil_rdata <= 32'hDEAD_C0DE;"
      doc:176  ..._unit.sv:1079-1084`); the `u_mov` port list (`rtl/seq_unit.sv:1482-1489`); the read mux (`rtl/seq_unit.sv:1602-1608`, a new `10'h019` arm)...
  REPAIR         rtl/seq_movers.sv:95 -> rtl/seq_movers.sv:102   doc lines 177   at-base yes
      base rtl/seq_movers.sv:95  'input  wire         cmd_nowait,     // MVGO: return before engine done'
      work rtl/seq_movers.sv:95  'input  wire [15:0]  cmd_saddr,      // MOVX src / MOVY dst scratch word'
      work rtl/seq_movers.sv:102  'input  wire         cmd_nowait,     // MVGO: return before engine done'   <- proposed
      doc:177  ...movers.sv` — header note under the FENCE poll path; port `cmd_fmask` after `cmd_nowait` (`rtl/seq_movers.sv:95`); `fmask_q` reset (`rtl/seq_movers.sv:...
  REPAIR         rtl/seq_movers.sv:595-599 -> rtl/seq_movers.sv:609-614   doc lines 177   at-base yes
      base rtl/seq_movers.sv:595  'st <= S_IDLE;'
      work rtl/seq_movers.sv:595  'end else if (st == Y_RUN) begin'
      work rtl/seq_movers.sv:609  'st <= S_IDLE;'   <- proposed
      base end :599 "chan_pend <= '0; fence_chan <= '0; poll_is_fence <= 1'b0;" / work end :614 "chan_pend <= '0; fence_chan <= '0; poll_is_fence <= 1'b0;"
      doc:177  ...oll path; port `cmd_fmask` after `cmd_nowait` (`rtl/seq_movers.sv:95`); `fmask_q` reset (`rtl/seq_movers.sv:595-599`), latched at S_IDLE (`rtl/seq_movers.s...
  REPAIR         rtl/seq_movers.sv:621-640 -> rtl/seq_movers.sv:636-656   doc lines 177   at-base yes
      base rtl/seq_movers.sv:621  'S_IDLE: if (cmd_valid) begin'
      work rtl/seq_movers.sv:621  "s1_valid <= 1'b0; s2_valid <= 1'b0; s3_valid <= 1'b0;"
      work rtl/seq_movers.sv:636  'S_IDLE: if (cmd_valid) begin'   <- proposed
      base end :640 'default:   st <= S_DONE;' / work end :656 'default:   st <= S_DONE;'
      doc:177  ...tl/seq_movers.sv:95`); `fmask_q` reset (`rtl/seq_movers.sv:595-599`), latched at S_IDLE (`rtl/seq_movers.sv:621-640`); F_SCAN (`rtl/seq_movers.sv:827-838`)...
  REPAIR         rtl/seq_movers.sv:827-838 -> rtl/seq_movers.sv:845-856   doc lines 177   at-base yes
      base rtl/seq_movers.sv:827  'F_SCAN: if (wr_idle) begin'
      work rtl/seq_movers.sv:827  '&& !yf_push && !yf_pop && !y_val_valid'
      work rtl/seq_movers.sv:845  'F_SCAN: if (wr_idle) begin'   <- proposed
      base end :838 'end' / work end :856 'end'
      doc:177  ... (`rtl/seq_movers.sv:595-599`), latched at S_IDLE (`rtl/seq_movers.sv:621-640`); F_SCAN (`rtl/seq_movers.sv:827-838`)...
  REPAIR         rtl/seq_unit.sv:331 -> rtl/seq_unit.sv:333   doc lines 186   at-base yes
      base rtl/seq_unit.sv:331  "localparam logic [31:0] IDENT = 32'hFAB1_E5E0;"
      work rtl/seq_unit.sv:331  'localparam int MVGO_MAX_NG = 96;'
      work rtl/seq_unit.sv:333  "localparam logic [31:0] IDENT = 32'hFAB1_E5E0;"   <- proposed
      doc:186  ...] SEQ_CAPS = {24'hFAB1CA, 5'd0, 1'b0 /*r3*/, 1'b0 /*r2*/, 1'b1 /*r1*/};` beside `IDENT` (`rtl/seq_unit.sv:331`). No write decode (writes to `0x64` fa...
  REPAIR         rtl/seq_movers.sv:732-740 -> rtl/seq_movers.sv:750-758   doc lines 187   at-base yes
      base rtl/seq_movers.sv:732  'G_POLLW: if (rd_rsp_valid) begin'
      work rtl/seq_movers.sv:732  "guard_cnt <= '0;"
      work rtl/seq_movers.sv:750  'G_POLLW: if (rd_rsp_valid) begin'   <- proposed
      base end :740 '' / work end :758 ''
      doc:187  ... exactly today's cycles (the basis of SR5a's cycle-identity rung). The poll-return path (`rtl/seq_movers.sv:732-740`) is unchanged.  <!--cites:noquote-->...
  REPAIR         rtl/seq_unit.sv:806-813 -> rtl/seq_unit.sv:834-841   doc lines 176,190   at-base yes
      base rtl/seq_unit.sv:806  'OP_FENCE:'
      work rtl/seq_unit.sv:806  '// SR12 (B17.2): MOVX target[11:0] = the XWIN start word,'
      work rtl/seq_unit.sv:834  'OP_FENCE:'   <- proposed
      base end :813 'begin v_bad=1; v_code=E_RSVD; end' / work end :841 'begin v_bad=1; v_code=E_RSVD; end'
      doc:176  ...p (`rtl/seq_unit.sv:25-55`, add the `0x64 SEQ_CAPS` line); the FENCE/HALT validator arm (`rtl/seq_unit.sv:806-813`); `mv_fmask` declared beside `mv_op` (...
      doc:190  ..._RED.log. **Expected RED:** `seq_h_fmask` halts with err 0x06 at its first masked FENCE (`rtl/seq_unit.sv:806-813`) and the TB `$fatal`s; the SEQ_CAPS re...
  REPAIR         rtl/seq_unit.sv:1071-1078 -> rtl/seq_unit.sv:1102-1110   doc lines 453   at-base yes
      base rtl/seq_unit.sv:1071  'OP_MOVY: begin'
      work rtl/seq_unit.sv:1071  'end'
      work rtl/seq_unit.sv:1102  'OP_MOVY: begin'   <- proposed
      base end :1078 'end' / work end :1110 'end'
      doc:453  ...target[15:4]` (`rtl/seq_unit.sv:793`) and adds the start-row range check; MOVY dispatch (`rtl/seq_unit.sv:1071-1078`) passes `mv_row <= r_tgt[15:4]`; MOVX ...
  REPAIR         rtl/seq_unit.sv:1052-1061 -> rtl/seq_unit.sv:1082-1092   doc lines 57,453   at-base yes
      base rtl/seq_unit.sv:1052  'OP_MOVX: begin'
      work rtl/seq_unit.sv:1052  'if (is_seq_xrf) begin'
      work rtl/seq_unit.sv:1082  'OP_MOVX: begin'   <- proposed
      base end :1061 'end' / work end :1092 'end'
      doc:57  ...d bitstream** (spec §1.2 "Forward — NOT fail-closed"): build_041/042 ignore MOVX target (`rtl/seq_unit.sv:1052-1061` never reads it) and drop SHAPE[31:29] ...
      doc:453  ...VY dispatch (`rtl/seq_unit.sv:1071-1078`) passes `mv_row <= r_tgt[15:4]`; MOVX dispatch (`rtl/seq_unit.sv:1052-1061`) passes `mv_xword <= r_tgt[11:0]` with...
  REPAIR         rtl/seq_movers.sv:763 -> rtl/seq_movers.sv:781   doc lines 454   at-base yes
      base rtl/seq_movers.sv:763  "br_saddr  <= mvbaddr(chan_q, MVB_RES + {18'd0, res_row_q, 2'b00});"
      work rtl/seq_movers.sv:763  'Y_SPTR:   if (wr_fire) st <= Y_DRAIN;'
      work rtl/seq_movers.sv:781  "br_saddr  <= mvbaddr(chan_q, MVB_RES + {18'd0, res_row_q, 2'b00});"   <- proposed
      doc:454  ...from the command instead of 0 (`rtl/seq_movers.sv:628`; its two uses already consume it, `rtl/seq_movers.sv:763`, `rtl/seq_movers.sv:898-899`); MOVX ad...
  REPAIR         rtl/seq_movers.sv:898-899 -> rtl/seq_movers.sv:916-917   doc lines 454   at-base yes
      base rtl/seq_movers.sv:898  'wr_addr  = mvaddr(chan_q, MV_RESPTR);'
      work rtl/seq_movers.sv:898  "wr_data  = 32'd0;"
      work rtl/seq_movers.sv:916  'wr_addr  = mvaddr(chan_q, MV_RESPTR);'   <- proposed
      base end :899 "wr_data  = {20'd0, res_row_q}; end" / work end :917 "wr_data  = {20'd0, res_row_q}; end"
      doc:454  ...of 0 (`rtl/seq_movers.sv:628`; its two uses already consume it, `rtl/seq_movers.sv:763`, `rtl/seq_movers.sv:898-899`); MOVX adds the start word to the XWIN...
  REPAIR         rtl/matvec_chan.sv:328-332 -> rtl/matvec_chan.sv:341-347   doc lines 57,455   at-base yes
      base rtl/matvec_chan.sv:328  "10'h005: begin                                        // SHAPE"
      work rtl/matvec_chan.sv:328  'if (s_axil_awvalid && s_axil_awready) begin'
      work rtl/matvec_chan.sv:341  "10'h005: begin                                        // SHAPE"   <- proposed
      base end :332 'end' / work end :347 'end'
      doc:57  ...2 ignore MOVX target (`rtl/seq_unit.sv:1052-1061` never reads it) and drop SHAPE[31:29] (`rtl/matvec_chan.sv:328-332`), so an XBANK MVGO computes on the wro...
      doc:455  ...- `rtl/matvec_chan.sv` — the SHAPE write (`rtl/matvec_chan.sv:328-332`) stores bits 29/30 in **`csr_static_xb...
  REPAIR         rtl/matvec_chan.sv:310-311 -> rtl/matvec_chan.sv:322-323   doc lines 455   at-base yes
      base rtl/matvec_chan.sv:310  "csr_static_wbase <= '0; csr_static_wbeats <= '0;"
      work rtl/matvec_chan.sv:310  'assign s_axil_awready = !aw_got && !s_axil_bvalid;'
      work rtl/matvec_chan.sv:322  "csr_static_wbase <= '0; csr_static_wbeats <= '0;"   <- proposed
      base end :311 "csr_static_ng <= '0; csr_static_sh <= '0; csr_static_nrows <= '0;" / work end :323 "csr_static_ng <= '0; csr_static_sh <= '0; csr_static_nrows <= '0;"
      doc:455  ...s them by name, `synth/constraints/fable5_cdc.xdc:14-15`), reset with the other statics (`rtl/matvec_chan.sv:310-311`); header (`rtl/matvec_chan.sv:18`); tw...
  REPAIR         rtl/matvec_engine.sv:447 -> rtl/matvec_engine.sv:472   doc lines 456   at-base yes
      base rtl/matvec_engine.sv:447  "x_line    <= '0;"
      work rtl/matvec_engine.sv:447  ''
      work rtl/matvec_engine.sv:472  "x_line    <= '0;"   <- proposed
      doc:456  ...engine.sv:470`) load 48 when XBANK (only bits 5:4 of the constant change; the reset site `rtl/matvec_engine.sv:447` needs none); `row_in`'s start value (`...
  REPAIR         rtl/matvec_engine.sv:686-690 -> rtl/matvec_engine.sv:716-736   doc lines 456   at-base yes
      base rtl/matvec_engine.sv:686  'always_ff @(posedge clk) begin'
      work rtl/matvec_engine.sv:686  ''
      work rtl/matvec_engine.sv:716  'always_ff @(posedge clk) begin'   <- proposed
      base end :690 'end' / work end :736 'end'
      doc:456  ...s start value (`rtl/matvec_engine.sv:456`) loads 2048 when RBANK; the sim-only envelope (`rtl/matvec_engine.sv:686-690`) gains `48 + ng − 1 ≤ 95` when XBANK...
  COLLATERAL     rtl/seq_unit.sv:25-55 -> rtl/seq_unit.sv:25-57   doc lines 176   at-base yes
      base rtl/seq_unit.sv:25  '// ---------------------------------------------------------------------'
      work rtl/seq_unit.sv:25  '// ---------------------------------------------------------------------'
      work rtl/seq_unit.sv:25  '// ---------------------------------------------------------------------'   <- proposed
      base end :55 '//                 BM_IDENT 0xFAB1B301, 0x104..0x128 and 0x130/0x134 the' / work end :57 '//                 BM_IDENT 0xFAB1B301, 0x104..0x128 and 0x130/0x134 the'
      doc:176  ...- Modify: `rtl/seq_unit.sv` — the header map (`rtl/seq_unit.sv:25-55`, add the `0x64 SEQ_CAPS` line); the FE...
=== docs/superpowers/specs/2026-08-29-qwen35-9b-migration-design.md  (REPAIR 47, COLLATERAL 3)
  REPAIR-SUSPECT rtl/seq_unit.sv:338 -> rtl/seq_unit.sv:347   doc lines 371,1602   at-base NO
      base rtl/seq_unit.sv:338  '// Reset 11 = 2048 B = the 0.8B H=1024 row, so a host that never writes'
      work rtl/seq_unit.sv:338  "localparam logic [31:0] SEQ_CAPS = {24'hFAB1CA, 5'd0,"
      work rtl/seq_unit.sv:347  '// Reset 11 = 2048 B = the 0.8B H=1024 row, so a host that never writes'   <- proposed
      doc:371  ...MAX` | **derived, not from the checkpoint**: `2·H` via `sw/hwmap.py:371-380`; ceiling at `rtl/seq_unit.sv:338` `EMBLOG2_MIN = 5'd8, EMBLOG2_MAX = 5'd...
      doc:1602  ...`rtl/seq_unit.sv:338` `EMBLOG2_MIN = 5'd8, EMBLOG2_MAX = 5'd...
  REPAIR         rtl/seq_movers.sv:181 -> rtl/seq_movers.sv:190   doc lines 891   at-base yes
      base rtl/seq_movers.sv:181  "localparam logic [31:0] MVB_RES  = 32'h0000_0000;   // 4096 rows  x 4 B"
      work rtl/seq_movers.sv:181  "localparam logic [11:0] MV_STATUS = 12'h004;"
      work rtl/seq_movers.sv:190  "localparam logic [31:0] MVB_RES  = 32'h0000_0000;   // 4096 rows  x 4 B"   <- proposed
      doc:891  ...`rtl/seq_movers.sv:181` `SCR_WORDS = 32768` is correct.)*  <!-...
  REPAIR         `:1027-1031` -> `:1057-1061`   doc lines 1041   at-base yes
      base rtl/seq_unit.sv:1027  "if (!XRF_WRITE_THROUGH) pc <= pc + 32'd1;"
      work rtl/seq_unit.sv:1027  'I_FETCH: begin'
      work rtl/seq_unit.sv:1057  "if (!XRF_WRITE_THROUGH) pc <= pc + 32'd1;"   <- proposed
      base end :1031 'ist <= I_FETCH;' / work end :1061 'ist <= I_FETCH;'
      doc:1041  ...  `rtl/seq_unit.sv`'s ARG shadow at `:1027-1031`). Cost is one extra CSRWR record...
  REPAIR         rtl/seq_unit.sv:167 -> rtl/seq_unit.sv:169   doc lines 1052   at-base yes
      base rtl/seq_unit.sv:167  '// 5<<16 .. 7<<16 is a decode HOLE — an AXI segment must be'
      work rtl/seq_unit.sv:167  '// m_axib burst map (RUNG3 S4 + R-b + G3.1): mvchan_c at (c+1)<<16,'
      work rtl/seq_unit.sv:169  '// 5<<16 .. 7<<16 is a decode HOLE — an AXI segment must be'   <- proposed
      doc:1052  ...`SCR_WORDS` and `cmd_saddr` follow; and **`LAYB_BASE` (`rtl/seq_unit.sv:167`,...
  REPAIR         rtl/matvec_engine.sv:192 -> rtl/matvec_engine.sv:209   doc lines 1325   at-base yes
      base rtl/matvec_engine.sv:192  '// reaches them on either path: the burst path answers SLVERR outside th'
      work rtl/matvec_engine.sv:192  '// (rtl/matvec_chan.sv addra = m_row[11:0]) with no logic on that path.'
      work rtl/matvec_engine.sv:209  '// reaches them on either path: the burst path answers SLVERR outside th'   <- proposed
      doc:1325  ...| `rtl/matvec_engine.sv:192` `parameter int MAX_NG = 48, // max gro...
  REPAIR         rtl/matvec_engine.sv:199 -> rtl/matvec_engine.sv:216   doc lines 1326   at-base yes
      base rtl/matvec_engine.sv:199  '// (D-CITE, re-derived at G3.3: the two pointers this paragraph names'
      work rtl/matvec_engine.sv:199  '// ------------------------------------------------------------------'
      work rtl/matvec_engine.sv:216  '// (D-CITE, re-derived at G3.3: the two pointers this paragraph names'   <- proposed
      doc:1326  ...| `rtl/matvec_engine.sv:199` `input wire [5:0] cfg_ng,` | 6 b | **7...
  REPAIR         rtl/matvec_engine.sv:202 -> rtl/matvec_engine.sv:219   doc lines 1327   at-base yes
      base rtl/matvec_engine.sv:202  '(* ram_style = "distributed" *) logic [31:0] x_mem [32][MAX_NG];'
      work rtl/matvec_engine.sv:202  '// Read: full 1024-bit line for the current group.'
      work rtl/matvec_engine.sv:219  '(* ram_style = "distributed" *) logic [31:0] x_mem [32][MAX_NG];'   <- proposed
      doc:1327  ...| `rtl/matvec_engine.sv:202` `x_mem [32][MAX_NG]` | 1536 words | **...
  REPAIR         rtl/matvec_engine.sv:517-518 -> rtl/matvec_engine.sv:547-548   doc lines 1328   at-base yes
      base rtl/matvec_engine.sv:517  'logic [15:0]        mac_m_q;'
      work rtl/matvec_engine.sv:517  'end'
      work rtl/matvec_engine.sv:547  'logic [15:0]        mac_m_q;'   <- proposed
      base end :518 'logic               mac_v_q, mac_first_q, mac_last_q;' / work end :548 'logic               mac_v_q, mac_first_q, mac_last_q;'
      doc:1328  ...| `rtl/matvec_engine.sv:517-518` `logic signed [20:0] acc_bank_lo [2][M...
  REPAIR         rtl/matvec_engine.sv:254 -> rtl/matvec_engine.sv:273   doc lines 1329   at-base yes
      base rtl/matvec_engine.sv:254  '//   rowq     : rows pushed but not yet popped out of the result FIFO'
      work rtl/matvec_engine.sv:254  '// and scale_beat_idx in {0, 1, 2}, so BOTH still fit two bits (spec'
      work rtl/matvec_engine.sv:273  '//   rowq     : rows pushed but not yet popped out of the result FIFO'   <- proposed
      doc:1329  ...| `rtl/matvec_engine.sv:254` `x_waddr[10:5]` line index | 64 addres...
  REPAIR         rtl/matvec_engine.sv:272 -> rtl/matvec_engine.sv:291   doc lines 1330   at-base yes
      base rtl/matvec_engine.sv:272  ''
      work rtl/matvec_engine.sv:272  '//   pd_valid : the 1-deep pending descriptor slot is occupied'
      work rtl/matvec_engine.sv:291  ''   <- proposed
      doc:1330  ...| `rtl/matvec_engine.sv:272` `logic [5:0] x_line;` | 6 b | **7 b** ...
  REPAIR         rtl/matvec_engine.sv:336 -> rtl/matvec_engine.sv:361   doc lines 1331   at-base yes
      base rtl/matvec_engine.sv:336  "prod_q[k] <= 12'(wn * xv);"
      work rtl/matvec_engine.sv:336  '// nibble) and |x8| <= 128, so the product is in [-1016, 1024] and 12'
      work rtl/matvec_engine.sv:361  "prod_q[k] <= 12'(wn * xv);"   <- proposed
      doc:1331  ...| `rtl/matvec_engine.sv:336` `g_q`, `:380` `g1_q`, `:425` `g2_q`, `...
  REPAIR         `:380` -> `:405`   doc lines 1331   at-base yes
      base rtl/matvec_engine.sv:380  'end'
      work rtl/matvec_engine.sv:380  "if (!rstn) v2_q <= 1'b0;"
      work rtl/matvec_engine.sv:405  'end'   <- proposed
      doc:1331  ...| `rtl/matvec_engine.sv:336` `g_q`, `:380` `g1_q`, `:425` `g2_q`, `:443` `g3_q`, `...
  REPAIR         `:425` -> `:450`   doc lines 1331   at-base yes
      base rtl/matvec_engine.sv:425  '// by the retire walk.  One entry per group, both 64-wide halves,'
      work rtl/matvec_engine.sv:425  ''
      work rtl/matvec_engine.sv:450  '// by the retire walk.  One entry per group, both 64-wide halves,'   <- proposed
      doc:1331  ...| `rtl/matvec_engine.sv:336` `g_q`, `:380` `g1_q`, `:425` `g2_q`, `:443` `g3_q`, `:464` `g4_q`, `...
  REPAIR         `:443` -> `:468`   doc lines 1331   at-base yes
      base rtl/matvec_engine.sv:443  'logic [ROW_W-1:0] rows_done_in;'
      work rtl/matvec_engine.sv:443  "acc_hi_q <= 18'(signed'(sum4_q[2])) + 18'(signed'(sum4_q[3]));"
      work rtl/matvec_engine.sv:468  'logic [ROW_W-1:0] rows_done_in;'   <- proposed
      doc:1331  ...| `rtl/matvec_engine.sv:336` `g_q`, `:380` `g1_q`, `:425` `g2_q`, `:443` `g3_q`, `:464` `g4_q`, `:492` `g5_q` — ...
  REPAIR         `:464` -> `:489`   doc lines 1331   at-base yes
      base rtl/matvec_engine.sv:464  '// scales_q[32b .. 32b+31] (b = 0..2 at MAX_NG = 96).'
      work rtl/matvec_engine.sv:464  ''
      work rtl/matvec_engine.sv:489  '// scales_q[32b .. 32b+31] (b = 0..2 at MAX_NG = 96).'   <- proposed
      doc:1331  ...| `rtl/matvec_engine.sv:336` `g_q`, `:380` `g1_q`, `:425` `g2_q`, `:443` `g3_q`, `:464` `g4_q`, `:492` `g5_q` — the ng-unit ind...
  REPAIR         `:492` -> `:522`   doc lines 1331   at-base yes
      base rtl/matvec_engine.sv:492  'logic [ROW_W-1:0] pd_row;'
      work rtl/matvec_engine.sv:492  'if (is_last_scale) begin'
      work rtl/matvec_engine.sv:522  'logic [ROW_W-1:0] pd_row;'   <- proposed
      doc:1331  .../matvec_engine.sv:336` `g_q`, `:380` `g1_q`, `:425` `g2_q`, `:443` `g3_q`, `:464` `g4_q`, `:492` `g5_q` — the ng-unit index travelling w...
  REPAIR         rtl/matvec_engine.sv:589 -> rtl/matvec_engine.sv:619   doc lines 1332   at-base yes
      base rtl/matvec_engine.sv:589  "pd_valid <= 1'b1;"
      work rtl/matvec_engine.sv:589  '// small output FIFO (depth ODEPTH); rowq guarantees it never overflows'
      work rtl/matvec_engine.sv:619  "pd_valid <= 1'b1;"   <- proposed
      doc:1332  ...| `rtl/matvec_engine.sv:589` `r_g` retire index | 6 b | **7 b** | s...
  REPAIR         rtl/matvec_engine.sv:603-604 -> rtl/matvec_engine.sv:633-634   doc lines 1334   at-base yes
      base rtl/matvec_engine.sv:603  'if (r_take) begin'
      work rtl/matvec_engine.sv:603  "pd_valid <= 1'b0;"
      work rtl/matvec_engine.sv:633  'if (r_take) begin'   <- proposed
      base end :604 "r_active <= 1'b1;" / work end :634 "r_active <= 1'b1;"
      doc:1334  ...| `rtl/matvec_engine.sv:603-604` `sc_idx_a/b` — the NSCAL:1 scales mux ...
  REPAIR         rtl/matvec_chan.sv:552 -> rtl/matvec_chan.sv:571   doc lines 1335   at-base yes
      base rtl/matvec_chan.sv:552  "// engine's x_mem cannot hold still answers SLVERR.  The per-channel"
      work rtl/matvec_chan.sv:552  'case (rstate)'
      work rtl/matvec_chan.sv:571  "// engine's x_mem cannot hold still answers SLVERR.  The per-channel"   <- proposed
      doc:1335  ...| `rtl/matvec_chan.sv:552` and `rtl/seq_movers.sv:186` `XWIN_WORD...
  REPAIR         rtl/seq_movers.sv:186 -> rtl/seq_movers.sv:195   doc lines 1335   at-base yes
      base rtl/seq_movers.sv:186  'localparam int XWIN_WORDS  = 3072;   // K <= 12288 (matvec_engine MAX_NG'
      work rtl/seq_movers.sv:186  "localparam logic [11:0] MV_XPTR   = 12'h028;"
      work rtl/seq_movers.sv:195  'localparam int XWIN_WORDS  = 3072;   // K <= 12288 (matvec_engine MAX_NG'   <- proposed
      doc:1335  ...| `rtl/matvec_chan.sv:552` and `rtl/seq_movers.sv:186` `XWIN_WORDS` | 1536 | **3072** | exact...
  REPAIR         rtl/matvec_chan.sv:547-549 -> rtl/matvec_chan.sv:566-568   doc lines 1335   at-base yes
      base rtl/matvec_chan.sv:547  'end'
      work rtl/matvec_chan.sv:547  'end'
      work rtl/matvec_chan.sv:566  'end'   <- proposed
      base end :549 '// ---------------- write side (XWIN window 0x4000-0x6FFF) ----------' / work end :568 '// ---------------- write side (XWIN window 0x4000-0x6FFF) ----------'
      doc:1335  .../matvec_chan.sv:552` and `rtl/seq_movers.sv:186` `XWIN_WORDS` | 1536 | **3072** | exact; `rtl/matvec_chan.sv:547-549` documents the 6 KiB window |  <!--cite...
  REPAIR-SUSPECT rtl/matvec_chan.sv:594-595 -> rtl/matvec_chan.sv:613-614   doc lines 1336,1358,2618   at-base NO
      base rtl/matvec_chan.sv:594  'case (wstate)'
      work rtl/matvec_chan.sv:594  ''
      work rtl/matvec_chan.sv:613  'case (wstate)'   <- proposed
      base end :595 'W_IDLE:' / work end :614 'W_IDLE:'
      doc:1336  ...| `rtl/matvec_chan.sv:594-595` the XWIN decode | 6 KiB | **12 KiB** |...
      doc:1358  ...got wrong.)* `rtl/matvec_chan.sv:594-595` hard-wires exactly 6 KiB:  <!--cites:n...
  REPAIR         rtl/matvec_chan.sv:554 -> rtl/matvec_chan.sv:573   doc lines 1337   at-base yes
      base rtl/matvec_chan.sv:554  '// of XWIN fits with the SLVERR behaviour unchanged (spec 4.5).'
      work rtl/matvec_chan.sv:554  'if (s_axib_arvalid && s_axib_arready) begin'
      work rtl/matvec_chan.sv:573  '// of XWIN fits with the SLVERR behaviour unchanged (spec 4.5).'   <- proposed
      doc:1337  ...| `rtl/matvec_chan.sv:554` `wb_ptr`, `:220` `xptr` | 11 b | **12 ...
  REPAIR         `:220` -> `:230`   doc lines 1337   at-base yes
      base rtl/matvec_chan.sv:220  'logic [15:0] csr_static_nrows;'
      work rtl/matvec_chan.sv:220  ');'
      work rtl/matvec_chan.sv:230  'logic [15:0] csr_static_nrows;'   <- proposed
      doc:1337  ...| `rtl/matvec_chan.sv:554` `wb_ptr`, `:220` `xptr` | 11 b | **12 b** | exact |  <!-...
  REPAIR-SUSPECT rtl/matvec_engine.sv:686-689 -> rtl/matvec_engine.sv:716-719   doc lines 1338,2618   at-base NO
      base rtl/matvec_engine.sv:686  'always_ff @(posedge clk) begin'
      work rtl/matvec_engine.sv:686  ''
      work rtl/matvec_engine.sv:716  'always_ff @(posedge clk) begin'   <- proposed
      base end :689 'cfg_ng, MAX_NG);' / work end :719 'cfg_ng, MAX_NG);'
      doc:1338  ...| `rtl/matvec_engine.sv:686-689` the `cfg_ng` envelope `$fatal` | sim-o...
      doc:2618  ...tvec_chan.sv:595`; `rtl/matvec_engine.sv:246`'s "(:747)" where the `cfg_ng` assert is at `rtl/matvec_engine.sv:686-689`. **And the ones this spec itself got w...
  REPAIR         rtl/matvec_engine.sv:275 -> rtl/matvec_engine.sv:294   doc lines 1342,1548   at-base yes
      base rtl/matvec_engine.sv:275  'wire row_push  = beat_fire && is_last_scale;'
      work rtl/matvec_engine.sv:275  'logic       sc_hold;'
      work rtl/matvec_engine.sv:294  'wire row_push  = beat_fire && is_last_scale;'   <- proposed
      doc:1342  ...> 2·96+2 = 194", and `wbeats` (`rtl/matvec_engine.sv:275`) going 7 b → 8 b. Both are artefacts o...
      doc:1548  ...(`rtl/matvec_engine.sv:275` `wbeats`, `rtl/matvec_engine.sv:278` `...
  REPAIR-SUSPECT rtl/matvec_chan.sv:594-595 -> rtl/matvec_chan.sv:613-614   doc lines 1336,1358,2618   at-base NO
      base rtl/matvec_chan.sv:594  'case (wstate)'
      work rtl/matvec_chan.sv:594  ''
      work rtl/matvec_chan.sv:613  'case (wstate)'   <- proposed
      base end :595 'W_IDLE:' / work end :614 'W_IDLE:'
      doc:1336  ...| `rtl/matvec_chan.sv:594-595` the XWIN decode | 6 KiB | **12 KiB** |...
      doc:1358  ...got wrong.)* `rtl/matvec_chan.sv:594-595` hard-wires exactly 6 KiB:  <!--cites:n...
  REPAIR         rtl/matvec_engine.sv:292-293 -> rtl/matvec_engine.sv:312-313   doc lines 1372   at-base yes
      base rtl/matvec_engine.sv:292  '// csr_static-derived operands that are false-pathed into ui_clk'
      work rtl/matvec_engine.sv:292  'assign s_ready = busy && !row_start_blocked && !scale_blocked;'
      work rtl/matvec_engine.sv:312  '// csr_static-derived operands that are false-pathed into ui_clk'   <- proposed
      base end :293 '// (synth/constraints/fable5_cdc.xdc:14).' / work end :313 '// (synth/constraints/fable5_cdc.xdc:14).'
      doc:1372  ...`rtl/matvec_engine.sv:292-293`:  <!--cites:noquote-->...
  REPAIR         rtl/matvec_engine.sv:300 -> rtl/matvec_engine.sv:320   doc lines 1379   at-base yes
      base rtl/matvec_engine.sv:300  'beat_q <= s_data;'
      work rtl/matvec_engine.sv:300  'logic [1023:0] xline_q;'
      work rtl/matvec_engine.sv:320  'beat_q <= s_data;'   <- proposed
      doc:1379  ...with `scale_beat_idx` at `rtl/matvec_engine.sv:300` likewise two bits. At the **g128** cad...
  REPAIR         rtl/matvec_engine.sv:204 -> rtl/matvec_engine.sv:221   doc lines 1545   at-base yes
      base rtl/matvec_engine.sv:204  'for (int b = 0; b < 32; b++)'
      work rtl/matvec_engine.sv:204  '// 2-D dynamic-bank write defeated LUTRAM inference (32K flops + a'
      work rtl/matvec_engine.sv:221  'for (int b = 0; b < 32; b++)'   <- proposed
      doc:1545  ...(`rtl/matvec_engine.sv:204`), the 8-bit operand mux and the widene...
  REPAIR         rtl/matvec_engine.sv:399-402 -> rtl/matvec_engine.sv:424-427   doc lines 1546   at-base yes
      base rtl/matvec_engine.sv:399  'end'
      work rtl/matvec_engine.sv:399  'g3_q  <= g2_q;'
      work rtl/matvec_engine.sv:424  'end'   <- proposed
      base end :402 '// sum4_q[2..3] are k=64..127.  Same two add-levels as a single-sum' / work end :427 '// sum4_q[2..3] are k=64..127.  Same two add-levels as a single-sum'
      doc:1546  ...(`rtl/matvec_engine.sv:399-402`) and the stage widths tabulated at  <!...
  REPAIR         rtl/matvec_engine.sv:275 -> rtl/matvec_engine.sv:294   doc lines 1342,1548   at-base yes
      base rtl/matvec_engine.sv:275  'wire row_push  = beat_fire && is_last_scale;'
      work rtl/matvec_engine.sv:275  'logic       sc_hold;'
      work rtl/matvec_engine.sv:294  'wire row_push  = beat_fire && is_last_scale;'   <- proposed
      doc:1342  ...> 2·96+2 = 194", and `wbeats` (`rtl/matvec_engine.sv:275`) going 7 b → 8 b. Both are artefacts o...
      doc:1548  ...(`rtl/matvec_engine.sv:275` `wbeats`, `rtl/matvec_engine.sv:278` `...
  REPAIR         rtl/matvec_engine.sv:278 -> rtl/matvec_engine.sv:297   doc lines 1548   at-base yes
      base rtl/matvec_engine.sv:278  '// Stage 0: latch beat + read x line (registered for timing)'
      work rtl/matvec_engine.sv:278  'logic [2:0] rowq;'
      work rtl/matvec_engine.sv:297  '// Stage 0: latch beat + read x line (registered for timing)'   <- proposed
      doc:1548  ...(`rtl/matvec_engine.sv:275` `wbeats`, `rtl/matvec_engine.sv:278` `w8_phase`,  <!--cites:noquote-->...
  REPAIR         rtl/matvec_engine.sv:340 -> rtl/matvec_engine.sv:365   doc lines 1549   at-base yes
      base rtl/matvec_engine.sv:340  'end'
      work rtl/matvec_engine.sv:340  '// legal nibble.'
      work rtl/matvec_engine.sv:365  'end'   <- proposed
      doc:1549  ...`rtl/matvec_engine.sv:340` `ph_q`, `rtl/matvec_engine.sv:358`), a...
  REPAIR         rtl/matvec_engine.sv:358 -> rtl/matvec_engine.sv:383   doc lines 1549   at-base yes
      base rtl/matvec_engine.sv:358  'g2_q  <= g1_q;'
      work rtl/matvec_engine.sv:358  "wn = (k % 2 == 0) ? signed'(beat_q[(k/2)*8 +: 4])"
      work rtl/matvec_engine.sv:383  'g2_q  <= g1_q;'   <- proposed
      doc:1549  ...`rtl/matvec_engine.sv:340` `ph_q`, `rtl/matvec_engine.sv:358`), and SHAPE bit 29  <!--cites:noquote-...
  REPAIR         rtl/matvec_chan.sv:327 -> rtl/matvec_chan.sv:340   doc lines 1551   at-base yes
      base rtl/matvec_chan.sv:327  "10'h004: csr_static_wbeats <= wdata_q;                // WBEATS"
      work rtl/matvec_chan.sv:327  ''
      work rtl/matvec_chan.sv:340  "10'h004: csr_static_wbeats <= wdata_q;                // WBEATS"   <- proposed
      doc:1551  ...decoded at `rtl/matvec_chan.sv:327` `csr_static_w8 <= wdata_q[29];`).  <!-...
  REPAIR         rtl/seq_unit.sv:337 -> rtl/seq_unit.sv:346   doc lines 1601   at-base yes
      base rtl/seq_unit.sv:337  '// R-b: the EMB row size is RUNTIME (CSR 0x60 EMBLOG2), not a localparam'
      work rtl/seq_unit.sv:337  '// hwmap-derived <vec>.caps.hex.'
      work rtl/seq_unit.sv:346  '// R-b: the EMB row size is RUNTIME (CSR 0x60 EMBLOG2), not a localparam'   <- proposed
      doc:1601  ...The CSR **stays runtime**: `rtl/seq_unit.sv:337` `EMBLOG2_RST = 5'd13` and  <!--cites:n...
  REPAIR-SUSPECT rtl/seq_unit.sv:338 -> rtl/seq_unit.sv:347   doc lines 371,1602   at-base NO
      base rtl/seq_unit.sv:338  '// Reset 11 = 2048 B = the 0.8B H=1024 row, so a host that never writes'
      work rtl/seq_unit.sv:338  "localparam logic [31:0] SEQ_CAPS = {24'hFAB1CA, 5'd0,"
      work rtl/seq_unit.sv:347  '// Reset 11 = 2048 B = the 0.8B H=1024 row, so a host that never writes'   <- proposed
      doc:371  ...MAX` | **derived, not from the checkpoint**: `2·H` via `sw/hwmap.py:371-380`; ceiling at `rtl/seq_unit.sv:338` `EMBLOG2_MIN = 5'd8, EMBLOG2_MAX = 5'd...
      doc:1602  ...`rtl/seq_unit.sv:338` `EMBLOG2_MIN = 5'd8, EMBLOG2_MAX = 5'd...
  REPAIR         rtl/seq_unit.sv:903-904 -> rtl/seq_unit.sv:933-934   doc lines 1604   at-base yes
      base rtl/seq_unit.sv:903  'endcase'
      work rtl/seq_unit.sv:903  'wire [31:0] mv_wr_addr, mv_wr_data, mv_rd_addr;'
      work rtl/seq_unit.sv:933  'endcase'   <- proposed
      base end :904 'endfunction' / work end :934 'endfunction'
      doc:1604  ...barrel shift at `rtl/seq_unit.sv:903-904`, range-rejected with `$error` at `rtl/...
  REPAIR         rtl/seq_unit.sv:1297-1301 -> rtl/seq_unit.sv:1329-1333   doc lines 1604   at-base yes
      base rtl/seq_unit.sv:1297  "10'h004: seq_len   <= csr_wdata;"
      work rtl/seq_unit.sv:1297  "if (bulk_left == 24'd1) ist <= I_BULKEND;"
      work rtl/seq_unit.sv:1329  "10'h004: seq_len   <= csr_wdata;"   <- proposed
      base end :1301 '// Host misuse, not a stream error: an out-of-range' / work end :1333 '// Host misuse, not a stream error: an out-of-range'
      doc:1604  ...barrel shift at `rtl/seq_unit.sv:903-904`, range-rejected with `$error` at `rtl/seq_unit.sv:1297-1301`. Cost of...
  REPAIR-SUSPECT rtl/matvec_engine.sv:686 -> rtl/matvec_engine.sv:716   doc lines 1338,1663,2618   at-base NO
      base rtl/matvec_engine.sv:686  'always_ff @(posedge clk) begin'
      work rtl/matvec_engine.sv:686  ''
      work rtl/matvec_engine.sv:716  'always_ff @(posedge clk) begin'   <- proposed
      doc:1338  ...| `rtl/matvec_engine.sv:686-689` the `cfg_ng` envelope `$fatal` | s...
      doc:1663  ...and `rtl/matvec_engine.sv:686` are both `` `ifndef SYNTHESIS ``....
  REPAIR-SUSPECT rtl/matvec_chan.sv:595 -> rtl/matvec_chan.sv:614   doc lines 1699,2618   at-base NO
      base rtl/matvec_chan.sv:595  'W_IDLE:'
      work rtl/matvec_chan.sv:595  'assign s_axib_awready = (wstate == W_IDLE);'
      work rtl/matvec_chan.sv:614  'W_IDLE:'   <- proposed
      doc:1699  ...  already answers an out-of-XWIN write (`rtl/matvec_chan.sv:595`  <!--cites:noquote-->...
      doc:2618  ...at "matvec_chan.sv:531-535" where the XWIN SLVERR is at `rtl/matvec_chan.sv:594-595` and `rtl/matvec_chan.sv:595`; `rtl/matvec_engine.sv:246`'s "(:747)"...
  REPAIR-SUSPECT rtl/matvec_engine.sv:243 -> rtl/matvec_engine.sv:262   doc lines 2618   at-base NO
      base rtl/matvec_engine.sv:243  ''
      work rtl/matvec_engine.sv:243  '// VALUE; the accumulator index is g_cnt, see stage 0).  It is a registe'
      work rtl/matvec_engine.sv:262  ''   <- proposed
      doc:2618  ...pt.py:492-824`; `rtl/layer_chan.sv:331`'s "16K x 16" comment (the arrays are `[32768]`); `rtl/matvec_engine.sv:243` points at "matvec_chan.sv:531-535" whe...
  REPAIR-SUSPECT rtl/matvec_chan.sv:594-595 -> rtl/matvec_chan.sv:613-614   doc lines 1336,1358,2618   at-base NO
      base rtl/matvec_chan.sv:594  'case (wstate)'
      work rtl/matvec_chan.sv:594  ''
      work rtl/matvec_chan.sv:613  'case (wstate)'   <- proposed
      base end :595 'W_IDLE:' / work end :614 'W_IDLE:'
      doc:1336  ...| `rtl/matvec_chan.sv:594-595` the XWIN decode | 6 KiB | **12 KiB** |...
      doc:1358  ...got wrong.)* `rtl/matvec_chan.sv:594-595` hard-wires exactly 6 KiB:  <!--cites:n...
  REPAIR-SUSPECT rtl/matvec_chan.sv:595 -> rtl/matvec_chan.sv:614   doc lines 1699,2618   at-base NO
      base rtl/matvec_chan.sv:595  'W_IDLE:'
      work rtl/matvec_chan.sv:595  'assign s_axib_awready = (wstate == W_IDLE);'
      work rtl/matvec_chan.sv:614  'W_IDLE:'   <- proposed
      doc:1699  ...  already answers an out-of-XWIN write (`rtl/matvec_chan.sv:595`  <!--cites:noquote-->...
      doc:2618  ...at "matvec_chan.sv:531-535" where the XWIN SLVERR is at `rtl/matvec_chan.sv:594-595` and `rtl/matvec_chan.sv:595`; `rtl/matvec_engine.sv:246`'s "(:747)"...
  REPAIR-SUSPECT rtl/matvec_engine.sv:246 -> rtl/matvec_engine.sv:265   doc lines 2618   at-base NO
      base rtl/matvec_engine.sv:246  '// which 32-scale slice of the row this beat carries (0, 1 or 2)'
      work rtl/matvec_engine.sv:246  '// xline_q cone).'
      work rtl/matvec_engine.sv:265  '// which 32-scale slice of the row this beat carries (0, 1 or 2)'   <- proposed
      doc:2618  ..." where the XWIN SLVERR is at `rtl/matvec_chan.sv:594-595` and `rtl/matvec_chan.sv:595`; `rtl/matvec_engine.sv:246`'s "(:747)" where the `cfg_ng` assert i...
  REPAIR-SUSPECT rtl/matvec_engine.sv:686-689 -> rtl/matvec_engine.sv:716-719   doc lines 1338,2618   at-base NO
      base rtl/matvec_engine.sv:686  'always_ff @(posedge clk) begin'
      work rtl/matvec_engine.sv:686  ''
      work rtl/matvec_engine.sv:716  'always_ff @(posedge clk) begin'   <- proposed
      base end :689 'cfg_ng, MAX_NG);' / work end :719 'cfg_ng, MAX_NG);'
      doc:1338  ...| `rtl/matvec_engine.sv:686-689` the `cfg_ng` envelope `$fatal` | sim-o...
      doc:2618  ...tvec_chan.sv:595`; `rtl/matvec_engine.sv:246`'s "(:747)" where the `cfg_ng` assert is at `rtl/matvec_engine.sv:686-689`. **And the ones this spec itself got w...
  COLLATERAL     rtl/matvec_engine.sv:291 -> rtl/matvec_engine.sv:311   doc lines 1333   at-base yes
      base rtl/matvec_engine.sv:291  '// (is_scale_beat / is_last_scale / row_start_blocked) are 7-bit against'
      work rtl/matvec_engine.sv:291  ''
      work rtl/matvec_engine.sv:311  '// (is_scale_beat / is_last_scale / row_start_blocked) are 7-bit against'   <- proposed
      doc:1333  ...| `rtl/matvec_engine.sv:291` `wire [6:0] ng7 = {1'b0, cfg_ng};` | 7...
  COLLATERAL     rtl/matvec_engine.sv:262-264 -> rtl/matvec_engine.sv:281-283   doc lines 1341   at-base yes
      base rtl/matvec_engine.sv:262  ''
      work rtl/matvec_engine.sv:262  ''
      work rtl/matvec_engine.sv:281  ''   <- proposed
      base end :264 '// has issued its last scale read (S2).  The LAST scale beat also pushes' / work end :283 '// has issued its last scale read (S2).  The LAST scale beat also pushes'
      doc:1341  ...> build that strips W8.** It listed `g_cnt` (`rtl/matvec_engine.sv:262-264`) going 7 b → 8 b "because  <!--cites:n...
  COLLATERAL     rtl/seq_unit.sv:347 -> rtl/seq_unit.sv:356   doc lines 1603   at-base yes
      base rtl/seq_unit.sv:347  '// SEQ_EMBLOG2_RST (and EMB_ROW_BYTES_DEFAULT, derived from it).'
      work rtl/seq_unit.sv:347  '// Reset 11 = 2048 B = the 0.8B H=1024 row, so a host that never writes'
      work rtl/seq_unit.sv:356  '// SEQ_EMBLOG2_RST (and EMB_ROW_BYTES_DEFAULT, derived from it).'   <- proposed
      doc:1603  ...register at `rtl/seq_unit.sv:347`, used in the pure...
=== docs/superpowers/specs/2026-09-24-board-idle-counters-design.md  (REPAIR 29, COLLATERAL 1)
  REPAIR         rtl/matvec_chan.sv:33-34 -> rtl/matvec_chan.sv:43-44   doc lines 64   at-base yes
      base rtl/matvec_chan.sv:33  '//   0x18 PERF_CYC_LO R   0x1C PERF_CYC_HI R (cycles@ui_clk, frozen at d'
      work rtl/matvec_chan.sv:33  "//                     word {2'b0, w8[29], g64[28], nrows[27:12], sh[11:"
      work rtl/matvec_chan.sv:43  '//   0x18 PERF_CYC_LO R   0x1C PERF_CYC_HI R (cycles@ui_clk, frozen at d'   <- proposed
      base end :34 '//   0x20 PERF_BEATS  R' / work end :44 '//   0x20 PERF_BEATS  R'
      doc:64  ...  the last MVGO before HALT (RD9 §10.3; `rtl/matvec_chan.sv:33-34`)....
  REPAIR         rtl/matvec_chan.sv:423 -> rtl/matvec_chan.sv:441   doc lines 105   at-base yes
      base rtl/matvec_chan.sv:423  ''
      work rtl/matvec_chan.sv:423  'logic        b_valid, b_ready;'
      work rtl/matvec_chan.sv:441  ''   <- proposed
      doc:105  ...  `ui_busy = st_busy || en_busy` (`rtl/matvec_chan.sv:423`) →...
  REPAIR         rtl/matvec_chan.sv:221-226 -> rtl/matvec_chan.sv:233-238   doc lines 106,501   at-base yes
      base rtl/matvec_chan.sv:221  ''
      work rtl/matvec_chan.sv:221  ''
      work rtl/matvec_chan.sv:233  ''   <- proposed
      base end :226 '' / work end :238 ''
      doc:106  ...  `cdc_meta_stat` → `cdc_sync_stat` (`rtl/matvec_chan.sv:221-226`, `ASYNC_REG`,...
      doc:501  ...  `rtl/matvec_chan.sv:221-226`) → an SLL route → two flops in `seq_un...
  REPAIR         rtl/matvec_chan.sv:342 -> rtl/matvec_chan.sv:357   doc lines 110,508   at-base yes
      base rtl/matvec_chan.sv:342  'default: ;'
      work rtl/matvec_chan.sv:342  'csr_static_sh    <= wdata_q[5:0];'
      work rtl/matvec_chan.sv:357  'default: ;'   <- proposed
      doc:110  ...  channel's own STATUS CSR returns (`rtl/matvec_chan.sv:342`) **and the exact...
      doc:508  ...  source flop (it already feeds the STATUS read mux, `rtl/matvec_chan.sv:342`)....
  REPAIR         rtl/matvec_chan.sv:228-230 -> rtl/matvec_chan.sv:240-242   doc lines 117   at-base yes
      base rtl/matvec_chan.sv:228  'logic ui_busy, ui_done, ui_err;'
      work rtl/matvec_chan.sv:228  'logic [6:0]  csr_static_ng;'
      work rtl/matvec_chan.sv:240  'logic ui_busy, ui_done, ui_err;'   <- proposed
      base end :230 'always_ff @(posedge aclk) begin' / work end :242 'always_ff @(posedge aclk) begin'
      doc:117  ...`perf_cycles`/`perf_beats` already use, `rtl/matvec_chan.sv:228-230`), and...
  REPAIR         rtl/seq_unit.sv:351 -> rtl/seq_unit.sv:360   doc lines 136   at-base yes
      base rtl/seq_unit.sv:351  'wire rstn = aresetn;'
      work rtl/seq_unit.sv:351  '// shift, and making it constant would delete the R-b infrastructure'
      work rtl/seq_unit.sv:360  'wire rstn = aresetn;'   <- proposed
      doc:136  ...the same `busy_r` window `PERF_CYC` uses (`rtl/seq_unit.sv:351`,...
  REPAIR         rtl/seq_unit.sv:945 -> rtl/seq_unit.sv:975   doc lines 137   at-base yes
      base rtl/seq_unit.sv:945  "mv_cmd_valid <= 1'b0;"
      work rtl/seq_unit.sv:945  "+ (ADDR_W'(xrf[3]) << emb_row_log2);"
      work rtl/seq_unit.sv:975  "mv_cmd_valid <= 1'b0;"   <- proposed
      doc:137  ...`rtl/seq_unit.sv:945`) and cleared by the same `START` that ...
  REPAIR         rtl/seq_unit.sv:972-973 -> rtl/seq_unit.sv:1002-1003   doc lines 138,221   at-base yes
      base rtl/seq_unit.sv:972  'err_code <= E_AXI;'
      work rtl/seq_unit.sv:972  "wt_idx <= '0; wt_val <= '0;"
      work rtl/seq_unit.sv:1002  'err_code <= E_AXI;'   <- proposed
      base end :973 'ist <= I_ERR;' / work end :1003 'ist <= I_ERR;'
      doc:138  ...`PERF_*` registers (`rtl/seq_unit.sv:972-973`). One window, one clear, one read...
      doc:221  ...  (`docs/SEQ_ISA.md:257`; clear at `rtl/seq_unit.sv:972-973`). Not cleared by...
  REPAIR         rtl/seq_unit.sv:849 -> rtl/seq_unit.sv:877   doc lines 142   at-base yes
      base rtl/seq_unit.sv:849  ''
      work rtl/seq_unit.sv:849  'endcase'
      work rtl/seq_unit.sv:877  ''   <- proposed
      doc:142  ...`seq_unit` already sees `busy_r`, `mv_busy` (`rtl/seq_unit.sv:849`), `mv_op`...
  REPAIR         rtl/seq_unit.sv:851 -> rtl/seq_unit.sv:879   doc lines 143   at-base yes
      base rtl/seq_unit.sv:851  '// (RUNG3 S8).  The DDR read side (m_axi, 128-bit) is untouched.'
      work rtl/seq_unit.sv:851  ''
      work rtl/seq_unit.sv:879  '// (RUNG3 S8).  The DDR read side (m_axi, 128-bit) is untouched.'   <- proposed
      doc:143  ...(`rtl/seq_unit.sv:851`; `2'd3` = FENCE, `rtl/seq_unit.sv:1068...
  REPAIR         rtl/seq_unit.sv:1068-1071 -> rtl/seq_unit.sv:1099-1102   doc lines 143   at-base yes
      base rtl/seq_unit.sv:1068  "mv_cmd_valid <= 1'b1;"
      work rtl/seq_unit.sv:1068  'if (r_tgt[7:0] == L_ARG0[7:0]) arg0_sh <= imm_res;'
      work rtl/seq_unit.sv:1099  "mv_cmd_valid <= 1'b1;"   <- proposed
      base end :1071 'OP_MOVY: begin' / work end :1102 'OP_MOVY: begin'
      doc:143  ...(`rtl/seq_unit.sv:851`; `2'd3` = FENCE, `rtl/seq_unit.sv:1068-1071`,...
  REPAIR         rtl/seq_movers.sv:168 -> rtl/seq_movers.sv:177   doc lines 144   at-base yes
      base rtl/seq_movers.sv:168  "localparam logic [1:0] MOP_FENCE = 2'd3;"
      work rtl/seq_movers.sv:168  'output logic        m_axib_rready'
      work rtl/seq_movers.sv:177  "localparam logic [1:0] MOP_FENCE = 2'd3;"   <- proposed
      doc:144  ...`MOP_FENCE` at `rtl/seq_movers.sv:168`), the issue-FSM state `ist`...
  REPAIR         rtl/seq_unit.sv:816-825 -> rtl/seq_unit.sv:844-853   doc lines 145   at-base yes
      base rtl/seq_unit.sv:816  "else if (r_tgt >= 16'd8)         begin v_bad=1; v_code=E_XRFIDX; end"
      work rtl/seq_unit.sv:816  "else if ((r_ind == IND_NONE) && (r_xrfy != 3'd0))"
      work rtl/seq_unit.sv:844  "else if (r_tgt >= 16'd8)         begin v_bad=1; v_code=E_XRFIDX; end"   <- proposed
      base end :825 '// issue FSM' / work end :853 '// issue FSM'
      doc:145  ...(`rtl/seq_unit.sv:816-825`) and the decoded opcode. What it does ...
  REPAIR         rtl/seq_movers.sv:821-824 -> rtl/seq_movers.sv:839-842   doc lines 147   at-base yes
      base rtl/seq_movers.sv:821  '// FENCE: drain every channel a no-wait MVGO left running that'
      work rtl/seq_movers.sv:821  "y_half      <= 1'b0;"
      work rtl/seq_movers.sv:839  '// FENCE: drain every channel a no-wait MVGO left running that'   <- proposed
      base end :824 '// FENCE also drains the AXI-Lite write pipe: a run of CSRWRs' / work end :842 '// FENCE also drains the AXI-Lite write pipe: a run of CSRWRs'
      doc:147  ...over AXI-Lite (`rtl/seq_movers.sv:821-824`). So the design adds **four 1-bit...
  REPAIR         rtl/matvec_chan.sv:225 -> rtl/matvec_chan.sv:237   doc lines 152   at-base yes
      base rtl/matvec_chan.sv:225  'logic        xfifo_ovfl;'
      work rtl/matvec_chan.sv:225  '// quasi-static cfg (named csr_static_* for the CDC false-path rule)'
      work rtl/matvec_chan.sv:237  'logic        xfifo_ovfl;'   <- proposed
      doc:152  ...ec_chan` (and `rtl/matvec_chan_ipi.v`) driven by a dedicated flop of `cdc_sync_stat[0]` (`rtl/matvec_chan.sv:225`) | new input port on `seq_unit` (and `...
  REPAIR         rtl/seq_unit.sv:1073 -> rtl/seq_unit.sv:1104   doc lines 188   at-base yes
      base rtl/seq_unit.sv:1073  'mv_saddr <= r_lo[15:0]; mv_len <= r_hi[23:0];'
      work rtl/seq_unit.sv:1073  'wr_data_r <= imm_res;'
      work rtl/seq_unit.sv:1104  'mv_saddr <= r_lo[15:0]; mv_len <= r_hi[23:0];'   <- proposed
      doc:188  ...ps** (events): `OP_EMB` records dispatched | pulse on the `I_EXEC` dispatch of `OP_EMB` (`rtl/seq_unit.sv:1073`) | six per launch of `model_9b_s1` (ce...
  REPAIR         rtl/seq_unit.sv:373 -> rtl/seq_unit.sv:382   doc lines 212   at-base yes
      base rtl/seq_unit.sv:373  '// extra MSB that makes full and empty distinguishable, exactly as the'
      work rtl/seq_unit.sv:373  ''
      work rtl/seq_unit.sv:382  '// extra MSB that makes full and empty distinguishable, exactly as the'   <- proposed
      doc:212  ...* **Width: 32 bits**, like `PERF_CYC` (`rtl/seq_unit.sv:373`). The longest...
  REPAIR         rtl/seq_unit.sv:972-973 -> rtl/seq_unit.sv:1002-1003   doc lines 138,221   at-base yes
      base rtl/seq_unit.sv:972  'err_code <= E_AXI;'
      work rtl/seq_unit.sv:972  "wt_idx <= '0; wt_val <= '0;"
      work rtl/seq_unit.sv:1002  'err_code <= E_AXI;'   <- proposed
      base end :973 'ist <= I_ERR;' / work end :1003 'ist <= I_ERR;'
      doc:138  ...`PERF_*` registers (`rtl/seq_unit.sv:972-973`). One window, one clear, one read...
      doc:221  ...  (`docs/SEQ_ISA.md:257`; clear at `rtl/seq_unit.sv:972-973`). Not cleared by...
  REPAIR-SUSPECT rtl/seq_unit.sv:1455-1484 -> rtl/seq_unit.sv:1487-1516   doc lines 267,275,495   at-base NO
      base rtl/seq_unit.sv:1455  "? (LAYER_BASE + {20'd0, L_EOUT})"
      work rtl/seq_unit.sv:1455  "6'h06:   bm_rdata = bm_fence;        // 0x118"
      work rtl/seq_unit.sv:1487  "? (LAYER_BASE + {20'd0, L_EOUT})"   <- proposed
      base end :1484 '.cmd_valid(mv_cmd_valid), .cmd_ready(mv_cmd_ready),' / work end :1516 '.cmd_valid(mv_cmd_valid), .cmd_ready(mv_cmd_ready),'
      doc:267  ..., `0x60` EMBLOG2; everything else reads `0xDEADC0DE` | `rtl/seq_unit.sv:24-48`, read mux `rtl/seq_unit.sv:1455-1484`, `docs/SEQ_ISA.md:231-275` (B1) |...
      doc:275  ...  (`rtl/seq_unit.sv:1455-1484`), and the read mux's XRF default decod...
  REPAIR         rtl/matvec_chan.sv:341-356 -> rtl/matvec_chan.sv:356-371   doc lines 269   at-base yes
      base rtl/matvec_chan.sv:341  "10'h00B: res_ptr <= wdata_q[11:0];                    // RES_PTR"
      work rtl/matvec_chan.sv:341  "10'h005: begin                                        // SHAPE"
      work rtl/matvec_chan.sv:356  "10'h00B: res_ptr <= wdata_q[11:0];                    // RES_PTR"   <- proposed
      base end :356 "10'h004: s_axil_rdata <= csr_static_wbeats;" / work end :371 "10'h004: s_axil_rdata <= csr_static_wbeats;"
      doc:269  ...| matvec_chan c | `0x1000·(c+1)` | `0x00`..`0x34` | `rtl/matvec_chan.sv:12-39`, read mux `rtl/matvec_chan.sv:341-356` |...
  REPAIR-SUSPECT rtl/seq_unit.sv:1455-1484 -> rtl/seq_unit.sv:1487-1516   doc lines 267,275,495   at-base NO
      base rtl/seq_unit.sv:1455  "? (LAYER_BASE + {20'd0, L_EOUT})"
      work rtl/seq_unit.sv:1455  "6'h06:   bm_rdata = bm_fence;        // 0x118"
      work rtl/seq_unit.sv:1487  "? (LAYER_BASE + {20'd0, L_EOUT})"   <- proposed
      base end :1484 '.cmd_valid(mv_cmd_valid), .cmd_ready(mv_cmd_ready),' / work end :1516 '.cmd_valid(mv_cmd_valid), .cmd_ready(mv_cmd_ready),'
      doc:267  ..., `0x60` EMBLOG2; everything else reads `0xDEADC0DE` | `rtl/seq_unit.sv:24-48`, read mux `rtl/seq_unit.sv:1455-1484`, `docs/SEQ_ISA.md:231-275` (B1) |...
      doc:275  ...  (`rtl/seq_unit.sv:1455-1484`), and the read mux's XRF default decod...
  REPAIR         rtl/seq_unit.sv:1482 -> rtl/seq_unit.sv:1514   doc lines 276   at-base yes
      base rtl/seq_unit.sv:1482  ') u_mov ('
      work rtl/seq_unit.sv:1482  "fsm_wr_addr  = LAYER_BASE + {20'd0, XRFI_OFF};"
      work rtl/seq_unit.sv:1514  ') u_mov ('   <- proposed
      doc:276  ...  `s_axil_araddr[11:5] == 7'h02` (`rtl/seq_unit.sv:1482`), which `0x100`+ cannot match;...
  REPAIR         rtl/seq_unit.sv:1305 -> rtl/seq_unit.sv:1337   doc lines 278   at-base yes
      base rtl/seq_unit.sv:1305  '// a host CSR write, and inventing one would change'
      work rtl/seq_unit.sv:1305  'ist <= I_FETCH;'
      work rtl/seq_unit.sv:1337  '// a host CSR write, and inventing one would change'   <- proposed
      doc:278  ...  (`rtl/seq_unit.sv:1305`), which `0x100`+ cannot match either;...
  REPAIR         rtl/seq_unit.sv:320 -> rtl/seq_unit.sv:322   doc lines 315   at-base yes
      base rtl/seq_unit.sv:320  '// The four are TIED BY evidence/qwen9b/g3/isa_bits.py, which PARSES'
      work rtl/seq_unit.sv:320  "// ref/seq_format.py -- because RTL cannot consume another module's"
      work rtl/seq_unit.sv:322  '// The four are TIED BY evidence/qwen9b/g3/isa_bits.py, which PARSES'   <- proposed
      doc:315  ...`rtl/seq_unit.sv:320`, `0xFAB1E5A0` `rtl/layer_chan.sv:23`, ...
  REPAIR         rtl/matvec_chan.sv:39 -> rtl/matvec_chan.sv:49   doc lines 316   at-base yes
      base rtl/matvec_chan.sv:39  '//   0x34 IDENT     R  0xFAB1C4A0 | CHAN_ID'
      work rtl/matvec_chan.sv:39  '//                     carry -- 29 (w8) and 28 (g64) -- with the engine'
      work rtl/matvec_chan.sv:49  '//   0x34 IDENT     R  0xFAB1C4A0 | CHAN_ID'   <- proposed
      doc:316  ...`rtl/matvec_chan.sv:39`, `0xFAB1704B` `rtl/layer_chan.sv:35`.)...
  REPAIR         rtl/seq_unit.sv:1484 -> rtl/seq_unit.sv:1516   doc lines 341   at-base yes
      base rtl/seq_unit.sv:1484  '.cmd_valid(mv_cmd_valid), .cmd_ready(mv_cmd_ready),'
      work rtl/seq_unit.sv:1484  'I_XRFRD: begin'
      work rtl/seq_unit.sv:1516  '.cmd_valid(mv_cmd_valid), .cmd_ready(mv_cmd_ready),'   <- proposed
      doc:341  ...   (`rtl/seq_unit.sv:1484`) and the key is omitted — **feature de...
  REPAIR-SUSPECT rtl/seq_unit.sv:1455-1484 -> rtl/seq_unit.sv:1487-1516   doc lines 267,275,495   at-base NO
      base rtl/seq_unit.sv:1455  "? (LAYER_BASE + {20'd0, L_EOUT})"
      work rtl/seq_unit.sv:1455  "6'h06:   bm_rdata = bm_fence;        // 0x118"
      work rtl/seq_unit.sv:1487  "? (LAYER_BASE + {20'd0, L_EOUT})"   <- proposed
      base end :1484 '.cmd_valid(mv_cmd_valid), .cmd_ready(mv_cmd_ready),' / work end :1516 '.cmd_valid(mv_cmd_valid), .cmd_ready(mv_cmd_ready),'
      doc:267  ..., `0x60` EMBLOG2; everything else reads `0xDEADC0DE` | `rtl/seq_unit.sv:24-48`, read mux `rtl/seq_unit.sv:1455-1484`, `docs/SEQ_ISA.md:231-275` (B1) |...
      doc:275  ...  (`rtl/seq_unit.sv:1455-1484`), and the read mux's XRF default decod...
  REPAIR         rtl/matvec_chan.sv:221-226 -> rtl/matvec_chan.sv:233-238   doc lines 106,501   at-base yes
      base rtl/matvec_chan.sv:221  ''
      work rtl/matvec_chan.sv:221  ''
      work rtl/matvec_chan.sv:233  ''   <- proposed
      base end :226 '' / work end :238 ''
      doc:106  ...  `cdc_meta_stat` → `cdc_sync_stat` (`rtl/matvec_chan.sv:221-226`, `ASYNC_REG`,...
      doc:501  ...  `rtl/matvec_chan.sv:221-226`) → an SLL route → two flops in `seq_un...
  REPAIR         rtl/matvec_chan.sv:342 -> rtl/matvec_chan.sv:357   doc lines 110,508   at-base yes
      base rtl/matvec_chan.sv:342  'default: ;'
      work rtl/matvec_chan.sv:342  'csr_static_sh    <= wdata_q[5:0];'
      work rtl/matvec_chan.sv:357  'default: ;'   <- proposed
      doc:110  ...  channel's own STATUS CSR returns (`rtl/matvec_chan.sv:342`) **and the exact...
      doc:508  ...  source flop (it already feeds the STATUS read mux, `rtl/matvec_chan.sv:342`)....
  COLLATERAL     rtl/matvec_chan.sv:12-39 -> rtl/matvec_chan.sv:12-49   doc lines 269   at-base yes
      base rtl/matvec_chan.sv:12  '// Register map (byte addr, 32-bit):'
      work rtl/matvec_chan.sv:12  '// Register map (byte addr, 32-bit):'
      work rtl/matvec_chan.sv:12  '// Register map (byte addr, 32-bit):'   <- proposed
      base end :39 '//   0x34 IDENT     R  0xFAB1C4A0 | CHAN_ID' / work end :49 '//   0x34 IDENT     R  0xFAB1C4A0 | CHAN_ID'
      doc:269  ...| matvec_chan c | `0x1000·(c+1)` | `0x00`..`0x34` | `rtl/matvec_chan.sv:12-39`, read mux `rtl/matvec_chan.sv:341-356`...
=== docs/superpowers/specs/2026-09-27-seq-rtl-round-design.md  (REPAIR 49, COLLATERAL 0)
  REPAIR         rtl/seq_movers.sv:241 -> rtl/seq_movers.sv:255   doc lines 99   at-base yes
      base rtl/seq_movers.sv:241  'logic [3:0]  chan_pend;'
      work rtl/seq_movers.sv:241  'logic [23:0] beats_q;'
      work rtl/seq_movers.sv:255  'logic [3:0]  chan_pend;'   <- proposed
      doc:99  ...ver keeps one pending bit per channel, set by a no-wait MVGO after its doorbell drains | `rtl/seq_movers.sv:241`, `rtl/seq_movers.sv:709-713` |...
  REPAIR         rtl/seq_movers.sv:709-713 -> rtl/seq_movers.sv:727-731   doc lines 99   at-base yes
      base rtl/seq_movers.sv:709  'G_DRAIN: if (wr_idle) begin'
      work rtl/seq_movers.sv:709  'st  <= X_STAT;'
      work rtl/seq_movers.sv:727  'G_DRAIN: if (wr_idle) begin'   <- proposed
      base end :713 'end else begin' / work end :731 'end else begin'
      doc:99  ... per channel, set by a no-wait MVGO after its doorbell drains | `rtl/seq_movers.sv:241`, `rtl/seq_movers.sv:709-713` |...
  REPAIR         rtl/seq_movers.sv:709-721 -> rtl/seq_movers.sv:727-739   doc lines 100   at-base yes
      base rtl/seq_movers.sv:709  'G_DRAIN: if (wr_idle) begin'
      work rtl/seq_movers.sv:709  'st  <= X_STAT;'
      work rtl/seq_movers.sv:727  'G_DRAIN: if (wr_idle) begin'   <- proposed
      base end :721 "if (guard_cnt == 32'(MVGO_GUARD - 1)) begin" / work end :739 "if (guard_cnt == 32'(MVGO_GUARD - 1)) begin"
      doc:100  ...| the MVGO path never looks at that bit (a second MVGO re-starts the engine) | `rtl/seq_movers.sv:709-721`, `rtl/matvec_engine.sv:453-460` |...
  REPAIR         rtl/matvec_engine.sv:453-460 -> rtl/matvec_engine.sv:478-485   doc lines 100   at-base yes
      base rtl/matvec_engine.sv:453  'if (start) begin'
      work rtl/matvec_engine.sv:453  'logic signed [17:0] acc_bank_lo [2][MAX_NG];'
      work rtl/matvec_engine.sv:478  'if (start) begin'   <- proposed
      base end :460 'end' / work end :485 'end'
      doc:100  ...er looks at that bit (a second MVGO re-starts the engine) | `rtl/seq_movers.sv:709-721`, `rtl/matvec_engine.sv:453-460` |...
  REPAIR         rtl/seq_movers.sv:639 -> rtl/seq_movers.sv:655   doc lines 101   at-base yes
      base rtl/seq_movers.sv:639  "MOP_FENCE: begin fence_chan <= 2'd0; st <= F_SCAN; end"
      work rtl/seq_movers.sv:639  'shift_q <= cmd_shift; shape_q <= cmd_shape;'
      work rtl/seq_movers.sv:655  "MOP_FENCE: begin fence_chan <= 2'd0; st <= F_SCAN; end"   <- proposed
      doc:101  ...s 0..3 in order and polls every pending one; it also waits for the AXI-Lite write pipe | `rtl/seq_movers.sv:639`, `rtl/seq_movers.sv:827-838` |...
  REPAIR         rtl/seq_movers.sv:827-838 -> rtl/seq_movers.sv:845-856   doc lines 101,142   at-base yes
      base rtl/seq_movers.sv:827  'F_SCAN: if (wr_idle) begin'
      work rtl/seq_movers.sv:827  '&& !yf_push && !yf_pop && !y_val_valid'
      work rtl/seq_movers.sv:845  'F_SCAN: if (wr_idle) begin'   <- proposed
      base end :838 'end' / work end :856 'end'
      doc:101  ... every pending one; it also waits for the AXI-Lite write pipe | `rtl/seq_movers.sv:639`, `rtl/seq_movers.sv:827-838` |...
      doc:142  ...  mask is latched as 4'hF. F_SCAN (`rtl/seq_movers.sv:827-838`) tests...
  REPAIR         rtl/seq_movers.sv:732-740 -> rtl/seq_movers.sv:750-758   doc lines 102,144   at-base yes
      base rtl/seq_movers.sv:732  'G_POLLW: if (rd_rsp_valid) begin'
      work rtl/seq_movers.sv:732  "guard_cnt <= '0;"
      work rtl/seq_movers.sv:750  'G_POLLW: if (rd_rsp_valid) begin'   <- proposed
      base end :740 '' / work end :758 ''
      doc:102  ...| a poll that sees done clears that channel's bit and returns to the scan | `rtl/seq_movers.sv:732-740` |...
      doc:144  ...  (`rtl/seq_movers.sv:732-740`) is unchanged....
  REPAIR         rtl/seq_unit.sv:806-813 -> rtl/seq_unit.sv:834-841   doc lines 103,136   at-base yes
      base rtl/seq_unit.sv:806  'OP_FENCE:'
      work rtl/seq_unit.sv:806  '// SR12 (B17.2): MOVX target[11:0] = the XWIN start word,'
      work rtl/seq_unit.sv:834  'OP_FENCE:'   <- proposed
      base end :813 'begin v_bad=1; v_code=E_RSVD; end' / work end :841 'begin v_bad=1; v_code=E_RSVD; end'
      doc:103  ...| the decoder faults (err 0x06) on ANY non-zero FENCE field | `rtl/seq_unit.sv:806-813` |...
      doc:136  ...  (`rtl/seq_unit.sv:806-813`): FENCE requires flags, imm32, addr_lo...
  REPAIR         rtl/seq_unit.sv:718 -> rtl/seq_unit.sv:727   doc lines 105   at-base yes
      base rtl/seq_unit.sv:718  'wire [3:0]  r_chan = r_flags[7:4];                    // MOVX/MVGO (A1)'
      work rtl/seq_unit.sv:718  'wire  [7:0]  r_flags = rec[15:8];'
      work rtl/seq_unit.sv:727  'wire [3:0]  r_chan = r_flags[7:4];                    // MOVX/MVGO (A1)'   <- proposed
      doc:105  ...); the RTL does not look at MOVX target at all, and uses only MVGO target[0] (no-wait) | `rtl/seq_unit.sv:718`, `rtl/seq_unit.sv:778-785`, `rtl/seq_u...
  REPAIR         rtl/seq_unit.sv:778-785 -> rtl/seq_unit.sv:798-805   doc lines 105   at-base yes
      base rtl/seq_unit.sv:778  'OP_MOVX, OP_MVGO: begin'
      work rtl/seq_unit.sv:778  "wire        v_movy_rsvd = (r_hi[23:0] > {11'd0, v_yroom});"
      work rtl/seq_unit.sv:798  'OP_MOVX, OP_MVGO: begin'   <- proposed
      base end :785 'begin v_bad=1; v_code=E_ENV; end' / work end :805 'begin v_bad=1; v_code=E_ENV; end'
      doc:105  ...k at MOVX target at all, and uses only MVGO target[0] (no-wait) | `rtl/seq_unit.sv:718`, `rtl/seq_unit.sv:778-785`, `rtl/seq_unit.sv:1067`, `docs/SEQ_ISA...
  REPAIR         rtl/seq_unit.sv:1067 -> rtl/seq_unit.sv:1098   doc lines 105   at-base yes
      base rtl/seq_unit.sv:1067  'mv_nowait <= r_tgt[0];'
      work rtl/seq_unit.sv:1067  "if (r_tgt[15:12] == 4'h0) begin"
      work rtl/seq_unit.sv:1098  'mv_nowait <= r_tgt[0];'   <- proposed
      doc:105  ...d uses only MVGO target[0] (no-wait) | `rtl/seq_unit.sv:718`, `rtl/seq_unit.sv:778-785`, `rtl/seq_unit.sv:1067`, `docs/SEQ_ISA.md:692-697` |...
  REPAIR         rtl/seq_movers.sv:182 -> rtl/seq_movers.sv:191   doc lines 106   at-base yes
      base rtl/seq_movers.sv:182  "localparam logic [31:0] MVB_XWIN = 32'h0000_4000;   // 3072 words x 4 B"
      work rtl/seq_movers.sv:182  "localparam logic [11:0] MV_WBLO   = 12'h008;"
      work rtl/seq_movers.sv:191  "localparam logic [31:0] MVB_XWIN = 32'h0000_4000;   // 3072 words x 4 B"   <- proposed
      doc:106  ...| MOVX always writes the XWIN from word 0: the burst address is the window base | `rtl/seq_movers.sv:182`, `rtl/seq_movers.sv:658` |...
  REPAIR         rtl/matvec_chan.sv:600 -> rtl/matvec_chan.sv:619   doc lines 107,224   at-base yes
      base rtl/matvec_chan.sv:600  'wb_ptr <= s_axib_awaddr[13:2];'
      work rtl/matvec_chan.sv:600  ''
      work rtl/matvec_chan.sv:619  'wb_ptr <= s_axib_awaddr[13:2];'   <- proposed
      doc:107  ...| the matvec_chan XWIN burst shim already takes the start word from the burst address | `rtl/matvec_chan.sv:600`, `rtl/matvec_chan.sv:580` |...
      doc:224  ...  (`rtl/matvec_chan.sv:600`)....
  REPAIR         rtl/matvec_chan.sv:580 -> rtl/matvec_chan.sv:599   doc lines 107   at-base yes
      base rtl/matvec_chan.sv:580  'assign xf_din_b       = {wb_ptr, ws_d};'
      work rtl/matvec_chan.sv:580  'logic        ws_v, ws_last;                   // 1-deep W skid'
      work rtl/matvec_chan.sv:599  'assign xf_din_b       = {wb_ptr, ws_d};'   <- proposed
      doc:107  ...rst shim already takes the start word from the burst address | `rtl/matvec_chan.sv:600`, `rtl/matvec_chan.sv:580` |...
  REPAIR         rtl/seq_movers.sv:763 -> rtl/seq_movers.sv:781   doc lines 108,221   at-base yes
      base rtl/seq_movers.sv:763  "br_saddr  <= mvbaddr(chan_q, MVB_RES + {18'd0, res_row_q, 2'b00});"
      work rtl/seq_movers.sv:763  'Y_SPTR:   if (wr_fire) st <= Y_DRAIN;'
      work rtl/seq_movers.sv:781  "br_saddr  <= mvbaddr(chan_q, MVB_RES + {18'd0, res_row_q, 2'b00});"   <- proposed
      doc:108  ...h, already carried in the burst address and the RES_PTR write | `rtl/seq_movers.sv:628`, `rtl/seq_movers.sv:763`, `rtl/seq_movers.sv:898-899` |...
      doc:221  ...  (`rtl/seq_movers.sv:763`, `rtl/seq_movers.sv:898-899`). MOVX ad...
  REPAIR         rtl/seq_movers.sv:898-899 -> rtl/seq_movers.sv:916-917   doc lines 108,221   at-base yes
      base rtl/seq_movers.sv:898  'wr_addr  = mvaddr(chan_q, MV_RESPTR);'
      work rtl/seq_movers.sv:898  "wr_data  = 32'd0;"
      work rtl/seq_movers.sv:916  'wr_addr  = mvaddr(chan_q, MV_RESPTR);'   <- proposed
      base end :899 "wr_data  = {20'd0, res_row_q}; end" / work end :917 "wr_data  = {20'd0, res_row_q}; end"
      doc:108  ... burst address and the RES_PTR write | `rtl/seq_movers.sv:628`, `rtl/seq_movers.sv:763`, `rtl/seq_movers.sv:898-899` |...
      doc:221  ...  (`rtl/seq_movers.sv:763`, `rtl/seq_movers.sv:898-899`). MOVX adds the start...
  REPAIR         rtl/matvec_chan.sv:538 -> rtl/matvec_chan.sv:557   doc lines 109   at-base yes
      base rtl/matvec_chan.sv:538  'rb_addr  <= s_axib_araddr[13:2];      // S12: full 12b'
      work rtl/matvec_chan.sv:538  'if (r_issue) begin'
      work rtl/matvec_chan.sv:557  'rb_addr  <= s_axib_araddr[13:2];      // S12: full 12b'   <- proposed
      doc:109  ...| the RES burst read takes its start row from the address, full 12 bits | `rtl/matvec_chan.sv:538` |...
  REPAIR         rtl/matvec_chan.sv:328-332 -> rtl/matvec_chan.sv:341-347   doc lines 110,208,225   at-base yes
      base rtl/matvec_chan.sv:328  "10'h005: begin                                        // SHAPE"
      work rtl/matvec_chan.sv:328  'if (s_axil_awvalid && s_axil_awready) begin'
      work rtl/matvec_chan.sv:341  "10'h005: begin                                        // SHAPE"   <- proposed
      base end :332 'end' / work end :347 'end'
      doc:110  ...tores only sh, nrows and ng; bits 31:29 are spare and dropped | `rtl/matvec_chan.sv:18`, `rtl/matvec_chan.sv:328-332` |...
      doc:208  ...it 29 = XBANK | imm32 | x_line starts at line 48 instead of 0 | **ignored** (not stored, `rtl/matvec_chan.sv:328-332`) |...
  REPAIR         rtl/matvec_engine.sv:202-207 -> rtl/matvec_engine.sv:219-224   doc lines 111   at-base yes
      base rtl/matvec_engine.sv:202  '(* ram_style = "distributed" *) logic [31:0] x_mem [32][MAX_NG];'
      work rtl/matvec_engine.sv:202  '// Read: full 1024-bit line for the current group.'
      work rtl/matvec_engine.sv:219  '(* ram_style = "distributed" *) logic [31:0] x_mem [32][MAX_NG];'   <- proposed
      base end :207 'end' / work end :224 'end'
      doc:111  ...| x_mem is 32 banks x 96 lines of 32-bit LUTRAM, written whenever the x FIFO pops | `rtl/matvec_engine.sv:202-207` |...
  REPAIR         rtl/matvec_engine.sv:447 -> rtl/matvec_engine.sv:472   doc lines 112,235   at-base yes
      base rtl/matvec_engine.sv:447  "x_line    <= '0;"
      work rtl/matvec_engine.sv:447  ''
      work rtl/matvec_engine.sv:472  "x_line    <= '0;"   <- proposed
      doc:112  ...ress) is a bare register: 0 at reset, at start and at each row end, +1 per weight beat | `rtl/matvec_engine.sv:447`, `rtl/matvec_engine.sv:455`, `rtl/matv...
      doc:235  ...  `rtl/matvec_engine.sv:447`, needs no bank value) (only bits 5:4 o...
  REPAIR         rtl/matvec_engine.sv:483 -> rtl/matvec_engine.sv:513   doc lines 112   at-base yes
      base rtl/matvec_engine.sv:483  "x_line <= x_line + 7'd1;"
      work rtl/matvec_engine.sv:483  "busy     <= 1'b1;"
      work rtl/matvec_engine.sv:513  "x_line <= x_line + 7'd1;"   <- proposed
      doc:112  ...at | `rtl/matvec_engine.sv:447`, `rtl/matvec_engine.sv:455`, `rtl/matvec_engine.sv:470`, `rtl/matvec_engine.sv:483` |...
  REPAIR         rtl/matvec_engine.sv:297-305 -> rtl/matvec_engine.sv:317-330   doc lines 113,244   at-base yes
      base rtl/matvec_engine.sv:297  'end else begin'
      work rtl/matvec_engine.sv:297  '// Stage 0: latch beat + read x line (registered for timing)'
      work rtl/matvec_engine.sv:317  'end else begin'   <- proposed
      base end :305 'end' / work end :330 'end'
      doc:113  ...he x_mem read into xline_q is enabled by the beat-fire CE (the FV class "xline_q0 CE") | `rtl/matvec_engine.sv:297-305` |...
      doc:244  ...(beat fire → 1,024 CE pins, `rtl/matvec_engine.sv:297-305`; FV class...
  REPAIR         rtl/matvec_engine.sv:448 -> rtl/matvec_engine.sv:473   doc lines 114   at-base yes
      base rtl/matvec_engine.sv:448  "row_in    <= '0;"
      work rtl/matvec_engine.sv:448  '// ------------------------------------------------------------------'
      work rtl/matvec_engine.sv:473  "row_in    <= '0;"   <- proposed
      doc:114  ...| row_in (the row tag that becomes the RES write address) is 0 at reset and at start | `rtl/matvec_engine.sv:448`, `rtl/matvec_engine.sv:456`, `rtl/matv...
  REPAIR         rtl/matvec_engine.sv:471 -> rtl/matvec_engine.sv:496   doc lines 114   at-base yes
      base rtl/matvec_engine.sv:471  "row_in       <= row_in + 1'b1;"
      work rtl/matvec_engine.sv:471  "g_cnt     <= '0;"
      work rtl/matvec_engine.sv:496  "row_in       <= row_in + 1'b1;"   <- proposed
      doc:114  ...ss) is 0 at reset and at start | `rtl/matvec_engine.sv:448`, `rtl/matvec_engine.sv:456`, `rtl/matvec_engine.sv:471`, `rtl/matvec_engine.sv:590` |...
  REPAIR         rtl/matvec_engine.sv:590 -> rtl/matvec_engine.sv:620   doc lines 114   at-base yes
      base rtl/matvec_engine.sv:590  'pd_row   <= row_in;'
      work rtl/matvec_engine.sv:590  'logic [31+ROW_W:0] ofifo [ODEPTH];'
      work rtl/matvec_engine.sv:620  'pd_row   <= row_in;'   <- proposed
      doc:114  ...rt | `rtl/matvec_engine.sv:448`, `rtl/matvec_engine.sv:456`, `rtl/matvec_engine.sv:471`, `rtl/matvec_engine.sv:590` |...
  REPAIR         rtl/matvec_chan.sv:450 -> rtl/matvec_chan.sv:469   doc lines 115,238   at-base yes
      base rtl/matvec_chan.sv:450  '.wea(m_valid), .addra(m_row[11:0]), .dina(m_y32),'
      work rtl/matvec_chan.sv:450  ".m_valid(m_valid), .m_ready(1'b1), .m_y32(m_y32), .m_row(m_row)"
      work rtl/matvec_chan.sv:469  '.wea(m_valid), .addra(m_row[11:0]), .dina(m_y32),'   <- proposed
      doc:115  ...| the RES BRAM port-A address is the engine's row tag | `rtl/matvec_chan.sv:450` |...
      doc:238  ...  that path (`rtl/matvec_chan.sv:450`). The engine's envelope check is a...
  REPAIR         rtl/seq_movers.sv:827 -> rtl/seq_movers.sv:845   doc lines 101,129,142   at-base yes
      base rtl/seq_movers.sv:827  'F_SCAN: if (wr_idle) begin'
      work rtl/seq_movers.sv:827  '&& !yf_push && !yf_pop && !y_val_valid'
      work rtl/seq_movers.sv:845  'F_SCAN: if (wr_idle) begin'   <- proposed
      doc:101  ... every pending one; it also waits for the AXI-Lite write pipe | `rtl/seq_movers.sv:639`, `rtl/seq_movers.sv:827-838` |...
      doc:129  ...`rtl/seq_movers.sv:827`) in every case; the burst write engine...
  REPAIR         rtl/seq_movers.sv:689 -> rtl/seq_movers.sv:707   doc lines 131   at-base yes
      base rtl/seq_movers.sv:689  'X_END: if (wr_idle && bw_idle) begin'
      work rtl/seq_movers.sv:689  'X_RUN: begin'
      work rtl/seq_movers.sv:707  'X_END: if (wr_idle && bw_idle) begin'   <- proposed
      doc:131  ...they retire (`rtl/seq_movers.sv:689`, `rtl/seq_movers.sv:818`). HALT keeps...
  REPAIR         rtl/seq_movers.sv:818 -> rtl/seq_movers.sv:836   doc lines 131   at-base yes
      base rtl/seq_movers.sv:818  'Y_END: if (wr_idle && bw_idle) st <= S_DONE;'
      work rtl/seq_movers.sv:818  's3_t     <= dq_t;'
      work rtl/seq_movers.sv:836  'Y_END: if (wr_idle && bw_idle) st <= S_DONE;'   <- proposed
      doc:131  ...they retire (`rtl/seq_movers.sv:689`, `rtl/seq_movers.sv:818`). HALT keeps...
  REPAIR         rtl/seq_unit.sv:806-813 -> rtl/seq_unit.sv:834-841   doc lines 103,136   at-base yes
      base rtl/seq_unit.sv:806  'OP_FENCE:'
      work rtl/seq_unit.sv:806  '// SR12 (B17.2): MOVX target[11:0] = the XWIN start word,'
      work rtl/seq_unit.sv:834  'OP_FENCE:'   <- proposed
      base end :813 'begin v_bad=1; v_code=E_RSVD; end' / work end :841 'begin v_bad=1; v_code=E_RSVD; end'
      doc:103  ...| the decoder faults (err 0x06) on ANY non-zero FENCE field | `rtl/seq_unit.sv:806-813` |...
      doc:136  ...  (`rtl/seq_unit.sv:806-813`): FENCE requires flags, imm32, addr_lo...
  REPAIR         rtl/seq_unit.sv:1079-1084 -> rtl/seq_unit.sv:1111-1116   doc lines 138   at-base yes
      base rtl/seq_unit.sv:1079  'OP_FENCE: begin'
      work rtl/seq_unit.sv:1079  'wr_data_r <= imm_res;'
      work rtl/seq_unit.sv:1111  'OP_FENCE: begin'   <- proposed
      base end :1084 'end' / work end :1116 'end'
      doc:138  ...  (`rtl/seq_unit.sv:1079-1084`) latches target[3:0] into a new 4-bit...
  REPAIR         rtl/seq_movers.sv:620-640 -> rtl/seq_movers.sv:635-656   doc lines 141   at-base yes
      base rtl/seq_movers.sv:620  '// --------------------------------------------------------'
      work rtl/seq_movers.sv:620  "dq_left <= 1'b0; dq_m <= '0; dq_add <= '0;"
      work rtl/seq_movers.sv:635  '// --------------------------------------------------------'   <- proposed
      base end :640 'default:   st <= S_DONE;' / work end :656 'default:   st <= S_DONE;'
      doc:141  ...  S_IDLE with the rest of the command (`rtl/seq_movers.sv:620-640`); a zero...
  REPAIR         rtl/seq_movers.sv:827-838 -> rtl/seq_movers.sv:845-856   doc lines 101,142   at-base yes
      base rtl/seq_movers.sv:827  'F_SCAN: if (wr_idle) begin'
      work rtl/seq_movers.sv:827  '&& !yf_push && !yf_pop && !y_val_valid'
      work rtl/seq_movers.sv:845  'F_SCAN: if (wr_idle) begin'   <- proposed
      base end :838 'end' / work end :856 'end'
      doc:101  ... every pending one; it also waits for the AXI-Lite write pipe | `rtl/seq_movers.sv:639`, `rtl/seq_movers.sv:827-838` |...
      doc:142  ...  mask is latched as 4'hF. F_SCAN (`rtl/seq_movers.sv:827-838`) tests...
  REPAIR         rtl/seq_movers.sv:732-740 -> rtl/seq_movers.sv:750-758   doc lines 102,144   at-base yes
      base rtl/seq_movers.sv:732  'G_POLLW: if (rd_rsp_valid) begin'
      work rtl/seq_movers.sv:732  "guard_cnt <= '0;"
      work rtl/seq_movers.sv:750  'G_POLLW: if (rd_rsp_valid) begin'   <- proposed
      base end :740 '' / work end :758 ''
      doc:102  ...| a poll that sees done clears that channel's bit and returns to the scan | `rtl/seq_movers.sv:732-740` |...
      doc:144  ...  (`rtl/seq_movers.sv:732-740`) is unchanged....
  REPAIR         rtl/matvec_chan.sv:328-332 -> rtl/matvec_chan.sv:341-347   doc lines 110,208,225   at-base yes
      base rtl/matvec_chan.sv:328  "10'h005: begin                                        // SHAPE"
      work rtl/matvec_chan.sv:328  'if (s_axil_awvalid && s_axil_awready) begin'
      work rtl/matvec_chan.sv:341  "10'h005: begin                                        // SHAPE"   <- proposed
      base end :332 'end' / work end :347 'end'
      doc:110  ...tores only sh, nrows and ng; bits 31:29 are spare and dropped | `rtl/matvec_chan.sv:18`, `rtl/matvec_chan.sv:328-332` |...
      doc:208  ...it 29 = XBANK | imm32 | x_line starts at line 48 instead of 0 | **ignored** (not stored, `rtl/matvec_chan.sv:328-332`) |...
  REPAIR         rtl/seq_unit.sv:1071-1078 -> rtl/seq_unit.sv:1102-1110   doc lines 214   at-base yes
      base rtl/seq_unit.sv:1071  'OP_MOVY: begin'
      work rtl/seq_unit.sv:1071  'end'
      work rtl/seq_unit.sv:1102  'OP_MOVY: begin'   <- proposed
      base end :1078 'end' / work end :1110 'end'
      doc:214  ...  (`rtl/seq_unit.sv:793`) and the dispatch (`rtl/seq_unit.sv:1071-1078`)...
  REPAIR         rtl/seq_unit.sv:1052-1061 -> rtl/seq_unit.sv:1082-1092   doc lines 216   at-base yes
      base rtl/seq_unit.sv:1052  'OP_MOVX: begin'
      work rtl/seq_unit.sv:1052  'if (is_seq_xrf) begin'
      work rtl/seq_unit.sv:1082  'OP_MOVX: begin'   <- proposed
      base end :1061 'end' / work end :1092 'end'
      doc:216  ...  (`rtl/seq_unit.sv:1052-1061`) passes target[11:0] as a new mv_xword...
  REPAIR         rtl/seq_movers.sv:763 -> rtl/seq_movers.sv:781   doc lines 108,221   at-base yes
      base rtl/seq_movers.sv:763  "br_saddr  <= mvbaddr(chan_q, MVB_RES + {18'd0, res_row_q, 2'b00});"
      work rtl/seq_movers.sv:763  'Y_SPTR:   if (wr_fire) st <= Y_DRAIN;'
      work rtl/seq_movers.sv:781  "br_saddr  <= mvbaddr(chan_q, MVB_RES + {18'd0, res_row_q, 2'b00});"   <- proposed
      doc:108  ...h, already carried in the burst address and the RES_PTR write | `rtl/seq_movers.sv:628`, `rtl/seq_movers.sv:763`, `rtl/seq_movers.sv:898-899` |...
      doc:221  ...  (`rtl/seq_movers.sv:763`, `rtl/seq_movers.sv:898-899`). MOVX ad...
  REPAIR         rtl/seq_movers.sv:898-899 -> rtl/seq_movers.sv:916-917   doc lines 108,221   at-base yes
      base rtl/seq_movers.sv:898  'wr_addr  = mvaddr(chan_q, MV_RESPTR);'
      work rtl/seq_movers.sv:898  "wr_data  = 32'd0;"
      work rtl/seq_movers.sv:916  'wr_addr  = mvaddr(chan_q, MV_RESPTR);'   <- proposed
      base end :899 "wr_data  = {20'd0, res_row_q}; end" / work end :917 "wr_data  = {20'd0, res_row_q}; end"
      doc:108  ... burst address and the RES_PTR write | `rtl/seq_movers.sv:628`, `rtl/seq_movers.sv:763`, `rtl/seq_movers.sv:898-899` |...
      doc:221  ...  (`rtl/seq_movers.sv:763`, `rtl/seq_movers.sv:898-899`). MOVX adds the start...
  REPAIR         rtl/matvec_chan.sv:600 -> rtl/matvec_chan.sv:619   doc lines 107,224   at-base yes
      base rtl/matvec_chan.sv:600  'wb_ptr <= s_axib_awaddr[13:2];'
      work rtl/matvec_chan.sv:600  ''
      work rtl/matvec_chan.sv:619  'wb_ptr <= s_axib_awaddr[13:2];'   <- proposed
      doc:107  ...| the matvec_chan XWIN burst shim already takes the start word from the burst address | `rtl/matvec_chan.sv:600`, `rtl/matvec_chan.sv:580` |...
      doc:224  ...  (`rtl/matvec_chan.sv:600`)....
  REPAIR         rtl/matvec_chan.sv:328-332 -> rtl/matvec_chan.sv:341-347   doc lines 110,208,225   at-base yes
      base rtl/matvec_chan.sv:328  "10'h005: begin                                        // SHAPE"
      work rtl/matvec_chan.sv:328  'if (s_axil_awvalid && s_axil_awready) begin'
      work rtl/matvec_chan.sv:341  "10'h005: begin                                        // SHAPE"   <- proposed
      base end :332 'end' / work end :347 'end'
      doc:110  ...tores only sh, nrows and ng; bits 31:29 are spare and dropped | `rtl/matvec_chan.sv:18`, `rtl/matvec_chan.sv:328-332` |...
      doc:208  ...it 29 = XBANK | imm32 | x_line starts at line 48 instead of 0 | **ignored** (not stored, `rtl/matvec_chan.sv:328-332`) |...
  REPAIR         rtl/matvec_engine.sv:447 -> rtl/matvec_engine.sv:472   doc lines 112,235   at-base yes
      base rtl/matvec_engine.sv:447  "x_line    <= '0;"
      work rtl/matvec_engine.sv:447  ''
      work rtl/matvec_engine.sv:472  "x_line    <= '0;"   <- proposed
      doc:112  ...ress) is a bare register: 0 at reset, at start and at each row end, +1 per weight beat | `rtl/matvec_engine.sv:447`, `rtl/matvec_engine.sv:455`, `rtl/matv...
      doc:235  ...  `rtl/matvec_engine.sv:447`, needs no bank value) (only bits 5:4 o...
  REPAIR         rtl/matvec_chan.sv:450 -> rtl/matvec_chan.sv:469   doc lines 115,238   at-base yes
      base rtl/matvec_chan.sv:450  '.wea(m_valid), .addra(m_row[11:0]), .dina(m_y32),'
      work rtl/matvec_chan.sv:450  ".m_valid(m_valid), .m_ready(1'b1), .m_y32(m_y32), .m_row(m_row)"
      work rtl/matvec_chan.sv:469  '.wea(m_valid), .addra(m_row[11:0]), .dina(m_y32),'   <- proposed
      doc:115  ...| the RES BRAM port-A address is the engine's row tag | `rtl/matvec_chan.sv:450` |...
      doc:238  ...  that path (`rtl/matvec_chan.sv:450`). The engine's envelope check is a...
  REPAIR         rtl/matvec_engine.sv:686-690 -> rtl/matvec_engine.sv:716-736   doc lines 239   at-base yes
      base rtl/matvec_engine.sv:686  'always_ff @(posedge clk) begin'
      work rtl/matvec_engine.sv:686  ''
      work rtl/matvec_engine.sv:716  'always_ff @(posedge clk) begin'   <- proposed
      base end :690 'end' / work end :736 'end'
      doc:239  ...  sim-only $fatal on cfg_ng (`rtl/matvec_engine.sv:686-690`); it gains the...
  REPAIR         rtl/matvec_engine.sv:297-305 -> rtl/matvec_engine.sv:317-330   doc lines 113,244   at-base yes
      base rtl/matvec_engine.sv:297  'end else begin'
      work rtl/matvec_engine.sv:297  '// Stage 0: latch beat + read x line (registered for timing)'
      work rtl/matvec_engine.sv:317  'end else begin'   <- proposed
      base end :305 'end' / work end :330 'end'
      doc:113  ...he x_mem read into xline_q is enabled by the beat-fire CE (the FV class "xline_q0 CE") | `rtl/matvec_engine.sv:297-305` |...
      doc:244  ...(beat fire → 1,024 CE pins, `rtl/matvec_engine.sv:297-305`; FV class...
  REPAIR         rtl/seq_unit.sv:778-780 -> rtl/seq_unit.sv:798-800   doc lines 315   at-base yes
      base rtl/seq_unit.sv:778  'OP_MOVX, OP_MVGO: begin'
      work rtl/seq_unit.sv:778  "wire        v_movy_rsvd = (r_hi[23:0] > {11'd0, v_yroom});"
      work rtl/seq_unit.sv:798  'OP_MOVX, OP_MVGO: begin'   <- proposed
      base end :780 "else if (r_chan >= 4'd4)         begin v_bad=1; v_code=E_CHAN; end" / work end :800 "else if (r_chan >= 4'd4)         begin v_bad=1; v_code=E_CHAN; end"
      doc:315  ...any value of 4 or more faults err 0x05 (`rtl/seq_unit.sv:778-780`), so a...
  REPAIR         rtl/matvec_chan.sv:245-251 -> rtl/matvec_chan.sv:257-263   doc lines 324   at-base yes
      base rtl/matvec_chan.sv:245  'logic        xf_full;'
      work rtl/matvec_chan.sv:245  'end'
      work rtl/matvec_chan.sv:257  'logic        xf_full;'   <- proposed
      base end :251 'wire  [43:0] xf_din  = xf_push_a ? xf_din_a : xf_din_b;' / work end :263 'wire  [43:0] xf_din  = xf_push_a ? xf_din_a : xf_din_b;'
      doc:324  ...  (`rtl/matvec_chan.sv:245-251`), AXI-Lite still winning. A broadcast ...
  REPAIR         rtl/seq_movers.sv:533 -> rtl/seq_movers.sv:547   doc lines 336   at-base yes
      base rtl/seq_movers.sv:533  "wire [23:0] x_wwords = 24'((len_q + 24'd3) >> 2);"
      work rtl/seq_movers.sv:533  'begin'
      work rtl/seq_movers.sv:547  "wire [23:0] x_wwords = 24'((len_q + 24'd3) >> 2);"   <- proposed
      doc:336  ...  and writes one word per four, `rtl/seq_movers.sv:533`) — which is the...
  REPAIR         rtl/seq_unit.sv:1608 -> rtl/seq_unit.sv:1641   doc lines 377   at-base yes
      base rtl/seq_unit.sv:1608  "else s_axil_rdata <= 32'hDEAD_C0DE;"
      work rtl/seq_unit.sv:1608  'case (s_axil_araddr[11:2])'
      work rtl/seq_unit.sv:1641  "else s_axil_rdata <= 32'hDEAD_C0DE;"   <- proposed
      doc:377  ...returns 0xDEADC0DE (`rtl/seq_unit.sv:1608`) — reading a fixed magic in the...
=== evidence/qwen2b/rb/seq_isa_ref_sweep.txt  (REPAIR 6, COLLATERAL 0)
  REPAIR         rtl/seq_unit.sv:285-290 -> rtl/seq_unit.sv:287-292   doc lines 49   at-base yes
      base rtl/seq_unit.sv:285  "localparam logic [3:0] IND_NONE = 4'h0, IND_ADD = 4'h1, IND_SUB = 4'h2;"
      work rtl/seq_unit.sv:285  "OP_HALT  = 8'h0A, OP_LDC  = 8'h0B, OP_XOP  = 8'h0C;"
      work rtl/seq_unit.sv:287  "localparam logic [3:0] IND_NONE = 4'h0, IND_ADD = 4'h1, IND_SUB = 4'h2;"   <- proposed
      base end :290 '// L_SWIN (0x018) is deliberately absent: no seq_unit path streams the' / work end :292 '// L_SWIN (0x018) is deliberately absent: no seq_unit path streams the'
      doc:49  ...SEQ_ISA:473  rtl/seq_unit.sv:285-290            [err-codes] localparam logic...
  REPAIR         rtl/seq_movers.sv:193-197 -> rtl/seq_movers.sv:202-206   doc lines 51   at-base yes
      base rtl/seq_movers.sv:193  "localparam logic [7:0] E_AXI      = 8'h12;   // m_axib RRESP/BRESP != OK"
      work rtl/seq_movers.sv:193  '// window sizes, in 32-bit words (sim-only bounds checks, S(interface))'
      work rtl/seq_movers.sv:202  "localparam logic [7:0] E_AXI      = 8'h12;   // m_axib RRESP/BRESP != OK"   <- proposed
      base end :197 "localparam logic [7:0] E_MOVER_TMO= 8'h23;   // mover stream stalled" / work end :206 "localparam logic [7:0] E_MOVER_TMO= 8'h23;   // mover stream stalled"
      doc:51  ...SEQ_ISA:474  rtl/seq_movers.sv:193-197          [mover-errs] localparam logic ...
  REPAIR         rtl/matvec_chan.sv:303-307 -> rtl/matvec_chan.sv:315-319   doc lines 63   at-base yes
      base rtl/matvec_chan.sv:303  'always_ff @(posedge aclk) begin'
      work rtl/matvec_chan.sv:303  '// for the duration of a burst RES read; the AXI-Lite read channel is'
      work rtl/matvec_chan.sv:315  'always_ff @(posedge aclk) begin'   <- proposed
      base end :307 "start_tgl <= 1'b0;" / work end :319 "start_tgl <= 1'b0;"
      doc:63  ...SEQ_ISA:580  rtl/matvec_chan.sv:303-307  [cont] [shape-decode] 10'h005: begin  ...
  REPAIR         rtl/seq_unit.sv:762-776 -> rtl/seq_unit.sv:782-796   doc lines 65   at-base yes
      base rtl/seq_unit.sv:762  'case (r_op)'
      work rtl/seq_unit.sv:762  'end'
      work rtl/seq_unit.sv:782  'case (r_op)'   <- proposed
      base end :776 "else if (r_tgt[15:12] != 4'd0)   begin v_bad=1; v_code=E_CSRSP; end" / work end :796 "else if (r_tgt[15:12] != 4'd0)   begin v_bad=1; v_code=E_CSRSP; end"
      doc:65  ...SEQ_ISA:605  rtl/seq_unit.sv:762-776            [movx-validator] OP_MOVX, OP...
  REPAIR         rtl/seq_unit.sv:792 -> rtl/seq_unit.sv:818   doc lines 67   at-base yes
      base rtl/seq_unit.sv:792  "else if (r_tgt[3:0] >= 4'd4)     begin v_bad=1; v_code=E_CHAN; end"
      work rtl/seq_unit.sv:792  "&& (r_tgt[11:8] >= 4'd4)) begin v_bad=1; v_code=E_CHAN; end"
      work rtl/seq_unit.sv:818  "else if (r_tgt[3:0] >= 4'd4)     begin v_bad=1; v_code=E_CHAN; end"   <- proposed
      doc:67  ...SEQ_ISA:623  rtl/seq_unit.sv:792                [jmp-bound] else if (r_i...
  REPAIR         rtl/matvec_chan.sv:306 -> rtl/matvec_chan.sv:318   doc lines 69   at-base yes
      base rtl/matvec_chan.sv:306  "s_axil_bvalid <= 1'b0; s_axil_bresp <= 2'b00;"
      work rtl/matvec_chan.sv:306  'logic        res_bsel, res_bsel_d1, res_bsel_d2;'
      work rtl/matvec_chan.sv:318  "s_axil_bvalid <= 1'b0; s_axil_bresp <= 2'b00;"   <- proposed
      doc:69  ...SEQ_ISA:633  rtl/matvec_chan.sv:306             [nrows-latch] csr_static_nr...
=== evidence/qwen2b/rc/TIMING_035.md  (REPAIR 1, COLLATERAL 0)
  REPAIR         rtl/matvec_engine.sv:674 -> rtl/matvec_engine.sv:704   doc lines 70   at-base yes
      base rtl/matvec_engine.sv:674  '`ifndef SYNTHESIS'
      work rtl/matvec_engine.sv:674  "// ---- M3: accumulate; `first` clears via the adder's AND mask"
      work rtl/matvec_engine.sv:704  '`ifndef SYNTHESIS'   <- proposed
      doc:70  ...**new** `ifndef SYNTHESIS` block at `rtl/matvec_engine.sv:674` containing...
=== evidence/qwen9b/bm/BM1_T1_GATE.md  (REPAIR 12, COLLATERAL 0)
  REPAIR         rtl/seq_unit.sv:1324-1432 -> rtl/seq_unit.sv:1356-1464   doc lines 52   at-base yes
      base rtl/seq_unit.sv:1324  '// =================================================================='
      work rtl/seq_unit.sv:1324  "if (csr_wdata[0] && !busy_r) start_req <= 1'b1;"
      work rtl/seq_unit.sv:1356  '// =================================================================='   <- proposed
      base end :1432 'end' / work end :1464 'end'
      doc:52  ...| counters | `rtl/seq_unit.sv:1324-1432` | 12 counters + `BM_IDENT`, the alignm...
  REPAIR         rtl/seq_unit.sv:1606-1607 -> rtl/seq_unit.sv:1639-1640   doc lines 53   at-base yes
      base rtl/seq_unit.sv:1606  "else if (s_axil_araddr[11:8] == 4'h1)       // BM1 0x100..0x1FC"
      work rtl/seq_unit.sv:1606  'if (s_axil_arvalid && s_axil_arready) begin'
      work rtl/seq_unit.sv:1639  "else if (s_axil_araddr[11:8] == 4'h1)       // BM1 0x100..0x1FC"   <- proposed
      base end :1607 's_axil_rdata <= bm_rdata;' / work end :1640 's_axil_rdata <= bm_rdata;'
      doc:53  ...| CSR decode | `rtl/seq_unit.sv:1606-1607` | 0x100..0x1FC → the block; everything...
  REPAIR         rtl/seq_unit.sv:266-270 -> rtl/seq_unit.sv:268-272   doc lines 54   at-base yes
      base rtl/seq_unit.sv:266  '// ---------------- BM1: matvec engine busy, one bit per channel ------'
      work rtl/seq_unit.sv:266  'input  wire [17:0]  xrf_sb_data,'
      work rtl/seq_unit.sv:268  '// ---------------- BM1: matvec engine busy, one bit per channel ------'   <- proposed
      base end :270 'input  wire [3:0]   mv_busy_bm,' / work end :272 'input  wire [3:0]   mv_busy_bm,'
      doc:54  ...| new input | `rtl/seq_unit.sv:266-270` | the 4-bit `mv_busy_bm` input |...
  REPAIR         rtl/seq_unit.sv:54-58 -> rtl/seq_unit.sv:56-60   doc lines 55   at-base yes
      base rtl/seq_unit.sv:54  '//   0x100..0x1FC  R  BM1 idle counters (docs/SEQ_ISA.md B16, v2.2): 0x1'
      work rtl/seq_unit.sv:54  '//                 writes fall through (no write decode).  The literal i'
      work rtl/seq_unit.sv:56  '//   0x100..0x1FC  R  BM1 idle counters (docs/SEQ_ISA.md B16, v2.2): 0x1'   <- proposed
      base end :58 '//                 "BM1 idle counters" block below.' / work end :60 '//                 "BM1 idle counters" block below.'
      doc:55  ...| header map | `rtl/seq_unit.sv:54-58` | the block in the module's CSR table ...
  REPAIR         rtl/matvec_chan.sv:172-177 -> rtl/matvec_chan.sv:182-187   doc lines 56   at-base yes
      base rtl/matvec_chan.sv:172  '// ------- BM1 (spec 2026-09-24 §1.1, SEQ_ISA B16): engine busy, aclk --'
      work rtl/matvec_chan.sv:172  'input  wire [1:0]   s_axib_arburst,'
      work rtl/matvec_chan.sv:182  '// ------- BM1 (spec 2026-09-24 §1.1, SEQ_ISA B16): engine busy, aclk --'   <- proposed
      base end :177 'output logic        mv_busy_bm,' / work end :187 'output logic        mv_busy_bm,'
      doc:56  ...| source flop | `rtl/matvec_chan.sv:172-177`, `rtl/matvec_chan.sv:234-237` | one fl...
  REPAIR         rtl/matvec_chan.sv:234-237 -> rtl/matvec_chan.sv:246-249   doc lines 56   at-base yes
      base rtl/matvec_chan.sv:234  '// BM1: the source flop of the mv_busy_bm net (port comment above).  Lik'
      work rtl/matvec_chan.sv:234  'logic        start_tgl;          // toggles on doorbell'
      work rtl/matvec_chan.sv:246  '// BM1: the source flop of the mv_busy_bm net (port comment above).  Lik'   <- proposed
      base end :237 'always_ff @(posedge aclk) mv_busy_bm <= cdc_sync_stat[0];' / work end :249 'always_ff @(posedge aclk) mv_busy_bm <= cdc_sync_stat[0];'
      doc:56  ...| source flop | `rtl/matvec_chan.sv:172-177`, `rtl/matvec_chan.sv:234-237` | one flop of `cdc_sync_stat[0]` → new...
  REPAIR         rtl/matvec_chan.sv:229-233 -> rtl/matvec_chan.sv:241-245   doc lines 82   at-base yes
      base rtl/matvec_chan.sv:229  '(* ASYNC_REG = "TRUE" *) logic [2:0] cdc_meta_stat, cdc_sync_stat;'
      work rtl/matvec_chan.sv:229  'logic [5:0]  csr_static_sh;'
      work rtl/matvec_chan.sv:241  '(* ASYNC_REG = "TRUE" *) logic [2:0] cdc_meta_stat, cdc_sync_stat;'   <- proposed
      base end :233 'end' / work end :245 'end'
      doc:82  ...  (`rtl/matvec_chan.sv:229-233`), which is the bit the channel's own S...
  REPAIR         rtl/matvec_chan.sv:353 -> rtl/matvec_chan.sv:368   doc lines 83   at-base yes
      base rtl/matvec_chan.sv:353  "10'h001: s_axil_rdata <= {28'b0, xfifo_ovfl, cdc_sync_stat};"
      work rtl/matvec_chan.sv:353  "xptr <= xptr + 1'b1;"
      work rtl/matvec_chan.sv:368  "10'h001: s_axil_rdata <= {28'b0, xfifo_ovfl, cdc_sync_stat};"   <- proposed
      doc:83  ...  read returns (`rtl/matvec_chan.sv:353`). The new flop is not matched by any...
  REPAIR         rtl/seq_unit.sv:1372 -> rtl/seq_unit.sv:1404   doc lines 116   at-base yes
      base rtl/seq_unit.sv:1372  'wire       bm_clr  = (ist == I_IDLE) && start_req;   // == the PERF clea'
      work rtl/seq_unit.sv:1372  '// each counter evaluates the values of ONE cycle: the set of cycles a'
      work rtl/seq_unit.sv:1404  'wire       bm_clr  = (ist == I_IDLE) && start_req;   // == the PERF clea'   <- proposed
      doc:116  ...`rtl/seq_unit.sv:1372`); counted while the delayed B; frozen ...
  REPAIR         rtl/seq_unit.sv:1390-1391 -> rtl/seq_unit.sv:1422-1423   doc lines 118   at-base yes
      base rtl/seq_unit.sv:1390  'bm_mvb_q1 <= mv_busy_bm;'
      work rtl/seq_unit.sv:1390  "(mv_op == 2'd3),"
      work rtl/seq_unit.sv:1422  'bm_mvb_q1 <= mv_busy_bm;'   <- proposed
      base end :1391 'bm_mvb_q2 <= bm_mvb_q1;' / work end :1423 'bm_mvb_q2 <= bm_mvb_q1;'
      doc:118  ...and two flops in `seq_unit` (`rtl/seq_unit.sv:1390-1391`); the seven local...
  REPAIR         rtl/seq_unit.sv:1353-1360 -> rtl/seq_unit.sv:1385-1392   doc lines 119   at-base yes
      base rtl/seq_unit.sv:1353  'wire [6:0] bm_loc = {'
      work rtl/seq_unit.sv:1353  'end'
      work rtl/seq_unit.sv:1385  'wire [6:0] bm_loc = {'   <- proposed
      base end :1360 'busy_r };' / work end :1392 'busy_r };'
      doc:119  ...terms are packed into one vector (`rtl/seq_unit.sv:1353-1360`) and delayed by...
  REPAIR         rtl/seq_unit.sv:1387-1389 -> rtl/seq_unit.sv:1419-1421   doc lines 120   at-base yes
      base rtl/seq_unit.sv:1387  'bm_loc_d1 <= bm_loc;'
      work rtl/seq_unit.sv:1387  '(ist == I_MOVER),'
      work rtl/seq_unit.sv:1419  'bm_loc_d1 <= bm_loc;'   <- proposed
      base end :1389 'bm_loc_d3 <= bm_loc_d2;' / work end :1421 'bm_loc_d3 <= bm_loc_d2;'
      doc:120  ...the same three flops (`rtl/seq_unit.sv:1387-1389`), so every counter...
=== evidence/qwen9b/bm/BM1_T3_BUILD.md  (REPAIR 1, COLLATERAL 0)
  REPAIR         rtl/seq_unit.sv:1381 -> rtl/seq_unit.sv:1413   doc lines 779   at-base yes
      base rtl/seq_unit.sv:1381  "bm_mvb_q1 <= '0; bm_mvb_q2 <= '0;"
      work rtl/seq_unit.sv:1381  ''
      work rtl/seq_unit.sv:1413  "bm_mvb_q1 <= '0; bm_mvb_q2 <= '0;"   <- proposed
      doc:779  ...* **Drop the synchronous reset on `bm_mvb_q1/q2`** (`rtl/seq_unit.sv:1381`)....
=== evidence/qwen9b/bn/BN_CENSUS.md  (REPAIR 14, COLLATERAL 0)
  REPAIR         rtl/seq_unit.sv:351 -> rtl/seq_unit.sv:360   doc lines 172   at-base yes
      base rtl/seq_unit.sv:351  'wire rstn = aresetn;'
      work rtl/seq_unit.sv:351  '// shift, and making it constant would delete the R-b infrastructure'
      work rtl/seq_unit.sv:360  'wire rstn = aresetn;'   <- proposed
      doc:172  ...Per aclk cycle, while the sequencer is busy (`rtl/seq_unit.sv:351`'s...
  REPAIR         rtl/seq_unit.sv:945 -> rtl/seq_unit.sv:975   doc lines 173,258   at-base yes
      base rtl/seq_unit.sv:945  "mv_cmd_valid <= 1'b0;"
      work rtl/seq_unit.sv:945  "+ (ADDR_W'(xrf[3]) << emb_row_log2);"
      work rtl/seq_unit.sv:975  "mv_cmd_valid <= 1'b0;"   <- proposed
      doc:173  ...`busy_r` — the same condition `PERF_CYC` counts on, `rtl/seq_unit.sv:945`,...
      doc:258  ...includes and `rtl/seq_unit.sv:945`'s `perf_cyc` does not....
  REPAIR         rtl/seq_unit.sv:849 -> rtl/seq_unit.sv:877   doc lines 180   at-base yes
      base rtl/seq_unit.sv:849  ''
      work rtl/seq_unit.sv:849  'endcase'
      work rtl/seq_unit.sv:877  ''   <- proposed
      doc:180  ...| 2 | `MOVER` | `seq_movers` engine busy | `rtl/seq_unit.sv:849` |...
  REPAIR         rtl/seq_unit.sv:498 -> rtl/seq_unit.sv:507   doc lines 181   at-base yes
      base rtl/seq_unit.sv:498  'logic [ADDR_W-1:0] fa_addr;           // next fetch burst DDR address'
      work rtl/seq_unit.sv:498  'wire  [127:0] fq_dout = fq_mem[fq_rp[$clog2(FETCH_DEPTH)-1:0]];'
      work rtl/seq_unit.sv:507  'logic [ADDR_W-1:0] fa_addr;           // next fetch burst DDR address'   <- proposed
      doc:181  ...| 3 | `SEQBULK` | LDC/EMB DDR read active | `rtl/seq_unit.sv:498` |...
  REPAIR         rtl/matvec_chan.sv:221-224 -> rtl/matvec_chan.sv:233-236   doc lines 183   at-base yes
      base rtl/matvec_chan.sv:221  ''
      work rtl/matvec_chan.sv:221  ''
      work rtl/matvec_chan.sv:233  ''   <- proposed
      base end :224 'logic [11:0] res_ptr;' / work end :236 'logic [11:0] res_ptr;'
      doc:183  ...| 8-11 | `MVc_BSY` | matvec channel `c` engine busy | `rtl/matvec_chan.sv:221-224` |...
  REPAIR         rtl/seq_unit.sv:951 -> rtl/seq_unit.sv:981   doc lines 190,994   at-base yes
      base rtl/seq_unit.sv:951  "flush    <= 1'b0;"
      work rtl/seq_unit.sv:951  '// NB `!flush`: on the cycle a JMP/START flush is applied the FIFO still'
      work rtl/seq_unit.sv:981  "flush    <= 1'b0;"   <- proposed
      doc:190  ...(`rtl/seq_unit.sv:951`'s own condition), the AXI-Lite fabric'...
      doc:994  ...The census counts `rtl/seq_unit.sv:951`'s condition directly and is right;...
  REPAIR         rtl/seq_unit.sv:825 -> rtl/seq_unit.sv:853   doc lines 191   at-base yes
      base rtl/seq_unit.sv:825  '// issue FSM'
      work rtl/seq_unit.sv:825  "|| (r_imm != 32'd0) || (r_lo != 32'd0)"
      work rtl/seq_unit.sv:853  '// issue FSM'   <- proposed
      doc:191  ...counters, the issue FSM state (`rtl/seq_unit.sv:825`) and the mover's...
  REPAIR         rtl/seq_unit.sv:1105-1117 -> rtl/seq_unit.sv:1137-1149   doc lines 208   at-base yes
      base rtl/seq_unit.sv:1105  'bulk_addr <= ldc_a[ADDR_W-1:0];'
      work rtl/seq_unit.sv:1105  'mv_row <= r_tgt[15:4];    // SR12: B17.2 start row'
      work rtl/seq_unit.sv:1137  'bulk_addr <= ldc_a[ADDR_W-1:0];'   <- proposed
      base end :1117 'if (r_flags[0]) begin' / work end :1149 'if (r_flags[0]) begin'
      doc:208  ...`flags[0]` at 158,534 targeting 118,911; `rtl/seq_unit.sv:1105-1117`). So...
  REPAIR         rtl/seq_unit.sv:945 -> rtl/seq_unit.sv:975   doc lines 173,258   at-base yes
      base rtl/seq_unit.sv:945  "mv_cmd_valid <= 1'b0;"
      work rtl/seq_unit.sv:945  "+ (ADDR_W'(xrf[3]) << emb_row_log2);"
      work rtl/seq_unit.sv:975  "mv_cmd_valid <= 1'b0;"   <- proposed
      doc:173  ...`busy_r` — the same condition `PERF_CYC` counts on, `rtl/seq_unit.sv:945`,...
      doc:258  ...includes and `rtl/seq_unit.sv:945`'s `perf_cyc` does not....
  REPAIR         rtl/seq_unit.sv:1068-1071 -> rtl/seq_unit.sv:1099-1102   doc lines 951   at-base yes
      base rtl/seq_unit.sv:1068  "mv_cmd_valid <= 1'b1;"
      work rtl/seq_unit.sv:1068  'if (r_tgt[7:0] == L_ARG0[7:0]) arg0_sh <= imm_res;'
      work rtl/seq_unit.sv:1099  "mv_cmd_valid <= 1'b1;"   <- proposed
      base end :1071 'OP_MOVY: begin' / work end :1102 'OP_MOVY: begin'
      doc:951  ...by construction (`rtl/seq_unit.sv:1068-1071`; §11.3's `mv_op` FENCE total is...
  REPAIR         rtl/seq_unit.sv:816-825 -> rtl/seq_unit.sv:844-853   doc lines 967   at-base yes
      base rtl/seq_unit.sv:816  "else if (r_tgt >= 16'd8)         begin v_bad=1; v_code=E_XRFIDX; end"
      work rtl/seq_unit.sv:816  "else if ((r_ind == IND_NONE) && (r_xrfy != 3'd0))"
      work rtl/seq_unit.sv:844  "else if (r_tgt >= 16'd8)         begin v_bad=1; v_code=E_XRFIDX; end"   <- proposed
      base end :825 '// issue FSM' / work end :853 '// issue FSM'
      doc:967  ...**T**, the run's own per-token histogram over `rtl/seq_unit.sv:816-825`'s...
  REPAIR         rtl/seq_unit.sv:1480 -> rtl/seq_unit.sv:1512   doc lines 992   at-base yes
      base rtl/seq_unit.sv:1480  '.LAYER_BASE(LAYER_BASE), .MV_BASE(MV_BASE), .MV_STRIDE(MV_STRIDE),'
      work rtl/seq_unit.sv:1480  "fsm_rd_addr  = LAYER_BASE + {20'd0, L_STAT}; end"
      work rtl/seq_unit.sv:1512  '.LAYER_BASE(LAYER_BASE), .MV_BASE(MV_BASE), .MV_STRIDE(MV_STRIDE),'   <- proposed
      doc:992  ...`v[31:1]`, and `rtl/seq_unit.sv:1480` packs that CSR as...
  REPAIR         rtl/seq_unit.sv:951 -> rtl/seq_unit.sv:981   doc lines 190,994   at-base yes
      base rtl/seq_unit.sv:951  "flush    <= 1'b0;"
      work rtl/seq_unit.sv:951  '// NB `!flush`: on the cycle a JMP/START flush is applied the FIFO still'
      work rtl/seq_unit.sv:981  "flush    <= 1'b0;"   <- proposed
      doc:190  ...(`rtl/seq_unit.sv:951`'s own condition), the AXI-Lite fabric'...
      doc:994  ...The census counts `rtl/seq_unit.sv:951`'s condition directly and is right;...
  REPAIR         rtl/seq_unit.sv:1040-1071 -> rtl/seq_unit.sv:1070-1102   doc lines 1003   at-base yes
      base rtl/seq_unit.sv:1040  'if (r_tgt[7:0] == L_ARG2[7:0]) arg2_sh <= imm_res;'
      work rtl/seq_unit.sv:1040  ''
      work rtl/seq_unit.sv:1070  'if (r_tgt[7:0] == L_ARG2[7:0]) arg2_sh <= imm_res;'   <- proposed
      base end :1071 'OP_MOVY: begin' / work end :1102 'OP_MOVY: begin'
      doc:1003  ...**T**, the run's own `mv_op` histogram (`rtl/seq_unit.sv:1040-1071`):...
=== evidence/qwen9b/bn/bn_timeline.py  (REPAIR 2, COLLATERAL 0)
  REPAIR         rtl/seq_unit.sv:268-271 -> rtl/seq_unit.sv:270-273   doc lines 66   at-base yes
      base rtl/seq_unit.sv:268  '// one source flop).  Counted only (the idle counters, SEQ 0x100..);'
      work rtl/seq_unit.sv:268  '// ---------------- BM1: matvec engine busy, one bit per channel ------'
      work rtl/seq_unit.sv:270  '// one source flop).  Counted only (the idle counters, SEQ 0x100..);'   <- proposed
      base end :271 '' / work end :273 ''
      doc:66  ...# SEQ record opcodes — rtl/seq_unit.sv:268-271...
  REPAIR         rtl/seq_unit.sv:1040-1071 -> rtl/seq_unit.sv:1070-1102   doc lines 73   at-base yes
      base rtl/seq_unit.sv:1040  'if (r_tgt[7:0] == L_ARG2[7:0]) arg2_sh <= imm_res;'
      work rtl/seq_unit.sv:1040  ''
      work rtl/seq_unit.sv:1070  'if (r_tgt[7:0] == L_ARG2[7:0]) arg2_sh <= imm_res;'   <- proposed
      base end :1071 'OP_MOVY: begin' / work end :1102 'OP_MOVY: begin'
      doc:73  ...# mover ops — rtl/seq_unit.sv:1040-1071 (mv_op)...
=== evidence/qwen9b/g2/FINAL_BYTELOCK.md  (REPAIR 1, COLLATERAL 0)
  REPAIR         rtl/seq_unit.sv:328 -> rtl/seq_unit.sv:330   doc lines 458   at-base yes
      base rtl/seq_unit.sv:328  '// sh[5:0]}.'
      work rtl/seq_unit.sv:328  '// mechanization exists to prevent.'
      work rtl/seq_unit.sv:330  '// sh[5:0]}.'   <- proposed
      doc:458  ...`rtl/matvec_chan.sv:18` and `rtl/seq_unit.sv:328` — it sails past (a) and  <!--cites:noq...
=== evidence/qwen9b/g2/G2A_HOST.md  (REPAIR 3, COLLATERAL 0)
  REPAIR         `:327` -> `:340`   doc lines 520   at-base yes
      base rtl/matvec_chan.sv:327  "10'h004: csr_static_wbeats <= wdata_q;                // WBEATS"
      work rtl/matvec_chan.sv:327  ''
      work rtl/matvec_chan.sv:340  "10'h004: csr_static_wbeats <= wdata_q;                // WBEATS"   <- proposed
      doc:520  ...| 2 | spec:1187 | the SHAPE word quoted on the line that cites `:327`, while it lives at `rtl/matvec_chan.sv:...
  REPAIR         rtl/seq_unit.sv:328 -> rtl/seq_unit.sv:330   doc lines 521,832   at-base yes
      base rtl/seq_unit.sv:328  '// sh[5:0]}.'
      work rtl/seq_unit.sv:328  '// mechanization exists to prevent.'
      work rtl/seq_unit.sv:330  '// sh[5:0]}.'   <- proposed
      doc:521  ...| 3 | spec:1218 | `EMBLOG2_MIN/MAX` quoted a line away from the `rtl/seq_unit.sv:328` that carries it | **yes** |...
      doc:832  ...`rtl/matvec_chan.sv:18` and `rtl/seq_unit.sv:328`, so it passed the *first*  <!--cites:n...
  REPAIR         rtl/seq_unit.sv:328 -> rtl/seq_unit.sv:330   doc lines 521,832   at-base yes
      base rtl/seq_unit.sv:328  '// sh[5:0]}.'
      work rtl/seq_unit.sv:328  '// mechanization exists to prevent.'
      work rtl/seq_unit.sv:330  '// sh[5:0]}.'   <- proposed
      doc:521  ...| 3 | spec:1218 | `EMBLOG2_MIN/MAX` quoted a line away from the `rtl/seq_unit.sv:328` that carries it | **yes** |...
      doc:832  ...`rtl/matvec_chan.sv:18` and `rtl/seq_unit.sv:328`, so it passed the *first*  <!--cites:n...
=== evidence/qwen9b/g3/G3_1_ISA.md  (REPAIR 3, COLLATERAL 2)
  REPAIR         rtl/seq_unit.sv:1310 -> rtl/seq_unit.sv:1342   doc lines 431   at-base yes
      base rtl/seq_unit.sv:1310  '$error("seq_unit EMBLOG2: %0d outside [%0d,%0d] (host misuse), register '
      work rtl/seq_unit.sv:1310  "busy_r <= 1'b0; halted_r <= 1'b1;"
      work rtl/seq_unit.sv:1342  '$error("seq_unit EMBLOG2: %0d outside [%0d,%0d] (host misuse), register '   <- proposed
      doc:431  ...* the recorded fix's AFTER side is in the tree — `rtl/seq_unit.sv:1310`...
  REPAIR         rtl/seq_unit.sv:1471 -> rtl/seq_unit.sv:1503   doc lines 433   at-base yes
      base rtl/seq_unit.sv:1471  'end'
      work rtl/seq_unit.sv:1471  "fsm_rd_valid = 1'b0;"
      work rtl/seq_unit.sv:1503  'end'   <- proposed
      doc:433  ...  `rtl/seq_unit.sv:1471` the conditional `csr_of_pop <= (of_cnt...
  REPAIR         rtl/seq_movers.sv:181 -> rtl/seq_movers.sv:190   doc lines 912   at-base yes
      base rtl/seq_movers.sv:181  "localparam logic [31:0] MVB_RES  = 32'h0000_0000;   // 4096 rows  x 4 B"
      work rtl/seq_movers.sv:181  "localparam logic [11:0] MV_STATUS = 12'h004;"
      work rtl/seq_movers.sv:190  "localparam logic [31:0] MVB_RES  = 32'h0000_0000;   // 4096 rows  x 4 B"   <- proposed
      doc:912  ...| the mover scratch bound | `rtl/seq_movers.sv:181` `SCR_WORDS = 32768` | `rtl/seq_movers....
  COLLATERAL     rtl/seq_movers.sv:190 -> rtl/seq_movers.sv:199   doc lines 592,912   at-base yes
      base rtl/seq_movers.sv:190  'localparam int SCR_WORDS   = 65536;   // G3.1, spec 4.3 S4'
      work rtl/seq_movers.sv:190  "localparam logic [31:0] MVB_RES  = 32'h0000_0000;   // 4096 rows  x 4 B"
      work rtl/seq_movers.sv:199  'localparam int SCR_WORDS   = 65536;   // G3.1, spec 4.3 S4'   <- proposed
      doc:592  ...| 11 | spec line 809 | `SCR_WORDS = 32768` | `rtl/seq_movers.sv:190` |  <!--cites:noquote-->...
      doc:912  ...| the mover scratch bound | `rtl/seq_movers.sv:181` `SCR_WORDS = 32768` | `rtl/seq_movers.sv:190`, 65536 |  <!--cites:noquote-->...
  COLLATERAL     rtl/seq_movers.sv:190 -> rtl/seq_movers.sv:199   doc lines 592,912   at-base yes
      base rtl/seq_movers.sv:190  'localparam int SCR_WORDS   = 65536;   // G3.1, spec 4.3 S4'
      work rtl/seq_movers.sv:190  "localparam logic [31:0] MVB_RES  = 32'h0000_0000;   // 4096 rows  x 4 B"
      work rtl/seq_movers.sv:199  'localparam int SCR_WORDS   = 65536;   // G3.1, spec 4.3 S4'   <- proposed
      doc:592  ...| 11 | spec line 809 | `SCR_WORDS = 32768` | `rtl/seq_movers.sv:190` |  <!--cites:noquote-->...
      doc:912  ...| the mover scratch bound | `rtl/seq_movers.sv:181` `SCR_WORDS = 32768` | `rtl/seq_movers.sv:190`, 65536 |  <!--cites:noquote-->...
=== evidence/qwen9b/g3/G3_3_MATVEC.md  (REPAIR 107, COLLATERAL 12)
  REPAIR         rtl/matvec_engine.sv:202 -> rtl/matvec_engine.sv:219   doc lines 176   at-base yes
      base rtl/matvec_engine.sv:202  '(* ram_style = "distributed" *) logic [31:0] x_mem [32][MAX_NG];'
      work rtl/matvec_engine.sv:202  '// Read: full 1024-bit line for the current group.'
      work rtl/matvec_engine.sv:219  '(* ram_style = "distributed" *) logic [31:0] x_mem [32][MAX_NG];'   <- proposed
      doc:176  ...| 3 | `rtl/matvec_engine.sv:202` `x_mem [32][MAX_NG]` | 1536 words | **...
  REPAIR         rtl/matvec_engine.sv:206 -> rtl/matvec_engine.sv:223   doc lines 177,651   at-base yes
      base rtl/matvec_engine.sv:206  'x_mem[b][x_waddr[11:5]] <= x_wdata;'
      work rtl/matvec_engine.sv:206  '// ------------------------------------------------------------------'
      work rtl/matvec_engine.sv:223  'x_mem[b][x_waddr[11:5]] <= x_wdata;'   <- proposed
      doc:177  ...| 4 | `rtl/matvec_engine.sv:206` `x_mem[b][x_waddr[11:5]]` | `[10:5]` |...
      doc:651  ...), `rtl/matvec_engine.sv:589` (`r_g`) | the 6-bit ng indices and the 1536-word `x_mem` | `rtl/matvec_engine.sv:206`, `:228`, `:283`/`:319`/`:352`/`:368`/`...
  REPAIR         rtl/matvec_engine.sv:160 -> rtl/matvec_engine.sv:163   doc lines 178   at-base yes
      base rtl/matvec_engine.sv:160  'input  wire [11:0]         x_waddr,'
      work rtl/matvec_engine.sv:160  ''
      work rtl/matvec_engine.sv:163  'input  wire [11:0]         x_waddr,'   <- proposed
      doc:178  ...| 5 | `rtl/matvec_engine.sv:160` `input wire [11:0] x_waddr` | 11 b | *...
  REPAIR         rtl/matvec_engine.sv:228 -> rtl/matvec_engine.sv:247   doc lines 179   at-base yes
      base rtl/matvec_engine.sv:228  'logic [6:0]       x_line;'
      work rtl/matvec_engine.sv:228  '//   0 .. cfg_ng-1              weight beats'
      work rtl/matvec_engine.sv:247  'logic [6:0]       x_line;'   <- proposed
      doc:179  ...| 6 | `rtl/matvec_engine.sv:228` `logic [6:0] x_line` | 6 b | **7 b** |...
  REPAIR         rtl/matvec_engine.sv:497 -> rtl/matvec_engine.sv:527   doc lines 181   at-base yes
      base rtl/matvec_engine.sv:497  'logic [6:0]       r_g;'
      work rtl/matvec_engine.sv:497  "rows_done_in <= rows_done_in + 1'b1;"
      work rtl/matvec_engine.sv:527  'logic [6:0]       r_g;'   <- proposed
      doc:181  ...| 8 | `rtl/matvec_engine.sv:497` `logic [6:0] r_g` | 6 b | **7 b** | th...
  REPAIR         rtl/matvec_engine.sv:428-429 -> rtl/matvec_engine.sv:453-454   doc lines 182,653   at-base yes
      base rtl/matvec_engine.sv:428  'logic signed [17:0] acc_bank_lo [2][MAX_NG];'
      work rtl/matvec_engine.sv:428  '// final stage, so the stage-5 critical path is unchanged, and the'
      work rtl/matvec_engine.sv:453  'logic signed [17:0] acc_bank_lo [2][MAX_NG];'   <- proposed
      base end :429 'logic signed [17:0] acc_bank_hi [2][MAX_NG];' / work end :454 'logic signed [17:0] acc_bank_hi [2][MAX_NG];'
      doc:182  ...| 9 | `rtl/matvec_engine.sv:428-429` `acc_bank_lo [2][MAX_NG]` and its `_hi...
      doc:653  ...atvec_engine.sv:517-518` (`acc_bank_lo/_hi`, 21 b) | the W8-envelope accumulator banks | `rtl/matvec_engine.sv:428-429`, 18 b.  §4.2 |...
  REPAIR         rtl/matvec_chan.sv:211 -> rtl/matvec_chan.sv:221   doc lines 183   at-base yes
      base rtl/matvec_chan.sv:211  ''
      work rtl/matvec_chan.sv:211  'input  wire [511:0]       m_axi_rdata,'
      work rtl/matvec_chan.sv:221  ''   <- proposed
      doc:183  ...| 10 | `rtl/matvec_chan.sv:211` `logic [6:0] csr_static_ng` | 6 b | **...
  REPAIR         rtl/matvec_chan.sv:216 -> rtl/matvec_chan.sv:226   doc lines 184,655   at-base yes
      base rtl/matvec_chan.sv:216  'logic [33:0] csr_static_wbase;'
      work rtl/matvec_chan.sv:216  '(* X_INTERFACE_INFO = "xilinx.com:interface:aximm:1.0 m_axi RVALID" *)'
      work rtl/matvec_chan.sv:226  'logic [33:0] csr_static_wbase;'   <- proposed
      doc:184  ...| 11 | `rtl/matvec_chan.sv:216` `logic [11:0] xptr`, `:329` `wdata_q[1...
      doc:655  ...its SLVERR), `rtl/seq_movers.sv:186` | the 6 KiB XWIN aperture and its 11-bit pointers | `rtl/matvec_chan.sv:216`, `rtl/matvec_chan.sv:538-543`, `rtl/ma...
  REPAIR         `:329` -> `:342`   doc lines 184   at-base yes
      base rtl/matvec_chan.sv:329  'csr_static_sh    <= wdata_q[5:0];'
      work rtl/matvec_chan.sv:329  "aw_got <= 1'b1; awaddr_q <= s_axil_awaddr[11:2];"
      work rtl/matvec_chan.sv:342  'csr_static_sh    <= wdata_q[5:0];'   <- proposed
      doc:184  ...| 11 | `rtl/matvec_chan.sv:216` `logic [11:0] xptr`, `:329` `wdata_q[11:0]`, `:346` readback | 11 b...
  REPAIR         `:346` -> `:361`   doc lines 184   at-base yes
      base rtl/matvec_chan.sv:346  'end'
      work rtl/matvec_chan.sv:346  'csr_static_rbank <= wdata_q[30];  // bit 31 dropped'
      work rtl/matvec_chan.sv:361  'end'   <- proposed
      doc:184  ...| 11 | `rtl/matvec_chan.sv:216` `logic [11:0] xptr`, `:329` `wdata_q[11:0]`, `:346` readback | 11 b | **12 b** | 3072 x wor...
  REPAIR         rtl/matvec_chan.sv:240-248 -> rtl/matvec_chan.sv:252-260   doc lines 185   at-base yes
      base rtl/matvec_chan.sv:240  'logic [47:0] perf_cycles;'
      work rtl/matvec_chan.sv:240  'logic ui_busy, ui_done, ui_err;'
      work rtl/matvec_chan.sv:252  'logic [47:0] perf_cycles;'   <- proposed
      base end :248 'logic        xf_push_b;              // s_axib burst write window' / work end :260 'logic        xf_push_b;              // s_axib burst write window'
      doc:185  ...| 12 | `rtl/matvec_chan.sv:240-248` and `rtl/matvec_chan.sv:386`, `rtl/mat...
  REPAIR         rtl/matvec_chan.sv:386 -> rtl/matvec_chan.sv:404   doc lines 185,222   at-base yes
      base rtl/matvec_chan.sv:386  'end else begin'
      work rtl/matvec_chan.sv:386  'end'
      work rtl/matvec_chan.sv:404  'end else begin'   <- proposed
      doc:185  ...| 12 | `rtl/matvec_chan.sv:240-248` and `rtl/matvec_chan.sv:386`, `rtl/matvec_chan.sv:418` — the x-writ...
      doc:222  ...`rtl/matvec_chan.sv:386` `logic [42:0] xq_d;` is the ui_clk-sid...
  REPAIR         rtl/matvec_chan.sv:418 -> rtl/matvec_chan.sv:436   doc lines 185   at-base yes
      base rtl/matvec_chan.sv:418  '.m_arburst(m_axi_arburst), .m_arvalid(m_axi_arvalid), .m_arready(m_axi_a'
      work rtl/matvec_chan.sv:418  'else          xq_we <= xf_pop;'
      work rtl/matvec_chan.sv:436  '.m_arburst(m_axi_arburst), .m_arvalid(m_axi_arvalid), .m_arready(m_axi_a'   <- proposed
      doc:185  ...| 12 | `rtl/matvec_chan.sv:240-248` and `rtl/matvec_chan.sv:386`, `rtl/matvec_chan.sv:418` — the x-write FIFO payload | 43 b | **...
  REPAIR         rtl/matvec_chan.sv:386 -> rtl/matvec_chan.sv:404   doc lines 185,222   at-base yes
      base rtl/matvec_chan.sv:386  'end else begin'
      work rtl/matvec_chan.sv:386  'end'
      work rtl/matvec_chan.sv:404  'end else begin'   <- proposed
      doc:185  ...| 12 | `rtl/matvec_chan.sv:240-248` and `rtl/matvec_chan.sv:386`, `rtl/matvec_chan.sv:418` — the x-writ...
      doc:222  ...`rtl/matvec_chan.sv:386` `logic [42:0] xq_d;` is the ui_clk-sid...
  REPAIR         `:547` -> `:566`   doc lines 186   at-base yes
      base rtl/matvec_chan.sv:547  'end'
      work rtl/matvec_chan.sv:547  'end'
      work rtl/matvec_chan.sv:566  'end'   <- proposed
      doc:186  ...| 13 | `rtl/matvec_chan.sv:545` `XWIN_WORDS`, `:547` `wb_ptr`, `:587-588` the decode, `:595`...
  REPAIR         `:587-588` -> `:606-607`   doc lines 186,558   at-base yes
      base rtl/matvec_chan.sv:587  'end else begin'
      work rtl/matvec_chan.sv:587  '// free slot in that cycle, or the shipped `if (!xf_full)` test would'
      work rtl/matvec_chan.sv:606  'end else begin'   <- proposed
      base end :588 'if (s_axib_wvalid && s_axib_wready) begin' / work end :607 'if (s_axib_wvalid && s_axib_wready) begin'
      doc:186  ...| 13 | `rtl/matvec_chan.sv:545` `XWIN_WORDS`, `:547` `wb_ptr`, `:587-588` the decode, `:595` its SLVERR | 1536 / ...
      doc:558  ...`rtl/matvec_chan.sv:577` for the burst decode; it now cites `:587-588`....
  REPAIR         `:595` -> `:614`   doc lines 186   at-base yes
      base rtl/matvec_chan.sv:595  'W_IDLE:'
      work rtl/matvec_chan.sv:595  'assign s_axib_awready = (wstate == W_IDLE);'
      work rtl/matvec_chan.sv:614  'W_IDLE:'   <- proposed
      doc:186  ...| 13 | `rtl/matvec_chan.sv:545` `XWIN_WORDS`, `:547` `wb_ptr`, `:587-588` the decode, `:595` its SLVERR | 1536 / 11 b / 6 KiB | **30...
  REPAIR         rtl/seq_movers.sv:186 -> rtl/seq_movers.sv:195   doc lines 187,375,655   at-base yes
      base rtl/seq_movers.sv:186  'localparam int XWIN_WORDS  = 3072;   // K <= 12288 (matvec_engine MAX_NG'
      work rtl/seq_movers.sv:186  "localparam logic [11:0] MV_XPTR   = 12'h028;"
      work rtl/seq_movers.sv:195  'localparam int XWIN_WORDS  = 3072;   // K <= 12288 (matvec_engine MAX_NG'   <- proposed
      doc:187  ...| 14 | `rtl/seq_movers.sv:186` `XWIN_WORDS` (**the second copy**) and...
      doc:375  ...| `XWIN_WORDS` | 1536 in `rtl/matvec_chan.sv` **and** 1536 in `rtl/seq_movers.sv:186` | **3072 in both** |...
  REPAIR         `:182` -> `:191`   doc lines 187   at-base yes
      base rtl/seq_movers.sv:182  "localparam logic [31:0] MVB_XWIN = 32'h0000_4000;   // 3072 words x 4 B"
      work rtl/seq_movers.sv:182  "localparam logic [11:0] MV_WBLO   = 12'h008;"
      work rtl/seq_movers.sv:191  "localparam logic [31:0] MVB_XWIN = 32'h0000_4000;   // 3072 words x 4 B"   <- proposed
      doc:187  ...| 14 | `rtl/seq_movers.sv:186` `XWIN_WORDS` (**the second copy**) and `:182` `MVB_XWIN`'s comment | 1536 | **3072** ...
  REPAIR         rtl/matvec_engine.sv:317 -> rtl/matvec_engine.sv:342   doc lines 198   at-base yes
      base rtl/matvec_engine.sv:317  'logic signed [G-1:0][11:0] prod_q;'
      work rtl/matvec_engine.sv:317  'end else begin'
      work rtl/matvec_engine.sv:342  'logic signed [G-1:0][11:0] prod_q;'   <- proposed
      doc:198  ...| `rtl/matvec_engine.sv:317` `prod_q` | 16 b | **12 b** | 8·128 = 1...
  REPAIR         rtl/matvec_engine.sv:350 -> rtl/matvec_engine.sv:375   doc lines 199   at-base yes
      base rtl/matvec_engine.sv:350  'logic signed [63:0][12:0] sum64_q;'
      work rtl/matvec_engine.sv:350  'v1_q  <= v0_q;'
      work rtl/matvec_engine.sv:375  'logic signed [63:0][12:0] sum64_q;'   <- proposed
      doc:199  ...| `rtl/matvec_engine.sv:350` `sum64_q` | 16 b | **13 b** | 16·128 =...
  REPAIR         rtl/matvec_engine.sv:366 -> rtl/matvec_engine.sv:391   doc lines 200   at-base yes
      base rtl/matvec_engine.sv:366  'logic signed [15:0][14:0] sum16_q;'
      work rtl/matvec_engine.sv:366  ''
      work rtl/matvec_engine.sv:391  'logic signed [15:0][14:0] sum16_q;'   <- proposed
      doc:200  ...| `rtl/matvec_engine.sv:366` `sum16_q` | 18 b | **15 b** | 64·128 =...
  REPAIR         rtl/matvec_engine.sv:384 -> rtl/matvec_engine.sv:409   doc lines 201   at-base yes
      base rtl/matvec_engine.sv:384  'logic signed [3:0][16:0] sum4_q;'
      work rtl/matvec_engine.sv:384  'b2_q  <= b1_q;'
      work rtl/matvec_engine.sv:409  'logic signed [3:0][16:0] sum4_q;'   <- proposed
      doc:201  ...| `rtl/matvec_engine.sv:384` `sum4_q` | 20 b | **17 b** | 256·128 =...
  REPAIR         rtl/matvec_engine.sv:406 -> rtl/matvec_engine.sv:431   doc lines 202   at-base yes
      base rtl/matvec_engine.sv:406  'logic signed [17:0] acc_lo_q, acc_hi_q;'
      work rtl/matvec_engine.sv:406  'end'
      work rtl/matvec_engine.sv:431  'logic signed [17:0] acc_lo_q, acc_hi_q;'   <- proposed
      doc:202  ...| `rtl/matvec_engine.sv:406` `acc_lo_q`/`acc_hi_q`, `:428-429` the ...
  REPAIR         `:428-429` -> `:453-454`   doc lines 202   at-base yes
      base rtl/matvec_engine.sv:428  'logic signed [17:0] acc_bank_lo [2][MAX_NG];'
      work rtl/matvec_engine.sv:428  '// final stage, so the stage-5 critical path is unchanged, and the'
      work rtl/matvec_engine.sv:453  'logic signed [17:0] acc_bank_lo [2][MAX_NG];'   <- proposed
      base end :429 'logic signed [17:0] acc_bank_hi [2][MAX_NG];' / work end :454 'logic signed [17:0] acc_bank_hi [2][MAX_NG];'
      doc:202  ...| `rtl/matvec_engine.sv:406` `acc_lo_q`/`acc_hi_q`, `:428-429` the banks, `:516` `mac_lo_q`/`mac_hi_q`...
  REPAIR         `:516` -> `:546`   doc lines 202   at-base yes
      base rtl/matvec_engine.sv:516  'logic signed [17:0] mac_lo_q, mac_hi_q;'
      work rtl/matvec_engine.sv:516  'end'
      work rtl/matvec_engine.sv:546  'logic signed [17:0] mac_lo_q, mac_hi_q;'   <- proposed
      doc:202  ...| `rtl/matvec_engine.sv:406` `acc_lo_q`/`acc_hi_q`, `:428-429` the banks, `:516` `mac_lo_q`/`mac_hi_q` | 21 b | **18 b**...
  REPAIR         rtl/matvec_engine.sv:523 -> rtl/matvec_engine.sv:553   doc lines 203   at-base yes
      base rtl/matvec_engine.sv:523  'logic signed [34:0] pa_q, pb_q;'
      work rtl/matvec_engine.sv:523  'logic             pd_bank;'
      work rtl/matvec_engine.sv:553  'logic signed [34:0] pa_q, pb_q;'   <- proposed
      doc:203  ...| `rtl/matvec_engine.sv:523` `pa_q`/`pb_q` | 38 b | **35 b** | 17 ×...
  REPAIR         rtl/matvec_engine.sv:179 -> rtl/matvec_engine.sv:182   doc lines 205   at-base yes
      base rtl/matvec_engine.sv:179  'localparam int NSCAL  = 32 * ((MAX_NG + 31) / 32);'
      work rtl/matvec_engine.sv:179  '// Scale buffer.  A row carries ceil(MAX_NG/32) scale beats of 32'
      work rtl/matvec_engine.sv:182  'localparam int NSCAL  = 32 * ((MAX_NG + 31) / 32);'   <- proposed
      doc:205  ...| `rtl/matvec_engine.sv:179` `NSCAL` | `2 * MAX_NG` = 96 | **`32 * ...
  REPAIR         rtl/matvec_engine.sv:513 -> rtl/matvec_engine.sv:543   doc lines 206   at-base yes
      base rtl/matvec_engine.sv:513  'wire [6:0] sc_idx = r_g;'
      work rtl/matvec_engine.sv:513  "x_line <= x_line + 7'd1;"
      work rtl/matvec_engine.sv:543  'wire [6:0] sc_idx = r_g;'   <- proposed
      doc:206  ...| `rtl/matvec_engine.sv:513,517` `sc_idx` / `mac_m_q` | `sc_idx_a`+...
  REPAIR         rtl/matvec_engine.sv:240 -> rtl/matvec_engine.sv:259   doc lines 215,648   at-base yes
      base rtl/matvec_engine.sv:240  "wire [1:0]  n_scale_beats = 2'((cfg_ng + 7'd31) >> 5);"
      work rtl/matvec_engine.sv:240  'logic             bank_sel;      // bank being FILLED'
      work rtl/matvec_engine.sv:259  "wire [1:0]  n_scale_beats = 2'((cfg_ng + 7'd31) >> 5);"   <- proposed
      doc:215  ...| `rtl/matvec_engine.sv:240` `n_scale_beats`, and `scale_beat_idx` ...
      doc:648  ... records the mode; the scale-beat count is now the single `2'((cfg_ng + 7'd31) >> 5)` at `rtl/matvec_engine.sv:240`, `scale_beat_idx` at `:247`, and the s...
  REPAIR         rtl/matvec_chan.sv:386 -> rtl/matvec_chan.sv:404   doc lines 185,222   at-base yes
      base rtl/matvec_chan.sv:386  'end else begin'
      work rtl/matvec_chan.sv:386  'end'
      work rtl/matvec_chan.sv:404  'end else begin'   <- proposed
      doc:185  ...| 12 | `rtl/matvec_chan.sv:240-248` and `rtl/matvec_chan.sv:386`, `rtl/matvec_chan.sv:418` — the x-writ...
      doc:222  ...`rtl/matvec_chan.sv:386` `logic [42:0] xq_d;` is the ui_clk-sid...
  REPAIR         rtl/matvec_chan.sv:318-320 -> rtl/matvec_chan.sv:331-333   doc lines 257,649   at-base yes
      base rtl/matvec_chan.sv:318  'if (s_axil_wvalid && s_axil_wready) begin'
      work rtl/matvec_chan.sv:318  "s_axil_bvalid <= 1'b0; s_axil_bresp <= 2'b00;"
      work rtl/matvec_chan.sv:331  'if (s_axil_wvalid && s_axil_wready) begin'   <- proposed
      base end :320 'end' / work end :333 'end'
      doc:257  ...(`rtl/matvec_chan.sv:318-320`), the same three assignments as before...
      doc:649  ... 28/29 and the 6-bit `ng` decode | `rtl/matvec_chan.sv:18-32` (the new header table) and `rtl/matvec_chan.sv:318-320` (the three-slice decode).  §5.1 |  <!-...
  REPAIR         rtl/matvec_chan.sv:346-348 -> rtl/matvec_chan.sv:361-363   doc lines 259   at-base yes
      base rtl/matvec_chan.sv:346  'end'
      work rtl/matvec_chan.sv:346  'csr_static_rbank <= wdata_q[30];  // bit 31 dropped'
      work rtl/matvec_chan.sv:361  'end'   <- proposed
      base end :348 '' / work end :363 ''
      doc:259  ...(`rtl/matvec_chan.sv:346-348`).  There is no measurement to report b...
  REPAIR         rtl/matvec_chan.sv:587-588 -> rtl/matvec_chan.sv:606-607   doc lines 373,553,655   at-base yes
      base rtl/matvec_chan.sv:587  'end else begin'
      work rtl/matvec_chan.sv:587  '// free slot in that cycle, or the shipped `if (!xf_full)` test would'
      work rtl/matvec_chan.sv:606  'end else begin'   <- proposed
      base end :588 'if (s_axib_wvalid && s_axib_wready) begin' / work end :607 'if (s_axib_wvalid && s_axib_wready) begin'
      doc:373  ...| decode (`rtl/matvec_chan.sv:587-588`) | `awaddr[15:13] == 3'b010 && awaddr[...
      doc:553  ...nswers SLVERR outside the 1536-word XWIN (`rtl/matvec_chan.sv:531-535`)" | the decode is `rtl/matvec_chan.sv:587-588` and its SLVERR `rtl/matvec_chan.sv:595...
  REPAIR         rtl/matvec_chan.sv:547 -> rtl/matvec_chan.sv:566   doc lines 374,655   at-base yes
      base rtl/matvec_chan.sv:547  'end'
      work rtl/matvec_chan.sv:547  'end'
      work rtl/matvec_chan.sv:566  'end'   <- proposed
      doc:374  ...| `wb_ptr` (`rtl/matvec_chan.sv:547`, `rtl/matvec_chan.sv:589`) | `awaddr[1...
      doc:655  ...| `rtl/matvec_chan.sv:220` (`xptr` 11 b), `rtl/matvec_chan.sv:547`/`rtl/matvec_chan.sv:549` (the 6 KiB wi...
  REPAIR         rtl/matvec_chan.sv:589 -> rtl/matvec_chan.sv:608   doc lines 374   at-base yes
      base rtl/matvec_chan.sv:589  "ws_v <= 1'b1; ws_d <= s_axib_wdata; ws_last <= s_axib_wlast;"
      work rtl/matvec_chan.sv:589  '// dropped into xfifo_ovfl.  Holding the burst for that one cycle'
      work rtl/matvec_chan.sv:608  "ws_v <= 1'b1; ws_d <= s_axib_wdata; ws_last <= s_axib_wlast;"   <- proposed
      doc:374  ...| `wb_ptr` (`rtl/matvec_chan.sv:547`, `rtl/matvec_chan.sv:589`) | `awaddr[12:2]`, 11 b | **`awaddr[13...
  REPAIR         rtl/seq_movers.sv:186 -> rtl/seq_movers.sv:195   doc lines 187,375,655   at-base yes
      base rtl/seq_movers.sv:186  'localparam int XWIN_WORDS  = 3072;   // K <= 12288 (matvec_engine MAX_NG'
      work rtl/seq_movers.sv:186  "localparam logic [11:0] MV_XPTR   = 12'h028;"
      work rtl/seq_movers.sv:195  'localparam int XWIN_WORDS  = 3072;   // K <= 12288 (matvec_engine MAX_NG'   <- proposed
      doc:187  ...| 14 | `rtl/seq_movers.sv:186` `XWIN_WORDS` (**the second copy**) and...
      doc:375  ...| `XWIN_WORDS` | 1536 in `rtl/matvec_chan.sv` **and** 1536 in `rtl/seq_movers.sv:186` | **3072 in both** |...
  REPAIR         rtl/matvec_chan.sv:636-641 -> rtl/matvec_chan.sv:655-660   doc lines 376   at-base yes
      base rtl/matvec_chan.sv:636  '$fatal(1, "matvec_chan s_axib AR: bad request addr=%h len=%0d size=%b bu'
      work rtl/matvec_chan.sv:636  'end'
      work rtl/matvec_chan.sv:655  '$fatal(1, "matvec_chan s_axib AR: bad request addr=%h len=%0d size=%b bu'   <- proposed
      base end :641 's_axib_araddr, s_axib_arlen);' / work end :660 's_axib_araddr, s_axib_arlen);'
      doc:376  ...| the sim-only AW bound (`rtl/matvec_chan.sv:636-641`) | 11-bit base | 12-bit base, `XWIN_WO...
  REPAIR         rtl/matvec_chan.sv:531-535 -> rtl/matvec_chan.sv:550-554   doc lines 553,630   at-base yes
      base rtl/matvec_chan.sv:531  "rcred  <= rcred  - {2'b0, r_issue}  + {2'b0, rf_pop};"
      work rtl/matvec_chan.sv:531  ''
      work rtl/matvec_chan.sv:550  "rcred  <= rcred  - {2'b0, r_issue}  + {2'b0, rf_pop};"   <- proposed
      base end :535 'if (s_axib_arvalid && s_axib_arready) begin' / work end :554 'if (s_axib_arvalid && s_axib_arready) begin'
      doc:553  ...| "the burst path answers SLVERR outside the 1536-word XWIN (`rtl/matvec_chan.sv:531-535`)" | the decode is `rtl/matvec_chan.sv:...
      doc:630  ...fixer wanted to map `rtl/matvec_chan.sv:531-535` → `:522`/`:526`.  At...
  REPAIR         rtl/matvec_chan.sv:587-588 -> rtl/matvec_chan.sv:606-607   doc lines 373,553,655   at-base yes
      base rtl/matvec_chan.sv:587  'end else begin'
      work rtl/matvec_chan.sv:587  '// free slot in that cycle, or the shipped `if (!xf_full)` test would'
      work rtl/matvec_chan.sv:606  'end else begin'   <- proposed
      base end :588 'if (s_axib_wvalid && s_axib_wready) begin' / work end :607 'if (s_axib_wvalid && s_axib_wready) begin'
      doc:373  ...| decode (`rtl/matvec_chan.sv:587-588`) | `awaddr[15:13] == 3'b010 && awaddr[...
      doc:553  ...nswers SLVERR outside the 1536-word XWIN (`rtl/matvec_chan.sv:531-535`)" | the decode is `rtl/matvec_chan.sv:587-588` and its SLVERR `rtl/matvec_chan.sv:595...
  REPAIR         rtl/matvec_chan.sv:595 -> rtl/matvec_chan.sv:614   doc lines 553,655   at-base yes
      base rtl/matvec_chan.sv:595  'W_IDLE:'
      work rtl/matvec_chan.sv:595  'assign s_axib_awready = (wstate == W_IDLE);'
      work rtl/matvec_chan.sv:614  'W_IDLE:'   <- proposed
      doc:553  ...tl/matvec_chan.sv:531-535`)" | the decode is `rtl/matvec_chan.sv:587-588` and its SLVERR `rtl/matvec_chan.sv:595` — and the window is 3072 words |  <!--...
      doc:655  ...an.sv:552` (`XWIN_WORDS`), `rtl/matvec_chan.sv:554` (`wb_ptr`), `rtl/matvec_chan.sv:594`/`rtl/matvec_chan.sv:595` (the decode and its SLVERR), `rtl/seq_...
  REPAIR         rtl/matvec_engine.sv:687-689 -> rtl/matvec_engine.sv:717-719   doc lines 554   at-base yes
      base rtl/matvec_engine.sv:687  "if (rstn && start && ((cfg_ng == 7'd0) || (cfg_ng > 7'(MAX_NG))))"
      work rtl/matvec_engine.sv:687  '// ---- R2: arithmetic shift + conditional negate -> result FIFO'
      work rtl/matvec_engine.sv:717  "if (rstn && start && ((cfg_ng == 7'd0) || (cfg_ng > 7'(MAX_NG))))"   <- proposed
      base end :689 'cfg_ng, MAX_NG);' / work end :719 'cfg_ng, MAX_NG);'
      doc:554  ...| "the cfg_ng ENVELOPE assert below (":747")" | `rtl/matvec_engine.sv:687-689` — quoted with the FILE NAME, not a bar...
  REPAIR         rtl/matvec_chan.sv:577 -> rtl/matvec_chan.sv:596   doc lines 558   at-base yes
      base rtl/matvec_chan.sv:577  'assign s_axib_wready  = (wstate == W_DATA) && (!ws_v || (ws_can && !ws_l'
      work rtl/matvec_chan.sv:577  'logic [11:0] wb_ptr;                          // x word index'
      work rtl/matvec_chan.sv:596  'assign s_axib_wready  = (wstate == W_DATA) && (!ws_v || (ws_can && !ws_l'   <- proposed
      doc:558  ...`rtl/matvec_chan.sv:577` for the burst decode; it now cites `:5...
  REPAIR         `:587-588` -> `:606-607`   doc lines 186,558   at-base yes
      base rtl/matvec_chan.sv:587  'end else begin'
      work rtl/matvec_chan.sv:587  '// free slot in that cycle, or the shipped `if (!xf_full)` test would'
      work rtl/matvec_chan.sv:606  'end else begin'   <- proposed
      base end :588 'if (s_axib_wvalid && s_axib_wready) begin' / work end :607 'if (s_axib_wvalid && s_axib_wready) begin'
      doc:186  ...| 13 | `rtl/matvec_chan.sv:545` `XWIN_WORDS`, `:547` `wb_ptr`, `:587-588` the decode, `:595` its SLVERR | 1536 / ...
      doc:558  ...`rtl/matvec_chan.sv:577` for the burst decode; it now cites `:587-588`....
  REPAIR         rtl/seq_movers.sv:586 -> rtl/seq_movers.sv:600   doc lines 618   at-base yes
      base rtl/seq_movers.sv:586  "bwd_data  = 32'd0;"
      work rtl/seq_movers.sv:586  ''
      work rtl/seq_movers.sv:600  "bwd_data  = 32'd0;"   <- proposed
      doc:618  ...`rtl/seq_movers.sv:586` → `:589`) — see §10....
  REPAIR         `:589` -> `:603`   doc lines 618   at-base yes
      base rtl/seq_movers.sv:589  ''
      work rtl/seq_movers.sv:589  'if (ext_owns) begin'
      work rtl/seq_movers.sv:603  ''   <- proposed
      doc:618  ...`rtl/seq_movers.sv:586` → `:589`) — see §10....
  REPAIR         rtl/matvec_chan.sv:531-535 -> rtl/matvec_chan.sv:550-554   doc lines 553,630   at-base yes
      base rtl/matvec_chan.sv:531  "rcred  <= rcred  - {2'b0, r_issue}  + {2'b0, rf_pop};"
      work rtl/matvec_chan.sv:531  ''
      work rtl/matvec_chan.sv:550  "rcred  <= rcred  - {2'b0, r_issue}  + {2'b0, rf_pop};"   <- proposed
      base end :535 'if (s_axib_arvalid && s_axib_arready) begin' / work end :554 'if (s_axib_arvalid && s_axib_arready) begin'
      doc:553  ...| "the burst path answers SLVERR outside the 1536-word XWIN (`rtl/matvec_chan.sv:531-535`)" | the decode is `rtl/matvec_chan.sv:...
      doc:630  ...fixer wanted to map `rtl/matvec_chan.sv:531-535` → `:522`/`:526`.  At...
  REPAIR         `:522` -> `:541`   doc lines 630   at-base yes
      base rtl/matvec_chan.sv:522  'end'
      work rtl/matvec_chan.sv:522  'if (!aresetn) begin'
      work rtl/matvec_chan.sv:541  'end'   <- proposed
      doc:630  ...fixer wanted to map `rtl/matvec_chan.sv:531-535` → `:522`/`:526`.  At...
  REPAIR         `:526` -> `:545`   doc lines 630   at-base yes
      base rtl/matvec_chan.sv:526  'rf_mem[rf_wp] <= rf_din;'
      work rtl/matvec_chan.sv:526  "res_bsel_d1 <= 1'b0; res_bsel_d2 <= 1'b0; axil_ar_pend_q <= 1'b0;"
      work rtl/matvec_chan.sv:545  'rf_mem[rf_wp] <= rf_din;'   <- proposed
      doc:630  ...fixer wanted to map `rtl/matvec_chan.sv:531-535` → `:522`/`:526`.  At...
  REPAIR         rtl/matvec_engine.sv:204 -> rtl/matvec_engine.sv:221   doc lines 647   at-base yes
      base rtl/matvec_engine.sv:204  'for (int b = 0; b < 32; b++)'
      work rtl/matvec_engine.sv:204  '// 2-D dynamic-bank write defeated LUTRAM inference (32K flops + a'
      work rtl/matvec_engine.sv:221  'for (int b = 0; b < 32; b++)'   <- proposed
      doc:647  ...| `rtl/matvec_engine.sv:204` (`cfg_w8` port), `:278` (`w8_phase`), ...
  REPAIR         `:278` -> `:297`   doc lines 647   at-base yes
      base rtl/matvec_engine.sv:278  '// Stage 0: latch beat + read x line (registered for timing)'
      work rtl/matvec_engine.sv:278  'logic [2:0] rowq;'
      work rtl/matvec_engine.sv:297  '// Stage 0: latch beat + read x line (registered for timing)'   <- proposed
      doc:647  ...| `rtl/matvec_engine.sv:204` (`cfg_w8` port), `:278` (`w8_phase`), `:340`/`:358` (`ph_q`), `...
  REPAIR         `:340` -> `:365`   doc lines 647   at-base yes
      base rtl/matvec_engine.sv:340  'end'
      work rtl/matvec_engine.sv:340  '// legal nibble.'
      work rtl/matvec_engine.sv:365  'end'   <- proposed
      doc:647  ...| `rtl/matvec_engine.sv:204` (`cfg_w8` port), `:278` (`w8_phase`), `:340`/`:358` (`ph_q`), `:399`/`:402` (the 8-b...
  REPAIR         `:358` -> `:383`   doc lines 647   at-base yes
      base rtl/matvec_engine.sv:358  'g2_q  <= g1_q;'
      work rtl/matvec_engine.sv:358  "wn = (k % 2 == 0) ? signed'(beat_q[(k/2)*8 +: 4])"
      work rtl/matvec_engine.sv:383  'g2_q  <= g1_q;'   <- proposed
      doc:647  ...| `rtl/matvec_engine.sv:204` (`cfg_w8` port), `:278` (`w8_phase`), `:340`/`:358` (`ph_q`), `:399`/`:402` (the 8-bit oper...
  REPAIR         `:399` -> `:424`   doc lines 647   at-base yes
      base rtl/matvec_engine.sv:399  'end'
      work rtl/matvec_engine.sv:399  'g3_q  <= g2_q;'
      work rtl/matvec_engine.sv:424  'end'   <- proposed
      doc:647  ... `rtl/matvec_engine.sv:204` (`cfg_w8` port), `:278` (`w8_phase`), `:340`/`:358` (`ph_q`), `:399`/`:402` (the 8-bit operand mux), `:10`/`...
  REPAIR         `:402` -> `:427`   doc lines 647   at-base yes
      base rtl/matvec_engine.sv:402  '// sum4_q[2..3] are k=64..127.  Same two add-levels as a single-sum'
      work rtl/matvec_engine.sv:402  'for (int i = 0; i < 16; i++)'
      work rtl/matvec_engine.sv:427  '// sum4_q[2..3] are k=64..127.  Same two add-levels as a single-sum'   <- proposed
      doc:647  ...atvec_engine.sv:204` (`cfg_w8` port), `:278` (`w8_phase`), `:340`/`:358` (`ph_q`), `:399`/`:402` (the 8-bit operand mux), `:10`/`:13` (t...
  REPAIR         rtl/matvec_engine.sv:275 -> rtl/matvec_engine.sv:294   doc lines 648   at-base yes
      base rtl/matvec_engine.sv:275  'wire row_push  = beat_fire && is_last_scale;'
      work rtl/matvec_engine.sv:275  'logic       sc_hold;'
      work rtl/matvec_engine.sv:294  'wire row_push  = beat_fire && is_last_scale;'   <- proposed
      doc:648  ...| `rtl/matvec_engine.sv:275` (`wbeats`), `:291` (`ng7`), `:292-293`...
  REPAIR         rtl/matvec_engine.sv:240 -> rtl/matvec_engine.sv:259   doc lines 215,648   at-base yes
      base rtl/matvec_engine.sv:240  "wire [1:0]  n_scale_beats = 2'((cfg_ng + 7'd31) >> 5);"
      work rtl/matvec_engine.sv:240  'logic             bank_sel;      // bank being FILLED'
      work rtl/matvec_engine.sv:259  "wire [1:0]  n_scale_beats = 2'((cfg_ng + 7'd31) >> 5);"   <- proposed
      doc:215  ...| `rtl/matvec_engine.sv:240` `n_scale_beats`, and `scale_beat_idx` ...
      doc:648  ... records the mode; the scale-beat count is now the single `2'((cfg_ng + 7'd31) >> 5)` at `rtl/matvec_engine.sv:240`, `scale_beat_idx` at `:247`, and the s...
  REPAIR         `:292-293` -> `:312-313`   doc lines 648   at-base yes
      base rtl/matvec_engine.sv:292  '// csr_static-derived operands that are false-pathed into ui_clk'
      work rtl/matvec_engine.sv:292  'assign s_ready = busy && !row_start_blocked && !scale_blocked;'
      work rtl/matvec_engine.sv:312  '// csr_static-derived operands that are false-pathed into ui_clk'   <- proposed
      base end :293 '// (synth/constraints/fable5_cdc.xdc:14).' / work end :313 '// (synth/constraints/fable5_cdc.xdc:14).'
      doc:648  ...| `rtl/matvec_engine.sv:275` (`wbeats`), `:291` (`ng7`), `:292-293` (`n_scale_beats`), `:300` (`scale_beat_...
  REPAIR         `:300` -> `:320`   doc lines 648   at-base yes
      base rtl/matvec_engine.sv:300  'beat_q <= s_data;'
      work rtl/matvec_engine.sv:300  'logic [1023:0] xline_q;'
      work rtl/matvec_engine.sv:320  'beat_q <= s_data;'   <- proposed
      doc:648  ...| `rtl/matvec_engine.sv:275` (`wbeats`), `:291` (`ng7`), `:292-293` (`n_scale_beats`), `:300` (`scale_beat_idx`), `:603-604` (`sc_idx...
  REPAIR         `:603-604` -> `:633-634`   doc lines 648   at-base yes
      base rtl/matvec_engine.sv:603  'if (r_take) begin'
      work rtl/matvec_engine.sv:603  "pd_valid <= 1'b0;"
      work rtl/matvec_engine.sv:633  'if (r_take) begin'   <- proposed
      base end :604 "r_active <= 1'b1;" / work end :634 "r_active <= 1'b1;"
      doc:648  ...275` (`wbeats`), `:291` (`ng7`), `:292-293` (`n_scale_beats`), `:300` (`scale_beat_idx`), `:603-604` (`sc_idx_a`/`sc_idx_b`) | the g64 mode ...
  REPAIR         `:513` -> `:543`   doc lines 648   at-base yes
      base rtl/matvec_engine.sv:513  'wire [6:0] sc_idx = r_g;'
      work rtl/matvec_engine.sv:513  "x_line <= x_line + 7'd1;"
      work rtl/matvec_engine.sv:543  'wire [6:0] sc_idx = r_g;'   <- proposed
      doc:648  ...ec_engine.sv:240`, `scale_beat_idx` at `:247`, and the scale mux index is one `sc_idx` at `:513` |...
  REPAIR         rtl/matvec_chan.sv:19 -> rtl/matvec_chan.sv:20   doc lines 649   at-base yes
      base rtl/matvec_chan.sv:19  '//                     SEQ_ISA v2.0 / G3.3 layout, CONTIGUOUS: ng is 7 b'
      work rtl/matvec_chan.sv:19  '//                      nrows[21:6], sh[5:0]}'
      work rtl/matvec_chan.sv:20  '//                     SEQ_ISA v2.0 / G3.3 layout, CONTIGUOUS: ng is 7 b'   <- proposed
      doc:649  ...| `rtl/matvec_chan.sv:18`/`rtl/matvec_chan.sv:19`/`rtl/matvec_chan.sv:35` (the SHAPE hea...
  REPAIR         rtl/matvec_chan.sv:35 -> rtl/matvec_chan.sv:45   doc lines 649   at-base yes
      base rtl/matvec_chan.sv:35  '//   0x24 XWIN      W  push x word at xptr; xptr++'
      work rtl/matvec_chan.sv:35  '//                     ng is the group count per row = K//128 = the WEIG'
      work rtl/matvec_chan.sv:45  '//   0x24 XWIN      W  push x word at xptr; xptr++'   <- proposed
      doc:649  ...| `rtl/matvec_chan.sv:18`/`rtl/matvec_chan.sv:19`/`rtl/matvec_chan.sv:35` (the SHAPE header table), `rtl/matvec_...
  REPAIR         rtl/matvec_chan.sv:323 -> rtl/matvec_chan.sv:336   doc lines 649   at-base yes
      base rtl/matvec_chan.sv:323  'case (awaddr_q)'
      work rtl/matvec_chan.sv:323  "csr_static_ng <= '0; csr_static_sh <= '0; csr_static_nrows <= '0;"
      work rtl/matvec_chan.sv:336  'case (awaddr_q)'   <- proposed
      doc:649  ...ec_chan.sv:18`/`rtl/matvec_chan.sv:19`/`rtl/matvec_chan.sv:35` (the SHAPE header table), `rtl/matvec_chan.sv:323` (`csr_static_ng <= wdata_q[5:0]`), `rt...
  REPAIR         rtl/matvec_chan.sv:327 -> rtl/matvec_chan.sv:340   doc lines 649   at-base yes
      base rtl/matvec_chan.sv:327  "10'h004: csr_static_wbeats <= wdata_q;                // WBEATS"
      work rtl/matvec_chan.sv:327  ''
      work rtl/matvec_chan.sv:340  "10'h004: csr_static_wbeats <= wdata_q;                // WBEATS"   <- proposed
      doc:649  ...5` (the SHAPE header table), `rtl/matvec_chan.sv:323` (`csr_static_ng <= wdata_q[5:0]`), `rtl/matvec_chan.sv:327` (`csr_static_w8 <= wdata_q[29]`) | SHA...
  REPAIR         rtl/matvec_chan.sv:318-320 -> rtl/matvec_chan.sv:331-333   doc lines 257,649   at-base yes
      base rtl/matvec_chan.sv:318  'if (s_axil_wvalid && s_axil_wready) begin'
      work rtl/matvec_chan.sv:318  "s_axil_bvalid <= 1'b0; s_axil_bresp <= 2'b00;"
      work rtl/matvec_chan.sv:331  'if (s_axil_wvalid && s_axil_wready) begin'   <- proposed
      base end :320 'end' / work end :333 'end'
      doc:257  ...(`rtl/matvec_chan.sv:318-320`), the same three assignments as before...
      doc:649  ... 28/29 and the 6-bit `ng` decode | `rtl/matvec_chan.sv:18-32` (the new header table) and `rtl/matvec_chan.sv:318-320` (the three-slice decode).  §5.1 |  <!-...
  REPAIR         rtl/matvec_engine.sv:192 -> rtl/matvec_engine.sv:209   doc lines 650   at-base yes
      base rtl/matvec_engine.sv:192  '// reaches them on either path: the burst path answers SLVERR outside th'
      work rtl/matvec_engine.sv:192  '// (rtl/matvec_chan.sv addra = m_row[11:0]) with no logic on that path.'
      work rtl/matvec_engine.sv:209  '// reaches them on either path: the burst path answers SLVERR outside th'   <- proposed
      doc:650  ...| `rtl/matvec_engine.sv:192` (`MAX_NG = 48`), `rtl/matvec_engine.sv...
  REPAIR         rtl/matvec_engine.sv:199 -> rtl/matvec_engine.sv:216   doc lines 650   at-base yes
      base rtl/matvec_engine.sv:199  '// (D-CITE, re-derived at G3.3: the two pointers this paragraph names'
      work rtl/matvec_engine.sv:199  '// ------------------------------------------------------------------'
      work rtl/matvec_engine.sv:216  '// (D-CITE, re-derived at G3.3: the two pointers this paragraph names'   <- proposed
      doc:650  ...| `rtl/matvec_engine.sv:192` (`MAX_NG = 48`), `rtl/matvec_engine.sv:199` (`cfg_ng [5:0]`) | the 48-group ceilin...
  REPAIR         rtl/matvec_engine.sv:254 -> rtl/matvec_engine.sv:273   doc lines 651   at-base yes
      base rtl/matvec_engine.sv:254  '//   rowq     : rows pushed but not yet popped out of the result FIFO'
      work rtl/matvec_engine.sv:254  '// and scale_beat_idx in {0, 1, 2}, so BOTH still fit two bits (spec'
      work rtl/matvec_engine.sv:273  '//   rowq     : rows pushed but not yet popped out of the result FIFO'   <- proposed
      doc:651  ...| `rtl/matvec_engine.sv:254` (`x_waddr[10:5]`), `rtl/matvec_engine....
  REPAIR         rtl/matvec_engine.sv:272 -> rtl/matvec_engine.sv:291   doc lines 651   at-base yes
      base rtl/matvec_engine.sv:272  ''
      work rtl/matvec_engine.sv:272  '//   pd_valid : the 1-deep pending descriptor slot is occupied'
      work rtl/matvec_engine.sv:291  ''   <- proposed
      doc:651  ...| `rtl/matvec_engine.sv:254` (`x_waddr[10:5]`), `rtl/matvec_engine.sv:272` (`x_line`), `rtl/matvec_engine.sv:336`...
  REPAIR         rtl/matvec_engine.sv:336 -> rtl/matvec_engine.sv:361   doc lines 651   at-base yes
      base rtl/matvec_engine.sv:336  "prod_q[k] <= 12'(wn * xv);"
      work rtl/matvec_engine.sv:336  '// nibble) and |x8| <= 128, so the product is in [-1016, 1024] and 12'
      work rtl/matvec_engine.sv:361  "prod_q[k] <= 12'(wn * xv);"   <- proposed
      doc:651  ...| `rtl/matvec_engine.sv:254` (`x_waddr[10:5]`), `rtl/matvec_engine.sv:272` (`x_line`), `rtl/matvec_engine.sv:336`/`rtl/matvec_engine.sv:380`/`rtl/matvec...
  REPAIR         rtl/matvec_engine.sv:380 -> rtl/matvec_engine.sv:405   doc lines 651   at-base yes
      base rtl/matvec_engine.sv:380  'end'
      work rtl/matvec_engine.sv:380  "if (!rstn) v2_q <= 1'b0;"
      work rtl/matvec_engine.sv:405  'end'   <- proposed
      doc:651  ...54` (`x_waddr[10:5]`), `rtl/matvec_engine.sv:272` (`x_line`), `rtl/matvec_engine.sv:336`/`rtl/matvec_engine.sv:380`/`rtl/matvec_engine.sv:425`/`rtl/matvec...
  REPAIR         rtl/matvec_engine.sv:425 -> rtl/matvec_engine.sv:450   doc lines 651   at-base yes
      base rtl/matvec_engine.sv:425  '// by the retire walk.  One entry per group, both 64-wide halves,'
      work rtl/matvec_engine.sv:425  ''
      work rtl/matvec_engine.sv:450  '// by the retire walk.  One entry per group, both 64-wide halves,'   <- proposed
      doc:651  .../matvec_engine.sv:272` (`x_line`), `rtl/matvec_engine.sv:336`/`rtl/matvec_engine.sv:380`/`rtl/matvec_engine.sv:425`/`rtl/matvec_engine.sv:443`/`rtl/matvec...
  REPAIR         rtl/matvec_engine.sv:443 -> rtl/matvec_engine.sv:468   doc lines 651   at-base yes
      base rtl/matvec_engine.sv:443  'logic [ROW_W-1:0] rows_done_in;'
      work rtl/matvec_engine.sv:443  "acc_hi_q <= 18'(signed'(sum4_q[2])) + 18'(signed'(sum4_q[3]));"
      work rtl/matvec_engine.sv:468  'logic [ROW_W-1:0] rows_done_in;'   <- proposed
      doc:651  ...line`), `rtl/matvec_engine.sv:336`/`rtl/matvec_engine.sv:380`/`rtl/matvec_engine.sv:425`/`rtl/matvec_engine.sv:443`/`rtl/matvec_engine.sv:464`/`rtl/matvec...
  REPAIR         rtl/matvec_engine.sv:464 -> rtl/matvec_engine.sv:489   doc lines 651   at-base yes
      base rtl/matvec_engine.sv:464  '// scales_q[32b .. 32b+31] (b = 0..2 at MAX_NG = 96).'
      work rtl/matvec_engine.sv:464  ''
      work rtl/matvec_engine.sv:489  '// scales_q[32b .. 32b+31] (b = 0..2 at MAX_NG = 96).'   <- proposed
      doc:651  ...sv:336`/`rtl/matvec_engine.sv:380`/`rtl/matvec_engine.sv:425`/`rtl/matvec_engine.sv:443`/`rtl/matvec_engine.sv:464`/`rtl/matvec_engine.sv:492` (`g_q`…`g5_...
  REPAIR         rtl/matvec_engine.sv:492 -> rtl/matvec_engine.sv:522   doc lines 651   at-base yes
      base rtl/matvec_engine.sv:492  'logic [ROW_W-1:0] pd_row;'
      work rtl/matvec_engine.sv:492  'if (is_last_scale) begin'
      work rtl/matvec_engine.sv:522  'logic [ROW_W-1:0] pd_row;'   <- proposed
      doc:651  ...sv:380`/`rtl/matvec_engine.sv:425`/`rtl/matvec_engine.sv:443`/`rtl/matvec_engine.sv:464`/`rtl/matvec_engine.sv:492` (`g_q`…`g5_q`), `rtl/matvec_engine.sv:...
  REPAIR         rtl/matvec_engine.sv:589 -> rtl/matvec_engine.sv:619   doc lines 651   at-base yes
      base rtl/matvec_engine.sv:589  "pd_valid <= 1'b1;"
      work rtl/matvec_engine.sv:589  '// small output FIFO (depth ODEPTH); rowq guarantees it never overflows'
      work rtl/matvec_engine.sv:619  "pd_valid <= 1'b1;"   <- proposed
      doc:651  ...vec_engine.sv:443`/`rtl/matvec_engine.sv:464`/`rtl/matvec_engine.sv:492` (`g_q`…`g5_q`), `rtl/matvec_engine.sv:589` (`r_g`) | the 6-bit ng indices and the...
  REPAIR         rtl/matvec_engine.sv:206 -> rtl/matvec_engine.sv:223   doc lines 177,651   at-base yes
      base rtl/matvec_engine.sv:206  'x_mem[b][x_waddr[11:5]] <= x_wdata;'
      work rtl/matvec_engine.sv:206  '// ------------------------------------------------------------------'
      work rtl/matvec_engine.sv:223  'x_mem[b][x_waddr[11:5]] <= x_wdata;'   <- proposed
      doc:177  ...| 4 | `rtl/matvec_engine.sv:206` `x_mem[b][x_waddr[11:5]]` | `[10:5]` |...
      doc:651  ...), `rtl/matvec_engine.sv:589` (`r_g`) | the 6-bit ng indices and the 1536-word `x_mem` | `rtl/matvec_engine.sv:206`, `:228`, `:283`/`:319`/`:352`/`:368`/`...
  REPAIR         `:228` -> `:247`   doc lines 651   at-base yes
      base rtl/matvec_engine.sv:228  'logic [6:0]       x_line;'
      work rtl/matvec_engine.sv:228  '//   0 .. cfg_ng-1              weight beats'
      work rtl/matvec_engine.sv:247  'logic [6:0]       x_line;'   <- proposed
      doc:651  ...9` (`r_g`) | the 6-bit ng indices and the 1536-word `x_mem` | `rtl/matvec_engine.sv:206`, `:228`, `:283`/`:319`/`:352`/`:368`/`:386`/`:4...
  REPAIR         `:319` -> `:344`   doc lines 651   at-base yes
      base rtl/matvec_engine.sv:319  'logic [6:0]         g1_q;'
      work rtl/matvec_engine.sv:319  'if (beat_fire && !is_scale_beat) begin'
      work rtl/matvec_engine.sv:344  'logic [6:0]         g1_q;'   <- proposed
      doc:651  ...e 6-bit ng indices and the 1536-word `x_mem` | `rtl/matvec_engine.sv:206`, `:228`, `:283`/`:319`/`:352`/`:368`/`:386`/`:408`, `:497`.  §...
  REPAIR         `:352` -> `:377`   doc lines 651   at-base yes
      base rtl/matvec_engine.sv:352  'logic [6:0]         g2_q;'
      work rtl/matvec_engine.sv:352  'b1_q  <= b_q;'
      work rtl/matvec_engine.sv:377  'logic [6:0]         g2_q;'   <- proposed
      doc:651  ... ng indices and the 1536-word `x_mem` | `rtl/matvec_engine.sv:206`, `:228`, `:283`/`:319`/`:352`/`:368`/`:386`/`:408`, `:497`.  §4.1 row...
  REPAIR         `:368` -> `:393`   doc lines 651   at-base yes
      base rtl/matvec_engine.sv:368  'logic [6:0]         g3_q;'
      work rtl/matvec_engine.sv:368  '// Stages 2-5: pipelined adder tree, max 2 add-levels per stage'
      work rtl/matvec_engine.sv:393  'logic [6:0]         g3_q;'   <- proposed
      doc:651  ...ices and the 1536-word `x_mem` | `rtl/matvec_engine.sv:206`, `:228`, `:283`/`:319`/`:352`/`:368`/`:386`/`:408`, `:497`.  §4.1 rows 3-8 |...
  REPAIR         `:386` -> `:411`   doc lines 651   at-base yes
      base rtl/matvec_engine.sv:386  'logic [6:0]         g4_q;'
      work rtl/matvec_engine.sv:386  'for (int i = 0; i < 64; i++)'
      work rtl/matvec_engine.sv:411  'logic [6:0]         g4_q;'   <- proposed
      doc:651  ...d the 1536-word `x_mem` | `rtl/matvec_engine.sv:206`, `:228`, `:283`/`:319`/`:352`/`:368`/`:386`/`:408`, `:497`.  §4.1 rows 3-8 |  <!--c...
  REPAIR         `:408` -> `:433`   doc lines 651   at-base yes
      base rtl/matvec_engine.sv:408  'logic [6:0]         g5_q;'
      work rtl/matvec_engine.sv:408  '// sum4_q[i] is a 32-LANE sum: 32 * 8 * 128 = 32768, so 17 b signed.'
      work rtl/matvec_engine.sv:433  'logic [6:0]         g5_q;'   <- proposed
      doc:651  ...536-word `x_mem` | `rtl/matvec_engine.sv:206`, `:228`, `:283`/`:319`/`:352`/`:368`/`:386`/`:408`, `:497`.  §4.1 rows 3-8 |  <!--cites:no...
  REPAIR         `:497` -> `:527`   doc lines 651   at-base yes
      base rtl/matvec_engine.sv:497  'logic [6:0]       r_g;'
      work rtl/matvec_engine.sv:497  "rows_done_in <= rows_done_in + 1'b1;"
      work rtl/matvec_engine.sv:527  'logic [6:0]       r_g;'   <- proposed
      doc:651  ... `x_mem` | `rtl/matvec_engine.sv:206`, `:228`, `:283`/`:319`/`:352`/`:368`/`:386`/`:408`, `:497`.  §4.1 rows 3-8 |  <!--cites:noquote-->...
  REPAIR         rtl/matvec_engine.sv:213-219 -> rtl/matvec_engine.sv:230-236   doc lines 652   at-base yes
      base rtl/matvec_engine.sv:213  '// 7 bits.  RE-DERIVED at G3.3 (the old "2*MAX_NG + 2 = 98 at MAX_NG ='
      work rtl/matvec_engine.sv:213  '// language discards (no guard is inferred, and none is needed).  The'
      work rtl/matvec_engine.sv:230  '// 7 bits.  RE-DERIVED at G3.3 (the old "2*MAX_NG + 2 = 98 at MAX_NG ='   <- proposed
      base end :219 '// the envelope $fatal below catches.' / work end :236 '// the envelope $fatal below catches.'
      doc:652  ...pped range `:262-264` | *"7 bits: 2\*MAX_NG + 2 = 98 at MAX_NG = 48"* — a W8 statement | `rtl/matvec_engine.sv:213-219`, RE-DERIVED (`MAX_NG + ceil(MAX_NG/32)...
  REPAIR         rtl/matvec_engine.sv:517-518 -> rtl/matvec_engine.sv:547-548   doc lines 653   at-base yes
      base rtl/matvec_engine.sv:517  'logic [15:0]        mac_m_q;'
      work rtl/matvec_engine.sv:517  'end'
      work rtl/matvec_engine.sv:547  'logic [15:0]        mac_m_q;'   <- proposed
      base end :518 'logic               mac_v_q, mac_first_q, mac_last_q;' / work end :548 'logic               mac_v_q, mac_first_q, mac_last_q;'
      doc:653  ...| `rtl/matvec_engine.sv:517-518` (`acc_bank_lo/_hi`, 21 b) | the W8-env...
  REPAIR         rtl/matvec_engine.sv:428-429 -> rtl/matvec_engine.sv:453-454   doc lines 182,653   at-base yes
      base rtl/matvec_engine.sv:428  'logic signed [17:0] acc_bank_lo [2][MAX_NG];'
      work rtl/matvec_engine.sv:428  '// final stage, so the stage-5 critical path is unchanged, and the'
      work rtl/matvec_engine.sv:453  'logic signed [17:0] acc_bank_lo [2][MAX_NG];'   <- proposed
      base end :429 'logic signed [17:0] acc_bank_hi [2][MAX_NG];' / work end :454 'logic signed [17:0] acc_bank_hi [2][MAX_NG];'
      doc:182  ...| 9 | `rtl/matvec_engine.sv:428-429` `acc_bank_lo [2][MAX_NG]` and its `_hi...
      doc:653  ...atvec_engine.sv:517-518` (`acc_bank_lo/_hi`, 21 b) | the W8-envelope accumulator banks | `rtl/matvec_engine.sv:428-429`, 18 b.  §4.2 |...
  REPAIR         rtl/matvec_engine.sv:243 -> rtl/matvec_engine.sv:262   doc lines 654   at-base yes
      base rtl/matvec_engine.sv:243  ''
      work rtl/matvec_engine.sv:243  '// VALUE; the accumulator index is g_cnt, see stage 0).  It is a registe'
      work rtl/matvec_engine.sv:262  ''   <- proposed
      doc:654  ...| `rtl/matvec_engine.sv:243`/`:246` | the two stale D-CITE pointers...
  REPAIR         rtl/matvec_engine.sv:190-201 -> rtl/matvec_engine.sv:207-218   doc lines 654   at-base yes
      base rtl/matvec_engine.sv:190  '// UNBACKED HOLE (R4 review): x_waddr[11:5] spans lines 0..127, but only'
      work rtl/matvec_engine.sv:190  '// xline_q CE cone is untouched), and row_in loads RB_ROW instead of 0 a'
      work rtl/matvec_engine.sv:207  '// UNBACKED HOLE (R4 review): x_waddr[11:5] spans lines 0..127, but only'   <- proposed
      base end :201 '// here — so they are quoted with the file name, not a bare ":747".)' / work end :218 '// here — so they are quoted with the file name, not a bare ":747".)'
      doc:654  ...| `rtl/matvec_engine.sv:243`/`:246` | the two stale D-CITE pointers Task 7 left | `rtl/matvec_engine.sv:190-201`, re-derived — §9 |...
  REPAIR         `:246` -> `:265`   doc lines 654   at-base yes
      base rtl/matvec_engine.sv:246  '// which 32-scale slice of the row this beat carries (0, 1 or 2)'
      work rtl/matvec_engine.sv:246  '// xline_q cone).'
      work rtl/matvec_engine.sv:265  '// which 32-scale slice of the row this beat carries (0, 1 or 2)'   <- proposed
      doc:654  ...| `rtl/matvec_engine.sv:243`/`:246` | the two stale D-CITE pointers Task 7 ...
  REPAIR         rtl/matvec_chan.sv:220 -> rtl/matvec_chan.sv:230   doc lines 655   at-base yes
      base rtl/matvec_chan.sv:220  'logic [15:0] csr_static_nrows;'
      work rtl/matvec_chan.sv:220  ');'
      work rtl/matvec_chan.sv:230  'logic [15:0] csr_static_nrows;'   <- proposed
      doc:655  ...| `rtl/matvec_chan.sv:220` (`xptr` 11 b), `rtl/matvec_chan.sv:547...
  REPAIR         rtl/matvec_chan.sv:547 -> rtl/matvec_chan.sv:566   doc lines 374,655   at-base yes
      base rtl/matvec_chan.sv:547  'end'
      work rtl/matvec_chan.sv:547  'end'
      work rtl/matvec_chan.sv:566  'end'   <- proposed
      doc:374  ...| `wb_ptr` (`rtl/matvec_chan.sv:547`, `rtl/matvec_chan.sv:589`) | `awaddr[1...
      doc:655  ...| `rtl/matvec_chan.sv:220` (`xptr` 11 b), `rtl/matvec_chan.sv:547`/`rtl/matvec_chan.sv:549` (the 6 KiB wi...
  REPAIR         rtl/matvec_chan.sv:549 -> rtl/matvec_chan.sv:568   doc lines 655   at-base yes
      base rtl/matvec_chan.sv:549  '// ---------------- write side (XWIN window 0x4000-0x6FFF) ----------'
      work rtl/matvec_chan.sv:549  "rf_cnt <= rf_cnt + {2'b0, rf_push}  - {2'b0, rf_pop};"
      work rtl/matvec_chan.sv:568  '// ---------------- write side (XWIN window 0x4000-0x6FFF) ----------'   <- proposed
      doc:655  ...| `rtl/matvec_chan.sv:220` (`xptr` 11 b), `rtl/matvec_chan.sv:547`/`rtl/matvec_chan.sv:549` (the 6 KiB window comment), `rtl/matve...
  REPAIR         rtl/matvec_chan.sv:552 -> rtl/matvec_chan.sv:571   doc lines 655   at-base yes
      base rtl/matvec_chan.sv:552  "// engine's x_mem cannot hold still answers SLVERR.  The per-channel"
      work rtl/matvec_chan.sv:552  'case (rstate)'
      work rtl/matvec_chan.sv:571  "// engine's x_mem cannot hold still answers SLVERR.  The per-channel"   <- proposed
      doc:655  ...tr` 11 b), `rtl/matvec_chan.sv:547`/`rtl/matvec_chan.sv:549` (the 6 KiB window comment), `rtl/matvec_chan.sv:552` (`XWIN_WORDS`), `rtl/matvec_chan.sv:55...
  REPAIR         rtl/matvec_chan.sv:594 -> rtl/matvec_chan.sv:613   doc lines 655   at-base yes
      base rtl/matvec_chan.sv:594  'case (wstate)'
      work rtl/matvec_chan.sv:594  ''
      work rtl/matvec_chan.sv:613  'case (wstate)'   <- proposed
      doc:655  ... comment), `rtl/matvec_chan.sv:552` (`XWIN_WORDS`), `rtl/matvec_chan.sv:554` (`wb_ptr`), `rtl/matvec_chan.sv:594`/`rtl/matvec_chan.sv:595` (the decode a...
  REPAIR         rtl/matvec_chan.sv:595 -> rtl/matvec_chan.sv:614   doc lines 553,655   at-base yes
      base rtl/matvec_chan.sv:595  'W_IDLE:'
      work rtl/matvec_chan.sv:595  'assign s_axib_awready = (wstate == W_IDLE);'
      work rtl/matvec_chan.sv:614  'W_IDLE:'   <- proposed
      doc:553  ...tl/matvec_chan.sv:531-535`)" | the decode is `rtl/matvec_chan.sv:587-588` and its SLVERR `rtl/matvec_chan.sv:595` — and the window is 3072 words |  <!--...
      doc:655  ...an.sv:552` (`XWIN_WORDS`), `rtl/matvec_chan.sv:554` (`wb_ptr`), `rtl/matvec_chan.sv:594`/`rtl/matvec_chan.sv:595` (the decode and its SLVERR), `rtl/seq_...
  REPAIR         rtl/seq_movers.sv:186 -> rtl/seq_movers.sv:195   doc lines 187,375,655   at-base yes
      base rtl/seq_movers.sv:186  'localparam int XWIN_WORDS  = 3072;   // K <= 12288 (matvec_engine MAX_NG'
      work rtl/seq_movers.sv:186  "localparam logic [11:0] MV_XPTR   = 12'h028;"
      work rtl/seq_movers.sv:195  'localparam int XWIN_WORDS  = 3072;   // K <= 12288 (matvec_engine MAX_NG'   <- proposed
      doc:187  ...| 14 | `rtl/seq_movers.sv:186` `XWIN_WORDS` (**the second copy**) and...
      doc:375  ...| `XWIN_WORDS` | 1536 in `rtl/matvec_chan.sv` **and** 1536 in `rtl/seq_movers.sv:186` | **3072 in both** |...
  REPAIR         rtl/matvec_chan.sv:216 -> rtl/matvec_chan.sv:226   doc lines 184,655   at-base yes
      base rtl/matvec_chan.sv:216  'logic [33:0] csr_static_wbase;'
      work rtl/matvec_chan.sv:216  '(* X_INTERFACE_INFO = "xilinx.com:interface:aximm:1.0 m_axi RVALID" *)'
      work rtl/matvec_chan.sv:226  'logic [33:0] csr_static_wbase;'   <- proposed
      doc:184  ...| 11 | `rtl/matvec_chan.sv:216` `logic [11:0] xptr`, `:329` `wdata_q[1...
      doc:655  ...its SLVERR), `rtl/seq_movers.sv:186` | the 6 KiB XWIN aperture and its 11-bit pointers | `rtl/matvec_chan.sv:216`, `rtl/matvec_chan.sv:538-543`, `rtl/ma...
  REPAIR         rtl/matvec_chan.sv:538-543 -> rtl/matvec_chan.sv:557-562   doc lines 655   at-base yes
      base rtl/matvec_chan.sv:538  'rb_addr  <= s_axib_araddr[13:2];      // S12: full 12b'
      work rtl/matvec_chan.sv:538  'if (r_issue) begin'
      work rtl/matvec_chan.sv:557  'rb_addr  <= s_axib_araddr[13:2];      // S12: full 12b'   <- proposed
      base end :543 "if ((rb_beats == 9'd0) && (rpv == 2'b00) && (rf_cnt == 3'd0))" / work end :562 "if ((rb_beats == 9'd0) && (rpv == 2'b00) && (rf_cnt == 3'd0))"
      doc:655  ...rs.sv:186` | the 6 KiB XWIN aperture and its 11-bit pointers | `rtl/matvec_chan.sv:216`, `rtl/matvec_chan.sv:538-543`, `rtl/matvec_chan.sv:545`, `rtl/matvec...
  REPAIR         rtl/matvec_chan.sv:547 -> rtl/matvec_chan.sv:566   doc lines 374,655   at-base yes
      base rtl/matvec_chan.sv:547  'end'
      work rtl/matvec_chan.sv:547  'end'
      work rtl/matvec_chan.sv:566  'end'   <- proposed
      doc:374  ...| `wb_ptr` (`rtl/matvec_chan.sv:547`, `rtl/matvec_chan.sv:589`) | `awaddr[1...
      doc:655  ...| `rtl/matvec_chan.sv:220` (`xptr` 11 b), `rtl/matvec_chan.sv:547`/`rtl/matvec_chan.sv:549` (the 6 KiB wi...
  REPAIR         rtl/matvec_chan.sv:587-588 -> rtl/matvec_chan.sv:606-607   doc lines 373,553,655   at-base yes
      base rtl/matvec_chan.sv:587  'end else begin'
      work rtl/matvec_chan.sv:587  '// free slot in that cycle, or the shipped `if (!xf_full)` test would'
      work rtl/matvec_chan.sv:606  'end else begin'   <- proposed
      base end :588 'if (s_axib_wvalid && s_axib_wready) begin' / work end :607 'if (s_axib_wvalid && s_axib_wready) begin'
      doc:373  ...| decode (`rtl/matvec_chan.sv:587-588`) | `awaddr[15:13] == 3'b010 && awaddr[...
      doc:553  ...nswers SLVERR outside the 1536-word XWIN (`rtl/matvec_chan.sv:531-535`)" | the decode is `rtl/matvec_chan.sv:587-588` and its SLVERR `rtl/matvec_chan.sv:595...
  REPAIR         rtl/matvec_chan.sv:595 -> rtl/matvec_chan.sv:614   doc lines 553,655   at-base yes
      base rtl/matvec_chan.sv:595  'W_IDLE:'
      work rtl/matvec_chan.sv:595  'assign s_axib_awready = (wstate == W_IDLE);'
      work rtl/matvec_chan.sv:614  'W_IDLE:'   <- proposed
      doc:553  ...tl/matvec_chan.sv:531-535`)" | the decode is `rtl/matvec_chan.sv:587-588` and its SLVERR `rtl/matvec_chan.sv:595` — and the window is 3072 words |  <!--...
      doc:655  ...an.sv:552` (`XWIN_WORDS`), `rtl/matvec_chan.sv:554` (`wb_ptr`), `rtl/matvec_chan.sv:594`/`rtl/matvec_chan.sv:595` (the decode and its SLVERR), `rtl/seq_...
  REPAIR         rtl/seq_movers.sv:186 -> rtl/seq_movers.sv:195   doc lines 187,375,655   at-base yes
      base rtl/seq_movers.sv:186  'localparam int XWIN_WORDS  = 3072;   // K <= 12288 (matvec_engine MAX_NG'
      work rtl/seq_movers.sv:186  "localparam logic [11:0] MV_XPTR   = 12'h028;"
      work rtl/seq_movers.sv:195  'localparam int XWIN_WORDS  = 3072;   // K <= 12288 (matvec_engine MAX_NG'   <- proposed
      doc:187  ...| 14 | `rtl/seq_movers.sv:186` `XWIN_WORDS` (**the second copy**) and...
      doc:375  ...| `XWIN_WORDS` | 1536 in `rtl/matvec_chan.sv` **and** 1536 in `rtl/seq_movers.sv:186` | **3072 in both** |...
  REPAIR         rtl/matvec_chan.sv:522 -> rtl/matvec_chan.sv:541   doc lines 685   at-base yes
      base rtl/matvec_chan.sv:522  'end'
      work rtl/matvec_chan.sv:522  'if (!aresetn) begin'
      work rtl/matvec_chan.sv:541  'end'   <- proposed
      doc:685  ...| 2 | `rtl/matvec_engine.sv` no longer cites `rtl/matvec_chan.sv:522` or `rtl/matvec_chan.sv:526` | the two ...
  REPAIR         rtl/matvec_chan.sv:526 -> rtl/matvec_chan.sv:545   doc lines 685   at-base yes
      base rtl/matvec_chan.sv:526  'rf_mem[rf_wp] <= rf_din;'
      work rtl/matvec_chan.sv:526  "res_bsel_d1 <= 1'b0; res_bsel_d2 <= 1'b0; axil_ar_pend_q <= 1'b0;"
      work rtl/matvec_chan.sv:545  'rf_mem[rf_wp] <= rf_din;'   <- proposed
      doc:685  ...| 2 | `rtl/matvec_engine.sv` no longer cites `rtl/matvec_chan.sv:522` or `rtl/matvec_chan.sv:526` | the two D-CITE pointers, REWRITTEN n...
  REPAIR         rtl/matvec_chan.sv:413 -> rtl/matvec_chan.sv:431   doc lines 785   at-base yes
      base rtl/matvec_chan.sv:413  '.clk(ui_clk), .rstn(ui_rstn),'
      work rtl/matvec_chan.sv:413  'assign xf_pop = !xf_empty;'
      work rtl/matvec_chan.sv:431  '.clk(ui_clk), .rstn(ui_rstn),'   <- proposed
      doc:785  ...| `rtl/matvec_chan.sv:413` | `matvec_engine u_engine` | already m...
  COLLATERAL     rtl/matvec_engine.sv:283 -> rtl/matvec_engine.sv:302   doc lines 180   at-base yes
      base rtl/matvec_engine.sv:283  'logic [6:0]    g_q;             // group index of the beat (0..NG-1 <= 9'
      work rtl/matvec_engine.sv:283  '// has issued its last scale read (S2).  The LAST scale beat also pushes'
      work rtl/matvec_engine.sv:302  'logic [6:0]    g_q;             // group index of the beat (0..NG-1 <= 9'   <- proposed
      doc:180  ...| 7 | `rtl/matvec_engine.sv:283,319,352,368,386,408` `g_q`,`g1_q`,`g2_q...
  COLLATERAL     rtl/matvec_chan.sv:545 -> rtl/matvec_chan.sv:564   doc lines 186,655   at-base yes
      base rtl/matvec_chan.sv:545  'endcase'
      work rtl/matvec_chan.sv:545  'rf_mem[rf_wp] <= rf_din;'
      work rtl/matvec_chan.sv:564  'endcase'   <- proposed
      doc:186  ...| 13 | `rtl/matvec_chan.sv:545` `XWIN_WORDS`, `:547` `wb_ptr`, `:587-5...
      doc:655  ...erture and its 11-bit pointers | `rtl/matvec_chan.sv:216`, `rtl/matvec_chan.sv:538-543`, `rtl/matvec_chan.sv:545`, `rtl/matvec_chan.sv:547`, `rtl/matvec...
  COLLATERAL     rtl/matvec_engine.sv:527 -> rtl/matvec_engine.sv:557   doc lines 204   at-base yes
      base rtl/matvec_engine.sv:527  'logic signed [35:0] ps_q;'
      work rtl/matvec_engine.sv:527  'logic [6:0]       r_g;'
      work rtl/matvec_engine.sv:557  'logic signed [35:0] ps_q;'   <- proposed
      doc:204  ...| `rtl/matvec_engine.sv:527` `ps_q` | 39 b | **36 b** | `pa + pb` |...
  COLLATERAL     rtl/matvec_engine.sv:221 -> rtl/matvec_engine.sv:238   doc lines 212   at-base yes
      base rtl/matvec_engine.sv:221  'logic [6:0]       g_cnt;'
      work rtl/matvec_engine.sv:221  'for (int b = 0; b < 32; b++)'
      work rtl/matvec_engine.sv:238  'logic [6:0]       g_cnt;'   <- proposed
      doc:212  ...| `rtl/matvec_engine.sv:221` `g_cnt` | **7 b** | RE-DERIVED, not sc...
  COLLATERAL     `:291` -> `:311`   doc lines 648   at-base yes
      base rtl/matvec_engine.sv:291  '// (is_scale_beat / is_last_scale / row_start_blocked) are 7-bit against'
      work rtl/matvec_engine.sv:291  ''
      work rtl/matvec_engine.sv:311  '// (is_scale_beat / is_last_scale / row_start_blocked) are 7-bit against'   <- proposed
      doc:648  ...| `rtl/matvec_engine.sv:275` (`wbeats`), `:291` (`ng7`), `:292-293` (`n_scale_beats`), ...
  COLLATERAL     `:247` -> `:266`   doc lines 648   at-base yes
      base rtl/matvec_engine.sv:247  "wire [1:0]  scale_beat_idx = 2'(g_cnt - cfg_ng);"
      work rtl/matvec_engine.sv:247  'logic [6:0]       x_line;'
      work rtl/matvec_engine.sv:266  "wire [1:0]  scale_beat_idx = 2'(g_cnt - cfg_ng);"   <- proposed
      doc:648  ...the single `2'((cfg_ng + 7'd31) >> 5)` at `rtl/matvec_engine.sv:240`, `scale_beat_idx` at `:247`, and the scale mux index is one `sc_idx...
  COLLATERAL     `:283` -> `:302`   doc lines 651   at-base yes
      base rtl/matvec_engine.sv:283  'logic [6:0]    g_q;             // group index of the beat (0..NG-1 <= 9'
      work rtl/matvec_engine.sv:283  '// has issued its last scale read (S2).  The LAST scale beat also pushes'
      work rtl/matvec_engine.sv:302  'logic [6:0]    g_q;             // group index of the beat (0..NG-1 <= 9'   <- proposed
      doc:651  ...`) | the 6-bit ng indices and the 1536-word `x_mem` | `rtl/matvec_engine.sv:206`, `:228`, `:283`/`:319`/`:352`/`:368`/`:386`/`:408`, `:4...
  COLLATERAL     rtl/matvec_engine.sv:262 -> rtl/matvec_engine.sv:281   doc lines 652,683   at-base yes
      base rtl/matvec_engine.sv:262  ''
      work rtl/matvec_engine.sv:262  ''
      work rtl/matvec_engine.sv:281  ''   <- proposed
      doc:652  ...| `rtl/matvec_engine.sv:262` and the half-mapped range `:262-264` |...
      doc:683  ...| 4 | HALF-MAPPED ranges (`rtl/matvec_engine.sv:262-264`, `sw/hwmap.py:36-52`, `sw/hwmap.py...
  COLLATERAL     `:262-264` -> `:281-283`   doc lines 652   at-base yes
      base rtl/matvec_engine.sv:262  ''
      work rtl/matvec_engine.sv:262  ''
      work rtl/matvec_engine.sv:281  ''   <- proposed
      base end :264 '// has issued its last scale read (S2).  The LAST scale beat also pushes' / work end :283 '// has issued its last scale read (S2).  The LAST scale beat also pushes'
      doc:652  ...| `rtl/matvec_engine.sv:262` and the half-mapped range `:262-264` | *"7 bits: 2\*MAX_NG + 2 = 98 at MAX_N...
  COLLATERAL     rtl/matvec_chan.sv:554 -> rtl/matvec_chan.sv:573   doc lines 655   at-base yes
      base rtl/matvec_chan.sv:554  '// of XWIN fits with the SLVERR behaviour unchanged (spec 4.5).'
      work rtl/matvec_chan.sv:554  'if (s_axib_arvalid && s_axib_arready) begin'
      work rtl/matvec_chan.sv:573  '// of XWIN fits with the SLVERR behaviour unchanged (spec 4.5).'   <- proposed
      doc:655  ...matvec_chan.sv:549` (the 6 KiB window comment), `rtl/matvec_chan.sv:552` (`XWIN_WORDS`), `rtl/matvec_chan.sv:554` (`wb_ptr`), `rtl/matvec_chan.sv:594`/`...
  COLLATERAL     rtl/matvec_chan.sv:545 -> rtl/matvec_chan.sv:564   doc lines 186,655   at-base yes
      base rtl/matvec_chan.sv:545  'endcase'
      work rtl/matvec_chan.sv:545  'rf_mem[rf_wp] <= rf_din;'
      work rtl/matvec_chan.sv:564  'endcase'   <- proposed
      doc:186  ...| 13 | `rtl/matvec_chan.sv:545` `XWIN_WORDS`, `:547` `wb_ptr`, `:587-5...
      doc:655  ...erture and its 11-bit pointers | `rtl/matvec_chan.sv:216`, `rtl/matvec_chan.sv:538-543`, `rtl/matvec_chan.sv:545`, `rtl/matvec_chan.sv:547`, `rtl/matvec...
  COLLATERAL     rtl/matvec_engine.sv:262-264 -> rtl/matvec_engine.sv:281-283   doc lines 683   at-base yes
      base rtl/matvec_engine.sv:262  ''
      work rtl/matvec_engine.sv:262  ''
      work rtl/matvec_engine.sv:281  ''   <- proposed
      base end :264 '// has issued its last scale read (S2).  The LAST scale beat also pushes' / work end :283 '// has issued its last scale read (S2).  The LAST scale beat also pushes'
      doc:683  ...| 4 | HALF-MAPPED ranges (`rtl/matvec_engine.sv:262-264`, `sw/hwmap.py:36-52`, `sw/hwmap.py:56-...
=== evidence/qwen9b/g3/G3_4_LAYER.md  (REPAIR 15, COLLATERAL 2)
  REPAIR         rtl/seq_unit.sv:337 -> rtl/seq_unit.sv:346   doc lines 827,1318   at-base yes
      base rtl/seq_unit.sv:337  '// R-b: the EMB row size is RUNTIME (CSR 0x60 EMBLOG2), not a localparam'
      work rtl/seq_unit.sv:337  '// hwmap-derived <vec>.caps.hex.'
      work rtl/seq_unit.sv:346  '// R-b: the EMB row size is RUNTIME (CSR 0x60 EMBLOG2), not a localparam'   <- proposed
      doc:827  ...| the `EMBLOG2_RST` reset value 11 | `rtl/seq_unit.sv:337`, now 13 |...
      doc:1318  ...| `rtl/seq_unit.sv:320` | `rtl/seq_unit.sv:337` | `localparam logic [4:0] EMBLOG2_RST ...
  REPAIR         rtl/seq_unit.sv:318 -> rtl/seq_unit.sv:320   doc lines 981   at-base yes
      base rtl/seq_unit.sv:318  "// ref/seq_format.py -- because RTL cannot consume another module's"
      work rtl/seq_unit.sv:318  '// MAX_NG is stated in FOUR places -- rtl/matvec_engine.sv (the'
      work rtl/seq_unit.sv:320  "// ref/seq_format.py -- because RTL cannot consume another module's"   <- proposed
      doc:981  ...wal comment REPLACED by the check's rationale, ending in the `MVGO_MAX_NG` localparam at `rtl/seq_unit.sv:318`. It is **not** "consumed" from `matvec...
  REPAIR         rtl/seq_unit.sv:289 -> rtl/seq_unit.sv:291   doc lines 982   at-base yes
      base rtl/seq_unit.sv:289  "L_ARG2 = 12'h010;"
      work rtl/seq_unit.sv:289  "localparam logic [11:0] L_STAT = 12'h004;"
      work rtl/seq_unit.sv:291  "L_ARG2 = 12'h010;"   <- proposed
      doc:982  ...| `rtl/seq_unit.sv:289`, `rtl/seq_unit.sv:64` | `E_ENV` back i...
  REPAIR         rtl/seq_unit.sv:64 -> rtl/seq_unit.sv:66   doc lines 982   at-base yes
      base rtl/seq_unit.sv:64  '//   0x03 XRF index out of range      0x04 illegal flags for the opcode'
      work rtl/seq_unit.sv:64  '// ---------------------------------------------------------------------'
      work rtl/seq_unit.sv:66  '//   0x03 XRF index out of range      0x04 illegal flags for the opcode'   <- proposed
      doc:982  ...| `rtl/seq_unit.sv:289`, `rtl/seq_unit.sv:64` | `E_ENV` back in the error-code space...
  REPAIR         rtl/seq_unit.sv:770-774 -> rtl/seq_unit.sv:790-794   doc lines 983   at-base yes
      base rtl/seq_unit.sv:770  "&& (r_tgt[15:12] > 4'h2)) begin v_bad=1; v_code=E_CSRSP; end"
      work rtl/seq_unit.sv:770  '//   MOVX  start + ceil(len/4) <= 3072  <=>  len <= 4 * (3072 - start)'
      work rtl/seq_unit.sv:790  "&& (r_tgt[15:12] > 4'h2)) begin v_bad=1; v_code=E_CSRSP; end"   <- proposed
      base end :774 'OP_CMD: begin' / work end :794 'OP_CMD: begin'
      doc:983  ...| `rtl/seq_unit.sv:770-774` | the clause: an MVGO whose SHAPE `ng`...
  REPAIR         rtl/matvec_engine.sv:686 -> rtl/matvec_engine.sv:716   doc lines 994   at-base yes
      base rtl/matvec_engine.sv:686  'always_ff @(posedge clk) begin'
      work rtl/matvec_engine.sv:686  ''
      work rtl/matvec_engine.sv:716  'always_ff @(posedge clk) begin'   <- proposed
      doc:994  ...`rtl/matvec_engine.sv:686`'s guard **stays sim-only** — that file...
  REPAIR         rtl/seq_unit.sv:305-317 -> rtl/seq_unit.sv:307-319   doc lines 1233   at-base yes
      base rtl/seq_unit.sv:305  '//               layout (G3.3), which covers every host that packs a'
      work rtl/seq_unit.sv:305  '// lines of defence, not the only one.'
      work rtl/seq_unit.sv:307  '//               layout (G3.3), which covers every host that packs a'   <- proposed
      base end :317 "// authority), here, sw/hwmap.py's SHAPE_MAX_NG[2] and" / work end :319 "// authority), here, sw/hwmap.py's SHAPE_MAX_NG[2] and"
      doc:1233  ...`rtl/seq_unit.sv:305-317`'s comment and §15.1's table cell now s...
  REPAIR         rtl/seq_unit.sv:337 -> rtl/seq_unit.sv:346   doc lines 827,1318   at-base yes
      base rtl/seq_unit.sv:337  '// R-b: the EMB row size is RUNTIME (CSR 0x60 EMBLOG2), not a localparam'
      work rtl/seq_unit.sv:337  '// hwmap-derived <vec>.caps.hex.'
      work rtl/seq_unit.sv:346  '// R-b: the EMB row size is RUNTIME (CSR 0x60 EMBLOG2), not a localparam'   <- proposed
      doc:827  ...| the `EMBLOG2_RST` reset value 11 | `rtl/seq_unit.sv:337`, now 13 |...
      doc:1318  ...| `rtl/seq_unit.sv:320` | `rtl/seq_unit.sv:337` | `localparam logic [4:0] EMBLOG2_RST ...
  REPAIR         rtl/seq_unit.sv:762-776 -> rtl/seq_unit.sv:782-796   doc lines 1496   at-base yes
      base rtl/seq_unit.sv:762  'case (r_op)'
      work rtl/seq_unit.sv:762  'end'
      work rtl/seq_unit.sv:782  'case (r_op)'   <- proposed
      base end :776 "else if (r_tgt[15:12] != 4'd0)   begin v_bad=1; v_code=E_CSRSP; end" / work end :796 "else if (r_tgt[15:12] != 4'd0)   begin v_bad=1; v_code=E_CSRSP; end"
      doc:1496  ...| `docs/SEQ_ISA.md:694` | `rtl/seq_unit.sv:762-776` "does not look at MOVX target" | `rtl/...
  REPAIR         rtl/seq_unit.sv:767-775 -> rtl/seq_unit.sv:787-795   doc lines 1496   at-base yes
      base rtl/seq_unit.sv:767  'begin v_bad=1; v_code=E_IND; end'
      work rtl/seq_unit.sv:767  'logic  [7:0] v_code;'
      work rtl/seq_unit.sv:787  'begin v_bad=1; v_code=E_IND; end'   <- proposed
      base end :775 "if (r_flags != 8'd0)             begin v_bad=1; v_code=E_FLAGS; end" / work end :795 "if (r_flags != 8'd0)             begin v_bad=1; v_code=E_FLAGS; end"
      doc:1496  ...| `docs/SEQ_ISA.md:694` | `rtl/seq_unit.sv:762-776` "does not look at MOVX target" | `rtl/seq_unit.sv:767-775` | the range bracketed the `OP_CMD` arm...
  REPAIR         rtl/seq_unit.sv:792 -> rtl/seq_unit.sv:818   doc lines 1497   at-base yes
      base rtl/seq_unit.sv:792  "else if (r_tgt[3:0] >= 4'd4)     begin v_bad=1; v_code=E_CHAN; end"
      work rtl/seq_unit.sv:792  "&& (r_tgt[11:8] >= 4'd4)) begin v_bad=1; v_code=E_CHAN; end"
      work rtl/seq_unit.sv:818  "else if (r_tgt[3:0] >= 4'd4)     begin v_bad=1; v_code=E_CHAN; end"   <- proposed
      doc:1497  ...| `docs/SEQ_ISA.md:712` | `rtl/seq_unit.sv:792` for the JMP bound | `rtl/seq_unit.sv:7...
  REPAIR         rtl/seq_unit.sv:791 -> rtl/seq_unit.sv:817   doc lines 1497   at-base yes
      base rtl/seq_unit.sv:791  'begin v_bad=1; v_code=E_IND; end'
      work rtl/seq_unit.sv:791  "else if ((r_op == OP_CSRWR) && (r_tgt[15:12] == 4'h1)"
      work rtl/seq_unit.sv:817  'begin v_bad=1; v_code=E_IND; end'   <- proposed
      doc:1497  ...| `docs/SEQ_ISA.md:712` | `rtl/seq_unit.sv:792` for the JMP bound | `rtl/seq_unit.sv:791` | line 782 is the arm's `end`; the fau...
  REPAIR         rtl/seq_unit.sv:328 -> rtl/seq_unit.sv:330   doc lines 1498   at-base yes
      base rtl/seq_unit.sv:328  '// sh[5:0]}.'
      work rtl/seq_unit.sv:328  '// mechanization exists to prevent.'
      work rtl/seq_unit.sv:330  '// sh[5:0]}.'   <- proposed
      doc:1498  ...| the spec, two sites | `rtl/seq_unit.sv:328` `EMBLOG2_MIN = 5'd8, EMBLOG2_MAX = 5'd...
  REPAIR         rtl/seq_unit.sv:338 -> rtl/seq_unit.sv:347   doc lines 1498   at-base yes
      base rtl/seq_unit.sv:338  '// Reset 11 = 2048 B = the 0.8B H=1024 row, so a host that never writes'
      work rtl/seq_unit.sv:338  "localparam logic [31:0] SEQ_CAPS = {24'hFAB1CA, 5'd0,"
      work rtl/seq_unit.sv:347  '// Reset 11 = 2048 B = the 0.8B H=1024 row, so a host that never writes'   <- proposed
      doc:1498  ... the spec, two sites | `rtl/seq_unit.sv:328` `EMBLOG2_MIN = 5'd8, EMBLOG2_MAX = 5'd13` | `rtl/seq_unit.sv:338` | `:328` is the comment above the loca...
  REPAIR         `:328` -> `:330`   doc lines 1498   at-base yes
      base rtl/seq_unit.sv:328  '// sh[5:0]}.'
      work rtl/seq_unit.sv:328  '// mechanization exists to prevent.'
      work rtl/seq_unit.sv:330  '// sh[5:0]}.'   <- proposed
      doc:1498  ...`rtl/seq_unit.sv:328` `EMBLOG2_MIN = 5'd8, EMBLOG2_MAX = 5'd13` | `rtl/seq_unit.sv:338` | `:328` is the comment above the localparam |...
  COLLATERAL     rtl/seq_unit.sv:291-317 -> rtl/seq_unit.sv:293-319   doc lines 981   at-base yes
      base rtl/seq_unit.sv:291  '// scratch window through AXI-Lite any more (rung 3 moved LDC/EMB onto'
      work rtl/seq_unit.sv:291  "L_ARG2 = 12'h010;"
      work rtl/seq_unit.sv:293  '// scratch window through AXI-Lite any more (rung 3 moved LDC/EMB onto'   <- proposed
      base end :317 "// authority), here, sw/hwmap.py's SHAPE_MAX_NG[2] and" / work end :319 "// authority), here, sw/hwmap.py's SHAPE_MAX_NG[2] and"
      doc:981  ...| `rtl/seq_unit.sv:291-317` | the withdrawal comment REPLACED by t...
  COLLATERAL     rtl/seq_unit.sv:320 -> rtl/seq_unit.sv:322   doc lines 1318   at-base yes
      base rtl/seq_unit.sv:320  '// The four are TIED BY evidence/qwen9b/g3/isa_bits.py, which PARSES'
      work rtl/seq_unit.sv:320  "// ref/seq_format.py -- because RTL cannot consume another module's"
      work rtl/seq_unit.sv:322  '// The four are TIED BY evidence/qwen9b/g3/isa_bits.py, which PARSES'   <- proposed
      doc:1318  ...| `rtl/seq_unit.sv:320` | `rtl/seq_unit.sv:337` | `localparam ...
=== evidence/qwen9b/g4/G4B_STRUCT.md  (REPAIR 2, COLLATERAL 0)
  REPAIR         rtl/matvec_engine.sv:531 -> rtl/matvec_engine.sv:561   doc lines 439   at-base yes
      base rtl/matvec_engine.sv:531  'logic signed [47:0] p_acc;'
      work rtl/matvec_engine.sv:531  "assign r_last = r_active && (r_g + 7'd1 == cfg_ng);"
      work rtl/matvec_engine.sv:561  'logic signed [47:0] p_acc;'   <- proposed
      doc:439  ...`p_acc` is `rtl/matvec_engine.sv:531` `logic signed [47:0] p_acc`, the row...
  REPAIR         rtl/matvec_engine.sv:645 -> rtl/matvec_engine.sv:675   doc lines 440   at-base yes
      base rtl/matvec_engine.sv:645  "if (sv_q) p_acc <= $signed(acc_keep) + 48'(ps_q);"
      work rtl/matvec_engine.sv:645  'mac_v_q <= r_active;'
      work rtl/matvec_engine.sv:675  "if (sv_q) p_acc <= $signed(acc_keep) + 48'(ps_q);"   <- proposed
      doc:440  ...accumulator: accumulated at `rtl/matvec_engine.sv:645`, consumed by the single...
=== evidence/qwen9b/g4/g4b_pacc_probe.py  (REPAIR 2, COLLATERAL 0)
  REPAIR         rtl/matvec_engine.sv:531 -> rtl/matvec_engine.sv:561   doc lines 4   at-base yes
      base rtl/matvec_engine.sv:531  'logic signed [47:0] p_acc;'
      work rtl/matvec_engine.sv:531  "assign r_last = r_active && (r_g + 7'd1 == cfg_ng);"
      work rtl/matvec_engine.sv:561  'logic signed [47:0] p_acc;'   <- proposed
      doc:4  ...`p_acc` is `rtl/matvec_engine.sv:531` `logic signed [47:0] p_acc`, the row...
  REPAIR         rtl/matvec_engine.sv:645 -> rtl/matvec_engine.sv:675   doc lines 5   at-base yes
      base rtl/matvec_engine.sv:645  "if (sv_q) p_acc <= $signed(acc_keep) + 48'(ps_q);"
      work rtl/matvec_engine.sv:645  'mac_v_q <= r_active;'
      work rtl/matvec_engine.sv:675  "if (sv_q) p_acc <= $signed(acc_keep) + 48'(ps_q);"   <- proposed
      doc:5  ...accumulator, accumulated at `rtl/matvec_engine.sv:645` and consumed by the...
=== evidence/qwen9b/g4/pacc_probe.sv  (REPAIR 1, COLLATERAL 0)
  REPAIR         rtl/matvec_engine.sv:531 -> rtl/matvec_engine.sv:561   doc lines 9   at-base yes
      base rtl/matvec_engine.sv:531  'logic signed [47:0] p_acc;'
      work rtl/matvec_engine.sv:531  "assign r_last = r_active && (r_g + 7'd1 == cfg_ng);"
      work rtl/matvec_engine.sv:561  'logic signed [47:0] p_acc;'   <- proposed
      doc:9  ...// It samples `p_acc` (rtl/matvec_engine.sv:531, the signed 48-bit row...
=== evidence/qwen9b/g4/tb_layer_census.sv  (REPAIR 2, COLLATERAL 0)
  REPAIR         rtl/seq_unit.sv:1155-1173 -> rtl/seq_unit.sv:1187-1205   doc lines 61   at-base yes
      base rtl/seq_unit.sv:1155  'end'
      work rtl/seq_unit.sv:1155  'end else begin'
      work rtl/seq_unit.sv:1187  'end'   <- proposed
      base end :1173 "xrf_dst  <= cmd_wr_dynq8 ? 3'd0" / work end :1205 "xrf_dst  <= cmd_wr_dynq8 ? 3'd0"
      doc:61  ...// `rtl/seq_unit.sv:1155-1173` (I_CMDPOLLW) proceeds as soon as the l...
  REPAIR         rtl/seq_unit.sv:1156 -> rtl/seq_unit.sv:1188   doc lines 731   at-base yes
      base rtl/seq_unit.sv:1156  '// AXI gives no read/write ordering: the CMD write must LAND'
      work rtl/seq_unit.sv:1156  'pc <= r_imm;'
      work rtl/seq_unit.sv:1188  '// AXI gives no read/write ordering: the CMD write must LAND'   <- proposed
      doc:731  ...                        //               full stop -- rtl/seq_unit.sv:1156's...
=== evidence/qwen9b/g5/G5B_TIMING.md  (REPAIR 1, COLLATERAL 0)
  REPAIR         rtl/matvec_engine.sv:281 -> rtl/matvec_engine.sv:300   doc lines 288   at-base yes
      base rtl/matvec_engine.sv:281  'logic [1023:0] xline_q;'
      work rtl/matvec_engine.sv:281  ''
      work rtl/matvec_engine.sv:300  'logic [1023:0] xline_q;'   <- proposed
      doc:288  ...declaration at `rtl/matvec_engine.sv:281` is `logic [1023:0] xline_q;`. The...
=== evidence/qwen9b/g6/RD9_GATE.md  (REPAIR 2, COLLATERAL 0)
  REPAIR         rtl/seq_unit.sv:337 -> rtl/seq_unit.sv:346   doc lines 1391   at-base yes
      base rtl/seq_unit.sv:337  '// R-b: the EMB row size is RUNTIME (CSR 0x60 EMBLOG2), not a localparam'
      work rtl/seq_unit.sv:337  '// hwmap-derived <vec>.caps.hex.'
      work rtl/seq_unit.sv:346  '// R-b: the EMB row size is RUNTIME (CSR 0x60 EMBLOG2), not a localparam'   <- proposed
      doc:1391  ...`rtl/seq_unit.sv:337` reads...
  REPAIR         rtl/seq_unit.sv:921 -> rtl/seq_unit.sv:951   doc lines 1393   at-base yes
      base rtl/seq_unit.sv:921  '// NB `!flush`: on the cycle a JMP/START flush is applied the FIFO still'
      work rtl/seq_unit.sv:921  'wire [3:0] alu_sub      = arg0_sh[3:0];'
      work rtl/seq_unit.sv:951  '// NB `!flush`: on the cycle a JMP/START flush is applied the FIFO still'   <- proposed
      doc:1393  ...`rtl/seq_unit.sv:921` (`emb_row_log2 <= EMBLOG2_RST;`). **At...
=== evidence/qwen9b/g6/g6_emblog2.py  (REPAIR 3, COLLATERAL 0)
  REPAIR-SUSPECT rtl/seq_unit.sv:337 -> rtl/seq_unit.sv:346   doc lines 12,81   at-base NO
      base rtl/seq_unit.sv:337  '// R-b: the EMB row size is RUNTIME (CSR 0x60 EMBLOG2), not a localparam'
      work rtl/seq_unit.sv:337  '// hwmap-derived <vec>.caps.hex.'
      work rtl/seq_unit.sv:346  '// R-b: the EMB row size is RUNTIME (CSR 0x60 EMBLOG2), not a localparam'   <- proposed
      doc:12  ...`rtl/seq_unit.sv:337` reads `localparam logic [4:0] EMBLOG2_...
      doc:81  ...          f"(sw/hwmap.py:342, mirroring rtl/seq_unit.sv:337)")...
  REPAIR         rtl/seq_unit.sv:921 -> rtl/seq_unit.sv:951   doc lines 13   at-base yes
      base rtl/seq_unit.sv:921  '// NB `!flush`: on the cycle a JMP/START flush is applied the FIFO still'
      work rtl/seq_unit.sv:921  'wire [3:0] alu_sub      = arg0_sh[3:0];'
      work rtl/seq_unit.sv:951  '// NB `!flush`: on the cycle a JMP/START flush is applied the FIFO still'   <- proposed
      doc:13  ...assigned at `rtl/seq_unit.sv:921`.  At 9B the CSR's reset value in LOG2 ...
  REPAIR-SUSPECT rtl/seq_unit.sv:337 -> rtl/seq_unit.sv:346   doc lines 12,81   at-base NO
      base rtl/seq_unit.sv:337  '// R-b: the EMB row size is RUNTIME (CSR 0x60 EMBLOG2), not a localparam'
      work rtl/seq_unit.sv:337  '// hwmap-derived <vec>.caps.hex.'
      work rtl/seq_unit.sv:346  '// R-b: the EMB row size is RUNTIME (CSR 0x60 EMBLOG2), not a localparam'   <- proposed
      doc:12  ...`rtl/seq_unit.sv:337` reads `localparam logic [4:0] EMBLOG2_...
      doc:81  ...          f"(sw/hwmap.py:342, mirroring rtl/seq_unit.sv:337)")...
=== evidence/qwen9b/ov/OV1_DEPENDENCY_CENSUS.md  (REPAIR 34, COLLATERAL 0)
  REPAIR         rtl/seq_movers.sv:652-656 -> rtl/seq_movers.sv:668-672   doc lines 194   at-base yes
      base rtl/seq_movers.sv:652  'X_DRAIN: if (wr_idle) begin'
      work rtl/seq_movers.sv:652  "MOP_MOVX:  st <= (cmd_len == 24'd0) ? S_DONE : X_SPTR;"
      work rtl/seq_movers.sv:668  'X_DRAIN: if (wr_idle) begin'   <- proposed
      base end :656 'br_sbeats <= len_q;' / work end :672 'br_sbeats <= len_q;'
      doc:194  ...| **MOVX c** | scratch addr, len words | **XWIN of chan c** | `docs/SEQ_ISA.md:368-373`, `rtl/seq_movers.sv:652-656` |...
  REPAIR         rtl/matvec_engine.sv:202-207 -> rtl/matvec_engine.sv:219-224   doc lines 195,235,237,608,632   at-base yes
      base rtl/matvec_engine.sv:202  '(* ram_style = "distributed" *) logic [31:0] x_mem [32][MAX_NG];'
      work rtl/matvec_engine.sv:202  '// Read: full 1024-bit line for the current group.'
      work rtl/matvec_engine.sv:219  '(* ram_style = "distributed" *) logic [31:0] x_mem [32][MAX_NG];'   <- proposed
      base end :207 'end' / work end :224 'end'
      doc:195  ...e whole stream**; DDR weights | **RES of c**, rows 0..nrows | `docs/SEQ_ISA.md:386-391`, `rtl/matvec_engine.sv:202-207`, `rtl/matvec_chan.sv:437-439` |...
      doc:235  ..._mem is written whenever the x FIFO pops, and the engine reads it for the whole stream | `rtl/matvec_engine.sv:202-207`, `rtl/matvec_chan.sv:383-391` |...
  REPAIR         rtl/matvec_chan.sv:437-439 -> rtl/matvec_chan.sv:456-458   doc lines 195,236,631   at-base yes
      base rtl/matvec_chan.sv:437  ''
      work rtl/matvec_chan.sv:437  '.m_rdata(m_axi_rdata), .m_rresp(m_axi_rresp), .m_rlast(m_axi_rlast),'
      work rtl/matvec_chan.sv:456  ''   <- proposed
      base end :439 'xpm_memory_tdpram #(' / work end :458 'xpm_memory_tdpram #('
      doc:195  ...**RES of c**, rows 0..nrows | `docs/SEQ_ISA.md:386-391`, `rtl/matvec_engine.sv:202-207`, `rtl/matvec_chan.sv:437-439` |...
      doc:236  ...annel run before its RES is drained? | **No.** RES is written from row 0 by the engine | `rtl/matvec_chan.sv:437-439` |...
  REPAIR         rtl/seq_movers.sv:709-713 -> rtl/seq_movers.sv:727-731   doc lines 227   at-base yes
      base rtl/seq_movers.sv:709  'G_DRAIN: if (wr_idle) begin'
      work rtl/seq_movers.sv:709  'st  <= X_STAT;'
      work rtl/seq_movers.sv:727  'G_DRAIN: if (wr_idle) begin'   <- proposed
      base end :713 'end else begin' / work end :731 'end else begin'
      doc:227  ...d? | **Yes.** After the doorbell drains it sets that channel's pending bit and retires | `rtl/seq_movers.sv:709-713`, `rtl/seq_unit.sv:1051-1059` |...
  REPAIR         rtl/seq_unit.sv:1051-1059 -> rtl/seq_unit.sv:1081-1090   doc lines 227   at-base yes
      base rtl/seq_unit.sv:1051  'end'
      work rtl/seq_unit.sv:1051  'if (is_seq_space) begin'
      work rtl/seq_unit.sv:1081  'end'   <- proposed
      base end :1059 "mv_cmd_valid <= 1'b1;" / work end :1090 "mv_cmd_valid <= 1'b1;"
      doc:227  ...ell drains it sets that channel's pending bit and retires | `rtl/seq_movers.sv:709-713`, `rtl/seq_unit.sv:1051-1059` |...
  REPAIR         rtl/seq_movers.sv:703-713 -> rtl/seq_movers.sv:721-731   doc lines 228   at-base yes
      base rtl/seq_movers.sv:703  '// ========================================================'
      work rtl/seq_movers.sv:703  'end'
      work rtl/seq_movers.sv:721  '// ========================================================'   <- proposed
      base end :713 'end else begin' / work end :731 'end else begin'
      doc:228  ...ne start re-initialises a running matvec unconditionally. The emitter must drain first | `rtl/seq_movers.sv:703-713`, `rtl/matvec_engine.sv:453-460` |...
  REPAIR         rtl/matvec_engine.sv:453-460 -> rtl/matvec_engine.sv:478-485   doc lines 228,237,610   at-base yes
      base rtl/matvec_engine.sv:453  'if (start) begin'
      work rtl/matvec_engine.sv:453  'logic signed [17:0] acc_bank_lo [2][MAX_NG];'
      work rtl/matvec_engine.sv:478  'if (start) begin'   <- proposed
      base end :460 'end' / work end :485 'end'
      doc:228  ...ning matvec unconditionally. The emitter must drain first | `rtl/seq_movers.sv:703-713`, `rtl/matvec_engine.sv:453-460` |...
      doc:237  ... not clear it — which is what makes MOVX elision legal | `rtl/matvec_engine.sv:202-207`, `rtl/matvec_engine.sv:453-460` |...
  REPAIR         rtl/seq_movers.sv:241 -> rtl/seq_movers.sv:255   doc lines 229   at-base yes
      base rtl/seq_movers.sv:241  'logic [3:0]  chan_pend;'
      work rtl/seq_movers.sv:241  'logic [23:0] beats_q;'
      work rtl/seq_movers.sv:255  'logic [3:0]  chan_pend;'   <- proposed
      doc:229  ...| On different channels? | **Yes, four at once**: one pending bit per channel | `rtl/seq_movers.sv:241` |...
  REPAIR         rtl/seq_movers.sv:827-843 -> rtl/seq_movers.sv:845-861   doc lines 230,630   at-base yes
      base rtl/seq_movers.sv:827  'F_SCAN: if (wr_idle) begin'
      work rtl/seq_movers.sv:827  '&& !yf_push && !yf_pop && !y_val_valid'
      work rtl/seq_movers.sv:845  'F_SCAN: if (wr_idle) begin'   <- proposed
      base end :843 'st   <= S_IDLE;' / work end :861 'st   <= S_IDLE;'
      doc:230  ...at does FENCE drain? | **Every pending channel** (global), and the AXI-Lite write pipe | `rtl/seq_movers.sv:827-843`, `docs/SEQ_ISA.md:417-418` |...
      doc:630  ...uns unchanged | seq_unit decode check (`rtl/seq_unit.sv:793-796`) and seq_movers F_SCAN (`rtl/seq_movers.sv:827-843`) | none | +5.902 ms | **low**: seq_0, ...
  REPAIR         rtl/seq_movers.sv:906-907 -> rtl/seq_movers.sv:924-925   doc lines 232   at-base yes
      base rtl/seq_movers.sv:906  'assign cmd_ready = (st == S_IDLE);'
      work rtl/seq_movers.sv:906  "X_STAT: begin rd_valid = 1'b1;"
      work rtl/seq_movers.sv:924  'assign cmd_ready = (st == S_IDLE);'   <- proposed
      base end :907 'assign busy      = (st != S_IDLE);' / work end :925 'assign busy      = (st != S_IDLE);'
      doc:232  ...wait MVGO and accepts any op, and nothing in the CMD path looks at the matvec channels | `rtl/seq_movers.sv:906-907`, `rtl/seq_unit.sv:1140-1173` |...
  REPAIR         rtl/seq_unit.sv:1140-1173 -> rtl/seq_unit.sv:1172-1205   doc lines 232   at-base yes
      base rtl/seq_unit.sv:1140  'end'
      work rtl/seq_unit.sv:1140  'bulk_left <= r_imm[23:0];'
      work rtl/seq_unit.sv:1172  'end'   <- proposed
      base end :1173 "xrf_dst  <= cmd_wr_dynq8 ? 3'd0" / work end :1205 "xrf_dst  <= cmd_wr_dynq8 ? 3'd0"
      doc:232  ... and nothing in the CMD path looks at the matvec channels | `rtl/seq_movers.sv:906-907`, `rtl/seq_unit.sv:1140-1173` |...
  REPAIR         rtl/seq_movers.sv:117-119 -> rtl/seq_movers.sv:126-128   doc lines 233   at-base yes
      base rtl/seq_movers.sv:117  "// Served only while the mover is idle; seq_unit's issue FSM never has a"
      work rtl/seq_movers.sv:117  'input  wire         wr_idle,        // no writes outstanding anywhere'
      work rtl/seq_movers.sv:126  "// Served only while the mover is idle; seq_unit's issue FSM never has a"   <- proposed
      base end :119 '// I_BULKRUN are different states of one single-threaded FSM).' / work end :128 '// I_BULKRUN are different states of one single-threaded FSM).'
      doc:233  ...e streams are pending? | **Yes.** The bulk client is served whenever the mover is idle | `rtl/seq_movers.sv:117-119` |...
  REPAIR         rtl/seq_unit.sv:1206-1214 -> rtl/seq_unit.sv:1238-1246   doc lines 234,659   at-base yes
      base rtl/seq_unit.sv:1206  ''
      work rtl/seq_unit.sv:1206  ": cmd_wr_probe ? 3'd2"
      work rtl/seq_unit.sv:1238  ''   <- proposed
      base end :1214 'end' / work end :1246 'end'
      doc:234  ... and a mover op for its done | `rtl/layer_chan.sv:196-203`, `rtl/layer_chan.sv:219-224`, `rtl/seq_unit.sv:1206-1214` |...
      doc:659  ..._op = FENCE | the exposed stream time | seq_unit issue FSM (`rtl/seq_unit.sv:1068-1071`, `rtl/seq_unit.sv:1206-1214`) | 54.388 ms (**S**, `evidence/qwen9b/...
  REPAIR         rtl/matvec_engine.sv:202-207 -> rtl/matvec_engine.sv:219-224   doc lines 195,235,237,608,632   at-base yes
      base rtl/matvec_engine.sv:202  '(* ram_style = "distributed" *) logic [31:0] x_mem [32][MAX_NG];'
      work rtl/matvec_engine.sv:202  '// Read: full 1024-bit line for the current group.'
      work rtl/matvec_engine.sv:219  '(* ram_style = "distributed" *) logic [31:0] x_mem [32][MAX_NG];'   <- proposed
      base end :207 'end' / work end :224 'end'
      doc:195  ...e whole stream**; DDR weights | **RES of c**, rows 0..nrows | `docs/SEQ_ISA.md:386-391`, `rtl/matvec_engine.sv:202-207`, `rtl/matvec_chan.sv:437-439` |...
      doc:235  ..._mem is written whenever the x FIFO pops, and the engine reads it for the whole stream | `rtl/matvec_engine.sv:202-207`, `rtl/matvec_chan.sv:383-391` |...
  REPAIR         rtl/matvec_chan.sv:383-391 -> rtl/matvec_chan.sv:401-409   doc lines 235   at-base yes
      base rtl/matvec_chan.sv:383  'always_ff @(posedge ui_clk) begin'
      work rtl/matvec_chan.sv:383  "10'h00C: begin                                        // RES_DATA"
      work rtl/matvec_chan.sv:401  'always_ff @(posedge ui_clk) begin'   <- proposed
      base end :391 'assign start_pulse = cdc_meta_start[1] ^ start_sync_q;' / work end :409 'assign start_pulse = cdc_meta_start[1] ^ start_sync_q;'
      doc:235  ...IFO pops, and the engine reads it for the whole stream | `rtl/matvec_engine.sv:202-207`, `rtl/matvec_chan.sv:383-391` |...
  REPAIR         rtl/matvec_chan.sv:437-439 -> rtl/matvec_chan.sv:456-458   doc lines 195,236,631   at-base yes
      base rtl/matvec_chan.sv:437  ''
      work rtl/matvec_chan.sv:437  '.m_rdata(m_axi_rdata), .m_rresp(m_axi_rresp), .m_rlast(m_axi_rlast),'
      work rtl/matvec_chan.sv:456  ''   <- proposed
      base end :439 'xpm_memory_tdpram #(' / work end :458 'xpm_memory_tdpram #('
      doc:195  ...**RES of c**, rows 0..nrows | `docs/SEQ_ISA.md:386-391`, `rtl/matvec_engine.sv:202-207`, `rtl/matvec_chan.sv:437-439` |...
      doc:236  ...annel run before its RES is drained? | **No.** RES is written from row 0 by the engine | `rtl/matvec_chan.sv:437-439` |...
  REPAIR         rtl/matvec_engine.sv:202-207 -> rtl/matvec_engine.sv:219-224   doc lines 195,235,237,608,632   at-base yes
      base rtl/matvec_engine.sv:202  '(* ram_style = "distributed" *) logic [31:0] x_mem [32][MAX_NG];'
      work rtl/matvec_engine.sv:202  '// Read: full 1024-bit line for the current group.'
      work rtl/matvec_engine.sv:219  '(* ram_style = "distributed" *) logic [31:0] x_mem [32][MAX_NG];'   <- proposed
      base end :207 'end' / work end :224 'end'
      doc:195  ...e whole stream**; DDR weights | **RES of c**, rows 0..nrows | `docs/SEQ_ISA.md:386-391`, `rtl/matvec_engine.sv:202-207`, `rtl/matvec_chan.sv:437-439` |...
      doc:235  ..._mem is written whenever the x FIFO pops, and the engine reads it for the whole stream | `rtl/matvec_engine.sv:202-207`, `rtl/matvec_chan.sv:383-391` |...
  REPAIR         rtl/matvec_engine.sv:453-460 -> rtl/matvec_engine.sv:478-485   doc lines 228,237,610   at-base yes
      base rtl/matvec_engine.sv:453  'if (start) begin'
      work rtl/matvec_engine.sv:453  'logic signed [17:0] acc_bank_lo [2][MAX_NG];'
      work rtl/matvec_engine.sv:478  'if (start) begin'   <- proposed
      base end :460 'end' / work end :485 'end'
      doc:228  ...ning matvec unconditionally. The emitter must drain first | `rtl/seq_movers.sv:703-713`, `rtl/matvec_engine.sv:453-460` |...
      doc:237  ... not clear it — which is what makes MOVX elision legal | `rtl/matvec_engine.sv:202-207`, `rtl/matvec_engine.sv:453-460` |...
  REPAIR         rtl/matvec_chan.sv:383-384 -> rtl/matvec_chan.sv:401-402   doc lines 607   at-base yes
      base rtl/matvec_chan.sv:383  'always_ff @(posedge ui_clk) begin'
      work rtl/matvec_chan.sv:383  "10'h00C: begin                                        // RES_DATA"
      work rtl/matvec_chan.sv:401  'always_ff @(posedge ui_clk) begin'   <- proposed
      base end :384 'if (!ui_rstn) begin' / work end :402 'if (!ui_rstn) begin'
      doc:607  ...  overwrites x_mem under the running engine (`rtl/matvec_chan.sv:383-384`,...
  REPAIR         rtl/matvec_engine.sv:202-207 -> rtl/matvec_engine.sv:219-224   doc lines 195,235,237,608,632   at-base yes
      base rtl/matvec_engine.sv:202  '(* ram_style = "distributed" *) logic [31:0] x_mem [32][MAX_NG];'
      work rtl/matvec_engine.sv:202  '// Read: full 1024-bit line for the current group.'
      work rtl/matvec_engine.sv:219  '(* ram_style = "distributed" *) logic [31:0] x_mem [32][MAX_NG];'   <- proposed
      base end :207 'end' / work end :224 'end'
      doc:195  ...e whole stream**; DDR weights | **RES of c**, rows 0..nrows | `docs/SEQ_ISA.md:386-391`, `rtl/matvec_engine.sv:202-207`, `rtl/matvec_chan.sv:437-439` |...
      doc:235  ..._mem is written whenever the x FIFO pops, and the engine reads it for the whole stream | `rtl/matvec_engine.sv:202-207`, `rtl/matvec_chan.sv:383-391` |...
  REPAIR         rtl/matvec_engine.sv:453-460 -> rtl/matvec_engine.sv:478-485   doc lines 228,237,610   at-base yes
      base rtl/matvec_engine.sv:453  'if (start) begin'
      work rtl/matvec_engine.sv:453  'logic signed [17:0] acc_bank_lo [2][MAX_NG];'
      work rtl/matvec_engine.sv:478  'if (start) begin'   <- proposed
      base end :460 'end' / work end :485 'end'
      doc:228  ...ning matvec unconditionally. The emitter must drain first | `rtl/seq_movers.sv:703-713`, `rtl/matvec_engine.sv:453-460` |...
      doc:237  ... not clear it — which is what makes MOVX elision legal | `rtl/matvec_engine.sv:202-207`, `rtl/matvec_engine.sv:453-460` |...
  REPAIR         rtl/seq_movers.sv:827-843 -> rtl/seq_movers.sv:845-861   doc lines 230,630   at-base yes
      base rtl/seq_movers.sv:827  'F_SCAN: if (wr_idle) begin'
      work rtl/seq_movers.sv:827  '&& !yf_push && !yf_pop && !y_val_valid'
      work rtl/seq_movers.sv:845  'F_SCAN: if (wr_idle) begin'   <- proposed
      base end :843 'st   <= S_IDLE;' / work end :861 'st   <= S_IDLE;'
      doc:230  ...at does FENCE drain? | **Every pending channel** (global), and the AXI-Lite write pipe | `rtl/seq_movers.sv:827-843`, `docs/SEQ_ISA.md:417-418` |...
      doc:630  ...uns unchanged | seq_unit decode check (`rtl/seq_unit.sv:793-796`) and seq_movers F_SCAN (`rtl/seq_movers.sv:827-843`) | none | +5.902 ms | **low**: seq_0, ...
  REPAIR         rtl/matvec_chan.sv:437-439 -> rtl/matvec_chan.sv:456-458   doc lines 195,236,631   at-base yes
      base rtl/matvec_chan.sv:437  ''
      work rtl/matvec_chan.sv:437  '.m_rdata(m_axi_rdata), .m_rresp(m_axi_rresp), .m_rlast(m_axi_rlast),'
      work rtl/matvec_chan.sv:456  ''   <- proposed
      base end :439 'xpm_memory_tdpram #(' / work end :458 'xpm_memory_tdpram #('
      doc:195  ...**RES of c**, rows 0..nrows | `docs/SEQ_ISA.md:386-391`, `rtl/matvec_engine.sv:202-207`, `rtl/matvec_chan.sv:437-439` |...
      doc:236  ...annel run before its RES is drained? | **No.** RES is written from row 0 by the engine | `rtl/matvec_chan.sv:437-439` |...
  REPAIR         rtl/matvec_engine.sv:567 -> rtl/matvec_engine.sv:597   doc lines 631   at-base yes
      base rtl/matvec_engine.sv:567  'assign m_row   = ofifo[of_rd[1:0]][31+ROW_W:32];'
      work rtl/matvec_engine.sv:567  '// ---- S3: rshift_round split into TWO stages -----------------------'
      work rtl/matvec_engine.sv:597  'assign m_row   = ofifo[of_rd[1:0]][31+ROW_W:32];'   <- proposed
      doc:631  ...A address on ui_clk (`rtl/matvec_chan.sv:437-439`), driven from the engine's row output (`rtl/matvec_engine.sv:567`); the MOVY start row the datapath alre...
  REPAIR         rtl/seq_movers.sv:233-238 -> rtl/seq_movers.sv:242-249   doc lines 631   at-base yes
      base rtl/seq_movers.sv:233  '// S12 (v2 door): the RES burst read start row is a full 12-bit field'
      work rtl/seq_movers.sv:233  '// ------------------------------------------------------------------'
      work rtl/seq_movers.sv:242  '// S12 (v2 door): the RES burst read start row is a full 12-bit field'   <- proposed
      base end :238 'logic [11:0] res_row_q;' / work end :249 'logic [11:0] res_row_q;'
      doc:631  ...ow output (`rtl/matvec_engine.sv:567`); the MOVY start row the datapath already carries (`rtl/seq_movers.sv:233-238`, `rtl/seq_movers.sv:628`) | **none**: ...
  REPAIR         rtl/seq_unit.sv:782 -> rtl/seq_unit.sv:802   doc lines 631,642   at-base yes
      base rtl/seq_unit.sv:782  'else if ((r_op == OP_MVGO)'
      work rtl/seq_unit.sv:782  'case (r_op)'
      work rtl/seq_unit.sv:802  'else if ((r_op == OP_MVGO)'   <- proposed
      doc:631  ...). Also a MOVY field that seq_unit requires to be zero today (`docs/SEQ_ISA.md:377-378`, `rtl/seq_unit.sv:782`) |...
      doc:642  ...  target[15:4] (`rtl/seq_unit.sv:782`). Both need the bank bit and the start...
  REPAIR         rtl/matvec_engine.sv:447 -> rtl/matvec_engine.sv:472   doc lines 632   at-base yes
      base rtl/matvec_engine.sv:447  "x_line    <= '0;"
      work rtl/matvec_engine.sv:447  ''
      work rtl/matvec_engine.sv:472  "x_line    <= '0;"   <- proposed
      doc:632  ... bank base is needed at **all three x_line assignment sites**: reset, start and row end (`rtl/matvec_engine.sv:447`, `rtl/matvec_engine.sv:455`, `rtl/matv...
  REPAIR         rtl/matvec_engine.sv:202-207 -> rtl/matvec_engine.sv:219-224   doc lines 195,235,237,608,632   at-base yes
      base rtl/matvec_engine.sv:202  '(* ram_style = "distributed" *) logic [31:0] x_mem [32][MAX_NG];'
      work rtl/matvec_engine.sv:202  '// Read: full 1024-bit line for the current group.'
      work rtl/matvec_engine.sv:219  '(* ram_style = "distributed" *) logic [31:0] x_mem [32][MAX_NG];'   <- proposed
      base end :207 'end' / work end :224 'end'
      doc:195  ...e whole stream**; DDR weights | **RES of c**, rows 0..nrows | `docs/SEQ_ISA.md:386-391`, `rtl/matvec_engine.sv:202-207`, `rtl/matvec_chan.sv:437-439` |...
      doc:235  ..._mem is written whenever the x FIFO pops, and the engine reads it for the whole stream | `rtl/matvec_engine.sv:202-207`, `rtl/matvec_chan.sv:383-391` |...
  REPAIR         rtl/seq_unit.sv:782 -> rtl/seq_unit.sv:802   doc lines 631,642   at-base yes
      base rtl/seq_unit.sv:782  'else if ((r_op == OP_MVGO)'
      work rtl/seq_unit.sv:782  'case (r_op)'
      work rtl/seq_unit.sv:802  'else if ((r_op == OP_MVGO)'   <- proposed
      doc:631  ...). Also a MOVY field that seq_unit requires to be zero today (`docs/SEQ_ISA.md:377-378`, `rtl/seq_unit.sv:782`) |...
      doc:642  ...  target[15:4] (`rtl/seq_unit.sv:782`). Both need the bank bit and the start...
  REPAIR         rtl/seq_unit.sv:1068-1071 -> rtl/seq_unit.sv:1099-1102   doc lines 659   at-base yes
      base rtl/seq_unit.sv:1068  "mv_cmd_valid <= 1'b1;"
      work rtl/seq_unit.sv:1068  'if (r_tgt[7:0] == L_ARG0[7:0]) arg0_sh <= imm_res;'
      work rtl/seq_unit.sv:1099  "mv_cmd_valid <= 1'b1;"   <- proposed
      base end :1071 'OP_MOVY: begin' / work end :1102 'OP_MOVY: begin'
      doc:659  ... issue FSM in I_MOVER with mv_op = FENCE | the exposed stream time | seq_unit issue FSM (`rtl/seq_unit.sv:1068-1071`, `rtl/seq_unit.sv:1206-1214`) | 54.388...
  REPAIR         rtl/seq_unit.sv:1206-1214 -> rtl/seq_unit.sv:1238-1246   doc lines 234,659   at-base yes
      base rtl/seq_unit.sv:1206  ''
      work rtl/seq_unit.sv:1206  ": cmd_wr_probe ? 3'd2"
      work rtl/seq_unit.sv:1238  ''   <- proposed
      base end :1214 'end' / work end :1246 'end'
      doc:234  ... and a mover op for its done | `rtl/layer_chan.sv:196-203`, `rtl/layer_chan.sv:219-224`, `rtl/seq_unit.sv:1206-1214` |...
      doc:659  ..._op = FENCE | the exposed stream time | seq_unit issue FSM (`rtl/seq_unit.sv:1068-1071`, `rtl/seq_unit.sv:1206-1214`) | 54.388 ms (**S**, `evidence/qwen9b/...
  REPAIR         rtl/matvec_chan.sv:221-224 -> rtl/matvec_chan.sv:233-236   doc lines 661   at-base yes
      base rtl/matvec_chan.sv:221  ''
      work rtl/matvec_chan.sv:221  ''
      work rtl/matvec_chan.sv:233  ''   <- proposed
      base end :224 'logic [11:0] res_ptr;' / work end :236 'logic [11:0] res_ptr;'
      doc:661  ...cles, cumulative**, ×4 | stream time per channel | matvec_chan's aclk-synchronised busy (`rtl/matvec_chan.sv:221-224`); the existing PERF_CYC is per-matvec ...
  REPAIR         rtl/matvec_chan.sv:33 -> rtl/matvec_chan.sv:43   doc lines 661   at-base yes
      base rtl/matvec_chan.sv:33  '//   0x18 PERF_CYC_LO R   0x1C PERF_CYC_HI R (cycles@ui_clk, frozen at d'
      work rtl/matvec_chan.sv:33  "//                     word {2'b0, w8[29], g64[28], nrows[27:12], sh[11:"
      work rtl/matvec_chan.sv:43  '//   0x18 PERF_CYC_LO R   0x1C PERF_CYC_HI R (cycles@ui_clk, frozen at d'   <- proposed
      doc:661  ... (`rtl/matvec_chan.sv:221-224`); the existing PERF_CYC is per-matvec and frozen at done (`rtl/matvec_chan.sv:33`) | 54.100-54.329 ms (**S**, `evidence/...
  REPAIR         rtl/seq_unit.sv:945 -> rtl/seq_unit.sv:975   doc lines 664   at-base yes
      base rtl/seq_unit.sv:945  "mv_cmd_valid <= 1'b0;"
      work rtl/seq_unit.sv:945  "+ (ADDR_W'(xrf[3]) << emb_row_log2);"
      work rtl/seq_unit.sv:975  "mv_cmd_valid <= 1'b0;"   <- proposed
      doc:664  ...| — | sequencer busy | **exists**: PERF_CYC (`rtl/seq_unit.sv:945`) | seq_unit | the token |...
=== evidence/qwen9b/ov/ov_census.py  (REPAIR 6, COLLATERAL 0)
  REPAIR         rtl/matvec_chan.sv:221-224 -> rtl/matvec_chan.sv:233-236   doc lines 545   at-base yes
      base rtl/matvec_chan.sv:221  ''
      work rtl/matvec_chan.sv:221  ''
      work rtl/matvec_chan.sv:233  ''   <- proposed
      base end :224 'logic [11:0] res_ptr;' / work end :236 'logic [11:0] res_ptr;'
      doc:545  ...    tb/seq_timeline.svh via rtl/matvec_chan.sv:221-224).  Per group:...
  REPAIR         rtl/matvec_engine.sv:202-207 -> rtl/matvec_engine.sv:219-224   doc lines 639,997   at-base yes
      base rtl/matvec_engine.sv:202  '(* ram_style = "distributed" *) logic [31:0] x_mem [32][MAX_NG];'
      work rtl/matvec_engine.sv:202  '// Read: full 1024-bit line for the current group.'
      work rtl/matvec_engine.sv:219  '(* ram_style = "distributed" *) logic [31:0] x_mem [32][MAX_NG];'   <- proposed
      base end :207 'end' / work end :224 'end'
      doc:639  ...                 (rtl/matvec_engine.sv:202-207) and a start does not clear it...
      doc:997  ...          that bank (rtl/matvec_engine.sv:202-207 — x_mem is written...
  REPAIR         rtl/matvec_engine.sv:453-460 -> rtl/matvec_engine.sv:478-485   doc lines 640,1000   at-base yes
      base rtl/matvec_engine.sv:453  'if (start) begin'
      work rtl/matvec_engine.sv:453  'logic signed [17:0] acc_bank_lo [2][MAX_NG];'
      work rtl/matvec_engine.sv:478  'if (start) begin'   <- proposed
      base end :460 'end' / work end :485 'end'
      doc:640  ...                 (rtl/matvec_engine.sv:453-460).  Marked either way; removed...
      doc:1000  ...          (rtl/matvec_engine.sv:453-460 — a start re-initialises it);...
  REPAIR         rtl/seq_movers.sv:827-843 -> rtl/seq_movers.sv:845-861   doc lines 789   at-base yes
      base rtl/seq_movers.sv:827  'F_SCAN: if (wr_idle) begin'
      work rtl/seq_movers.sv:827  '&& !yf_push && !yf_pop && !y_val_valid'
      work rtl/seq_movers.sv:845  'F_SCAN: if (wr_idle) begin'   <- proposed
      base end :843 'st   <= S_IDLE;' / work end :861 'st   <= S_IDLE;'
      doc:789  ...                   rtl/seq_movers.sv:827-843) or 'perchan'...
  REPAIR         rtl/matvec_engine.sv:202-207 -> rtl/matvec_engine.sv:219-224   doc lines 639,997   at-base yes
      base rtl/matvec_engine.sv:202  '(* ram_style = "distributed" *) logic [31:0] x_mem [32][MAX_NG];'
      work rtl/matvec_engine.sv:202  '// Read: full 1024-bit line for the current group.'
      work rtl/matvec_engine.sv:219  '(* ram_style = "distributed" *) logic [31:0] x_mem [32][MAX_NG];'   <- proposed
      base end :207 'end' / work end :224 'end'
      doc:639  ...                 (rtl/matvec_engine.sv:202-207) and a start does not clear it...
      doc:997  ...          that bank (rtl/matvec_engine.sv:202-207 — x_mem is written...
  REPAIR         rtl/matvec_engine.sv:453-460 -> rtl/matvec_engine.sv:478-485   doc lines 640,1000   at-base yes
      base rtl/matvec_engine.sv:453  'if (start) begin'
      work rtl/matvec_engine.sv:453  'logic signed [17:0] acc_bank_lo [2][MAX_NG];'
      work rtl/matvec_engine.sv:478  'if (start) begin'   <- proposed
      base end :460 'end' / work end :485 'end'
      doc:640  ...                 (rtl/matvec_engine.sv:453-460).  Marked either way; removed...
      doc:1000  ...          (rtl/matvec_engine.sv:453-460 — a start re-initialises it);...
=== evidence/qwen9b/ov/ov_derive.py  (REPAIR 2, COLLATERAL 0)
  REPAIR         rtl/matvec_engine.sv:202 -> rtl/matvec_engine.sv:219   doc lines 201   at-base yes
      base rtl/matvec_engine.sv:202  '(* ram_style = "distributed" *) logic [31:0] x_mem [32][MAX_NG];'
      work rtl/matvec_engine.sv:202  '// Read: full 1024-bit line for the current group.'
      work rtl/matvec_engine.sv:219  '(* ram_style = "distributed" *) logic [31:0] x_mem [32][MAX_NG];'   <- proposed
      doc:201  ...    xmem_bits = 32 * 96 * 32          # rtl/matvec_engine.sv:202 x_mem[32][MAX_NG=96] x 32b...
  REPAIR         rtl/matvec_chan.sv:431-437 -> rtl/matvec_chan.sv:450-456   doc lines 202   at-base yes
      base rtl/matvec_chan.sv:431  ".m_valid(m_valid), .m_ready(1'b1), .m_y32(m_y32), .m_row(m_row)"
      work rtl/matvec_chan.sv:431  '.clk(ui_clk), .rstn(ui_rstn),'
      work rtl/matvec_chan.sv:450  ".m_valid(m_valid), .m_ready(1'b1), .m_y32(m_y32), .m_row(m_row)"   <- proposed
      base end :437 '' / work end :456 ''
      doc:202  ...    res_bits = 4096 * 32              # rtl/matvec_chan.sv:431-437 MEMORY_SIZE(4096*32)...
=== evidence/qwen9b/ov/sr0_clock_sens.py  (REPAIR 1, COLLATERAL 0)
  REPAIR         rtl/seq_movers.sv:533 -> rtl/seq_movers.sv:547   doc lines 53   at-base yes
      base rtl/seq_movers.sv:533  "wire [23:0] x_wwords = 24'((len_q + 24'd3) >> 2);"
      work rtl/seq_movers.sv:533  'begin'
      work rtl/seq_movers.sv:547  "wire [23:0] x_wwords = 24'((len_q + 24'd3) >> 2);"   <- proposed
      doc:53  ...four (rtl/seq_movers.sv:533, X_RUN).  That quarter is an APPROXIMAT...
=== evidence/qwen9b/s4/S4_REPLAY.md  (REPAIR 1, COLLATERAL 0)
  REPAIR         rtl/seq_unit.sv:1155-1173 -> rtl/seq_unit.sv:1187-1205   doc lines 713   at-base yes
      base rtl/seq_unit.sv:1155  'end'
      work rtl/seq_unit.sv:1155  'end else begin'
      work rtl/seq_unit.sv:1187  'end'   <- proposed
      base end :1173 "xrf_dst  <= cmd_wr_dynq8 ? 3'd0" / work end :1205 "xrf_dst  <= cmd_wr_dynq8 ? 3'd0"
      doc:713  ...`rtl/seq_unit.sv:1155-1173` (`I_CMDPOLLW`) compares `rrsp_data[31:...
=== evidence/qwen9b/s4/census_nodrain_red.sh  (REPAIR 1, COLLATERAL 0)
  REPAIR         rtl/seq_unit.sv:1156 -> rtl/seq_unit.sv:1188   doc lines 12   at-base yes
      base rtl/seq_unit.sv:1156  '// AXI gives no read/write ordering: the CMD write must LAND'
      work rtl/seq_unit.sv:1156  'pc <= r_imm;'
      work rtl/seq_unit.sv:1188  '// AXI gives no read/write ordering: the CMD write must LAND'   <- proposed
      doc:12  ...# (rtl/seq_unit.sv:1156 polls cmd_cnt and never STATUS bit 0) a...
=== evidence/qwen9b/sd/SD1_SCHEDULE_DELTA.md  (REPAIR 1, COLLATERAL 0)
  REPAIR-SUSPECT rtl/seq_movers.sv:453-465 -> rtl/seq_movers.sv:467-479   doc lines 214   at-base NO
      base rtl/seq_movers.sv:453  '// dequant: rshr64s(v, shift) + round-half-away, then clip'
      work rtl/seq_movers.sv:453  'end'
      work rtl/seq_movers.sv:467  '// dequant: rshr64s(v, shift) + round-half-away, then clip'   <- proposed
      base end :465 '// followed by clip_out — algebraically identical to `deq` for every v.' / work end :479 '// followed by clip_out — algebraically identical to `deq` for every v.'
      doc:214  ...). MOVY is rshr64s + round-half-away, then clip16 in int16 mode or clip32 in pairs mode (`rtl/seq_movers.sv:453-465`, `docs/SEQ_ISA.md:375-384`). The MOVY ...
=== evidence/qwen9b/sr/SR2_ISA.md  (REPAIR 1, COLLATERAL 0)
  REPAIR         rtl/seq_unit.sv:1608 -> rtl/seq_unit.sv:1641   doc lines 31   at-base yes
      base rtl/seq_unit.sv:1608  "else s_axil_rdata <= 32'hDEAD_C0DE;"
      work rtl/seq_unit.sv:1608  'case (s_axil_araddr[11:2])'
      work rtl/seq_unit.sv:1641  "else s_axil_rdata <= 32'hDEAD_C0DE;"   <- proposed
      doc:31  ...0xDEADC0DE there (the read mux default, `rtl/seq_unit.sv:1608`), whose high 24...
=== evidence/qwen9b/sr/SR3_R1_RTL.md  (REPAIR 11, COLLATERAL 1)
  REPAIR         rtl/seq_unit.sv:806-809 -> rtl/seq_unit.sv:834-837   doc lines 29   at-base yes
      base rtl/seq_unit.sv:806  'OP_FENCE:'
      work rtl/seq_unit.sv:806  '// SR12 (B17.2): MOVX target[11:0] = the XWIN start word,'
      work rtl/seq_unit.sv:834  'OP_FENCE:'   <- proposed
      base end :809 'begin v_bad=1; v_code=E_RSVD; end' / work end :837 'begin v_bad=1; v_code=E_RSVD; end'
      doc:29  ...lts E_RSVD (0x06) on flags, target[15:4], imm32, addr_lo, addr_hi; target[3:0] is free | `rtl/seq_unit.sv:806-809` |...
  REPAIR         rtl/seq_unit.sv:810-813 -> rtl/seq_unit.sv:838-841   doc lines 30   at-base yes
      base rtl/seq_unit.sv:810  'OP_HALT:'
      work rtl/seq_unit.sv:810  'else if ((r_op == OP_MOVX) && v_movx_rsvd)'
      work rtl/seq_unit.sv:838  'OP_HALT:'   <- proposed
      base end :813 'begin v_bad=1; v_code=E_RSVD; end' / work end :841 'begin v_bad=1; v_code=E_RSVD; end'
      doc:30  ...| validator: HALT | today's all-zero condition, verbatim | `rtl/seq_unit.sv:810-813` |...
  REPAIR         rtl/seq_unit.sv:863 -> rtl/seq_unit.sv:891   doc lines 31   at-base yes
      base rtl/seq_unit.sv:863  'logic [3:0]  mv_fmask;           // SR3: FENCE channel mask (B17.1)'
      work rtl/seq_unit.sv:863  '} istate_e;'
      work rtl/seq_unit.sv:891  'logic [3:0]  mv_fmask;           // SR3: FENCE channel mask (B17.1)'   <- proposed
      doc:31  ...| `mv_fmask` declared beside `mv_op` | `logic [3:0]  mv_fmask;` | `rtl/seq_unit.sv:863` |...
  REPAIR         rtl/seq_unit.sv:1081 -> rtl/seq_unit.sv:1113   doc lines 33   at-base yes
      base rtl/seq_unit.sv:1081  'mv_fmask <= r_tgt[3:0];   // SR3: B17.1, 0 = all'
      work rtl/seq_unit.sv:1081  'end'
      work rtl/seq_unit.sv:1113  'mv_fmask <= r_tgt[3:0];   // SR3: B17.1, 0 = all'   <- proposed
      doc:33  ... | `mv_fmask <= r_tgt[3:0];` (still `mv_op <= 2'd3`, so §B16's C5 counts it unchanged) | `rtl/seq_unit.sv:1081` |...
  REPAIR         rtl/seq_unit.sv:1488 -> rtl/seq_unit.sv:1520   doc lines 34   at-base yes
      base rtl/seq_unit.sv:1488  '.cmd_nowait(mv_nowait), .cmd_fmask(mv_fmask),'
      work rtl/seq_unit.sv:1488  ": (LAYER_BASE + {20'd0, XRFD_OFF});"
      work rtl/seq_unit.sv:1520  '.cmd_nowait(mv_nowait), .cmd_fmask(mv_fmask),'   <- proposed
      doc:34  ...| `u_mov` port | `.cmd_fmask(mv_fmask)` | `rtl/seq_unit.sv:1488` |...
  REPAIR         rtl/seq_unit.sv:1603 -> rtl/seq_unit.sv:1636   doc lines 35   at-base yes
      base rtl/seq_unit.sv:1603  "10'h019: s_axil_rdata <= SEQ_CAPS;       // SR3: B17.0"
      work rtl/seq_unit.sv:1603  'end'
      work rtl/seq_unit.sv:1636  "10'h019: s_axil_rdata <= SEQ_CAPS;       // SR3: B17.0"   <- proposed
      doc:35  ..._axil_rdata <= SEQ_CAPS;` — the 0xDEADC0DE default stays for every other unmapped word | `rtl/seq_unit.sv:1603` |...
  REPAIR         rtl/seq_movers.sv:96 -> rtl/seq_movers.sv:103   doc lines 37   at-base yes
      base rtl/seq_movers.sv:96  'input  wire  [3:0]  cmd_fmask,      // FENCE channel mask, 0 = all (SEQ_'
      work rtl/seq_movers.sv:96  'input  wire [23:0]  cmd_len,        // MOVX words, MOVY rows'
      work rtl/seq_movers.sv:103  'input  wire  [3:0]  cmd_fmask,      // FENCE channel mask, 0 = all (SEQ_'   <- proposed
      doc:37  ...| movers port after `cmd_nowait` | `input  wire  [3:0]  cmd_fmask,` | `rtl/seq_movers.sv:96` |...
  REPAIR         rtl/seq_movers.sv:243 -> rtl/seq_movers.sv:257   doc lines 38   at-base yes
      base rtl/seq_movers.sv:243  "logic [3:0]  fmask_q;           // SR3: the FENCE's channel mask, 0 -> F"
      work rtl/seq_movers.sv:243  '// carried in the AXI address, never hardwired zero.  v1 always starts a'
      work rtl/seq_movers.sv:257  "logic [3:0]  fmask_q;           // SR3: the FENCE's channel mask, 0 -> F"   <- proposed
      doc:38  ...| `fmask_q` declared, reset | beside `fence_chan`; reset with `chan_pend` | `rtl/seq_movers.sv:243`, `rtl/seq_movers.sv:600` |...
  REPAIR         rtl/seq_movers.sv:600 -> rtl/seq_movers.sv:615   doc lines 38   at-base yes
      base rtl/seq_movers.sv:600  "fmask_q <= '0;"
      work rtl/seq_movers.sv:600  "bwd_data  = 32'd0;"
      work rtl/seq_movers.sv:615  "fmask_q <= '0;"   <- proposed
      doc:38  ...declared, reset | beside `fence_chan`; reset with `chan_pend` | `rtl/seq_movers.sv:243`, `rtl/seq_movers.sv:600` |...
  REPAIR         rtl/seq_movers.sv:627 -> rtl/seq_movers.sv:642   doc lines 39   at-base yes
      base rtl/seq_movers.sv:627  "fmask_q <= (cmd_fmask == 4'd0) ? 4'hF : cmd_fmask;"
      work rtl/seq_movers.sv:627  "err      <= 1'b0;"
      work rtl/seq_movers.sv:642  "fmask_q <= (cmd_fmask == 4'd0) ? 4'hF : cmd_fmask;"   <- proposed
      doc:39  ...| latched at S_IDLE | `fmask_q <= (cmd_fmask == 4'd0) ? 4'hF : cmd_fmask;` | `rtl/seq_movers.sv:627` |...
  REPAIR         rtl/seq_movers.sv:828 -> rtl/seq_movers.sv:846   doc lines 40   at-base yes
      base rtl/seq_movers.sv:828  'if (chan_pend[fence_chan] && fmask_q[fence_chan]) begin'
      work rtl/seq_movers.sv:828  '&& !s1_valid && !s2_valid && !s3_valid) begin'
      work rtl/seq_movers.sv:846  'if (chan_pend[fence_chan] && fmask_q[fence_chan]) begin'   <- proposed
      doc:40  ... so a mask-0 FENCE takes exactly the pre-SR3 cycles; the poll-return path is untouched | `rtl/seq_movers.sv:828` |...
  COLLATERAL     rtl/seq_unit.sv:49-53 -> rtl/seq_unit.sv:49-55   doc lines 27   at-base yes
      base rtl/seq_unit.sv:49  "//   0x64 SEQ_CAPS R  {24'hFAB1CA, 5'b0, r3, r2, r1} (docs/SEQ_ISA.md v2"
      work rtl/seq_unit.sv:49  "//   0x64 SEQ_CAPS R  {24'hFAB1CA, 5'b0, r3, r2, r1} (docs/SEQ_ISA.md v2"
      work rtl/seq_unit.sv:49  "//   0x64 SEQ_CAPS R  {24'hFAB1CA, 5'b0, r3, r2, r1} (docs/SEQ_ISA.md v2"   <- proposed
      base end :53 "//                 tied to sw/hwmap.py's seq_caps_word by tb_seq_unit." / work end :55 "//                 tied to sw/hwmap.py's seq_caps_word by tb_seq_unit."
      doc:27  ...w `0x64 SEQ_CAPS` row (read-only, host-only, no write decode, tied to hwmap by the TB) | `rtl/seq_unit.sv:49-53` |...
=== evidence/qwen_next/feas/addrmap_options.py  (REPAIR 2, COLLATERAL 0)
  REPAIR         rtl/seq_unit.sv:904-905 -> rtl/seq_unit.sv:934-935   doc lines 9,146   at-base yes
      base rtl/seq_unit.sv:904  'endfunction'
      work rtl/seq_unit.sv:904  ''
      work rtl/seq_unit.sv:934  'endfunction'   <- proposed
      base end :905 '' / work end :935 ''
      doc:9  ...    record itself (rtl/seq_unit.sv:904-905: `emb_a = {r_tgt, r_imm} +...
      doc:146  ...    print(f"        not a general multiplier.  rtl/seq_unit.sv:904-905 today is")...
  REPAIR         rtl/seq_unit.sv:904-905 -> rtl/seq_unit.sv:934-935   doc lines 9,146   at-base yes
      base rtl/seq_unit.sv:904  'endfunction'
      work rtl/seq_unit.sv:904  ''
      work rtl/seq_unit.sv:934  'endfunction'   <- proposed
      base end :905 '' / work end :935 ''
      doc:9  ...    record itself (rtl/seq_unit.sv:904-905: `emb_a = {r_tgt, r_imm} +...
      doc:146  ...    print(f"        not a general multiplier.  rtl/seq_unit.sv:904-905 today is")...
=== evidence/qwen_next/nvfp4/NVFP4_RUNG1.md  (REPAIR 1, COLLATERAL 0)
  REPAIR         rtl/matvec_engine.sv:176-179 -> rtl/matvec_engine.sv:179-182   doc lines 280   at-base yes
      base rtl/matvec_engine.sv:176  '// Scale buffer.  A row carries ceil(MAX_NG/32) scale beats of 32'
      work rtl/matvec_engine.sv:176  ');'
      work rtl/matvec_engine.sv:179  '// Scale buffer.  A row carries ceil(MAX_NG/32) scale beats of 32'   <- proposed
      base end :179 'localparam int NSCAL  = 32 * ((MAX_NG + 31) / 32);' / work end :182 'localparam int NSCAL  = 32 * ((MAX_NG + 31) / 32);'
      doc:280  ...tvec_engine.sv:25-28`). Restoring it also doubles the scale bank from NSCAL = 96 to 192 (`rtl/matvec_engine.sv:176-179`). That bank feeds the NSCAL:1 `scales_...
=== ref/seq_chat.py  (REPAIR 2, COLLATERAL 0)
  REPAIR         rtl/seq_unit.sv:248 -> rtl/seq_unit.sv:250   doc lines 91   at-base yes
      base rtl/seq_unit.sv:248  'output logic [31:0] m_axib_araddr,'
      work rtl/seq_unit.sv:248  'output logic        m_axib_bready,'
      work rtl/seq_unit.sv:250  'output logic [31:0] m_axib_araddr,'   <- proposed
      doc:91  ...(rtl/seq_unit.sv:248 xrf_rd), so XRF[4] <= 131,071 and the X...
  REPAIR         rtl/seq_unit.sv:857-867 -> rtl/seq_unit.sv:885-897   doc lines 704   at-base yes
      base rtl/seq_unit.sv:857  ''
      work rtl/seq_unit.sv:857  'I_WR, I_CMDW, I_CMDDRAIN, I_CMDPOLL, I_CMDPOLLW,'
      work rtl/seq_unit.sv:885  ''   <- proposed
      base end :867 'logic signed [31:0] mv_shift;' / work end :897 'logic signed [31:0] mv_shift;'
      doc:704  ...        abort / perf (rtl/seq_unit.sv:857-867), not the layer banks....
=== ref/seq_format.py  (REPAIR 1, COLLATERAL 0)
  REPAIR         rtl/seq_unit.sv:593-616 -> rtl/seq_unit.sv:602-625   doc lines 206   at-base yes
      base rtl/seq_unit.sv:593  'if (fq_push) begin'
      work rtl/seq_unit.sv:593  '// ---------------- fetch ----------------'
      work rtl/seq_unit.sv:602  'if (fq_push) begin'   <- proposed
      base end :616 "fa_left  <= (seq_len > flush_pc) ? (seq_len - flush_pc) : 32'd0;" / work end :625 "fa_left  <= (seq_len > flush_pc) ? (seq_len - flush_pc) : 32'd0;"
      doc:206  ...# XOP (0x0C) field packing — ISA v1.1 opcode text, rtl/seq_unit.sv:593-616...
=== ref/seq_model.py  (REPAIR 5, COLLATERAL 0)
  REPAIR         rtl/matvec_chan.sv:383-384 -> rtl/matvec_chan.sv:401-402   doc lines 931,1800   at-base yes
      base rtl/matvec_chan.sv:383  'always_ff @(posedge ui_clk) begin'
      work rtl/matvec_chan.sv:383  "10'h00C: begin                                        // RES_DATA"
      work rtl/matvec_chan.sv:401  'always_ff @(posedge ui_clk) begin'   <- proposed
      base end :384 'if (!ui_rstn) begin' / work end :402 'if (!ui_rstn) begin'
      doc:931  ...        # it pops (rtl/matvec_chan.sv:383-384), and the engine reads x_mem...
      doc:1800  ...    (rtl/matvec_chan.sv:383-384) and a second MVGO re-initialises it...
  REPAIR         rtl/matvec_engine.sv:453-460 -> rtl/matvec_engine.sv:478-485   doc lines 955,1801   at-base yes
      base rtl/matvec_engine.sv:453  'if (start) begin'
      work rtl/matvec_engine.sv:453  'logic signed [17:0] acc_bank_lo [2][MAX_NG];'
      work rtl/matvec_engine.sv:478  'if (start) begin'   <- proposed
      base end :460 'end' / work end :485 'end'
      doc:955  ...        # matvec unconditionally (rtl/matvec_engine.sv:453-460) and the...
      doc:1801  ...    (rtl/matvec_engine.sv:453-460), while this model computes y at MVGO...
  REPAIR         rtl/seq_movers.sv:703-713 -> rtl/seq_movers.sv:721-731   doc lines 957   at-base yes
      base rtl/seq_movers.sv:703  '// ========================================================'
      work rtl/seq_movers.sv:703  'end'
      work rtl/seq_movers.sv:721  '// ========================================================'   <- proposed
      base end :713 'end else begin' / work end :731 'end else begin'
      doc:957  ...        # (rtl/seq_movers.sv:703-713): a second MVGO on a running channel...
  REPAIR         rtl/matvec_chan.sv:383-384 -> rtl/matvec_chan.sv:401-402   doc lines 931,1800   at-base yes
      base rtl/matvec_chan.sv:383  'always_ff @(posedge ui_clk) begin'
      work rtl/matvec_chan.sv:383  "10'h00C: begin                                        // RES_DATA"
      work rtl/matvec_chan.sv:401  'always_ff @(posedge ui_clk) begin'   <- proposed
      base end :384 'if (!ui_rstn) begin' / work end :402 'if (!ui_rstn) begin'
      doc:931  ...        # it pops (rtl/matvec_chan.sv:383-384), and the engine reads x_mem...
      doc:1800  ...    (rtl/matvec_chan.sv:383-384) and a second MVGO re-initialises it...
  REPAIR         rtl/matvec_engine.sv:453-460 -> rtl/matvec_engine.sv:478-485   doc lines 955,1801   at-base yes
      base rtl/matvec_engine.sv:453  'if (start) begin'
      work rtl/matvec_engine.sv:453  'logic signed [17:0] acc_bank_lo [2][MAX_NG];'
      work rtl/matvec_engine.sv:478  'if (start) begin'   <- proposed
      base end :460 'end' / work end :485 'end'
      doc:955  ...        # matvec unconditionally (rtl/matvec_engine.sv:453-460) and the...
      doc:1801  ...    (rtl/matvec_engine.sv:453-460), while this model computes y at MVGO...
=== rtl/layer_chan.sv  (REPAIR 1, COLLATERAL 0)
  REPAIR         rtl/seq_movers.sv:589 -> rtl/seq_movers.sv:603   doc lines 194   at-base yes
      base rtl/seq_movers.sv:589  ''
      work rtl/seq_movers.sv:589  'if (ext_owns) begin'
      work rtl/seq_movers.sv:603  ''   <- proposed
      doc:194  ...// {16'd0, y_val[31:16]}, rtl/seq_movers.sv:589).  WSTRB[1:0] must be 00...
=== rtl/matvec_engine.sv  (REPAIR 3, COLLATERAL 0)
  REPAIR         rtl/matvec_chan.sv:587-588 -> rtl/matvec_chan.sv:606-607   doc lines 210   at-base yes
      base rtl/matvec_chan.sv:587  'end else begin'
      work rtl/matvec_chan.sv:587  '// free slot in that cycle, or the shipped `if (!xf_full)` test would'
      work rtl/matvec_chan.sv:606  'end else begin'   <- proposed
      base end :588 'if (s_axib_wvalid && s_axib_wready) begin' / work end :607 'if (s_axib_wvalid && s_axib_wready) begin'
      doc:210  ...    // 3072-word XWIN (the decode is `rtl/matvec_chan.sv:587-588` and its...
  REPAIR         rtl/matvec_chan.sv:595 -> rtl/matvec_chan.sv:614   doc lines 211   at-base yes
      base rtl/matvec_chan.sv:595  'W_IDLE:'
      work rtl/matvec_chan.sv:595  'assign s_axib_awready = (wstate == W_IDLE);'
      work rtl/matvec_chan.sv:614  'W_IDLE:'   <- proposed
      doc:211  ...    // SLVERR `rtl/matvec_chan.sv:595`), and an AXI-Lite XWIN push past word...
  REPAIR         rtl/matvec_engine.sv:596-598 -> rtl/matvec_engine.sv:626-628   doc lines 215   at-base yes
      base rtl/matvec_engine.sv:596  'end'
      work rtl/matvec_engine.sv:596  'assign m_y32   = ofifo[of_rd[1:0]][31:0];'
      work rtl/matvec_engine.sv:626  'end'   <- proposed
      base end :598 '// ---- scales_q ownership (S2)' / work end :628 '// ---- scales_q ownership (S2)'
      doc:215  ...    // `rtl/matvec_engine.sv:596-598`....
=== rtl/state_dma.sv  (REPAIR 2, COLLATERAL 0)
  REPAIR         rtl/seq_movers.sv:55-59 -> rtl/seq_movers.sv:62-66   doc lines 30,358   at-base yes
      base rtl/seq_movers.sv:55  '// C3  NEW.  AXI gives no ordering between two different master ports.  '
      work rtl/seq_movers.sv:55  '//     READ_LATENCY_B=2 inside the shim, so the pacer is GONE; the read '
      work rtl/seq_movers.sv:62  '// C3  NEW.  AXI gives no ordering between two different master ports.  '   <- proposed
      base end :59 '//     the burst write engine first (bw_idle = every B response collecte' / work end :66 '//     the burst write engine first (bw_idle = every B response collecte'
      doc:30  ...// (rtl/seq_movers.sv:55-59): AW count == B count, not "the last W ...
      doc:358  ...                // bw_idle (rtl/seq_movers.sv:55-59): the phase is complete...
  REPAIR         rtl/seq_movers.sv:55-59 -> rtl/seq_movers.sv:62-66   doc lines 30,358   at-base yes
      base rtl/seq_movers.sv:55  '// C3  NEW.  AXI gives no ordering between two different master ports.  '
      work rtl/seq_movers.sv:55  '//     READ_LATENCY_B=2 inside the shim, so the pacer is GONE; the read '
      work rtl/seq_movers.sv:62  '// C3  NEW.  AXI gives no ordering between two different master ports.  '   <- proposed
      base end :59 '//     the burst write engine first (bw_idle = every B response collecte' / work end :66 '//     the burst write engine first (bw_idle = every B response collecte'
      doc:30  ...// (rtl/seq_movers.sv:55-59): AW count == B count, not "the last W ...
      doc:358  ...                // bw_idle (rtl/seq_movers.sv:55-59): the phase is complete...
=== sw/hwmap.py  (REPAIR 1, COLLATERAL 2)
  REPAIR         rtl/seq_movers.sv:127-130 -> rtl/seq_movers.sv:136-139   doc lines 429   at-base yes
      base rtl/seq_movers.sv:127  ''
      work rtl/seq_movers.sv:127  '// mover op and a bulk op in flight at the same time (I_MOVER vs'
      work rtl/seq_movers.sv:136  ''   <- proposed
      base end :130 '// ---------------- AXI4 burst master (S3): 32b data, 32b addr -------' / work end :139 '// ---------------- AXI4 burst master (S3): 32b data, 32b addr -------'
      doc:429  ...# err_code (STATUS[31:24]) — rtl/seq_unit.sv:40-56 + rtl/seq_movers.sv:127-130...
  COLLATERAL     rtl/seq_unit.sv:19-56 -> rtl/seq_unit.sv:19-58   doc lines 301   at-base yes
      base rtl/seq_unit.sv:19  '//              128 KiB since R-b) through the new burst_smc SmartConnec'
      work rtl/seq_unit.sv:19  '//              128 KiB since R-b) through the new burst_smc SmartConnec'
      work rtl/seq_unit.sv:19  '//              128 KiB since R-b) through the new burst_smc SmartConnec'   <- proposed
      base end :56 '//                 counters, the rest read 0.  Host-read-only; cleared b' / work end :58 '//                 counters, the rest read 0.  Host-read-only; cleared b'
      doc:301  ...# rtl/seq_unit.sv:19-56 is authoritative; docs/SEQ_ISA.md v1.5 ...
  COLLATERAL     rtl/seq_unit.sv:40-56 -> rtl/seq_unit.sv:40-58   doc lines 429   at-base yes
      base rtl/seq_unit.sv:40  '//   0x34 PERF_AXW R  AXI-Lite writes issued'
      work rtl/seq_unit.sv:40  '//   0x34 PERF_AXW R  AXI-Lite writes issued'
      work rtl/seq_unit.sv:40  '//   0x34 PERF_AXW R  AXI-Lite writes issued'   <- proposed
      base end :56 '//                 counters, the rest read 0.  Host-read-only; cleared b' / work end :58 '//                 counters, the rest read 0.  Host-read-only; cleared b'
      doc:429  ...# err_code (STATUS[31:24]) — rtl/seq_unit.sv:40-56 + rtl/seq_movers.sv:127-130...
=== synth/exp_uram/rtl/layer_chan.sv  (REPAIR 1, COLLATERAL 0)
  REPAIR         rtl/seq_movers.sv:574 -> rtl/seq_movers.sv:588   doc lines 142   at-base yes
      base rtl/seq_movers.sv:574  'always_comb begin'
      work rtl/seq_movers.sv:574  '|| (st == Y_RUN));'
      work rtl/seq_movers.sv:588  'always_comb begin'   <- proposed
      doc:142  ...// {16'd0, y_val[31:16]}, rtl/seq_movers.sv:574).  WSTRB[1:0] must be 00...
=== synth/scripts/final_verify.tcl  (REPAIR 2, COLLATERAL 0)
  REPAIR         rtl/matvec_engine.sv:281 -> rtl/matvec_engine.sv:300   doc lines 22   at-base yes
      base rtl/matvec_engine.sv:281  'logic [1023:0] xline_q;'
      work rtl/matvec_engine.sv:281  ''
      work rtl/matvec_engine.sv:300  'logic [1023:0] xline_q;'   <- proposed
      doc:22  ...# stripped"), and rtl/matvec_engine.sv:281 now declares a single...
  REPAIR         rtl/matvec_engine.sv:299-305 -> rtl/matvec_engine.sv:319-330   doc lines 23   at-base yes
      base rtl/matvec_engine.sv:299  'if (beat_fire && !is_scale_beat) begin'
      work rtl/matvec_engine.sv:299  'logic [511:0] beat_q;'
      work rtl/matvec_engine.sv:319  'if (beat_fire && !is_scale_beat) begin'   <- proposed
      base end :305 'end' / work end :330 'end'
      doc:23  ...# `logic [1023:0] xline_q`, enable-loaded at rtl/matvec_engine.sv:299-305 —...
  EXCLUDED evidence/qwen9b/sr/sr3c_drift.sh
  EXCLUDED evidence/qwen9b/sr/sr3c_hand_repairs.py
  EXCLUDED tb/seq_stub_mvchan.sv
--- UNRESOLVED (cited base line rewritten/deleted; o3 leaves these):
  rtl/matvec_chan.sv:18 '//   0x14 SHAPE     W  {spare[31:29], ng[28:22], nrows[21:6], sh[5:0]}'  cited by docs/QWEN35_2BOARD_FEASIBILITY.md, docs/QWEN35_NEXT_FEASIBILITY.md, docs/SEQ_ISA.md, docs/superpowers/plans/2026-09-27-seq-rtl-round.md, docs/superpowers/specs/2026-08-29-qwen35-9b-migration-design.md, docs/superpowers/specs/2026-09-27-seq-rtl-round-design.md, evidence/qwen2b/q2/v4_v5/W8_SKETCH.md, evidence/qwen2b/rb/seq_isa_ref_sweep.txt, evidence/qwen9b/g2/FINAL_BYTELOCK.md, evidence/qwen9b/g2/G2A_HOST.md, evidence/qwen9b/g3/G3_3_MATVEC.md, evidence/qwen9b/ov/OV1_DEPENDENCY_CENSUS.md
  rtl/matvec_engine.sv:224 '// x_mem line / accumulator-bank index of the beat being accepted: the'  cited by docs/NVFP4_STUDY.md
  rtl/matvec_engine.sv:227 '// output, with no mux in front of the LUTRAM (the waived xline_q cone).'  cited by docs/NVFP4_STUDY.md
  rtl/matvec_engine.sv:455 "x_line   <= '0;"  cited by docs/superpowers/plans/2026-09-27-seq-rtl-round.md, docs/superpowers/specs/2026-09-27-seq-rtl-round-design.md, evidence/qwen9b/ov/OV1_DEPENDENCY_CENSUS.md
  rtl/matvec_engine.sv:456 "row_in   <= '0;"  cited by docs/superpowers/plans/2026-09-27-seq-rtl-round.md, docs/superpowers/specs/2026-09-27-seq-rtl-round-design.md
  rtl/matvec_engine.sv:470 "x_line       <= '0;"  cited by docs/superpowers/plans/2026-09-27-seq-rtl-round.md, docs/superpowers/specs/2026-09-27-seq-rtl-round-design.md, evidence/qwen9b/ov/OV1_DEPENDENCY_CENSUS.md
  rtl/seq_movers.sv:628 "res_row_q <= 12'd0;              // S12: v1 always drains row 0"  cited by docs/superpowers/plans/2026-09-27-seq-rtl-round.md, docs/superpowers/specs/2026-09-27-seq-rtl-round-design.md, evidence/qwen9b/ov/OV1_DEPENDENCY_CENSUS.md
  rtl/seq_movers.sv:658 'bw_saddr  <= mvbaddr(chan_q, MVB_XWIN);'  cited by docs/superpowers/plans/2026-09-27-seq-rtl-round.md, docs/superpowers/specs/2026-09-27-seq-rtl-round-design.md, evidence/qwen9b/ov/OV1_DEPENDENCY_CENSUS.md
  rtl/seq_unit.sv:336 "1'b0 /*r3*/, 1'b0 /*r2*/, 1'b1 /*r1*/};"  cited by evidence/qwen9b/sr/SR3_R1_RTL.md
  rtl/seq_unit.sv:793 "else if (r_tgt[15:4] != 12'd0)   begin v_bad=1; v_code=E_RSVD; end"  cited by docs/superpowers/plans/2026-09-27-seq-rtl-round.md, docs/superpowers/specs/2026-09-27-seq-rtl-round-design.md, evidence/qwen9b/ov/OV1_DEPENDENCY_CENSUS.md, ref/scripts/reorder_e4.py
  rtl/seq_unit.sv:947 "mv_fmask <= '0;"  cited by evidence/qwen9b/sr/SR3_R1_RTL.md
--- HALF-MAPPED:
  rtl/matvec_chan.sv:18-19  cited by evidence/qwen2b/rb/seq_isa_ref_sweep.txt
  rtl/matvec_chan.sv:18-32  cited by evidence/qwen9b/g3/G3_3_MATVEC.md
  rtl/matvec_chan.sv:18-35  cited by docs/SEQ_ISA.md
  rtl/seq_movers.sv:652-658  cited by evidence/qwen9b/ov/OV1_DEPENDENCY_CENSUS.md
  rtl/seq_unit.sv:335-336  cited by evidence/qwen9b/sr/SR3_R1_RTL.md
  rtl/seq_unit.sv:787-793  cited by docs/superpowers/specs/2026-09-27-seq-rtl-round-design.md
  rtl/seq_unit.sv:793-796  cited by evidence/qwen9b/ov/OV1_DEPENDENCY_CENSUS.md, ref/scripts/reorder_e4.py
--- MISSING (past the base EOF / absent):
SR11C_AUDIT REPAIR 484 (of which SUSPECT 30)  COLLATERAL 26
=== rc  : 0
=== end : 2026-09-28T13:11:23-06:00
