=== host: snoke
=== date: 2026-09-06T13:31:48-06:00
=== tree: 2560cb2+dirty
=== cmd:  vivado -mode batch -nojournal -log fv.log -source /home/cah/r2d2/code/fpga/fable5_llm/synth/scripts/final_verify.tcl -tclargs /home/cah/r2d2/code/fpga/fable5_llm/synth/out_build_040_po2_AltSpreadLogic_high/proj/stage1.runs/impl_1/bd_wrapper_postroute_physopt.dcp /home/cah/r2d2/code/fpga/fable5_llm/synth/constraints/fable5_xdma_rst_exception.xdc
=== venv: /home/cah/.venv/bin/python (exists)
===       ref/.venv/bin/python (ABSENT)
===       uv: /home/cah/.local/bin/uv (exists)
=== cpu:  nproc=48 OMP_NUM_THREADS=unset MKL_NUM_THREADS=unset
=== env:  FABLE5_MODEL=unset FABLE5_DN_STATE=unset FABLE5_RS_F=unset
===       FABLE5_CALIB_STATS=unset FABLE5_CALIB_MODE=unset
=== ---

****** Vivado v2024.2 (64-bit)
  **** SW Build 5239630 on Fri Nov 08 22:34:34 MST 2024
  **** IP Build 5239520 on Sun Nov 10 16:12:51 MST 2024
  **** SharedData Build 5239561 on Fri Nov 08 14:39:27 MST 2024
  **** Start of session at: Sun Sep  6 13:31:51 2026
    ** Copyright 1986-2022 Xilinx, Inc. All Rights Reserved.
    ** Copyright 2022-2024 Advanced Micro Devices, Inc. All Rights Reserved.

source /home/cah/r2d2/code/fpga/fable5_llm/synth/scripts/final_verify.tcl
# set dcp [lindex $argv 0]
# set XDC [lindex $argv 1]
# open_checkpoint $dcp
Command: open_checkpoint /home/cah/r2d2/code/fpga/fable5_llm/synth/out_build_040_po2_AltSpreadLogic_high/proj/stage1.runs/impl_1/bd_wrapper_postroute_physopt.dcp

Starting open_checkpoint Task

Time (s): cpu = 00:00:00.07 ; elapsed = 00:00:00.07 . Memory (MB): peak = 1428.016 ; gain = 0.000 ; free physical = 11822 ; free virtual = 314920
INFO: [Device 21-403] Loading part xcvu9p-fsgd2104-2L-e
Netlist sorting complete. Time (s): cpu = 00:00:09 ; elapsed = 00:00:10 . Memory (MB): peak = 3872.176 ; gain = 0.000 ; free physical = 9517 ; free virtual = 312353
INFO: [Netlist 29-17] Analyzing 31878 Unisim elements for replacement
INFO: [Netlist 29-28] Unisim Transformation completed in 28 CPU seconds
INFO: [Project 1-479] Netlist was created with Vivado 2024.2
INFO: [Project 1-570] Preparing netlist for logic optimization
WARNING: [Constraints 18-550] Could not create 'DRIVE' constraint because net 'bd_i/ddr4_0/inst/u_ddr4_mem_intfc/u_mig_ddr4_phy/cal_RESET_n[0]' is not directly connected to top level port. 'DRIVE' is ignored for synthesis but preserved for implementation.
WARNING: [Constraints 18-550] Could not create 'SLEW' constraint because net 'bd_i/ddr4_0/inst/u_ddr4_mem_intfc/u_mig_ddr4_phy/cal_RESET_n[0]' is not directly connected to top level port. 'SLEW' is ignored for synthesis but preserved for implementation.
WARNING: [Constraints 18-550] Could not create 'IBUF_LOW_PWR' constraint because net 'bd_i/ddr4_0/inst/u_ddr4_mem_intfc/u_mig_ddr4_phy/sys_clk_in' is not directly connected to top level port. 'IBUF_LOW_PWR' is ignored for synthesis but preserved for implementation.
WARNING: [Constraints 18-550] Could not create 'DRIVE' constraint because net 'bd_i/ddr4_1/inst/u_ddr4_mem_intfc/u_mig_ddr4_phy/cal_RESET_n[0]' is not directly connected to top level port. 'DRIVE' is ignored for synthesis but preserved for implementation.
WARNING: [Constraints 18-550] Could not create 'SLEW' constraint because net 'bd_i/ddr4_1/inst/u_ddr4_mem_intfc/u_mig_ddr4_phy/cal_RESET_n[0]' is not directly connected to top level port. 'SLEW' is ignored for synthesis but preserved for implementation.
WARNING: [Constraints 18-550] Could not create 'IBUF_LOW_PWR' constraint because net 'bd_i/ddr4_1/inst/u_ddr4_mem_intfc/u_mig_ddr4_phy/sys_clk_in' is not directly connected to top level port. 'IBUF_LOW_PWR' is ignored for synthesis but preserved for implementation.
WARNING: [Constraints 18-550] Could not create 'DRIVE' constraint because net 'bd_i/ddr4_2/inst/u_ddr4_mem_intfc/u_mig_ddr4_phy/cal_RESET_n[0]' is not directly connected to top level port. 'DRIVE' is ignored for synthesis but preserved for implementation.
WARNING: [Constraints 18-550] Could not create 'SLEW' constraint because net 'bd_i/ddr4_2/inst/u_ddr4_mem_intfc/u_mig_ddr4_phy/cal_RESET_n[0]' is not directly connected to top level port. 'SLEW' is ignored for synthesis but preserved for implementation.
WARNING: [Constraints 18-550] Could not create 'IBUF_LOW_PWR' constraint because net 'bd_i/ddr4_2/inst/u_ddr4_mem_intfc/u_mig_ddr4_phy/sys_clk_in' is not directly connected to top level port. 'IBUF_LOW_PWR' is ignored for synthesis but preserved for implementation.
WARNING: [Constraints 18-550] Could not create 'DRIVE' constraint because net 'bd_i/ddr4_3/inst/u_ddr4_mem_intfc/u_mig_ddr4_phy/cal_RESET_n[0]' is not directly connected to top level port. 'DRIVE' is ignored for synthesis but preserved for implementation.
WARNING: [Constraints 18-550] Could not create 'SLEW' constraint because net 'bd_i/ddr4_3/inst/u_ddr4_mem_intfc/u_mig_ddr4_phy/cal_RESET_n[0]' is not directly connected to top level port. 'SLEW' is ignored for synthesis but preserved for implementation.
WARNING: [Constraints 18-550] Could not create 'IBUF_LOW_PWR' constraint because net 'bd_i/ddr4_3/inst/u_ddr4_mem_intfc/u_mig_ddr4_phy/sys_clk_in' is not directly connected to top level port. 'IBUF_LOW_PWR' is ignored for synthesis but preserved for implementation.
Read ShapeDB Complete: Time (s): cpu = 00:00:02 ; elapsed = 00:00:02 . Memory (MB): peak = 5538.621 ; gain = 117.969 ; free physical = 7982 ; free virtual = 310823
INFO: [Timing 38-478] Restoring timing data from binary archive.
INFO: [Timing 38-479] Binary timing data restore complete.
INFO: [Project 1-856] Restoring constraints from binary archive.
INFO: [Power 33-23] Power model is not available for xiphy_riu_or
INFO: [Power 33-23] Power model is not available for genVref.u_hpio_vref
INFO: [Project 1-853] Binary constraint restore complete.
INFO: [Designutils 20-5722] Start Reading Physical Databases.
Reading placement.
Read Netlist Cache: Time (s): cpu = 00:00:01 ; elapsed = 00:00:01 . Memory (MB): peak = 9761.391 ; gain = 40.875 ; free physical = 3833 ; free virtual = 306690
Reading placer database...
Read Device Cache: Time (s): cpu = 00:00:00.04 ; elapsed = 00:00:00.04 . Memory (MB): peak = 9761.391 ; gain = 0.000 ; free physical = 3833 ; free virtual = 306690
Read PlaceDB: Time (s): cpu = 00:00:39 ; elapsed = 00:00:40 . Memory (MB): peak = 10343.516 ; gain = 582.125 ; free physical = 3404 ; free virtual = 306266
Read PulsedLatchDB: Time (s): cpu = 00:00:00 ; elapsed = 00:00:00 . Memory (MB): peak = 10343.516 ; gain = 0.000 ; free physical = 3404 ; free virtual = 306266
Reading routing.
Read RouteStorage: Time (s): cpu = 00:00:22 ; elapsed = 00:00:07 . Memory (MB): peak = 10760.789 ; gain = 417.273 ; free physical = 3035 ; free virtual = 305897
Read Physdb Files: Time (s): cpu = 00:01:02 ; elapsed = 00:00:49 . Memory (MB): peak = 10760.789 ; gain = 1040.273 ; free physical = 3032 ; free virtual = 305894
Restored from archive | CPU: 65.810000 secs | Memory: 929.353531 MB |
Finished XDEF File Restore: Time (s): cpu = 00:01:03 ; elapsed = 00:00:50 . Memory (MB): peak = 10760.789 ; gain = 1040.273 ; free physical = 2994 ; free virtual = 305855
INFO: [IP_Flow 19-234] Refreshing IP repositories
INFO: [IP_Flow 19-1704] No user IP repositories specified
INFO: [IP_Flow 19-2313] Loaded Vivado IP repository '/home/cah/r2d2/sc2data/tools/Vivado/2024.2/data/ip'.
Netlist sorting complete. Time (s): cpu = 00:00:00.12 ; elapsed = 00:00:00.13 . Memory (MB): peak = 10760.789 ; gain = 0.000 ; free physical = 2947 ; free virtual = 305810
INFO: [Project 1-111] Unisim Transformation Summary:
  A total of 8343 instances were transformed.
  DSP48E1 => DSP48E2 (DSP_ALU, DSP_A_B_DATA, DSP_C_DATA, DSP_MULTIPLIER, DSP_M_DATA, DSP_OUTPUT, DSP_PREADD, DSP_PREADD_DATA): 12 instances
  DSP48E2 => DSP48E2 (DSP_ALU, DSP_A_B_DATA, DSP_C_DATA, DSP_MULTIPLIER, DSP_M_DATA, DSP_OUTPUT, DSP_PREADD, DSP_PREADD_DATA): 1846 instances
  IBUF => IBUF (IBUFCTRL, INBUF): 1 instance 
  IBUFDS => IBUFDS (DIFFINBUF, IBUFCTRL): 4 instances
  IOBUFDS => IOBUFDS (DIFFINBUF, IBUFCTRL, INV, OBUFT(x2)): 32 instances
  IOBUFE3 => IOBUFE3 (IBUFCTRL, INBUF, OBUFT_DCIEN): 288 instances
  LUT6_2 => LUT6_2 (LUT5, LUT6): 124 instances
  OBUFDS => OBUFDS_DUAL_BUF (INV, OBUF(x2)): 4 instances
  RAM16X1D => RAM32X1D (RAMD32(x2)): 40 instances
  RAM256X1D => RAM256X1D (MUXF7(x4), MUXF8(x2), RAMD64E(x8)): 512 instances
  RAM256X1S => RAM256X1S (MUXF7(x2), MUXF8, RAMS64E(x4)): 9 instances
  RAM32M => RAM32M (RAMD32(x6), RAMS32(x2)): 866 instances
  RAM32M16 => RAM32M16 (RAMD32(x14), RAMS32(x2)): 1978 instances
  RAM32X1D => RAM32X1D (RAMD32(x2)): 80 instances
  RAM64M => RAM64M (RAMD64E(x4)): 16 instances
  RAM64M8 => RAM64M8 (RAMD64E(x8)): 2515 instances
  RAM64X1D => RAM64X1D (RAMD64E(x2)): 16 instances

INFO: [Project 1-604] Checkpoint was created with Vivado v2024.2 (64-bit) build 5239630
WARNING: [Vivado 12-23575] Critical violations of the methodology design rules detected. Critical violations may contribute to timing failures or cause functional issues in hardware. Run report_methodology for more information.
open_checkpoint: Time (s): cpu = 00:11:31 ; elapsed = 00:06:25 . Memory (MB): peak = 10760.789 ; gain = 9332.773 ; free physical = 2918 ; free virtual = 305781
# read_xdc -quiet $XDC
# puts "FV_CHECKPOINT: $dcp"
FV_CHECKPOINT: /home/cah/r2d2/code/fpga/fable5_llm/synth/out_build_040_po2_AltSpreadLogic_high/proj/stage1.runs/impl_1/bd_wrapper_postroute_physopt.dcp
get_timing_paths: Time (s): cpu = 00:10:52 ; elapsed = 00:02:04 . Memory (MB): peak = 11856.938 ; gain = 1096.148 ; free physical = 1721 ; free virtual = 304594
# puts "FV_WNS: [get_property SLACK [get_timing_paths -max_paths 1 -nworst 1 -setup]]"
FV_WNS: -0.247
get_timing_paths: Time (s): cpu = 00:00:45 ; elapsed = 00:00:06 . Memory (MB): peak = 11856.938 ; gain = 0.000 ; free physical = 1788 ; free virtual = 304664
# puts "FV_WHS: [get_property SLACK [get_timing_paths -max_paths 1 -nworst 1 -hold]]"
FV_WHS: 0.000
get_timing_paths: Time (s): cpu = 00:00:39 ; elapsed = 00:00:08 . Memory (MB): peak = 11856.938 ; gain = 0.000 ; free physical = 1680 ; free virtual = 304559
# set fail [get_timing_paths -max_paths 5000 -nworst 1 -setup -slack_lesser_than 0]
# puts "FV_FAILING_SETUP: [llength $fail]"
FV_FAILING_SETUP: 5000
# foreach p $fail { puts "FV_FAIL [get_property SLACK $p] [get_property GROUP $p] [get_property ENDPOINT_PIN $p]" }
FV_FAIL -0.247 xdma_0_axi_aclk bd_i/layer_0/inst/u_core/dn_vdata_reg[7]/D
FV_FAIL -0.247 xdma_0_axi_aclk bd_i/layer_0/inst/u_core/u_dn/g_lane[84].p2_p_reg[84]/DSP_A_B_DATA_INST/B[1]
FV_FAIL -0.247 xdma_0_axi_aclk bd_i/layer_0/inst/u_core/at_qdata_reg[0]_rep__6/D
FV_FAIL -0.247 xdma_0_axi_aclk bd_i/layer_0/inst/u_core/dn_vdata_reg[10]/D
FV_FAIL -0.246 xdma_0_axi_aclk bd_i/layer_0/inst/u_core/u_dn/g_lane[38].p2_p_reg[38]/DSP_A_B_DATA_INST/B[14]
FV_FAIL -0.246 xdma_0_axi_aclk bd_i/layer_0/inst/u_core/u_alu/ps_rnd_reg[2]/D
FV_FAIL -0.246 xdma_0_axi_aclk bd_i/layer_0/inst/u_core/krow_reg[1500]/D
FV_FAIL -0.246 xdma_0_axi_aclk bd_i/layer_0/inst/u_core/u_alu/ps_rnd_reg[17]/D
FV_FAIL -0.246 xdma_0_axi_aclk bd_i/layer_0/inst/u_core/u_dn/g_lane[78].p2_p_reg[78]/DSP_A_B_DATA_INST/B[0]
FV_FAIL -0.246 xdma_0_axi_aclk bd_i/layer_0/inst/u_core/u_dn/g_lane[7].p2_p_reg[7]/DSP_A_B_DATA_INST/B[14]
FV_FAIL -0.246 xdma_0_axi_aclk bd_i/layer_0/inst/u_core/at_qdata_reg[0]_rep/D
FV_FAIL -0.245 xdma_0_axi_aclk bd_i/layer_0/inst/u_core/u_vn/ss_acc0_i_9_replica_psdsp_1/D
FV_FAIL -0.244 xdma_0_axi_aclk bd_i/layer_0/inst/u_core/u_dn/p_1_out__24__3/DSP_PREADD_DATA_INST/DIN[10]
FV_FAIL -0.244 xdma_0_axi_aclk bd_i/layer_0/inst/u_core/u_dma/fmem_reg_0_255_220_220/DP.D/I
FV_FAIL -0.244 xdma_0_axi_aclk bd_i/layer_0/inst/u_core/krow_reg[1059]/R
FV_FAIL -0.244 xdma_0_axi_aclk bd_i/layer_0/inst/u_core/krow_reg[1061]/R
FV_FAIL -0.244 xdma_0_axi_aclk bd_i/layer_0/inst/u_core/krow_reg[1062]/R
FV_FAIL -0.243 xdma_0_axi_aclk bd_i/layer_0/inst/u_core/u_dn/p_0_out__13__4/DSP_A_B_DATA_INST/B[14]
FV_FAIL -0.243 xdma_0_axi_aclk bd_i/layer_0/inst/u_core/u_dn/p_1_out__12__2/DSP_A_B_DATA_INST/A[13]
FV_FAIL -0.243 xdma_0_axi_aclk bd_i/layer_0/inst/u_core/u_attn/o_g4_reg[2][20]/D
FV_FAIL -0.242 xdma_0_axi_aclk bd_i/layer_0/inst/u_core/u_attn/g_lane[117].prod_reg[117]/DSP_A_B_DATA_INST/B[0]
FV_FAIL -0.242 xdma_0_axi_aclk bd_i/layer_0/inst/u_core/u_attn/g_lane[121].prod_reg[121]/DSP_A_B_DATA_INST/CEA2
FV_FAIL -0.241 xdma_0_axi_aclk bd_i/layer_0/inst/u_core/u_dn/p_0_out__11__2/DSP_A_B_DATA_INST/B[7]
FV_FAIL -0.241 xdma_0_axi_aclk bd_i/layer_0/inst/u_core/cs_wd_reg[32]/D
FV_FAIL -0.240 xdma_0_axi_aclk bd_i/axil_slice_5/inst/w.w_pipe/m_payload_i_reg[12]/D
FV_FAIL -0.239 xdma_0_axi_aclk bd_i/layer_0/inst/u_core/u_dn/g_lane[94].kvm_acc_reg[94]/DSP_A_B_DATA_INST/B[14]
FV_FAIL -0.239 xdma_0_axi_aclk bd_i/layer_0/inst/u_core/u_dn/g_lane[9].kvm_acc_reg[9]/DSP_A_B_DATA_INST/B[1]
FV_FAIL -0.238 xdma_0_axi_aclk bd_i/layer_0/inst/u_core/u_conv/u_silu/m3_reg/DSP_A_B_DATA_INST/B[15]
FV_FAIL -0.238 xdma_0_axi_aclk bd_i/layer_0/inst/u_core/u_alu/ps_rnd_reg[4]/D
FV_FAIL -0.238 xdma_0_axi_aclk bd_i/layer_0/inst/u_core/u_alu/ps_rnd_reg[20]/D
FV_FAIL -0.238 xdma_0_axi_aclk bd_i/layer_0/inst/u_core/u_alu/pre_lo_reg[6]/D
FV_FAIL -0.237 xdma_0_axi_aclk bd_i/layer_0/inst/u_core/u_dn/o_sel_reg[34]/D
FV_FAIL -0.237 xdma_0_axi_aclk bd_i/layer_0/inst/u_core/u_topk/ent_reg[29][21]/CE
FV_FAIL -0.237 xdma_0_axi_aclk bd_i/layer_0/inst/u_core/u_topk/ent_reg[29][27]/CE
FV_FAIL -0.237 xdma_0_axi_aclk bd_i/layer_0/inst/u_core/u_topk/ent_reg[29][30]/CE
FV_FAIL -0.237 xdma_0_axi_aclk bd_i/layer_0/inst/u_core/u_topk/ent_reg[29][31]/CE
FV_FAIL -0.237 xdma_0_axi_aclk bd_i/layer_0/inst/u_core/rp_sdata_reg[10]/D
FV_FAIL -0.237 xdma_0_axi_aclk bd_i/layer_0/inst/u_core/u_dn/g_lane[43].dm_p_reg[43]/DSP_A_B_DATA_INST/A[21]
FV_FAIL -0.237 xdma_0_axi_aclk bd_i/layer_0/inst/u_core/krow_reg[458]/CE
FV_FAIL -0.236 xdma_0_axi_aclk bd_i/layer_0/inst/u_core/kv_wrow_reg[687]/CE
FV_FAIL -0.236 xdma_0_axi_aclk bd_i/layer_0/inst/u_core/u_axib/fdat_reg_0_3_0_13/RAMD_D1/I
FV_FAIL -0.236 xdma_0_axi_aclk bd_i/layer_0/inst/u_core/u_attn/o_g4_reg[1][12]/D
FV_FAIL -0.235 xdma_0_axi_aclk bd_i/layer_0/inst/u_core/kv_wrow_reg[1219]/CE
FV_FAIL -0.235 xdma_0_axi_aclk bd_i/layer_0/inst/u_core/u_dn/p_1_out__12__2/DSP_A_B_DATA_INST/A[17]
FV_FAIL -0.235 xdma_0_axi_aclk bd_i/layer_0/inst/u_core/u_attn/o_g4_reg[2][16]/D
FV_FAIL -0.235 xdma_0_axi_aclk bd_i/layer_0/inst/u_core/u_dn/p_1_out__3__10/DSP_A_B_DATA_INST/B[8]
FV_FAIL -0.235 xdma_0_axi_aclk bd_i/layer_0/inst/u_core/krow_reg[457]/CE
FV_FAIL -0.235 xdma_0_axi_aclk bd_i/layer_0/inst/u_core/krow_reg[459]/CE
FV_FAIL -0.235 xdma_0_axi_aclk bd_i/layer_0/inst/u_core/u_dn/p_1_out__25__4/DSP_A_B_DATA_INST/B[2]
FV_FAIL -0.234 xdma_0_axi_aclk bd_i/layer_0/inst/u_core/u_dn/p_0_out__12__7/DSP_A_B_DATA_INST/B[2]
FV_FAIL -0.234 xdma_0_axi_aclk bd_i/layer_0/inst/u_core/g_kvslot[1].mem_reg_uram_43/CAS_IN_DIN_B[40]
FV_FAIL -0.234 xdma_0_axi_aclk bd_i/axil_slice_4/inst/w.w_pipe/m_payload_i_reg[31]/D
FV_FAIL -0.234 xdma_0_axi_aclk bd_i/layer_0/inst/u_core/at_qdata_reg[15]_replica_9/D
FV_FAIL -0.233 xdma_0_axi_aclk bd_i/axi_smc/inst/s02_nodes/s02_w_node/inst/inst_mi_handler/gen_normal_area.inst_fifo_node_payld/gen_xpm_memory_fifo.inst_fifo/gen_mem_rep[0].inst_xpm_memory/xpm_memory_base_inst/gen_rd_b.gen_rd_b_synth_template.gen_rf_narrow_reg.doutb_reg_reg[190]/CE
FV_FAIL -0.233 xdma_0_axi_aclk bd_i/axi_smc/inst/s02_nodes/s02_w_node/inst/inst_mi_handler/gen_normal_area.inst_fifo_node_payld/gen_xpm_memory_fifo.inst_fifo/gen_mem_rep[0].inst_xpm_memory/xpm_memory_base_inst/gen_rd_b.gen_rd_b_synth_template.gen_rf_narrow_reg.doutb_reg_reg[192]/CE
FV_FAIL -0.233 xdma_0_axi_aclk bd_i/axi_smc/inst/s02_nodes/s02_w_node/inst/inst_mi_handler/gen_normal_area.inst_fifo_node_payld/gen_xpm_memory_fifo.inst_fifo/gen_mem_rep[0].inst_xpm_memory/xpm_memory_base_inst/gen_rd_b.gen_rd_b_synth_template.gen_rf_narrow_reg.doutb_reg_reg[194]/CE
FV_FAIL -0.233 xdma_0_axi_aclk bd_i/layer_0/inst/u_core/u_dn/p_1_out__12__2/DSP_A_B_DATA_INST/A[15]
FV_FAIL -0.233 xdma_0_axi_aclk bd_i/layer_0/inst/u_core/u_dn/g_lane[91].kvm_acc_reg[91]/DSP_A_B_DATA_INST/B[5]
FV_FAIL -0.233 xdma_0_axi_aclk bd_i/layer_0/inst/u_core/u_dn/g_lane[94].p2_p_reg[94]/DSP_A_B_DATA_INST/B[14]
FV_FAIL -0.232 xdma_0_axi_aclk bd_i/layer_0/inst/u_core/u_attn/o_g4_reg[2][15]/D
FV_FAIL -0.232 xdma_0_axi_aclk bd_i/axi_smc/inst/s02_nodes/s02_w_node/inst/inst_mi_handler/gen_normal_area.inst_fifo_node_payld/gen_xpm_memory_fifo.inst_fifo/gen_mem_rep[0].inst_xpm_memory/xpm_memory_base_inst/gen_rd_b.gen_rd_b_synth_template.gen_rf_narrow_reg.doutb_reg_reg[191]/CE
FV_FAIL -0.232 xdma_0_axi_aclk bd_i/axi_smc/inst/s02_nodes/s02_w_node/inst/inst_mi_handler/gen_normal_area.inst_fifo_node_payld/gen_xpm_memory_fifo.inst_fifo/gen_mem_rep[0].inst_xpm_memory/xpm_memory_base_inst/gen_rd_b.gen_rd_b_synth_template.gen_rf_narrow_reg.doutb_reg_reg[193]/CE
FV_FAIL -0.232 xdma_0_axi_aclk bd_i/axi_smc/inst/s02_nodes/s02_w_node/inst/inst_mi_handler/gen_normal_area.inst_fifo_node_payld/gen_xpm_memory_fifo.inst_fifo/gen_mem_rep[0].inst_xpm_memory/xpm_memory_base_inst/gen_rd_b.gen_rd_b_synth_template.gen_rf_narrow_reg.doutb_reg_reg[195]/CE
FV_FAIL -0.232 xdma_0_axi_aclk bd_i/layer_0/inst/u_core/u_dma/fmem_reg_0_255_215_215/DP.D/I
FV_FAIL -0.232 xdma_0_axi_aclk bd_i/layer_0/inst/u_core/u_dn/p_1_out__2__10/DSP_PREADD_DATA_INST/DIN[13]
FV_FAIL -0.232 xdma_0_axi_aclk bd_i/layer_0/inst/u_core/u_attn/o_g4_reg[2][1]/D
FV_FAIL -0.232 xdma_0_axi_aclk bd_i/layer_0/inst/u_core/u_attn/o_g4_reg[2][11]/D
FV_FAIL -0.232 xdma_0_axi_aclk bd_i/layer_0/inst/u_core/u_alu/r_res_reg[1]/D
FV_FAIL -0.232 xdma_0_axi_aclk bd_i/layer_0/inst/u_core/u_attn/o_g4_reg[0][4]/D
FV_FAIL -0.232 xdma_0_axi_aclk bd_i/layer_0/inst/u_core/u_dn/g_lane[96].kvm_acc_reg[96]/DSP_A_B_DATA_INST/B[7]
FV_FAIL -0.232 xdma_0_axi_aclk bd_i/layer_0/inst/u_core/u_dma/fmem_reg_0_255_44_44/DP.A/I
FV_FAIL -0.232 xdma_0_axi_aclk bd_i/layer_0/inst/u_core/u_attn/g_lane[34].prod_reg[34]/DSP_A_B_DATA_INST/CEA2
FV_FAIL -0.232 xdma_0_axi_aclk bd_i/layer_0/inst/u_core/vn_sdata_reg[1]/D
FV_FAIL -0.231 xdma_0_axi_aclk bd_i/layer_0/inst/u_core/g_kvslot[1].mem_reg_uram_43/CAS_IN_DIN_B[24]
FV_FAIL -0.231 xdma_0_axi_aclk bd_i/layer_0/inst/u_core/u_attn/g_lane[92].pv_p_reg[92]/DSP_A_B_DATA_INST/A[25]
FV_FAIL -0.231 xdma_0_axi_aclk bd_i/axil_slice_4/inst/aw.aw_pipe/m_payload_i_reg[3]/D
FV_FAIL -0.231 xdma_0_axi_aclk bd_i/layer_0/inst/u_core/g_dnslot[1].mem_reg_uram_20/ADDR_A[11]
FV_FAIL -0.231 xdma_0_axi_aclk bd_i/layer_0/inst/u_core/u_alu/pre_lo_reg[0]/D
FV_FAIL -0.230 xdma_0_axi_aclk bd_i/layer_0/inst/u_core/u_dn/p_1_out__24__1/DSP_A_B_DATA_INST/B[1]
FV_FAIL -0.230 xdma_0_axi_aclk bd_i/layer_0/inst/u_core/u_attn/g_lane[79].pv_p_reg[79]/DSP_A_B_DATA_INST/A[20]
FV_FAIL -0.230 xdma_0_axi_aclk bd_i/layer_0/inst/u_core/tmp64_reg[33]/D
FV_FAIL -0.230 xdma_0_axi_aclk bd_i/layer_0/inst/u_core/krow_reg[5]/CE
FV_FAIL -0.230 xdma_0_axi_aclk bd_i/layer_0/inst/u_core/krow_reg[7]/CE
FV_FAIL -0.229 xdma_0_axi_aclk bd_i/axi_smc/inst/s02_nodes/s02_w_node/inst/inst_mi_handler/gen_normal_area.inst_fifo_node_payld/gen_xpm_memory_fifo.inst_fifo/gen_mem_rep[0].inst_xpm_memory/xpm_memory_base_inst/gen_rd_b.gen_rd_b_synth_template.gen_rf_narrow_reg.doutb_reg_reg[183]/CE
FV_FAIL -0.229 xdma_0_axi_aclk bd_i/axi_smc/inst/s02_nodes/s02_w_node/inst/inst_mi_handler/gen_normal_area.inst_fifo_node_payld/gen_xpm_memory_fifo.inst_fifo/gen_mem_rep[0].inst_xpm_memory/xpm_memory_base_inst/gen_rd_b.gen_rd_b_synth_template.gen_rf_narrow_reg.doutb_reg_reg[185]/CE
FV_FAIL -0.229 xdma_0_axi_aclk bd_i/axi_smc/inst/s02_nodes/s02_w_node/inst/inst_mi_handler/gen_normal_area.inst_fifo_node_payld/gen_xpm_memory_fifo.inst_fifo/gen_mem_rep[0].inst_xpm_memory/xpm_memory_base_inst/gen_rd_b.gen_rd_b_synth_template.gen_rf_narrow_reg.doutb_reg_reg[187]/CE
FV_FAIL -0.229 xdma_0_axi_aclk bd_i/axi_smc/inst/s02_nodes/s02_w_node/inst/inst_mi_handler/gen_normal_area.inst_fifo_node_payld/gen_xpm_memory_fifo.inst_fifo/gen_mem_rep[0].inst_xpm_memory/xpm_memory_base_inst/gen_rd_b.gen_rd_b_synth_template.gen_rf_narrow_reg.doutb_reg_reg[189]/CE
FV_FAIL -0.229 xdma_0_axi_aclk bd_i/layer_0/inst/u_core/u_alu/mx32_reg[18]/R
FV_FAIL -0.229 xdma_0_axi_aclk bd_i/layer_0/inst/u_core/u_alu/mx32_reg[19]/R
FV_FAIL -0.229 xdma_0_axi_aclk bd_i/layer_0/inst/u_core/u_alu/mx32_reg[21]/R
FV_FAIL -0.229 xdma_0_axi_aclk bd_i/layer_0/inst/u_core/u_alu/mx32_reg[22]/R
FV_FAIL -0.229 xdma_0_axi_aclk bd_i/layer_0/inst/u_core/at_qdata_reg[13]_rep__7_replica_1/D
FV_FAIL -0.229 xdma_0_axi_aclk bd_i/layer_0/inst/u_core/u_attn/g_lane[45].prod_reg[45]/DSP_A_B_DATA_INST/B[5]
FV_FAIL -0.228 xdma_0_axi_aclk bd_i/axi_smc/inst/s02_nodes/s02_w_node/inst/inst_mi_handler/gen_normal_area.inst_fifo_node_payld/gen_xpm_memory_fifo.inst_fifo/gen_mem_rep[0].inst_xpm_memory/xpm_memory_base_inst/gen_rd_b.gen_rd_b_synth_template.gen_rf_narrow_reg.doutb_reg_reg[182]/CE
FV_FAIL -0.228 xdma_0_axi_aclk bd_i/axi_smc/inst/s02_nodes/s02_w_node/inst/inst_mi_handler/gen_normal_area.inst_fifo_node_payld/gen_xpm_memory_fifo.inst_fifo/gen_mem_rep[0].inst_xpm_memory/xpm_memory_base_inst/gen_rd_b.gen_rd_b_synth_template.gen_rf_narrow_reg.doutb_reg_reg[184]/CE
FV_FAIL -0.228 xdma_0_axi_aclk bd_i/axi_smc/inst/s02_nodes/s02_w_node/inst/inst_mi_handler/gen_normal_area.inst_fifo_node_payld/gen_xpm_memory_fifo.inst_fifo/gen_mem_rep[0].inst_xpm_memory/xpm_memory_base_inst/gen_rd_b.gen_rd_b_synth_template.gen_rf_narrow_reg.doutb_reg_reg[186]/CE
FV_FAIL -0.228 xdma_0_axi_aclk bd_i/axi_smc/inst/s02_nodes/s02_w_node/inst/inst_mi_handler/gen_normal_area.inst_fifo_node_payld/gen_xpm_memory_fifo.inst_fifo/gen_mem_rep[0].inst_xpm_memory/xpm_memory_base_inst/gen_rd_b.gen_rd_b_synth_template.gen_rf_narrow_reg.doutb_reg_reg[188]/CE
FV_FAIL -0.228 xdma_0_axi_aclk bd_i/layer_0/inst/u_core/u_alu/cp_a16_reg[11]/D
FV_FAIL -0.228 xdma_0_axi_aclk bd_i/layer_0/inst/u_core/u_dn/g_lane[75].p2_p_reg[75]/DSP_A_B_DATA_INST/B[8]
FV_FAIL -0.228 xdma_0_axi_aclk bd_i/layer_0/inst/u_core/u_attn/g_lane[79].pv_p_reg[79]/DSP_A_B_DATA_INST/A[21]
FV_FAIL -0.228 xdma_0_axi_aclk bd_i/layer_0/inst/u_core/krow_reg[4]/CE
FV_FAIL -0.228 xdma_0_axi_aclk bd_i/layer_0/inst/u_core/krow_reg[6]/CE
FV_FAIL -0.228 xdma_0_axi_aclk bd_i/layer_0/inst/u_core/u_dn/g_lane[125].o_acc_reg[125]/DSP_A_B_DATA_INST/B[13]
FV_FAIL -0.227 xdma_0_axi_aclk bd_i/layer_0/inst/u_core/at_qdata_reg[13]_rep/D
FV_FAIL -0.227 xdma_0_axi_aclk bd_i/axi_smc/inst/s00_entry_pipeline/s00_mmu/inst/r_sreg/m_vector_i_reg[1153]/CE
FV_FAIL -0.227 xdma_0_axi_aclk bd_i/axi_smc/inst/s00_entry_pipeline/s00_mmu/inst/r_sreg/m_vector_i_reg[1268]/CE
FV_FAIL -0.227 xdma_0_axi_aclk bd_i/layer_0/inst/u_core/u_dma/fmem_reg_0_255_179_179/DP.C/I
FV_FAIL -0.227 xdma_0_axi_aclk bd_i/layer_0/inst/u_core/u_dn/p_0_out__17__4/DSP_A_B_DATA_INST/B[5]
FV_FAIL -0.227 xdma_0_axi_aclk bd_i/layer_0/inst/u_core/at_qdata_reg[0]/D
FV_FAIL -0.226 xdma_0_axi_aclk bd_i/layer_0/inst/u_core/u_attn/mul_p00__0/DSP_A_B_DATA_INST/A[0]
FV_FAIL -0.226 xdma_0_axi_aclk bd_i/layer_0/inst/u_core/u_attn/vadd_q_reg[0]/CE
FV_FAIL -0.226 xdma_0_axi_aclk bd_i/layer_0/inst/u_core/u_attn/vadd_q_reg[4]/CE
FV_FAIL -0.226 xdma_0_axi_aclk bd_i/axi_smc/inst/s02_nodes/s02_b_node/inst/inst_mi_handler/gen_normal_area.gen_node_prog_full.inst_node_prog_full/gen_xpm_memory_fifo.inst_fifo/gen_wr.afull_r_reg/D
FV_FAIL -0.226 xdma_0_axi_aclk bd_i/layer_0/inst/u_core/krow_reg[593]/R
FV_FAIL -0.226 xdma_0_axi_aclk bd_i/layer_0/inst/u_core/krow_reg[595]/R
FV_FAIL -0.226 xdma_0_axi_aclk bd_i/layer_0/inst/u_core/krow_reg[596]/R
FV_FAIL -0.226 xdma_0_axi_aclk bd_i/layer_0/inst/u_core/krow_reg[597]/R
FV_FAIL -0.226 xdma_0_axi_aclk bd_i/layer_0/inst/u_core/krow_reg[598]/R
FV_FAIL -0.226 xdma_0_axi_aclk bd_i/layer_0/inst/u_core/u_dn/g_lane[40].dm_p_reg[40]/DSP_A_B_DATA_INST/A[5]
FV_FAIL -0.225 xdma_0_axi_aclk bd_i/layer_0/inst/u_core/u_attn/vadd_q_reg[12]/CE
FV_FAIL -0.225 xdma_0_axi_aclk bd_i/layer_0/inst/u_core/u_dn/g_lane[21].p2_p_reg[21]/DSP_A_B_DATA_INST/B[1]
FV_FAIL -0.224 xdma_0_axi_aclk bd_i/layer_0/inst/u_core/tmp64_reg[40]/D
FV_FAIL -0.224 xdma_0_axi_aclk bd_i/layer_0/inst/u_core/u_dn/p_0_out__8__8/DSP_PREADD_DATA_INST/DIN[9]
FV_FAIL -0.224 xdma_0_axi_aclk bd_i/layer_0/inst/u_core/gt_wdata_reg[0]/D
FV_FAIL -0.224 xdma_0_axi_aclk bd_i/layer_0/inst/u_core/u_attn/o_g4_reg[2][8]/D
FV_FAIL -0.224 xdma_0_axi_aclk bd_i/layer_0/inst/u_core/tmp16_reg[0]/D
FV_FAIL -0.224 xdma_0_axi_aclk bd_i/layer_0/inst/u_core/u_attn/o_g4_reg[0][1]/D
FV_FAIL -0.224 xdma_0_axi_aclk bd_i/layer_0/inst/u_core/at_qdata_reg[0]_rep__2/D
FV_FAIL -0.224 xdma_0_axi_aclk bd_i/layer_0/inst/u_core/u_dn/g_lane[75].o_acc_reg[75]/DSP_A_B_DATA_INST/B[1]
FV_FAIL -0.223 xdma_0_axi_aclk bd_i/layer_0/inst/u_core/u_attn/oi_reg[2]_rep__2/CE
FV_FAIL -0.223 xdma_0_axi_aclk bd_i/layer_0/inst/u_core/u_attn/oi_reg[2]_rep__5/CE
FV_FAIL -0.223 xdma_0_axi_aclk bd_i/layer_0/inst/u_core/u_attn/g_lane[0].prod_reg[0]/DSP_A_B_DATA_INST/B[5]
FV_FAIL -0.223 xdma_0_axi_aclk bd_i/layer_0/inst/u_core/u_dn/p_0_out__7__4/DSP_A_B_DATA_INST/B[9]
FV_FAIL -0.223 xdma_0_axi_aclk bd_i/layer_0/inst/u_core/u_attn/g_lane[92].prod_reg[92]/DSP_A_B_DATA_INST/B[11]
FV_FAIL -0.223 xdma_0_axi_aclk bd_i/layer_0/inst/u_core/u_topk/sel_reg[45]/D
FV_FAIL -0.223 xdma_0_axi_aclk bd_i/layer_0/inst/u_core/u_attn/o_g4_reg[1][1]/D
FV_FAIL -0.223 xdma_0_axi_aclk bd_i/layer_0/inst/u_core/kv_wrow_reg[585]/CE
FV_FAIL -0.223 xdma_0_axi_aclk bd_i/layer_0/inst/u_core/kv_wrow_reg[590]/CE
FV_FAIL -0.222 xdma_0_axi_aclk bd_i/layer_0/inst/u_core/u_dn/p_1_out__6__7/DSP_A_B_DATA_INST/A[29]
FV_FAIL -0.222 xdma_0_axi_aclk bd_i/axi_smc/inst/s02_nodes/s02_w_node/inst/inst_mi_handler/gen_normal_area.inst_fifo_node_payld/gen_xpm_memory_fifo.inst_fifo/gen_mem_rep[0].inst_xpm_memory/xpm_memory_base_inst/gen_rd_b.gen_rd_b_synth_template.gen_rf_narrow_reg.doutb_reg_reg[162]/CE
FV_FAIL -0.222 xdma_0_axi_aclk bd_i/axi_smc/inst/s02_nodes/s02_w_node/inst/inst_mi_handler/gen_normal_area.inst_fifo_node_payld/gen_xpm_memory_fifo.inst_fifo/gen_mem_rep[0].inst_xpm_memory/xpm_memory_base_inst/gen_rd_b.gen_rd_b_synth_template.gen_rf_narrow_reg.doutb_reg_reg[164]/CE
FV_FAIL -0.222 xdma_0_axi_aclk bd_i/axi_smc/inst/s02_nodes/s02_w_node/inst/inst_mi_handler/gen_normal_area.inst_fifo_node_payld/gen_xpm_memory_fifo.inst_fifo/gen_mem_rep[0].inst_xpm_memory/xpm_memory_base_inst/gen_rd_b.gen_rd_b_synth_template.gen_rf_narrow_reg.doutb_reg_reg[166]/CE
FV_FAIL -0.222 xdma_0_axi_aclk bd_i/layer_0/inst/u_core/u_alu/ps_rnd_reg[12]/D
FV_FAIL -0.222 xdma_0_axi_aclk bd_i/layer_0/inst/u_core/u_dn/p_1_out__8__10/DSP_PREADD_DATA_INST/DIN[10]
FV_FAIL -0.222 xdma_0_axi_aclk bd_i/layer_0/inst/u_core/u_dma/fmem_reg_0_255_53_53/SP.A/I
FV_FAIL -0.222 xdma_0_axi_aclk bd_i/layer_0/inst/u_core/u_dma/fmem_reg_0_255_44_44/DP.D/I
FV_FAIL -0.222 xdma_0_axi_aclk bd_i/layer_0/inst/u_core/u_attn/g_lane[145].prod_reg[145]/DSP_A_B_DATA_INST/CEA2
FV_FAIL -0.221 xdma_0_axi_aclk bd_i/layer_0/inst/u_core/u_attn/g_lane[119].prod_reg[119]/DSP_A_B_DATA_INST/B[15]
FV_FAIL -0.221 xdma_0_axi_aclk bd_i/layer_0/inst/u_core/u_attn/g_lane[30].pv_p_reg[30]/DSP_A_B_DATA_INST/A[6]
FV_FAIL -0.220 xdma_0_axi_aclk bd_i/layer_0/inst/u_core/u_dn/g_lane[59].dec_p_reg[59]/DSP_A_B_DATA_INST/A[28]
FV_FAIL -0.220 xdma_0_axi_aclk bd_i/layer_0/inst/u_core/u_dn/p_0_out__5__8/DSP_A_B_DATA_INST/B[2]
FV_FAIL -0.220 xdma_0_axi_aclk bd_i/layer_0/inst/u_core/u_dn/p_1_out__9__2/DSP_A_B_DATA_INST/B[1]
FV_FAIL -0.220 xdma_0_axi_aclk bd_i/axi_smc/inst/s02_nodes/s02_w_node/inst/inst_mi_handler/gen_normal_area.inst_fifo_node_payld/gen_xpm_memory_fifo.inst_fifo/gen_mem_rep[0].inst_xpm_memory/xpm_memory_base_inst/gen_rd_b.gen_rd_b_synth_template.gen_rf_narrow_reg.doutb_reg_reg[163]/CE
FV_FAIL -0.220 xdma_0_axi_aclk bd_i/axi_smc/inst/s02_nodes/s02_w_node/inst/inst_mi_handler/gen_normal_area.inst_fifo_node_payld/gen_xpm_memory_fifo.inst_fifo/gen_mem_rep[0].inst_xpm_memory/xpm_memory_base_inst/gen_rd_b.gen_rd_b_synth_template.gen_rf_narrow_reg.doutb_reg_reg[165]/CE
FV_FAIL -0.220 xdma_0_axi_aclk bd_i/axi_smc/inst/s02_nodes/s02_w_node/inst/inst_mi_handler/gen_normal_area.inst_fifo_node_payld/gen_xpm_memory_fifo.inst_fifo/gen_mem_rep[0].inst_xpm_memory/xpm_memory_base_inst/gen_rd_b.gen_rd_b_synth_template.gen_rf_narrow_reg.doutb_reg_reg[167]/CE
FV_FAIL -0.220 xdma_0_axi_aclk bd_i/layer_0/inst/u_core/g_kvslot[1].mem_reg_uram_43/CAS_IN_DIN_B[56]
FV_FAIL -0.220 xdma_0_axi_aclk bd_i/layer_0/inst/u_core/u_dn/p_1_out__24__3/DSP_PREADD_DATA_INST/DIN[2]
FV_FAIL -0.220 xdma_0_axi_aclk bd_i/layer_0/inst/u_core/u_attn/g_lane[40].prod_reg[40]/DSP_A_B_DATA_INST/B[0]
FV_FAIL -0.220 xdma_0_axi_aclk bd_i/layer_0/inst/u_core/at_qdata_reg[6]_rep__2/D
FV_FAIL -0.220 xdma_0_axi_aclk bd_i/layer_0/inst/u_core/u_attn/g_lane[183].pv_p_reg[183]_i_1_psdsp/D
FV_FAIL -0.220 xdma_0_axi_aclk bd_i/layer_0/inst/u_core/u_attn/g_lane[12].pv_p_reg[12]/DSP_A_B_DATA_INST/A[2]
FV_FAIL -0.220 xdma_0_axi_aclk bd_i/layer_0/inst/u_core/u_attn/oi_reg[2]_rep__3/CE
FV_FAIL -0.219 xdma_0_axi_aclk bd_i/layer_0/inst/u_core/cs_wd_reg[39]/D
FV_FAIL -0.219 xdma_0_axi_aclk bd_i/layer_0/inst/u_core/u_alu/fdat_reg_0_3_0_13_i_3_replica_psdsp/D
FV_FAIL -0.219 xdma_0_axi_aclk bd_i/layer_0/inst/u_core/u_attn/g_lane[68].pv_p_reg[68]/DSP_A_B_DATA_INST/A[1]
FV_FAIL -0.219 xdma_0_axi_aclk bd_i/layer_0/inst/u_core/u_attn/g_lane[189].prod_reg[189]/DSP_A_B_DATA_INST/CEA2
FV_FAIL -0.219 xdma_0_axi_aclk bd_i/axi_smc/inst/s02_nodes/s02_w_node/inst/inst_mi_handler/gen_normal_area.inst_fifo_node_payld/gen_xpm_memory_fifo.inst_fifo/gen_mem_rep[0].inst_xpm_memory/xpm_memory_base_inst/gen_rd_b.gen_rd_b_synth_template.gen_rf_narrow_reg.doutb_reg_reg[155]/CE
FV_FAIL -0.219 xdma_0_axi_aclk bd_i/axi_smc/inst/s02_nodes/s02_w_node/inst/inst_mi_handler/gen_normal_area.inst_fifo_node_payld/gen_xpm_memory_fifo.inst_fifo/gen_mem_rep[0].inst_xpm_memory/xpm_memory_base_inst/gen_rd_b.gen_rd_b_synth_template.gen_rf_narrow_reg.doutb_reg_reg[157]/CE
FV_FAIL -0.219 xdma_0_axi_aclk bd_i/axi_smc/inst/s02_nodes/s02_w_node/inst/inst_mi_handler/gen_normal_area.inst_fifo_node_payld/gen_xpm_memory_fifo.inst_fifo/gen_mem_rep[0].inst_xpm_memory/xpm_memory_base_inst/gen_rd_b.gen_rd_b_synth_template.gen_rf_narrow_reg.doutb_reg_reg[159]/CE
FV_FAIL -0.219 xdma_0_axi_aclk bd_i/axi_smc/inst/s02_nodes/s02_w_node/inst/inst_mi_handler/gen_normal_area.inst_fifo_node_payld/gen_xpm_memory_fifo.inst_fifo/gen_mem_rep[0].inst_xpm_memory/xpm_memory_base_inst/gen_rd_b.gen_rd_b_synth_template.gen_rf_narrow_reg.doutb_reg_reg[161]/CE
FV_FAIL -0.219 xdma_0_axi_aclk bd_i/layer_0/inst/u_core/u_attn/g_lane[6].prod_reg[6]/DSP_A_B_DATA_INST/CEA2
FV_FAIL -0.219 xdma_0_axi_aclk bd_i/layer_0/inst/u_core/u_alu/pre_lo_reg[11]/D
FV_FAIL -0.219 xdma_0_axi_aclk bd_i/layer_0/inst/u_core/u_attn/g_lane[86].prod_reg[86]/DSP_A_B_DATA_INST/B[2]
FV_FAIL -0.219 xdma_0_axi_aclk bd_i/layer_0/inst/u_core/rp_sdata_reg[7]/D
FV_FAIL -0.219 xdma_0_axi_aclk bd_i/layer_0/inst/u_core/u_attn/g_lane[94].prod_reg[94]/DSP_A_B_DATA_INST/B[0]
FV_FAIL -0.218 xdma_0_axi_aclk bd_i/layer_0/inst/u_core/u_alu/ps_rnd_reg[1]/D
FV_FAIL -0.218 xdma_0_axi_aclk bd_i/layer_0/inst/u_core/at_qdata_reg[12]_rep__5/D
FV_FAIL -0.218 xdma_0_axi_aclk bd_i/axi_smc/inst/s02_nodes/s02_w_node/inst/inst_mi_handler/gen_normal_area.inst_fifo_node_payld/gen_xpm_memory_fifo.inst_fifo/gen_mem_rep[0].inst_xpm_memory/xpm_memory_base_inst/gen_rd_b.gen_rd_b_synth_template.gen_rf_narrow_reg.doutb_reg_reg[154]/CE
FV_FAIL -0.218 xdma_0_axi_aclk bd_i/axi_smc/inst/s02_nodes/s02_w_node/inst/inst_mi_handler/gen_normal_area.inst_fifo_node_payld/gen_xpm_memory_fifo.inst_fifo/gen_mem_rep[0].inst_xpm_memory/xpm_memory_base_inst/gen_rd_b.gen_rd_b_synth_template.gen_rf_narrow_reg.doutb_reg_reg[156]/CE
FV_FAIL -0.218 xdma_0_axi_aclk bd_i/axi_smc/inst/s02_nodes/s02_w_node/inst/inst_mi_handler/gen_normal_area.inst_fifo_node_payld/gen_xpm_memory_fifo.inst_fifo/gen_mem_rep[0].inst_xpm_memory/xpm_memory_base_inst/gen_rd_b.gen_rd_b_synth_template.gen_rf_narrow_reg.doutb_reg_reg[158]/CE
FV_FAIL -0.218 xdma_0_axi_aclk bd_i/axi_smc/inst/s02_nodes/s02_w_node/inst/inst_mi_handler/gen_normal_area.inst_fifo_node_payld/gen_xpm_memory_fifo.inst_fifo/gen_mem_rep[0].inst_xpm_memory/xpm_memory_base_inst/gen_rd_b.gen_rd_b_synth_template.gen_rf_narrow_reg.doutb_reg_reg[160]/CE
FV_FAIL -0.218 xdma_0_axi_aclk bd_i/layer_0/inst/u_core/u_alu/ps_rnd_reg[0]/D
FV_FAIL -0.218 xdma_0_axi_aclk bd_i/layer_0/inst/u_core/u_dn/p_0_out__15__3/DSP_PREADD_DATA_INST/DIN[11]
FV_FAIL -0.218 xdma_0_axi_aclk bd_i/layer_0/inst/u_core/u_alu/ps_rnd_reg[8]/D
FV_FAIL -0.218 xdma_0_axi_aclk bd_i/layer_0/inst/u_core/u_attn/g_lane[79].pv_p_reg[79]/DSP_A_B_DATA_INST/A[18]
FV_FAIL -0.218 xdma_0_axi_aclk bd_i/layer_0/inst/u_core/u_dma/fmem_reg_0_255_368_368/DP.D/I
FV_FAIL -0.217 xdma_0_axi_aclk bd_i/layer_0/inst/u_core/u_axib/fdat_reg_0_3_0_13/RAMC_D1/I
FV_FAIL -0.217 xdma_0_axi_aclk bd_i/axi_smc/inst/s00_entry_pipeline/s00_mmu/inst/r_sreg/m_vector_i_reg[1137]/CE
FV_FAIL -0.217 xdma_0_axi_aclk bd_i/axi_smc/inst/s00_entry_pipeline/s00_mmu/inst/r_sreg/m_vector_i_reg[1139]/CE
FV_FAIL -0.217 xdma_0_axi_aclk bd_i/axi_smc/inst/s00_entry_pipeline/s00_mmu/inst/r_sreg/m_vector_i_reg[1141]/CE
FV_FAIL -0.217 xdma_0_axi_aclk bd_i/axi_smc/inst/s00_entry_pipeline/s00_mmu/inst/r_sreg/m_vector_i_reg[1142]/CE
FV_FAIL -0.217 xdma_0_axi_aclk bd_i/layer_0/inst/u_core/u_attn/g_lane[103].prod_reg[103]/DSP_A_B_DATA_INST/B[3]
FV_FAIL -0.217 xdma_0_axi_aclk bd_i/layer_0/inst/u_core/rp_sdata_reg[3]/D
FV_FAIL -0.217 xdma_0_axi_aclk bd_i/layer_0/inst/u_core/u_attn/g_lane[89].pv_p_reg[89]/DSP_A_B_DATA_INST/A[7]
FV_FAIL -0.217 xdma_0_axi_aclk bd_i/layer_0/inst/u_core/u_dma/fmem_reg_0_255_206_206/SP.A/I
FV_FAIL -0.217 xdma_0_axi_aclk bd_i/layer_0/inst/u_core/u_attn/g_lane[89].pv_p_reg[89]/DSP_A_B_DATA_INST/A[24]
FV_FAIL -0.217 xdma_0_axi_aclk bd_i/layer_0/inst/u_core/u_alu/ps_rnd_reg[5]/D
FV_FAIL -0.216 xdma_0_axi_aclk bd_i/layer_0/inst/u_core/u_dn/p_1_out__12__2/DSP_A_B_DATA_INST/A[16]
FV_FAIL -0.216 xdma_0_axi_aclk bd_i/layer_0/inst/u_core/u_dn/p_0_out__13__2/DSP_A_B_DATA_INST/B[14]
FV_FAIL -0.216 xdma_0_axi_aclk bd_i/layer_0/inst/u_core/u_attn/g_lane[86].prod_reg[86]/DSP_A_B_DATA_INST/B[14]
FV_FAIL -0.216 xdma_0_axi_aclk bd_i/layer_0/inst/u_core/u_dma/fmem_reg_0_255_159_159/DP.D/I
FV_FAIL -0.216 xdma_0_axi_aclk bd_i/layer_0/inst/u_core/u_attn/o_g4_reg[2][2]/D
FV_FAIL -0.216 xdma_0_axi_aclk bd_i/layer_0/inst/u_core/tmp64_reg[36]/D
FV_FAIL -0.216 xdma_0_axi_aclk bd_i/layer_0/inst/u_core/u_dn/g_lane[59].kvm_acc_reg[59]_i_7_psdsp/D
FV_FAIL -0.215 xdma_0_axi_aclk bd_i/layer_0/inst/u_core/u_dn/g_lane[69].dm_p_reg[69]/DSP_A_B_DATA_INST/A[28]
FV_FAIL -0.215 xdma_0_axi_aclk bd_i/layer_0/inst/u_core/u_dn/p_0_out__3__15/DSP_A_B_DATA_INST/B[2]
FV_FAIL -0.215 xdma_0_axi_aclk bd_i/layer_0/inst/u_core/u_dn/g_lane[118].kvm_acc_reg[118]_i_2_psdsp_1/D
FV_FAIL -0.215 xdma_0_axi_aclk bd_i/layer_0/inst/u_core/u_alu/ps_rnd_reg[18]/D
FV_FAIL -0.215 xdma_0_axi_aclk bd_i/layer_0/inst/u_core/u_attn/g_lane[191].pv_p_reg[191]_i_3_psdsp_1/D
FV_FAIL -0.215 xdma_0_axi_aclk bd_i/layer_0/inst/u_core/u_attn/g_lane[0].prod_reg[0]/DSP_A_B_DATA_INST/B[4]
FV_FAIL -0.215 xdma_0_axi_aclk bd_i/layer_0/inst/u_core/u_dn/p_1_out__25__4/DSP_A_B_DATA_INST/B[5]
FV_FAIL -0.215 xdma_0_axi_aclk bd_i/layer_0/inst/u_core/u_attn/g_lane[40].prod_reg[40]/DSP_A_B_DATA_INST/B[4]
FV_FAIL -0.215 xdma_0_axi_aclk bd_i/layer_0/inst/u_core/u_dn/g_lane[46].sf_row_reg[46][2]/R
FV_FAIL -0.215 xdma_0_axi_aclk bd_i/layer_0/inst/u_core/u_dn/g_lane[46].sf_row_reg[46][3]/R
FV_FAIL -0.214 xdma_0_axi_aclk bd_i/layer_0/inst/u_core/g_kvslot[1].mem_reg_uram_7/CAS_IN_DIN_B[59]
FV_FAIL -0.214 xdma_0_axi_aclk bd_i/layer_0/inst/u_core/u_dn/p_0_out__3__9/DSP_A_B_DATA_INST/B[8]
FV_FAIL -0.214 xdma_0_axi_aclk bd_i/layer_0/inst/u_core/g_kvslot[1].mem_reg_uram_43/CAS_IN_BWE_B[7]
FV_FAIL -0.213 xdma_0_axi_aclk bd_i/layer_0/inst/u_core/u_dn/p_0_out__11__8/DSP_PREADD_DATA_INST/DIN[18]
FV_FAIL -0.213 xdma_0_axi_aclk bd_i/layer_0/inst/u_core/u_axib/fdat_reg_0_3_0_13/RAMB_D1/I
FV_FAIL -0.213 xdma_0_axi_aclk bd_i/layer_0/inst/u_core/u_alu/cp_b16_reg[3]/D
FV_FAIL -0.213 xdma_0_axi_aclk bd_i/layer_0/inst/u_core/u_alu/ps_rnd_reg[19]/D
FV_FAIL -0.213 xdma_0_axi_aclk bd_i/layer_0/inst/u_core/u_attn/g_lane[191].pv_p_reg[191]_i_3_psdsp/D
FV_FAIL -0.213 xdma_0_axi_aclk bd_i/layer_0/inst/u_core/u_dn/p_1_out__12__2/DSP_A_B_DATA_INST/A[18]
FV_FAIL -0.213 xdma_0_axi_aclk bd_i/layer_0/inst/u_core/u_dma/fmem_reg_0_255_460_460/SP.A/I
FV_FAIL -0.213 xdma_0_axi_aclk bd_i/layer_0/inst/u_core/u_dn/p_0_out__17__4/DSP_A_B_DATA_INST/B[2]
FV_FAIL -0.213 xdma_0_axi_aclk bd_i/layer_0/inst/u_core/f_skd_reg[0]/D
FV_FAIL -0.213 xdma_0_axi_aclk bd_i/layer_0/inst/u_core/u_topk/ent_reg[21][36]/CE
FV_FAIL -0.213 xdma_0_axi_aclk bd_i/layer_0/inst/u_core/u_topk/ent_reg[21][50]/CE
FV_FAIL -0.213 xdma_0_axi_aclk bd_i/layer_0/inst/u_core/u_alu/fdat_reg_0_3_0_13_i_7_replica_psdsp/D
FV_FAIL -0.213 xdma_0_axi_aclk bd_i/layer_0/inst/u_core/u_dn/g_lane[61].dec_p_reg[61]/DSP_A_B_DATA_INST/A[2]
FV_FAIL -0.213 xdma_0_axi_aclk bd_i/layer_0/inst/u_core/u_attn/g_lane[144].prod_reg[144]/DSP_A_B_DATA_INST/CEA2
FV_FAIL -0.212 xdma_0_axi_aclk bd_i/layer_0/inst/u_core/u_dn/p_1_out__5__17/DSP_A_B_DATA_INST/A[13]
FV_FAIL -0.212 xdma_0_axi_aclk bd_i/layer_0/inst/u_core/u_dn/g_lane[11].dec_p_reg[11]/DSP_A_B_DATA_INST/A[4]
FV_FAIL -0.212 xdma_0_axi_aclk bd_i/layer_0/inst/u_core/u_alu/ag_i_reg[3]/CE
FV_FAIL -0.212 xdma_0_axi_aclk bd_i/layer_0/inst/u_core/u_alu/ag_i_reg[5]/CE
FV_FAIL -0.212 xdma_0_axi_aclk bd_i/layer_0/inst/u_core/u_dma/fmem_reg_0_255_308_308/SP.A/I
FV_FAIL -0.212 xdma_0_axi_aclk bd_i/layer_0/inst/u_core/u_dn/g_lane[12].kvm_acc_reg[12]/DSP_A_B_DATA_INST/A[20]
FV_FAIL -0.212 xdma_0_axi_aclk bd_i/layer_0/inst/u_core/smem_b_reg_bram_3/ADDRBWRADDR[6]
FV_FAIL -0.212 xdma_0_axi_aclk bd_i/layer_0/inst/u_core/s_axil_rdata_reg[8]/D
FV_FAIL -0.212 xdma_0_axi_aclk bd_i/layer_0/inst/u_core/u_dn/g_lane[12].p2_p_reg[12]/DSP_A_B_DATA_INST/B[2]
FV_FAIL -0.212 xdma_0_axi_aclk bd_i/layer_0/inst/u_core/u_dn/p_1_out__24__2/DSP_A_B_DATA_INST/A[11]
FV_FAIL -0.212 xdma_0_axi_aclk bd_i/layer_0/inst/u_core/u_dn/g_lane[76].kvm_acc_reg[76]/DSP_A_B_DATA_INST/B[10]
FV_FAIL -0.212 xdma_0_axi_aclk bd_i/layer_0/inst/u_core/u_attn/g_lane[181].prod_reg[181]_i_8_psdsp/D
FV_FAIL -0.212 xdma_0_axi_aclk bd_i/layer_0/inst/u_core/u_axib/fdat_reg_0_3_0_13/RAMA/I
FV_FAIL -0.211 xdma_0_axi_aclk bd_i/layer_0/inst/u_core/u_alu/ag_i_reg[4]/CE
FV_FAIL -0.211 xdma_0_axi_aclk bd_i/layer_0/inst/u_core/u_attn/o_g4_reg[2][17]/D
FV_FAIL -0.211 xdma_0_axi_aclk bd_i/layer_0/inst/u_core/at_qdata_reg[0]_rep__4/D
FV_FAIL -0.211 xdma_0_axi_aclk bd_i/layer_0/inst/u_core/u_dn/p_1_out__16__6/DSP_A_B_DATA_INST/B[14]
FV_FAIL -0.211 xdma_0_axi_aclk bd_i/layer_0/inst/u_core/u_attn/g_lane[115].pv_p_reg[115]/DSP_A_B_DATA_INST/A[1]
FV_FAIL -0.211 xdma_0_axi_aclk bd_i/layer_0/inst/u_core/u_dma/fmem_reg_0_255_3_3/SP.C/I
FV_FAIL -0.211 xdma_0_axi_aclk bd_i/layer_0/inst/u_core/u_alu/cp_a16_reg[0]/D
FV_FAIL -0.210 xdma_0_axi_aclk bd_i/layer_0/inst/u_core/krow_reg[687]/D
FV_FAIL -0.210 xdma_0_axi_aclk bd_i/layer_0/inst/u_core/u_dn/p_1_out__22__2/DSP_A_B_DATA_INST/B[14]
FV_FAIL -0.210 xdma_0_axi_aclk bd_i/layer_0/inst/u_core/u_dn/g_lane[91].dm_p_reg[91]/DSP_PREADD_DATA_INST/DIN[18]
FV_FAIL -0.210 xdma_0_axi_aclk bd_i/layer_0/inst/u_core/u_topk/sel_reg[2]/D
FV_FAIL -0.210 xdma_0_axi_aclk bd_i/layer_0/inst/u_core/u_attn/st_reg[5]/CE
FV_FAIL -0.210 xdma_0_axi_aclk bd_i/layer_0/inst/u_core/krow_reg[1604]/D
FV_FAIL -0.209 xdma_0_axi_aclk bd_i/layer_0/inst/u_core/at_qdata_reg[0]_rep__1/D
FV_FAIL -0.209 xdma_0_axi_aclk bd_i/layer_0/inst/u_core/s_axil_rdata_reg[10]/D
FV_FAIL -0.209 xdma_0_axi_aclk bd_i/layer_0/inst/u_core/u_dn/g_lane[113].p2_p_reg[113]_i_6_psdsp/D
FV_FAIL -0.209 xdma_0_axi_aclk bd_i/layer_0/inst/u_core/u_attn/g_lane[110].prod_reg[110]/DSP_A_B_DATA_INST/B[5]
FV_FAIL -0.209 xdma_0_axi_aclk bd_i/layer_0/inst/u_core/dma_slot_reg_replica_16/CE
FV_FAIL -0.209 xdma_0_axi_aclk bd_i/layer_0/inst/u_core/u_dma/fmem_reg_0_255_460_460/DP.B/I
FV_FAIL -0.209 xdma_0_axi_aclk bd_i/layer_0/inst/u_core/u_dn/p_0_out__10__1/DSP_A_B_DATA_INST/B[0]
FV_FAIL -0.209 xdma_0_axi_aclk bd_i/layer_0/inst/u_core/u_dn/g_lane[76].kvm_acc_reg[76]/DSP_A_B_DATA_INST/B[7]
FV_FAIL -0.208 xdma_0_axi_aclk bd_i/layer_0/inst/u_core/at_qdata_reg[5]_rep__5/D
FV_FAIL -0.208 xdma_0_axi_aclk bd_i/layer_0/inst/u_core/krow_reg[4]/R
FV_FAIL -0.208 xdma_0_axi_aclk bd_i/layer_0/inst/u_core/krow_reg[5]/R
FV_FAIL -0.208 xdma_0_axi_aclk bd_i/layer_0/inst/u_core/krow_reg[6]/R
FV_FAIL -0.208 xdma_0_axi_aclk bd_i/layer_0/inst/u_core/krow_reg[7]/R
FV_FAIL -0.208 xdma_0_axi_aclk bd_i/layer_0/inst/u_core/u_dma/fmem_reg_0_255_107_107/SP.A/I
FV_FAIL -0.208 xdma_0_axi_aclk bd_i/layer_0/inst/u_core/u_attn/g_lane[89].pv_p_reg[89]/DSP_A_B_DATA_INST/A[8]
FV_FAIL -0.208 xdma_0_axi_aclk bd_i/layer_0/inst/u_core/g_kvslot[1].mem_reg_uram_31/CAS_IN_DIN_B[12]
FV_FAIL -0.208 xdma_0_axi_aclk bd_i/layer_0/inst/u_core/u_attn/g_lane[148].pv_p_reg[148]/DSP_A_B_DATA_INST/A[4]
FV_FAIL -0.207 xdma_0_axi_aclk bd_i/layer_0/inst/u_core/u_attn/g_lane[197].pv_p_reg[197]/DSP_A_B_DATA_INST/A[24]
FV_FAIL -0.207 xdma_0_axi_aclk bd_i/layer_0/inst/u_core/u_alu/ps_rnd_reg[3]/D
FV_FAIL -0.207 xdma_0_axi_aclk bd_i/mvchan_3/inst/u_chan/csr_static_wbase_reg[26]/R
FV_FAIL -0.207 xdma_0_axi_aclk bd_i/layer_0/inst/u_core/u_attn/g_lane[117].prod_reg[117]/DSP_A_B_DATA_INST/B[2]
FV_FAIL -0.207 xdma_0_axi_aclk bd_i/layer_0/inst/u_core/at_qdata_reg[1]_rep__8/D
FV_FAIL -0.207 xdma_0_axi_aclk bd_i/axi_smc/inst/s02_nodes/s02_w_node/inst/inst_mi_handler/gen_normal_area.inst_fifo_node_payld/gen_xpm_memory_fifo.inst_fifo/gen_rd.fifo_empty_r_reg/D
FV_FAIL -0.207 xdma_0_axi_aclk bd_i/layer_0/inst/u_core/u_dn/g_lane[97].dm_p_reg[97]/DSP_PREADD_DATA_INST/DIN[8]
FV_FAIL -0.207 xdma_0_axi_aclk bd_i/axi_smc/inst/s02_nodes/s02_w_node/inst/inst_mi_handler/gen_normal_area.inst_fifo_node_payld/gen_xpm_memory_fifo.inst_fifo/gen_wr.afull_r_reg/D
FV_FAIL -0.206 xdma_0_axi_aclk bd_i/layer_0/inst/u_core/u_attn/mx_reg[21]/R
FV_FAIL -0.206 xdma_0_axi_aclk bd_i/layer_0/inst/u_core/u_attn/mx_reg[23]/R
FV_FAIL -0.206 xdma_0_axi_aclk bd_i/layer_0/inst/u_core/krow_reg[1499]/D
FV_FAIL -0.206 xdma_0_axi_aclk bd_i/layer_0/inst/u_core/u_attn/o_g4_reg[2][0]/D
FV_FAIL -0.206 xdma_0_axi_aclk bd_i/layer_0/inst/u_core/u_dma/fmem_reg_0_255_171_171/SP.A/I
FV_FAIL -0.206 xdma_0_axi_aclk bd_i/layer_0/inst/u_core/u_attn/o_g4_reg[0][11]/D
FV_FAIL -0.206 xdma_0_axi_aclk bd_i/layer_0/inst/u_core/u_dn/g_lane[41].o_acc_reg[41]/DSP_A_B_DATA_INST/B[2]
FV_FAIL -0.206 xdma_0_axi_aclk bd_i/layer_0/inst/u_core/u_dma/fmem_reg_0_255_125_125/SP.A/I
FV_FAIL -0.206 xdma_0_axi_aclk bd_i/layer_0/inst/u_core/u_alu/r_res_reg[15]/D
FV_FAIL -0.206 xdma_0_axi_aclk bd_i/layer_0/inst/u_core/s16q_reg[2]/D
FV_FAIL -0.206 xdma_0_axi_aclk bd_i/layer_0/inst/u_core/gt_wdata_reg[16]/D
FV_FAIL -0.206 xdma_0_axi_aclk bd_i/layer_0/inst/u_core/u_dma/fmem_reg_0_255_460_460/DP.C/I
FV_FAIL -0.206 xdma_0_axi_aclk bd_i/layer_0/inst/u_core/u_alu/ps_rnd_reg[6]/D
FV_FAIL -0.206 xdma_0_axi_aclk bd_i/layer_0/inst/u_core/u_alu/r_res_reg[4]/D
FV_FAIL -0.205 xdma_0_axi_aclk bd_i/layer_0/inst/u_core/u_dn/g_lane[60].p2_p_reg[60]/DSP_A_B_DATA_INST/B[7]
FV_FAIL -0.205 xdma_0_axi_aclk bd_i/layer_0/inst/u_core/gt_wdata_reg[5]/D
FV_FAIL -0.205 xdma_0_axi_aclk bd_i/layer_0/inst/u_core/dn_beta_reg[5]/D
FV_FAIL -0.205 xdma_0_axi_aclk bd_i/layer_0/inst/u_core/u_dn/g_lane[59].dec_p_reg[59]/DSP_A_B_DATA_INST/A[29]
FV_FAIL -0.205 xdma_0_axi_aclk bd_i/layer_0/inst/u_core/u_dn/g_lane[37].kvm_acc_reg[37]/DSP_A_B_DATA_INST/A[29]
FV_FAIL -0.205 xdma_0_axi_aclk bd_i/layer_0/inst/u_core/u_dn/p_1_out__5__17/DSP_A_B_DATA_INST/A[11]
FV_FAIL -0.205 xdma_0_axi_aclk bd_i/layer_0/inst/u_core/u_attn/g_lane[11].pv_p_reg[11]/DSP_A_B_DATA_INST/A[10]
FV_FAIL -0.205 xdma_0_axi_aclk bd_i/layer_0/inst/u_core/u_topk/sel_reg[38]/D
FV_FAIL -0.205 xdma_0_axi_aclk bd_i/layer_0/inst/u_core/u_dn/g_lane[61].p2_p_reg[61]/DSP_A_B_DATA_INST/B[14]
FV_FAIL -0.205 xdma_0_axi_aclk bd_i/layer_0/inst/u_core/u_attn/o_g4_reg[2][3]/D
FV_FAIL -0.204 xdma_0_axi_aclk bd_i/layer_0/inst/u_core/u_dn/g_lane[0].p2_p_reg[0]/DSP_A_B_DATA_INST/B[1]
FV_FAIL -0.204 xdma_0_axi_aclk bd_i/layer_0/inst/u_core/u_attn/mx_reg[13]/R
FV_FAIL -0.204 xdma_0_axi_aclk bd_i/layer_0/inst/u_core/u_attn/mx_reg[17]/R
FV_FAIL -0.204 xdma_0_axi_aclk bd_i/layer_0/inst/u_core/u_attn/mx_reg[1]/R
FV_FAIL -0.204 xdma_0_axi_aclk bd_i/layer_0/inst/u_core/u_attn/mx_reg[25]/R
FV_FAIL -0.204 xdma_0_axi_aclk bd_i/layer_0/inst/u_core/u_attn/mx_reg[3]/R
FV_FAIL -0.204 xdma_0_axi_aclk bd_i/layer_0/inst/u_core/u_attn/mx_reg[4]/R
FV_FAIL -0.204 xdma_0_axi_aclk bd_i/layer_0/inst/u_core/u_attn/mx_reg[6]/R
FV_FAIL -0.204 xdma_0_axi_aclk bd_i/layer_0/inst/u_core/u_attn/mx_reg[7]/R
FV_FAIL -0.204 xdma_0_axi_aclk bd_i/layer_0/inst/u_core/dn_decay_reg[7]/D
FV_FAIL -0.204 xdma_0_axi_aclk bd_i/layer_0/inst/u_core/u_dn/g_lane[37].kvm_acc_reg[37]/DSP_A_B_DATA_INST/A[28]
FV_FAIL -0.204 xdma_0_axi_aclk bd_i/layer_0/inst/u_core/u_attn/g_lane[11].pv_p_reg[11]/DSP_A_B_DATA_INST/A[13]
FV_FAIL -0.204 xdma_0_axi_aclk bd_i/layer_0/inst/u_core/u_alu/ps_rnd_reg[7]/D
FV_FAIL -0.204 xdma_0_axi_aclk bd_i/mvchan_3/inst/u_chan/csr_static_ng_reg[3]/R
FV_FAIL -0.204 xdma_0_axi_aclk bd_i/mvchan_3/inst/u_chan/csr_static_wbeats_reg[25]/R
FV_FAIL -0.204 xdma_0_axi_aclk bd_i/layer_0/inst/u_core/smem_b_reg_bram_0/ADDRBWRADDR[14]
FV_FAIL -0.204 xdma_0_axi_aclk bd_i/layer_0/inst/u_core/u_dn/p_1_out__15__2/DSP_A_B_DATA_INST/B[7]
FV_FAIL -0.204 xdma_0_axi_aclk bd_i/layer_0/inst/u_core/at_qdata_reg[5]_rep/D
FV_FAIL -0.204 xdma_0_axi_aclk bd_i/layer_0/inst/u_core/u_dn/p_0_out__1__3/DSP_A_B_DATA_INST/A[15]
FV_FAIL -0.204 xdma_0_axi_aclk bd_i/layer_0/inst/u_core/u_attn/g_lane[92].prod_reg[92]/DSP_A_B_DATA_INST/B[13]
FV_FAIL -0.204 xdma_0_axi_aclk bd_i/layer_0/inst/u_core/u_attn/o_g4_reg[0][5]/D
FV_FAIL -0.204 xdma_0_axi_aclk bd_i/layer_0/inst/u_core/u_attn/g_lane[89].pv_p_reg[89]/DSP_A_B_DATA_INST/A[23]
FV_FAIL -0.204 xdma_0_axi_aclk bd_i/layer_0/inst/u_core/u_dn/vdata_q_reg[6]_rep__5_replica_1/D
FV_FAIL -0.204 xdma_0_axi_aclk bd_i/layer_0/inst/u_core/u_dn/vdata_q_reg[6]_rep__5_replica_3/D
FV_FAIL -0.203 xdma_0_axi_aclk bd_i/layer_0/inst/u_core/u_dma/fmem_reg_0_255_80_80/DP.B/I
FV_FAIL -0.203 xdma_0_axi_aclk bd_i/layer_0/inst/u_core/u_attn/g_lane[60].prod_reg[60]/DSP_A_B_DATA_INST/B[6]
FV_FAIL -0.203 xdma_0_axi_aclk bd_i/layer_0/inst/u_core/u_dma/fmem_reg_0_255_307_307/DP.B/I
FV_FAIL -0.203 xdma_0_axi_aclk bd_i/layer_0/inst/u_core/u_dma/fmem_reg_0_255_39_39/SP.A/I
FV_FAIL -0.203 xdma_0_axi_aclk bd_i/layer_0/inst/u_core/u_dn/p_0_out__16__0/DSP_A_B_DATA_INST/B[1]
FV_FAIL -0.203 xdma_0_axi_aclk bd_i/layer_0/inst/u_core/krow_reg[452]/D
FV_FAIL -0.202 xdma_0_axi_aclk bd_i/layer_0/inst/u_core/u_axib/fdat_reg_0_3_0_13/RAMA_D1/I
FV_FAIL -0.202 xdma_0_axi_aclk bd_i/layer_0/inst/u_core/s_axil_rdata_reg[5]/D
FV_FAIL -0.202 xdma_0_axi_aclk bd_i/layer_0/inst/u_core/u_alu/b_addr_reg[6]/CE
FV_FAIL -0.202 xdma_0_axi_aclk bd_i/axil_slice_4/inst/aw.aw_pipe/m_payload_i_reg[2]/D
FV_FAIL -0.202 xdma_0_axi_aclk bd_i/layer_0/inst/u_core/tmp64_reg[24]/D
FV_FAIL -0.202 xdma_0_axi_aclk bd_i/axi_smc/inst/s02_nodes/s02_w_node/inst/inst_mi_handler/gen_normal_area.inst_fifo_node_payld/gen_xpm_memory_fifo.inst_fifo/gen_wr.full_r_reg_inv/D
FV_FAIL -0.201 xdma_0_axi_aclk bd_i/layer_0/inst/u_core/u_dn/p_1_out__20__1/DSP_A_B_DATA_INST/B[2]
FV_FAIL -0.201 xdma_0_axi_aclk bd_i/layer_0/inst/u_core/u_dma/fmem_reg_0_255_215_215/DP.A/I
FV_FAIL -0.201 xdma_0_axi_aclk bd_i/layer_0/inst/u_core/u_attn/g_lane[71].pv_p_reg[71]/DSP_A_B_DATA_INST/A[0]
FV_FAIL -0.201 xdma_0_axi_aclk bd_i/layer_0/inst/u_core/u_dn/p_1_out__29__0/DSP_A_B_DATA_INST/A[5]
FV_FAIL -0.201 xdma_0_axi_aclk bd_i/layer_0/inst/u_core/u_dn/p_1_out__16/DSP_PREADD_DATA_INST/DIN[18]
FV_FAIL -0.201 xdma_0_axi_aclk bd_i/layer_0/inst/u_core/u_alu/cp_v32_reg[28]/D
FV_FAIL -0.201 xdma_0_axi_aclk bd_i/layer_0/inst/u_core/u_dn/p_0_out__14__4/DSP_A_B_DATA_INST/B[5]
FV_FAIL -0.201 xdma_0_axi_aclk bd_i/layer_0/inst/u_core/u_dma/fmem_reg_0_255_215_215/SP.A/I
FV_FAIL -0.200 xdma_0_axi_aclk bd_i/layer_0/inst/u_core/u_dn/g_lane[65].kvm_acc_reg[65]/DSP_A_B_DATA_INST/A[23]
FV_FAIL -0.200 xdma_0_axi_aclk bd_i/layer_0/inst/u_core/u_dn/p_1_out__23__0/DSP_A_B_DATA_INST/B[2]
FV_FAIL -0.200 xdma_0_axi_aclk bd_i/layer_0/inst/u_core/kv_wrow_reg[1027]/CE
FV_FAIL -0.200 xdma_0_axi_aclk bd_i/layer_0/inst/u_core/u_dn/p_1_out__16__1/DSP_A_B_DATA_INST/B[1]
FV_FAIL -0.200 xdma_0_axi_aclk bd_i/layer_0/inst/u_core/u_dn/p_1_out__18__9/DSP_PREADD_DATA_INST/DIN[19]
FV_FAIL -0.200 xdma_0_axi_aclk bd_i/layer_0/inst/u_core/u_attn/o_g4_reg[0][0]/D
FV_FAIL -0.200 xdma_0_axi_aclk bd_i/layer_0/inst/u_core/kv_wrow_reg[1167]/CE
FV_FAIL -0.200 xdma_0_axi_aclk bd_i/layer_0/inst/u_core/u_dn/g_lane[92].dec_p_reg[92]/DSP_A_B_DATA_INST/A[28]
FV_FAIL -0.200 xdma_0_axi_aclk bd_i/layer_0/inst/u_core/cs_wd_reg[37]/D
FV_FAIL -0.200 xdma_0_axi_aclk bd_i/layer_0/inst/u_core/at_qdata_reg[4]_rep__12/D
FV_FAIL -0.200 xdma_0_axi_aclk bd_i/layer_0/inst/u_core/u_dma/fmem_reg_0_255_215_215/DP.B/I
FV_FAIL -0.199 xdma_0_axi_aclk bd_i/layer_0/inst/u_core/u_attn/mx_reg[0]/R
FV_FAIL -0.199 xdma_0_axi_aclk bd_i/layer_0/inst/u_core/u_attn/mx_reg[14]/R
FV_FAIL -0.199 xdma_0_axi_aclk bd_i/layer_0/inst/u_core/u_attn/mx_reg[20]/R
FV_FAIL -0.199 xdma_0_axi_aclk bd_i/layer_0/inst/u_core/u_attn/mx_reg[27]/R
FV_FAIL -0.199 xdma_0_axi_aclk bd_i/layer_0/inst/u_core/u_attn/mx_reg[28]/R
FV_FAIL -0.199 xdma_0_axi_aclk bd_i/layer_0/inst/u_core/u_attn/mx_reg[29]/R
FV_FAIL -0.199 xdma_0_axi_aclk bd_i/layer_0/inst/u_core/u_attn/mx_reg[30]/R
FV_FAIL -0.199 xdma_0_axi_aclk bd_i/layer_0/inst/u_core/u_attn/mx_reg[5]/R
FV_FAIL -0.199 xdma_0_axi_aclk bd_i/layer_0/inst/u_core/u_dn/vdata_q_reg[6]_rep__2_replica_2/D
FV_FAIL -0.199 xdma_0_axi_aclk bd_i/layer_0/inst/u_core/u_attn/g_lane[234].pv_p_reg[234]/DSP_OUTPUT_INST/ALU_OUT[10]
FV_FAIL -0.199 xdma_0_axi_aclk bd_i/layer_0/inst/u_core/u_attn/g_lane[234].pv_p_reg[234]/DSP_OUTPUT_INST/ALU_OUT[11]
FV_FAIL -0.199 xdma_0_axi_aclk bd_i/layer_0/inst/u_core/u_attn/g_lane[234].pv_p_reg[234]/DSP_OUTPUT_INST/ALU_OUT[12]
FV_FAIL -0.199 xdma_0_axi_aclk bd_i/layer_0/inst/u_core/u_attn/g_lane[234].pv_p_reg[234]/DSP_OUTPUT_INST/ALU_OUT[13]
FV_FAIL -0.199 xdma_0_axi_aclk bd_i/layer_0/inst/u_core/u_attn/g_lane[234].pv_p_reg[234]/DSP_OUTPUT_INST/ALU_OUT[14]
FV_FAIL -0.199 xdma_0_axi_aclk bd_i/layer_0/inst/u_core/u_attn/g_lane[234].pv_p_reg[234]/DSP_OUTPUT_INST/ALU_OUT[15]
FV_FAIL -0.199 xdma_0_axi_aclk bd_i/layer_0/inst/u_core/u_attn/g_lane[234].pv_p_reg[234]/DSP_OUTPUT_INST/ALU_OUT[16]
FV_FAIL -0.199 xdma_0_axi_aclk bd_i/layer_0/inst/u_core/u_attn/g_lane[234].pv_p_reg[234]/DSP_OUTPUT_INST/ALU_OUT[17]
FV_FAIL -0.199 xdma_0_axi_aclk bd_i/layer_0/inst/u_core/u_attn/g_lane[234].pv_p_reg[234]/DSP_OUTPUT_INST/ALU_OUT[18]
FV_FAIL -0.199 xdma_0_axi_aclk bd_i/layer_0/inst/u_core/u_attn/g_lane[234].pv_p_reg[234]/DSP_OUTPUT_INST/ALU_OUT[19]
FV_FAIL -0.199 xdma_0_axi_aclk bd_i/layer_0/inst/u_core/u_attn/g_lane[234].pv_p_reg[234]/DSP_OUTPUT_INST/ALU_OUT[20]
FV_FAIL -0.199 xdma_0_axi_aclk bd_i/layer_0/inst/u_core/u_attn/g_lane[234].pv_p_reg[234]/DSP_OUTPUT_INST/ALU_OUT[21]
FV_FAIL -0.199 xdma_0_axi_aclk bd_i/layer_0/inst/u_core/u_attn/g_lane[234].pv_p_reg[234]/DSP_OUTPUT_INST/ALU_OUT[22]
FV_FAIL -0.199 xdma_0_axi_aclk bd_i/layer_0/inst/u_core/u_attn/g_lane[234].pv_p_reg[234]/DSP_OUTPUT_INST/ALU_OUT[23]
FV_FAIL -0.199 xdma_0_axi_aclk bd_i/layer_0/inst/u_core/u_attn/g_lane[234].pv_p_reg[234]/DSP_OUTPUT_INST/ALU_OUT[24]
FV_FAIL -0.199 xdma_0_axi_aclk bd_i/layer_0/inst/u_core/u_attn/g_lane[234].pv_p_reg[234]/DSP_OUTPUT_INST/ALU_OUT[25]
FV_FAIL -0.199 xdma_0_axi_aclk bd_i/layer_0/inst/u_core/u_attn/g_lane[234].pv_p_reg[234]/DSP_OUTPUT_INST/ALU_OUT[26]
FV_FAIL -0.199 xdma_0_axi_aclk bd_i/layer_0/inst/u_core/u_attn/g_lane[234].pv_p_reg[234]/DSP_OUTPUT_INST/ALU_OUT[27]
FV_FAIL -0.199 xdma_0_axi_aclk bd_i/layer_0/inst/u_core/u_attn/g_lane[234].pv_p_reg[234]/DSP_OUTPUT_INST/ALU_OUT[28]
FV_FAIL -0.199 xdma_0_axi_aclk bd_i/layer_0/inst/u_core/u_attn/g_lane[234].pv_p_reg[234]/DSP_OUTPUT_INST/ALU_OUT[29]
FV_FAIL -0.199 xdma_0_axi_aclk bd_i/layer_0/inst/u_core/u_attn/g_lane[234].pv_p_reg[234]/DSP_OUTPUT_INST/ALU_OUT[30]
FV_FAIL -0.199 xdma_0_axi_aclk bd_i/layer_0/inst/u_core/u_attn/g_lane[234].pv_p_reg[234]/DSP_OUTPUT_INST/ALU_OUT[31]
FV_FAIL -0.199 xdma_0_axi_aclk bd_i/layer_0/inst/u_core/u_attn/g_lane[234].pv_p_reg[234]/DSP_OUTPUT_INST/ALU_OUT[32]
FV_FAIL -0.199 xdma_0_axi_aclk bd_i/layer_0/inst/u_core/u_attn/g_lane[234].pv_p_reg[234]/DSP_OUTPUT_INST/ALU_OUT[33]
FV_FAIL -0.199 xdma_0_axi_aclk bd_i/layer_0/inst/u_core/u_attn/g_lane[234].pv_p_reg[234]/DSP_OUTPUT_INST/ALU_OUT[34]
FV_FAIL -0.199 xdma_0_axi_aclk bd_i/layer_0/inst/u_core/u_attn/g_lane[234].pv_p_reg[234]/DSP_OUTPUT_INST/ALU_OUT[35]
FV_FAIL -0.199 xdma_0_axi_aclk bd_i/layer_0/inst/u_core/u_attn/g_lane[234].pv_p_reg[234]/DSP_OUTPUT_INST/ALU_OUT[36]
FV_FAIL -0.199 xdma_0_axi_aclk bd_i/layer_0/inst/u_core/u_attn/g_lane[234].pv_p_reg[234]/DSP_OUTPUT_INST/ALU_OUT[37]
FV_FAIL -0.199 xdma_0_axi_aclk bd_i/layer_0/inst/u_core/u_attn/g_lane[234].pv_p_reg[234]/DSP_OUTPUT_INST/ALU_OUT[38]
FV_FAIL -0.199 xdma_0_axi_aclk bd_i/layer_0/inst/u_core/u_attn/g_lane[234].pv_p_reg[234]/DSP_OUTPUT_INST/ALU_OUT[39]
FV_FAIL -0.199 xdma_0_axi_aclk bd_i/layer_0/inst/u_core/u_attn/g_lane[234].pv_p_reg[234]/DSP_OUTPUT_INST/ALU_OUT[40]
FV_FAIL -0.199 xdma_0_axi_aclk bd_i/layer_0/inst/u_core/u_attn/g_lane[234].pv_p_reg[234]/DSP_OUTPUT_INST/ALU_OUT[41]
FV_FAIL -0.199 xdma_0_axi_aclk bd_i/layer_0/inst/u_core/u_attn/g_lane[234].pv_p_reg[234]/DSP_OUTPUT_INST/ALU_OUT[42]
FV_FAIL -0.199 xdma_0_axi_aclk bd_i/layer_0/inst/u_core/u_attn/g_lane[234].pv_p_reg[234]/DSP_OUTPUT_INST/ALU_OUT[43]
FV_FAIL -0.199 xdma_0_axi_aclk bd_i/layer_0/inst/u_core/u_attn/g_lane[234].pv_p_reg[234]/DSP_OUTPUT_INST/ALU_OUT[44]
FV_FAIL -0.199 xdma_0_axi_aclk bd_i/layer_0/inst/u_core/u_attn/g_lane[234].pv_p_reg[234]/DSP_OUTPUT_INST/ALU_OUT[45]
FV_FAIL -0.199 xdma_0_axi_aclk bd_i/layer_0/inst/u_core/u_attn/g_lane[234].pv_p_reg[234]/DSP_OUTPUT_INST/ALU_OUT[46]
FV_FAIL -0.199 xdma_0_axi_aclk bd_i/layer_0/inst/u_core/u_attn/g_lane[234].pv_p_reg[234]/DSP_OUTPUT_INST/ALU_OUT[47]
FV_FAIL -0.199 xdma_0_axi_aclk bd_i/layer_0/inst/u_core/u_attn/g_lane[234].pv_p_reg[234]/DSP_OUTPUT_INST/ALU_OUT[4]
FV_FAIL -0.199 xdma_0_axi_aclk bd_i/layer_0/inst/u_core/u_attn/g_lane[234].pv_p_reg[234]/DSP_OUTPUT_INST/ALU_OUT[5]
FV_FAIL -0.199 xdma_0_axi_aclk bd_i/layer_0/inst/u_core/u_attn/g_lane[234].pv_p_reg[234]/DSP_OUTPUT_INST/ALU_OUT[6]
FV_FAIL -0.199 xdma_0_axi_aclk bd_i/layer_0/inst/u_core/u_attn/g_lane[234].pv_p_reg[234]/DSP_OUTPUT_INST/ALU_OUT[7]
FV_FAIL -0.199 xdma_0_axi_aclk bd_i/layer_0/inst/u_core/u_attn/g_lane[234].pv_p_reg[234]/DSP_OUTPUT_INST/ALU_OUT[8]
FV_FAIL -0.199 xdma_0_axi_aclk bd_i/layer_0/inst/u_core/u_attn/g_lane[234].pv_p_reg[234]/DSP_OUTPUT_INST/ALU_OUT[9]
FV_FAIL -0.199 xdma_0_axi_aclk bd_i/layer_0/inst/u_core/u_attn/g_lane[61].prod_reg[61]/DSP_A_B_DATA_INST/B[3]
FV_FAIL -0.199 xdma_0_axi_aclk bd_i/layer_0/inst/u_core/u_attn/oi_reg[4]/CE
FV_FAIL -0.199 xdma_0_axi_aclk bd_i/layer_0/inst/u_core/u_attn/g_lane[122].prod_reg[122]/DSP_A_B_DATA_INST/B[5]
FV_FAIL -0.199 xdma_0_axi_aclk bd_i/layer_0/inst/u_core/u_dn/g_lane[12].dec_p_reg[12]/DSP_A_B_DATA_INST/A[20]
FV_FAIL -0.199 xdma_0_axi_aclk bd_i/layer_0/inst/u_core/u_dma/fmem_reg_0_255_146_146/DP.D/I
FV_FAIL -0.199 xdma_0_axi_aclk bd_i/layer_0/inst/u_core/krow_reg[280]/R
FV_FAIL -0.199 xdma_0_axi_aclk bd_i/layer_0/inst/u_core/u_alu/cp_v32_reg[21]/D
FV_FAIL -0.198 xdma_0_axi_aclk bd_i/layer_0/inst/u_core/s_axil_rdata_reg[12]/D
FV_FAIL -0.198 xdma_0_axi_aclk bd_i/layer_0/inst/u_core/u_vn/ss_acc0_i_9_replica_psdsp/D
FV_FAIL -0.198 xdma_0_axi_aclk bd_i/layer_0/inst/u_core/u_attn/g_lane[9].prod_reg[9]/DSP_A_B_DATA_INST/B[2]
FV_FAIL -0.198 xdma_0_axi_aclk bd_i/layer_0/inst/u_core/u_dn/g_lane[4].dec_p_reg[4]/DSP_A_B_DATA_INST/A[20]
FV_FAIL -0.198 xdma_0_axi_aclk bd_i/layer_0/inst/u_core/krow_reg[488]/CE
FV_FAIL -0.198 xdma_0_axi_aclk bd_i/layer_0/inst/u_core/krow_reg[489]/CE
FV_FAIL -0.198 xdma_0_axi_aclk bd_i/layer_0/inst/u_core/krow_reg[490]/CE
FV_FAIL -0.198 xdma_0_axi_aclk bd_i/layer_0/inst/u_core/krow_reg[491]/CE
FV_FAIL -0.198 xdma_0_axi_aclk bd_i/layer_0/inst/u_core/krow_reg[492]/CE
FV_FAIL -0.198 xdma_0_axi_aclk bd_i/layer_0/inst/u_core/u_attn/o_g4_reg[2][23]/D
FV_FAIL -0.198 xdma_0_axi_aclk bd_i/layer_0/inst/u_core/at_qdata_reg[15]_replica_2/D
FV_FAIL -0.198 xdma_0_axi_aclk bd_i/layer_0/inst/u_core/u_dn/p_0_out__5__6/DSP_A_B_DATA_INST/B[1]
FV_FAIL -0.198 xdma_0_axi_aclk bd_i/layer_0/inst/u_core/u_attn/g_lane[83].prod_reg[83]/DSP_A_B_DATA_INST/B[0]
FV_FAIL -0.198 xdma_0_axi_aclk bd_i/axil_slice_4/inst/aw.aw_pipe/m_payload_i_reg[6]/D
FV_FAIL -0.198 xdma_0_axi_aclk bd_i/layer_0/inst/u_core/g_kvslot[1].mem_reg_uram_43/CAS_IN_DIN_B[39]
FV_FAIL -0.197 xdma_0_axi_aclk bd_i/layer_0/inst/u_core/dn_vdata_reg[0]/D
FV_FAIL -0.197 xdma_0_axi_aclk bd_i/layer_0/inst/u_core/u_attn/vadd_q_reg[2]/CE
FV_FAIL -0.197 xdma_0_axi_aclk bd_i/layer_0/inst/u_core/u_alu/cp_v32_reg[16]/D
FV_FAIL -0.197 xdma_0_axi_aclk bd_i/layer_0/inst/u_core/u_dma/fmem_reg_0_255_207_207/DP.D/I
FV_FAIL -0.197 xdma_0_axi_aclk bd_i/layer_0/inst/u_core/s_axil_rdata_reg[4]/D
FV_FAIL -0.197 xdma_0_axi_aclk bd_i/mvchan_3/inst/u_chan/csr_static_wbase_reg[10]/R
FV_FAIL -0.197 xdma_0_axi_aclk bd_i/mvchan_3/inst/u_chan/csr_static_wbase_reg[11]/R
FV_FAIL -0.197 xdma_0_axi_aclk bd_i/mvchan_3/inst/u_chan/csr_static_wbase_reg[12]/R
FV_FAIL -0.197 xdma_0_axi_aclk bd_i/mvchan_3/inst/u_chan/csr_static_wbase_reg[6]/R
FV_FAIL -0.197 xdma_0_axi_aclk bd_i/mvchan_3/inst/u_chan/start_tgl_reg/R
FV_FAIL -0.197 xdma_0_axi_aclk bd_i/layer_0/inst/u_core/u_attn/vadd_q_reg[13]/CE
FV_FAIL -0.197 xdma_0_axi_aclk bd_i/layer_0/inst/u_core/u_attn/vadd_q_reg[1]/CE
FV_FAIL -0.197 xdma_0_axi_aclk bd_i/layer_0/inst/u_core/u_attn/vadd_q_reg[5]/CE
FV_FAIL -0.197 xdma_0_axi_aclk bd_i/layer_0/inst/u_core/u_attn/vadd_q_reg[9]/CE
FV_FAIL -0.197 xdma_0_axi_aclk bd_i/layer_0/inst/u_core/u_topk/ent_reg[0][4]/CE
FV_FAIL -0.197 xdma_0_axi_aclk bd_i/layer_0/inst/u_core/s_axil_rdata_reg[0]/D
FV_FAIL -0.197 xdma_0_axi_aclk bd_i/layer_0/inst/u_core/u_dma/fmem_reg_0_255_215_215/DP.C/I
FV_FAIL -0.196 xdma_0_axi_aclk bd_i/layer_0/inst/u_core/u_dn/g_lane[32].dm_p_reg[32]/DSP_A_B_DATA_INST/A[24]
FV_FAIL -0.196 xdma_0_axi_aclk bd_i/layer_0/inst/u_core/u_attn/g_lane[163].pv_p_reg[163]/DSP_OUTPUT_INST/ALU_OUT[10]
FV_FAIL -0.196 xdma_0_axi_aclk bd_i/layer_0/inst/u_core/u_attn/g_lane[163].pv_p_reg[163]/DSP_OUTPUT_INST/ALU_OUT[11]
FV_FAIL -0.196 xdma_0_axi_aclk bd_i/layer_0/inst/u_core/u_attn/g_lane[163].pv_p_reg[163]/DSP_OUTPUT_INST/ALU_OUT[12]
FV_FAIL -0.196 xdma_0_axi_aclk bd_i/layer_0/inst/u_core/u_attn/g_lane[163].pv_p_reg[163]/DSP_OUTPUT_INST/ALU_OUT[13]
FV_FAIL -0.196 xdma_0_axi_aclk bd_i/layer_0/inst/u_core/u_attn/g_lane[163].pv_p_reg[163]/DSP_OUTPUT_INST/ALU_OUT[14]
FV_FAIL -0.196 xdma_0_axi_aclk bd_i/layer_0/inst/u_core/u_attn/g_lane[163].pv_p_reg[163]/DSP_OUTPUT_INST/ALU_OUT[15]
FV_FAIL -0.196 xdma_0_axi_aclk bd_i/layer_0/inst/u_core/u_attn/g_lane[163].pv_p_reg[163]/DSP_OUTPUT_INST/ALU_OUT[16]
FV_FAIL -0.196 xdma_0_axi_aclk bd_i/layer_0/inst/u_core/u_attn/g_lane[163].pv_p_reg[163]/DSP_OUTPUT_INST/ALU_OUT[17]
FV_FAIL -0.196 xdma_0_axi_aclk bd_i/layer_0/inst/u_core/u_attn/g_lane[163].pv_p_reg[163]/DSP_OUTPUT_INST/ALU_OUT[18]
FV_FAIL -0.196 xdma_0_axi_aclk bd_i/layer_0/inst/u_core/u_attn/g_lane[163].pv_p_reg[163]/DSP_OUTPUT_INST/ALU_OUT[19]
FV_FAIL -0.196 xdma_0_axi_aclk bd_i/layer_0/inst/u_core/u_attn/g_lane[163].pv_p_reg[163]/DSP_OUTPUT_INST/ALU_OUT[20]
FV_FAIL -0.196 xdma_0_axi_aclk bd_i/layer_0/inst/u_core/u_attn/g_lane[163].pv_p_reg[163]/DSP_OUTPUT_INST/ALU_OUT[21]
FV_FAIL -0.196 xdma_0_axi_aclk bd_i/layer_0/inst/u_core/u_attn/g_lane[163].pv_p_reg[163]/DSP_OUTPUT_INST/ALU_OUT[22]
FV_FAIL -0.196 xdma_0_axi_aclk bd_i/layer_0/inst/u_core/u_attn/g_lane[163].pv_p_reg[163]/DSP_OUTPUT_INST/ALU_OUT[23]
FV_FAIL -0.196 xdma_0_axi_aclk bd_i/layer_0/inst/u_core/u_attn/g_lane[163].pv_p_reg[163]/DSP_OUTPUT_INST/ALU_OUT[24]
FV_FAIL -0.196 xdma_0_axi_aclk bd_i/layer_0/inst/u_core/u_attn/g_lane[163].pv_p_reg[163]/DSP_OUTPUT_INST/ALU_OUT[25]
FV_FAIL -0.196 xdma_0_axi_aclk bd_i/layer_0/inst/u_core/u_attn/g_lane[163].pv_p_reg[163]/DSP_OUTPUT_INST/ALU_OUT[26]
FV_FAIL -0.196 xdma_0_axi_aclk bd_i/layer_0/inst/u_core/u_attn/g_lane[163].pv_p_reg[163]/DSP_OUTPUT_INST/ALU_OUT[27]
FV_FAIL -0.196 xdma_0_axi_aclk bd_i/layer_0/inst/u_core/u_attn/g_lane[163].pv_p_reg[163]/DSP_OUTPUT_INST/ALU_OUT[28]
FV_FAIL -0.196 xdma_0_axi_aclk bd_i/layer_0/inst/u_core/u_attn/g_lane[163].pv_p_reg[163]/DSP_OUTPUT_INST/ALU_OUT[29]
FV_FAIL -0.196 xdma_0_axi_aclk bd_i/layer_0/inst/u_core/u_attn/g_lane[163].pv_p_reg[163]/DSP_OUTPUT_INST/ALU_OUT[30]
FV_FAIL -0.196 xdma_0_axi_aclk bd_i/layer_0/inst/u_core/u_attn/g_lane[163].pv_p_reg[163]/DSP_OUTPUT_INST/ALU_OUT[31]
FV_FAIL -0.196 xdma_0_axi_aclk bd_i/layer_0/inst/u_core/u_attn/g_lane[163].pv_p_reg[163]/DSP_OUTPUT_INST/ALU_OUT[32]
FV_FAIL -0.196 xdma_0_axi_aclk bd_i/layer_0/inst/u_core/u_attn/g_lane[163].pv_p_reg[163]/DSP_OUTPUT_INST/ALU_OUT[33]
FV_FAIL -0.196 xdma_0_axi_aclk bd_i/layer_0/inst/u_core/u_attn/g_lane[163].pv_p_reg[163]/DSP_OUTPUT_INST/ALU_OUT[34]
FV_FAIL -0.196 xdma_0_axi_aclk bd_i/layer_0/inst/u_core/u_attn/g_lane[163].pv_p_reg[163]/DSP_OUTPUT_INST/ALU_OUT[35]
FV_FAIL -0.196 xdma_0_axi_aclk bd_i/layer_0/inst/u_core/u_attn/g_lane[163].pv_p_reg[163]/DSP_OUTPUT_INST/ALU_OUT[36]
FV_FAIL -0.196 xdma_0_axi_aclk bd_i/layer_0/inst/u_core/u_attn/g_lane[163].pv_p_reg[163]/DSP_OUTPUT_INST/ALU_OUT[37]
FV_FAIL -0.196 xdma_0_axi_aclk bd_i/layer_0/inst/u_core/u_attn/g_lane[163].pv_p_reg[163]/DSP_OUTPUT_INST/ALU_OUT[38]
FV_FAIL -0.196 xdma_0_axi_aclk bd_i/layer_0/inst/u_core/u_attn/g_lane[163].pv_p_reg[163]/DSP_OUTPUT_INST/ALU_OUT[39]
FV_FAIL -0.196 xdma_0_axi_aclk bd_i/layer_0/inst/u_core/u_attn/g_lane[163].pv_p_reg[163]/DSP_OUTPUT_INST/ALU_OUT[40]
FV_FAIL -0.196 xdma_0_axi_aclk bd_i/layer_0/inst/u_core/u_attn/g_lane[163].pv_p_reg[163]/DSP_OUTPUT_INST/ALU_OUT[41]
FV_FAIL -0.196 xdma_0_axi_aclk bd_i/layer_0/inst/u_core/u_attn/g_lane[163].pv_p_reg[163]/DSP_OUTPUT_INST/ALU_OUT[42]
FV_FAIL -0.196 xdma_0_axi_aclk bd_i/layer_0/inst/u_core/u_attn/g_lane[163].pv_p_reg[163]/DSP_OUTPUT_INST/ALU_OUT[43]
FV_FAIL -0.196 xdma_0_axi_aclk bd_i/layer_0/inst/u_core/u_attn/g_lane[163].pv_p_reg[163]/DSP_OUTPUT_INST/ALU_OUT[44]
FV_FAIL -0.196 xdma_0_axi_aclk bd_i/layer_0/inst/u_core/u_attn/g_lane[163].pv_p_reg[163]/DSP_OUTPUT_INST/ALU_OUT[45]
FV_FAIL -0.196 xdma_0_axi_aclk bd_i/layer_0/inst/u_core/u_attn/g_lane[163].pv_p_reg[163]/DSP_OUTPUT_INST/ALU_OUT[46]
FV_FAIL -0.196 xdma_0_axi_aclk bd_i/layer_0/inst/u_core/u_attn/g_lane[163].pv_p_reg[163]/DSP_OUTPUT_INST/ALU_OUT[47]
FV_FAIL -0.196 xdma_0_axi_aclk bd_i/layer_0/inst/u_core/u_dma/fmem_reg_0_255_220_220/DP.B/I
FV_FAIL -0.196 xdma_0_axi_aclk bd_i/mvchan_3/inst/u_chan/wb_ptr_reg[4]/R
FV_FAIL -0.196 xdma_0_axi_aclk bd_i/mvchan_3/inst/u_chan/wb_ptr_reg[5]/R
FV_FAIL -0.196 xdma_0_axi_aclk bd_i/layer_0/inst/u_core/u_alu/ps_rnd_reg[29]/D
FV_FAIL -0.196 xdma_0_axi_aclk bd_i/layer_0/inst/u_core/u_dn/g_lane[37].kvm_acc_reg[37]/DSP_A_B_DATA_INST/A[20]
FV_FAIL -0.196 xdma_0_axi_aclk bd_i/layer_0/inst/u_core/at_qdata_reg[15]_replica_4/D
FV_FAIL -0.196 xdma_0_axi_aclk bd_i/layer_0/inst/u_core/u_dn/p_0_out__10__1/DSP_A_B_DATA_INST/B[7]
FV_FAIL -0.195 xdma_0_axi_aclk bd_i/layer_0/inst/u_core/u_attn/mx_reg[15]/R
FV_FAIL -0.195 xdma_0_axi_aclk bd_i/layer_0/inst/u_core/u_attn/mx_reg[16]/R
FV_FAIL -0.195 xdma_0_axi_aclk bd_i/layer_0/inst/u_core/u_attn/mx_reg[18]/R
FV_FAIL -0.195 xdma_0_axi_aclk bd_i/layer_0/inst/u_core/u_attn/mx_reg[19]/R
FV_FAIL -0.195 xdma_0_axi_aclk bd_i/layer_0/inst/u_core/u_attn/mx_reg[9]/R
FV_FAIL -0.195 xdma_0_axi_aclk bd_i/layer_0/inst/u_core/u_attn/g_lane[86].prod_reg[86]/DSP_A_B_DATA_INST/B[10]
FV_FAIL -0.195 xdma_0_axi_aclk bd_i/layer_0/inst/u_core/krow_reg[1268]/CE
FV_FAIL -0.195 xdma_0_axi_aclk bd_i/layer_0/inst/u_core/at_qdata_reg[15]_replica_5/D
FV_FAIL -0.195 xdma_0_axi_aclk bd_i/layer_0/inst/u_core/at_qdata_reg[7]_rep__8/D
FV_FAIL -0.194 xdma_0_axi_aclk bd_i/layer_0/inst/u_core/u_attn/g_lane[65].pv_p_reg[65]/DSP_A_B_DATA_INST/A[1]
FV_FAIL -0.194 xdma_0_axi_aclk bd_i/layer_0/inst/u_core/u_dn/vdata_q_reg[0]_rep__5_replica_6/D
FV_FAIL -0.194 xdma_0_axi_aclk bd_i/layer_0/inst/u_core/u_dn/g_lane[100].kvm_acc_reg[100]/DSP_A_B_DATA_INST/B[7]
FV_FAIL -0.194 xdma_0_axi_aclk bd_i/layer_0/inst/u_core/g_kvslot[1].mem_reg_uram_43/CAS_IN_DIN_B[64]
FV_FAIL -0.194 xdma_0_axi_aclk bd_i/layer_0/inst/u_core/s_axil_rdata_reg[9]/D
FV_FAIL -0.194 xdma_0_axi_aclk bd_i/layer_0/inst/u_core/u_topk/sel_reg[21]/D
FV_FAIL -0.194 xdma_0_axi_aclk bd_i/layer_0/inst/u_core/u_dn/g_lane[37].kvm_acc_reg[37]/DSP_A_B_DATA_INST/A[18]
FV_FAIL -0.194 xdma_0_axi_aclk bd_i/axi_smc/inst/m00_nodes/m00_r_node/inst/inst_mi_handler/gen_normal_area.inst_fifo_node_payld/gen_xpm_memory_fifo.inst_fifo/gen_mem_rep[0].inst_xpm_memory/xpm_memory_base_inst/gen_rd_b.gen_rd_b_synth_template.gen_rf_narrow_reg.doutb_reg_reg[84]/D
FV_FAIL -0.194 xdma_0_axi_aclk bd_i/layer_0/inst/u_core/krow_reg[1267]/CE
FV_FAIL -0.194 xdma_0_axi_aclk bd_i/layer_0/inst/u_core/u_attn/vadd_q_reg[7]/CE
FV_FAIL -0.193 xdma_0_axi_aclk bd_i/layer_0/inst/u_core/u_dn/g_lane[69].dm_p_reg[69]/DSP_A_B_DATA_INST/A[26]
FV_FAIL -0.193 xdma_0_axi_aclk bd_i/layer_0/inst/u_core/u_dma/fmem_reg_0_255_220_220/DP.C/I
FV_FAIL -0.193 xdma_0_axi_aclk bd_i/layer_0/inst/u_core/krow_reg[1294]/D
FV_FAIL -0.193 xdma_0_axi_aclk bd_i/layer_0/inst/u_core/u_attn/o_g4_reg[2][6]/D
FV_FAIL -0.193 xdma_0_axi_aclk bd_i/layer_0/inst/u_core/u_dn/p_0_out__9__6/DSP_A_B_DATA_INST/B[7]
FV_FAIL -0.192 xdma_0_axi_aclk bd_i/layer_0/inst/u_core/u_alu/b_addr_reg[12]/CE
FV_FAIL -0.192 xdma_0_axi_aclk bd_i/layer_0/inst/u_core/u_attn/mx_reg[10]/R
FV_FAIL -0.192 xdma_0_axi_aclk bd_i/layer_0/inst/u_core/u_attn/mx_reg[11]/R
FV_FAIL -0.192 xdma_0_axi_aclk bd_i/layer_0/inst/u_core/u_attn/mx_reg[12]/R
FV_FAIL -0.192 xdma_0_axi_aclk bd_i/layer_0/inst/u_core/u_attn/mx_reg[22]/R
FV_FAIL -0.192 xdma_0_axi_aclk bd_i/layer_0/inst/u_core/u_attn/mx_reg[24]/R
FV_FAIL -0.192 xdma_0_axi_aclk bd_i/layer_0/inst/u_core/u_attn/mx_reg[26]/R
FV_FAIL -0.192 xdma_0_axi_aclk bd_i/layer_0/inst/u_core/u_attn/mx_reg[2]/R
FV_FAIL -0.192 xdma_0_axi_aclk bd_i/layer_0/inst/u_core/u_attn/mx_reg[8]/R
FV_FAIL -0.192 xdma_0_axi_aclk bd_i/layer_0/inst/u_core/u_attn/g_lane[11].pv_p_reg[11]/DSP_A_B_DATA_INST/A[12]
FV_FAIL -0.192 xdma_0_axi_aclk bd_i/layer_0/inst/u_core/u_attn/g_lane[11].pv_p_reg[11]/DSP_A_B_DATA_INST/A[14]
FV_FAIL -0.192 xdma_0_axi_aclk bd_i/layer_0/inst/u_core/u_dn/p_1_out__29__0/DSP_A_B_DATA_INST/A[13]
FV_FAIL -0.192 xdma_0_axi_aclk bd_i/layer_0/inst/u_core/u_dma/fmem_reg_0_255_218_218/SP.A/I
FV_FAIL -0.192 xdma_0_axi_aclk bd_i/layer_0/inst/u_core/u_attn/g_lane[28].pv_p_reg[28]/DSP_A_B_DATA_INST/A[6]
FV_FAIL -0.192 xdma_0_axi_aclk bd_i/layer_0/inst/u_core/u_dn/g_lane[61].kvm_acc_reg[61]/DSP_A_B_DATA_INST/B[1]
FV_FAIL -0.192 xdma_0_axi_aclk bd_i/layer_0/inst/u_core/u_attn/dot_reg[35]/D
FV_FAIL -0.191 xdma_0_axi_aclk bd_i/layer_0/inst/u_core/g_dnslot[1].mem_reg_uram_14/ADDR_A[8]
FV_FAIL -0.191 xdma_0_axi_aclk bd_i/layer_0/inst/u_core/u_dn/g_lane[10].dm_p_reg[10]/DSP_PREADD_DATA_INST/DIN[1]
FV_FAIL -0.191 xdma_0_axi_aclk bd_i/layer_0/inst/u_core/u_alu/ps_rnd_reg[22]/D
FV_FAIL -0.191 xdma_0_axi_aclk bd_i/layer_0/inst/u_core/u_dn/p_1_out__13__8/DSP_A_B_DATA_INST/A[9]
FV_FAIL -0.191 xdma_0_axi_aclk bd_i/layer_0/inst/u_core/krow_reg[1501]/D
FV_FAIL -0.191 xdma_0_axi_aclk bd_i/layer_0/inst/u_core/u_dn/g_lane[42].o_acc_reg[42]/DSP_A_B_DATA_INST/B[2]
FV_FAIL -0.191 xdma_0_axi_aclk bd_i/layer_0/inst/u_core/krow_reg[1063]/D
FV_FAIL -0.191 xdma_0_axi_aclk bd_i/layer_0/inst/u_core/u_attn/vadd_q_reg[14]/CE
FV_FAIL -0.191 xdma_0_axi_aclk bd_i/layer_0/inst/u_core/u_attn/vadd_q_reg[6]/CE
FV_FAIL -0.191 xdma_0_axi_aclk bd_i/layer_0/inst/u_core/u_dma/fmem_reg_0_255_150_150/SP.A/I
FV_FAIL -0.191 xdma_0_axi_aclk bd_i/layer_0/inst/u_core/at_qdata_reg[12]/D
FV_FAIL -0.191 xdma_0_axi_aclk bd_i/mvchan_3/inst/u_chan/csr_static_nrows_reg[15]/R
FV_FAIL -0.191 xdma_0_axi_aclk bd_i/mvchan_3/inst/u_chan/csr_static_wbeats_reg[1]/R
FV_FAIL -0.191 xdma_0_axi_aclk bd_i/mvchan_3/inst/u_chan/csr_static_wbeats_reg[21]/R
FV_FAIL -0.190 xdma_0_axi_aclk bd_i/layer_0/inst/u_core/u_alu/r_res_reg[12]/D
FV_FAIL -0.190 xdma_0_axi_aclk bd_i/layer_0/inst/u_core/u_dn/g_lane[46].kvm_acc_reg[46]/DSP_A_B_DATA_INST/B[1]
FV_FAIL -0.190 xdma_0_axi_aclk bd_i/layer_0/inst/u_core/u_dn/g_lane[37].dec_p_reg[37]/DSP_A_B_DATA_INST/A[9]
FV_FAIL -0.190 xdma_0_axi_aclk bd_i/layer_0/inst/u_core/u_dn/g_lane[35].dec_p_reg[35]/DSP_A_B_DATA_INST/A[0]
FV_FAIL -0.189 xdma_0_axi_aclk bd_i/layer_0/inst/u_core/u_vn/ss_acc0_i_8_psdsp_1/D
FV_FAIL -0.189 xdma_0_axi_aclk bd_i/layer_0/inst/u_core/at_qdata_reg[7]_rep__1/D
FV_FAIL -0.189 xdma_0_axi_aclk bd_i/layer_0/inst/u_core/u_dn/g_lane[77].kvm_acc_reg[77]/DSP_A_B_DATA_INST/B[2]
FV_FAIL -0.189 xdma_0_axi_aclk bd_i/layer_0/inst/u_core/u_topk/sel_reg[27]/D
FV_FAIL -0.189 xdma_0_axi_aclk bd_i/layer_0/inst/u_core/u_dn/p_1_out__31__0/DSP_A_B_DATA_INST/B[5]
FV_FAIL -0.189 xdma_0_axi_aclk bd_i/layer_0/inst/u_core/u_attn/o_g4_reg[2][26]/D
FV_FAIL -0.189 xdma_0_axi_aclk bd_i/layer_0/inst/u_core/u_dn/g_lane[92].dec_p_reg[92]/DSP_A_B_DATA_INST/A[29]
FV_FAIL -0.189 xdma_0_axi_aclk bd_i/layer_0/inst/u_core/u_dn/g_lane[59].kvm_acc_reg[59]_i_14_psdsp/D
FV_FAIL -0.189 xdma_0_axi_aclk bd_i/layer_0/inst/u_core/u_attn/g_lane[86].prod_reg[86]/DSP_A_B_DATA_INST/B[8]
FV_FAIL -0.189 xdma_0_axi_aclk bd_i/layer_0/inst/u_core/u_attn/g_lane[197].pv_p_reg[197]/DSP_A_B_DATA_INST/A[10]
FV_FAIL -0.189 xdma_0_axi_aclk bd_i/layer_0/inst/u_core/u_dn/p_1_out__29__0/DSP_A_B_DATA_INST/A[9]
FV_FAIL -0.188 xdma_0_axi_aclk bd_i/layer_0/inst/u_core/krow_reg[718]/D
FV_FAIL -0.188 xdma_0_axi_aclk bd_i/axil_slice_4/inst/w.w_pipe/m_payload_i_reg[28]/D
FV_FAIL -0.188 xdma_0_axi_aclk bd_i/layer_0/inst/u_core/smem_b_reg_bram_1/ADDRBWRADDR[6]
FV_FAIL -0.188 xdma_0_axi_aclk bd_i/layer_0/inst/u_core/u_dn/p_1_out__0__6/DSP_A_B_DATA_INST/A[28]
FV_FAIL -0.188 xdma_0_axi_aclk bd_i/layer_0/inst/u_core/u_attn/oi_reg[0]_rep__2/CE
FV_FAIL -0.188 xdma_0_axi_aclk bd_i/layer_0/inst/u_core/u_topk/ent_reg[12][42]/CE
FV_FAIL -0.188 xdma_0_axi_aclk bd_i/layer_0/inst/u_core/u_topk/ent_reg[12][44]/CE
FV_FAIL -0.188 xdma_0_axi_aclk bd_i/layer_0/inst/u_core/u_topk/ent_reg[12][49]/CE
FV_FAIL -0.188 xdma_0_axi_aclk bd_i/layer_0/inst/u_core/u_attn/g_lane[146].prod_reg[146]/DSP_A_B_DATA_INST/CEA2
FV_FAIL -0.187 xdma_0_axi_aclk bd_i/layer_0/inst/u_core/u_attn/mul_p00__0/DSP_A_B_DATA_INST/A[4]
FV_FAIL -0.187 xdma_0_axi_aclk bd_i/layer_0/inst/u_core/u_attn/dot_reg[31]/D
FV_FAIL -0.187 xdma_0_axi_aclk bd_i/layer_0/inst/u_core/u_dma/fmem_reg_0_255_310_310/SP.A/I
FV_FAIL -0.186 xdma_0_axi_aclk bd_i/layer_0/inst/u_core/u_alu/mx32_reg[16]/R
FV_FAIL -0.186 xdma_0_axi_aclk bd_i/layer_0/inst/u_core/u_alu/mx32_reg[17]/R
FV_FAIL -0.186 xdma_0_axi_aclk bd_i/layer_0/inst/u_core/u_alu/mx32_reg[20]/R
FV_FAIL -0.186 xdma_0_axi_aclk bd_i/layer_0/inst/u_core/u_alu/mx32_reg[31]/R
FV_FAIL -0.186 xdma_0_axi_aclk bd_i/layer_0/inst/u_core/u_topk/ent_reg[27][18]/CE
FV_FAIL -0.186 xdma_0_axi_aclk bd_i/layer_0/inst/u_core/u_axib/fdat_reg_0_3_0_13/RAMD/I
FV_FAIL -0.186 xdma_0_axi_aclk bd_i/layer_0/inst/u_core/u_attn/dot_reg[29]/D
FV_FAIL -0.186 xdma_0_axi_aclk bd_i/layer_0/inst/u_core/u_alu/cp_v32_reg[22]/D
FV_FAIL -0.186 xdma_0_axi_aclk bd_i/layer_0/inst/u_core/u_dn/g_lane[118].kvm_acc_reg[118]/DSP_A_B_DATA_INST/B[14]
FV_FAIL -0.186 xdma_0_axi_aclk bd_i/layer_0/inst/u_core/u_attn/g_lane[9].prod_reg[9]/DSP_A_B_DATA_INST/CEA2
FV_FAIL -0.186 xdma_0_axi_aclk bd_i/layer_0/inst/u_core/u_attn/g_lane[79].pv_p_reg[79]/DSP_A_B_DATA_INST/A[13]
FV_FAIL -0.186 xdma_0_axi_aclk bd_i/layer_0/inst/u_core/u_dma/fmem_reg_0_255_3_3/DP.B/I
FV_FAIL -0.186 xdma_0_axi_aclk bd_i/layer_0/inst/u_core/u_dn/p_0_out__11__5/DSP_A_B_DATA_INST/B[5]
FV_FAIL -0.186 xdma_0_axi_aclk bd_i/layer_0/inst/u_core/u_attn/g_lane[190].prod_reg[190]_i_6_psdsp_1/D
FV_FAIL -0.185 xdma_0_axi_aclk bd_i/layer_0/inst/u_core/at_qdata_reg[1]_rep__0/D
FV_FAIL -0.185 xdma_0_axi_aclk bd_i/layer_0/inst/u_core/u_axib/fdat_reg_0_3_0_13/RAME/I
FV_FAIL -0.185 xdma_0_axi_aclk bd_i/layer_0/inst/u_core/krow_reg[1022]/D
FV_FAIL -0.185 xdma_0_axi_aclk bd_i/layer_0/inst/u_core/u_dn/g_lane[47].kvm_acc_reg[47]/DSP_A_B_DATA_INST/A[19]
FV_FAIL -0.185 xdma_0_axi_aclk bd_i/mvchan_3/inst/u_chan/xptr_reg[11]/R
FV_FAIL -0.185 xdma_0_axi_aclk bd_i/mvchan_3/inst/u_chan/xptr_reg[6]/R
FV_FAIL -0.185 xdma_0_axi_aclk bd_i/mvchan_3/inst/u_chan/xptr_reg[8]/R
FV_FAIL -0.185 xdma_0_axi_aclk bd_i/layer_0/inst/u_core/s_axil_rdata_reg[11]/D
FV_FAIL -0.185 xdma_0_axi_aclk bd_i/axil_slice_4/inst/ar.ar_pipe/s_ready_i_reg/D
FV_FAIL -0.185 xdma_0_axi_aclk bd_i/layer_0/inst/u_core/u_attn/dot_reg[33]/D
FV_FAIL -0.184 xdma_0_axi_aclk bd_i/layer_0/inst/u_core/tmp64_reg[39]/D
FV_FAIL -0.184 xdma_0_axi_aclk bd_i/layer_0/inst/u_core/u_axib/fdat_reg_0_3_0_13/RAMC/I
FV_FAIL -0.184 xdma_0_axi_aclk bd_i/layer_0/inst/u_core/s16q_reg[5]/D
FV_FAIL -0.184 xdma_0_axi_aclk bd_i/layer_0/inst/u_core/u_dn/p_0_out__10__1/DSP_A_B_DATA_INST/B[10]
FV_FAIL -0.184 xdma_0_axi_aclk bd_i/layer_0/inst/u_core/u_dn/g_lane[94].kvm_acc_reg[94]/DSP_A_B_DATA_INST/B[2]
FV_FAIL -0.184 xdma_0_axi_aclk bd_i/layer_0/inst/u_core/u_attn/g_lane[41].prod_reg[41]/DSP_A_B_DATA_INST/B[0]
FV_FAIL -0.184 xdma_0_axi_aclk bd_i/layer_0/inst/u_core/u_topk/sel_reg[9]/D
FV_FAIL -0.184 xdma_0_axi_aclk bd_i/layer_0/inst/u_core/u_dn/p_1_out__8__10/DSP_PREADD_DATA_INST/DIN[3]
FV_FAIL -0.184 xdma_0_axi_aclk bd_i/layer_0/inst/u_core/u_dma/fmem_reg_0_255_3_3/DP.A/I
FV_FAIL -0.184 xdma_0_axi_aclk bd_i/layer_0/inst/u_core/u_dma/fmem_reg_0_255_179_179/SP.A/I
FV_FAIL -0.184 xdma_0_axi_aclk bd_i/layer_0/inst/u_core/u_dma/fmem_reg_0_255_179_179/SP.D/I
FV_FAIL -0.184 xdma_0_axi_aclk bd_i/layer_0/inst/u_core/u_attn/mul_p00__0/DSP_A_B_DATA_INST/A[2]
FV_FAIL -0.183 xdma_0_axi_aclk bd_i/layer_0/inst/u_core/u_dn/p_0_out__14__2/DSP_A_B_DATA_INST/B[7]
FV_FAIL -0.183 xdma_0_axi_aclk bd_i/layer_0/inst/u_core/dn_vdata_reg[9]/D
FV_FAIL -0.183 xdma_0_axi_aclk bd_i/layer_0/inst/u_core/u_attn/g_lane[230].prod_reg[230]/DSP_A_B_DATA_INST/B[6]
FV_FAIL -0.183 xdma_0_axi_aclk bd_i/layer_0/inst/u_core/at_qdata_reg[1]_rep__4/D
FV_FAIL -0.183 xdma_0_axi_aclk bd_i/layer_0/inst/u_core/u_dn/p_0_out__6__4/DSP_PREADD_DATA_INST/DIN[16]
FV_FAIL -0.183 xdma_0_axi_aclk bd_i/layer_0/inst/u_core/u_attn/g_lane[165].pv_p_reg[165]/DSP_OUTPUT_INST/ALU_OUT[10]
FV_FAIL -0.183 xdma_0_axi_aclk bd_i/layer_0/inst/u_core/u_attn/g_lane[165].pv_p_reg[165]/DSP_OUTPUT_INST/ALU_OUT[11]
FV_FAIL -0.183 xdma_0_axi_aclk bd_i/layer_0/inst/u_core/u_attn/g_lane[165].pv_p_reg[165]/DSP_OUTPUT_INST/ALU_OUT[12]
FV_FAIL -0.183 xdma_0_axi_aclk bd_i/layer_0/inst/u_core/u_attn/g_lane[165].pv_p_reg[165]/DSP_OUTPUT_INST/ALU_OUT[13]
FV_FAIL -0.183 xdma_0_axi_aclk bd_i/layer_0/inst/u_core/u_attn/g_lane[165].pv_p_reg[165]/DSP_OUTPUT_INST/ALU_OUT[14]
FV_FAIL -0.183 xdma_0_axi_aclk bd_i/layer_0/inst/u_core/u_attn/g_lane[165].pv_p_reg[165]/DSP_OUTPUT_INST/ALU_OUT[15]
FV_FAIL -0.183 xdma_0_axi_aclk bd_i/layer_0/inst/u_core/u_attn/g_lane[165].pv_p_reg[165]/DSP_OUTPUT_INST/ALU_OUT[16]
FV_FAIL -0.183 xdma_0_axi_aclk bd_i/layer_0/inst/u_core/u_attn/g_lane[165].pv_p_reg[165]/DSP_OUTPUT_INST/ALU_OUT[17]
FV_FAIL -0.183 xdma_0_axi_aclk bd_i/layer_0/inst/u_core/u_attn/g_lane[165].pv_p_reg[165]/DSP_OUTPUT_INST/ALU_OUT[18]
FV_FAIL -0.183 xdma_0_axi_aclk bd_i/layer_0/inst/u_core/u_attn/g_lane[165].pv_p_reg[165]/DSP_OUTPUT_INST/ALU_OUT[19]
FV_FAIL -0.183 xdma_0_axi_aclk bd_i/layer_0/inst/u_core/u_attn/g_lane[165].pv_p_reg[165]/DSP_OUTPUT_INST/ALU_OUT[20]
FV_FAIL -0.183 xdma_0_axi_aclk bd_i/layer_0/inst/u_core/u_attn/g_lane[165].pv_p_reg[165]/DSP_OUTPUT_INST/ALU_OUT[21]
FV_FAIL -0.183 xdma_0_axi_aclk bd_i/layer_0/inst/u_core/u_attn/g_lane[165].pv_p_reg[165]/DSP_OUTPUT_INST/ALU_OUT[22]
FV_FAIL -0.183 xdma_0_axi_aclk bd_i/layer_0/inst/u_core/u_attn/g_lane[165].pv_p_reg[165]/DSP_OUTPUT_INST/ALU_OUT[23]
FV_FAIL -0.183 xdma_0_axi_aclk bd_i/layer_0/inst/u_core/u_attn/g_lane[165].pv_p_reg[165]/DSP_OUTPUT_INST/ALU_OUT[24]
FV_FAIL -0.183 xdma_0_axi_aclk bd_i/layer_0/inst/u_core/u_attn/g_lane[165].pv_p_reg[165]/DSP_OUTPUT_INST/ALU_OUT[25]
FV_FAIL -0.183 xdma_0_axi_aclk bd_i/layer_0/inst/u_core/u_attn/g_lane[165].pv_p_reg[165]/DSP_OUTPUT_INST/ALU_OUT[26]
FV_FAIL -0.183 xdma_0_axi_aclk bd_i/layer_0/inst/u_core/u_attn/g_lane[165].pv_p_reg[165]/DSP_OUTPUT_INST/ALU_OUT[27]
FV_FAIL -0.183 xdma_0_axi_aclk bd_i/layer_0/inst/u_core/u_attn/g_lane[165].pv_p_reg[165]/DSP_OUTPUT_INST/ALU_OUT[28]
FV_FAIL -0.183 xdma_0_axi_aclk bd_i/layer_0/inst/u_core/u_attn/g_lane[165].pv_p_reg[165]/DSP_OUTPUT_INST/ALU_OUT[29]
FV_FAIL -0.183 xdma_0_axi_aclk bd_i/layer_0/inst/u_core/u_attn/g_lane[165].pv_p_reg[165]/DSP_OUTPUT_INST/ALU_OUT[30]
FV_FAIL -0.183 xdma_0_axi_aclk bd_i/layer_0/inst/u_core/u_attn/g_lane[165].pv_p_reg[165]/DSP_OUTPUT_INST/ALU_OUT[31]
FV_FAIL -0.183 xdma_0_axi_aclk bd_i/layer_0/inst/u_core/u_attn/g_lane[165].pv_p_reg[165]/DSP_OUTPUT_INST/ALU_OUT[32]
FV_FAIL -0.183 xdma_0_axi_aclk bd_i/layer_0/inst/u_core/u_attn/g_lane[165].pv_p_reg[165]/DSP_OUTPUT_INST/ALU_OUT[33]
FV_FAIL -0.183 xdma_0_axi_aclk bd_i/layer_0/inst/u_core/u_attn/g_lane[165].pv_p_reg[165]/DSP_OUTPUT_INST/ALU_OUT[34]
FV_FAIL -0.183 xdma_0_axi_aclk bd_i/layer_0/inst/u_core/u_attn/g_lane[165].pv_p_reg[165]/DSP_OUTPUT_INST/ALU_OUT[35]
FV_FAIL -0.183 xdma_0_axi_aclk bd_i/layer_0/inst/u_core/u_attn/g_lane[165].pv_p_reg[165]/DSP_OUTPUT_INST/ALU_OUT[36]
FV_FAIL -0.183 xdma_0_axi_aclk bd_i/layer_0/inst/u_core/u_attn/g_lane[165].pv_p_reg[165]/DSP_OUTPUT_INST/ALU_OUT[37]
FV_FAIL -0.183 xdma_0_axi_aclk bd_i/layer_0/inst/u_core/u_attn/g_lane[165].pv_p_reg[165]/DSP_OUTPUT_INST/ALU_OUT[38]
FV_FAIL -0.183 xdma_0_axi_aclk bd_i/layer_0/inst/u_core/u_attn/g_lane[165].pv_p_reg[165]/DSP_OUTPUT_INST/ALU_OUT[39]
FV_FAIL -0.183 xdma_0_axi_aclk bd_i/layer_0/inst/u_core/u_attn/g_lane[165].pv_p_reg[165]/DSP_OUTPUT_INST/ALU_OUT[40]
FV_FAIL -0.183 xdma_0_axi_aclk bd_i/layer_0/inst/u_core/u_attn/g_lane[165].pv_p_reg[165]/DSP_OUTPUT_INST/ALU_OUT[41]
FV_FAIL -0.183 xdma_0_axi_aclk bd_i/layer_0/inst/u_core/u_attn/g_lane[165].pv_p_reg[165]/DSP_OUTPUT_INST/ALU_OUT[42]
FV_FAIL -0.183 xdma_0_axi_aclk bd_i/layer_0/inst/u_core/u_attn/g_lane[165].pv_p_reg[165]/DSP_OUTPUT_INST/ALU_OUT[43]
FV_FAIL -0.183 xdma_0_axi_aclk bd_i/layer_0/inst/u_core/u_attn/g_lane[165].pv_p_reg[165]/DSP_OUTPUT_INST/ALU_OUT[44]
FV_FAIL -0.183 xdma_0_axi_aclk bd_i/layer_0/inst/u_core/u_attn/g_lane[165].pv_p_reg[165]/DSP_OUTPUT_INST/ALU_OUT[45]
FV_FAIL -0.183 xdma_0_axi_aclk bd_i/layer_0/inst/u_core/u_attn/g_lane[165].pv_p_reg[165]/DSP_OUTPUT_INST/ALU_OUT[46]
FV_FAIL -0.183 xdma_0_axi_aclk bd_i/layer_0/inst/u_core/u_attn/g_lane[165].pv_p_reg[165]/DSP_OUTPUT_INST/ALU_OUT[47]
FV_FAIL -0.183 xdma_0_axi_aclk bd_i/layer_0/inst/u_core/u_attn/o_g4_reg[1][28]/D
FV_FAIL -0.183 xdma_0_axi_aclk bd_i/layer_0/inst/u_core/u_dn/g_lane[102].kvm_acc_reg[102]/DSP_A_B_DATA_INST/B[3]
FV_FAIL -0.183 xdma_0_axi_aclk bd_i/layer_0/inst/u_core/u_dma/fmem_reg_0_255_3_3/DP.C/I
FV_FAIL -0.183 xdma_0_axi_aclk bd_i/mvchan_3/inst/u_chan/csr_static_wbase_reg[8]/R
FV_FAIL -0.183 xdma_0_axi_aclk bd_i/mvchan_3/inst/u_chan/csr_static_wbase_reg[9]/R
FV_FAIL -0.183 xdma_0_axi_aclk bd_i/mvchan_3/inst/u_chan/xptr_reg[10]/R
FV_FAIL -0.183 xdma_0_axi_aclk bd_i/mvchan_3/inst/u_chan/xptr_reg[7]/R
FV_FAIL -0.183 xdma_0_axi_aclk bd_i/mvchan_3/inst/u_chan/xptr_reg[9]/R
FV_FAIL -0.183 xdma_0_axi_aclk bd_i/layer_0/inst/u_core/u_attn/mul_p00__0/DSP_A_B_DATA_INST/A[11]
FV_FAIL -0.183 xdma_0_axi_aclk bd_i/layer_0/inst/u_core/u_attn/g_lane[190].prod_reg[190]_i_6_psdsp/D
FV_FAIL -0.182 xdma_0_axi_aclk bd_i/layer_0/inst/u_core/u_attn/o_g4_reg[2][21]/D
FV_FAIL -0.182 xdma_0_axi_aclk bd_i/layer_0/inst/u_core/u_attn/o_g4_reg[2][4]/D
FV_FAIL -0.182 xdma_0_axi_aclk bd_i/layer_0/inst/u_core/u_dma/fmem_reg_0_255_336_336/SP.A/I
FV_FAIL -0.182 xdma_0_axi_aclk bd_i/layer_0/inst/u_core/u_dn/vdata_q_reg[19]_rep__2_replica_2/D
FV_FAIL -0.182 xdma_0_axi_aclk bd_i/layer_0/inst/u_core/g_kvslot[1].mem_reg_uram_43/CAS_IN_BWE_B[8]
FV_FAIL -0.182 xdma_0_axi_aclk bd_i/layer_0/inst/u_core/u_dn/vdata_q_reg[3]_rep__8_replica_3/D
FV_FAIL -0.182 xdma_0_axi_aclk bd_i/layer_0/inst/u_core/u_alu/ps_rnd_reg[25]/D
FV_FAIL -0.181 xdma_0_axi_aclk bd_i/layer_0/inst/u_core/g_dnslot[1].mem_reg_uram_21/DIN_B[56]
FV_FAIL -0.181 xdma_0_axi_aclk bd_i/layer_0/inst/u_core/u_alu/ps_rnd_reg[16]/D
FV_FAIL -0.181 xdma_0_axi_aclk bd_i/layer_0/inst/u_core/u_attn/g_lane[92].pv_p_reg[92]/DSP_A_B_DATA_INST/A[24]
FV_FAIL -0.181 xdma_0_axi_aclk bd_i/layer_0/inst/u_core/smem_a_reg_bram_9/ENBWREN
FV_FAIL -0.181 xdma_0_axi_aclk bd_i/layer_0/inst/u_core/g_kvslot[1].mem_reg_uram_31/CAS_IN_ADDR_B[12]
FV_FAIL -0.181 xdma_0_axi_aclk bd_i/axil_slice_4/inst/w.w_pipe/m_payload_i_reg[30]/D
FV_FAIL -0.181 xdma_0_axi_aclk bd_i/layer_0/inst/u_core/u_dma/fmem_reg_0_255_86_86/DP.C/I
FV_FAIL -0.181 xdma_0_axi_aclk bd_i/layer_0/inst/u_core/u_attn/mul_p00__0/DSP_A_B_DATA_INST/A[16]
FV_FAIL -0.181 xdma_0_axi_aclk bd_i/layer_0/inst/u_core/u_attn/o_g4_reg[0][9]/D
FV_FAIL -0.180 xdma_0_axi_aclk bd_i/layer_0/inst/u_core/u_attn/g_lane[114].prod_reg[114]/DSP_A_B_DATA_INST/B[1]
FV_FAIL -0.180 xdma_0_axi_aclk bd_i/layer_0/inst/u_core/u_dn/vdata_q_reg[6]_rep__8_replica_3/D
FV_FAIL -0.180 xdma_0_axi_aclk bd_i/layer_0/inst/u_core/u_dn/p_0_out__3__10/DSP_A_B_DATA_INST/B[14]
FV_FAIL -0.180 xdma_0_axi_aclk bd_i/layer_0/inst/u_core/u_dn/g_lane[94].kvm_acc_reg[94]/DSP_A_B_DATA_INST/B[7]
FV_FAIL -0.180 xdma_0_axi_aclk bd_i/layer_0/inst/u_core/u_dn/p_1_out__13/DSP_PREADD_DATA_INST/DIN[10]
FV_FAIL -0.180 xdma_0_axi_aclk bd_i/layer_0/inst/u_core/u_alu/cp_v32_reg[23]/D
FV_FAIL -0.179 xdma_0_axi_aclk bd_i/layer_0/inst/u_core/s_axil_rdata_reg[2]/D
FV_FAIL -0.179 xdma_0_axi_aclk bd_i/layer_0/inst/u_core/u_attn/oi_reg[1]_rep__12/CE
FV_FAIL -0.179 xdma_0_axi_aclk bd_i/layer_0/inst/u_core/u_attn/oi_reg[1]_rep__14/CE
FV_FAIL -0.179 xdma_0_axi_aclk bd_i/layer_0/inst/u_core/u_attn/g_lane[234].pv_p_reg[234]/DSP_OUTPUT_INST/ALU_OUT[2]
FV_FAIL -0.179 xdma_0_axi_aclk bd_i/layer_0/inst/u_core/u_attn/g_lane[234].pv_p_reg[234]/DSP_OUTPUT_INST/ALU_OUT[3]
FV_FAIL -0.179 xdma_0_axi_aclk bd_i/layer_0/inst/u_core/smem_b_reg_bram_4/ADDRBWRADDR[6]
FV_FAIL -0.179 xdma_0_axi_aclk bd_i/layer_0/inst/u_core/u_dn/g_lane[69].dm_p_reg[69]/DSP_A_B_DATA_INST/A[23]
FV_FAIL -0.179 xdma_0_axi_aclk bd_i/layer_0/inst/u_core/u_dn/p_1_out__30__1/DSP_A_B_DATA_INST/B[1]
FV_FAIL -0.179 xdma_0_axi_aclk bd_i/layer_0/inst/u_core/u_dn/p_1_out__36/DSP_PREADD_DATA_INST/DIN[14]
FV_FAIL -0.179 xdma_0_axi_aclk bd_i/layer_0/inst/u_core/u_dn/g_lane[79].p2_p_reg[79]/DSP_A_B_DATA_INST/B[2]
FV_FAIL -0.178 xdma_0_axi_aclk bd_i/layer_0/inst/u_core/u_conv/u_silu/m3_reg/DSP_A_B_DATA_INST/B[9]
FV_FAIL -0.178 xdma_0_axi_aclk bd_i/layer_0/inst/u_core/tmp64_reg[1]/D
FV_FAIL -0.178 xdma_0_axi_aclk bd_i/layer_0/inst/u_core/g_kvslot[1].mem_reg_uram_15/CAS_IN_DIN_B[18]
FV_FAIL -0.178 xdma_0_axi_aclk bd_i/layer_0/inst/u_core/u_attn/g_lane[96].pv_p_reg[96]/DSP_A_B_DATA_INST/A[0]
FV_FAIL -0.178 xdma_0_axi_aclk bd_i/layer_0/inst/u_core/u_dn/g_lane[37].kvm_acc_reg[37]/DSP_A_B_DATA_INST/A[15]
FV_FAIL -0.178 xdma_0_axi_aclk bd_i/layer_0/inst/u_core/s_axil_rdata_reg[7]/D
FV_FAIL -0.178 xdma_0_axi_aclk bd_i/layer_0/inst/u_core/g_kvslot[0].mem_reg_uram_13/CAS_IN_DIN_B[3]
FV_FAIL -0.178 xdma_0_axi_aclk bd_i/layer_0/inst/u_core/u_alu/ps_rnd_reg[15]/D
FV_FAIL -0.178 xdma_0_axi_aclk bd_i/layer_0/inst/u_core/u_attn/o_g4_reg[0][10]/D
FV_FAIL -0.178 xdma_0_axi_aclk bd_i/layer_0/inst/u_core/at_qdata_reg[0]_rep__3/D
FV_FAIL -0.178 xdma_0_axi_aclk bd_i/layer_0/inst/u_core/u_dn/p_0_out__1__9/DSP_PREADD_DATA_INST/DIN[15]
FV_FAIL -0.177 xdma_0_axi_aclk bd_i/layer_0/inst/u_core/u_conv/u_silu/m3_reg/DSP_A_B_DATA_INST/B[8]
FV_FAIL -0.177 xdma_0_axi_aclk bd_i/layer_0/inst/u_core/at_qdata_reg[13]_rep__1/D
FV_FAIL -0.177 xdma_0_axi_aclk bd_i/layer_0/inst/u_core/u_attn/oi_reg[0]_rep__3/CE
FV_FAIL -0.177 xdma_0_axi_aclk bd_i/layer_0/inst/u_core/u_attn/oi_reg[1]_rep__4/CE
FV_FAIL -0.177 xdma_0_axi_aclk bd_i/layer_0/inst/u_core/u_attn/o_g4_reg[1][5]/D
FV_FAIL -0.177 xdma_0_axi_aclk bd_i/layer_0/inst/u_core/u_dn/g_lane[90].kvm_acc_reg[90]/DSP_A_B_DATA_INST/B[9]
FV_FAIL -0.177 xdma_0_axi_aclk bd_i/layer_0/inst/u_core/smem_b_reg_bram_0/ADDRBWRADDR[6]
FV_FAIL -0.177 xdma_0_axi_aclk bd_i/layer_0/inst/u_core/at_qdata_reg[0]_rep__8/D
FV_FAIL -0.177 xdma_0_axi_aclk bd_i/layer_0/inst/u_core/u_attn/dot_reg[34]/D
FV_FAIL -0.176 xdma_0_axi_aclk bd_i/layer_0/inst/u_core/u_dn/p_1_out__1__7/DSP_PREADD_DATA_INST/DIN[1]
FV_FAIL -0.176 xdma_0_axi_aclk bd_i/layer_0/inst/u_core/u_dn/g_lane[88].dm_p_reg[88]/DSP_OUTPUT_INST/ALU_OUT[0]
FV_FAIL -0.176 xdma_0_axi_aclk bd_i/layer_0/inst/u_core/u_dn/g_lane[88].dm_p_reg[88]/DSP_OUTPUT_INST/ALU_OUT[10]
FV_FAIL -0.176 xdma_0_axi_aclk bd_i/layer_0/inst/u_core/u_dn/g_lane[88].dm_p_reg[88]/DSP_OUTPUT_INST/ALU_OUT[11]
FV_FAIL -0.176 xdma_0_axi_aclk bd_i/layer_0/inst/u_core/u_dn/g_lane[88].dm_p_reg[88]/DSP_OUTPUT_INST/ALU_OUT[12]
FV_FAIL -0.176 xdma_0_axi_aclk bd_i/layer_0/inst/u_core/u_dn/g_lane[88].dm_p_reg[88]/DSP_OUTPUT_INST/ALU_OUT[13]
FV_FAIL -0.176 xdma_0_axi_aclk bd_i/layer_0/inst/u_core/u_dn/g_lane[88].dm_p_reg[88]/DSP_OUTPUT_INST/ALU_OUT[14]
FV_FAIL -0.176 xdma_0_axi_aclk bd_i/layer_0/inst/u_core/u_dn/g_lane[88].dm_p_reg[88]/DSP_OUTPUT_INST/ALU_OUT[15]
FV_FAIL -0.176 xdma_0_axi_aclk bd_i/layer_0/inst/u_core/u_dn/g_lane[88].dm_p_reg[88]/DSP_OUTPUT_INST/ALU_OUT[16]
FV_FAIL -0.176 xdma_0_axi_aclk bd_i/layer_0/inst/u_core/u_dn/g_lane[88].dm_p_reg[88]/DSP_OUTPUT_INST/ALU_OUT[17]
FV_FAIL -0.176 xdma_0_axi_aclk bd_i/layer_0/inst/u_core/u_dn/g_lane[88].dm_p_reg[88]/DSP_OUTPUT_INST/ALU_OUT[18]
FV_FAIL -0.176 xdma_0_axi_aclk bd_i/layer_0/inst/u_core/u_dn/g_lane[88].dm_p_reg[88]/DSP_OUTPUT_INST/ALU_OUT[19]
FV_FAIL -0.176 xdma_0_axi_aclk bd_i/layer_0/inst/u_core/u_dn/g_lane[88].dm_p_reg[88]/DSP_OUTPUT_INST/ALU_OUT[1]
FV_FAIL -0.176 xdma_0_axi_aclk bd_i/layer_0/inst/u_core/u_dn/g_lane[88].dm_p_reg[88]/DSP_OUTPUT_INST/ALU_OUT[20]
FV_FAIL -0.176 xdma_0_axi_aclk bd_i/layer_0/inst/u_core/u_dn/g_lane[88].dm_p_reg[88]/DSP_OUTPUT_INST/ALU_OUT[21]
FV_FAIL -0.176 xdma_0_axi_aclk bd_i/layer_0/inst/u_core/u_dn/g_lane[88].dm_p_reg[88]/DSP_OUTPUT_INST/ALU_OUT[22]
FV_FAIL -0.176 xdma_0_axi_aclk bd_i/layer_0/inst/u_core/u_dn/g_lane[88].dm_p_reg[88]/DSP_OUTPUT_INST/ALU_OUT[23]
FV_FAIL -0.176 xdma_0_axi_aclk bd_i/layer_0/inst/u_core/u_dn/g_lane[88].dm_p_reg[88]/DSP_OUTPUT_INST/ALU_OUT[24]
FV_FAIL -0.176 xdma_0_axi_aclk bd_i/layer_0/inst/u_core/u_dn/g_lane[88].dm_p_reg[88]/DSP_OUTPUT_INST/ALU_OUT[25]
FV_FAIL -0.176 xdma_0_axi_aclk bd_i/layer_0/inst/u_core/u_dn/g_lane[88].dm_p_reg[88]/DSP_OUTPUT_INST/ALU_OUT[26]
FV_FAIL -0.176 xdma_0_axi_aclk bd_i/layer_0/inst/u_core/u_dn/g_lane[88].dm_p_reg[88]/DSP_OUTPUT_INST/ALU_OUT[27]
FV_FAIL -0.176 xdma_0_axi_aclk bd_i/layer_0/inst/u_core/u_dn/g_lane[88].dm_p_reg[88]/DSP_OUTPUT_INST/ALU_OUT[28]
FV_FAIL -0.176 xdma_0_axi_aclk bd_i/layer_0/inst/u_core/u_dn/g_lane[88].dm_p_reg[88]/DSP_OUTPUT_INST/ALU_OUT[29]
FV_FAIL -0.176 xdma_0_axi_aclk bd_i/layer_0/inst/u_core/u_dn/g_lane[88].dm_p_reg[88]/DSP_OUTPUT_INST/ALU_OUT[2]
FV_FAIL -0.176 xdma_0_axi_aclk bd_i/layer_0/inst/u_core/u_dn/g_lane[88].dm_p_reg[88]/DSP_OUTPUT_INST/ALU_OUT[30]
FV_FAIL -0.176 xdma_0_axi_aclk bd_i/layer_0/inst/u_core/u_dn/g_lane[88].dm_p_reg[88]/DSP_OUTPUT_INST/ALU_OUT[31]
FV_FAIL -0.176 xdma_0_axi_aclk bd_i/layer_0/inst/u_core/u_dn/g_lane[88].dm_p_reg[88]/DSP_OUTPUT_INST/ALU_OUT[32]
FV_FAIL -0.176 xdma_0_axi_aclk bd_i/layer_0/inst/u_core/u_dn/g_lane[88].dm_p_reg[88]/DSP_OUTPUT_INST/ALU_OUT[33]
FV_FAIL -0.176 xdma_0_axi_aclk bd_i/layer_0/inst/u_core/u_dn/g_lane[88].dm_p_reg[88]/DSP_OUTPUT_INST/ALU_OUT[34]
FV_FAIL -0.176 xdma_0_axi_aclk bd_i/layer_0/inst/u_core/u_dn/g_lane[88].dm_p_reg[88]/DSP_OUTPUT_INST/ALU_OUT[35]
FV_FAIL -0.176 xdma_0_axi_aclk bd_i/layer_0/inst/u_core/u_dn/g_lane[88].dm_p_reg[88]/DSP_OUTPUT_INST/ALU_OUT[36]
FV_FAIL -0.176 xdma_0_axi_aclk bd_i/layer_0/inst/u_core/u_dn/g_lane[88].dm_p_reg[88]/DSP_OUTPUT_INST/ALU_OUT[37]
FV_FAIL -0.176 xdma_0_axi_aclk bd_i/layer_0/inst/u_core/u_dn/g_lane[88].dm_p_reg[88]/DSP_OUTPUT_INST/ALU_OUT[38]
FV_FAIL -0.176 xdma_0_axi_aclk bd_i/layer_0/inst/u_core/u_dn/g_lane[88].dm_p_reg[88]/DSP_OUTPUT_INST/ALU_OUT[39]
FV_FAIL -0.176 xdma_0_axi_aclk bd_i/layer_0/inst/u_core/u_dn/g_lane[88].dm_p_reg[88]/DSP_OUTPUT_INST/ALU_OUT[3]
FV_FAIL -0.176 xdma_0_axi_aclk bd_i/layer_0/inst/u_core/u_dn/g_lane[88].dm_p_reg[88]/DSP_OUTPUT_INST/ALU_OUT[40]
FV_FAIL -0.176 xdma_0_axi_aclk bd_i/layer_0/inst/u_core/u_dn/g_lane[88].dm_p_reg[88]/DSP_OUTPUT_INST/ALU_OUT[41]
FV_FAIL -0.176 xdma_0_axi_aclk bd_i/layer_0/inst/u_core/u_dn/g_lane[88].dm_p_reg[88]/DSP_OUTPUT_INST/ALU_OUT[42]
FV_FAIL -0.176 xdma_0_axi_aclk bd_i/layer_0/inst/u_core/u_dn/g_lane[88].dm_p_reg[88]/DSP_OUTPUT_INST/ALU_OUT[43]
FV_FAIL -0.176 xdma_0_axi_aclk bd_i/layer_0/inst/u_core/u_dn/g_lane[88].dm_p_reg[88]/DSP_OUTPUT_INST/ALU_OUT[44]
FV_FAIL -0.176 xdma_0_axi_aclk bd_i/layer_0/inst/u_core/u_dn/g_lane[88].dm_p_reg[88]/DSP_OUTPUT_INST/ALU_OUT[45]
FV_FAIL -0.176 xdma_0_axi_aclk bd_i/layer_0/inst/u_core/u_dn/g_lane[88].dm_p_reg[88]/DSP_OUTPUT_INST/ALU_OUT[46]
FV_FAIL -0.176 xdma_0_axi_aclk bd_i/layer_0/inst/u_core/u_dn/g_lane[88].dm_p_reg[88]/DSP_OUTPUT_INST/ALU_OUT[47]
FV_FAIL -0.176 xdma_0_axi_aclk bd_i/layer_0/inst/u_core/u_dn/g_lane[88].dm_p_reg[88]/DSP_OUTPUT_INST/ALU_OUT[4]
FV_FAIL -0.176 xdma_0_axi_aclk bd_i/layer_0/inst/u_core/u_dn/g_lane[88].dm_p_reg[88]/DSP_OUTPUT_INST/ALU_OUT[5]
FV_FAIL -0.176 xdma_0_axi_aclk bd_i/layer_0/inst/u_core/u_dn/g_lane[88].dm_p_reg[88]/DSP_OUTPUT_INST/ALU_OUT[6]
FV_FAIL -0.176 xdma_0_axi_aclk bd_i/layer_0/inst/u_core/u_dn/g_lane[88].dm_p_reg[88]/DSP_OUTPUT_INST/ALU_OUT[7]
FV_FAIL -0.176 xdma_0_axi_aclk bd_i/layer_0/inst/u_core/u_dn/g_lane[88].dm_p_reg[88]/DSP_OUTPUT_INST/ALU_OUT[8]
FV_FAIL -0.176 xdma_0_axi_aclk bd_i/layer_0/inst/u_core/u_dn/g_lane[88].dm_p_reg[88]/DSP_OUTPUT_INST/ALU_OUT[9]
FV_FAIL -0.176 xdma_0_axi_aclk bd_i/layer_0/inst/u_core/u_dma/fmem_reg_0_255_17_17/SP.A/I
FV_FAIL -0.176 xdma_0_axi_aclk bd_i/layer_0/inst/u_core/u_dn/g_lane[46].p2_p_reg[46]/DSP_A_B_DATA_INST/B[7]
FV_FAIL -0.176 xdma_0_axi_aclk bd_i/layer_0/inst/u_core/st_reg[5]/CE
FV_FAIL -0.176 xdma_0_axi_aclk bd_i/layer_0/inst/u_core/u_attn/g_lane[238].pv_p_reg[238]/DSP_OUTPUT_INST/ALU_OUT[10]
FV_FAIL -0.176 xdma_0_axi_aclk bd_i/layer_0/inst/u_core/u_attn/g_lane[238].pv_p_reg[238]/DSP_OUTPUT_INST/ALU_OUT[11]
FV_FAIL -0.176 xdma_0_axi_aclk bd_i/layer_0/inst/u_core/u_attn/g_lane[238].pv_p_reg[238]/DSP_OUTPUT_INST/ALU_OUT[12]
FV_FAIL -0.176 xdma_0_axi_aclk bd_i/layer_0/inst/u_core/u_attn/g_lane[238].pv_p_reg[238]/DSP_OUTPUT_INST/ALU_OUT[13]
FV_FAIL -0.176 xdma_0_axi_aclk bd_i/layer_0/inst/u_core/u_attn/g_lane[238].pv_p_reg[238]/DSP_OUTPUT_INST/ALU_OUT[14]
FV_FAIL -0.176 xdma_0_axi_aclk bd_i/layer_0/inst/u_core/u_attn/g_lane[238].pv_p_reg[238]/DSP_OUTPUT_INST/ALU_OUT[15]
FV_FAIL -0.176 xdma_0_axi_aclk bd_i/layer_0/inst/u_core/u_attn/g_lane[238].pv_p_reg[238]/DSP_OUTPUT_INST/ALU_OUT[16]
FV_FAIL -0.176 xdma_0_axi_aclk bd_i/layer_0/inst/u_core/u_attn/g_lane[238].pv_p_reg[238]/DSP_OUTPUT_INST/ALU_OUT[17]
FV_FAIL -0.176 xdma_0_axi_aclk bd_i/layer_0/inst/u_core/u_attn/g_lane[238].pv_p_reg[238]/DSP_OUTPUT_INST/ALU_OUT[18]
FV_FAIL -0.176 xdma_0_axi_aclk bd_i/layer_0/inst/u_core/u_attn/g_lane[238].pv_p_reg[238]/DSP_OUTPUT_INST/ALU_OUT[19]
FV_FAIL -0.176 xdma_0_axi_aclk bd_i/layer_0/inst/u_core/u_attn/g_lane[238].pv_p_reg[238]/DSP_OUTPUT_INST/ALU_OUT[20]
FV_FAIL -0.176 xdma_0_axi_aclk bd_i/layer_0/inst/u_core/u_attn/g_lane[238].pv_p_reg[238]/DSP_OUTPUT_INST/ALU_OUT[21]
FV_FAIL -0.176 xdma_0_axi_aclk bd_i/layer_0/inst/u_core/u_attn/g_lane[238].pv_p_reg[238]/DSP_OUTPUT_INST/ALU_OUT[22]
FV_FAIL -0.176 xdma_0_axi_aclk bd_i/layer_0/inst/u_core/u_attn/g_lane[238].pv_p_reg[238]/DSP_OUTPUT_INST/ALU_OUT[23]
FV_FAIL -0.176 xdma_0_axi_aclk bd_i/layer_0/inst/u_core/u_attn/g_lane[238].pv_p_reg[238]/DSP_OUTPUT_INST/ALU_OUT[24]
FV_FAIL -0.176 xdma_0_axi_aclk bd_i/layer_0/inst/u_core/u_attn/g_lane[238].pv_p_reg[238]/DSP_OUTPUT_INST/ALU_OUT[25]
FV_FAIL -0.176 xdma_0_axi_aclk bd_i/layer_0/inst/u_core/u_attn/g_lane[238].pv_p_reg[238]/DSP_OUTPUT_INST/ALU_OUT[26]
FV_FAIL -0.176 xdma_0_axi_aclk bd_i/layer_0/inst/u_core/u_attn/g_lane[238].pv_p_reg[238]/DSP_OUTPUT_INST/ALU_OUT[27]
FV_FAIL -0.176 xdma_0_axi_aclk bd_i/layer_0/inst/u_core/u_attn/g_lane[238].pv_p_reg[238]/DSP_OUTPUT_INST/ALU_OUT[28]
FV_FAIL -0.176 xdma_0_axi_aclk bd_i/layer_0/inst/u_core/u_attn/g_lane[238].pv_p_reg[238]/DSP_OUTPUT_INST/ALU_OUT[29]
FV_FAIL -0.176 xdma_0_axi_aclk bd_i/layer_0/inst/u_core/u_attn/g_lane[238].pv_p_reg[238]/DSP_OUTPUT_INST/ALU_OUT[30]
FV_FAIL -0.176 xdma_0_axi_aclk bd_i/layer_0/inst/u_core/u_attn/g_lane[238].pv_p_reg[238]/DSP_OUTPUT_INST/ALU_OUT[31]
FV_FAIL -0.176 xdma_0_axi_aclk bd_i/layer_0/inst/u_core/u_attn/g_lane[238].pv_p_reg[238]/DSP_OUTPUT_INST/ALU_OUT[32]
FV_FAIL -0.176 xdma_0_axi_aclk bd_i/layer_0/inst/u_core/u_attn/g_lane[238].pv_p_reg[238]/DSP_OUTPUT_INST/ALU_OUT[33]
FV_FAIL -0.176 xdma_0_axi_aclk bd_i/layer_0/inst/u_core/u_attn/g_lane[238].pv_p_reg[238]/DSP_OUTPUT_INST/ALU_OUT[34]
FV_FAIL -0.176 xdma_0_axi_aclk bd_i/layer_0/inst/u_core/u_attn/g_lane[238].pv_p_reg[238]/DSP_OUTPUT_INST/ALU_OUT[35]
FV_FAIL -0.176 xdma_0_axi_aclk bd_i/layer_0/inst/u_core/u_attn/g_lane[238].pv_p_reg[238]/DSP_OUTPUT_INST/ALU_OUT[36]
FV_FAIL -0.176 xdma_0_axi_aclk bd_i/layer_0/inst/u_core/u_attn/g_lane[238].pv_p_reg[238]/DSP_OUTPUT_INST/ALU_OUT[37]
FV_FAIL -0.176 xdma_0_axi_aclk bd_i/layer_0/inst/u_core/u_attn/g_lane[238].pv_p_reg[238]/DSP_OUTPUT_INST/ALU_OUT[38]
FV_FAIL -0.176 xdma_0_axi_aclk bd_i/layer_0/inst/u_core/u_attn/g_lane[238].pv_p_reg[238]/DSP_OUTPUT_INST/ALU_OUT[39]
FV_FAIL -0.176 xdma_0_axi_aclk bd_i/layer_0/inst/u_core/u_attn/g_lane[238].pv_p_reg[238]/DSP_OUTPUT_INST/ALU_OUT[40]
FV_FAIL -0.176 xdma_0_axi_aclk bd_i/layer_0/inst/u_core/u_attn/g_lane[238].pv_p_reg[238]/DSP_OUTPUT_INST/ALU_OUT[41]
FV_FAIL -0.176 xdma_0_axi_aclk bd_i/layer_0/inst/u_core/u_attn/g_lane[238].pv_p_reg[238]/DSP_OUTPUT_INST/ALU_OUT[42]
FV_FAIL -0.176 xdma_0_axi_aclk bd_i/layer_0/inst/u_core/u_attn/g_lane[238].pv_p_reg[238]/DSP_OUTPUT_INST/ALU_OUT[43]
FV_FAIL -0.176 xdma_0_axi_aclk bd_i/layer_0/inst/u_core/u_attn/g_lane[238].pv_p_reg[238]/DSP_OUTPUT_INST/ALU_OUT[44]
FV_FAIL -0.176 xdma_0_axi_aclk bd_i/layer_0/inst/u_core/u_attn/g_lane[238].pv_p_reg[238]/DSP_OUTPUT_INST/ALU_OUT[45]
FV_FAIL -0.176 xdma_0_axi_aclk bd_i/layer_0/inst/u_core/u_attn/g_lane[238].pv_p_reg[238]/DSP_OUTPUT_INST/ALU_OUT[46]
FV_FAIL -0.176 xdma_0_axi_aclk bd_i/layer_0/inst/u_core/u_attn/g_lane[238].pv_p_reg[238]/DSP_OUTPUT_INST/ALU_OUT[47]
FV_FAIL -0.176 xdma_0_axi_aclk bd_i/layer_0/inst/u_core/u_attn/g_lane[238].pv_p_reg[238]/DSP_OUTPUT_INST/ALU_OUT[4]
FV_FAIL -0.176 xdma_0_axi_aclk bd_i/layer_0/inst/u_core/u_attn/g_lane[238].pv_p_reg[238]/DSP_OUTPUT_INST/ALU_OUT[5]
FV_FAIL -0.176 xdma_0_axi_aclk bd_i/layer_0/inst/u_core/u_attn/g_lane[238].pv_p_reg[238]/DSP_OUTPUT_INST/ALU_OUT[6]
FV_FAIL -0.176 xdma_0_axi_aclk bd_i/layer_0/inst/u_core/u_attn/g_lane[238].pv_p_reg[238]/DSP_OUTPUT_INST/ALU_OUT[7]
FV_FAIL -0.176 xdma_0_axi_aclk bd_i/layer_0/inst/u_core/u_attn/g_lane[238].pv_p_reg[238]/DSP_OUTPUT_INST/ALU_OUT[8]
FV_FAIL -0.176 xdma_0_axi_aclk bd_i/layer_0/inst/u_core/u_attn/g_lane[238].pv_p_reg[238]/DSP_OUTPUT_INST/ALU_OUT[9]
FV_FAIL -0.176 xdma_0_axi_aclk bd_i/layer_0/inst/u_core/g_kvslot[0].mem_reg_uram_31/CAS_IN_ADDR_B[12]
FV_FAIL -0.175 xdma_0_axi_aclk bd_i/layer_0/inst/u_core/u_attn/g_lane[79].pv_p_reg[79]/DSP_A_B_DATA_INST/A[19]
FV_FAIL -0.175 xdma_0_axi_aclk bd_i/layer_0/inst/u_core/u_dn/p_1_out__26__1/DSP_A_B_DATA_INST/B[7]
FV_FAIL -0.175 xdma_0_axi_aclk bd_i/layer_0/inst/u_core/g_kvslot[1].mem_reg_uram_31/CAS_IN_ADDR_A[2]
FV_FAIL -0.175 xdma_0_axi_aclk bd_i/layer_0/inst/u_core/u_dn/g_lane[46].p2_p_reg[46]/DSP_A_B_DATA_INST/B[2]
FV_FAIL -0.175 xdma_0_axi_aclk bd_i/layer_0/inst/u_core/u_dn/g_lane[92].dec_p_reg[92]/DSP_A_B_DATA_INST/A[27]
FV_FAIL -0.175 xdma_0_axi_aclk bd_i/layer_0/inst/u_core/at_qdata_reg[15]_replica_4/CE
FV_FAIL -0.175 xdma_0_axi_aclk bd_i/layer_0/inst/u_core/u_dn/p_0_out__0__12/DSP_A_B_DATA_INST/B[14]
FV_FAIL -0.175 xdma_0_axi_aclk bd_i/layer_0/inst/u_core/g_kvslot[0].mem_reg_uram_13/CAS_IN_DIN_B[42]
FV_FAIL -0.175 xdma_0_axi_aclk bd_i/layer_0/inst/u_core/u_dn/p_0_out__17__0/DSP_PREADD_DATA_INST/DIN[16]
FV_FAIL -0.175 xdma_0_axi_aclk bd_i/axil_slice_4/inst/w.w_pipe/m_payload_i_reg[13]/D
FV_FAIL -0.175 xdma_0_axi_aclk bd_i/layer_0/inst/u_core/u_dn/g_lane[97].dm_p_reg[97]/DSP_PREADD_DATA_INST/DIN[7]
FV_FAIL -0.175 xdma_0_axi_aclk bd_i/layer_0/inst/u_core/g_kvslot[1].mem_reg_uram_31/CAS_IN_DIN_B[29]
FV_FAIL -0.175 xdma_0_axi_aclk bd_i/layer_0/inst/u_core/u_dn/g_lane[63].kvm_acc_reg[63]/DSP_A_B_DATA_INST/B[9]
FV_FAIL -0.175 xdma_0_axi_aclk bd_i/layer_0/inst/u_core/u_dma/fmem_reg_0_255_505_505/SP.A/I
FV_FAIL -0.175 xdma_0_axi_aclk bd_i/layer_0/inst/u_core/u_alu/fdat_reg_0_3_0_13_i_9_replica_psdsp_7/D
FV_FAIL -0.174 xdma_0_axi_aclk bd_i/layer_0/inst/u_core/u_dn/p_1_out__4__9/DSP_A_B_DATA_INST/A[28]
FV_FAIL -0.174 xdma_0_axi_aclk bd_i/layer_0/inst/u_core/u_attn/g_lane[58].prod_reg[58]/DSP_A_B_DATA_INST/CEA2
FV_FAIL -0.174 xdma_0_axi_aclk bd_i/layer_0/inst/u_core/u_alu/b_addr_reg[8]/CE
FV_FAIL -0.174 xdma_0_axi_aclk bd_i/layer_0/inst/u_core/u_attn/dot_reg[30]/D
FV_FAIL -0.174 xdma_0_axi_aclk bd_i/layer_0/inst/u_core/u_dma/fmem_reg_0_255_3_3/DP.D/I
FV_FAIL -0.174 xdma_0_axi_aclk bd_i/layer_0/inst/u_core/u_attn/g_lane[79].pv_p_reg[79]/DSP_A_B_DATA_INST/A[12]
FV_FAIL -0.174 xdma_0_axi_aclk bd_i/layer_0/inst/u_core/u_attn/g_lane[79].pv_p_reg[79]/DSP_A_B_DATA_INST/A[14]
FV_FAIL -0.174 xdma_0_axi_aclk bd_i/layer_0/inst/u_core/u_dn/g_lane[76].o_acc_reg[76]/DSP_A_B_DATA_INST/B[1]
FV_FAIL -0.174 xdma_0_axi_aclk bd_i/mvchan_3/inst/u_chan/csr_static_wbase_reg[23]/R
FV_FAIL -0.174 xdma_0_axi_aclk bd_i/mvchan_3/inst/u_chan/csr_static_wbeats_reg[0]/R
FV_FAIL -0.174 xdma_0_axi_aclk bd_i/mvchan_3/inst/u_chan/csr_static_wbeats_reg[4]/R
FV_FAIL -0.174 xdma_0_axi_aclk bd_i/layer_0/inst/u_core/u_dn/p_1_out__12__2/DSP_A_B_DATA_INST/A[19]
FV_FAIL -0.173 xdma_0_axi_aclk bd_i/layer_0/inst/u_core/g_kvslot[1].mem_reg_uram_47/CAS_IN_DIN_B[32]
FV_FAIL -0.173 xdma_0_axi_aclk bd_i/layer_0/inst/u_core/g_dnslot[0].mem_reg_uram_23/DIN_B[25]
FV_FAIL -0.173 xdma_0_axi_aclk bd_i/layer_0/inst/u_core/g_kvslot[0].mem_reg_uram_7/CAS_IN_DIN_B[59]
FV_FAIL -0.173 xdma_0_axi_aclk bd_i/layer_0/inst/u_core/tmp64_reg[12]/D
FV_FAIL -0.173 xdma_0_axi_aclk bd_i/layer_0/inst/u_core/u_alu/cp_v32_reg[9]/D
FV_FAIL -0.173 xdma_0_axi_aclk bd_i/layer_0/inst/u_core/u_dn/g_lane[77].kvm_acc_reg[77]/DSP_A_B_DATA_INST/B[3]
FV_FAIL -0.173 xdma_0_axi_aclk bd_i/layer_0/inst/u_core/u_dn/g_lane[78].p2_p_reg[78]/DSP_A_B_DATA_INST/B[10]
FV_FAIL -0.173 xdma_0_axi_aclk bd_i/layer_0/inst/u_core/u_attn/g_lane[148].pv_p_reg[148]/DSP_A_B_DATA_INST/A[6]
FV_FAIL -0.173 xdma_0_axi_aclk bd_i/layer_0/inst/u_core/u_dn/o_sel_reg[39]/D
FV_FAIL -0.172 xdma_0_axi_aclk bd_i/layer_0/inst/u_core/cw_wd_reg[53]/D
FV_FAIL -0.172 xdma_0_axi_aclk bd_i/axi_smc/inst/s00_entry_pipeline/s00_mmu/inst/r_sreg/m_vector_i_reg[1217]/CE
FV_FAIL -0.172 xdma_0_axi_aclk bd_i/layer_0/inst/u_core/u_dma/fmem_reg_0_255_17_17/DP.B/I
FV_FAIL -0.172 xdma_0_axi_aclk bd_i/layer_0/inst/u_core/u_attn/g_lane[197].pv_p_reg[197]/DSP_A_B_DATA_INST/A[6]
FV_FAIL -0.172 xdma_0_axi_aclk bd_i/layer_0/inst/u_core/krow_reg[488]/R
FV_FAIL -0.172 xdma_0_axi_aclk bd_i/layer_0/inst/u_core/krow_reg[489]/R
FV_FAIL -0.172 xdma_0_axi_aclk bd_i/layer_0/inst/u_core/krow_reg[490]/R
FV_FAIL -0.172 xdma_0_axi_aclk bd_i/layer_0/inst/u_core/krow_reg[491]/R
FV_FAIL -0.172 xdma_0_axi_aclk bd_i/layer_0/inst/u_core/krow_reg[492]/R
FV_FAIL -0.172 xdma_0_axi_aclk bd_i/layer_0/inst/u_core/g_kvslot[0].mem_reg_uram_43/CAS_IN_DIN_B[56]
FV_FAIL -0.172 xdma_0_axi_aclk bd_i/layer_0/inst/u_core/at_qdata_reg[0]_rep__9/D
FV_FAIL -0.172 xdma_0_axi_aclk bd_i/layer_0/inst/u_core/u_attn/pvc64_reg[10]/CE
FV_FAIL -0.172 xdma_0_axi_aclk bd_i/layer_0/inst/u_core/u_attn/pvc64_reg[6]/CE
FV_FAIL -0.171 xdma_0_axi_aclk bd_i/layer_0/inst/u_core/kv_wrow_reg[602]/CE
FV_FAIL -0.171 xdma_0_axi_aclk bd_i/layer_0/inst/u_core/u_dn/p_1_out__0__6/DSP_A_B_DATA_INST/A[26]
FV_FAIL -0.171 xdma_0_axi_aclk bd_i/layer_0/inst/u_core/at_qdata_reg[14]_rep__7_replica_4/D
FV_FAIL -0.171 xdma_0_axi_aclk bd_i/mvchan_3/inst/u_chan/u_xfifo/gnuram_async_fifo.xpm_fifo_base_inst/xpm_fifo_rst_inst/FSM_onehot_gen_rst_ic.curr_wrst_state_reg[2]/D
FV_FAIL -0.171 xdma_0_axi_aclk bd_i/layer_0/inst/u_core/u_attn/g_lane[190].prod_reg[190]_i_2_psdsp/D
FV_FAIL -0.171 xdma_0_axi_aclk bd_i/layer_0/inst/u_core/u_attn/vadd_q_reg[10]/CE
FV_FAIL -0.171 xdma_0_axi_aclk bd_i/layer_0/inst/u_core/krow_reg[582]/CE
FV_FAIL -0.171 xdma_0_axi_aclk bd_i/layer_0/inst/u_core/u_dn/p_1_out__0__6/DSP_A_B_DATA_INST/A[29]
FV_FAIL -0.170 xdma_0_axi_aclk bd_i/mvchan_3/inst/u_chan/csr_static_wbase_reg[14]/R
FV_FAIL -0.170 xdma_0_axi_aclk bd_i/mvchan_3/inst/u_chan/ws_d_reg[13]/R
FV_FAIL -0.170 xdma_0_axi_aclk bd_i/mvchan_3/inst/u_chan/ws_d_reg[14]/R
FV_FAIL -0.170 xdma_0_axi_aclk bd_i/mvchan_3/inst/u_chan/ws_d_reg[23]/R
FV_FAIL -0.170 xdma_0_axi_aclk bd_i/mvchan_3/inst/u_chan/ws_d_reg[24]/R
FV_FAIL -0.170 xdma_0_axi_aclk bd_i/layer_0/inst/u_core/u_dn/g_lane[65].kvm_acc_reg[65]/DSP_A_B_DATA_INST/A[21]
FV_FAIL -0.170 xdma_0_axi_aclk bd_i/layer_0/inst/u_core/u_dma/fmem_reg_0_255_299_299/SP.A/I
FV_FAIL -0.170 xdma_0_axi_aclk bd_i/layer_0/inst/u_core/u_dma/fmem_reg_0_255_299_299/SP.D/I
FV_FAIL -0.170 xdma_0_axi_aclk bd_i/layer_0/inst/u_core/u_dma/fmem_reg_0_255_326_326/SP.A/I
FV_FAIL -0.170 xdma_0_axi_aclk bd_i/axi_smc/inst/s00_entry_pipeline/s00_mmu/inst/r_sreg/m_vector_i_reg[1212]/CE
FV_FAIL -0.170 xdma_0_axi_aclk bd_i/layer_0/inst/u_core/u_attn/mul_p00__0/DSP_A_B_DATA_INST/A[7]
FV_FAIL -0.170 xdma_0_axi_aclk bd_i/layer_0/inst/u_core/krow_reg[638]/D
FV_FAIL -0.170 xdma_0_axi_aclk bd_i/layer_0/inst/u_core/u_attn/g_lane[52].pv_p_reg[52]/DSP_A_B_DATA_INST/A[4]
FV_FAIL -0.170 xdma_0_axi_aclk bd_i/layer_0/inst/u_core/u_dn/p_0_out__21/DSP_PREADD_DATA_INST/DIN[16]
FV_FAIL -0.170 xdma_0_axi_aclk bd_i/layer_0/inst/u_core/u_dma/fmem_reg_0_255_73_73/DP.D/I
FV_FAIL -0.170 xdma_0_axi_aclk bd_i/layer_0/inst/u_core/s_axil_rdata_reg[3]/D
FV_FAIL -0.170 xdma_0_axi_aclk bd_i/layer_0/inst/u_core/u_dn/p_0_out__4__7/DSP_A_B_DATA_INST/B[8]
FV_FAIL -0.170 xdma_0_axi_aclk bd_i/layer_0/inst/u_core/at_qdata_reg[0]_rep__11/D
FV_FAIL -0.170 xdma_0_axi_aclk bd_i/layer_0/inst/u_core/krow_reg[576]/CE
FV_FAIL -0.170 xdma_0_axi_aclk bd_i/layer_0/inst/u_core/u_dma/fmem_reg_0_255_53_53/SP.C/I
FV_FAIL -0.170 xdma_0_axi_aclk bd_i/layer_0/inst/u_core/u_dma/fmem_reg_0_255_368_368/DP.B/I
FV_FAIL -0.170 xdma_0_axi_aclk bd_i/layer_0/inst/u_core/u_attn/o_g4_reg[0][22]/D
FV_FAIL -0.170 xdma_0_axi_aclk bd_i/layer_0/inst/u_core/u_attn/g_lane[26].prod_reg[26]/DSP_A_B_DATA_INST/B[1]
FV_FAIL -0.170 xdma_0_axi_aclk bd_i/layer_0/inst/u_core/krow_reg[1599]/D
FV_FAIL -0.170 xdma_0_axi_aclk bd_i/layer_0/inst/u_core/u_dn/g_lane[74].o_acc_reg[74]/DSP_A_B_DATA_INST/B[1]
FV_FAIL -0.169 xdma_0_axi_aclk bd_i/layer_0/inst/u_core/kv_wrow_reg[579]/CE
FV_FAIL -0.169 xdma_0_axi_aclk bd_i/layer_0/inst/u_core/at_qdata_reg[0]_rep__5/D
FV_FAIL -0.169 xdma_0_axi_aclk bd_i/layer_0/inst/u_core/u_dma/fmem_reg_0_255_17_17/DP.C/I
FV_FAIL -0.169 xdma_0_axi_aclk bd_i/axil_slice_4/inst/w.w_pipe/s_ready_i_reg/D
FV_FAIL -0.169 xdma_0_axi_aclk bd_i/layer_0/inst/u_core/u_attn/g_lane[196].pv_abs_reg[196][24]/D
FV_FAIL -0.169 xdma_0_axi_aclk bd_i/layer_0/inst/u_core/u_attn/g_lane[55].pv_p_reg[55]/DSP_A_B_DATA_INST/A[3]
FV_FAIL -0.169 xdma_0_axi_aclk bd_i/layer_0/inst/u_core/u_topk/ent_reg[29][41]/CE
FV_FAIL -0.169 xdma_0_axi_aclk bd_i/layer_0/inst/u_core/u_topk/ent_reg[29][42]/CE
FV_FAIL -0.169 xdma_0_axi_aclk bd_i/layer_0/inst/u_core/u_topk/ent_reg[29][46]/CE
FV_FAIL -0.169 xdma_0_axi_aclk bd_i/layer_0/inst/u_core/u_topk/ent_reg[29][49]/CE
FV_FAIL -0.168 xdma_0_axi_aclk bd_i/mvchan_3/inst/u_chan/xptr_reg[0]/R
FV_FAIL -0.168 xdma_0_axi_aclk bd_i/mvchan_3/inst/u_chan/xptr_reg[1]/R
FV_FAIL -0.168 xdma_0_axi_aclk bd_i/mvchan_3/inst/u_chan/xptr_reg[2]/R
FV_FAIL -0.168 xdma_0_axi_aclk bd_i/mvchan_3/inst/u_chan/xptr_reg[4]/R
FV_FAIL -0.168 xdma_0_axi_aclk bd_i/layer_0/inst/u_core/u_attn/mul_p00__0/DSP_A_B_DATA_INST/A[14]
FV_FAIL -0.168 xdma_0_axi_aclk bd_i/layer_0/inst/u_core/rp_sdata_reg[9]/D
FV_FAIL -0.168 xdma_0_axi_aclk bd_i/layer_0/inst/u_core/u_dma/fmem_reg_0_255_159_159/DP.B/I
FV_FAIL -0.168 xdma_0_axi_aclk bd_i/layer_0/inst/u_core/at_qdata_reg[6]_rep__5/D
FV_FAIL -0.168 xdma_0_axi_aclk bd_i/layer_0/inst/u_core/u_dn/g_lane[37].kvm_acc_reg[37]/DSP_A_B_DATA_INST/A[25]
FV_FAIL -0.168 xdma_0_axi_aclk bd_i/layer_0/inst/u_core/u_dma/rowbuf_reg[705]/CE
FV_FAIL -0.168 xdma_0_axi_aclk bd_i/layer_0/inst/u_core/u_dn/p_0_out__1__4/DSP_A_B_DATA_INST/B[10]
FV_FAIL -0.168 xdma_0_axi_aclk bd_i/layer_0/inst/u_core/krow_reg[63]/D
FV_FAIL -0.168 xdma_0_axi_aclk bd_i/layer_0/inst/u_core/u_attn/pvc64_reg[0]/CE
FV_FAIL -0.168 xdma_0_axi_aclk bd_i/layer_0/inst/u_core/u_attn/pvc64_reg[4]/CE
FV_FAIL -0.168 xdma_0_axi_aclk bd_i/layer_0/inst/u_core/u_dn/p_1_out__25__4/DSP_A_B_DATA_INST/B[14]
FV_FAIL -0.168 xdma_0_axi_aclk bd_i/layer_0/inst/u_core/krow_reg[1198]/D
FV_FAIL -0.167 xdma_0_axi_aclk bd_i/layer_0/inst/u_core/u_attn/o_g4_reg[1][0]/D
FV_FAIL -0.167 xdma_0_axi_aclk bd_i/layer_0/inst/u_core/u_topk/sel_reg[39]/D
FV_FAIL -0.167 xdma_0_axi_aclk bd_i/layer_0/inst/u_core/u_attn/g_lane[106].prod_reg[106]/DSP_A_B_DATA_INST/B[12]
FV_FAIL -0.167 xdma_0_axi_aclk bd_i/layer_0/inst/u_core/u_dn/g_lane[73].kvm_acc_reg[73]/DSP_A_B_DATA_INST/B[7]
FV_FAIL -0.167 xdma_0_axi_aclk bd_i/layer_0/inst/u_core/u_attn/o_g4_reg[3][25]/D
FV_FAIL -0.167 xdma_0_axi_aclk bd_i/layer_0/inst/u_core/u_dma/fmem_reg_0_255_53_53/SP.B/I
FV_FAIL -0.167 xdma_0_axi_aclk bd_i/layer_0/inst/u_core/u_dma/fmem_reg_0_255_368_368/DP.C/I
FV_FAIL -0.167 xdma_0_axi_aclk bd_i/layer_0/inst/u_core/at_qdata_reg[13]_rep__5/D
FV_FAIL -0.167 xdma_0_axi_aclk bd_i/layer_0/inst/u_core/u_alu/ba_r_reg[4]/CE
FV_FAIL -0.167 xdma_0_axi_aclk bd_i/layer_0/inst/u_core/u_attn/g_lane[95].prod_reg[95]/DSP_A_B_DATA_INST/B[3]
FV_FAIL -0.166 xdma_0_axi_aclk bd_i/layer_0/inst/u_core/at_qdata_reg[0]_rep__12/D
FV_FAIL -0.166 xdma_0_axi_aclk bd_i/layer_0/inst/u_core/u_attn/g_lane[112].pv_p_reg[112]/DSP_A_B_DATA_INST/A[2]
FV_FAIL -0.166 xdma_0_axi_aclk bd_i/layer_0/inst/u_core/u_dn/p_1_out__0__6/DSP_A_B_DATA_INST/A[27]
FV_FAIL -0.166 xdma_0_axi_aclk bd_i/layer_0/inst/u_core/u_attn/vadd_q_reg[8]/CE
FV_FAIL -0.166 xdma_0_axi_aclk bd_i/layer_0/inst/u_core/u_attn/mul_p00__0/DSP_A_B_DATA_INST/A[10]
FV_FAIL -0.166 xdma_0_axi_aclk bd_i/mvchan_3/inst/u_chan/xptr_reg[3]/R
FV_FAIL -0.166 xdma_0_axi_aclk bd_i/mvchan_3/inst/u_chan/xptr_reg[5]/R
FV_FAIL -0.166 xdma_0_axi_aclk bd_i/layer_0/inst/u_core/u_attn/g_lane[115].pv_p_reg[115]/DSP_A_B_DATA_INST/A[11]
FV_FAIL -0.166 xdma_0_axi_aclk bd_i/layer_0/inst/u_core/tmp16_reg[5]/D
FV_FAIL -0.166 xdma_0_axi_aclk bd_i/layer_0/inst/u_core/u_dma/fmem_reg_0_255_480_480/SP.B/I
FV_FAIL -0.166 xdma_0_axi_aclk bd_i/layer_0/inst/u_core/g_kvslot[0].mem_reg_uram_7/CAS_IN_DIN_B[58]
FV_FAIL -0.166 xdma_0_axi_aclk bd_i/layer_0/inst/u_core/u_dn/g_lane[45].dec_p_reg[45]/DSP_A_B_DATA_INST/A[11]
FV_FAIL -0.166 xdma_0_axi_aclk bd_i/layer_0/inst/u_core/g_kvslot[1].mem_reg_uram_43/CAS_IN_DIN_B[25]
FV_FAIL -0.165 xdma_0_axi_aclk bd_i/layer_0/inst/u_core/krow_reg[1483]/D
FV_FAIL -0.165 xdma_0_axi_aclk bd_i/layer_0/inst/u_core/u_attn/g_lane[79].pv_p_reg[79]/DSP_A_B_DATA_INST/A[25]
FV_FAIL -0.165 xdma_0_axi_aclk bd_i/axil_smc/inst/switchboards/i_nodes/i_ar_node/inst/inst_mi_handler/gen_normal_area.inst_fifo_node_payld/gen_reg_fifo.inst_reg_fifo/gen_single_rank.empty_r_reg/D
FV_FAIL -0.165 xdma_0_axi_aclk bd_i/layer_0/inst/u_core/u_dma/fmem_reg_0_255_206_206/SP.C/I
FV_FAIL -0.165 xdma_0_axi_aclk bd_i/layer_0/inst/u_core/u_dma/fmem_reg_0_255_159_159/DP.C/I
FV_FAIL -0.165 xdma_0_axi_aclk bd_i/layer_0/inst/u_core/u_dn/g_lane[59].dec_p_reg[59]/DSP_A_B_DATA_INST/A[25]
FV_FAIL -0.165 xdma_0_axi_aclk bd_i/layer_0/inst/u_core/tmp64_reg[23]/D
FV_FAIL -0.165 xdma_0_axi_aclk bd_i/layer_0/inst/u_core/u_alu/ps_rnd_reg[14]/D
FV_FAIL -0.165 xdma_0_axi_aclk bd_i/layer_0/inst/u_core/u_attn/g_lane[123].pv_p_reg[123]/DSP_A_B_DATA_INST/A[15]
FV_FAIL -0.165 xdma_0_axi_aclk bd_i/layer_0/inst/u_core/u_dma/fmem_reg_0_255_368_368/DP.A/I
FV_FAIL -0.165 xdma_0_axi_aclk bd_i/layer_0/inst/u_core/krow_reg[1060]/R
FV_FAIL -0.165 xdma_0_axi_aclk bd_i/layer_0/inst/u_core/u_attn/dot_reg[32]/D
FV_FAIL -0.164 xdma_0_axi_aclk bd_i/layer_0/inst/u_core/u_dma/fmem_reg_0_255_53_53/SP.D/I
FV_FAIL -0.164 xdma_0_axi_aclk bd_i/layer_0/inst/u_core/u_dma/fmem_reg_0_255_143_143/SP.A/I
FV_FAIL -0.164 xdma_0_axi_aclk bd_i/layer_0/inst/u_core/u_dn/g_lane[113].p2_p_reg[113]_i_6_psdsp_1/D
FV_FAIL -0.164 xdma_0_axi_aclk bd_i/layer_0/inst/u_core/u_dn/p_1_out__15__2/DSP_A_B_DATA_INST/B[14]
FV_FAIL -0.164 xdma_0_axi_aclk bd_i/layer_0/inst/u_core/u_dn/vdata_q_reg[10]_rep__5_replica_2/D
FV_FAIL -0.164 xdma_0_axi_aclk bd_i/layer_0/inst/u_core/u_alu/cp_v32_reg[17]/D
FV_FAIL -0.164 xdma_0_axi_aclk bd_i/layer_0/inst/u_core/u_alu/r_res_reg[9]/D
FV_FAIL -0.163 xdma_0_axi_aclk bd_i/layer_0/inst/u_core/u_alu/ag_i_reg[13]/CE
FV_FAIL -0.163 xdma_0_axi_aclk bd_i/layer_0/inst/u_core/u_dn/p_0_out__5__8/DSP_A_B_DATA_INST/B[7]
FV_FAIL -0.163 xdma_0_axi_aclk bd_i/layer_0/inst/u_core/u_attn/g_lane[57].prod_reg[57]/DSP_A_B_DATA_INST/B[6]
FV_FAIL -0.163 xdma_0_axi_aclk bd_i/layer_0/inst/u_core/g_kvslot[0].mem_reg_uram_31/CAS_IN_ADDR_A[8]
FV_FAIL -0.163 xdma_0_axi_aclk bd_i/layer_0/inst/u_core/u_attn/oi_reg[1]_rep__3/CE
FV_FAIL -0.162 xdma_0_axi_aclk bd_i/layer_0/inst/u_core/at_qdata_reg[12]_rep__3/D
FV_FAIL -0.162 xdma_0_axi_aclk bd_i/layer_0/inst/u_core/u_alu/ag_i_reg[2]/CE
FV_FAIL -0.162 xdma_0_axi_aclk bd_i/layer_0/inst/u_core/u_dn/g_lane[36].o_acc_reg[36]/DSP_A_B_DATA_INST/B[2]
FV_FAIL -0.162 xdma_0_axi_aclk bd_i/layer_0/inst/u_core/krow_reg[1118]/D
FV_FAIL -0.162 xdma_0_axi_aclk bd_i/layer_0/inst/u_core/u_dma/fmem_reg_0_255_206_206/SP.B/I
FV_FAIL -0.162 xdma_0_axi_aclk bd_i/layer_0/inst/u_core/g_kvslot[0].mem_reg_uram_7/CAS_IN_DIN_B[60]
FV_FAIL -0.162 xdma_0_axi_aclk bd_i/layer_0/inst/u_core/u_attn/g_lane[89].pv_p_reg[89]/DSP_A_B_DATA_INST/A[9]
FV_FAIL -0.161 xdma_0_axi_aclk bd_i/layer_0/inst/u_core/krow_reg[961]/D
FV_FAIL -0.161 xdma_0_axi_aclk bd_i/layer_0/inst/u_core/u_attn/g_lane[196].pv_abs_reg[196][22]/D
FV_FAIL -0.161 xdma_0_axi_aclk bd_i/layer_0/inst/u_core/u_dma/fmem_reg_0_255_354_354/DP.A/I
FV_FAIL -0.161 xdma_0_axi_aclk bd_i/layer_0/inst/u_core/rp_sdata_reg[1]/D
FV_FAIL -0.161 xdma_0_axi_aclk bd_i/layer_0/inst/u_core/u_attn/g_lane[106].prod_reg[106]/DSP_A_B_DATA_INST/B[14]
FV_FAIL -0.161 xdma_0_axi_aclk bd_i/axi_smc/inst/m00_nodes/m00_r_node/inst/inst_mi_handler/gen_normal_area.inst_fifo_node_payld/gen_xpm_memory_fifo.inst_fifo/gen_mem_rep[0].inst_xpm_memory/xpm_memory_base_inst/gen_rd_b.gen_rd_b_synth_template.gen_rf_narrow_reg.doutb_reg_reg[116]/D
FV_FAIL -0.161 xdma_0_axi_aclk bd_i/layer_0/inst/u_core/u_dn/p_1_out__15__2/DSP_A_B_DATA_INST/B[16]
FV_FAIL -0.161 xdma_0_axi_aclk bd_i/layer_0/inst/u_core/u_attn/g_lane[196].pv_abs_reg[196][25]/D
FV_FAIL -0.161 xdma_0_axi_aclk bd_i/layer_0/inst/u_core/u_dma/fmem_reg_0_255_460_460/SP.C/I
FV_FAIL -0.161 xdma_0_axi_aclk bd_i/layer_0/inst/u_core/u_dn/g_lane[28].dm_p_reg[28]/DSP_PREADD_DATA_INST/DIN[10]
FV_FAIL -0.161 xdma_0_axi_aclk bd_i/layer_0/inst/u_core/u_alu/ps_rnd_reg[13]/D
FV_FAIL -0.161 xdma_0_axi_aclk bd_i/layer_0/inst/u_core/u_dma/fmem_reg_0_255_73_73/SP.B/I
FV_FAIL -0.161 xdma_0_axi_aclk bd_i/layer_0/inst/u_core/u_dn/g_lane[96].dm_p_reg[96]/DSP_OUTPUT_INST/ALU_OUT[10]
FV_FAIL -0.161 xdma_0_axi_aclk bd_i/layer_0/inst/u_core/u_dn/g_lane[96].dm_p_reg[96]/DSP_OUTPUT_INST/ALU_OUT[11]
FV_FAIL -0.161 xdma_0_axi_aclk bd_i/layer_0/inst/u_core/u_dn/g_lane[96].dm_p_reg[96]/DSP_OUTPUT_INST/ALU_OUT[12]
FV_FAIL -0.161 xdma_0_axi_aclk bd_i/layer_0/inst/u_core/u_dn/g_lane[96].dm_p_reg[96]/DSP_OUTPUT_INST/ALU_OUT[13]
FV_FAIL -0.161 xdma_0_axi_aclk bd_i/layer_0/inst/u_core/u_dn/g_lane[96].dm_p_reg[96]/DSP_OUTPUT_INST/ALU_OUT[14]
FV_FAIL -0.161 xdma_0_axi_aclk bd_i/layer_0/inst/u_core/u_dn/g_lane[96].dm_p_reg[96]/DSP_OUTPUT_INST/ALU_OUT[15]
FV_FAIL -0.161 xdma_0_axi_aclk bd_i/layer_0/inst/u_core/u_dn/g_lane[96].dm_p_reg[96]/DSP_OUTPUT_INST/ALU_OUT[16]
FV_FAIL -0.161 xdma_0_axi_aclk bd_i/layer_0/inst/u_core/u_dn/g_lane[96].dm_p_reg[96]/DSP_OUTPUT_INST/ALU_OUT[17]
FV_FAIL -0.161 xdma_0_axi_aclk bd_i/layer_0/inst/u_core/u_dn/g_lane[96].dm_p_reg[96]/DSP_OUTPUT_INST/ALU_OUT[18]
FV_FAIL -0.161 xdma_0_axi_aclk bd_i/layer_0/inst/u_core/u_dn/g_lane[96].dm_p_reg[96]/DSP_OUTPUT_INST/ALU_OUT[19]
FV_FAIL -0.161 xdma_0_axi_aclk bd_i/layer_0/inst/u_core/u_dn/g_lane[96].dm_p_reg[96]/DSP_OUTPUT_INST/ALU_OUT[20]
FV_FAIL -0.161 xdma_0_axi_aclk bd_i/layer_0/inst/u_core/u_dn/g_lane[96].dm_p_reg[96]/DSP_OUTPUT_INST/ALU_OUT[21]
FV_FAIL -0.161 xdma_0_axi_aclk bd_i/layer_0/inst/u_core/u_dn/g_lane[96].dm_p_reg[96]/DSP_OUTPUT_INST/ALU_OUT[22]
FV_FAIL -0.161 xdma_0_axi_aclk bd_i/layer_0/inst/u_core/u_dn/g_lane[96].dm_p_reg[96]/DSP_OUTPUT_INST/ALU_OUT[23]
FV_FAIL -0.161 xdma_0_axi_aclk bd_i/layer_0/inst/u_core/u_dn/g_lane[96].dm_p_reg[96]/DSP_OUTPUT_INST/ALU_OUT[24]
FV_FAIL -0.161 xdma_0_axi_aclk bd_i/layer_0/inst/u_core/u_dn/g_lane[96].dm_p_reg[96]/DSP_OUTPUT_INST/ALU_OUT[25]
FV_FAIL -0.161 xdma_0_axi_aclk bd_i/layer_0/inst/u_core/u_dn/g_lane[96].dm_p_reg[96]/DSP_OUTPUT_INST/ALU_OUT[26]
FV_FAIL -0.161 xdma_0_axi_aclk bd_i/layer_0/inst/u_core/u_dn/g_lane[96].dm_p_reg[96]/DSP_OUTPUT_INST/ALU_OUT[27]
FV_FAIL -0.161 xdma_0_axi_aclk bd_i/layer_0/inst/u_core/u_dn/g_lane[96].dm_p_reg[96]/DSP_OUTPUT_INST/ALU_OUT[28]
FV_FAIL -0.161 xdma_0_axi_aclk bd_i/layer_0/inst/u_core/u_dn/g_lane[96].dm_p_reg[96]/DSP_OUTPUT_INST/ALU_OUT[29]
FV_FAIL -0.161 xdma_0_axi_aclk bd_i/layer_0/inst/u_core/u_dn/g_lane[96].dm_p_reg[96]/DSP_OUTPUT_INST/ALU_OUT[30]
FV_FAIL -0.161 xdma_0_axi_aclk bd_i/layer_0/inst/u_core/u_dn/g_lane[96].dm_p_reg[96]/DSP_OUTPUT_INST/ALU_OUT[31]
FV_FAIL -0.161 xdma_0_axi_aclk bd_i/layer_0/inst/u_core/u_dn/g_lane[96].dm_p_reg[96]/DSP_OUTPUT_INST/ALU_OUT[32]
FV_FAIL -0.161 xdma_0_axi_aclk bd_i/layer_0/inst/u_core/u_dn/g_lane[96].dm_p_reg[96]/DSP_OUTPUT_INST/ALU_OUT[33]
FV_FAIL -0.161 xdma_0_axi_aclk bd_i/layer_0/inst/u_core/u_dn/g_lane[96].dm_p_reg[96]/DSP_OUTPUT_INST/ALU_OUT[34]
FV_FAIL -0.161 xdma_0_axi_aclk bd_i/layer_0/inst/u_core/u_dn/g_lane[96].dm_p_reg[96]/DSP_OUTPUT_INST/ALU_OUT[35]
FV_FAIL -0.161 xdma_0_axi_aclk bd_i/layer_0/inst/u_core/u_dn/g_lane[96].dm_p_reg[96]/DSP_OUTPUT_INST/ALU_OUT[36]
FV_FAIL -0.161 xdma_0_axi_aclk bd_i/layer_0/inst/u_core/u_dn/g_lane[96].dm_p_reg[96]/DSP_OUTPUT_INST/ALU_OUT[37]
FV_FAIL -0.161 xdma_0_axi_aclk bd_i/layer_0/inst/u_core/u_dn/g_lane[96].dm_p_reg[96]/DSP_OUTPUT_INST/ALU_OUT[38]
FV_FAIL -0.161 xdma_0_axi_aclk bd_i/layer_0/inst/u_core/u_dn/g_lane[96].dm_p_reg[96]/DSP_OUTPUT_INST/ALU_OUT[39]
FV_FAIL -0.161 xdma_0_axi_aclk bd_i/layer_0/inst/u_core/u_dn/g_lane[96].dm_p_reg[96]/DSP_OUTPUT_INST/ALU_OUT[40]
FV_FAIL -0.161 xdma_0_axi_aclk bd_i/layer_0/inst/u_core/u_dn/g_lane[96].dm_p_reg[96]/DSP_OUTPUT_INST/ALU_OUT[41]
FV_FAIL -0.161 xdma_0_axi_aclk bd_i/layer_0/inst/u_core/u_dn/g_lane[96].dm_p_reg[96]/DSP_OUTPUT_INST/ALU_OUT[42]
FV_FAIL -0.161 xdma_0_axi_aclk bd_i/layer_0/inst/u_core/u_dn/g_lane[96].dm_p_reg[96]/DSP_OUTPUT_INST/ALU_OUT[43]
FV_FAIL -0.161 xdma_0_axi_aclk bd_i/layer_0/inst/u_core/u_dn/g_lane[96].dm_p_reg[96]/DSP_OUTPUT_INST/ALU_OUT[44]
FV_FAIL -0.161 xdma_0_axi_aclk bd_i/layer_0/inst/u_core/u_dn/g_lane[96].dm_p_reg[96]/DSP_OUTPUT_INST/ALU_OUT[45]
FV_FAIL -0.161 xdma_0_axi_aclk bd_i/layer_0/inst/u_core/u_dn/g_lane[96].dm_p_reg[96]/DSP_OUTPUT_INST/ALU_OUT[46]
FV_FAIL -0.161 xdma_0_axi_aclk bd_i/layer_0/inst/u_core/u_dn/g_lane[96].dm_p_reg[96]/DSP_OUTPUT_INST/ALU_OUT[47]
FV_FAIL -0.161 xdma_0_axi_aclk bd_i/layer_0/inst/u_core/u_dn/p_1_out__6__7/DSP_A_B_DATA_INST/A[21]
FV_FAIL -0.160 xdma_0_axi_aclk bd_i/layer_0/inst/u_core/u_dma/fmem_reg_0_255_53_53/DP.D/I
FV_FAIL -0.160 xdma_0_axi_aclk bd_i/layer_0/inst/u_core/u_attn/g_lane[92].pv_p_reg[92]/DSP_A_B_DATA_INST/A[9]
FV_FAIL -0.160 xdma_0_axi_aclk bd_i/layer_0/inst/u_core/u_dn/p_0_out__12__5/DSP_A_B_DATA_INST/B[1]
FV_FAIL -0.160 xdma_0_axi_aclk bd_i/layer_0/inst/u_core/g_kvslot[1].mem_reg_uram_43/CAS_IN_BWE_B[4]
FV_FAIL -0.160 xdma_0_axi_aclk bd_i/layer_0/inst/u_core/u_attn/g_lane[196].pv_abs_reg[196][20]/D
FV_FAIL -0.160 xdma_0_axi_aclk bd_i/layer_0/inst/u_core/u_dma/fmem_reg_0_255_308_308/SP.C/I
FV_FAIL -0.160 xdma_0_axi_aclk bd_i/layer_0/inst/u_core/u_dn/g_lane[75].kvm_acc_reg[75]/DSP_A_B_DATA_INST/B[9]
FV_FAIL -0.160 xdma_0_axi_aclk bd_i/layer_0/inst/u_core/u_dn/g_lane[37].kvm_acc_reg[37]/DSP_A_B_DATA_INST/A[16]
FV_FAIL -0.160 xdma_0_axi_aclk bd_i/layer_0/inst/u_core/s_axil_rdata_reg[1]/D
FV_FAIL -0.160 xdma_0_axi_aclk bd_i/layer_0/inst/u_core/u_dn/p_1_out__5__17/DSP_A_B_DATA_INST/A[3]
FV_FAIL -0.160 xdma_0_axi_aclk bd_i/layer_0/inst/u_core/u_dn/g_lane[42].p2_p_reg[42]/DSP_A_B_DATA_INST/B[8]
FV_FAIL -0.160 xdma_0_axi_aclk bd_i/layer_0/inst/u_core/u_attn/o_g4_reg[2][12]/D
FV_FAIL -0.160 xdma_0_axi_aclk bd_i/layer_0/inst/u_core/krow_reg[1716]/D
FV_FAIL -0.160 xdma_0_axi_aclk bd_i/layer_0/inst/u_core/u_attn/g_lane[148].pv_p_reg[148]/DSP_A_B_DATA_INST/A[1]
FV_FAIL -0.159 xdma_0_axi_aclk bd_i/layer_0/inst/u_core/u_attn/padd_q_reg[16]/R
FV_FAIL -0.159 xdma_0_axi_aclk bd_i/layer_0/inst/u_core/u_attn/padd_q_reg[26]/R
FV_FAIL -0.159 xdma_0_axi_aclk bd_i/layer_0/inst/u_core/u_attn/padd_q_reg[32]/R
FV_FAIL -0.159 xdma_0_axi_aclk bd_i/layer_0/inst/u_core/u_attn/padd_q_reg[33]/R
FV_FAIL -0.159 xdma_0_axi_aclk bd_i/layer_0/inst/u_core/u_attn/padd_q_reg[40]/R
FV_FAIL -0.159 xdma_0_axi_aclk bd_i/layer_0/inst/u_core/u_dn/p_1_out__23__0/DSP_A_B_DATA_INST/B[14]
FV_FAIL -0.159 xdma_0_axi_aclk bd_i/layer_0/inst/u_core/u_dn/g_lane[113].p2_p_reg[113]_i_9_psdsp_1/D
FV_FAIL -0.159 xdma_0_axi_aclk bd_i/layer_0/inst/u_core/u_dn/g_lane[75].p2_p_reg[75]/DSP_A_B_DATA_INST/B[9]
FV_FAIL -0.159 xdma_0_axi_aclk bd_i/layer_0/inst/u_core/u_attn/g_lane[92].pv_p_reg[92]/DSP_A_B_DATA_INST/A[10]
FV_FAIL -0.159 xdma_0_axi_aclk bd_i/layer_0/inst/u_core/u_dn/g_lane[59].dec_p_reg[59]/DSP_A_B_DATA_INST/A[27]
FV_FAIL -0.159 xdma_0_axi_aclk bd_i/layer_0/inst/u_core/u_topk/ent_reg[8][9]/CE
FV_FAIL -0.159 xdma_0_axi_aclk bd_i/layer_0/inst/u_core/u_attn/mul_p00__0/DSP_A_B_DATA_INST/A[9]
FV_FAIL -0.159 xdma_0_axi_aclk bd_i/axil_slice_4/inst/w.w_pipe/m_payload_i_reg[27]/D
FV_FAIL -0.159 xdma_0_axi_aclk bd_i/layer_0/inst/u_core/at_qdata_reg[6]_rep__8/D
FV_FAIL -0.158 xdma_0_axi_aclk bd_i/layer_0/inst/u_core/u_attn/g_lane[194].pv_abs_reg[194][24]/D
FV_FAIL -0.158 xdma_0_axi_aclk bd_i/layer_0/inst/u_core/u_dn/p_1_out__8__12/DSP_A_B_DATA_INST/B[9]
FV_FAIL -0.158 xdma_0_axi_aclk bd_i/layer_0/inst/u_core/u_dn/g_lane[9].p2_p_reg[9]/DSP_A_B_DATA_INST/B[14]
FV_FAIL -0.158 xdma_0_axi_aclk bd_i/layer_0/inst/u_core/u_dma/fmem_reg_0_255_125_125/DP.B/I
FV_FAIL -0.158 xdma_0_axi_aclk bd_i/layer_0/inst/u_core/u_topk/ent_reg[4][38]/CE
FV_FAIL -0.158 xdma_0_axi_aclk bd_i/layer_0/inst/u_core/u_topk/ent_reg[4][40]/CE
FV_FAIL -0.158 xdma_0_axi_aclk bd_i/layer_0/inst/u_core/u_attn/g_lane[97].prod_reg[97]/DSP_A_B_DATA_INST/CEA2
FV_FAIL -0.158 xdma_0_axi_aclk bd_i/layer_0/inst/u_core/u_dma/fmem_reg_0_255_460_460/SP.B/I
FV_FAIL -0.158 xdma_0_axi_aclk bd_i/layer_0/inst/u_core/u_alu/r_res_reg[21]/D
FV_FAIL -0.157 xdma_0_axi_aclk bd_i/layer_0/inst/u_core/u_attn/mx_reg[31]/D
FV_FAIL -0.157 xdma_0_axi_aclk bd_i/layer_0/inst/u_core/u_dn/g_lane[98].kvm_acc_reg[98]/DSP_A_B_DATA_INST/B[7]
FV_FAIL -0.157 xdma_0_axi_aclk bd_i/layer_0/inst/u_core/u_dn/g_lane[88].kvm_acc_reg[88]/DSP_OUTPUT_INST/CEP
FV_FAIL -0.157 xdma_0_axi_aclk bd_i/layer_0/inst/u_core/u_dn/p_1_out__14__6/DSP_A_B_DATA_INST/A[25]
FV_FAIL -0.157 xdma_0_axi_aclk bd_i/layer_0/inst/u_core/u_dn/p_0_out__6__2/DSP_A_B_DATA_INST/B[8]
FV_FAIL -0.157 xdma_0_axi_aclk bd_i/layer_0/inst/u_core/u_dma/fmem_reg_0_255_80_80/SP.A/I
FV_FAIL -0.157 xdma_0_axi_aclk bd_i/layer_0/inst/u_core/u_dma/fmem_reg_0_255_80_80/SP.D/I
FV_FAIL -0.157 xdma_0_axi_aclk bd_i/layer_0/inst/u_core/u_dma/fmem_reg_0_255_308_308/SP.B/I
FV_FAIL -0.157 xdma_0_axi_aclk bd_i/layer_0/inst/u_core/u_dn/p_0_out__18__1/DSP_A_B_DATA_INST/A[23]
FV_FAIL -0.157 xdma_0_axi_aclk bd_i/layer_0/inst/u_core/u_attn/o_g4_reg[1][11]/D
FV_FAIL -0.157 xdma_0_axi_aclk bd_i/layer_0/inst/u_core/u_dn/g_lane[97].dm_p_reg[97]/DSP_PREADD_DATA_INST/DIN[1]
FV_FAIL -0.157 xdma_0_axi_aclk bd_i/layer_0/inst/u_core/u_attn/oi_reg[2]_rep__1/CE
FV_FAIL -0.157 xdma_0_axi_aclk bd_i/layer_0/inst/u_core/u_dma/fmem_reg_0_255_307_307/SP.D/I
FV_FAIL -0.157 xdma_0_axi_aclk bd_i/mvchan_3/inst/u_chan/u_xfifo/gnuram_async_fifo.xpm_fifo_base_inst/xpm_fifo_rst_inst/FSM_onehot_gen_rst_ic.curr_wrst_state_reg[1]/D
FV_FAIL -0.157 xdma_0_axi_aclk bd_i/layer_0/inst/u_core/u_dn/g_lane[0].kvm_acc_reg[0]/DSP_A_B_DATA_INST/B[2]
FV_FAIL -0.157 xdma_0_axi_aclk bd_i/layer_0/inst/u_core/u_attn/g_lane[92].prod_reg[92]/DSP_A_B_DATA_INST/B[12]
FV_FAIL -0.157 xdma_0_axi_aclk bd_i/layer_0/inst/u_core/u_alu/aa_r_reg[9]/CE
FV_FAIL -0.156 xdma_0_axi_aclk bd_i/layer_0/inst/u_core/u_attn/g_lane[197].pv_p_reg[197]/DSP_A_B_DATA_INST/A[11]
FV_FAIL -0.156 xdma_0_axi_aclk bd_i/axil_slice_5/inst/w.w_pipe/m_payload_i_reg[23]/D
FV_FAIL -0.156 xdma_0_axi_aclk bd_i/layer_0/inst/u_core/u_attn/o_g4_reg[2][22]/D
FV_FAIL -0.156 xdma_0_axi_aclk bd_i/layer_0/inst/u_core/u_dn/g_lane[40].dm_p_reg[40]/DSP_A_B_DATA_INST/A[13]
FV_FAIL -0.156 xdma_0_axi_aclk bd_i/layer_0/inst/u_core/krow_reg[1096]/CE
FV_FAIL -0.156 xdma_0_axi_aclk bd_i/layer_0/inst/u_core/u_dma/fmem_reg_0_255_107_107/SP.C/I
FV_FAIL -0.156 xdma_0_axi_aclk bd_i/layer_0/inst/u_core/u_attn/dot_reg[28]/D
FV_FAIL -0.156 xdma_0_axi_aclk bd_i/layer_0/inst/u_core/u_dn/vdata_q_reg[1]_rep__2_replica/D
FV_FAIL -0.156 xdma_0_axi_aclk bd_i/layer_0/inst/u_core/u_dn/g_lane[118].kvm_acc_reg[118]_i_12_psdsp_1/CE
FV_FAIL -0.156 xdma_0_axi_aclk bd_i/layer_0/inst/u_core/u_dn/g_lane[118].kvm_acc_reg[118]_i_5_psdsp_1/CE
FV_FAIL -0.156 xdma_0_axi_aclk bd_i/layer_0/inst/u_core/u_dn/g_lane[118].kvm_acc_reg[118]_i_6_psdsp_1/CE
FV_FAIL -0.156 xdma_0_axi_aclk bd_i/layer_0/inst/u_core/u_dn/g_lane[118].kvm_acc_reg[118]_i_9_psdsp_1/CE
FV_FAIL -0.156 xdma_0_axi_aclk bd_i/layer_0/inst/u_core/u_dn/g_lane[59].dec_p_reg[59]/DSP_A_B_DATA_INST/A[23]
FV_FAIL -0.156 xdma_0_axi_aclk bd_i/layer_0/inst/u_core/u_dn/p_1_out__15__2/DSP_A_B_DATA_INST/B[17]
FV_FAIL -0.156 xdma_0_axi_aclk bd_i/layer_0/inst/u_core/u_dn/p_0_out__9__9/DSP_A_B_DATA_INST/CEB2
FV_FAIL -0.156 xdma_0_axi_aclk bd_i/layer_0/inst/u_core/g_kvslot[0].mem_reg_uram_13/CAS_IN_DIN_B[43]
FV_FAIL -0.156 xdma_0_axi_aclk bd_i/layer_0/inst/u_core/u_attn/g_lane[123].prod_reg[123]/DSP_A_B_DATA_INST/CEA2
FV_FAIL -0.156 xdma_0_axi_aclk bd_i/layer_0/inst/u_core/u_attn/g_lane[238].pv_p_reg[238]/DSP_OUTPUT_INST/ALU_OUT[2]
FV_FAIL -0.156 xdma_0_axi_aclk bd_i/layer_0/inst/u_core/u_attn/g_lane[238].pv_p_reg[238]/DSP_OUTPUT_INST/ALU_OUT[3]
FV_FAIL -0.156 xdma_0_axi_aclk bd_i/layer_0/inst/u_core/u_dma/fmem_reg_0_255_460_460/SP.D/I
FV_FAIL -0.156 xdma_0_axi_aclk bd_i/layer_0/inst/u_core/u_dn/p_1_out__6__7/DSP_A_B_DATA_INST/A[22]
FV_FAIL -0.156 xdma_0_axi_aclk bd_i/layer_0/inst/u_core/g_kvslot[1].mem_reg_uram_31/CAS_IN_DIN_B[11]
FV_FAIL -0.155 xdma_0_axi_aclk bd_i/layer_0/inst/u_core/u_dn/g_lane[88].p2_p_reg[88]/DSP_A_B_DATA_INST/B[1]
FV_FAIL -0.155 xdma_0_axi_aclk bd_i/layer_0/inst/u_core/u_dma/fmem_reg_0_255_125_125/DP.C/I
FV_FAIL -0.155 xdma_0_axi_aclk bd_i/layer_0/inst/u_core/u_attn/g_lane[96].pv_p_reg[96]/DSP_A_B_DATA_INST/A[18]
FV_FAIL -0.155 xdma_0_axi_aclk bd_i/layer_0/inst/u_core/u_attn/dot_reg[27]/D
FV_FAIL -0.155 xdma_0_axi_aclk bd_i/layer_0/inst/u_core/u_dn/p_0_out__10__1/DSP_A_B_DATA_INST/B[8]
FV_FAIL -0.155 xdma_0_axi_aclk bd_i/layer_0/inst/u_core/u_dn/g_lane[118].kvm_acc_reg[118]_i_10_psdsp_1/CE
FV_FAIL -0.155 xdma_0_axi_aclk bd_i/layer_0/inst/u_core/u_dn/g_lane[118].kvm_acc_reg[118]_i_8_psdsp_1/CE
FV_FAIL -0.155 xdma_0_axi_aclk bd_i/layer_0/inst/u_core/tmp64_reg[21]/D
FV_FAIL -0.155 xdma_0_axi_aclk bd_i/layer_0/inst/u_core/u_attn/o_g4_reg[3][4]/D
FV_FAIL -0.155 xdma_0_axi_aclk bd_i/layer_0/inst/u_core/u_dn/g_lane[37].kvm_acc_reg[37]/DSP_A_B_DATA_INST/A[23]
FV_FAIL -0.155 xdma_0_axi_aclk bd_i/layer_0/inst/u_core/u_attn/g_lane[86].prod_reg[86]/DSP_A_B_DATA_INST/B[7]
FV_FAIL -0.155 xdma_0_axi_aclk bd_i/layer_0/inst/u_core/u_dn/p_1_out__6__7/DSP_A_B_DATA_INST/A[25]
FV_FAIL -0.155 xdma_0_axi_aclk bd_i/layer_0/inst/u_core/u_dn/p_1_out__21__7/DSP_PREADD_DATA_INST/DIN[19]
FV_FAIL -0.155 xdma_0_axi_aclk bd_i/layer_0/inst/u_core/u_dma/rowbuf_reg[1238]/D
FV_FAIL -0.155 xdma_0_axi_aclk bd_i/layer_0/inst/u_core/u_dma/fmem_reg_0_255_3_3/SP.B/I
FV_FAIL -0.155 xdma_0_axi_aclk bd_i/layer_0/inst/u_core/u_attn/g_lane[11].pv_p_reg[11]/DSP_A_B_DATA_INST/A[24]
FV_FAIL -0.154 xdma_0_axi_aclk bd_i/layer_0/inst/u_core/krow_reg[1572]/D
FV_FAIL -0.154 xdma_0_axi_aclk bd_i/layer_0/inst/u_core/u_dma/fmem_reg_0_255_171_171/SP.C/I
FV_FAIL -0.154 xdma_0_axi_aclk bd_i/layer_0/inst/u_core/cs_wd_reg[40]/D
FV_FAIL -0.154 xdma_0_axi_aclk bd_i/layer_0/inst/u_core/g_kvslot[0].mem_reg_uram_13/CAS_IN_DIN_B[62]
FV_FAIL -0.154 xdma_0_axi_aclk bd_i/layer_0/inst/u_core/u_dn/p_1_out__8__9/DSP_A_B_DATA_INST/B[1]
FV_FAIL -0.154 xdma_0_axi_aclk bd_i/layer_0/inst/u_core/u_dma/fmem_reg_0_255_125_125/SP.C/I
FV_FAIL -0.154 xdma_0_axi_aclk bd_i/layer_0/inst/u_core/u_attn/g_lane[237].pv_p_reg[237]/DSP_OUTPUT_INST/ALU_OUT[16]
FV_FAIL -0.154 xdma_0_axi_aclk bd_i/layer_0/inst/u_core/u_attn/g_lane[237].pv_p_reg[237]/DSP_OUTPUT_INST/ALU_OUT[17]
FV_FAIL -0.154 xdma_0_axi_aclk bd_i/layer_0/inst/u_core/u_attn/g_lane[237].pv_p_reg[237]/DSP_OUTPUT_INST/ALU_OUT[18]
FV_FAIL -0.154 xdma_0_axi_aclk bd_i/layer_0/inst/u_core/u_attn/g_lane[237].pv_p_reg[237]/DSP_OUTPUT_INST/ALU_OUT[19]
FV_FAIL -0.154 xdma_0_axi_aclk bd_i/layer_0/inst/u_core/u_attn/g_lane[237].pv_p_reg[237]/DSP_OUTPUT_INST/ALU_OUT[20]
FV_FAIL -0.154 xdma_0_axi_aclk bd_i/layer_0/inst/u_core/u_attn/g_lane[237].pv_p_reg[237]/DSP_OUTPUT_INST/ALU_OUT[21]
FV_FAIL -0.154 xdma_0_axi_aclk bd_i/layer_0/inst/u_core/u_attn/g_lane[237].pv_p_reg[237]/DSP_OUTPUT_INST/ALU_OUT[22]
FV_FAIL -0.154 xdma_0_axi_aclk bd_i/layer_0/inst/u_core/u_attn/g_lane[237].pv_p_reg[237]/DSP_OUTPUT_INST/ALU_OUT[23]
FV_FAIL -0.154 xdma_0_axi_aclk bd_i/layer_0/inst/u_core/u_attn/g_lane[237].pv_p_reg[237]/DSP_OUTPUT_INST/ALU_OUT[24]
FV_FAIL -0.154 xdma_0_axi_aclk bd_i/layer_0/inst/u_core/u_attn/g_lane[237].pv_p_reg[237]/DSP_OUTPUT_INST/ALU_OUT[25]
FV_FAIL -0.154 xdma_0_axi_aclk bd_i/layer_0/inst/u_core/u_attn/g_lane[237].pv_p_reg[237]/DSP_OUTPUT_INST/ALU_OUT[26]
FV_FAIL -0.154 xdma_0_axi_aclk bd_i/layer_0/inst/u_core/u_attn/g_lane[237].pv_p_reg[237]/DSP_OUTPUT_INST/ALU_OUT[27]
FV_FAIL -0.154 xdma_0_axi_aclk bd_i/layer_0/inst/u_core/u_attn/g_lane[237].pv_p_reg[237]/DSP_OUTPUT_INST/ALU_OUT[28]
FV_FAIL -0.154 xdma_0_axi_aclk bd_i/layer_0/inst/u_core/u_attn/g_lane[237].pv_p_reg[237]/DSP_OUTPUT_INST/ALU_OUT[29]
FV_FAIL -0.154 xdma_0_axi_aclk bd_i/layer_0/inst/u_core/u_attn/g_lane[237].pv_p_reg[237]/DSP_OUTPUT_INST/ALU_OUT[30]
FV_FAIL -0.154 xdma_0_axi_aclk bd_i/layer_0/inst/u_core/u_attn/g_lane[237].pv_p_reg[237]/DSP_OUTPUT_INST/ALU_OUT[31]
FV_FAIL -0.154 xdma_0_axi_aclk bd_i/layer_0/inst/u_core/u_attn/g_lane[237].pv_p_reg[237]/DSP_OUTPUT_INST/ALU_OUT[32]
FV_FAIL -0.154 xdma_0_axi_aclk bd_i/layer_0/inst/u_core/u_attn/g_lane[237].pv_p_reg[237]/DSP_OUTPUT_INST/ALU_OUT[33]
FV_FAIL -0.154 xdma_0_axi_aclk bd_i/layer_0/inst/u_core/u_attn/g_lane[237].pv_p_reg[237]/DSP_OUTPUT_INST/ALU_OUT[34]
FV_FAIL -0.154 xdma_0_axi_aclk bd_i/layer_0/inst/u_core/u_attn/g_lane[237].pv_p_reg[237]/DSP_OUTPUT_INST/ALU_OUT[35]
FV_FAIL -0.154 xdma_0_axi_aclk bd_i/layer_0/inst/u_core/u_attn/g_lane[237].pv_p_reg[237]/DSP_OUTPUT_INST/ALU_OUT[36]
FV_FAIL -0.154 xdma_0_axi_aclk bd_i/layer_0/inst/u_core/u_attn/g_lane[237].pv_p_reg[237]/DSP_OUTPUT_INST/ALU_OUT[37]
FV_FAIL -0.154 xdma_0_axi_aclk bd_i/layer_0/inst/u_core/u_attn/g_lane[237].pv_p_reg[237]/DSP_OUTPUT_INST/ALU_OUT[38]
FV_FAIL -0.154 xdma_0_axi_aclk bd_i/layer_0/inst/u_core/u_attn/g_lane[237].pv_p_reg[237]/DSP_OUTPUT_INST/ALU_OUT[39]
FV_FAIL -0.154 xdma_0_axi_aclk bd_i/layer_0/inst/u_core/u_attn/g_lane[237].pv_p_reg[237]/DSP_OUTPUT_INST/ALU_OUT[40]
FV_FAIL -0.154 xdma_0_axi_aclk bd_i/layer_0/inst/u_core/u_attn/g_lane[237].pv_p_reg[237]/DSP_OUTPUT_INST/ALU_OUT[41]
FV_FAIL -0.154 xdma_0_axi_aclk bd_i/layer_0/inst/u_core/u_attn/g_lane[237].pv_p_reg[237]/DSP_OUTPUT_INST/ALU_OUT[42]
FV_FAIL -0.154 xdma_0_axi_aclk bd_i/layer_0/inst/u_core/u_attn/g_lane[237].pv_p_reg[237]/DSP_OUTPUT_INST/ALU_OUT[43]
FV_FAIL -0.154 xdma_0_axi_aclk bd_i/layer_0/inst/u_core/u_attn/g_lane[237].pv_p_reg[237]/DSP_OUTPUT_INST/ALU_OUT[44]
FV_FAIL -0.154 xdma_0_axi_aclk bd_i/layer_0/inst/u_core/u_attn/g_lane[237].pv_p_reg[237]/DSP_OUTPUT_INST/ALU_OUT[45]
FV_FAIL -0.154 xdma_0_axi_aclk bd_i/layer_0/inst/u_core/u_attn/g_lane[237].pv_p_reg[237]/DSP_OUTPUT_INST/ALU_OUT[46]
FV_FAIL -0.154 xdma_0_axi_aclk bd_i/layer_0/inst/u_core/u_attn/g_lane[237].pv_p_reg[237]/DSP_OUTPUT_INST/ALU_OUT[47]
FV_FAIL -0.154 xdma_0_axi_aclk bd_i/layer_0/inst/u_core/u_dn/g_lane[88].p2_p_reg[88]/DSP_A_B_DATA_INST/B[5]
FV_FAIL -0.154 xdma_0_axi_aclk bd_i/layer_0/inst/u_core/u_attn/g_lane[11].pv_p_reg[11]/DSP_A_B_DATA_INST/A[9]
FV_FAIL -0.153 xdma_0_axi_aclk bd_i/layer_0/inst/u_core/u_dn/g_lane[65].kvm_acc_reg[65]/DSP_A_B_DATA_INST/A[22]
FV_FAIL -0.153 xdma_0_axi_aclk bd_i/layer_0/inst/u_core/u_dn/p_0_out__11__5/DSP_A_B_DATA_INST/B[0]
FV_FAIL -0.153 xdma_0_axi_aclk bd_i/layer_0/inst/u_core/u_dn/g_lane[39].dm_p_reg[39]/DSP_A_B_DATA_INST/A[22]
FV_FAIL -0.153 xdma_0_axi_aclk bd_i/layer_0/inst/u_core/u_dn/p_1_out__4__9/DSP_A_B_DATA_INST/A[29]
FV_FAIL -0.153 xdma_0_axi_aclk bd_i/layer_0/inst/u_core/u_attn/g_lane[210].pv_p_reg[210]/DSP_A_B_DATA_INST/A[7]
FV_FAIL -0.153 xdma_0_axi_aclk bd_i/layer_0/inst/u_core/g_dnslot[1].mem_reg_uram_14/ADDR_A[5]
FV_FAIL -0.153 xdma_0_axi_aclk bd_i/layer_0/inst/u_core/u_attn/st_reg[4]/CE
FV_FAIL -0.153 xdma_0_axi_aclk bd_i/layer_0/inst/u_core/u_dma/fmem_reg_0_255_107_107/SP.B/I
FV_FAIL -0.153 xdma_0_axi_aclk bd_i/layer_0/inst/u_core/u_dn/g_lane[2].dm_p_reg[2]/DSP_PREADD_DATA_INST/DIN[2]
FV_FAIL -0.153 xdma_0_axi_aclk bd_i/layer_0/inst/u_core/u_dn/g_lane[76].o_acc_reg[76]/DSP_A_B_DATA_INST/B[12]
FV_FAIL -0.153 xdma_0_axi_aclk bd_i/layer_0/inst/u_core/u_dma/fmem_reg_0_255_125_125/SP.B/I
FV_FAIL -0.153 xdma_0_axi_aclk bd_i/layer_0/inst/u_core/u_dma/fmem_reg_0_255_105_105/SP.C/I
FV_FAIL -0.153 xdma_0_axi_aclk bd_i/mvchan_3/inst/u_chan/u_xfifo/gnuram_async_fifo.xpm_fifo_base_inst/xpm_fifo_rst_inst/FSM_onehot_gen_rst_ic.curr_wrst_state_reg[3]/D
FV_FAIL -0.153 xdma_0_axi_aclk bd_i/layer_0/inst/u_core/u_dn/p_1_out__22__2/DSP_A_B_DATA_INST/B[8]
FV_FAIL -0.153 xdma_0_axi_aclk bd_i/layer_0/inst/u_core/u_attn/g_lane[106].prod_reg[106]/DSP_A_B_DATA_INST/B[3]
FV_FAIL -0.153 xdma_0_axi_aclk bd_i/layer_0/inst/u_core/u_attn/g_lane[11].pv_p_reg[11]/DSP_A_B_DATA_INST/A[21]
FV_FAIL -0.153 xdma_0_axi_aclk bd_i/layer_0/inst/u_core/u_dn/g_lane[102].kvm_acc_reg[102]/DSP_A_B_DATA_INST/B[10]
FV_FAIL -0.153 xdma_0_axi_aclk bd_i/layer_0/inst/u_core/u_dma/fmem_reg_0_255_146_146/DP.A/I
FV_FAIL -0.153 xdma_0_axi_aclk bd_i/layer_0/inst/u_core/smem_b_reg_bram_2/ADDRBWRADDR[6]
FV_FAIL -0.153 xdma_0_axi_aclk bd_i/layer_0/inst/u_core/u_dn/g_lane[93].dm_p_reg[93]/DSP_PREADD_DATA_INST/DIN[16]
FV_FAIL -0.152 xdma_0_axi_aclk bd_i/layer_0/inst/u_core/u_vn/ss_acc0_i_5_replica_psdsp_1/D
FV_FAIL -0.152 xdma_0_axi_aclk bd_i/layer_0/inst/u_core/u_dn/p_1_out__12__2/DSP_A_B_DATA_INST/A[29]
FV_FAIL -0.152 xdma_0_axi_aclk bd_i/layer_0/inst/u_core/u_dn/p_1_out__23__6/DSP_A_B_DATA_INST/B[5]
FV_FAIL -0.152 xdma_0_axi_aclk bd_i/layer_0/inst/u_core/u_attn/g_lane[65].pv_p_reg[65]/DSP_A_B_DATA_INST/A[0]
FV_FAIL -0.152 xdma_0_axi_aclk bd_i/layer_0/inst/u_core/u_attn/g_lane[144].prod_reg[144]/DSP_A_B_DATA_INST/B[4]
FV_FAIL -0.152 xdma_0_axi_aclk bd_i/layer_0/inst/u_core/u_dn/p_1_out__10__1/DSP_A_B_DATA_INST/B[0]
FV_FAIL -0.152 xdma_0_axi_aclk bd_i/layer_0/inst/u_core/u_attn/g_lane[79].pv_p_reg[79]/DSP_A_B_DATA_INST/A[23]
FV_FAIL -0.152 xdma_0_axi_aclk bd_i/layer_0/inst/u_core/u_dn/p_1_out__6__7/DSP_A_B_DATA_INST/A[23]
FV_FAIL -0.152 xdma_0_axi_aclk bd_i/layer_0/inst/u_core/smem_b_reg_bram_0/ADDRBWRADDR[10]
FV_FAIL -0.152 xdma_0_axi_aclk bd_i/layer_0/inst/u_core/u_attn/g_lane[92].prod_reg[92]/DSP_A_B_DATA_INST/B[14]
FV_FAIL -0.152 xdma_0_axi_aclk bd_i/layer_0/inst/u_core/u_dma/fmem_reg_0_255_105_105/DP.D/I
FV_FAIL -0.152 xdma_0_axi_aclk bd_i/axil_slice_4/inst/w.w_pipe/m_payload_i_reg[19]/D
FV_FAIL -0.152 xdma_0_axi_aclk bd_i/layer_0/inst/u_core/u_dn/g_lane[4].dec_p_reg[4]/DSP_A_B_DATA_INST/A[19]
FV_FAIL -0.152 xdma_0_axi_aclk bd_i/layer_0/inst/u_core/u_dn/g_lane[91].kvm_acc_reg[91]/DSP_A_B_DATA_INST/B[11]
FV_FAIL -0.152 xdma_0_axi_aclk bd_i/layer_0/inst/u_core/u_dn/g_lane[80].p2_p_reg[80]/DSP_A_B_DATA_INST/B[1]
FV_FAIL -0.151 xdma_0_axi_aclk bd_i/layer_0/inst/u_core/g_dnslot[1].mem_reg_uram_1/ADDR_A[7]
FV_FAIL -0.151 xdma_0_axi_aclk bd_i/layer_0/inst/u_core/u_dn/g_lane[100].kvm_acc_reg[100]/DSP_A_B_DATA_INST/B[5]
FV_FAIL -0.151 xdma_0_axi_aclk bd_i/layer_0/inst/u_core/u_dn/p_1_out__4__9/DSP_A_B_DATA_INST/A[13]
FV_FAIL -0.151 xdma_0_axi_aclk bd_i/layer_0/inst/u_core/u_dma/fmem_reg_0_255_171_171/SP.B/I
FV_FAIL -0.151 xdma_0_axi_aclk bd_i/layer_0/inst/u_core/g_kvslot[1].mem_reg_uram_47/CAS_IN_DIN_B[68]
FV_FAIL -0.151 xdma_0_axi_aclk bd_i/layer_0/inst/u_core/krow_reg[1633]/D
FV_FAIL -0.151 xdma_0_axi_aclk bd_i/layer_0/inst/u_core/u_dma/fmem_reg_0_255_146_146/SP.A/I
FV_FAIL -0.151 xdma_0_axi_aclk bd_i/layer_0/inst/u_core/u_attn/g_lane[92].pv_p_reg[92]/DSP_A_B_DATA_INST/A[17]
FV_FAIL -0.151 xdma_0_axi_aclk bd_i/layer_0/inst/u_core/u_dma/fmem_reg_0_255_146_146/DP.B/I
FV_FAIL -0.151 xdma_0_axi_aclk bd_i/layer_0/inst/u_core/u_dn/p_0_out__7__10/DSP_A_B_DATA_INST/B[2]
FV_FAIL -0.151 xdma_0_axi_aclk bd_i/layer_0/inst/u_core/u_dma/fmem_reg_0_255_39_39/SP.C/I
FV_FAIL -0.151 xdma_0_axi_aclk bd_i/layer_0/inst/u_core/u_dn/g_lane[75].p2_p_reg[75]/DSP_A_B_DATA_INST/B[13]
FV_FAIL -0.151 xdma_0_axi_aclk bd_i/layer_0/inst/u_core/u_dn/p_1_out__24__3/DSP_PREADD_DATA_INST/DIN[11]
FV_FAIL -0.151 xdma_0_axi_aclk bd_i/layer_0/inst/u_core/u_dma/fmem_reg_0_255_105_105/SP.A/I
FV_FAIL -0.151 xdma_0_axi_aclk bd_i/layer_0/inst/u_core/u_attn/mul_p00__0/DSP_A_B_DATA_INST/A[8]
FV_FAIL -0.151 xdma_0_axi_aclk bd_i/layer_0/inst/u_core/u_topk/ent_reg[13][44]/CE
FV_FAIL -0.150 xdma_0_axi_aclk bd_i/layer_0/inst/u_core/u_attn/g_lane[194].pv_abs_reg[194][25]/D
FV_FAIL -0.150 xdma_0_axi_aclk bd_i/layer_0/inst/u_core/u_dn/g_lane[61].dec_p_reg[61]/DSP_A_B_DATA_INST/A[5]
FV_FAIL -0.150 xdma_0_axi_aclk bd_i/layer_0/inst/u_core/at_qdata_reg[5]_rep__4/D
FV_FAIL -0.150 xdma_0_axi_aclk bd_i/layer_0/inst/u_core/u_dn/p_1_out__5__8/DSP_A_B_DATA_INST/B[1]
FV_FAIL -0.150 xdma_0_axi_aclk bd_i/layer_0/inst/u_core/u_attn/g_lane[194].pv_abs_reg[194][22]/D
FV_FAIL -0.150 xdma_0_axi_aclk bd_i/layer_0/inst/u_core/u_dn/g_lane[124].kvm_acc_reg[124]/DSP_OUTPUT_INST/RSTP
FV_FAIL -0.150 xdma_0_axi_aclk bd_i/layer_0/inst/u_core/g_dnslot[1].mem_reg_uram_15/ADDR_A[9]
FV_FAIL -0.150 xdma_0_axi_aclk bd_i/layer_0/inst/u_core/u_vn/ss_acc0_i_10_replica_1_psdsp/D
FV_FAIL -0.150 xdma_0_axi_aclk bd_i/layer_0/inst/u_core/u_dn/p_0_out__30/DSP_A_B_DATA_INST/B[1]
FV_FAIL -0.150 xdma_0_axi_aclk bd_i/layer_0/inst/u_core/u_dma/fmem_reg_0_255_105_105/SP.B/I
FV_FAIL -0.150 xdma_0_axi_aclk bd_i/layer_0/inst/u_core/u_dma/fmem_reg_0_255_90_90/DP.A/I
FV_FAIL -0.150 xdma_0_axi_aclk bd_i/axil_slice_4/inst/w.w_pipe/m_payload_i_reg[26]/D
FV_FAIL -0.150 xdma_0_axi_aclk bd_i/layer_0/inst/u_core/u_dma/fmem_reg_0_255_217_217/SP.A/I
FV_FAIL -0.149 xdma_0_axi_aclk bd_i/layer_0/inst/u_core/u_vn/ss_acc0_i_5_replica_psdsp/D
FV_FAIL -0.149 xdma_0_axi_aclk bd_i/layer_0/inst/u_core/u_attn/g_lane[197].pv_p_reg[197]/DSP_A_B_DATA_INST/A[12]
FV_FAIL -0.149 xdma_0_axi_aclk bd_i/layer_0/inst/u_core/at_qdata_reg[5]_rep__2/D
FV_FAIL -0.149 xdma_0_axi_aclk bd_i/layer_0/inst/u_core/u_dn/g_lane[48].kvm_acc_reg[48]/DSP_A_B_DATA_INST/B[1]
FV_FAIL -0.149 xdma_0_axi_aclk bd_i/layer_0/inst/u_core/u_attn/g_lane[194].pv_abs_reg[194][20]/D
FV_FAIL -0.149 xdma_0_axi_aclk bd_i/layer_0/inst/u_core/u_attn/g_lane[92].pv_p_reg[92]/DSP_A_B_DATA_INST/A[15]
FV_FAIL -0.149 xdma_0_axi_aclk bd_i/layer_0/inst/u_core/u_attn/pvc64_reg[34]/CE
FV_FAIL -0.149 xdma_0_axi_aclk bd_i/layer_0/inst/u_core/u_attn/o_g4_reg[0][3]/D
FV_FAIL -0.149 xdma_0_axi_aclk bd_i/layer_0/inst/u_core/u_attn/g_lane[196].pv_abs_reg[196][23]/D
FV_FAIL -0.149 xdma_0_axi_aclk bd_i/layer_0/inst/u_core/u_attn/oi_reg[1]_rep__15/CE
FV_FAIL -0.149 xdma_0_axi_aclk bd_i/layer_0/inst/u_core/u_dma/fmem_reg_0_255_207_207/DP.B/I
FV_FAIL -0.149 xdma_0_axi_aclk bd_i/layer_0/inst/u_core/u_dn/g_lane[59].kvm_acc_reg[59]_i_13_psdsp/D
FV_FAIL -0.149 xdma_0_axi_aclk bd_i/layer_0/inst/u_core/u_attn/g_lane[123].pv_p_reg[123]/DSP_A_B_DATA_INST/A[17]
FV_FAIL -0.149 xdma_0_axi_aclk bd_i/layer_0/inst/u_core/u_dn/p_0_out__18__2/DSP_A_B_DATA_INST/B[8]
FV_FAIL -0.149 xdma_0_axi_aclk bd_i/layer_0/inst/u_core/u_dn/p_1_out__23__6/DSP_A_B_DATA_INST/B[2]
FV_FAIL -0.149 xdma_0_axi_aclk bd_i/layer_0/inst/u_core/u_dma/fmem_reg_0_255_215_215/SP.C/I
FV_FAIL -0.148 xdma_0_axi_aclk bd_i/layer_0/inst/u_core/smem_b_reg_bram_8/ADDRBWRADDR[6]
FV_FAIL -0.148 xdma_0_axi_aclk bd_i/layer_0/inst/u_core/u_attn/g_lane[89].pv_p_reg[89]/DSP_A_B_DATA_INST/A[16]
FV_FAIL -0.148 xdma_0_axi_aclk bd_i/layer_0/inst/u_core/u_attn/g_lane[196].pv_abs_reg[196][21]/D
FV_FAIL -0.148 xdma_0_axi_aclk bd_i/layer_0/inst/u_core/u_dn/vdata_q_reg[9]_rep__1_replica/D
FV_FAIL -0.148 xdma_0_axi_aclk bd_i/layer_0/inst/u_core/u_attn/pvc64_reg[38]/CE
FV_FAIL -0.148 xdma_0_axi_aclk bd_i/layer_0/inst/u_core/u_attn/g_lane[65].pv_p_reg[65]/DSP_A_B_DATA_INST/A[2]
FV_FAIL -0.148 xdma_0_axi_aclk bd_i/layer_0/inst/u_core/u_attn/g_lane[210].pv_p_reg[210]/DSP_A_B_DATA_INST/A[0]
FV_FAIL -0.148 xdma_0_axi_aclk bd_i/layer_0/inst/u_core/u_attn/dot_reg[25]/D
FV_FAIL -0.148 xdma_0_axi_aclk bd_i/layer_0/inst/u_core/u_dn/g_lane[29].dm_p_reg[29]/DSP_PREADD_DATA_INST/DIN[8]
FV_FAIL -0.148 xdma_0_axi_aclk bd_i/layer_0/inst/u_core/u_dma/fmem_reg_0_255_47_47/DP.B/I
FV_FAIL -0.148 xdma_0_axi_aclk bd_i/layer_0/inst/u_core/u_dn/g_lane[12].dec_p_reg[12]/DSP_A_B_DATA_INST/A[18]
FV_FAIL -0.148 xdma_0_axi_aclk bd_i/layer_0/inst/u_core/u_dma/fmem_reg_0_255_146_146/DP.C/I
FV_FAIL -0.148 xdma_0_axi_aclk bd_i/layer_0/inst/u_core/u_dma/fmem_reg_0_255_39_39/SP.B/I
FV_FAIL -0.148 xdma_0_axi_aclk bd_i/layer_0/inst/u_core/u_attn/g_lane[11].pv_p_reg[11]/DSP_A_B_DATA_INST/A[11]
FV_FAIL -0.148 xdma_0_axi_aclk bd_i/layer_0/inst/u_core/u_dn/g_lane[3].dm_p_reg[3]/DSP_PREADD_DATA_INST/DIN[18]
FV_FAIL -0.147 xdma_0_axi_aclk bd_i/layer_0/inst/u_core/u_attn/g_lane[93].prod_reg[93]/DSP_A_B_DATA_INST/B[17]
FV_FAIL -0.147 xdma_0_axi_aclk bd_i/layer_0/inst/u_core/u_dn/p_0_out__1__3/DSP_A_B_DATA_INST/A[24]
FV_FAIL -0.147 xdma_0_axi_aclk bd_i/layer_0/inst/u_core/u_alu/cp_b16_reg[4]/D
FV_FAIL -0.147 xdma_0_axi_aclk bd_i/layer_0/inst/u_core/u_attn/pvc64_reg[23]/CE
FV_FAIL -0.147 xdma_0_axi_aclk bd_i/layer_0/inst/u_core/u_dma/fmem_reg_0_255_256_256/SP.A/I
FV_FAIL -0.147 xdma_0_axi_aclk bd_i/layer_0/inst/u_core/u_attn/g_lane[17].prod_reg[17]/DSP_A_B_DATA_INST/CEA2
FV_FAIL -0.147 xdma_0_axi_aclk bd_i/layer_0/inst/u_core/u_alu/cp_a16_reg[9]/D
FV_FAIL -0.147 xdma_0_axi_aclk bd_i/layer_0/inst/u_core/at_qdata_reg[9]/D
FV_FAIL -0.147 xdma_0_axi_aclk bd_i/layer_0/inst/u_core/krow_reg[1086]/D
FV_FAIL -0.147 xdma_0_axi_aclk bd_i/layer_0/inst/u_core/u_attn/shamt_q_reg[3]/CE
FV_FAIL -0.146 xdma_0_axi_aclk bd_i/layer_0/inst/u_core/u_dn/p_0_out__2__5/DSP_A_B_DATA_INST/B[7]
FV_FAIL -0.146 xdma_0_axi_aclk bd_i/layer_0/inst/u_core/u_attn/g_lane[210].pv_p_reg[210]/DSP_A_B_DATA_INST/A[8]
FV_FAIL -0.146 xdma_0_axi_aclk bd_i/layer_0/inst/u_core/u_dn/g_lane[69].dm_p_reg[69]/DSP_A_B_DATA_INST/A[29]
FV_FAIL -0.146 xdma_0_axi_aclk bd_i/layer_0/inst/u_core/u_attn/g_lane[56].pv_p_reg[56]/DSP_A_B_DATA_INST/A[2]
FV_FAIL -0.146 xdma_0_axi_aclk bd_i/mvchan_3/inst/u_chan/res_ptr_reg[1]/R
FV_FAIL -0.146 xdma_0_axi_aclk bd_i/layer_0/inst/u_core/u_dn/g_lane[12].dec_p_reg[12]/DSP_A_B_DATA_INST/A[19]
FV_FAIL -0.146 xdma_0_axi_aclk bd_i/layer_0/inst/u_core/u_dn/p_1_out__8__9/DSP_A_B_DATA_INST/B[0]
FV_FAIL -0.146 xdma_0_axi_aclk bd_i/layer_0/inst/u_core/u_dma/fmem_reg_0_255_150_150/SP.D/I
FV_FAIL -0.146 xdma_0_axi_aclk bd_i/layer_0/inst/u_core/gt_wdata_reg[17]/D
FV_FAIL -0.146 xdma_0_axi_aclk bd_i/layer_0/inst/u_core/u_dma/fmem_reg_0_255_201_201/SP.A/I
FV_FAIL -0.146 xdma_0_axi_aclk bd_i/layer_0/inst/u_core/u_attn/g_lane[30].prod_reg[30]/DSP_A_B_DATA_INST/CEA2
FV_FAIL -0.146 xdma_0_axi_aclk bd_i/layer_0/inst/u_core/u_dma/fmem_reg_0_255_207_207/DP.C/I
FV_FAIL -0.146 xdma_0_axi_aclk bd_i/layer_0/inst/u_core/u_attn/oi_reg[1]_rep__0/CE
FV_FAIL -0.146 xdma_0_axi_aclk bd_i/layer_0/inst/u_core/u_attn/oi_reg[1]_rep__1/CE
FV_FAIL -0.146 xdma_0_axi_aclk bd_i/layer_0/inst/u_core/u_alu/b_addr_reg[2]/CE
FV_FAIL -0.146 xdma_0_axi_aclk bd_i/layer_0/inst/u_core/u_alu/b_addr_reg[7]/CE
FV_FAIL -0.146 xdma_0_axi_aclk bd_i/layer_0/inst/u_core/u_dma/fmem_reg_0_255_39_39/SP.D/I
FV_FAIL -0.146 xdma_0_axi_aclk bd_i/layer_0/inst/u_core/u_dma/fmem_reg_0_255_215_215/SP.B/I
FV_FAIL -0.145 xdma_0_axi_aclk bd_i/layer_0/inst/u_core/kv_wrow_reg[1073]/CE
FV_FAIL -0.145 xdma_0_axi_aclk bd_i/layer_0/inst/u_core/kv_wrow_reg[1076]/CE
FV_FAIL -0.145 xdma_0_axi_aclk bd_i/layer_0/inst/u_core/kv_wrow_reg[1077]/CE
FV_FAIL -0.145 xdma_0_axi_aclk bd_i/layer_0/inst/u_core/kv_wrow_reg[1078]/CE
FV_FAIL -0.145 xdma_0_axi_aclk bd_i/layer_0/inst/u_core/vn_sdata_reg[7]/D
FV_FAIL -0.145 xdma_0_axi_aclk bd_i/layer_0/inst/u_core/u_dma/fmem_reg_0_255_47_47/DP.C/I
FV_FAIL -0.145 xdma_0_axi_aclk bd_i/layer_0/inst/u_core/u_dn/g_lane[17].dm_p_reg[17]/DSP_A_B_DATA_INST/A[25]
FV_FAIL -0.145 xdma_0_axi_aclk bd_i/layer_0/inst/u_core/u_dn/p_1_out__9__2/DSP_A_B_DATA_INST/B[9]
FV_FAIL -0.145 xdma_0_axi_aclk bd_i/layer_0/inst/u_core/u_attn/g_lane[228].prod_reg[228]/DSP_A_B_DATA_INST/B[10]
FV_FAIL -0.145 xdma_0_axi_aclk bd_i/layer_0/inst/u_core/u_dn/p_0_out__17__4/DSP_A_B_DATA_INST/B[14]
FV_FAIL -0.145 xdma_0_axi_aclk bd_i/layer_0/inst/u_core/u_attn/g_lane[88].prod_reg[88]/DSP_A_B_DATA_INST/B[0]
FV_FAIL -0.145 xdma_0_axi_aclk bd_i/layer_0/inst/u_core/tcnt_bank_reg[4][0][7]/CE
FV_FAIL -0.145 xdma_0_axi_aclk bd_i/layer_0/inst/u_core/at_qdata_reg[6]_rep__0/D
FV_FAIL -0.144 xdma_0_axi_aclk bd_i/layer_0/inst/u_core/u_attn/g_lane[93].prod_reg[93]/DSP_A_B_DATA_INST/B[8]
FV_FAIL -0.144 xdma_0_axi_aclk bd_i/layer_0/inst/u_core/u_dma/fmem_reg_0_255_215_215/SP.D/I
FV_FAIL -0.144 xdma_0_axi_aclk bd_i/layer_0/inst/u_core/g_kvslot[1].mem_reg_uram_43/CAS_IN_ADDR_A[4]
FV_FAIL -0.144 xdma_0_axi_aclk bd_i/layer_0/inst/u_core/rp_sdata_reg[4]/D
FV_FAIL -0.144 xdma_0_axi_aclk bd_i/layer_0/inst/u_core/u_attn/g_lane[198].pv_p_reg[198]/DSP_A_B_DATA_INST/A[25]
FV_FAIL -0.144 xdma_0_axi_aclk bd_i/layer_0/inst/u_core/u_attn/g_lane[79].pv_p_reg[79]/DSP_A_B_DATA_INST/A[24]
FV_FAIL -0.144 xdma_0_axi_aclk bd_i/layer_0/inst/u_core/u_dn/p_0_out__3__11/DSP_OUTPUT_INST/ALU_OUT[0]
FV_FAIL -0.144 xdma_0_axi_aclk bd_i/layer_0/inst/u_core/u_dn/p_0_out__3__11/DSP_OUTPUT_INST/ALU_OUT[10]
FV_FAIL -0.144 xdma_0_axi_aclk bd_i/layer_0/inst/u_core/u_dn/p_0_out__3__11/DSP_OUTPUT_INST/ALU_OUT[11]
FV_FAIL -0.144 xdma_0_axi_aclk bd_i/layer_0/inst/u_core/u_dn/p_0_out__3__11/DSP_OUTPUT_INST/ALU_OUT[12]
FV_FAIL -0.144 xdma_0_axi_aclk bd_i/layer_0/inst/u_core/u_dn/p_0_out__3__11/DSP_OUTPUT_INST/ALU_OUT[13]
FV_FAIL -0.144 xdma_0_axi_aclk bd_i/layer_0/inst/u_core/u_dn/p_0_out__3__11/DSP_OUTPUT_INST/ALU_OUT[14]
FV_FAIL -0.144 xdma_0_axi_aclk bd_i/layer_0/inst/u_core/u_dn/p_0_out__3__11/DSP_OUTPUT_INST/ALU_OUT[15]
FV_FAIL -0.144 xdma_0_axi_aclk bd_i/layer_0/inst/u_core/u_dn/p_0_out__3__11/DSP_OUTPUT_INST/ALU_OUT[16]
FV_FAIL -0.144 xdma_0_axi_aclk bd_i/layer_0/inst/u_core/u_dn/p_0_out__3__11/DSP_OUTPUT_INST/ALU_OUT[17]
FV_FAIL -0.144 xdma_0_axi_aclk bd_i/layer_0/inst/u_core/u_dn/p_0_out__3__11/DSP_OUTPUT_INST/ALU_OUT[18]
FV_FAIL -0.144 xdma_0_axi_aclk bd_i/layer_0/inst/u_core/u_dn/p_0_out__3__11/DSP_OUTPUT_INST/ALU_OUT[19]
FV_FAIL -0.144 xdma_0_axi_aclk bd_i/layer_0/inst/u_core/u_dn/p_0_out__3__11/DSP_OUTPUT_INST/ALU_OUT[1]
FV_FAIL -0.144 xdma_0_axi_aclk bd_i/layer_0/inst/u_core/u_dn/p_0_out__3__11/DSP_OUTPUT_INST/ALU_OUT[20]
FV_FAIL -0.144 xdma_0_axi_aclk bd_i/layer_0/inst/u_core/u_dn/p_0_out__3__11/DSP_OUTPUT_INST/ALU_OUT[21]
FV_FAIL -0.144 xdma_0_axi_aclk bd_i/layer_0/inst/u_core/u_dn/p_0_out__3__11/DSP_OUTPUT_INST/ALU_OUT[22]
FV_FAIL -0.144 xdma_0_axi_aclk bd_i/layer_0/inst/u_core/u_dn/p_0_out__3__11/DSP_OUTPUT_INST/ALU_OUT[23]
FV_FAIL -0.144 xdma_0_axi_aclk bd_i/layer_0/inst/u_core/u_dn/p_0_out__3__11/DSP_OUTPUT_INST/ALU_OUT[24]
FV_FAIL -0.144 xdma_0_axi_aclk bd_i/layer_0/inst/u_core/u_dn/p_0_out__3__11/DSP_OUTPUT_INST/ALU_OUT[25]
FV_FAIL -0.144 xdma_0_axi_aclk bd_i/layer_0/inst/u_core/u_dn/p_0_out__3__11/DSP_OUTPUT_INST/ALU_OUT[26]
FV_FAIL -0.144 xdma_0_axi_aclk bd_i/layer_0/inst/u_core/u_dn/p_0_out__3__11/DSP_OUTPUT_INST/ALU_OUT[27]
FV_FAIL -0.144 xdma_0_axi_aclk bd_i/layer_0/inst/u_core/u_dn/p_0_out__3__11/DSP_OUTPUT_INST/ALU_OUT[28]
FV_FAIL -0.144 xdma_0_axi_aclk bd_i/layer_0/inst/u_core/u_dn/p_0_out__3__11/DSP_OUTPUT_INST/ALU_OUT[29]
FV_FAIL -0.144 xdma_0_axi_aclk bd_i/layer_0/inst/u_core/u_dn/p_0_out__3__11/DSP_OUTPUT_INST/ALU_OUT[2]
FV_FAIL -0.144 xdma_0_axi_aclk bd_i/layer_0/inst/u_core/u_dn/p_0_out__3__11/DSP_OUTPUT_INST/ALU_OUT[30]
FV_FAIL -0.144 xdma_0_axi_aclk bd_i/layer_0/inst/u_core/u_dn/p_0_out__3__11/DSP_OUTPUT_INST/ALU_OUT[31]
FV_FAIL -0.144 xdma_0_axi_aclk bd_i/layer_0/inst/u_core/u_dn/p_0_out__3__11/DSP_OUTPUT_INST/ALU_OUT[32]
FV_FAIL -0.144 xdma_0_axi_aclk bd_i/layer_0/inst/u_core/u_dn/p_0_out__3__11/DSP_OUTPUT_INST/ALU_OUT[33]
FV_FAIL -0.144 xdma_0_axi_aclk bd_i/layer_0/inst/u_core/u_dn/p_0_out__3__11/DSP_OUTPUT_INST/ALU_OUT[34]
FV_FAIL -0.144 xdma_0_axi_aclk bd_i/layer_0/inst/u_core/u_dn/p_0_out__3__11/DSP_OUTPUT_INST/ALU_OUT[35]
FV_FAIL -0.144 xdma_0_axi_aclk bd_i/layer_0/inst/u_core/u_dn/p_0_out__3__11/DSP_OUTPUT_INST/ALU_OUT[36]
FV_FAIL -0.144 xdma_0_axi_aclk bd_i/layer_0/inst/u_core/u_dn/p_0_out__3__11/DSP_OUTPUT_INST/ALU_OUT[37]
FV_FAIL -0.144 xdma_0_axi_aclk bd_i/layer_0/inst/u_core/u_dn/p_0_out__3__11/DSP_OUTPUT_INST/ALU_OUT[38]
FV_FAIL -0.144 xdma_0_axi_aclk bd_i/layer_0/inst/u_core/u_dn/p_0_out__3__11/DSP_OUTPUT_INST/ALU_OUT[39]
FV_FAIL -0.144 xdma_0_axi_aclk bd_i/layer_0/inst/u_core/u_dn/p_0_out__3__11/DSP_OUTPUT_INST/ALU_OUT[3]
FV_FAIL -0.144 xdma_0_axi_aclk bd_i/layer_0/inst/u_core/u_dn/p_0_out__3__11/DSP_OUTPUT_INST/ALU_OUT[40]
FV_FAIL -0.144 xdma_0_axi_aclk bd_i/layer_0/inst/u_core/u_dn/p_0_out__3__11/DSP_OUTPUT_INST/ALU_OUT[41]
FV_FAIL -0.144 xdma_0_axi_aclk bd_i/layer_0/inst/u_core/u_dn/p_0_out__3__11/DSP_OUTPUT_INST/ALU_OUT[42]
FV_FAIL -0.144 xdma_0_axi_aclk bd_i/layer_0/inst/u_core/u_dn/p_0_out__3__11/DSP_OUTPUT_INST/ALU_OUT[43]
FV_FAIL -0.144 xdma_0_axi_aclk bd_i/layer_0/inst/u_core/u_dn/p_0_out__3__11/DSP_OUTPUT_INST/ALU_OUT[44]
FV_FAIL -0.144 xdma_0_axi_aclk bd_i/layer_0/inst/u_core/u_dn/p_0_out__3__11/DSP_OUTPUT_INST/ALU_OUT[45]
FV_FAIL -0.144 xdma_0_axi_aclk bd_i/layer_0/inst/u_core/u_dn/p_0_out__3__11/DSP_OUTPUT_INST/ALU_OUT[46]
FV_FAIL -0.144 xdma_0_axi_aclk bd_i/layer_0/inst/u_core/u_dn/p_0_out__3__11/DSP_OUTPUT_INST/ALU_OUT[47]
FV_FAIL -0.144 xdma_0_axi_aclk bd_i/layer_0/inst/u_core/u_dn/p_0_out__3__11/DSP_OUTPUT_INST/ALU_OUT[4]
FV_FAIL -0.144 xdma_0_axi_aclk bd_i/layer_0/inst/u_core/u_dn/p_0_out__3__11/DSP_OUTPUT_INST/ALU_OUT[5]
FV_FAIL -0.144 xdma_0_axi_aclk bd_i/layer_0/inst/u_core/u_dn/p_0_out__3__11/DSP_OUTPUT_INST/ALU_OUT[6]
FV_FAIL -0.144 xdma_0_axi_aclk bd_i/layer_0/inst/u_core/u_dn/p_0_out__3__11/DSP_OUTPUT_INST/ALU_OUT[7]
FV_FAIL -0.144 xdma_0_axi_aclk bd_i/layer_0/inst/u_core/u_dn/p_0_out__3__11/DSP_OUTPUT_INST/ALU_OUT[8]
FV_FAIL -0.144 xdma_0_axi_aclk bd_i/layer_0/inst/u_core/u_dn/p_0_out__3__11/DSP_OUTPUT_INST/ALU_OUT[9]
FV_FAIL -0.144 xdma_0_axi_aclk bd_i/layer_0/inst/u_core/u_attn/o_g4_reg[1][2]/D
FV_FAIL -0.144 xdma_0_axi_aclk bd_i/layer_0/inst/u_core/u_dma/fmem_reg_0_255_151_151/DP.D/I
FV_FAIL -0.144 xdma_0_axi_aclk bd_i/layer_0/inst/u_core/u_dn/p_0_out__17__1/DSP_A_B_DATA_INST/B[2]
FV_FAIL -0.144 xdma_0_axi_aclk bd_i/layer_0/inst/u_core/u_dma/fmem_reg_0_255_340_340/SP.A/I
FV_FAIL -0.144 xdma_0_axi_aclk bd_i/layer_0/inst/u_core/u_attn/g_lane[156].prod_reg[156]/DSP_A_B_DATA_INST/B[2]
FV_FAIL -0.144 xdma_0_axi_aclk bd_i/layer_0/inst/u_core/u_attn/g_lane[192].pv_abs_reg[192][22]/D
FV_FAIL -0.144 xdma_0_axi_aclk bd_i/layer_0/inst/u_core/u_attn/g_lane[192].pv_abs_reg[192][24]/D
FV_FAIL -0.144 xdma_0_axi_aclk bd_i/layer_0/inst/u_core/u_dma/fmem_reg_0_255_138_138/SP.A/I
FV_FAIL -0.144 xdma_0_axi_aclk bd_i/layer_0/inst/u_core/u_dn/p_0_out__3__15/DSP_A_B_DATA_INST/B[13]
FV_FAIL -0.143 xdma_0_axi_aclk bd_i/layer_0/inst/u_core/dma_slot_reg_replica_25/CE
FV_FAIL -0.143 xdma_0_axi_aclk bd_i/layer_0/inst/u_core/dn_vdata_reg[6]/D
FV_FAIL -0.143 xdma_0_axi_aclk bd_i/layer_0/inst/u_core/at_qdata_reg[7]_rep__10/D
FV_FAIL -0.143 xdma_0_axi_aclk bd_i/mvchan_3/inst/u_chan/csr_static_nrows_reg[4]/R
FV_FAIL -0.143 xdma_0_axi_aclk bd_i/mvchan_3/inst/u_chan/csr_static_wbeats_reg[10]/R
FV_FAIL -0.143 xdma_0_axi_aclk bd_i/layer_0/inst/u_core/u_dn/p_1_out__9__2/DSP_A_B_DATA_INST/B[7]
FV_FAIL -0.143 xdma_0_axi_aclk bd_i/layer_0/inst/u_core/u_attn/g_lane[192].pv_abs_reg[192][20]/D
FV_FAIL -0.143 xdma_0_axi_aclk bd_i/layer_0/inst/u_core/u_dn/p_1_out__1__10/DSP_PREADD_DATA_INST/DIN[14]
FV_FAIL -0.142 xdma_0_axi_aclk bd_i/layer_0/inst/u_core/u_dma/fmem_reg_0_255_192_192/SP.A/I
FV_FAIL -0.142 xdma_0_axi_aclk bd_i/layer_0/inst/u_core/kv_wrow_reg[595]/CE
FV_FAIL -0.142 xdma_0_axi_aclk bd_i/layer_0/inst/u_core/u_dn/g_lane[37].kvm_acc_reg[37]/DSP_A_B_DATA_INST/A[14]
FV_FAIL -0.142 xdma_0_axi_aclk bd_i/layer_0/inst/u_core/u_dn/g_lane[76].p2_p_reg[76]/DSP_A_B_DATA_INST/B[7]
FV_FAIL -0.142 xdma_0_axi_aclk bd_i/layer_0/inst/u_core/u_dma/fmem_reg_0_255_217_217/SP.D/I
FV_FAIL -0.142 xdma_0_axi_aclk bd_i/layer_0/inst/u_core/u_alu/r_res_reg[7]/D
FV_FAIL -0.142 xdma_0_axi_aclk bd_i/layer_0/inst/u_core/u_attn/o_g4_reg[2][24]/D
FV_FAIL -0.142 xdma_0_axi_aclk bd_i/layer_0/inst/u_core/u_dn/g_lane[71].kvm_acc_reg[71]/DSP_A_B_DATA_INST/B[7]
FV_FAIL -0.142 xdma_0_axi_aclk bd_i/layer_0/inst/u_core/krow_reg[572]/CE
FV_FAIL -0.142 xdma_0_axi_aclk bd_i/layer_0/inst/u_core/u_attn/o_g4_reg[2][7]/D
FV_FAIL -0.142 xdma_0_axi_aclk bd_i/layer_0/inst/u_core/u_dma/fmem_reg_0_255_489_489/SP.A/I
FV_FAIL -0.142 xdma_0_axi_aclk bd_i/layer_0/inst/u_core/u_dma/fmem_reg_0_255_489_489/SP.D/I
FV_FAIL -0.142 xdma_0_axi_aclk bd_i/layer_0/inst/u_core/u_dma/fmem_reg_0_255_325_325/DP.D/I
FV_FAIL -0.142 xdma_0_axi_aclk bd_i/layer_0/inst/u_core/u_dn/p_0_out__2__7/DSP_OUTPUT_INST/ALU_OUT[10]
FV_FAIL -0.142 xdma_0_axi_aclk bd_i/layer_0/inst/u_core/u_dn/p_0_out__2__7/DSP_OUTPUT_INST/ALU_OUT[11]
FV_FAIL -0.142 xdma_0_axi_aclk bd_i/layer_0/inst/u_core/u_dn/p_0_out__2__7/DSP_OUTPUT_INST/ALU_OUT[12]
FV_FAIL -0.142 xdma_0_axi_aclk bd_i/layer_0/inst/u_core/u_dn/p_0_out__2__7/DSP_OUTPUT_INST/ALU_OUT[13]
FV_FAIL -0.142 xdma_0_axi_aclk bd_i/layer_0/inst/u_core/u_dn/p_0_out__2__7/DSP_OUTPUT_INST/ALU_OUT[14]
FV_FAIL -0.142 xdma_0_axi_aclk bd_i/layer_0/inst/u_core/u_dn/p_0_out__2__7/DSP_OUTPUT_INST/ALU_OUT[15]
FV_FAIL -0.142 xdma_0_axi_aclk bd_i/layer_0/inst/u_core/u_dn/p_0_out__2__7/DSP_OUTPUT_INST/ALU_OUT[16]
FV_FAIL -0.142 xdma_0_axi_aclk bd_i/layer_0/inst/u_core/u_dn/p_0_out__2__7/DSP_OUTPUT_INST/ALU_OUT[17]
FV_FAIL -0.142 xdma_0_axi_aclk bd_i/layer_0/inst/u_core/u_dn/p_0_out__2__7/DSP_OUTPUT_INST/ALU_OUT[18]
FV_FAIL -0.142 xdma_0_axi_aclk bd_i/layer_0/inst/u_core/u_dn/p_0_out__2__7/DSP_OUTPUT_INST/ALU_OUT[19]
FV_FAIL -0.142 xdma_0_axi_aclk bd_i/layer_0/inst/u_core/u_dn/p_0_out__2__7/DSP_OUTPUT_INST/ALU_OUT[20]
FV_FAIL -0.142 xdma_0_axi_aclk bd_i/layer_0/inst/u_core/u_dn/p_0_out__2__7/DSP_OUTPUT_INST/ALU_OUT[21]
FV_FAIL -0.142 xdma_0_axi_aclk bd_i/layer_0/inst/u_core/u_dn/p_0_out__2__7/DSP_OUTPUT_INST/ALU_OUT[22]
FV_FAIL -0.142 xdma_0_axi_aclk bd_i/layer_0/inst/u_core/u_dn/p_0_out__2__7/DSP_OUTPUT_INST/ALU_OUT[23]
FV_FAIL -0.142 xdma_0_axi_aclk bd_i/layer_0/inst/u_core/u_dn/p_0_out__2__7/DSP_OUTPUT_INST/ALU_OUT[24]
FV_FAIL -0.142 xdma_0_axi_aclk bd_i/layer_0/inst/u_core/u_dn/p_0_out__2__7/DSP_OUTPUT_INST/ALU_OUT[25]
FV_FAIL -0.142 xdma_0_axi_aclk bd_i/layer_0/inst/u_core/u_dn/p_0_out__2__7/DSP_OUTPUT_INST/ALU_OUT[26]
FV_FAIL -0.142 xdma_0_axi_aclk bd_i/layer_0/inst/u_core/u_dn/p_0_out__2__7/DSP_OUTPUT_INST/ALU_OUT[27]
FV_FAIL -0.142 xdma_0_axi_aclk bd_i/layer_0/inst/u_core/u_dn/p_0_out__2__7/DSP_OUTPUT_INST/ALU_OUT[28]
FV_FAIL -0.142 xdma_0_axi_aclk bd_i/layer_0/inst/u_core/u_dn/p_0_out__2__7/DSP_OUTPUT_INST/ALU_OUT[29]
FV_FAIL -0.142 xdma_0_axi_aclk bd_i/layer_0/inst/u_core/u_dn/p_0_out__2__7/DSP_OUTPUT_INST/ALU_OUT[30]
FV_FAIL -0.142 xdma_0_axi_aclk bd_i/layer_0/inst/u_core/u_dn/p_0_out__2__7/DSP_OUTPUT_INST/ALU_OUT[31]
FV_FAIL -0.142 xdma_0_axi_aclk bd_i/layer_0/inst/u_core/u_dn/p_0_out__2__7/DSP_OUTPUT_INST/ALU_OUT[32]
FV_FAIL -0.142 xdma_0_axi_aclk bd_i/layer_0/inst/u_core/u_dn/p_0_out__2__7/DSP_OUTPUT_INST/ALU_OUT[33]
FV_FAIL -0.142 xdma_0_axi_aclk bd_i/layer_0/inst/u_core/u_dn/p_0_out__2__7/DSP_OUTPUT_INST/ALU_OUT[34]
FV_FAIL -0.142 xdma_0_axi_aclk bd_i/layer_0/inst/u_core/u_dn/p_0_out__2__7/DSP_OUTPUT_INST/ALU_OUT[35]
FV_FAIL -0.142 xdma_0_axi_aclk bd_i/layer_0/inst/u_core/u_dn/p_0_out__2__7/DSP_OUTPUT_INST/ALU_OUT[36]
FV_FAIL -0.142 xdma_0_axi_aclk bd_i/layer_0/inst/u_core/u_dn/p_0_out__2__7/DSP_OUTPUT_INST/ALU_OUT[37]
FV_FAIL -0.142 xdma_0_axi_aclk bd_i/layer_0/inst/u_core/u_dn/p_0_out__2__7/DSP_OUTPUT_INST/ALU_OUT[38]
FV_FAIL -0.142 xdma_0_axi_aclk bd_i/layer_0/inst/u_core/u_dn/p_0_out__2__7/DSP_OUTPUT_INST/ALU_OUT[39]
FV_FAIL -0.142 xdma_0_axi_aclk bd_i/layer_0/inst/u_core/u_dn/p_0_out__2__7/DSP_OUTPUT_INST/ALU_OUT[40]
FV_FAIL -0.142 xdma_0_axi_aclk bd_i/layer_0/inst/u_core/u_dn/p_0_out__2__7/DSP_OUTPUT_INST/ALU_OUT[41]
FV_FAIL -0.142 xdma_0_axi_aclk bd_i/layer_0/inst/u_core/u_dn/p_0_out__2__7/DSP_OUTPUT_INST/ALU_OUT[42]
FV_FAIL -0.142 xdma_0_axi_aclk bd_i/layer_0/inst/u_core/u_dn/p_0_out__2__7/DSP_OUTPUT_INST/ALU_OUT[43]
FV_FAIL -0.142 xdma_0_axi_aclk bd_i/layer_0/inst/u_core/u_dn/p_0_out__2__7/DSP_OUTPUT_INST/ALU_OUT[44]
FV_FAIL -0.142 xdma_0_axi_aclk bd_i/layer_0/inst/u_core/u_dn/p_0_out__2__7/DSP_OUTPUT_INST/ALU_OUT[45]
FV_FAIL -0.142 xdma_0_axi_aclk bd_i/layer_0/inst/u_core/u_dn/p_0_out__2__7/DSP_OUTPUT_INST/ALU_OUT[46]
FV_FAIL -0.142 xdma_0_axi_aclk bd_i/layer_0/inst/u_core/u_dn/p_0_out__2__7/DSP_OUTPUT_INST/ALU_OUT[47]
FV_FAIL -0.141 xdma_0_axi_aclk bd_i/layer_0/inst/u_core/u_dma/fmem_reg_0_255_194_194/DP.D/I
FV_FAIL -0.141 xdma_0_axi_aclk bd_i/layer_0/inst/u_core/dn_beta_reg[9]/D
FV_FAIL -0.141 xdma_0_axi_aclk bd_i/layer_0/inst/u_core/enq_kind_reg[0]/CE
FV_FAIL -0.141 xdma_0_axi_aclk bd_i/layer_0/inst/u_core/enq_store_reg/CE
FV_FAIL -0.141 xdma_0_axi_aclk bd_i/layer_0/inst/u_core/u_dn/p_1_out__6__7/DSP_A_B_DATA_INST/A[24]
FV_FAIL -0.141 xdma_0_axi_aclk bd_i/layer_0/inst/u_core/u_topk/sel_reg[22]/D
FV_FAIL -0.141 xdma_0_axi_aclk bd_i/layer_0/inst/u_core/u_dn/p_0_out__1__3/DSP_A_B_DATA_INST/A[25]
FV_FAIL -0.141 xdma_0_axi_aclk bd_i/layer_0/inst/u_core/u_dn/p_0_out__8__5/DSP_A_B_DATA_INST/B[0]
FV_FAIL -0.141 xdma_0_axi_aclk bd_i/layer_0/inst/u_core/u_dn/p_1_out__13__3/DSP_A_B_DATA_INST/A[12]
FV_FAIL -0.141 xdma_0_axi_aclk bd_i/layer_0/inst/u_core/at_qdata_reg[8]_rep__0/D
FV_FAIL -0.141 xdma_0_axi_aclk bd_i/layer_0/inst/u_core/u_attn/g_lane[119].prod_reg[119]/DSP_A_B_DATA_INST/B[16]
FV_FAIL -0.140 xdma_0_axi_aclk bd_i/layer_0/inst/u_core/u_attn/g_lane[229].pv_p_reg[229]/DSP_OUTPUT_INST/ALU_OUT[10]
FV_FAIL -0.140 xdma_0_axi_aclk bd_i/layer_0/inst/u_core/u_attn/g_lane[229].pv_p_reg[229]/DSP_OUTPUT_INST/ALU_OUT[11]
FV_FAIL -0.140 xdma_0_axi_aclk bd_i/layer_0/inst/u_core/u_attn/g_lane[229].pv_p_reg[229]/DSP_OUTPUT_INST/ALU_OUT[12]
FV_FAIL -0.140 xdma_0_axi_aclk bd_i/layer_0/inst/u_core/u_attn/g_lane[229].pv_p_reg[229]/DSP_OUTPUT_INST/ALU_OUT[13]
FV_FAIL -0.140 xdma_0_axi_aclk bd_i/layer_0/inst/u_core/u_attn/g_lane[229].pv_p_reg[229]/DSP_OUTPUT_INST/ALU_OUT[14]
FV_FAIL -0.140 xdma_0_axi_aclk bd_i/layer_0/inst/u_core/u_attn/g_lane[229].pv_p_reg[229]/DSP_OUTPUT_INST/ALU_OUT[15]
FV_FAIL -0.140 xdma_0_axi_aclk bd_i/layer_0/inst/u_core/u_attn/g_lane[229].pv_p_reg[229]/DSP_OUTPUT_INST/ALU_OUT[16]
FV_FAIL -0.140 xdma_0_axi_aclk bd_i/layer_0/inst/u_core/u_attn/g_lane[229].pv_p_reg[229]/DSP_OUTPUT_INST/ALU_OUT[17]
FV_FAIL -0.140 xdma_0_axi_aclk bd_i/layer_0/inst/u_core/u_attn/g_lane[229].pv_p_reg[229]/DSP_OUTPUT_INST/ALU_OUT[18]
FV_FAIL -0.140 xdma_0_axi_aclk bd_i/layer_0/inst/u_core/u_attn/g_lane[229].pv_p_reg[229]/DSP_OUTPUT_INST/ALU_OUT[19]
FV_FAIL -0.140 xdma_0_axi_aclk bd_i/layer_0/inst/u_core/u_attn/g_lane[229].pv_p_reg[229]/DSP_OUTPUT_INST/ALU_OUT[20]
FV_FAIL -0.140 xdma_0_axi_aclk bd_i/layer_0/inst/u_core/u_attn/g_lane[229].pv_p_reg[229]/DSP_OUTPUT_INST/ALU_OUT[21]
FV_FAIL -0.140 xdma_0_axi_aclk bd_i/layer_0/inst/u_core/u_attn/g_lane[229].pv_p_reg[229]/DSP_OUTPUT_INST/ALU_OUT[22]
FV_FAIL -0.140 xdma_0_axi_aclk bd_i/layer_0/inst/u_core/u_attn/g_lane[229].pv_p_reg[229]/DSP_OUTPUT_INST/ALU_OUT[23]
FV_FAIL -0.140 xdma_0_axi_aclk bd_i/layer_0/inst/u_core/u_attn/g_lane[229].pv_p_reg[229]/DSP_OUTPUT_INST/ALU_OUT[24]
FV_FAIL -0.140 xdma_0_axi_aclk bd_i/layer_0/inst/u_core/u_attn/g_lane[229].pv_p_reg[229]/DSP_OUTPUT_INST/ALU_OUT[25]
FV_FAIL -0.140 xdma_0_axi_aclk bd_i/layer_0/inst/u_core/u_attn/g_lane[229].pv_p_reg[229]/DSP_OUTPUT_INST/ALU_OUT[26]
FV_FAIL -0.140 xdma_0_axi_aclk bd_i/layer_0/inst/u_core/u_attn/g_lane[229].pv_p_reg[229]/DSP_OUTPUT_INST/ALU_OUT[27]
FV_FAIL -0.140 xdma_0_axi_aclk bd_i/layer_0/inst/u_core/u_attn/g_lane[229].pv_p_reg[229]/DSP_OUTPUT_INST/ALU_OUT[28]
FV_FAIL -0.140 xdma_0_axi_aclk bd_i/layer_0/inst/u_core/u_attn/g_lane[229].pv_p_reg[229]/DSP_OUTPUT_INST/ALU_OUT[29]
FV_FAIL -0.140 xdma_0_axi_aclk bd_i/layer_0/inst/u_core/u_attn/g_lane[229].pv_p_reg[229]/DSP_OUTPUT_INST/ALU_OUT[30]
FV_FAIL -0.140 xdma_0_axi_aclk bd_i/layer_0/inst/u_core/u_attn/g_lane[229].pv_p_reg[229]/DSP_OUTPUT_INST/ALU_OUT[31]
FV_FAIL -0.140 xdma_0_axi_aclk bd_i/layer_0/inst/u_core/u_attn/g_lane[229].pv_p_reg[229]/DSP_OUTPUT_INST/ALU_OUT[32]
FV_FAIL -0.140 xdma_0_axi_aclk bd_i/layer_0/inst/u_core/u_attn/g_lane[229].pv_p_reg[229]/DSP_OUTPUT_INST/ALU_OUT[33]
FV_FAIL -0.140 xdma_0_axi_aclk bd_i/layer_0/inst/u_core/u_attn/g_lane[229].pv_p_reg[229]/DSP_OUTPUT_INST/ALU_OUT[34]
FV_FAIL -0.140 xdma_0_axi_aclk bd_i/layer_0/inst/u_core/u_attn/g_lane[229].pv_p_reg[229]/DSP_OUTPUT_INST/ALU_OUT[35]
FV_FAIL -0.140 xdma_0_axi_aclk bd_i/layer_0/inst/u_core/u_attn/g_lane[229].pv_p_reg[229]/DSP_OUTPUT_INST/ALU_OUT[36]
FV_FAIL -0.140 xdma_0_axi_aclk bd_i/layer_0/inst/u_core/u_attn/g_lane[229].pv_p_reg[229]/DSP_OUTPUT_INST/ALU_OUT[37]
FV_FAIL -0.140 xdma_0_axi_aclk bd_i/layer_0/inst/u_core/u_attn/g_lane[229].pv_p_reg[229]/DSP_OUTPUT_INST/ALU_OUT[38]
FV_FAIL -0.140 xdma_0_axi_aclk bd_i/layer_0/inst/u_core/u_attn/g_lane[229].pv_p_reg[229]/DSP_OUTPUT_INST/ALU_OUT[39]
FV_FAIL -0.140 xdma_0_axi_aclk bd_i/layer_0/inst/u_core/u_attn/g_lane[229].pv_p_reg[229]/DSP_OUTPUT_INST/ALU_OUT[40]
FV_FAIL -0.140 xdma_0_axi_aclk bd_i/layer_0/inst/u_core/u_attn/g_lane[229].pv_p_reg[229]/DSP_OUTPUT_INST/ALU_OUT[41]
FV_FAIL -0.140 xdma_0_axi_aclk bd_i/layer_0/inst/u_core/u_attn/g_lane[229].pv_p_reg[229]/DSP_OUTPUT_INST/ALU_OUT[42]
FV_FAIL -0.140 xdma_0_axi_aclk bd_i/layer_0/inst/u_core/u_attn/g_lane[229].pv_p_reg[229]/DSP_OUTPUT_INST/ALU_OUT[43]
FV_FAIL -0.140 xdma_0_axi_aclk bd_i/layer_0/inst/u_core/u_attn/g_lane[229].pv_p_reg[229]/DSP_OUTPUT_INST/ALU_OUT[44]
FV_FAIL -0.140 xdma_0_axi_aclk bd_i/layer_0/inst/u_core/u_attn/g_lane[229].pv_p_reg[229]/DSP_OUTPUT_INST/ALU_OUT[45]
FV_FAIL -0.140 xdma_0_axi_aclk bd_i/layer_0/inst/u_core/u_attn/g_lane[229].pv_p_reg[229]/DSP_OUTPUT_INST/ALU_OUT[46]
FV_FAIL -0.140 xdma_0_axi_aclk bd_i/layer_0/inst/u_core/u_attn/g_lane[229].pv_p_reg[229]/DSP_OUTPUT_INST/ALU_OUT[47]
FV_FAIL -0.140 xdma_0_axi_aclk bd_i/layer_0/inst/u_core/u_attn/g_lane[229].pv_p_reg[229]/DSP_OUTPUT_INST/ALU_OUT[4]
FV_FAIL -0.140 xdma_0_axi_aclk bd_i/layer_0/inst/u_core/u_attn/g_lane[229].pv_p_reg[229]/DSP_OUTPUT_INST/ALU_OUT[5]
FV_FAIL -0.140 xdma_0_axi_aclk bd_i/layer_0/inst/u_core/u_attn/g_lane[229].pv_p_reg[229]/DSP_OUTPUT_INST/ALU_OUT[6]
FV_FAIL -0.140 xdma_0_axi_aclk bd_i/layer_0/inst/u_core/u_attn/g_lane[229].pv_p_reg[229]/DSP_OUTPUT_INST/ALU_OUT[7]
FV_FAIL -0.140 xdma_0_axi_aclk bd_i/layer_0/inst/u_core/u_attn/g_lane[229].pv_p_reg[229]/DSP_OUTPUT_INST/ALU_OUT[8]
FV_FAIL -0.140 xdma_0_axi_aclk bd_i/layer_0/inst/u_core/u_attn/g_lane[229].pv_p_reg[229]/DSP_OUTPUT_INST/ALU_OUT[9]
FV_FAIL -0.140 xdma_0_axi_aclk bd_i/layer_0/inst/u_core/u_attn/g_lane[171].prod_reg[171]/DSP_A_B_DATA_INST/A[9]
FV_FAIL -0.140 xdma_0_axi_aclk bd_i/layer_0/inst/u_core/u_dn/g_lane[105].kvm_acc_reg[105]/DSP_A_B_DATA_INST/B[10]
FV_FAIL -0.140 xdma_0_axi_aclk bd_i/layer_0/inst/u_core/u_dn/g_lane[84].kvm_acc_reg[84]/DSP_OUTPUT_INST/CEP
FV_FAIL -0.140 xdma_0_axi_aclk bd_i/layer_0/inst/u_core/u_alu/ps_rnd_reg[21]/D
FV_FAIL -0.140 xdma_0_axi_aclk bd_i/layer_0/inst/u_core/u_dn/g_lane[69].dm_p_reg[69]/DSP_A_B_DATA_INST/A[24]
FV_FAIL -0.140 xdma_0_axi_aclk bd_i/layer_0/inst/u_core/u_attn/dot_reg[26]/D
FV_FAIL -0.140 xdma_0_axi_aclk bd_i/layer_0/inst/u_core/u_dn/g_lane[90].kvm_acc_reg[90]/DSP_A_B_DATA_INST/B[0]
FV_FAIL -0.140 xdma_0_axi_aclk bd_i/layer_0/inst/u_core/u_dma/fmem_reg_0_255_218_218/SP.C/I
FV_FAIL -0.140 xdma_0_axi_aclk bd_i/layer_0/inst/u_core/krow_reg[571]/CE
FV_FAIL -0.140 xdma_0_axi_aclk bd_i/layer_0/inst/u_core/u_dn/g_lane[37].kvm_acc_reg[37]/DSP_A_B_DATA_INST/A[24]
FV_FAIL -0.140 xdma_0_axi_aclk bd_i/layer_0/inst/u_core/at_qdata_reg[1]_rep__9/D
FV_FAIL -0.140 xdma_0_axi_aclk bd_i/layer_0/inst/u_core/u_dma/fmem_reg_0_255_336_336/DP.D/I
FV_FAIL -0.140 xdma_0_axi_aclk bd_i/layer_0/inst/u_core/at_qdata_reg[1]_rep__11/D
FV_FAIL -0.140 xdma_0_axi_aclk bd_i/layer_0/inst/u_core/u_dn/p_0_out__6__2/DSP_A_B_DATA_INST/B[1]
FV_FAIL -0.139 xdma_0_axi_aclk bd_i/axi_smc/inst/s02_nodes/s02_b_node/inst/inst_mi_handler/gen_normal_area.inst_fifo_node_payld/gen_xpm_memory_fifo.inst_fifo/gen_wr.full_r_reg_inv/D
FV_FAIL -0.139 xdma_0_axi_aclk bd_i/mvchan_3/inst/u_chan/csr_static_wbase_reg[17]/R
FV_FAIL -0.139 xdma_0_axi_aclk bd_i/layer_0/inst/u_core/u_dn/vdata_q_reg[1]_rep__5_replica_1/D
FV_FAIL -0.139 xdma_0_axi_aclk bd_i/layer_0/inst/u_core/u_attn/g_lane[88].prod_reg[88]/DSP_A_B_DATA_INST/B[1]
FV_FAIL -0.139 xdma_0_axi_aclk bd_i/layer_0/inst/u_core/g_kvslot[1].mem_reg_uram_45/CAS_IN_DIN_B[8]
FV_FAIL -0.139 xdma_0_axi_aclk bd_i/layer_0/inst/u_core/at_qdata_reg[13]_rep__12/D
FV_FAIL -0.139 xdma_0_axi_aclk bd_i/layer_0/inst/u_core/u_dn/g_lane[61].p2_p_reg[61]/DSP_A_B_DATA_INST/B[5]
FV_FAIL -0.139 xdma_0_axi_aclk bd_i/layer_0/inst/u_core/u_topk/ent_reg[18][21]/CE
FV_FAIL -0.139 xdma_0_axi_aclk bd_i/layer_0/inst/u_core/u_topk/ent_reg[18][28]/CE
FV_FAIL -0.139 xdma_0_axi_aclk bd_i/layer_0/inst/u_core/u_topk/ent_reg[18][29]/CE
FV_FAIL -0.139 xdma_0_axi_aclk bd_i/layer_0/inst/u_core/u_dn/p_1_out__13/DSP_PREADD_DATA_INST/DIN[3]
FV_FAIL -0.139 xdma_0_axi_aclk bd_i/layer_0/inst/u_core/u_dn/g_lane[64].kvm_acc_reg[64]/DSP_A_B_DATA_INST/B[0]
FV_FAIL -0.139 xdma_0_axi_aclk bd_i/layer_0/inst/u_core/u_dma/fmem_reg_0_255_150_150/SP.C/I
FV_FAIL -0.139 xdma_0_axi_aclk bd_i/layer_0/inst/u_core/u_dma/fmem_reg_0_255_86_86/DP.D/I
FV_FAIL -0.139 xdma_0_axi_aclk bd_i/layer_0/inst/u_core/u_dma/fmem_reg_0_255_82_82/DP.D/I
FV_FAIL -0.139 xdma_0_axi_aclk bd_i/layer_0/inst/u_core/u_attn/g_lane[119].prod_reg[119]/DSP_A_B_DATA_INST/B[17]
FV_FAIL -0.138 xdma_0_axi_aclk bd_i/layer_0/inst/u_core/u_attn/g_lane[194].pv_abs_reg[194][23]/D
FV_FAIL -0.138 xdma_0_axi_aclk bd_i/layer_0/inst/u_core/u_dn/p_1_out__17__8/DSP_A_B_DATA_INST/A[28]
FV_FAIL -0.138 xdma_0_axi_aclk bd_i/layer_0/inst/u_core/u_dn/p_1_out__0__2/DSP_A_B_DATA_INST/A[2]
FV_FAIL -0.138 xdma_0_axi_aclk bd_i/layer_0/inst/u_core/at_qdata_reg[0]_rep__10/D
FV_FAIL -0.138 xdma_0_axi_aclk bd_i/axil_slice_5/inst/ar.ar_pipe/m_valid_i_reg/D
FV_FAIL -0.138 xdma_0_axi_aclk bd_i/layer_0/inst/u_core/u_dn/vdata_q_reg[10]_rep__8_replica_3/D
FV_FAIL -0.138 xdma_0_axi_aclk bd_i/layer_0/inst/u_core/u_dma/fmem_reg_0_255_134_134/DP.B/I
FV_FAIL -0.138 xdma_0_axi_aclk bd_i/layer_0/inst/u_core/u_attn/pvc64_reg[13]/CE
FV_FAIL -0.138 xdma_0_axi_aclk bd_i/layer_0/inst/u_core/u_attn/pvc64_reg[17]/CE
FV_FAIL -0.138 xdma_0_axi_aclk bd_i/layer_0/inst/u_core/u_attn/pvc64_reg[25]/CE
FV_FAIL -0.138 xdma_0_axi_aclk bd_i/layer_0/inst/u_core/u_attn/pvc64_reg[33]/CE
FV_FAIL -0.138 xdma_0_axi_aclk bd_i/layer_0/inst/u_core/u_vn/ss_acc0_i_7_psdsp_1/D
FV_FAIL -0.138 xdma_0_axi_aclk bd_i/mvchan_3/inst/u_chan/csr_static_wbase_reg[15]/R
FV_FAIL -0.138 xdma_0_axi_aclk bd_i/mvchan_3/inst/u_chan/csr_static_wbase_reg[24]/R
FV_FAIL -0.138 xdma_0_axi_aclk bd_i/layer_0/inst/u_core/u_attn/g_lane[197].pv_p_reg[197]/DSP_A_B_DATA_INST/A[23]
FV_FAIL -0.138 xdma_0_axi_aclk bd_i/layer_0/inst/u_core/u_dn/vdata_q_reg[3]_rep__2_replica_2/D
FV_FAIL -0.138 xdma_0_axi_aclk bd_i/layer_0/inst/u_core/u_alu/r_res_reg[18]/D
FV_FAIL -0.138 xdma_0_axi_aclk bd_i/layer_0/inst/u_core/u_attn/g_lane[197].pv_p_reg[197]/DSP_A_B_DATA_INST/A[9]
FV_FAIL -0.138 xdma_0_axi_aclk bd_i/layer_0/inst/u_core/krow_reg[654]/D
FV_FAIL -0.137 xdma_0_axi_aclk bd_i/layer_0/inst/u_core/u_dma/fmem_reg_0_255_94_94/DP.D/I
FV_FAIL -0.137 xdma_0_axi_aclk bd_i/layer_0/inst/u_core/u_alu/r_res_reg[22]/D
FV_FAIL -0.137 xdma_0_axi_aclk bd_i/layer_0/inst/u_core/u_attn/g_lane[79].pv_p_reg[79]/DSP_A_B_DATA_INST/A[10]
FV_FAIL -0.137 xdma_0_axi_aclk bd_i/layer_0/inst/u_core/u_rope/m_data_reg[12]/D
FV_FAIL -0.137 xdma_0_axi_aclk bd_i/layer_0/inst/u_core/u_dn/vdata_q_reg[6]_rep__8/D
FV_FAIL -0.137 xdma_0_axi_aclk bd_i/layer_0/inst/u_core/g_kvslot[0].mem_reg_uram_31/CAS_IN_DIN_B[11]
FV_FAIL -0.137 xdma_0_axi_aclk bd_i/layer_0/inst/u_core/u_attn/oi_reg[2]_rep__0/CE
FV_FAIL -0.137 xdma_0_axi_aclk bd_i/layer_0/inst/u_core/u_attn/g_lane[194].pv_abs_reg[194][21]/D
FV_FAIL -0.137 xdma_0_axi_aclk bd_i/layer_0/inst/u_core/u_dn/p_0_out__9__6/DSP_A_B_DATA_INST/B[9]
FV_FAIL -0.137 xdma_0_axi_aclk bd_i/layer_0/inst/u_core/g_dnslot[1].mem_reg_uram_1/ADDR_A[8]
FV_FAIL -0.137 xdma_0_axi_aclk bd_i/layer_0/inst/u_core/u_attn/pvc64_reg[29]/CE
FV_FAIL -0.137 xdma_0_axi_aclk bd_i/layer_0/inst/u_core/u_attn/pvc64_reg[37]/CE
FV_FAIL -0.137 xdma_0_axi_aclk bd_i/layer_0/inst/u_core/u_alu/ps_rnd_reg[10]/D
FV_FAIL -0.137 xdma_0_axi_aclk bd_i/layer_0/inst/u_core/u_dma/fmem_reg_0_255_218_218/SP.B/I
FV_FAIL -0.137 xdma_0_axi_aclk bd_i/layer_0/inst/u_core/u_dma/fmem_reg_0_255_86_86/DP.B/I
FV_FAIL -0.137 xdma_0_axi_aclk bd_i/layer_0/inst/u_core/u_attn/g_lane[181].prod_reg[181]_i_8_psdsp_1/D
FV_FAIL -0.137 xdma_0_axi_aclk bd_i/axi_smc/inst/s02_nodes/s02_b_node/inst/inst_mi_handler/gen_normal_area.inst_fifo_node_payld/gen_xpm_memory_fifo.inst_fifo/gen_rd.fifo_empty_r_reg/D
FV_FAIL -0.136 xdma_0_axi_aclk bd_i/layer_0/inst/u_core/at_qdata_reg[3]_rep__12/D
FV_FAIL -0.136 xdma_0_axi_aclk bd_i/layer_0/inst/u_core/at_qdata_reg[4]_rep__0/D
FV_FAIL -0.136 xdma_0_axi_aclk bd_i/layer_0/inst/u_core/u_dn/g_lane[46].p2_p_reg[46]/DSP_A_B_DATA_INST/B[14]
FV_FAIL -0.136 xdma_0_axi_aclk bd_i/layer_0/inst/u_core/u_dn/p_1_out__11__4/DSP_A_B_DATA_INST/B[7]
FV_FAIL -0.136 xdma_0_axi_aclk bd_i/layer_0/inst/u_core/u_dn/g_lane[12].dec_p_reg[12]/DSP_A_B_DATA_INST/A[11]
FV_FAIL -0.136 xdma_0_axi_aclk bd_i/layer_0/inst/u_core/u_attn/pvc64_reg[14]/CE
FV_FAIL -0.136 xdma_0_axi_aclk bd_i/layer_0/inst/u_core/u_attn/pvc64_reg[18]/CE
FV_FAIL -0.136 xdma_0_axi_aclk bd_i/layer_0/inst/u_core/u_attn/g_lane[61].prod_reg[61]/DSP_A_B_DATA_INST/CEA2
FV_FAIL -0.136 xdma_0_axi_aclk bd_i/layer_0/inst/u_core/at_qdata_reg[9]_rep__6/D
FV_FAIL -0.136 xdma_0_axi_aclk bd_i/layer_0/inst/u_core/u_attn/pvc64_reg[21]/CE
FV_FAIL -0.136 xdma_0_axi_aclk bd_i/layer_0/inst/u_core/u_attn/pvc64_reg[9]/CE
FV_FAIL -0.136 xdma_0_axi_aclk bd_i/layer_0/inst/u_core/u_attn/g_lane[192].pv_abs_reg[192][25]/D
FV_FAIL -0.136 xdma_0_axi_aclk bd_i/layer_0/inst/u_core/u_dn/g_lane[38].o_acc_reg[38]/DSP_A_B_DATA_INST/B[1]
FV_FAIL -0.136 xdma_0_axi_aclk bd_i/layer_0/inst/u_core/u_dma/fmem_reg_0_255_150_150/SP.B/I
FV_FAIL -0.136 xdma_0_axi_aclk bd_i/layer_0/inst/u_core/u_attn/g_lane[123].pv_p_reg[123]/DSP_A_B_DATA_INST/A[16]
FV_FAIL -0.135 xdma_0_axi_aclk bd_i/layer_0/inst/u_core/u_dn/g_lane[74].kvm_acc_reg[74]/DSP_A_B_DATA_INST/B[6]
FV_FAIL -0.135 xdma_0_axi_aclk bd_i/layer_0/inst/u_core/u_dn/g_lane[18].p2_p_reg[18]_i_10_psdsp/CE
FV_FAIL -0.135 xdma_0_axi_aclk bd_i/layer_0/inst/u_core/u_dn/g_lane[18].p2_p_reg[18]_i_12_psdsp/CE
FV_FAIL -0.135 xdma_0_axi_aclk bd_i/layer_0/inst/u_core/u_dn/g_lane[18].p2_p_reg[18]_i_14_psdsp/CE
FV_FAIL -0.135 xdma_0_axi_aclk bd_i/layer_0/inst/u_core/u_attn/g_lane[16].pv_p_reg[16]/DSP_A_B_DATA_INST/A[10]
FV_FAIL -0.135 xdma_0_axi_aclk bd_i/layer_0/inst/u_core/u_dn/p_0_out__6__2/DSP_A_B_DATA_INST/B[14]
FV_FAIL -0.135 xdma_0_axi_aclk bd_i/layer_0/inst/u_core/s_axil_rdata_reg[6]/D
FV_FAIL -0.135 xdma_0_axi_aclk bd_i/layer_0/inst/u_core/u_dn/p_1_out__9__2/DSP_A_B_DATA_INST/B[14]
FV_FAIL -0.135 xdma_0_axi_aclk bd_i/layer_0/inst/u_core/u_dma/fmem_reg_0_255_134_134/DP.C/I
FV_FAIL -0.135 xdma_0_axi_aclk bd_i/layer_0/inst/u_core/u_attn/g_lane[199].pv_abs_reg[199][24]/D
FV_FAIL -0.135 xdma_0_axi_aclk bd_i/layer_0/inst/u_core/u_dma/fmem_reg_0_255_493_493/DP.A/I
FV_FAIL -0.135 xdma_0_axi_aclk bd_i/axil_slice_4/inst/aw.aw_pipe/m_payload_i_reg[5]/D
FV_FAIL -0.135 xdma_0_axi_aclk bd_i/layer_0/inst/u_core/krow_reg[1278]/D
FV_FAIL -0.135 xdma_0_axi_aclk bd_i/layer_0/inst/u_core/u_dma/fmem_reg_0_255_310_310/SP.C/I
FV_FAIL -0.134 xdma_0_axi_aclk bd_i/layer_0/inst/u_core/u_dn/g_lane[46].kvm_acc_reg[46]/DSP_A_B_DATA_INST/B[2]
FV_FAIL -0.134 xdma_0_axi_aclk bd_i/layer_0/inst/u_core/u_conv/u_silu/m3_reg/DSP_A_B_DATA_INST/B[14]
FV_FAIL -0.134 xdma_0_axi_aclk bd_i/layer_0/inst/u_core/u_dn/g_lane[18].p2_p_reg[18]_i_11_psdsp/CE
FV_FAIL -0.134 xdma_0_axi_aclk bd_i/layer_0/inst/u_core/u_dn/g_lane[18].p2_p_reg[18]_i_13_psdsp/CE
FV_FAIL -0.134 xdma_0_axi_aclk bd_i/layer_0/inst/u_core/u_dn/g_lane[18].p2_p_reg[18]_i_15_psdsp/CE
FV_FAIL -0.134 xdma_0_axi_aclk bd_i/layer_0/inst/u_core/u_dn/g_lane[18].p2_p_reg[18]_i_9_psdsp/CE
FV_FAIL -0.134 xdma_0_axi_aclk bd_i/layer_0/inst/u_core/u_dma/fmem_reg_0_255_202_202/SP.A/I
FV_FAIL -0.134 xdma_0_axi_aclk bd_i/layer_0/inst/u_core/u_attn/oi_reg[0]_rep__6/CE
FV_FAIL -0.134 xdma_0_axi_aclk bd_i/layer_0/inst/u_core/u_attn/oi_reg[0]_rep__7/CE
FV_FAIL -0.134 xdma_0_axi_aclk bd_i/layer_0/inst/u_core/u_dn/p_1_out__5__6/DSP_A_B_DATA_INST/B[1]
FV_FAIL -0.134 xdma_0_axi_aclk bd_i/layer_0/inst/u_core/u_dn/g_lane[91].kvm_acc_reg[91]/DSP_A_B_DATA_INST/B[10]
FV_FAIL -0.134 xdma_0_axi_aclk bd_i/layer_0/inst/u_core/u_attn/g_lane[197].pv_p_reg[197]/DSP_A_B_DATA_INST/A[8]
FV_FAIL -0.134 xdma_0_axi_aclk bd_i/layer_0/inst/u_core/f_skd_reg[5]/D
FV_FAIL -0.133 xdma_0_axi_aclk bd_i/layer_0/inst/u_core/u_attn/g_lane[119].prod_reg[119]/DSP_A_B_DATA_INST/B[9]
FV_FAIL -0.133 xdma_0_axi_aclk bd_i/layer_0/inst/u_core/u_alu/ps_rnd_reg[23]/D
FV_FAIL -0.133 xdma_0_axi_aclk bd_i/layer_0/inst/u_core/at_qdata_reg[7]_rep__11/D
FV_FAIL -0.133 xdma_0_axi_aclk bd_i/layer_0/inst/u_core/u_dn/p_1_out__43/DSP_A_B_DATA_INST/B[7]
FV_FAIL -0.133 xdma_0_axi_aclk bd_i/layer_0/inst/u_core/smem_b_reg_bram_17/ADDRBWRADDR[9]
FV_FAIL -0.133 xdma_0_axi_aclk bd_i/layer_0/inst/u_core/u_attn/g_lane[9].prod_reg[9]/DSP_A_B_DATA_INST/B[1]
FV_FAIL -0.133 xdma_0_axi_aclk bd_i/layer_0/inst/u_core/u_attn/aclr_r_reg[0]_replica_2/D
FV_FAIL -0.133 xdma_0_axi_aclk bd_i/layer_0/inst/u_core/u_dn/g_lane[12].dec_p_reg[12]/DSP_A_B_DATA_INST/A[26]
FV_FAIL -0.133 xdma_0_axi_aclk bd_i/layer_0/inst/u_core/u_attn/g_lane[86].prod_reg[86]/DSP_A_B_DATA_INST/B[3]
FV_FAIL -0.133 xdma_0_axi_aclk bd_i/layer_0/inst/u_core/u_attn/g_lane[191].pv_p_reg[191]_i_2_psdsp_1/D
FV_FAIL -0.133 xdma_0_axi_aclk bd_i/layer_0/inst/u_core/u_dn/g_lane[127].o_acc_reg[127]/DSP_A_B_DATA_INST/B[16]
FV_FAIL -0.133 xdma_0_axi_aclk bd_i/layer_0/inst/u_core/u_dn/g_lane[123].kvm_acc_reg[123]_i_2_psdsp_8/CE
FV_FAIL -0.132 xdma_0_axi_aclk bd_i/layer_0/inst/u_core/u_dn/g_lane[59].kvm_acc_reg[59]_i_3_psdsp/D
FV_FAIL -0.132 xdma_0_axi_aclk bd_i/layer_0/inst/u_core/u_attn/g_lane[87].prod_reg[87]/DSP_A_B_DATA_INST/B[2]
FV_FAIL -0.132 xdma_0_axi_aclk bd_i/layer_0/inst/u_core/u_dn/g_lane[14].kvm_acc_reg[14]/DSP_A_B_DATA_INST/B[6]
FV_FAIL -0.132 xdma_0_axi_aclk bd_i/layer_0/inst/u_core/u_attn/g_lane[163].prod_reg[163]/DSP_A_B_DATA_INST/A[9]
FV_FAIL -0.132 xdma_0_axi_aclk bd_i/layer_0/inst/u_core/u_attn/pvc64_reg[32]/CE
FV_FAIL -0.132 xdma_0_axi_aclk bd_i/layer_0/inst/u_core/u_attn/pvc64_reg[8]/CE
FV_FAIL -0.132 xdma_0_axi_aclk bd_i/layer_0/inst/u_core/u_dn/g_lane[69].dm_p_reg[69]/DSP_A_B_DATA_INST/A[27]
FV_FAIL -0.132 xdma_0_axi_aclk bd_i/layer_0/inst/u_core/u_dn/p_1_out__1__5/DSP_PREADD_DATA_INST/DIN[16]
FV_FAIL -0.132 xdma_0_axi_aclk bd_i/layer_0/inst/u_core/u_attn/g_lane[92].pv_p_reg[92]/DSP_A_B_DATA_INST/A[16]
FV_FAIL -0.132 xdma_0_axi_aclk bd_i/layer_0/inst/u_core/u_alu/fdat_reg_0_3_0_13_i_1_replica_psdsp/D
FV_FAIL -0.132 xdma_0_axi_aclk bd_i/layer_0/inst/u_core/u_dn/g_lane[59].dec_p_reg[59]/DSP_A_B_DATA_INST/A[18]
FV_FAIL -0.132 xdma_0_axi_aclk bd_i/layer_0/inst/u_core/u_topk/ent_reg[13][36]/CE
FV_FAIL -0.132 xdma_0_axi_aclk bd_i/layer_0/inst/u_core/u_topk/ent_reg[13][39]/CE
FV_FAIL -0.132 xdma_0_axi_aclk bd_i/layer_0/inst/u_core/u_dn/p_0_out__0__14/DSP_A_B_DATA_INST/A[11]
FV_FAIL -0.132 xdma_0_axi_aclk bd_i/layer_0/inst/u_core/u_attn/g_lane[62].pv_p_reg[62]/DSP_A_B_DATA_INST/A[5]
FV_FAIL -0.132 xdma_0_axi_aclk bd_i/layer_0/inst/u_core/u_dn/g_lane[25].dec_p_reg[25]/DSP_A_B_DATA_INST/A[29]
FV_FAIL -0.132 xdma_0_axi_aclk bd_i/layer_0/inst/u_core/u_attn/g_lane[11].pv_p_reg[11]/DSP_A_B_DATA_INST/A[22]
FV_FAIL -0.132 xdma_0_axi_aclk bd_i/layer_0/inst/u_core/u_dma/fmem_reg_0_255_179_179/SP.C/I
FV_FAIL -0.132 xdma_0_axi_aclk bd_i/layer_0/inst/u_core/u_dn/g_lane[100].dm_p_reg[100]/DSP_PREADD_DATA_INST/CED
FV_FAIL -0.132 xdma_0_axi_aclk bd_i/layer_0/inst/u_core/u_attn/g_lane[86].prod_reg[86]/DSP_A_B_DATA_INST/B[12]
FV_FAIL -0.132 xdma_0_axi_aclk bd_i/layer_0/inst/u_core/u_dma/fmem_reg_0_255_310_310/SP.B/I
FV_FAIL -0.132 xdma_0_axi_aclk bd_i/layer_0/inst/u_core/u_dn/g_lane[118].kvm_acc_reg[118]_i_7_psdsp_1/CE
FV_FAIL -0.131 xdma_0_axi_aclk bd_i/layer_0/inst/u_core/u_dn/p_1_out__31__0/DSP_A_B_DATA_INST/B[14]
FV_FAIL -0.131 xdma_0_axi_aclk bd_i/layer_0/inst/u_core/u_attn/pvc64_reg[20]/CE
FV_FAIL -0.131 xdma_0_axi_aclk bd_i/layer_0/inst/u_core/u_attn/pvc64_reg[36]/CE
FV_FAIL -0.131 xdma_0_axi_aclk bd_i/layer_0/inst/u_core/at_qdata_reg[7]_rep__9/D
FV_FAIL -0.131 xdma_0_axi_aclk bd_i/layer_0/inst/u_core/u_alu/r_res_reg[54]/D
FV_FAIL -0.131 xdma_0_axi_aclk bd_i/layer_0/inst/u_core/u_attn/g_lane[158].prod_reg[158]/DSP_A_B_DATA_INST/B[2]
FV_FAIL -0.131 xdma_0_axi_aclk bd_i/layer_0/inst/u_core/krow_reg[1143]/D
FV_FAIL -0.131 xdma_0_axi_aclk bd_i/layer_0/inst/u_core/u_attn/g_lane[192].pv_abs_reg[192][21]/D
FV_FAIL -0.131 xdma_0_axi_aclk bd_i/layer_0/inst/u_core/u_dn/vdata_q_reg[10]_rep__3_replica_5/D
FV_FAIL -0.131 xdma_0_axi_aclk bd_i/layer_0/inst/u_core/u_dn/p_0_out__2/DSP_A_B_DATA_INST/B[1]
FV_FAIL -0.131 xdma_0_axi_aclk bd_i/layer_0/inst/u_core/u_attn/g_lane[227].pv_abs_reg[227][24]/D
FV_FAIL -0.130 xdma_0_axi_aclk bd_i/layer_0/inst/u_core/u_dn/p_1_out__4__9/DSP_A_B_DATA_INST/A[26]
FV_FAIL -0.130 xdma_0_axi_aclk bd_i/layer_0/inst/u_core/vn_sdata_reg[9]/D
FV_FAIL -0.130 xdma_0_axi_aclk bd_i/layer_0/inst/u_core/u_attn/g_lane[199].pv_abs_reg[199][22]/D
FV_FAIL -0.130 xdma_0_axi_aclk bd_i/layer_0/inst/u_core/u_attn/g_lane[196].pv_abs_reg[196][19]/D
FV_FAIL -0.130 xdma_0_axi_aclk bd_i/layer_0/inst/u_core/u_attn/g_lane[147].prod_reg[147]/DSP_A_B_DATA_INST/CEA2
FV_FAIL -0.130 xdma_0_axi_aclk bd_i/axi_smc/inst/s02_nodes/s02_w_node/inst/inst_mi_handler/gen_normal_area.inst_fifo_node_payld/gen_xpm_memory_fifo.inst_fifo/gen_mem_rep[0].inst_xpm_memory/xpm_memory_base_inst/gen_rd_b.gen_rd_b_synth_template.gen_rf_narrow_reg.doutb_reg_reg[176]/CE
FV_FAIL -0.130 xdma_0_axi_aclk bd_i/axi_smc/inst/s02_nodes/s02_w_node/inst/inst_mi_handler/gen_normal_area.inst_fifo_node_payld/gen_xpm_memory_fifo.inst_fifo/gen_mem_rep[0].inst_xpm_memory/xpm_memory_base_inst/gen_rd_b.gen_rd_b_synth_template.gen_rf_narrow_reg.doutb_reg_reg[178]/CE
FV_FAIL -0.130 xdma_0_axi_aclk bd_i/axi_smc/inst/s02_nodes/s02_w_node/inst/inst_mi_handler/gen_normal_area.inst_fifo_node_payld/gen_xpm_memory_fifo.inst_fifo/gen_mem_rep[0].inst_xpm_memory/xpm_memory_base_inst/gen_rd_b.gen_rd_b_synth_template.gen_rf_narrow_reg.doutb_reg_reg[180]/CE
FV_FAIL -0.130 xdma_0_axi_aclk bd_i/layer_0/inst/u_core/u_attn/g_lane[197].pv_p_reg[197]/DSP_A_B_DATA_INST/A[17]
FV_FAIL -0.130 xdma_0_axi_aclk bd_i/layer_0/inst/u_core/u_attn/g_lane[15].prod_reg[15]/DSP_A_B_DATA_INST/B[0]
FV_FAIL -0.130 xdma_0_axi_aclk bd_i/layer_0/inst/u_core/u_dma/fmem_reg_0_255_336_336/SP.C/I
FV_FAIL -0.130 xdma_0_axi_aclk bd_i/layer_0/inst/u_core/u_dn/g_lane[91].dm_p_reg[91]/DSP_PREADD_DATA_INST/DIN[15]
FV_FAIL -0.130 xdma_0_axi_aclk bd_i/layer_0/inst/u_core/u_dn/g_lane[12].dec_p_reg[12]/DSP_A_B_DATA_INST/A[27]
FV_FAIL -0.130 xdma_0_axi_aclk bd_i/layer_0/inst/u_core/u_dn/vdata_q_reg[3]_rep__5_replica_2/D
FV_FAIL -0.130 xdma_0_axi_aclk bd_i/layer_0/inst/u_core/u_dn/p_1_out__12__2/DSP_A_B_DATA_INST/A[25]
FV_FAIL -0.129 xdma_0_axi_aclk bd_i/layer_0/inst/u_core/u_vn/ss_acc0_i_8_psdsp/D
FV_FAIL -0.129 xdma_0_axi_aclk bd_i/layer_0/inst/u_core/at_qdata_reg[6]/D
FV_FAIL -0.129 xdma_0_axi_aclk bd_i/layer_0/inst/u_core/u_attn/g_lane[199].pv_abs_reg[199][20]/D
FV_FAIL -0.129 xdma_0_axi_aclk bd_i/layer_0/inst/u_core/u_attn/g_lane[196].pv_abs_reg[196][18]/D
FV_FAIL -0.129 xdma_0_axi_aclk bd_i/layer_0/inst/u_core/u_attn/g_lane[106].prod_reg[106]/DSP_A_B_DATA_INST/B[4]
FV_FAIL -0.129 xdma_0_axi_aclk bd_i/layer_0/inst/u_core/u_attn/g_lane[79].pv_p_reg[79]/DSP_A_B_DATA_INST/A[11]
FV_FAIL -0.129 xdma_0_axi_aclk bd_i/layer_0/inst/u_core/u_attn/o_g4_reg[1][19]/D
FV_FAIL -0.129 xdma_0_axi_aclk bd_i/layer_0/inst/u_core/u_topk/ent_reg[26][18]/CE
FV_FAIL -0.129 xdma_0_axi_aclk bd_i/layer_0/inst/u_core/u_topk/ent_reg[26][21]/CE
FV_FAIL -0.129 xdma_0_axi_aclk bd_i/layer_0/inst/u_core/u_topk/ent_reg[26][32]/CE
FV_FAIL -0.129 xdma_0_axi_aclk bd_i/layer_0/inst/u_core/u_dn/g_lane[88].p2_p_reg[88]/DSP_A_B_DATA_INST/B[2]
FV_FAIL -0.129 xdma_0_axi_aclk bd_i/layer_0/inst/u_core/u_dma/fmem_reg_0_255_480_480/DP.A/I
FV_FAIL -0.129 xdma_0_axi_aclk bd_i/layer_0/inst/u_core/u_attn/g_lane[155].prod_reg[155]/DSP_A_B_DATA_INST/B[12]
FV_FAIL -0.129 xdma_0_axi_aclk bd_i/layer_0/inst/u_core/u_dn/p_1_out__4/DSP_A_B_DATA_INST/B[1]
FV_FAIL -0.129 xdma_0_axi_aclk bd_i/layer_0/inst/u_core/u_dma/fmem_reg_0_255_179_179/SP.B/I
FV_FAIL -0.129 xdma_0_axi_aclk bd_i/layer_0/inst/u_core/g_kvslot[1].mem_reg_uram_43/CAS_IN_BWE_B[5]
FV_FAIL -0.129 xdma_0_axi_aclk bd_i/layer_0/inst/u_core/u_topk/sel_reg[32]/D
FV_FAIL -0.129 xdma_0_axi_aclk bd_i/layer_0/inst/u_core/u_topk/ent_reg[29][18]/CE
FV_FAIL -0.129 xdma_0_axi_aclk bd_i/layer_0/inst/u_core/u_topk/ent_reg[29][19]/CE
FV_FAIL -0.129 xdma_0_axi_aclk bd_i/layer_0/inst/u_core/u_topk/ent_reg[29][32]/CE
FV_FAIL -0.129 xdma_0_axi_aclk bd_i/axil_slice_4/inst/aw.aw_pipe/m_payload_i_reg[10]/D
FV_FAIL -0.128 xdma_0_axi_aclk bd_i/layer_0/inst/u_core/u_dn/p_1_out__17__8/DSP_A_B_DATA_INST/A[17]
FV_FAIL -0.128 xdma_0_axi_aclk bd_i/layer_0/inst/u_core/gt_wdata_reg[6]/D
FV_FAIL -0.128 xdma_0_axi_aclk bd_i/layer_0/inst/u_core/u_dn/p_1_out__10__8/DSP_A_B_DATA_INST/B[0]
FV_FAIL -0.128 xdma_0_axi_aclk bd_i/layer_0/inst/u_core/at_qdata_reg[8]_rep__5/D
FV_FAIL -0.128 xdma_0_axi_aclk bd_i/layer_0/inst/u_core/u_dn/g_lane[91].kvm_acc_reg[91]/DSP_A_B_DATA_INST/B[14]
FV_FAIL -0.128 xdma_0_axi_aclk bd_i/layer_0/inst/u_core/u_dn/g_lane[118].kvm_acc_reg[118]_i_14_psdsp/CE
FV_FAIL -0.128 xdma_0_axi_aclk bd_i/layer_0/inst/u_core/u_dn/g_lane[118].kvm_acc_reg[118]_i_15_psdsp/CE
FV_FAIL -0.128 xdma_0_axi_aclk bd_i/layer_0/inst/u_core/u_dn/g_lane[118].kvm_acc_reg[118]_i_16_psdsp/CE
FV_FAIL -0.128 xdma_0_axi_aclk bd_i/axi_smc/inst/s02_nodes/s02_w_node/inst/inst_mi_handler/gen_normal_area.inst_fifo_node_payld/gen_xpm_memory_fifo.inst_fifo/gen_mem_rep[0].inst_xpm_memory/xpm_memory_base_inst/gen_rd_b.gen_rd_b_synth_template.gen_rf_narrow_reg.doutb_reg_reg[177]/CE
FV_FAIL -0.128 xdma_0_axi_aclk bd_i/axi_smc/inst/s02_nodes/s02_w_node/inst/inst_mi_handler/gen_normal_area.inst_fifo_node_payld/gen_xpm_memory_fifo.inst_fifo/gen_mem_rep[0].inst_xpm_memory/xpm_memory_base_inst/gen_rd_b.gen_rd_b_synth_template.gen_rf_narrow_reg.doutb_reg_reg[179]/CE
FV_FAIL -0.128 xdma_0_axi_aclk bd_i/axi_smc/inst/s02_nodes/s02_w_node/inst/inst_mi_handler/gen_normal_area.inst_fifo_node_payld/gen_xpm_memory_fifo.inst_fifo/gen_mem_rep[0].inst_xpm_memory/xpm_memory_base_inst/gen_rd_b.gen_rd_b_synth_template.gen_rf_narrow_reg.doutb_reg_reg[181]/CE
FV_FAIL -0.128 xdma_0_axi_aclk bd_i/layer_0/inst/u_core/u_attn/dot_reg[24]/D
FV_FAIL -0.128 xdma_0_axi_aclk bd_i/layer_0/inst/u_core/u_dn/p_1_out__8__10/DSP_PREADD_DATA_INST/DIN[7]
FV_FAIL -0.128 xdma_0_axi_aclk bd_i/layer_0/inst/u_core/g_kvslot[1].mem_reg_uram_7/CAS_IN_DIN_B[47]
FV_FAIL -0.128 xdma_0_axi_aclk bd_i/layer_0/inst/u_core/u_dn/p_0_out__13__5/DSP_PREADD_DATA_INST/DIN[1]
FV_FAIL -0.128 xdma_0_axi_aclk bd_i/layer_0/inst/u_core/u_dn/p_1_out__9__2/DSP_A_B_DATA_INST/B[2]
FV_FAIL -0.128 xdma_0_axi_aclk bd_i/layer_0/inst/u_core/u_attn/g_lane[86].prod_reg[86]/DSP_A_B_DATA_INST/B[15]
FV_FAIL -0.128 xdma_0_axi_aclk bd_i/layer_0/inst/u_core/u_dn/p_1_out__17__2/DSP_PREADD_DATA_INST/DIN[4]
FV_FAIL -0.128 xdma_0_axi_aclk bd_i/layer_0/inst/u_core/u_dn/p_0_out__17__3/DSP_PREADD_DATA_INST/DIN[11]
FV_FAIL -0.128 xdma_0_axi_aclk bd_i/layer_0/inst/u_core/kv_wrow_reg[1215]/CE
FV_FAIL -0.128 xdma_0_axi_aclk bd_i/layer_0/inst/u_core/u_dma/fmem_reg_0_255_57_57/DP.D/I
FV_FAIL -0.127 xdma_0_axi_aclk bd_i/layer_0/inst/u_core/u_attn/g_lane[79].prod_reg[79]/DSP_A_B_DATA_INST/B[17]
FV_FAIL -0.127 xdma_0_axi_aclk bd_i/layer_0/inst/u_core/u_dma/fmem_reg_0_255_204_204/SP.A/I
FV_FAIL -0.127 xdma_0_axi_aclk bd_i/layer_0/inst/u_core/u_topk/sel_reg[42]/D
FV_FAIL -0.127 xdma_0_axi_aclk bd_i/layer_0/inst/u_core/g_kvslot[1].mem_reg_uram_47/CAS_IN_DIN_B[28]
FV_FAIL -0.127 xdma_0_axi_aclk bd_i/layer_0/inst/u_core/u_vn/ss_acc0_i_10_replica_1_psdsp_1/D
FV_FAIL -0.127 xdma_0_axi_aclk bd_i/layer_0/inst/u_core/u_attn/g_lane[35].prod_reg[35]/DSP_A_B_DATA_INST/CEA2
FV_FAIL -0.127 xdma_0_axi_aclk bd_i/layer_0/inst/u_core/at_qdata_reg[14]_rep__12/CE
FV_FAIL -0.127 xdma_0_axi_aclk bd_i/layer_0/inst/u_core/u_dn/g_lane[118].kvm_acc_reg[118]_i_13_psdsp/D
FV_FAIL -0.127 xdma_0_axi_aclk bd_i/layer_0/inst/u_core/u_dn/p_1_out__17__5/DSP_A_B_DATA_INST/A[25]
FV_FAIL -0.127 xdma_0_axi_aclk bd_i/layer_0/inst/u_core/g_kvslot[1].mem_reg_uram_45/CAS_IN_DIN_B[52]
FV_FAIL -0.127 xdma_0_axi_aclk bd_i/layer_0/inst/u_core/u_attn/g_lane[199].pv_abs_reg[199][25]/D
FV_FAIL -0.127 xdma_0_axi_aclk bd_i/layer_0/inst/u_core/u_attn/g_lane[190].prod_reg[190]_i_2_psdsp_1/D
FV_FAIL -0.127 xdma_0_axi_aclk bd_i/layer_0/inst/u_core/u_dn/g_lane[17].kvm_acc_reg[17]/DSP_A_B_DATA_INST/A[20]
FV_FAIL -0.127 xdma_0_axi_aclk bd_i/layer_0/inst/u_core/u_alu/ps_rnd_reg[33]/D
FV_FAIL -0.127 xdma_0_axi_aclk bd_i/layer_0/inst/u_core/u_dn/g_lane[48].kvm_acc_reg[48]/DSP_A_B_DATA_INST/B[14]
FV_FAIL -0.127 xdma_0_axi_aclk bd_i/layer_0/inst/u_core/u_attn/g_lane[191].pv_p_reg[191]_i_2_psdsp/D
FV_FAIL -0.126 xdma_0_axi_aclk bd_i/layer_0/inst/u_core/u_attn/dot_reg[23]/D
FV_FAIL -0.126 xdma_0_axi_aclk bd_i/layer_0/inst/u_core/u_topk/ent_reg[26][30]/CE
FV_FAIL -0.126 xdma_0_axi_aclk bd_i/layer_0/inst/u_core/u_dn/g_lane[11].p2_p_reg[11]/DSP_A_B_DATA_INST/B[0]
FV_FAIL -0.126 xdma_0_axi_aclk bd_i/layer_0/inst/u_core/u_attn/g_lane[41].prod_reg[41]/DSP_A_B_DATA_INST/B[2]
FV_FAIL -0.126 xdma_0_axi_aclk bd_i/layer_0/inst/u_core/u_attn/g_lane[106].prod_reg[106]/DSP_A_B_DATA_INST/B[1]
FV_FAIL -0.126 xdma_0_axi_aclk bd_i/layer_0/inst/u_core/u_attn/o_g4_reg[2][14]/D
FV_FAIL -0.126 xdma_0_axi_aclk bd_i/layer_0/inst/u_core/u_dn/vdata_q_reg[0]_rep__1_replica_1/D
FV_FAIL -0.126 xdma_0_axi_aclk bd_i/layer_0/inst/u_core/u_dn/g_lane[127].o_acc_reg[127]/DSP_A_B_DATA_INST/B[15]
FV_FAIL -0.126 xdma_0_axi_aclk bd_i/layer_0/inst/u_core/u_dn/g_lane[90].kvm_acc_reg[90]/DSP_A_B_DATA_INST/B[13]
FV_FAIL -0.125 xdma_0_axi_aclk bd_i/layer_0/inst/u_core/u_attn/dot_reg[21]/D
FV_FAIL -0.125 xdma_0_axi_aclk bd_i/layer_0/inst/u_core/u_dn/p_1_out__2__14/DSP_PREADD_DATA_INST/DIN[6]
FV_FAIL -0.125 xdma_0_axi_aclk bd_i/layer_0/inst/u_core/u_dn/p_0_out__3__10/DSP_A_B_DATA_INST/B[1]
FV_FAIL -0.125 xdma_0_axi_aclk bd_i/layer_0/inst/u_core/u_dn/p_1_out__5__8/DSP_A_B_DATA_INST/B[7]
FV_FAIL -0.125 xdma_0_axi_aclk bd_i/layer_0/inst/u_core/cw_wd_reg[21]/CE
FV_FAIL -0.125 xdma_0_axi_aclk bd_i/layer_0/inst/u_core/u_dn/g_lane[12].dec_p_reg[12]/DSP_A_B_DATA_INST/A[23]
FV_FAIL -0.125 xdma_0_axi_aclk bd_i/layer_0/inst/u_core/u_attn/g_lane[197].pv_p_reg[197]/DSP_A_B_DATA_INST/A[25]
FV_FAIL -0.125 xdma_0_axi_aclk bd_i/layer_0/inst/u_core/u_dn/g_lane[75].p2_p_reg[75]/DSP_A_B_DATA_INST/B[2]
FV_FAIL -0.125 xdma_0_axi_aclk bd_i/layer_0/inst/u_core/u_dn/o_sel_reg[22]/D
FV_FAIL -0.125 xdma_0_axi_aclk bd_i/layer_0/inst/u_core/u_dn/p_1_out__9__6/DSP_A_B_DATA_INST/B[12]
FV_FAIL -0.125 xdma_0_axi_aclk bd_i/layer_0/inst/u_core/u_dn/g_lane[74].o_acc_reg[74]/DSP_A_B_DATA_INST/B[4]
FV_FAIL -0.125 xdma_0_axi_aclk bd_i/layer_0/inst/u_core/u_dn/p_1_out__19__8/DSP_A_B_DATA_INST/B[14]
FV_FAIL -0.125 xdma_0_axi_aclk bd_i/layer_0/inst/u_core/u_dn/g_lane[36].p2_p_reg[36]/DSP_A_B_DATA_INST/B[10]
FV_FAIL -0.125 xdma_0_axi_aclk bd_i/layer_0/inst/u_core/u_dma/fmem_reg_0_255_162_162/DP.D/I
FV_FAIL -0.125 xdma_0_axi_aclk bd_i/layer_0/inst/u_core/u_attn/g_lane[152].prod_reg[152]/DSP_A_B_DATA_INST/CEA2
FV_FAIL -0.125 xdma_0_axi_aclk bd_i/layer_0/inst/u_core/g_kvslot[0].mem_reg_uram_7/CAS_IN_DIN_B[44]
FV_FAIL -0.125 xdma_0_axi_aclk bd_i/layer_0/inst/u_core/tmp64_reg[6]/D
FV_FAIL -0.125 xdma_0_axi_aclk bd_i/layer_0/inst/u_core/u_dn/g_lane[58].dec_p_reg[58]/DSP_A_B_DATA_INST/A[10]
FV_FAIL -0.125 xdma_0_axi_aclk bd_i/layer_0/inst/u_core/g_kvslot[1].mem_reg_uram_45/CAS_IN_BWE_B[4]
FV_FAIL -0.125 xdma_0_axi_aclk bd_i/layer_0/inst/u_core/u_attn/g_lane[79].pv_p_reg[79]/DSP_A_B_DATA_INST/A[22]
FV_FAIL -0.125 xdma_0_axi_aclk bd_i/layer_0/inst/u_core/krow_reg[1262]/D
FV_FAIL -0.125 xdma_0_axi_aclk bd_i/layer_0/inst/u_core/u_attn/g_lane[119].prod_reg[119]/DSP_A_B_DATA_INST/B[4]
FV_FAIL -0.125 xdma_0_axi_aclk bd_i/layer_0/inst/u_core/u_dn/p_0_out__1__3/DSP_A_B_DATA_INST/A[21]
FV_FAIL -0.125 xdma_0_axi_aclk bd_i/layer_0/inst/u_core/u_attn/g_lane[193].pv_abs_reg[193][24]/D
FV_FAIL -0.125 xdma_0_axi_aclk bd_i/axi_smc/inst/s02_nodes/s02_w_node/inst/inst_mi_handler/gen_normal_area.inst_fifo_node_payld/gen_xpm_memory_fifo.inst_fifo/gen_mem_rep[0].inst_xpm_memory/xpm_memory_base_inst/gen_rd_b.gen_rd_b_synth_template.gen_rf_narrow_reg.doutb_reg_reg[169]/CE
FV_FAIL -0.125 xdma_0_axi_aclk bd_i/axi_smc/inst/s02_nodes/s02_w_node/inst/inst_mi_handler/gen_normal_area.inst_fifo_node_payld/gen_xpm_memory_fifo.inst_fifo/gen_mem_rep[0].inst_xpm_memory/xpm_memory_base_inst/gen_rd_b.gen_rd_b_synth_template.gen_rf_narrow_reg.doutb_reg_reg[171]/CE
FV_FAIL -0.125 xdma_0_axi_aclk bd_i/axi_smc/inst/s02_nodes/s02_w_node/inst/inst_mi_handler/gen_normal_area.inst_fifo_node_payld/gen_xpm_memory_fifo.inst_fifo/gen_mem_rep[0].inst_xpm_memory/xpm_memory_base_inst/gen_rd_b.gen_rd_b_synth_template.gen_rf_narrow_reg.doutb_reg_reg[173]/CE
FV_FAIL -0.125 xdma_0_axi_aclk bd_i/axi_smc/inst/s02_nodes/s02_w_node/inst/inst_mi_handler/gen_normal_area.inst_fifo_node_payld/gen_xpm_memory_fifo.inst_fifo/gen_mem_rep[0].inst_xpm_memory/xpm_memory_base_inst/gen_rd_b.gen_rd_b_synth_template.gen_rf_narrow_reg.doutb_reg_reg[175]/CE
FV_FAIL -0.125 xdma_0_axi_aclk bd_i/layer_0/inst/u_core/u_dn/g_lane[114].dec_p_reg[114]/DSP_A_B_DATA_INST/A[20]
FV_FAIL -0.125 xdma_0_axi_aclk bd_i/layer_0/inst/u_core/u_dn/p_1_out__14__6/DSP_A_B_DATA_INST/A[7]
FV_FAIL -0.125 xdma_0_axi_aclk bd_i/layer_0/inst/u_core/g_kvslot[1].mem_reg_uram_17/CAS_IN_ADDR_A[8]
FV_FAIL -0.125 xdma_0_axi_aclk bd_i/layer_0/inst/u_core/u_alu/ps_rnd_reg[28]/D
FV_FAIL -0.124 xdma_0_axi_aclk bd_i/layer_0/inst/u_core/u_dn/g_lane[69].dm_p_reg[69]/DSP_A_B_DATA_INST/A[22]
FV_FAIL -0.124 xdma_0_axi_aclk bd_i/layer_0/inst/u_core/u_dn/g_lane[18].p2_p_reg[18]_i_3_psdsp/CE
FV_FAIL -0.124 xdma_0_axi_aclk bd_i/layer_0/inst/u_core/u_dn/g_lane[18].p2_p_reg[18]_i_6_psdsp/CE
FV_FAIL -0.124 xdma_0_axi_aclk bd_i/layer_0/inst/u_core/u_dn/g_lane[18].p2_p_reg[18]_i_8_psdsp/CE
FV_FAIL -0.124 xdma_0_axi_aclk bd_i/layer_0/inst/u_core/g_kvslot[1].mem_reg_uram_43/CAS_IN_DIN_B[46]
FV_FAIL -0.124 xdma_0_axi_aclk bd_i/layer_0/inst/u_core/u_attn/o_g4_reg[2][19]/D
FV_FAIL -0.124 xdma_0_axi_aclk bd_i/layer_0/inst/u_core/u_dma/fmem_reg_0_255_17_17/SP.C/I
FV_FAIL -0.124 xdma_0_axi_aclk bd_i/layer_0/inst/u_core/u_dma/fmem_reg_0_255_480_480/SP.D/I
FV_FAIL -0.124 xdma_0_axi_aclk bd_i/layer_0/inst/u_core/g_kvslot[0].mem_reg_uram_31/CAS_IN_ADDR_A[12]
FV_FAIL -0.124 xdma_0_axi_aclk bd_i/layer_0/inst/u_core/u_dma/fmem_reg_0_255_493_493/DP.D/I
FV_FAIL -0.124 xdma_0_axi_aclk bd_i/layer_0/inst/u_core/u_dn/g_lane[93].kvm_acc_reg[93]/DSP_A_B_DATA_INST/B[9]
FV_FAIL -0.124 xdma_0_axi_aclk bd_i/layer_0/inst/u_core/u_attn/g_lane[192].pv_abs_reg[192][23]/D
FV_FAIL -0.124 xdma_0_axi_aclk bd_i/layer_0/inst/u_core/u_dma/fmem_reg_0_255_73_73/DP.A/I
FV_FAIL -0.124 xdma_0_axi_aclk bd_i/layer_0/inst/u_core/smem_a_reg_bram_18/ADDRARDADDR[9]
FV_FAIL -0.124 xdma_0_axi_aclk bd_i/layer_0/inst/u_core/u_dn/p_1_out__13__2/DSP_A_B_DATA_INST/A[24]
FV_FAIL -0.124 xdma_0_axi_aclk bd_i/layer_0/inst/u_core/u_dn/p_0_out__6__7/DSP_A_B_DATA_INST/B[12]
FV_FAIL -0.124 xdma_0_axi_aclk bd_i/axi_smc/inst/s02_nodes/s02_w_node/inst/inst_mi_handler/gen_normal_area.inst_fifo_node_payld/gen_xpm_memory_fifo.inst_fifo/gen_mem_rep[0].inst_xpm_memory/xpm_memory_base_inst/gen_rd_b.gen_rd_b_synth_template.gen_rf_narrow_reg.doutb_reg_reg[168]/CE
FV_FAIL -0.124 xdma_0_axi_aclk bd_i/axi_smc/inst/s02_nodes/s02_w_node/inst/inst_mi_handler/gen_normal_area.inst_fifo_node_payld/gen_xpm_memory_fifo.inst_fifo/gen_mem_rep[0].inst_xpm_memory/xpm_memory_base_inst/gen_rd_b.gen_rd_b_synth_template.gen_rf_narrow_reg.doutb_reg_reg[170]/CE
FV_FAIL -0.124 xdma_0_axi_aclk bd_i/axi_smc/inst/s02_nodes/s02_w_node/inst/inst_mi_handler/gen_normal_area.inst_fifo_node_payld/gen_xpm_memory_fifo.inst_fifo/gen_mem_rep[0].inst_xpm_memory/xpm_memory_base_inst/gen_rd_b.gen_rd_b_synth_template.gen_rf_narrow_reg.doutb_reg_reg[172]/CE
FV_FAIL -0.124 xdma_0_axi_aclk bd_i/axi_smc/inst/s02_nodes/s02_w_node/inst/inst_mi_handler/gen_normal_area.inst_fifo_node_payld/gen_xpm_memory_fifo.inst_fifo/gen_mem_rep[0].inst_xpm_memory/xpm_memory_base_inst/gen_rd_b.gen_rd_b_synth_template.gen_rf_narrow_reg.doutb_reg_reg[174]/CE
FV_FAIL -0.124 xdma_0_axi_aclk bd_i/layer_0/inst/u_core/at_qdata_reg[0]_rep__7/D
FV_FAIL -0.124 xdma_0_axi_aclk bd_i/layer_0/inst/u_core/u_attn/g_lane[86].prod_reg[86]/DSP_A_B_DATA_INST/B[13]
FV_FAIL -0.123 xdma_0_axi_aclk bd_i/layer_0/inst/u_core/u_dma/fmem_reg_0_255_179_179/DP.D/I
FV_FAIL -0.123 xdma_0_axi_aclk bd_i/layer_0/inst/u_core/u_attn/mul_p00__0/DSP_A_B_DATA_INST/A[1]
FV_FAIL -0.123 xdma_0_axi_aclk bd_i/layer_0/inst/u_core/u_dn/g_lane[72].dm_p_reg[72]/DSP_A_B_DATA_INST/A[25]
FV_FAIL -0.123 xdma_0_axi_aclk bd_i/layer_0/inst/u_core/krow_reg[1684]/D
FV_FAIL -0.123 xdma_0_axi_aclk bd_i/layer_0/inst/u_core/dn_beta_reg[0]/D
FV_FAIL -0.123 xdma_0_axi_aclk bd_i/layer_0/inst/u_core/u_attn/g_lane[89].pv_p_reg[89]/DSP_A_B_DATA_INST/A[15]
FV_FAIL -0.123 xdma_0_axi_aclk bd_i/layer_0/inst/u_core/kv_wrow_reg[1039]/CE
FV_FAIL -0.123 xdma_0_axi_aclk bd_i/layer_0/inst/u_core/g_dnslot[1].mem_reg_uram_21/ADDR_A[11]
FV_FAIL -0.123 xdma_0_axi_aclk bd_i/layer_0/inst/u_core/u_attn/g_lane[227].pv_abs_reg[227][22]/D
FV_FAIL -0.123 xdma_0_axi_aclk bd_i/layer_0/inst/u_core/dma_slot_reg_replica_12/CE
FV_FAIL -0.123 xdma_0_axi_aclk bd_i/layer_0/inst/u_core/u_dn/g_lane[3].dm_p_reg[3]/DSP_PREADD_DATA_INST/DIN[0]
FV_FAIL -0.123 xdma_0_axi_aclk bd_i/layer_0/inst/u_core/u_dn/g_lane[127].o_acc_reg[127]/DSP_A_B_DATA_INST/B[17]
FV_FAIL -0.123 xdma_0_axi_aclk bd_i/layer_0/inst/u_core/u_attn/g_lane[62].prod_reg[62]/DSP_A_B_DATA_INST/CEA2
FV_FAIL -0.123 xdma_0_axi_aclk bd_i/layer_0/inst/u_core/u_attn/g_lane[227].pv_abs_reg[227][25]/D
FV_FAIL -0.122 xdma_0_axi_aclk bd_i/layer_0/inst/u_core/u_attn/g_lane[125].pv_p_reg[125]/DSP_A_B_DATA_INST/A[17]
FV_FAIL -0.122 xdma_0_axi_aclk bd_i/layer_0/inst/u_core/u_dn/vdata_q_reg[3]_rep__3_replica_4/D
FV_FAIL -0.122 xdma_0_axi_aclk bd_i/layer_0/inst/u_core/u_attn/g_lane[196].pv_abs_reg[196][16]/D
FV_FAIL -0.122 xdma_0_axi_aclk bd_i/layer_0/inst/u_core/u_dn/g_lane[18].p2_p_reg[18]_i_2_psdsp/CE
FV_FAIL -0.122 xdma_0_axi_aclk bd_i/layer_0/inst/u_core/u_dn/g_lane[18].p2_p_reg[18]_i_4_psdsp/CE
FV_FAIL -0.122 xdma_0_axi_aclk bd_i/layer_0/inst/u_core/u_dn/g_lane[18].p2_p_reg[18]_i_7_psdsp/CE
FV_FAIL -0.122 xdma_0_axi_aclk bd_i/layer_0/inst/u_core/u_dn/p_1_out__40/DSP_A_B_DATA_INST/A[12]
FV_FAIL -0.122 xdma_0_axi_aclk bd_i/layer_0/inst/u_core/u_dn/vdata_q_reg[0]_rep__2_replica_2/D
FV_FAIL -0.122 xdma_0_axi_aclk bd_i/axi_smc/inst/s00_entry_pipeline/s00_mmu/inst/r_sreg/m_vector_i_reg[1145]/CE
FV_FAIL -0.122 xdma_0_axi_aclk bd_i/layer_0/inst/u_core/u_dn/g_lane[84].kvm_acc_reg[84]/DSP_A_B_DATA_INST/B[2]
FV_FAIL -0.122 xdma_0_axi_aclk bd_i/layer_0/inst/u_core/u_dn/p_0_out__11__2/DSP_A_B_DATA_INST/B[14]
FV_FAIL -0.122 xdma_0_axi_aclk bd_i/layer_0/inst/u_core/u_dma/fmem_reg_0_255_73_73/DP.B/I
FV_FAIL -0.122 xdma_0_axi_aclk bd_i/layer_0/inst/u_core/u_dn/g_lane[90].p2_p_reg[90]/DSP_A_B_DATA_INST/B[12]
FV_FAIL -0.122 xdma_0_axi_aclk bd_i/layer_0/inst/u_core/u_attn/g_lane[227].pv_abs_reg[227][20]/D
FV_FAIL -0.122 xdma_0_axi_aclk bd_i/layer_0/inst/u_core/u_dn/p_0_out__8__1/DSP_A_B_DATA_INST/B[7]
FV_FAIL -0.122 xdma_0_axi_aclk bd_i/layer_0/inst/u_core/u_dma/beat_acc_reg[432]/CE
FV_FAIL -0.121 xdma_0_axi_aclk bd_i/layer_0/inst/u_core/u_attn/g_lane[119].prod_reg[119]/DSP_A_B_DATA_INST/B[12]
FV_FAIL -0.121 xdma_0_axi_aclk bd_i/layer_0/inst/u_core/u_alu/mx32_reg[0]/R
FV_FAIL -0.121 xdma_0_axi_aclk bd_i/layer_0/inst/u_core/u_alu/mx32_reg[23]/R
FV_FAIL -0.121 xdma_0_axi_aclk bd_i/layer_0/inst/u_core/u_alu/mx32_reg[8]/R
FV_FAIL -0.121 xdma_0_axi_aclk bd_i/layer_0/inst/u_core/u_dn/g_lane[84].kvm_acc_reg[84]/DSP_A_B_DATA_INST/B[1]
FV_FAIL -0.121 xdma_0_axi_aclk bd_i/layer_0/inst/u_core/u_dma/fmem_reg_0_255_17_17/SP.B/I
FV_FAIL -0.121 xdma_0_axi_aclk bd_i/layer_0/inst/u_core/u_dn/g_lane[70].dm_p_reg[70]/DSP_A_B_DATA_INST/A[24]
FV_FAIL -0.121 xdma_0_axi_aclk bd_i/layer_0/inst/u_core/u_attn/g_lane[197].pv_p_reg[197]/DSP_A_B_DATA_INST/A[0]
FV_FAIL -0.121 xdma_0_axi_aclk bd_i/layer_0/inst/u_core/u_attn/o_g4_reg[0][8]/D
FV_FAIL -0.121 xdma_0_axi_aclk bd_i/layer_0/inst/u_core/u_attn/g_lane[42].prod_reg[42]/DSP_A_B_DATA_INST/B[5]
FV_FAIL -0.121 xdma_0_axi_aclk bd_i/layer_0/inst/u_core/u_dn/g_lane[61].kvm_acc_reg[61]/DSP_OUTPUT_INST/RSTP
FV_FAIL -0.121 xdma_0_axi_aclk bd_i/layer_0/inst/u_core/vn_sdata_reg[4]/D
FV_FAIL -0.121 xdma_0_axi_aclk bd_i/layer_0/inst/u_core/at_qdata_reg[12]_rep__6/D
FV_FAIL -0.121 xdma_0_axi_aclk bd_i/layer_0/inst/u_core/u_dn/g_lane[90].p2_p_reg[90]/DSP_A_B_DATA_INST/B[7]
FV_FAIL -0.121 xdma_0_axi_aclk bd_i/layer_0/inst/u_core/u_dma/rowbuf_reg[1059]/D
FV_FAIL -0.121 xdma_0_axi_aclk bd_i/layer_0/inst/u_core/u_dma/fmem_reg_0_255_460_460/DP.D/I
FV_FAIL -0.120 xdma_0_axi_aclk bd_i/layer_0/inst/u_core/u_dn/g_lane[61].p2_p_reg[61]/DSP_A_B_DATA_INST/B[7]
FV_FAIL -0.120 xdma_0_axi_aclk bd_i/layer_0/inst/u_core/u_conv/u_silu/m3_reg/DSP_A_B_DATA_INST/B[7]
FV_FAIL -0.120 xdma_0_axi_aclk bd_i/layer_0/inst/u_core/u_attn/g_lane[229].pv_p_reg[229]/DSP_OUTPUT_INST/ALU_OUT[2]
FV_FAIL -0.120 xdma_0_axi_aclk bd_i/layer_0/inst/u_core/u_attn/g_lane[229].pv_p_reg[229]/DSP_OUTPUT_INST/ALU_OUT[3]
FV_FAIL -0.120 xdma_0_axi_aclk bd_i/layer_0/inst/u_core/at_qdata_reg[5]_rep__3/D
FV_FAIL -0.120 xdma_0_axi_aclk bd_i/layer_0/inst/u_core/u_attn/g_lane[196].pv_abs_reg[196][14]/D
FV_FAIL -0.120 xdma_0_axi_aclk bd_i/layer_0/inst/u_core/u_dn/p_1_out__20__1/DSP_A_B_DATA_INST/B[7]
FV_FAIL -0.120 xdma_0_axi_aclk bd_i/layer_0/inst/u_core/u_dma/fmem_reg_0_255_53_53/DP.A/I
FV_FAIL -0.120 xdma_0_axi_aclk bd_i/layer_0/inst/u_core/u_dn/p_0_out__2__6/DSP_A_B_DATA_INST/B[7]
FV_FAIL -0.120 xdma_0_axi_aclk bd_i/layer_0/inst/u_core/u_attn/g_lane[56].pv_p_reg[56]/DSP_A_B_DATA_INST/A[1]
FV_FAIL -0.120 xdma_0_axi_aclk bd_i/mvchan_3/inst/u_chan/u_resram/xpm_memory_base_inst/gen_wr_a.gen_word_narrow.mem_reg_bram_3/RSTREGB
FV_FAIL -0.120 xdma_0_axi_aclk bd_i/layer_0/inst/u_core/g_kvslot[1].mem_reg_uram_33/CAS_IN_DIN_B[70]
FV_FAIL -0.120 xdma_0_axi_aclk bd_i/layer_0/inst/u_core/u_topk/ent_reg[9][0]/CE
FV_FAIL -0.120 xdma_0_axi_aclk bd_i/layer_0/inst/u_core/u_dn/g_lane[109].p2_p_reg[109]/DSP_A_B_DATA_INST/B[3]
FV_FAIL -0.120 xdma_0_axi_aclk bd_i/layer_0/inst/u_core/u_dn/p_0_out__8__8/DSP_PREADD_DATA_INST/DIN[10]
FV_FAIL -0.120 xdma_0_axi_aclk bd_i/axil_slice_4/inst/w.w_pipe/m_valid_i_reg/D
FV_FAIL -0.120 xdma_0_axi_aclk bd_i/layer_0/inst/u_core/u_dn/p_0_out__3__15/DSP_A_B_DATA_INST/B[9]
FV_FAIL -0.120 xdma_0_axi_aclk bd_i/layer_0/inst/u_core/u_dn/g_lane[59].dec_p_reg[59]/DSP_A_B_DATA_INST/A[8]
FV_FAIL -0.120 xdma_0_axi_aclk bd_i/layer_0/inst/u_core/krow_reg[1070]/D
FV_FAIL -0.120 xdma_0_axi_aclk bd_i/layer_0/inst/u_core/u_attn/vadd_q_reg[11]/CE
FV_FAIL -0.120 xdma_0_axi_aclk bd_i/layer_0/inst/u_core/u_attn/vadd_q_reg[3]/CE
FV_FAIL -0.120 xdma_0_axi_aclk bd_i/layer_0/inst/u_core/u_dn/p_1_out__11__4/DSP_A_B_DATA_INST/B[3]
FV_FAIL -0.119 xdma_0_axi_aclk bd_i/layer_0/inst/u_core/g_kvslot[1].mem_reg_uram_45/CAS_IN_BWE_B[7]
FV_FAIL -0.119 xdma_0_axi_aclk bd_i/layer_0/inst/u_core/u_attn/g_lane[196].pv_abs_reg[196][12]/D
FV_FAIL -0.119 xdma_0_axi_aclk bd_i/layer_0/inst/u_core/u_attn/g_lane[194].pv_abs_reg[194][19]/D
FV_FAIL -0.119 xdma_0_axi_aclk bd_i/layer_0/inst/u_core/u_attn/g_lane[89].pv_p_reg[89]/DSP_A_B_DATA_INST/A[21]
FV_FAIL -0.119 xdma_0_axi_aclk bd_i/layer_0/inst/u_core/u_dma/fmem_reg_0_255_73_73/DP.C/I
FV_FAIL -0.119 xdma_0_axi_aclk bd_i/layer_0/inst/u_core/u_dma/fmem_reg_0_255_17_17/SP.D/I
FV_FAIL -0.119 xdma_0_axi_aclk bd_i/layer_0/inst/u_core/tmp64_reg[4]/D
FV_FAIL -0.119 xdma_0_axi_aclk bd_i/layer_0/inst/u_core/u_dn/g_lane[104].p2_p_reg[104]/DSP_A_B_DATA_INST/B[14]
FV_FAIL -0.119 xdma_0_axi_aclk bd_i/layer_0/inst/u_core/u_dn/g_lane[61].kvm_acc_reg[61]/DSP_A_B_DATA_INST/B[11]
FV_FAIL -0.118 xdma_0_axi_aclk bd_i/layer_0/inst/u_core/u_dma/fmem_reg_0_255_299_299/SP.C/I
FV_FAIL -0.118 xdma_0_axi_aclk bd_i/layer_0/inst/u_core/u_dma/fmem_reg_0_255_326_326/SP.C/I
FV_FAIL -0.118 xdma_0_axi_aclk bd_i/layer_0/inst/u_core/u_attn/g_lane[151].prod_reg[151]/DSP_A_B_DATA_INST/CEA2
FV_FAIL -0.118 xdma_0_axi_aclk bd_i/axil_slice_5/inst/w.w_pipe/m_payload_i_reg[1]/D
FV_FAIL -0.118 xdma_0_axi_aclk bd_i/layer_0/inst/u_core/u_dn/g_lane[124].kvm_acc_reg[124]/DSP_A_B_DATA_INST/B[8]
FV_FAIL -0.118 xdma_0_axi_aclk bd_i/layer_0/inst/u_core/u_dn/p_1_out__23__1/DSP_A_B_DATA_INST/B[11]
FV_FAIL -0.118 xdma_0_axi_aclk bd_i/layer_0/inst/u_core/u_dma/fmem_reg_0_255_159_159/SP.C/I
FV_FAIL -0.118 xdma_0_axi_aclk bd_i/layer_0/inst/u_core/u_attn/g_lane[193].pv_abs_reg[193][22]/D
FV_FAIL -0.118 xdma_0_axi_aclk bd_i/layer_0/inst/u_core/u_attn/o_g4_reg[0][12]/D
FV_FAIL -0.118 xdma_0_axi_aclk bd_i/layer_0/inst/u_core/u_dn/p_1_out__24__2/DSP_A_B_DATA_INST/A[5]
FV_FAIL -0.118 xdma_0_axi_aclk bd_i/layer_0/inst/u_core/kv_wrow_reg[1221]/CE
FV_FAIL -0.118 xdma_0_axi_aclk bd_i/layer_0/inst/u_core/u_attn/g_lane[92].pv_p_reg[92]/DSP_A_B_DATA_INST/A[14]
FV_FAIL -0.118 xdma_0_axi_aclk bd_i/layer_0/inst/u_core/u_dma/fmem_reg_0_255_206_206/DP.A/I
FV_FAIL -0.118 xdma_0_axi_aclk bd_i/layer_0/inst/u_core/u_dn/p_1_out__9__3/DSP_A_B_DATA_INST/A[28]
FV_FAIL -0.117 xdma_0_axi_aclk bd_i/axi_smc/inst/s00_nodes/s00_r_node/inst/inst_mi_handler/gen_normal_area.gen_node_prog_full.inst_node_prog_full/gen_xpm_memory_fifo.inst_fifo/gen_rd.fifo_empty_r_reg/D
FV_FAIL -0.117 xdma_0_axi_aclk bd_i/layer_0/inst/u_core/u_attn/g_lane[199].pv_abs_reg[199][21]/D
FV_FAIL -0.117 xdma_0_axi_aclk bd_i/layer_0/inst/u_core/u_topk/ent_reg[12][24]/CE
FV_FAIL -0.117 xdma_0_axi_aclk bd_i/layer_0/inst/u_core/cs_wd_reg[36]/D
FV_FAIL -0.117 xdma_0_axi_aclk bd_i/layer_0/inst/u_core/u_alu/pre_lo_reg[9]/D
FV_FAIL -0.117 xdma_0_axi_aclk bd_i/layer_0/inst/u_core/u_dma/fmem_reg_0_255_137_137/SP.A/I
FV_FAIL -0.117 xdma_0_axi_aclk bd_i/layer_0/inst/u_core/u_dn/p_0_out__14__2/DSP_A_B_DATA_INST/B[11]
FV_FAIL -0.117 xdma_0_axi_aclk bd_i/layer_0/inst/u_core/u_dma/fmem_reg_0_255_159_159/SP.B/I
FV_FAIL -0.117 xdma_0_axi_aclk bd_i/layer_0/inst/u_core/u_attn/g_lane[193].pv_abs_reg[193][20]/D
FV_FAIL -0.117 xdma_0_axi_aclk bd_i/layer_0/inst/u_core/tcnt_bank_reg[4][0][1]/CE
FV_FAIL -0.117 xdma_0_axi_aclk bd_i/layer_0/inst/u_core/u_dma/fmem_reg_0_255_472_472/SP.A/I
FV_FAIL -0.117 xdma_0_axi_aclk bd_i/axil_slice_4/inst/w.w_pipe/m_payload_i_reg[23]/D
FV_FAIL -0.117 xdma_0_axi_aclk bd_i/layer_0/inst/u_core/u_attn/padd_q_reg[13]/R
FV_FAIL -0.117 xdma_0_axi_aclk bd_i/layer_0/inst/u_core/u_attn/padd_q_reg[20]/R
FV_FAIL -0.117 xdma_0_axi_aclk bd_i/layer_0/inst/u_core/u_attn/padd_q_reg[21]/R
FV_FAIL -0.117 xdma_0_axi_aclk bd_i/layer_0/inst/u_core/u_attn/padd_q_reg[44]/R
FV_FAIL -0.117 xdma_0_axi_aclk bd_i/layer_0/inst/u_core/u_attn/g_lane[193].pv_abs_reg[193][25]/D
FV_FAIL -0.117 xdma_0_axi_aclk bd_i/layer_0/inst/u_core/u_attn/g_lane[141].pv_p_reg[141]/DSP_A_B_DATA_INST/A[20]
FV_FAIL -0.116 xdma_0_axi_aclk bd_i/layer_0/inst/u_core/u_alu/ps_rnd_reg[24]/D
FV_FAIL -0.116 xdma_0_axi_aclk bd_i/layer_0/inst/u_core/u_dn/g_lane[91].kvm_acc_reg[91]/DSP_A_B_DATA_INST/B[2]
FV_FAIL -0.116 xdma_0_axi_aclk bd_i/layer_0/inst/u_core/u_dn/g_lane[76].o_acc_reg[76]/DSP_A_B_DATA_INST/B[10]
FV_FAIL -0.116 xdma_0_axi_aclk bd_i/layer_0/inst/u_core/u_attn/g_lane[61].prod_reg[61]/DSP_A_B_DATA_INST/B[0]
FV_FAIL -0.116 xdma_0_axi_aclk bd_i/axi_smc/inst/s00_entry_pipeline/s00_mmu/inst/r_sreg/m_vector_i_reg[1092]/CE
FV_FAIL -0.116 xdma_0_axi_aclk bd_i/layer_0/inst/u_core/u_dn/p_1_out__3__4/DSP_A_B_DATA_INST/A[24]
FV_FAIL -0.116 xdma_0_axi_aclk bd_i/layer_0/inst/u_core/u_dn/g_lane[0].kvm_acc_reg[0]/DSP_A_B_DATA_INST/B[13]
FV_FAIL -0.116 xdma_0_axi_aclk bd_i/layer_0/inst/u_core/u_dn/p_0_out__1__14/DSP_PREADD_DATA_INST/DIN[8]
FV_FAIL -0.116 xdma_0_axi_aclk bd_i/layer_0/inst/u_core/kv_wrow_reg[1220]/CE
FV_FAIL -0.116 xdma_0_axi_aclk bd_i/layer_0/inst/u_core/kv_wrow_reg[1223]/CE
FV_FAIL -0.116 xdma_0_axi_aclk bd_i/layer_0/inst/u_core/u_dn/g_lane[42].o_acc_reg[42]/DSP_A_B_DATA_INST/B[1]
FV_FAIL -0.116 xdma_0_axi_aclk bd_i/layer_0/inst/u_core/u_attn/pvc64_reg[61]/CE
FV_FAIL -0.115 xdma_0_axi_aclk bd_i/layer_0/inst/u_core/u_dn/g_lane[43].dm_p_reg[43]/DSP_A_B_DATA_INST/A[24]
FV_FAIL -0.115 xdma_0_axi_aclk bd_i/layer_0/inst/u_core/u_dma/fmem_reg_0_255_299_299/SP.B/I
FV_FAIL -0.115 xdma_0_axi_aclk bd_i/layer_0/inst/u_core/u_attn/mx_reg[21]/CE
FV_FAIL -0.115 xdma_0_axi_aclk bd_i/layer_0/inst/u_core/u_attn/mx_reg[23]/CE
FV_FAIL -0.115 xdma_0_axi_aclk bd_i/layer_0/inst/u_core/u_dn/p_0_out__2__16/DSP_A_B_DATA_INST/B[4]
FV_FAIL -0.115 xdma_0_axi_aclk bd_i/layer_0/inst/u_core/u_dma/fmem_reg_0_255_326_326/SP.B/I
FV_FAIL -0.115 xdma_0_axi_aclk bd_i/layer_0/inst/u_core/u_attn/g_lane[194].pv_abs_reg[194][18]/D
FV_FAIL -0.115 xdma_0_axi_aclk bd_i/layer_0/inst/u_core/u_dn/g_lane[47].kvm_acc_reg[47]/DSP_A_B_DATA_INST/A[20]
FV_FAIL -0.115 xdma_0_axi_aclk bd_i/layer_0/inst/u_core/u_attn/g_lane[106].prod_reg[106]/DSP_A_B_DATA_INST/B[15]
FV_FAIL -0.115 xdma_0_axi_aclk bd_i/layer_0/inst/u_core/u_attn/g_lane[199].pv_abs_reg[199][23]/D
FV_FAIL -0.115 xdma_0_axi_aclk bd_i/layer_0/inst/u_core/u_dma/fmem_reg_0_255_307_307/DP.A/I
FV_FAIL -0.115 xdma_0_axi_aclk bd_i/mvchan_3/inst/u_chan/csr_static_sh_reg[0]/R
FV_FAIL -0.115 xdma_0_axi_aclk bd_i/mvchan_3/inst/u_chan/csr_static_sh_reg[1]/R
FV_FAIL -0.115 xdma_0_axi_aclk bd_i/mvchan_3/inst/u_chan/csr_static_wbase_reg[32]/R
FV_FAIL -0.115 xdma_0_axi_aclk bd_i/mvchan_3/inst/u_chan/csr_static_wbase_reg[33]/R
FV_FAIL -0.115 xdma_0_axi_aclk bd_i/layer_0/inst/u_core/kv_wrow_reg[584]/CE
FV_FAIL -0.115 xdma_0_axi_aclk bd_i/layer_0/inst/u_core/kv_wrow_reg[594]/CE
FV_FAIL -0.115 xdma_0_axi_aclk bd_i/layer_0/inst/u_core/u_attn/g_lane[198].pv_p_reg[198]/DSP_A_B_DATA_INST/A[18]
FV_FAIL -0.115 xdma_0_axi_aclk bd_i/layer_0/inst/u_core/u_dma/fmem_reg_0_255_159_159/SP.D/I
FV_FAIL -0.115 xdma_0_axi_aclk bd_i/layer_0/inst/u_core/u_dn/g_lane[37].kvm_acc_reg[37]/DSP_A_B_DATA_INST/A[17]
FV_FAIL -0.115 xdma_0_axi_aclk bd_i/layer_0/inst/u_core/cw_wd_reg[49]/D
FV_FAIL -0.115 xdma_0_axi_aclk bd_i/layer_0/inst/u_core/u_axib/fdat_reg_0_3_14_15__0/DP/I
FV_FAIL -0.115 xdma_0_axi_aclk bd_i/layer_0/inst/u_core/u_dn/g_lane[84].dm_p_reg[84]/DSP_OUTPUT_INST/ALU_OUT[0]
FV_FAIL -0.115 xdma_0_axi_aclk bd_i/layer_0/inst/u_core/u_dn/g_lane[84].dm_p_reg[84]/DSP_OUTPUT_INST/ALU_OUT[10]
FV_FAIL -0.115 xdma_0_axi_aclk bd_i/layer_0/inst/u_core/u_dn/g_lane[84].dm_p_reg[84]/DSP_OUTPUT_INST/ALU_OUT[11]
FV_FAIL -0.115 xdma_0_axi_aclk bd_i/layer_0/inst/u_core/u_dn/g_lane[84].dm_p_reg[84]/DSP_OUTPUT_INST/ALU_OUT[12]
FV_FAIL -0.115 xdma_0_axi_aclk bd_i/layer_0/inst/u_core/u_dn/g_lane[84].dm_p_reg[84]/DSP_OUTPUT_INST/ALU_OUT[13]
FV_FAIL -0.115 xdma_0_axi_aclk bd_i/layer_0/inst/u_core/u_dn/g_lane[84].dm_p_reg[84]/DSP_OUTPUT_INST/ALU_OUT[14]
FV_FAIL -0.115 xdma_0_axi_aclk bd_i/layer_0/inst/u_core/u_dn/g_lane[84].dm_p_reg[84]/DSP_OUTPUT_INST/ALU_OUT[15]
FV_FAIL -0.115 xdma_0_axi_aclk bd_i/layer_0/inst/u_core/u_dn/g_lane[84].dm_p_reg[84]/DSP_OUTPUT_INST/ALU_OUT[16]
FV_FAIL -0.115 xdma_0_axi_aclk bd_i/layer_0/inst/u_core/u_dn/g_lane[84].dm_p_reg[84]/DSP_OUTPUT_INST/ALU_OUT[17]
FV_FAIL -0.115 xdma_0_axi_aclk bd_i/layer_0/inst/u_core/u_dn/g_lane[84].dm_p_reg[84]/DSP_OUTPUT_INST/ALU_OUT[18]
FV_FAIL -0.115 xdma_0_axi_aclk bd_i/layer_0/inst/u_core/u_dn/g_lane[84].dm_p_reg[84]/DSP_OUTPUT_INST/ALU_OUT[19]
FV_FAIL -0.115 xdma_0_axi_aclk bd_i/layer_0/inst/u_core/u_dn/g_lane[84].dm_p_reg[84]/DSP_OUTPUT_INST/ALU_OUT[1]
FV_FAIL -0.115 xdma_0_axi_aclk bd_i/layer_0/inst/u_core/u_dn/g_lane[84].dm_p_reg[84]/DSP_OUTPUT_INST/ALU_OUT[20]
FV_FAIL -0.115 xdma_0_axi_aclk bd_i/layer_0/inst/u_core/u_dn/g_lane[84].dm_p_reg[84]/DSP_OUTPUT_INST/ALU_OUT[21]
FV_FAIL -0.115 xdma_0_axi_aclk bd_i/layer_0/inst/u_core/u_dn/g_lane[84].dm_p_reg[84]/DSP_OUTPUT_INST/ALU_OUT[22]
FV_FAIL -0.115 xdma_0_axi_aclk bd_i/layer_0/inst/u_core/u_dn/g_lane[84].dm_p_reg[84]/DSP_OUTPUT_INST/ALU_OUT[23]
FV_FAIL -0.115 xdma_0_axi_aclk bd_i/layer_0/inst/u_core/u_dn/g_lane[84].dm_p_reg[84]/DSP_OUTPUT_INST/ALU_OUT[24]
FV_FAIL -0.115 xdma_0_axi_aclk bd_i/layer_0/inst/u_core/u_dn/g_lane[84].dm_p_reg[84]/DSP_OUTPUT_INST/ALU_OUT[25]
FV_FAIL -0.115 xdma_0_axi_aclk bd_i/layer_0/inst/u_core/u_dn/g_lane[84].dm_p_reg[84]/DSP_OUTPUT_INST/ALU_OUT[26]
FV_FAIL -0.115 xdma_0_axi_aclk bd_i/layer_0/inst/u_core/u_dn/g_lane[84].dm_p_reg[84]/DSP_OUTPUT_INST/ALU_OUT[27]
FV_FAIL -0.115 xdma_0_axi_aclk bd_i/layer_0/inst/u_core/u_dn/g_lane[84].dm_p_reg[84]/DSP_OUTPUT_INST/ALU_OUT[28]
FV_FAIL -0.115 xdma_0_axi_aclk bd_i/layer_0/inst/u_core/u_dn/g_lane[84].dm_p_reg[84]/DSP_OUTPUT_INST/ALU_OUT[29]
FV_FAIL -0.115 xdma_0_axi_aclk bd_i/layer_0/inst/u_core/u_dn/g_lane[84].dm_p_reg[84]/DSP_OUTPUT_INST/ALU_OUT[2]
FV_FAIL -0.115 xdma_0_axi_aclk bd_i/layer_0/inst/u_core/u_dn/g_lane[84].dm_p_reg[84]/DSP_OUTPUT_INST/ALU_OUT[30]
FV_FAIL -0.115 xdma_0_axi_aclk bd_i/layer_0/inst/u_core/u_dn/g_lane[84].dm_p_reg[84]/DSP_OUTPUT_INST/ALU_OUT[31]
FV_FAIL -0.115 xdma_0_axi_aclk bd_i/layer_0/inst/u_core/u_dn/g_lane[84].dm_p_reg[84]/DSP_OUTPUT_INST/ALU_OUT[32]
FV_FAIL -0.115 xdma_0_axi_aclk bd_i/layer_0/inst/u_core/u_dn/g_lane[84].dm_p_reg[84]/DSP_OUTPUT_INST/ALU_OUT[33]
FV_FAIL -0.115 xdma_0_axi_aclk bd_i/layer_0/inst/u_core/u_dn/g_lane[84].dm_p_reg[84]/DSP_OUTPUT_INST/ALU_OUT[34]
FV_FAIL -0.115 xdma_0_axi_aclk bd_i/layer_0/inst/u_core/u_dn/g_lane[84].dm_p_reg[84]/DSP_OUTPUT_INST/ALU_OUT[35]
FV_FAIL -0.115 xdma_0_axi_aclk bd_i/layer_0/inst/u_core/u_dn/g_lane[84].dm_p_reg[84]/DSP_OUTPUT_INST/ALU_OUT[36]
FV_FAIL -0.115 xdma_0_axi_aclk bd_i/layer_0/inst/u_core/u_dn/g_lane[84].dm_p_reg[84]/DSP_OUTPUT_INST/ALU_OUT[37]
FV_FAIL -0.115 xdma_0_axi_aclk bd_i/layer_0/inst/u_core/u_dn/g_lane[84].dm_p_reg[84]/DSP_OUTPUT_INST/ALU_OUT[38]
FV_FAIL -0.115 xdma_0_axi_aclk bd_i/layer_0/inst/u_core/u_dn/g_lane[84].dm_p_reg[84]/DSP_OUTPUT_INST/ALU_OUT[39]
FV_FAIL -0.115 xdma_0_axi_aclk bd_i/layer_0/inst/u_core/u_dn/g_lane[84].dm_p_reg[84]/DSP_OUTPUT_INST/ALU_OUT[3]
FV_FAIL -0.115 xdma_0_axi_aclk bd_i/layer_0/inst/u_core/u_dn/g_lane[84].dm_p_reg[84]/DSP_OUTPUT_INST/ALU_OUT[40]
FV_FAIL -0.115 xdma_0_axi_aclk bd_i/layer_0/inst/u_core/u_dn/g_lane[84].dm_p_reg[84]/DSP_OUTPUT_INST/ALU_OUT[41]
FV_FAIL -0.115 xdma_0_axi_aclk bd_i/layer_0/inst/u_core/u_dn/g_lane[84].dm_p_reg[84]/DSP_OUTPUT_INST/ALU_OUT[42]
FV_FAIL -0.115 xdma_0_axi_aclk bd_i/layer_0/inst/u_core/u_dn/g_lane[84].dm_p_reg[84]/DSP_OUTPUT_INST/ALU_OUT[43]
FV_FAIL -0.115 xdma_0_axi_aclk bd_i/layer_0/inst/u_core/u_dn/g_lane[84].dm_p_reg[84]/DSP_OUTPUT_INST/ALU_OUT[44]
FV_FAIL -0.115 xdma_0_axi_aclk bd_i/layer_0/inst/u_core/u_dn/g_lane[84].dm_p_reg[84]/DSP_OUTPUT_INST/ALU_OUT[45]
FV_FAIL -0.115 xdma_0_axi_aclk bd_i/layer_0/inst/u_core/u_dn/g_lane[84].dm_p_reg[84]/DSP_OUTPUT_INST/ALU_OUT[46]
FV_FAIL -0.115 xdma_0_axi_aclk bd_i/layer_0/inst/u_core/u_dn/g_lane[84].dm_p_reg[84]/DSP_OUTPUT_INST/ALU_OUT[47]
FV_FAIL -0.115 xdma_0_axi_aclk bd_i/layer_0/inst/u_core/u_dn/g_lane[84].dm_p_reg[84]/DSP_OUTPUT_INST/ALU_OUT[4]
FV_FAIL -0.115 xdma_0_axi_aclk bd_i/layer_0/inst/u_core/u_dn/g_lane[84].dm_p_reg[84]/DSP_OUTPUT_INST/ALU_OUT[5]
FV_FAIL -0.115 xdma_0_axi_aclk bd_i/layer_0/inst/u_core/u_dn/g_lane[84].dm_p_reg[84]/DSP_OUTPUT_INST/ALU_OUT[6]
FV_FAIL -0.115 xdma_0_axi_aclk bd_i/layer_0/inst/u_core/u_dn/g_lane[84].dm_p_reg[84]/DSP_OUTPUT_INST/ALU_OUT[7]
FV_FAIL -0.115 xdma_0_axi_aclk bd_i/layer_0/inst/u_core/u_dn/g_lane[84].dm_p_reg[84]/DSP_OUTPUT_INST/ALU_OUT[8]
FV_FAIL -0.115 xdma_0_axi_aclk bd_i/layer_0/inst/u_core/u_dn/g_lane[84].dm_p_reg[84]/DSP_OUTPUT_INST/ALU_OUT[9]
FV_FAIL -0.115 xdma_0_axi_aclk bd_i/layer_0/inst/u_core/u_dn/g_lane[92].dec_p_reg[92]/DSP_A_B_DATA_INST/A[17]
FV_FAIL -0.115 xdma_0_axi_aclk bd_i/layer_0/inst/u_core/u_dn/p_1_out__19__8/DSP_A_B_DATA_INST/B[1]
FV_FAIL -0.114 xdma_0_axi_aclk bd_i/layer_0/inst/u_core/u_attn/g_lane[119].prod_reg[119]/DSP_A_B_DATA_INST/B[14]
FV_FAIL -0.114 xdma_0_axi_aclk bd_i/layer_0/inst/u_core/u_rope/m_data_reg[5]/D
FV_FAIL -0.114 xdma_0_axi_aclk bd_i/layer_0/inst/u_core/u_conv/u_silu/m3_reg/DSP_A_B_DATA_INST/B[12]
FV_FAIL -0.114 xdma_0_axi_aclk bd_i/layer_0/inst/u_core/u_attn/g_lane[89].pv_p_reg[89]/DSP_A_B_DATA_INST/A[25]
FV_FAIL -0.114 xdma_0_axi_aclk bd_i/layer_0/inst/u_core/u_attn/mx_reg[15]/CE
FV_FAIL -0.114 xdma_0_axi_aclk bd_i/layer_0/inst/u_core/u_attn/mx_reg[16]/CE
FV_FAIL -0.114 xdma_0_axi_aclk bd_i/layer_0/inst/u_core/u_attn/mx_reg[18]/CE
FV_FAIL -0.114 xdma_0_axi_aclk bd_i/layer_0/inst/u_core/u_attn/mx_reg[19]/CE
FV_FAIL -0.114 xdma_0_axi_aclk bd_i/layer_0/inst/u_core/u_attn/mx_reg[9]/CE
FV_FAIL -0.114 xdma_0_axi_aclk bd_i/layer_0/inst/u_core/u_attn/g_lane[196].pv_abs_reg[196][17]/D
FV_FAIL -0.114 xdma_0_axi_aclk bd_i/layer_0/inst/u_core/u_dn/p_1_out__0__6/DSP_A_B_DATA_INST/A[16]
FV_FAIL -0.114 xdma_0_axi_aclk bd_i/layer_0/inst/u_core/u_dma/fmem_reg_0_255_163_163/SP.A/I
FV_FAIL -0.114 xdma_0_axi_aclk bd_i/layer_0/inst/u_core/u_dn/vdata_q_reg[6]_rep__2_replica_4/D
FV_FAIL -0.114 xdma_0_axi_aclk bd_i/layer_0/inst/u_core/u_dn/p_0_out__10__1/DSP_A_B_DATA_INST/B[9]
FV_FAIL -0.114 xdma_0_axi_aclk bd_i/layer_0/inst/u_core/u_dn/p_1_out__5__8/DSP_A_B_DATA_INST/B[9]
FV_FAIL -0.114 xdma_0_axi_aclk bd_i/layer_0/inst/u_core/at_qdata_reg[5]_rep__8/D
FV_FAIL -0.114 xdma_0_axi_aclk bd_i/layer_0/inst/u_core/u_dn/p_1_out__15__2/DSP_A_B_DATA_INST/B[2]
FV_FAIL -0.114 xdma_0_axi_aclk bd_i/axi_smc/inst/s00_entry_pipeline/s00_mmu/inst/r_sreg/m_vector_i_reg[1140]/CE
FV_FAIL -0.114 xdma_0_axi_aclk bd_i/axi_smc/inst/s00_entry_pipeline/s00_mmu/inst/r_sreg/m_vector_i_reg[1146]/CE
FV_FAIL -0.114 xdma_0_axi_aclk bd_i/axi_smc/inst/s00_entry_pipeline/s00_mmu/inst/r_sreg/m_vector_i_reg[1266]/CE
FV_FAIL -0.114 xdma_0_axi_aclk bd_i/layer_0/inst/u_core/u_dn/g_lane[30].dm_p_reg[30]/DSP_PREADD_DATA_INST/DIN[17]
FV_FAIL -0.114 xdma_0_axi_aclk bd_i/layer_0/inst/u_core/u_dn/g_lane[125].o_acc_reg[125]/DSP_A_B_DATA_INST/B[9]
FV_FAIL -0.114 xdma_0_axi_aclk bd_i/layer_0/inst/u_core/u_dma/fmem_reg_0_255_143_143/DP.D/I
FV_FAIL -0.114 xdma_0_axi_aclk bd_i/mvchan_3/inst/u_chan/u_xfifo/gnuram_async_fifo.xpm_fifo_base_inst/xpm_fifo_rst_inst/gen_rst_ic.wr_rst_busy_ic_reg/D
FV_FAIL -0.113 xdma_0_axi_aclk bd_i/layer_0/inst/u_core/u_attn/dot_reg[22]/D
FV_FAIL -0.113 xdma_0_axi_aclk bd_i/layer_0/inst/u_core/u_dn/g_lane[96].p2_p_reg[96]/DSP_A_B_DATA_INST/B[10]
FV_FAIL -0.113 xdma_0_axi_aclk bd_i/layer_0/inst/u_core/u_dn/g_lane[17].kvm_acc_reg[17]_i_2_psdsp/D
FV_FAIL -0.113 xdma_0_axi_aclk bd_i/layer_0/inst/u_core/u_attn/g_lane[183].pv_p_reg[183]_i_1_psdsp_1/D
FV_FAIL -0.113 xdma_0_axi_aclk bd_i/layer_0/inst/u_core/u_dn/g_lane[122].dm_p_reg[122]/DSP_PREADD_DATA_INST/DIN[6]
FV_FAIL -0.113 xdma_0_axi_aclk bd_i/layer_0/inst/u_core/gt_wdata_reg[1]/D
FV_FAIL -0.113 xdma_0_axi_aclk bd_i/layer_0/inst/u_core/u_dma/fmem_reg_0_255_308_308/DP.A/I
FV_FAIL -0.113 xdma_0_axi_aclk bd_i/layer_0/inst/u_core/u_attn/g_lane[103].prod_reg[103]/DSP_A_B_DATA_INST/B[1]
FV_FAIL -0.113 xdma_0_axi_aclk bd_i/axi_smc/inst/s02_nodes/s02_w_node/inst/inst_mi_handler/gen_normal_area.inst_fifo_node_payld/gen_xpm_memory_fifo.inst_fifo/gen_mem_rep[0].inst_xpm_memory/xpm_memory_base_inst/gen_rd_b.gen_rd_b_synth_template.gen_rf_narrow_reg.doutb_reg_reg[148]/CE
FV_FAIL -0.113 xdma_0_axi_aclk bd_i/axi_smc/inst/s02_nodes/s02_w_node/inst/inst_mi_handler/gen_normal_area.inst_fifo_node_payld/gen_xpm_memory_fifo.inst_fifo/gen_mem_rep[0].inst_xpm_memory/xpm_memory_base_inst/gen_rd_b.gen_rd_b_synth_template.gen_rf_narrow_reg.doutb_reg_reg[150]/CE
FV_FAIL -0.113 xdma_0_axi_aclk bd_i/axi_smc/inst/s02_nodes/s02_w_node/inst/inst_mi_handler/gen_normal_area.inst_fifo_node_payld/gen_xpm_memory_fifo.inst_fifo/gen_mem_rep[0].inst_xpm_memory/xpm_memory_base_inst/gen_rd_b.gen_rd_b_synth_template.gen_rf_narrow_reg.doutb_reg_reg[152]/CE
FV_FAIL -0.113 xdma_0_axi_aclk bd_i/layer_0/inst/u_core/u_dn/g_lane[92].dec_p_reg[92]/DSP_A_B_DATA_INST/A[15]
FV_FAIL -0.113 xdma_0_axi_aclk bd_i/layer_0/inst/u_core/u_dn/g_lane[46].dec_p_reg[46]/DSP_A_B_DATA_INST/A[9]
FV_FAIL -0.113 xdma_0_axi_aclk bd_i/layer_0/inst/u_core/u_attn/g_lane[192].pv_abs_reg[192][19]/D
FV_FAIL -0.113 xdma_0_axi_aclk bd_i/layer_0/inst/u_core/u_dn/p_1_out__6__7/DSP_A_B_DATA_INST/A[28]
FV_FAIL -0.113 xdma_0_axi_aclk bd_i/layer_0/inst/u_core/u_axib/fdat_reg_0_3_14_15__0/SP/I
FV_FAIL -0.113 xdma_0_axi_aclk bd_i/layer_0/inst/u_core/g_kvslot[1].mem_reg_uram_43/CAS_IN_BWE_B[6]
FV_FAIL -0.113 xdma_0_axi_aclk bd_i/layer_0/inst/u_core/u_dma/fmem_reg_0_255_368_368/SP.A/I
FV_FAIL -0.112 xdma_0_axi_aclk bd_i/layer_0/inst/u_core/u_dma/fmem_reg_0_255_53_53/DP.B/I
FV_FAIL -0.112 xdma_0_axi_aclk bd_i/layer_0/inst/u_core/u_dn/p_1_out__14__6/DSP_A_B_DATA_INST/A[28]
FV_FAIL -0.112 xdma_0_axi_aclk bd_i/layer_0/inst/u_core/u_attn/pvc64_reg[40]/CE
FV_FAIL -0.112 xdma_0_axi_aclk bd_i/layer_0/inst/u_core/u_dma/fmem_reg_0_255_143_143/SP.C/I
FV_FAIL -0.112 xdma_0_axi_aclk bd_i/layer_0/inst/u_core/u_dn/g_lane[76].o_acc_reg[76]/DSP_A_B_DATA_INST/B[3]
FV_FAIL -0.112 xdma_0_axi_aclk bd_i/axi_smc/inst/s00_entry_pipeline/s00_mmu/inst/r_sreg/m_vector_i_reg[1138]/CE
FV_FAIL -0.112 xdma_0_axi_aclk bd_i/axi_smc/inst/s00_entry_pipeline/s00_mmu/inst/r_sreg/m_vector_i_reg[1144]/CE
FV_FAIL -0.112 xdma_0_axi_aclk bd_i/axi_smc/inst/s00_entry_pipeline/s00_mmu/inst/r_sreg/m_vector_i_reg[1247]/CE
FV_FAIL -0.112 xdma_0_axi_aclk bd_i/axi_smc/inst/s00_entry_pipeline/s00_mmu/inst/r_sreg/m_vector_i_reg[1254]/CE
FV_FAIL -0.112 xdma_0_axi_aclk bd_i/layer_0/inst/u_core/u_attn/g_lane[89].pv_p_reg[89]/DSP_A_B_DATA_INST/A[17]
FV_FAIL -0.112 xdma_0_axi_aclk bd_i/layer_0/inst/u_core/u_dn/p_1_out__13/DSP_PREADD_DATA_INST/DIN[0]
FV_FAIL -0.112 xdma_0_axi_aclk bd_i/layer_0/inst/u_core/u_dn/vdata_q_reg[7]_rep__7_replica_5/D
FV_FAIL -0.112 xdma_0_axi_aclk bd_i/layer_0/inst/u_core/krow_reg[448]/D
FV_FAIL -0.112 xdma_0_axi_aclk bd_i/layer_0/inst/u_core/u_dn/g_lane[73].o_acc_reg[73]/DSP_A_B_DATA_INST/B[9]
FV_FAIL -0.112 xdma_0_axi_aclk bd_i/layer_0/inst/u_core/u_dn/g_lane[12].dec_p_reg[12]/DSP_A_B_DATA_INST/A[28]
FV_FAIL -0.112 xdma_0_axi_aclk bd_i/layer_0/inst/u_core/u_dn/g_lane[66].p2_p_reg[66]/DSP_A_B_DATA_INST/B[13]
FV_FAIL -0.112 xdma_0_axi_aclk bd_i/layer_0/inst/u_core/u_dma/fmem_reg_0_255_480_480/SP.C/I
FV_FAIL -0.112 xdma_0_axi_aclk bd_i/layer_0/inst/u_core/u_attn/pvc64_reg[45]/CE
FV_FAIL -0.112 xdma_0_axi_aclk bd_i/layer_0/inst/u_core/u_attn/pvc64_reg[47]/CE
FV_FAIL -0.112 xdma_0_axi_aclk bd_i/layer_0/inst/u_core/u_attn/pvc64_reg[51]/CE
FV_FAIL -0.112 xdma_0_axi_aclk bd_i/axi_smc/inst/s00_entry_pipeline/s00_mmu/inst/r_sreg/m_vector_i_reg[1263]/CE
FV_FAIL -0.112 xdma_0_axi_aclk bd_i/axi_smc/inst/s00_entry_pipeline/s00_mmu/inst/r_sreg/m_vector_i_reg[1265]/CE
FV_FAIL -0.112 xdma_0_axi_aclk bd_i/axi_smc/inst/s00_entry_pipeline/s00_mmu/inst/r_sreg/m_vector_i_reg[1267]/CE
FV_FAIL -0.112 xdma_0_axi_aclk bd_i/layer_0/inst/u_core/u_attn/g_lane[254].prod_reg[254]/DSP_A_B_DATA_INST/B[4]
FV_FAIL -0.112 xdma_0_axi_aclk bd_i/layer_0/inst/u_core/u_dma/beat_acc_reg[7]/R
FV_FAIL -0.112 xdma_0_axi_aclk bd_i/layer_0/inst/u_core/u_dma/fmem_reg_0_255_460_460/DP.A/I
FV_FAIL -0.111 xdma_0_axi_aclk bd_i/layer_0/inst/u_core/u_alu/cp_v32_reg[10]/D
FV_FAIL -0.111 xdma_0_axi_aclk bd_i/layer_0/inst/u_core/u_attn/pvc64_reg[41]/CE
FV_FAIL -0.111 xdma_0_axi_aclk bd_i/layer_0/inst/u_core/u_dma/fmem_reg_0_255_219_219/SP.A/I
FV_FAIL -0.111 xdma_0_axi_aclk bd_i/layer_0/inst/u_core/u_dn/g_lane[118].kvm_acc_reg[118]_i_3_psdsp_1/CE
FV_FAIL -0.111 xdma_0_axi_aclk bd_i/layer_0/inst/u_core/u_dma/fmem_reg_0_255_308_308/DP.B/I
FV_FAIL -0.111 xdma_0_axi_aclk bd_i/layer_0/inst/u_core/u_dn/g_lane[67].dec_p_reg[67]/DSP_A_B_DATA_INST/A[9]
FV_FAIL -0.111 xdma_0_axi_aclk bd_i/layer_0/inst/u_core/u_attn/g_lane[86].prod_reg[86]/DSP_A_B_DATA_INST/B[5]
FV_FAIL -0.111 xdma_0_axi_aclk bd_i/layer_0/inst/u_core/u_dma/fmem_reg_0_255_477_477/DP.D/I
FV_FAIL -0.111 xdma_0_axi_aclk bd_i/axi_smc/inst/s02_nodes/s02_w_node/inst/inst_mi_handler/gen_normal_area.inst_fifo_node_payld/gen_xpm_memory_fifo.inst_fifo/gen_mem_rep[0].inst_xpm_memory/xpm_memory_base_inst/gen_rd_b.gen_rd_b_synth_template.gen_rf_narrow_reg.doutb_reg_reg[149]/CE
FV_FAIL -0.111 xdma_0_axi_aclk bd_i/axi_smc/inst/s02_nodes/s02_w_node/inst/inst_mi_handler/gen_normal_area.inst_fifo_node_payld/gen_xpm_memory_fifo.inst_fifo/gen_mem_rep[0].inst_xpm_memory/xpm_memory_base_inst/gen_rd_b.gen_rd_b_synth_template.gen_rf_narrow_reg.doutb_reg_reg[151]/CE
FV_FAIL -0.111 xdma_0_axi_aclk bd_i/axi_smc/inst/s02_nodes/s02_w_node/inst/inst_mi_handler/gen_normal_area.inst_fifo_node_payld/gen_xpm_memory_fifo.inst_fifo/gen_mem_rep[0].inst_xpm_memory/xpm_memory_base_inst/gen_rd_b.gen_rd_b_synth_template.gen_rf_narrow_reg.doutb_reg_reg[153]/CE
FV_FAIL -0.111 xdma_0_axi_aclk bd_i/layer_0/inst/u_core/u_attn/g_lane[28].prod_reg[28]/DSP_A_B_DATA_INST/CEA2
FV_FAIL -0.111 xdma_0_axi_aclk bd_i/layer_0/inst/u_core/u_dn/g_lane[37].kvm_acc_reg[37]/DSP_A_B_DATA_INST/A[19]
FV_FAIL -0.111 xdma_0_axi_aclk bd_i/layer_0/inst/u_core/u_dn/p_1_out__10__8/DSP_A_B_DATA_INST/B[1]
FV_FAIL -0.111 xdma_0_axi_aclk bd_i/layer_0/inst/u_core/g_kvslot[0].mem_reg_uram_19/CAS_IN_ADDR_A[8]
FV_FAIL -0.111 xdma_0_axi_aclk bd_i/layer_0/inst/u_core/u_alu/ag_i_reg[8]/CE
FV_FAIL -0.111 xdma_0_axi_aclk bd_i/layer_0/inst/u_core/u_attn/g_lane[227].pv_abs_reg[227][23]/D
FV_FAIL -0.110 xdma_0_axi_aclk bd_i/layer_0/inst/u_core/u_attn/g_lane[80].prod_reg[80]/DSP_A_B_DATA_INST/CEA2
FV_FAIL -0.110 xdma_0_axi_aclk bd_i/axi_smc/inst/s02_nodes/s02_w_node/inst/inst_mi_handler/gen_normal_area.inst_fifo_node_payld/gen_xpm_memory_fifo.inst_fifo/gen_mem_rep[1].inst_xpm_memory/xpm_memory_base_inst/gen_rd_b.gen_rd_b_synth_template.gen_rf_narrow_reg.doutb_reg_reg[36]/CE
FV_FAIL -0.110 xdma_0_axi_aclk bd_i/axi_smc/inst/s02_nodes/s02_w_node/inst/inst_mi_handler/gen_normal_area.inst_fifo_node_payld/gen_xpm_memory_fifo.inst_fifo/gen_mem_rep[1].inst_xpm_memory/xpm_memory_base_inst/gen_rd_b.gen_rd_b_synth_template.gen_rf_narrow_reg.doutb_reg_reg[38]/CE
FV_FAIL -0.110 xdma_0_axi_aclk bd_i/axi_smc/inst/s02_nodes/s02_w_node/inst/inst_mi_handler/gen_normal_area.inst_fifo_node_payld/gen_xpm_memory_fifo.inst_fifo/gen_mem_rep[1].inst_xpm_memory/xpm_memory_base_inst/gen_rd_b.gen_rd_b_synth_template.gen_rf_narrow_reg.doutb_reg_reg[40]/CE
FV_FAIL -0.110 xdma_0_axi_aclk bd_i/layer_0/inst/u_core/u_dn/g_lane[118].kvm_acc_reg[118]_i_2_psdsp_1/CE
FV_FAIL -0.110 xdma_0_axi_aclk bd_i/layer_0/inst/u_core/u_dn/g_lane[118].kvm_acc_reg[118]_i_4_psdsp_1/CE
FV_FAIL -0.110 xdma_0_axi_aclk bd_i/layer_0/inst/u_core/u_attn/aclr_r_reg[3]_replica_2/D
FV_FAIL -0.110 xdma_0_axi_aclk bd_i/layer_0/inst/u_core/u_dn/g_lane[118].kvm_acc_reg[118]_i_4_psdsp/CE
FV_FAIL -0.110 xdma_0_axi_aclk bd_i/layer_0/inst/u_core/krow_reg[1075]/CE
FV_FAIL -0.110 xdma_0_axi_aclk bd_i/layer_0/inst/u_core/krow_reg[1077]/CE
FV_FAIL -0.110 xdma_0_axi_aclk bd_i/layer_0/inst/u_core/u_dn/p_1_out__12__2/DSP_A_B_DATA_INST/A[20]
FV_FAIL -0.110 xdma_0_axi_aclk bd_i/layer_0/inst/u_core/u_dma/fmem_reg_0_255_125_125/DP.A/I
FV_FAIL -0.110 xdma_0_axi_aclk bd_i/layer_0/inst/u_core/u_attn/g_lane[227].pv_abs_reg[227][21]/D
FV_FAIL -0.110 xdma_0_axi_aclk bd_i/axi_smc/inst/s02_nodes/s02_w_node/inst/inst_mi_handler/gen_normal_area.inst_fifo_node_payld/gen_xpm_memory_fifo.inst_fifo/gen_mem_rep[0].inst_xpm_memory/xpm_memory_base_inst/gen_rd_b.gen_rd_b_synth_template.gen_rf_narrow_reg.doutb_reg_reg[141]/CE
FV_FAIL -0.110 xdma_0_axi_aclk bd_i/axi_smc/inst/s02_nodes/s02_w_node/inst/inst_mi_handler/gen_normal_area.inst_fifo_node_payld/gen_xpm_memory_fifo.inst_fifo/gen_mem_rep[0].inst_xpm_memory/xpm_memory_base_inst/gen_rd_b.gen_rd_b_synth_template.gen_rf_narrow_reg.doutb_reg_reg[143]/CE
FV_FAIL -0.110 xdma_0_axi_aclk bd_i/axi_smc/inst/s02_nodes/s02_w_node/inst/inst_mi_handler/gen_normal_area.inst_fifo_node_payld/gen_xpm_memory_fifo.inst_fifo/gen_mem_rep[0].inst_xpm_memory/xpm_memory_base_inst/gen_rd_b.gen_rd_b_synth_template.gen_rf_narrow_reg.doutb_reg_reg[145]/CE
FV_FAIL -0.110 xdma_0_axi_aclk bd_i/axi_smc/inst/s02_nodes/s02_w_node/inst/inst_mi_handler/gen_normal_area.inst_fifo_node_payld/gen_xpm_memory_fifo.inst_fifo/gen_mem_rep[0].inst_xpm_memory/xpm_memory_base_inst/gen_rd_b.gen_rd_b_synth_template.gen_rf_narrow_reg.doutb_reg_reg[147]/CE
FV_FAIL -0.110 xdma_0_axi_aclk bd_i/layer_0/inst/u_core/u_dn/g_lane[38].p2_p_reg[38]/DSP_A_B_DATA_INST/B[1]
FV_FAIL -0.110 xdma_0_axi_aclk bd_i/layer_0/inst/u_core/u_dn/g_lane[12].dec_p_reg[12]/DSP_A_B_DATA_INST/A[24]
FV_FAIL -0.110 xdma_0_axi_aclk bd_i/layer_0/inst/u_core/u_attn/pvc64_reg[53]/CE
FV_FAIL -0.110 xdma_0_axi_aclk bd_i/layer_0/inst/u_core/u_attn/pvc64_reg[54]/CE
FV_FAIL -0.110 xdma_0_axi_aclk bd_i/layer_0/inst/u_core/u_attn/g_lane[32].prod_reg[32]/DSP_A_B_DATA_INST/CEA2
FV_FAIL -0.110 xdma_0_axi_aclk bd_i/layer_0/inst/u_core/u_dn/g_lane[69].kvm_acc_reg[69]/DSP_A_B_DATA_INST/A[14]
FV_FAIL -0.110 xdma_0_axi_aclk bd_i/layer_0/inst/u_core/u_dn/p_1_out__8__10/DSP_PREADD_DATA_INST/DIN[8]
FV_FAIL -0.110 xdma_0_axi_aclk bd_i/layer_0/inst/u_core/u_dn/g_lane[75].p2_p_reg[75]/DSP_A_B_DATA_INST/B[16]
FV_FAIL -0.110 xdma_0_axi_aclk bd_i/layer_0/inst/u_core/u_attn/g_lane[232].pv_p_reg[232]/DSP_OUTPUT_INST/ALU_OUT[16]
FV_FAIL -0.110 xdma_0_axi_aclk bd_i/layer_0/inst/u_core/u_attn/g_lane[232].pv_p_reg[232]/DSP_OUTPUT_INST/ALU_OUT[17]
FV_FAIL -0.110 xdma_0_axi_aclk bd_i/layer_0/inst/u_core/u_attn/g_lane[232].pv_p_reg[232]/DSP_OUTPUT_INST/ALU_OUT[18]
FV_FAIL -0.110 xdma_0_axi_aclk bd_i/layer_0/inst/u_core/u_attn/g_lane[232].pv_p_reg[232]/DSP_OUTPUT_INST/ALU_OUT[19]
FV_FAIL -0.110 xdma_0_axi_aclk bd_i/layer_0/inst/u_core/u_attn/g_lane[232].pv_p_reg[232]/DSP_OUTPUT_INST/ALU_OUT[20]
FV_FAIL -0.110 xdma_0_axi_aclk bd_i/layer_0/inst/u_core/u_attn/g_lane[232].pv_p_reg[232]/DSP_OUTPUT_INST/ALU_OUT[21]
FV_FAIL -0.110 xdma_0_axi_aclk bd_i/layer_0/inst/u_core/u_attn/g_lane[232].pv_p_reg[232]/DSP_OUTPUT_INST/ALU_OUT[22]
FV_FAIL -0.110 xdma_0_axi_aclk bd_i/layer_0/inst/u_core/u_attn/g_lane[232].pv_p_reg[232]/DSP_OUTPUT_INST/ALU_OUT[23]
FV_FAIL -0.110 xdma_0_axi_aclk bd_i/layer_0/inst/u_core/u_attn/g_lane[232].pv_p_reg[232]/DSP_OUTPUT_INST/ALU_OUT[24]
FV_FAIL -0.110 xdma_0_axi_aclk bd_i/layer_0/inst/u_core/u_attn/g_lane[232].pv_p_reg[232]/DSP_OUTPUT_INST/ALU_OUT[25]
FV_FAIL -0.110 xdma_0_axi_aclk bd_i/layer_0/inst/u_core/u_attn/g_lane[232].pv_p_reg[232]/DSP_OUTPUT_INST/ALU_OUT[26]
FV_FAIL -0.110 xdma_0_axi_aclk bd_i/layer_0/inst/u_core/u_attn/g_lane[232].pv_p_reg[232]/DSP_OUTPUT_INST/ALU_OUT[27]
FV_FAIL -0.110 xdma_0_axi_aclk bd_i/layer_0/inst/u_core/u_attn/g_lane[232].pv_p_reg[232]/DSP_OUTPUT_INST/ALU_OUT[28]
FV_FAIL -0.110 xdma_0_axi_aclk bd_i/layer_0/inst/u_core/u_attn/g_lane[232].pv_p_reg[232]/DSP_OUTPUT_INST/ALU_OUT[29]
FV_FAIL -0.110 xdma_0_axi_aclk bd_i/layer_0/inst/u_core/u_attn/g_lane[232].pv_p_reg[232]/DSP_OUTPUT_INST/ALU_OUT[30]
FV_FAIL -0.110 xdma_0_axi_aclk bd_i/layer_0/inst/u_core/u_attn/g_lane[232].pv_p_reg[232]/DSP_OUTPUT_INST/ALU_OUT[31]
FV_FAIL -0.110 xdma_0_axi_aclk bd_i/layer_0/inst/u_core/u_attn/g_lane[232].pv_p_reg[232]/DSP_OUTPUT_INST/ALU_OUT[32]
FV_FAIL -0.110 xdma_0_axi_aclk bd_i/layer_0/inst/u_core/u_attn/g_lane[232].pv_p_reg[232]/DSP_OUTPUT_INST/ALU_OUT[33]
FV_FAIL -0.110 xdma_0_axi_aclk bd_i/layer_0/inst/u_core/u_attn/g_lane[232].pv_p_reg[232]/DSP_OUTPUT_INST/ALU_OUT[34]
FV_FAIL -0.110 xdma_0_axi_aclk bd_i/layer_0/inst/u_core/u_attn/g_lane[232].pv_p_reg[232]/DSP_OUTPUT_INST/ALU_OUT[35]
FV_FAIL -0.110 xdma_0_axi_aclk bd_i/layer_0/inst/u_core/u_attn/g_lane[232].pv_p_reg[232]/DSP_OUTPUT_INST/ALU_OUT[36]
FV_FAIL -0.110 xdma_0_axi_aclk bd_i/layer_0/inst/u_core/u_attn/g_lane[232].pv_p_reg[232]/DSP_OUTPUT_INST/ALU_OUT[37]
FV_FAIL -0.110 xdma_0_axi_aclk bd_i/layer_0/inst/u_core/u_attn/g_lane[232].pv_p_reg[232]/DSP_OUTPUT_INST/ALU_OUT[38]
FV_FAIL -0.110 xdma_0_axi_aclk bd_i/layer_0/inst/u_core/u_attn/g_lane[232].pv_p_reg[232]/DSP_OUTPUT_INST/ALU_OUT[39]
FV_FAIL -0.110 xdma_0_axi_aclk bd_i/layer_0/inst/u_core/u_attn/g_lane[232].pv_p_reg[232]/DSP_OUTPUT_INST/ALU_OUT[40]
FV_FAIL -0.110 xdma_0_axi_aclk bd_i/layer_0/inst/u_core/u_attn/g_lane[232].pv_p_reg[232]/DSP_OUTPUT_INST/ALU_OUT[41]
FV_FAIL -0.110 xdma_0_axi_aclk bd_i/layer_0/inst/u_core/u_attn/g_lane[232].pv_p_reg[232]/DSP_OUTPUT_INST/ALU_OUT[42]
FV_FAIL -0.110 xdma_0_axi_aclk bd_i/layer_0/inst/u_core/u_attn/g_lane[232].pv_p_reg[232]/DSP_OUTPUT_INST/ALU_OUT[43]
FV_FAIL -0.110 xdma_0_axi_aclk bd_i/layer_0/inst/u_core/u_attn/g_lane[232].pv_p_reg[232]/DSP_OUTPUT_INST/ALU_OUT[44]
FV_FAIL -0.110 xdma_0_axi_aclk bd_i/layer_0/inst/u_core/u_attn/g_lane[232].pv_p_reg[232]/DSP_OUTPUT_INST/ALU_OUT[45]
FV_FAIL -0.110 xdma_0_axi_aclk bd_i/layer_0/inst/u_core/u_attn/g_lane[232].pv_p_reg[232]/DSP_OUTPUT_INST/ALU_OUT[46]
FV_FAIL -0.110 xdma_0_axi_aclk bd_i/layer_0/inst/u_core/u_attn/g_lane[232].pv_p_reg[232]/DSP_OUTPUT_INST/ALU_OUT[47]
FV_FAIL -0.110 xdma_0_axi_aclk bd_i/layer_0/inst/u_core/at_qdata_reg[9]_rep__5/D
FV_FAIL -0.110 xdma_0_axi_aclk bd_i/layer_0/inst/u_core/u_dma/fmem_reg_0_255_368_368/SP.D/I
FV_FAIL -0.110 xdma_0_axi_aclk bd_i/layer_0/inst/u_core/u_dma/fmem_reg_0_255_86_86/DP.A/I
FV_FAIL -0.109 xdma_0_axi_aclk bd_i/layer_0/inst/u_core/u_dma/fmem_reg_0_255_53_53/DP.C/I
FV_FAIL -0.109 xdma_0_axi_aclk bd_i/layer_0/inst/u_core/u_attn/g_lane[115].pv_p_reg[115]/DSP_A_B_DATA_INST/A[17]
FV_FAIL -0.109 xdma_0_axi_aclk bd_i/layer_0/inst/u_core/rp_sdata_reg[5]/D
FV_FAIL -0.109 xdma_0_axi_aclk bd_i/axi_smc/inst/s02_nodes/s02_w_node/inst/inst_mi_handler/gen_normal_area.inst_fifo_node_payld/gen_xpm_memory_fifo.inst_fifo/gen_mem_rep[1].inst_xpm_memory/xpm_memory_base_inst/gen_rd_b.gen_rd_b_synth_template.gen_rf_narrow_reg.doutb_reg_reg[37]/CE
FV_FAIL -0.109 xdma_0_axi_aclk bd_i/axi_smc/inst/s02_nodes/s02_w_node/inst/inst_mi_handler/gen_normal_area.inst_fifo_node_payld/gen_xpm_memory_fifo.inst_fifo/gen_mem_rep[1].inst_xpm_memory/xpm_memory_base_inst/gen_rd_b.gen_rd_b_synth_template.gen_rf_narrow_reg.doutb_reg_reg[39]/CE
FV_FAIL -0.109 xdma_0_axi_aclk bd_i/axi_smc/inst/s02_nodes/s02_w_node/inst/inst_mi_handler/gen_normal_area.inst_fifo_node_payld/gen_xpm_memory_fifo.inst_fifo/gen_mem_rep[1].inst_xpm_memory/xpm_memory_base_inst/gen_rd_b.gen_rd_b_synth_template.gen_rf_narrow_reg.doutb_reg_reg[41]/CE
FV_FAIL -0.109 xdma_0_axi_aclk bd_i/layer_0/inst/u_core/u_dn/vdata_q_reg[10]_rep__8_replica_2/D
FV_FAIL -0.109 xdma_0_axi_aclk bd_i/layer_0/inst/u_core/g_kvslot[0].mem_reg_uram_43/CAS_IN_ADDR_A[2]
FV_FAIL -0.109 xdma_0_axi_aclk bd_i/layer_0/inst/u_core/u_attn/g_lane[93].prod_reg[93]/DSP_A_B_DATA_INST/B[10]
FV_FAIL -0.109 xdma_0_axi_aclk bd_i/layer_0/inst/u_core/u_dma/fmem_reg_0_255_143_143/SP.B/I
FV_FAIL -0.109 xdma_0_axi_aclk bd_i/layer_0/inst/u_core/u_attn/g_lane[235].pv_p_reg[235]/DSP_OUTPUT_INST/ALU_OUT[16]
FV_FAIL -0.109 xdma_0_axi_aclk bd_i/layer_0/inst/u_core/u_attn/g_lane[235].pv_p_reg[235]/DSP_OUTPUT_INST/ALU_OUT[17]
FV_FAIL -0.109 xdma_0_axi_aclk bd_i/layer_0/inst/u_core/u_attn/g_lane[235].pv_p_reg[235]/DSP_OUTPUT_INST/ALU_OUT[18]
FV_FAIL -0.109 xdma_0_axi_aclk bd_i/layer_0/inst/u_core/u_attn/g_lane[235].pv_p_reg[235]/DSP_OUTPUT_INST/ALU_OUT[19]
FV_FAIL -0.109 xdma_0_axi_aclk bd_i/layer_0/inst/u_core/u_attn/g_lane[235].pv_p_reg[235]/DSP_OUTPUT_INST/ALU_OUT[20]
FV_FAIL -0.109 xdma_0_axi_aclk bd_i/layer_0/inst/u_core/u_attn/g_lane[235].pv_p_reg[235]/DSP_OUTPUT_INST/ALU_OUT[21]
FV_FAIL -0.109 xdma_0_axi_aclk bd_i/layer_0/inst/u_core/u_attn/g_lane[235].pv_p_reg[235]/DSP_OUTPUT_INST/ALU_OUT[22]
FV_FAIL -0.109 xdma_0_axi_aclk bd_i/layer_0/inst/u_core/u_attn/g_lane[235].pv_p_reg[235]/DSP_OUTPUT_INST/ALU_OUT[23]
FV_FAIL -0.109 xdma_0_axi_aclk bd_i/layer_0/inst/u_core/u_attn/g_lane[235].pv_p_reg[235]/DSP_OUTPUT_INST/ALU_OUT[24]
FV_FAIL -0.109 xdma_0_axi_aclk bd_i/layer_0/inst/u_core/u_attn/g_lane[235].pv_p_reg[235]/DSP_OUTPUT_INST/ALU_OUT[25]
FV_FAIL -0.109 xdma_0_axi_aclk bd_i/layer_0/inst/u_core/u_attn/g_lane[235].pv_p_reg[235]/DSP_OUTPUT_INST/ALU_OUT[26]
FV_FAIL -0.109 xdma_0_axi_aclk bd_i/layer_0/inst/u_core/u_attn/g_lane[235].pv_p_reg[235]/DSP_OUTPUT_INST/ALU_OUT[27]
FV_FAIL -0.109 xdma_0_axi_aclk bd_i/layer_0/inst/u_core/u_attn/g_lane[235].pv_p_reg[235]/DSP_OUTPUT_INST/ALU_OUT[28]
FV_FAIL -0.109 xdma_0_axi_aclk bd_i/layer_0/inst/u_core/u_attn/g_lane[235].pv_p_reg[235]/DSP_OUTPUT_INST/ALU_OUT[29]
FV_FAIL -0.109 xdma_0_axi_aclk bd_i/layer_0/inst/u_core/u_attn/g_lane[235].pv_p_reg[235]/DSP_OUTPUT_INST/ALU_OUT[30]
FV_FAIL -0.109 xdma_0_axi_aclk bd_i/layer_0/inst/u_core/u_attn/g_lane[235].pv_p_reg[235]/DSP_OUTPUT_INST/ALU_OUT[31]
FV_FAIL -0.109 xdma_0_axi_aclk bd_i/layer_0/inst/u_core/u_attn/g_lane[235].pv_p_reg[235]/DSP_OUTPUT_INST/ALU_OUT[32]
FV_FAIL -0.109 xdma_0_axi_aclk bd_i/layer_0/inst/u_core/u_attn/g_lane[235].pv_p_reg[235]/DSP_OUTPUT_INST/ALU_OUT[33]
FV_FAIL -0.109 xdma_0_axi_aclk bd_i/layer_0/inst/u_core/u_attn/g_lane[235].pv_p_reg[235]/DSP_OUTPUT_INST/ALU_OUT[34]
FV_FAIL -0.109 xdma_0_axi_aclk bd_i/layer_0/inst/u_core/u_attn/g_lane[235].pv_p_reg[235]/DSP_OUTPUT_INST/ALU_OUT[35]
FV_FAIL -0.109 xdma_0_axi_aclk bd_i/layer_0/inst/u_core/u_attn/g_lane[235].pv_p_reg[235]/DSP_OUTPUT_INST/ALU_OUT[36]
FV_FAIL -0.109 xdma_0_axi_aclk bd_i/layer_0/inst/u_core/u_attn/g_lane[235].pv_p_reg[235]/DSP_OUTPUT_INST/ALU_OUT[37]
FV_FAIL -0.109 xdma_0_axi_aclk bd_i/layer_0/inst/u_core/u_attn/g_lane[235].pv_p_reg[235]/DSP_OUTPUT_INST/ALU_OUT[38]
FV_FAIL -0.109 xdma_0_axi_aclk bd_i/layer_0/inst/u_core/u_attn/g_lane[235].pv_p_reg[235]/DSP_OUTPUT_INST/ALU_OUT[39]
FV_FAIL -0.109 xdma_0_axi_aclk bd_i/layer_0/inst/u_core/u_attn/g_lane[235].pv_p_reg[235]/DSP_OUTPUT_INST/ALU_OUT[40]
FV_FAIL -0.109 xdma_0_axi_aclk bd_i/layer_0/inst/u_core/u_attn/g_lane[235].pv_p_reg[235]/DSP_OUTPUT_INST/ALU_OUT[41]
FV_FAIL -0.109 xdma_0_axi_aclk bd_i/layer_0/inst/u_core/u_attn/g_lane[235].pv_p_reg[235]/DSP_OUTPUT_INST/ALU_OUT[42]
FV_FAIL -0.109 xdma_0_axi_aclk bd_i/layer_0/inst/u_core/u_attn/g_lane[235].pv_p_reg[235]/DSP_OUTPUT_INST/ALU_OUT[43]
FV_FAIL -0.109 xdma_0_axi_aclk bd_i/layer_0/inst/u_core/u_attn/g_lane[235].pv_p_reg[235]/DSP_OUTPUT_INST/ALU_OUT[44]
FV_FAIL -0.109 xdma_0_axi_aclk bd_i/layer_0/inst/u_core/u_attn/g_lane[235].pv_p_reg[235]/DSP_OUTPUT_INST/ALU_OUT[45]
FV_FAIL -0.109 xdma_0_axi_aclk bd_i/layer_0/inst/u_core/u_attn/g_lane[235].pv_p_reg[235]/DSP_OUTPUT_INST/ALU_OUT[46]
FV_FAIL -0.109 xdma_0_axi_aclk bd_i/layer_0/inst/u_core/u_attn/g_lane[235].pv_p_reg[235]/DSP_OUTPUT_INST/ALU_OUT[47]
FV_FAIL -0.109 xdma_0_axi_aclk bd_i/layer_0/inst/u_core/krow_reg[1073]/CE
FV_FAIL -0.109 xdma_0_axi_aclk bd_i/layer_0/inst/u_core/krow_reg[1076]/CE
FV_FAIL -0.109 xdma_0_axi_aclk bd_i/layer_0/inst/u_core/krow_reg[1078]/CE
FV_FAIL -0.109 xdma_0_axi_aclk bd_i/layer_0/inst/u_core/u_dn/p_0_out__4__1/DSP_OUTPUT_INST/ALU_OUT[0]
FV_FAIL -0.109 xdma_0_axi_aclk bd_i/layer_0/inst/u_core/u_dn/p_0_out__4__1/DSP_OUTPUT_INST/ALU_OUT[10]
FV_FAIL -0.109 xdma_0_axi_aclk bd_i/layer_0/inst/u_core/u_dn/p_0_out__4__1/DSP_OUTPUT_INST/ALU_OUT[11]
FV_FAIL -0.109 xdma_0_axi_aclk bd_i/layer_0/inst/u_core/u_dn/p_0_out__4__1/DSP_OUTPUT_INST/ALU_OUT[12]
FV_FAIL -0.109 xdma_0_axi_aclk bd_i/layer_0/inst/u_core/u_dn/p_0_out__4__1/DSP_OUTPUT_INST/ALU_OUT[13]
FV_FAIL -0.109 xdma_0_axi_aclk bd_i/layer_0/inst/u_core/u_dn/p_0_out__4__1/DSP_OUTPUT_INST/ALU_OUT[14]
FV_FAIL -0.109 xdma_0_axi_aclk bd_i/layer_0/inst/u_core/u_dn/p_0_out__4__1/DSP_OUTPUT_INST/ALU_OUT[15]
FV_FAIL -0.109 xdma_0_axi_aclk bd_i/layer_0/inst/u_core/u_dn/p_0_out__4__1/DSP_OUTPUT_INST/ALU_OUT[16]
FV_FAIL -0.109 xdma_0_axi_aclk bd_i/layer_0/inst/u_core/u_dn/p_0_out__4__1/DSP_OUTPUT_INST/ALU_OUT[17]
FV_FAIL -0.109 xdma_0_axi_aclk bd_i/layer_0/inst/u_core/u_dn/p_0_out__4__1/DSP_OUTPUT_INST/ALU_OUT[18]
FV_FAIL -0.109 xdma_0_axi_aclk bd_i/layer_0/inst/u_core/u_dn/p_0_out__4__1/DSP_OUTPUT_INST/ALU_OUT[19]
FV_FAIL -0.109 xdma_0_axi_aclk bd_i/layer_0/inst/u_core/u_dn/p_0_out__4__1/DSP_OUTPUT_INST/ALU_OUT[1]
FV_FAIL -0.109 xdma_0_axi_aclk bd_i/layer_0/inst/u_core/u_dn/p_0_out__4__1/DSP_OUTPUT_INST/ALU_OUT[20]
FV_FAIL -0.109 xdma_0_axi_aclk bd_i/layer_0/inst/u_core/u_dn/p_0_out__4__1/DSP_OUTPUT_INST/ALU_OUT[21]
FV_FAIL -0.109 xdma_0_axi_aclk bd_i/layer_0/inst/u_core/u_dn/p_0_out__4__1/DSP_OUTPUT_INST/ALU_OUT[22]
FV_FAIL -0.109 xdma_0_axi_aclk bd_i/layer_0/inst/u_core/u_dn/p_0_out__4__1/DSP_OUTPUT_INST/ALU_OUT[23]
FV_FAIL -0.109 xdma_0_axi_aclk bd_i/layer_0/inst/u_core/u_dn/p_0_out__4__1/DSP_OUTPUT_INST/ALU_OUT[24]
FV_FAIL -0.109 xdma_0_axi_aclk bd_i/layer_0/inst/u_core/u_dn/p_0_out__4__1/DSP_OUTPUT_INST/ALU_OUT[25]
FV_FAIL -0.109 xdma_0_axi_aclk bd_i/layer_0/inst/u_core/u_dn/p_0_out__4__1/DSP_OUTPUT_INST/ALU_OUT[26]
FV_FAIL -0.109 xdma_0_axi_aclk bd_i/layer_0/inst/u_core/u_dn/p_0_out__4__1/DSP_OUTPUT_INST/ALU_OUT[27]
FV_FAIL -0.109 xdma_0_axi_aclk bd_i/layer_0/inst/u_core/u_dn/p_0_out__4__1/DSP_OUTPUT_INST/ALU_OUT[28]
FV_FAIL -0.109 xdma_0_axi_aclk bd_i/layer_0/inst/u_core/u_dn/p_0_out__4__1/DSP_OUTPUT_INST/ALU_OUT[29]
FV_FAIL -0.109 xdma_0_axi_aclk bd_i/layer_0/inst/u_core/u_dn/p_0_out__4__1/DSP_OUTPUT_INST/ALU_OUT[2]
FV_FAIL -0.109 xdma_0_axi_aclk bd_i/layer_0/inst/u_core/u_dn/p_0_out__4__1/DSP_OUTPUT_INST/ALU_OUT[30]
FV_FAIL -0.109 xdma_0_axi_aclk bd_i/layer_0/inst/u_core/u_dn/p_0_out__4__1/DSP_OUTPUT_INST/ALU_OUT[31]
FV_FAIL -0.109 xdma_0_axi_aclk bd_i/layer_0/inst/u_core/u_dn/p_0_out__4__1/DSP_OUTPUT_INST/ALU_OUT[32]
FV_FAIL -0.109 xdma_0_axi_aclk bd_i/layer_0/inst/u_core/u_dn/p_0_out__4__1/DSP_OUTPUT_INST/ALU_OUT[33]
FV_FAIL -0.109 xdma_0_axi_aclk bd_i/layer_0/inst/u_core/u_dn/p_0_out__4__1/DSP_OUTPUT_INST/ALU_OUT[34]
FV_FAIL -0.109 xdma_0_axi_aclk bd_i/layer_0/inst/u_core/u_dn/p_0_out__4__1/DSP_OUTPUT_INST/ALU_OUT[35]
FV_FAIL -0.109 xdma_0_axi_aclk bd_i/layer_0/inst/u_core/u_dn/p_0_out__4__1/DSP_OUTPUT_INST/ALU_OUT[36]
FV_FAIL -0.109 xdma_0_axi_aclk bd_i/layer_0/inst/u_core/u_dn/p_0_out__4__1/DSP_OUTPUT_INST/ALU_OUT[37]
FV_FAIL -0.109 xdma_0_axi_aclk bd_i/layer_0/inst/u_core/u_dn/p_0_out__4__1/DSP_OUTPUT_INST/ALU_OUT[38]
FV_FAIL -0.109 xdma_0_axi_aclk bd_i/layer_0/inst/u_core/u_dn/p_0_out__4__1/DSP_OUTPUT_INST/ALU_OUT[39]
FV_FAIL -0.109 xdma_0_axi_aclk bd_i/layer_0/inst/u_core/u_dn/p_0_out__4__1/DSP_OUTPUT_INST/ALU_OUT[3]
FV_FAIL -0.109 xdma_0_axi_aclk bd_i/layer_0/inst/u_core/u_dn/p_0_out__4__1/DSP_OUTPUT_INST/ALU_OUT[40]
FV_FAIL -0.109 xdma_0_axi_aclk bd_i/layer_0/inst/u_core/u_dn/p_0_out__4__1/DSP_OUTPUT_INST/ALU_OUT[41]
FV_FAIL -0.109 xdma_0_axi_aclk bd_i/layer_0/inst/u_core/u_dn/p_0_out__4__1/DSP_OUTPUT_INST/ALU_OUT[42]
FV_FAIL -0.109 xdma_0_axi_aclk bd_i/layer_0/inst/u_core/u_dn/p_0_out__4__1/DSP_OUTPUT_INST/ALU_OUT[43]
FV_FAIL -0.109 xdma_0_axi_aclk bd_i/layer_0/inst/u_core/u_dn/p_0_out__4__1/DSP_OUTPUT_INST/ALU_OUT[44]
FV_FAIL -0.109 xdma_0_axi_aclk bd_i/layer_0/inst/u_core/u_dn/p_0_out__4__1/DSP_OUTPUT_INST/ALU_OUT[45]
FV_FAIL -0.109 xdma_0_axi_aclk bd_i/layer_0/inst/u_core/u_dn/p_0_out__4__1/DSP_OUTPUT_INST/ALU_OUT[46]
FV_FAIL -0.109 xdma_0_axi_aclk bd_i/layer_0/inst/u_core/u_dn/p_0_out__4__1/DSP_OUTPUT_INST/ALU_OUT[47]
FV_FAIL -0.109 xdma_0_axi_aclk bd_i/layer_0/inst/u_core/u_dn/p_0_out__4__1/DSP_OUTPUT_INST/ALU_OUT[4]
FV_FAIL -0.109 xdma_0_axi_aclk bd_i/layer_0/inst/u_core/u_dn/p_0_out__4__1/DSP_OUTPUT_INST/ALU_OUT[5]
FV_FAIL -0.109 xdma_0_axi_aclk bd_i/layer_0/inst/u_core/u_dn/p_0_out__4__1/DSP_OUTPUT_INST/ALU_OUT[6]
FV_FAIL -0.109 xdma_0_axi_aclk bd_i/layer_0/inst/u_core/u_dn/p_0_out__4__1/DSP_OUTPUT_INST/ALU_OUT[7]
FV_FAIL -0.109 xdma_0_axi_aclk bd_i/layer_0/inst/u_core/u_dn/p_0_out__4__1/DSP_OUTPUT_INST/ALU_OUT[8]
FV_FAIL -0.109 xdma_0_axi_aclk bd_i/layer_0/inst/u_core/u_dn/p_0_out__4__1/DSP_OUTPUT_INST/ALU_OUT[9]
FV_FAIL -0.109 xdma_0_axi_aclk bd_i/layer_0/inst/u_core/u_dma/beat_acc_reg[8]/R
FV_FAIL -0.109 xdma_0_axi_aclk bd_i/layer_0/inst/u_core/u_attn/g_lane[106].prod_reg[106]/DSP_A_B_DATA_INST/B[17]
FV_FAIL -0.109 xdma_0_axi_aclk bd_i/layer_0/inst/u_core/u_dn/p_1_out__16/DSP_PREADD_DATA_INST/DIN[1]
FV_FAIL -0.109 xdma_0_axi_aclk bd_i/layer_0/inst/u_core/u_attn/pvc64_reg[44]/CE
FV_FAIL -0.109 xdma_0_axi_aclk bd_i/layer_0/inst/u_core/u_attn/pvc64_reg[58]/CE
FV_FAIL -0.109 xdma_0_axi_aclk bd_i/layer_0/inst/u_core/u_attn/o_g4_reg[0][2]/D
FV_FAIL -0.109 xdma_0_axi_aclk bd_i/layer_0/inst/u_core/u_dma/fmem_reg_0_255_107_107/DP.A/I
FV_FAIL -0.109 xdma_0_axi_aclk bd_i/layer_0/inst/u_core/u_dn/p_0_out__4__7/DSP_A_B_DATA_INST/B[2]
FV_FAIL -0.109 xdma_0_axi_aclk bd_i/layer_0/inst/u_core/u_dn/g_lane[63].p2_p_reg[63]/DSP_A_B_DATA_INST/B[3]
FV_FAIL -0.109 xdma_0_axi_aclk bd_i/layer_0/inst/u_core/at_qdata_reg[5]_rep__9/D
FV_FAIL -0.109 xdma_0_axi_aclk bd_i/axi_smc/inst/s02_nodes/s02_w_node/inst/inst_mi_handler/gen_normal_area.inst_fifo_node_payld/gen_xpm_memory_fifo.inst_fifo/gen_mem_rep[0].inst_xpm_memory/xpm_memory_base_inst/gen_rd_b.gen_rd_b_synth_template.gen_rf_narrow_reg.doutb_reg_reg[140]/CE
FV_FAIL -0.109 xdma_0_axi_aclk bd_i/axi_smc/inst/s02_nodes/s02_w_node/inst/inst_mi_handler/gen_normal_area.inst_fifo_node_payld/gen_xpm_memory_fifo.inst_fifo/gen_mem_rep[0].inst_xpm_memory/xpm_memory_base_inst/gen_rd_b.gen_rd_b_synth_template.gen_rf_narrow_reg.doutb_reg_reg[142]/CE
FV_FAIL -0.109 xdma_0_axi_aclk bd_i/axi_smc/inst/s02_nodes/s02_w_node/inst/inst_mi_handler/gen_normal_area.inst_fifo_node_payld/gen_xpm_memory_fifo.inst_fifo/gen_mem_rep[0].inst_xpm_memory/xpm_memory_base_inst/gen_rd_b.gen_rd_b_synth_template.gen_rf_narrow_reg.doutb_reg_reg[144]/CE
FV_FAIL -0.109 xdma_0_axi_aclk bd_i/axi_smc/inst/s02_nodes/s02_w_node/inst/inst_mi_handler/gen_normal_area.inst_fifo_node_payld/gen_xpm_memory_fifo.inst_fifo/gen_mem_rep[0].inst_xpm_memory/xpm_memory_base_inst/gen_rd_b.gen_rd_b_synth_template.gen_rf_narrow_reg.doutb_reg_reg[146]/CE
FV_FAIL -0.109 xdma_0_axi_aclk bd_i/layer_0/inst/u_core/u_attn/g_lane[31].prod_reg[31]/DSP_A_B_DATA_INST/CEA2
FV_FAIL -0.109 xdma_0_axi_aclk bd_i/layer_0/inst/u_core/u_attn/g_lane[197].pv_p_reg[197]/DSP_A_B_DATA_INST/A[21]
FV_FAIL -0.109 xdma_0_axi_aclk bd_i/layer_0/inst/u_core/u_alu/cp_b16_reg[1]/D
FV_FAIL -0.109 xdma_0_axi_aclk bd_i/layer_0/inst/u_core/u_attn/g_lane[192].pv_abs_reg[192][18]/D
FV_FAIL -0.109 xdma_0_axi_aclk bd_i/layer_0/inst/u_core/u_dma/fmem_reg_0_255_193_193/DP.D/I
FV_FAIL -0.109 xdma_0_axi_aclk bd_i/layer_0/inst/u_core/u_dn/p_0_out__8__8/DSP_PREADD_DATA_INST/DIN[11]
FV_FAIL -0.109 xdma_0_axi_aclk bd_i/layer_0/inst/u_core/dn_beta_reg[4]/D
FV_FAIL -0.109 xdma_0_axi_aclk bd_i/layer_0/inst/u_core/u_dn/p_1_out__17__8/DSP_A_B_DATA_INST/A[26]
FV_FAIL -0.108 xdma_0_axi_aclk bd_i/layer_0/inst/u_core/u_attn/g_lane[119].prod_reg[119]/DSP_A_B_DATA_INST/B[13]
FV_FAIL -0.108 xdma_0_axi_aclk bd_i/layer_0/inst/u_core/u_dma/fmem_reg_0_255_505_505/DP.B/I
FV_FAIL -0.108 xdma_0_axi_aclk bd_i/layer_0/inst/u_core/u_dn/g_lane[78].o_acc_reg[78]/DSP_A_B_DATA_INST/B[6]
FV_FAIL -0.108 xdma_0_axi_aclk bd_i/layer_0/inst/u_core/u_dma/beat_acc_reg[76]/R
FV_FAIL -0.108 xdma_0_axi_aclk bd_i/layer_0/inst/u_core/u_dma/beat_acc_reg[78]/R
FV_FAIL -0.108 xdma_0_axi_aclk bd_i/layer_0/inst/u_core/u_attn/pvc64_reg[56]/CE
FV_FAIL -0.108 xdma_0_axi_aclk bd_i/layer_0/inst/u_core/u_dn/g_lane[91].kvm_acc_reg[91]/DSP_A_B_DATA_INST/B[1]
FV_FAIL -0.108 xdma_0_axi_aclk bd_i/layer_0/inst/u_core/u_attn/g_lane[194].pv_abs_reg[194][16]/D
FV_FAIL -0.108 xdma_0_axi_aclk bd_i/layer_0/inst/u_core/u_dma/fmem_reg_0_255_308_308/DP.C/I
FV_FAIL -0.108 xdma_0_axi_aclk bd_i/layer_0/inst/u_core/u_dn/g_lane[123].kvm_acc_reg[123]_i_2_psdsp_9/D
FV_FAIL -0.108 xdma_0_axi_aclk bd_i/layer_0/inst/u_core/krow_reg[660]/CE
FV_FAIL -0.108 xdma_0_axi_aclk bd_i/layer_0/inst/u_core/u_attn/g_lane[197].pv_p_reg[197]/DSP_A_B_DATA_INST/A[18]
FV_FAIL -0.108 xdma_0_axi_aclk bd_i/layer_0/inst/u_core/u_dn/p_1_out__9/DSP_PREADD_DATA_INST/DIN[8]
FV_FAIL -0.108 xdma_0_axi_aclk bd_i/layer_0/inst/u_core/u_dn/g_lane[118].kvm_acc_reg[118]_i_3_psdsp/CE
FV_FAIL -0.108 xdma_0_axi_aclk bd_i/layer_0/inst/u_core/u_vn/ss_acc0_i_16_replica_psdsp_1/D
FV_FAIL -0.108 xdma_0_axi_aclk bd_i/layer_0/inst/u_core/u_attn/g_lane[16].pv_p_reg[16]/DSP_A_B_DATA_INST/A[11]
FV_FAIL -0.108 xdma_0_axi_aclk bd_i/layer_0/inst/u_core/u_dn/p_0_out__5__8/DSP_A_B_DATA_INST/B[10]
FV_FAIL -0.108 xdma_0_axi_aclk bd_i/layer_0/inst/u_core/u_attn/g_lane[198].prod_reg[198]/DSP_A_B_DATA_INST/A[1]
FV_FAIL -0.108 xdma_0_axi_aclk bd_i/layer_0/inst/u_core/u_dma/fmem_reg_0_255_478_478/DP.D/I
FV_FAIL -0.108 xdma_0_axi_aclk bd_i/layer_0/inst/u_core/u_dn/g_lane[3].dm_p_reg[3]/DSP_PREADD_DATA_INST/DIN[10]
FV_FAIL -0.108 xdma_0_axi_aclk bd_i/layer_0/inst/u_core/u_attn/g_lane[86].prod_reg[86]/DSP_A_B_DATA_INST/B[9]
FV_FAIL -0.108 xdma_0_axi_aclk bd_i/layer_0/inst/u_core/u_dn/g_lane[3].dm_p_reg[3]/DSP_PREADD_DATA_INST/DIN[3]
FV_FAIL -0.107 xdma_0_axi_aclk bd_i/layer_0/inst/u_core/u_alu/mx32_reg[24]/R
FV_FAIL -0.107 xdma_0_axi_aclk bd_i/layer_0/inst/u_core/u_alu/mx32_reg[25]/R
FV_FAIL -0.107 xdma_0_axi_aclk bd_i/layer_0/inst/u_core/u_alu/mx32_reg[26]/R
FV_FAIL -0.107 xdma_0_axi_aclk bd_i/layer_0/inst/u_core/u_alu/mx32_reg[27]/R
FV_FAIL -0.107 xdma_0_axi_aclk bd_i/layer_0/inst/u_core/u_attn/g_lane[117].prod_reg[117]/DSP_A_B_DATA_INST/CEA2
FV_FAIL -0.107 xdma_0_axi_aclk bd_i/layer_0/inst/u_core/u_attn/mul_p00__0/DSP_A_B_DATA_INST/A[6]
FV_FAIL -0.107 xdma_0_axi_aclk bd_i/layer_0/inst/u_core/u_attn/g_lane[196].pv_abs_reg[196][13]/D
FV_FAIL -0.107 xdma_0_axi_aclk bd_i/layer_0/inst/u_core/u_attn/g_lane[95].prod_reg[95]/DSP_A_B_DATA_INST/B[2]
FV_FAIL -0.107 xdma_0_axi_aclk bd_i/layer_0/inst/u_core/u_attn/g_lane[113].pv_p_reg[113]/DSP_A_B_DATA_INST/A[5]
FV_FAIL -0.107 xdma_0_axi_aclk bd_i/layer_0/inst/u_core/u_dn/p_1_out__21__7/DSP_PREADD_DATA_INST/DIN[11]
FV_FAIL -0.107 xdma_0_axi_aclk bd_i/layer_0/inst/u_core/krow_reg[662]/CE
FV_FAIL -0.107 xdma_0_axi_aclk bd_i/layer_0/inst/u_core/u_dma/fmem_reg_0_255_171_171/DP.A/I
FV_FAIL -0.107 xdma_0_axi_aclk bd_i/layer_0/inst/u_core/krow_reg[1065]/CE
FV_FAIL -0.107 xdma_0_axi_aclk bd_i/layer_0/inst/u_core/krow_reg[1066]/CE
FV_FAIL -0.107 xdma_0_axi_aclk bd_i/layer_0/inst/u_core/krow_reg[1067]/CE
FV_FAIL -0.107 xdma_0_axi_aclk bd_i/layer_0/inst/u_core/u_dn/p_1_out__12__2/DSP_A_B_DATA_INST/A[21]
FV_FAIL -0.107 xdma_0_axi_aclk bd_i/layer_0/inst/u_core/u_dn/p_0_out__10/DSP_PREADD_DATA_INST/DIN[3]
FV_FAIL -0.107 xdma_0_axi_aclk bd_i/layer_0/inst/u_core/u_dn/g_lane[100].kvm_acc_reg[100]/DSP_A_B_DATA_INST/B[9]
FV_FAIL -0.107 xdma_0_axi_aclk bd_i/layer_0/inst/u_core/u_dn/p_0_out__1__14/DSP_PREADD_DATA_INST/DIN[10]
FV_FAIL -0.107 xdma_0_axi_aclk bd_i/layer_0/inst/u_core/krow_reg[1078]/D
FV_FAIL -0.107 xdma_0_axi_aclk bd_i/layer_0/inst/u_core/u_dn/g_lane[91].p2_p_reg[91]/DSP_A_B_DATA_INST/B[14]
FV_FAIL -0.107 xdma_0_axi_aclk bd_i/layer_0/inst/u_core/u_attn/g_lane[237].pv_p_reg[237]/DSP_OUTPUT_INST/ALU_OUT[10]
FV_FAIL -0.107 xdma_0_axi_aclk bd_i/layer_0/inst/u_core/u_attn/g_lane[237].pv_p_reg[237]/DSP_OUTPUT_INST/ALU_OUT[11]
FV_FAIL -0.107 xdma_0_axi_aclk bd_i/layer_0/inst/u_core/u_attn/g_lane[237].pv_p_reg[237]/DSP_OUTPUT_INST/ALU_OUT[12]
FV_FAIL -0.107 xdma_0_axi_aclk bd_i/layer_0/inst/u_core/u_attn/g_lane[237].pv_p_reg[237]/DSP_OUTPUT_INST/ALU_OUT[13]
FV_FAIL -0.107 xdma_0_axi_aclk bd_i/layer_0/inst/u_core/u_attn/g_lane[237].pv_p_reg[237]/DSP_OUTPUT_INST/ALU_OUT[14]
FV_FAIL -0.107 xdma_0_axi_aclk bd_i/layer_0/inst/u_core/u_attn/g_lane[237].pv_p_reg[237]/DSP_OUTPUT_INST/ALU_OUT[15]
FV_FAIL -0.107 xdma_0_axi_aclk bd_i/layer_0/inst/u_core/u_attn/g_lane[237].pv_p_reg[237]/DSP_OUTPUT_INST/ALU_OUT[4]
FV_FAIL -0.107 xdma_0_axi_aclk bd_i/layer_0/inst/u_core/u_attn/g_lane[237].pv_p_reg[237]/DSP_OUTPUT_INST/ALU_OUT[5]
FV_FAIL -0.107 xdma_0_axi_aclk bd_i/layer_0/inst/u_core/u_attn/g_lane[237].pv_p_reg[237]/DSP_OUTPUT_INST/ALU_OUT[6]
FV_FAIL -0.107 xdma_0_axi_aclk bd_i/layer_0/inst/u_core/u_attn/g_lane[237].pv_p_reg[237]/DSP_OUTPUT_INST/ALU_OUT[7]
FV_FAIL -0.107 xdma_0_axi_aclk bd_i/layer_0/inst/u_core/u_attn/g_lane[237].pv_p_reg[237]/DSP_OUTPUT_INST/ALU_OUT[8]
FV_FAIL -0.107 xdma_0_axi_aclk bd_i/layer_0/inst/u_core/u_attn/g_lane[237].pv_p_reg[237]/DSP_OUTPUT_INST/ALU_OUT[9]
FV_FAIL -0.107 xdma_0_axi_aclk bd_i/layer_0/inst/u_core/u_attn/g_lane[210].pv_p_reg[210]/DSP_A_B_DATA_INST/A[9]
FV_FAIL -0.106 xdma_0_axi_aclk bd_i/layer_0/inst/u_core/u_conv/u_silu/m3_reg/DSP_A_B_DATA_INST/B[11]
FV_FAIL -0.106 xdma_0_axi_aclk bd_i/layer_0/inst/u_core/u_dn/g_lane[127].o_acc_reg[127]/DSP_A_B_DATA_INST/B[13]
FV_FAIL -0.106 xdma_0_axi_aclk bd_i/axi_smc/inst/s02_nodes/s02_w_node/inst/inst_mi_handler/gen_normal_area.inst_fifo_node_payld/gen_xpm_memory_fifo.inst_fifo/gen_mem_rep[1].inst_xpm_memory/xpm_memory_base_inst/gen_rd_b.gen_rd_b_synth_template.gen_rf_narrow_reg.doutb_reg_reg[29]/CE
FV_FAIL -0.106 xdma_0_axi_aclk bd_i/axi_smc/inst/s02_nodes/s02_w_node/inst/inst_mi_handler/gen_normal_area.inst_fifo_node_payld/gen_xpm_memory_fifo.inst_fifo/gen_mem_rep[1].inst_xpm_memory/xpm_memory_base_inst/gen_rd_b.gen_rd_b_synth_template.gen_rf_narrow_reg.doutb_reg_reg[31]/CE
FV_FAIL -0.106 xdma_0_axi_aclk bd_i/axi_smc/inst/s02_nodes/s02_w_node/inst/inst_mi_handler/gen_normal_area.inst_fifo_node_payld/gen_xpm_memory_fifo.inst_fifo/gen_mem_rep[1].inst_xpm_memory/xpm_memory_base_inst/gen_rd_b.gen_rd_b_synth_template.gen_rf_narrow_reg.doutb_reg_reg[33]/CE
FV_FAIL -0.106 xdma_0_axi_aclk bd_i/axi_smc/inst/s02_nodes/s02_w_node/inst/inst_mi_handler/gen_normal_area.inst_fifo_node_payld/gen_xpm_memory_fifo.inst_fifo/gen_mem_rep[1].inst_xpm_memory/xpm_memory_base_inst/gen_rd_b.gen_rd_b_synth_template.gen_rf_narrow_reg.doutb_reg_reg[35]/CE
FV_FAIL -0.106 xdma_0_axi_aclk bd_i/layer_0/inst/u_core/u_dn/g_lane[80].p2_p_reg[80]/DSP_A_B_DATA_INST/B[2]
FV_FAIL -0.106 xdma_0_axi_aclk bd_i/layer_0/inst/u_core/krow_reg[1054]/D
FV_FAIL -0.106 xdma_0_axi_aclk bd_i/layer_0/inst/u_core/u_attn/o_g4_reg[2][5]/D
FV_FAIL -0.106 xdma_0_axi_aclk bd_i/layer_0/inst/u_core/g_kvslot[1].mem_reg_uram_7/CAS_IN_DIN_B[58]
FV_FAIL -0.106 xdma_0_axi_aclk bd_i/layer_0/inst/u_core/u_dma/fmem_reg_0_255_136_136/SP.C/I
FV_FAIL -0.106 xdma_0_axi_aclk bd_i/layer_0/inst/u_core/u_dn/p_1_out__16__6/DSP_A_B_DATA_INST/B[7]
FV_FAIL -0.106 xdma_0_axi_aclk bd_i/layer_0/inst/u_core/u_dma/fmem_reg_0_255_105_105/DP.A/I
FV_FAIL -0.106 xdma_0_axi_aclk bd_i/layer_0/inst/u_core/u_attn/o_g4_reg[0][17]/D
FV_FAIL -0.106 xdma_0_axi_aclk bd_i/layer_0/inst/u_core/g_kvslot[0].mem_reg_uram_31/CAS_IN_ADDR_A[2]
FV_FAIL -0.106 xdma_0_axi_aclk bd_i/layer_0/inst/u_core/at_qdata_reg[9]_rep__3/D
FV_FAIL -0.106 xdma_0_axi_aclk bd_i/layer_0/inst/u_core/u_dma/fmem_reg_0_255_3_3/SP.D/I
FV_FAIL -0.105 xdma_0_axi_aclk bd_i/layer_0/inst/u_core/u_dma/fmem_reg_0_255_505_505/DP.C/I
FV_FAIL -0.105 xdma_0_axi_aclk bd_i/layer_0/inst/u_core/u_topk/ent_reg[27][21]/CE
FV_FAIL -0.105 xdma_0_axi_aclk bd_i/layer_0/inst/u_core/u_topk/ent_reg[27][30]/CE
FV_FAIL -0.105 xdma_0_axi_aclk bd_i/layer_0/inst/u_core/u_topk/ent_reg[27][31]/CE
FV_FAIL -0.105 xdma_0_axi_aclk bd_i/layer_0/inst/u_core/u_topk/ent_reg[27][32]/CE
FV_FAIL -0.105 xdma_0_axi_aclk bd_i/layer_0/inst/u_core/at_qdata_reg[2]_rep__2/D
FV_FAIL -0.105 xdma_0_axi_aclk bd_i/axi_smc/inst/s02_nodes/s02_w_node/inst/inst_mi_handler/gen_normal_area.inst_fifo_node_payld/gen_xpm_memory_fifo.inst_fifo/gen_mem_rep[1].inst_xpm_memory/xpm_memory_base_inst/gen_rd_b.gen_rd_b_synth_template.gen_rf_narrow_reg.doutb_reg_reg[28]/CE
FV_FAIL -0.105 xdma_0_axi_aclk bd_i/axi_smc/inst/s02_nodes/s02_w_node/inst/inst_mi_handler/gen_normal_area.inst_fifo_node_payld/gen_xpm_memory_fifo.inst_fifo/gen_mem_rep[1].inst_xpm_memory/xpm_memory_base_inst/gen_rd_b.gen_rd_b_synth_template.gen_rf_narrow_reg.doutb_reg_reg[30]/CE
FV_FAIL -0.105 xdma_0_axi_aclk bd_i/axi_smc/inst/s02_nodes/s02_w_node/inst/inst_mi_handler/gen_normal_area.inst_fifo_node_payld/gen_xpm_memory_fifo.inst_fifo/gen_mem_rep[1].inst_xpm_memory/xpm_memory_base_inst/gen_rd_b.gen_rd_b_synth_template.gen_rf_narrow_reg.doutb_reg_reg[32]/CE
FV_FAIL -0.105 xdma_0_axi_aclk bd_i/axi_smc/inst/s02_nodes/s02_w_node/inst/inst_mi_handler/gen_normal_area.inst_fifo_node_payld/gen_xpm_memory_fifo.inst_fifo/gen_mem_rep[1].inst_xpm_memory/xpm_memory_base_inst/gen_rd_b.gen_rd_b_synth_template.gen_rf_narrow_reg.doutb_reg_reg[34]/CE
FV_FAIL -0.105 xdma_0_axi_aclk bd_i/layer_0/inst/u_core/g_kvslot[1].mem_reg_uram_43/CAS_IN_BWE_B[3]
FV_FAIL -0.105 xdma_0_axi_aclk bd_i/layer_0/inst/u_core/u_dn/g_lane[91].p2_p_reg[91]/DSP_A_B_DATA_INST/B[10]
FV_FAIL -0.105 xdma_0_axi_aclk bd_i/layer_0/inst/u_core/u_dma/fmem_reg_0_255_354_354/SP.A/I
FV_FAIL -0.105 xdma_0_axi_aclk bd_i/layer_0/inst/u_core/u_dn/g_lane[32].dm_p_reg[32]/DSP_A_B_DATA_INST/A[12]
FV_FAIL -0.105 xdma_0_axi_aclk bd_i/layer_0/inst/u_core/u_dma/fmem_reg_0_255_80_80/SP.C/I
FV_FAIL -0.105 xdma_0_axi_aclk bd_i/layer_0/inst/u_core/at_qdata_reg[1]_rep__2/D
FV_FAIL -0.105 xdma_0_axi_aclk bd_i/layer_0/inst/u_core/u_attn/g_lane[115].pv_p_reg[115]/DSP_A_B_DATA_INST/A[8]
FV_FAIL -0.105 xdma_0_axi_aclk bd_i/layer_0/inst/u_core/u_dn/p_1_out__16/DSP_PREADD_DATA_INST/DIN[2]
FV_FAIL -0.105 xdma_0_axi_aclk bd_i/layer_0/inst/u_core/u_dma/beat_acc_reg[184]/R
FV_FAIL -0.105 xdma_0_axi_aclk bd_i/layer_0/inst/u_core/u_attn/g_lane[193].pv_abs_reg[193][21]/D
FV_FAIL -0.105 xdma_0_axi_aclk bd_i/layer_0/inst/u_core/u_attn/g_lane[106].prod_reg[106]/DSP_A_B_DATA_INST/B[13]
FV_FAIL -0.105 xdma_0_axi_aclk bd_i/layer_0/inst/u_core/u_dn/vdata_q_reg[6]_rep__4/D
FV_FAIL -0.105 xdma_0_axi_aclk bd_i/layer_0/inst/u_core/u_dma/fmem_reg_0_255_125_125/SP.D/I
FV_FAIL -0.105 xdma_0_axi_aclk bd_i/layer_0/inst/u_core/u_dn/p_0_out__13__7/DSP_PREADD_DATA_INST/DIN[7]
FV_FAIL -0.105 xdma_0_axi_aclk bd_i/layer_0/inst/u_core/u_dn/g_lane[99].kvm_acc_reg[99]/DSP_A_B_DATA_INST/B[0]
FV_FAIL -0.105 xdma_0_axi_aclk bd_i/layer_0/inst/u_core/u_dma/fmem_reg_0_255_136_136/DP.D/I
FV_FAIL -0.105 xdma_0_axi_aclk bd_i/layer_0/inst/u_core/u_dn/p_0_out__3__10/DSP_A_B_DATA_INST/B[7]
FV_FAIL -0.105 xdma_0_axi_aclk bd_i/layer_0/inst/u_core/u_dma/fmem_reg_0_255_158_158/DP.D/I
FV_FAIL -0.105 xdma_0_axi_aclk bd_i/layer_0/inst/u_core/g_kvslot[1].mem_reg_uram_43/CAS_IN_ADDR_B[3]
FV_FAIL -0.105 xdma_0_axi_aclk bd_i/axil_slice_4/inst/ar.ar_pipe/m_valid_i_reg/D
FV_FAIL -0.105 xdma_0_axi_aclk bd_i/layer_0/inst/u_core/u_alu/ps_rnd_reg[11]/D
FV_FAIL -0.105 xdma_0_axi_aclk bd_i/layer_0/inst/u_core/u_attn/g_lane[89].pv_p_reg[89]/DSP_A_B_DATA_INST/A[22]
FV_FAIL -0.105 xdma_0_axi_aclk bd_i/layer_0/inst/u_core/u_attn/g_lane[193].pv_abs_reg[193][23]/D
FV_FAIL -0.105 xdma_0_axi_aclk bd_i/layer_0/inst/u_core/u_dn/g_lane[13].kvm_acc_reg[13]/DSP_A_B_DATA_INST/A[20]
FV_FAIL -0.105 xdma_0_axi_aclk bd_i/layer_0/inst/u_core/u_attn/g_lane[60].prod_reg[60]/DSP_A_B_DATA_INST/B[3]
FV_FAIL -0.105 xdma_0_axi_aclk bd_i/layer_0/inst/u_core/u_dn/p_0_out__12__4/DSP_A_B_DATA_INST/A[13]
FV_FAIL -0.105 xdma_0_axi_aclk bd_i/layer_0/inst/u_core/u_dma/fmem_reg_0_255_157_157/SP.C/I
FV_FAIL -0.104 xdma_0_axi_aclk bd_i/layer_0/inst/u_core/smem_b_reg_bram_3/ADDRBWRADDR[10]
FV_FAIL -0.104 xdma_0_axi_aclk bd_i/layer_0/inst/u_core/u_dma/fmem_reg_0_255_256_256/SP.D/I
FV_FAIL -0.104 xdma_0_axi_aclk bd_i/layer_0/inst/u_core/g_kvslot[1].mem_reg_uram_43/CAS_IN_DIN_B[19]
FV_FAIL -0.104 xdma_0_axi_aclk bd_i/layer_0/inst/u_core/u_dn/p_0_out__18__1/DSP_A_B_DATA_INST/A[10]
FV_FAIL -0.104 xdma_0_axi_aclk bd_i/layer_0/inst/u_core/u_attn/g_lane[197].pv_p_reg[197]/DSP_A_B_DATA_INST/A[16]
FV_FAIL -0.104 xdma_0_axi_aclk bd_i/layer_0/inst/u_core/u_attn/g_lane[239].pv_abs_reg[239][22]/D
FV_FAIL -0.104 xdma_0_axi_aclk bd_i/layer_0/inst/u_core/u_dn/g_lane[46].p2_p_reg[46]/DSP_A_B_DATA_INST/B[1]
FV_FAIL -0.104 xdma_0_axi_aclk bd_i/layer_0/inst/u_core/u_dma/fmem_reg_0_255_105_105/DP.B/I
FV_FAIL -0.104 xdma_0_axi_aclk bd_i/layer_0/inst/u_core/u_dn/p_1_out__16__7/DSP_A_B_DATA_INST/B[13]
FV_FAIL -0.104 xdma_0_axi_aclk bd_i/layer_0/inst/u_core/u_attn/g_lane[37].pv_p_reg[37]/DSP_A_B_DATA_INST/A[5]
FV_FAIL -0.104 xdma_0_axi_aclk bd_i/layer_0/inst/u_core/u_attn/g_lane[39].pv_p_reg[39]/DSP_A_B_DATA_INST/A[2]
FV_FAIL -0.104 xdma_0_axi_aclk bd_i/layer_0/inst/u_core/u_attn/g_lane[115].pv_p_reg[115]/DSP_A_B_DATA_INST/A[2]
FV_FAIL -0.104 xdma_0_axi_aclk bd_i/layer_0/inst/u_core/u_dn/g_lane[12].p2_p_reg[12]/DSP_A_B_DATA_INST/B[1]
FV_FAIL -0.104 xdma_0_axi_aclk bd_i/layer_0/inst/u_core/u_topk/ent_reg[8][0]/CE
FV_FAIL -0.104 xdma_0_axi_aclk bd_i/layer_0/inst/u_core/u_topk/ent_reg[8][8]/CE
FV_FAIL -0.104 xdma_0_axi_aclk bd_i/layer_0/inst/u_core/u_dma/fmem_reg_0_255_3_3/SP.A/I
FV_FAIL -0.104 xdma_0_axi_aclk bd_i/layer_0/inst/u_core/u_attn/g_lane[231].pv_abs_reg[231][24]/D
FV_FAIL -0.104 xdma_0_axi_aclk bd_i/layer_0/inst/u_core/u_attn/g_lane[231].pv_abs_reg[231][22]/D
FV_FAIL -0.104 xdma_0_axi_aclk bd_i/layer_0/inst/u_core/u_dn/p_1_out__17__8/DSP_A_B_DATA_INST/A[27]
FV_FAIL -0.104 xdma_0_axi_aclk bd_i/layer_0/inst/u_core/u_dn/g_lane[94].kvm_acc_reg[94]/DSP_A_B_DATA_INST/B[10]
FV_FAIL -0.104 xdma_0_axi_aclk bd_i/layer_0/inst/u_core/u_dn/p_1_out__7__2/DSP_PREADD_DATA_INST/DIN[18]
FV_FAIL -0.104 xdma_0_axi_aclk bd_i/layer_0/inst/u_core/u_dn/g_lane[69].dm_p_reg[69]/DSP_A_B_DATA_INST/A[25]
FV_FAIL -0.104 xdma_0_axi_aclk bd_i/layer_0/inst/u_core/u_dma/fmem_reg_0_255_157_157/DP.D/I
FV_FAIL -0.103 xdma_0_axi_aclk bd_i/layer_0/inst/u_core/u_alu/r_res_reg[2]/D
FV_FAIL -0.103 xdma_0_axi_aclk bd_i/layer_0/inst/u_core/u_dn/g_lane[61].p2_p_reg[61]/DSP_A_B_DATA_INST/B[10]
FV_FAIL -0.103 xdma_0_axi_aclk bd_i/layer_0/inst/u_core/smem_b_reg_bram_2/ADDRBWRADDR[14]
FV_FAIL -0.103 xdma_0_axi_aclk bd_i/layer_0/inst/u_core/f_skd_reg[7]/D
FV_FAIL -0.103 xdma_0_axi_aclk bd_i/layer_0/inst/u_core/g_dnslot[1].mem_reg_uram_21/ADDR_A[5]
FV_FAIL -0.103 xdma_0_axi_aclk bd_i/layer_0/inst/u_core/u_dn/p_1_out__5__9/DSP_PREADD_DATA_INST/DIN[13]
FV_FAIL -0.103 xdma_0_axi_aclk bd_i/layer_0/inst/u_core/vn_sdata_reg[6]/D
FV_FAIL -0.103 xdma_0_axi_aclk bd_i/layer_0/inst/u_core/u_attn/g_lane[239].pv_abs_reg[239][20]/D
FV_FAIL -0.103 xdma_0_axi_aclk bd_i/layer_0/inst/u_core/u_dn/g_lane[80].dm_p_reg[80]/DSP_PREADD_DATA_INST/DIN[19]
FV_FAIL -0.103 xdma_0_axi_aclk bd_i/layer_0/inst/u_core/krow_reg[11]/CE
FV_FAIL -0.103 xdma_0_axi_aclk bd_i/layer_0/inst/u_core/krow_reg[1540]/R
FV_FAIL -0.103 xdma_0_axi_aclk bd_i/layer_0/inst/u_core/krow_reg[1541]/R
FV_FAIL -0.103 xdma_0_axi_aclk bd_i/layer_0/inst/u_core/krow_reg[1542]/R
FV_FAIL -0.103 xdma_0_axi_aclk bd_i/layer_0/inst/u_core/krow_reg[1543]/R
FV_FAIL -0.103 xdma_0_axi_aclk bd_i/layer_0/inst/u_core/u_alu/ps_rnd_reg[9]/D
FV_FAIL -0.103 xdma_0_axi_aclk bd_i/layer_0/inst/u_core/u_attn/g_lane[226].pv_p_reg[226]/DSP_OUTPUT_INST/ALU_OUT[16]
FV_FAIL -0.103 xdma_0_axi_aclk bd_i/layer_0/inst/u_core/u_attn/g_lane[226].pv_p_reg[226]/DSP_OUTPUT_INST/ALU_OUT[17]
FV_FAIL -0.103 xdma_0_axi_aclk bd_i/layer_0/inst/u_core/u_attn/g_lane[226].pv_p_reg[226]/DSP_OUTPUT_INST/ALU_OUT[18]
FV_FAIL -0.103 xdma_0_axi_aclk bd_i/layer_0/inst/u_core/u_attn/g_lane[226].pv_p_reg[226]/DSP_OUTPUT_INST/ALU_OUT[19]
FV_FAIL -0.103 xdma_0_axi_aclk bd_i/layer_0/inst/u_core/u_attn/g_lane[226].pv_p_reg[226]/DSP_OUTPUT_INST/ALU_OUT[20]
FV_FAIL -0.103 xdma_0_axi_aclk bd_i/layer_0/inst/u_core/u_attn/g_lane[226].pv_p_reg[226]/DSP_OUTPUT_INST/ALU_OUT[21]
FV_FAIL -0.103 xdma_0_axi_aclk bd_i/layer_0/inst/u_core/u_attn/g_lane[226].pv_p_reg[226]/DSP_OUTPUT_INST/ALU_OUT[22]
FV_FAIL -0.103 xdma_0_axi_aclk bd_i/layer_0/inst/u_core/u_attn/g_lane[226].pv_p_reg[226]/DSP_OUTPUT_INST/ALU_OUT[23]
FV_FAIL -0.103 xdma_0_axi_aclk bd_i/layer_0/inst/u_core/u_attn/g_lane[226].pv_p_reg[226]/DSP_OUTPUT_INST/ALU_OUT[24]
FV_FAIL -0.103 xdma_0_axi_aclk bd_i/layer_0/inst/u_core/u_attn/g_lane[226].pv_p_reg[226]/DSP_OUTPUT_INST/ALU_OUT[25]
FV_FAIL -0.103 xdma_0_axi_aclk bd_i/layer_0/inst/u_core/u_attn/g_lane[226].pv_p_reg[226]/DSP_OUTPUT_INST/ALU_OUT[26]
FV_FAIL -0.103 xdma_0_axi_aclk bd_i/layer_0/inst/u_core/u_attn/g_lane[226].pv_p_reg[226]/DSP_OUTPUT_INST/ALU_OUT[27]
FV_FAIL -0.103 xdma_0_axi_aclk bd_i/layer_0/inst/u_core/u_attn/g_lane[226].pv_p_reg[226]/DSP_OUTPUT_INST/ALU_OUT[28]
FV_FAIL -0.103 xdma_0_axi_aclk bd_i/layer_0/inst/u_core/u_attn/g_lane[226].pv_p_reg[226]/DSP_OUTPUT_INST/ALU_OUT[29]
FV_FAIL -0.103 xdma_0_axi_aclk bd_i/layer_0/inst/u_core/u_attn/g_lane[226].pv_p_reg[226]/DSP_OUTPUT_INST/ALU_OUT[30]
FV_FAIL -0.103 xdma_0_axi_aclk bd_i/layer_0/inst/u_core/u_attn/g_lane[226].pv_p_reg[226]/DSP_OUTPUT_INST/ALU_OUT[31]
FV_FAIL -0.103 xdma_0_axi_aclk bd_i/layer_0/inst/u_core/u_attn/g_lane[226].pv_p_reg[226]/DSP_OUTPUT_INST/ALU_OUT[32]
FV_FAIL -0.103 xdma_0_axi_aclk bd_i/layer_0/inst/u_core/u_attn/g_lane[226].pv_p_reg[226]/DSP_OUTPUT_INST/ALU_OUT[33]
FV_FAIL -0.103 xdma_0_axi_aclk bd_i/layer_0/inst/u_core/u_attn/g_lane[226].pv_p_reg[226]/DSP_OUTPUT_INST/ALU_OUT[34]
FV_FAIL -0.103 xdma_0_axi_aclk bd_i/layer_0/inst/u_core/u_attn/g_lane[226].pv_p_reg[226]/DSP_OUTPUT_INST/ALU_OUT[35]
FV_FAIL -0.103 xdma_0_axi_aclk bd_i/layer_0/inst/u_core/u_attn/g_lane[226].pv_p_reg[226]/DSP_OUTPUT_INST/ALU_OUT[36]
FV_FAIL -0.103 xdma_0_axi_aclk bd_i/layer_0/inst/u_core/u_attn/g_lane[226].pv_p_reg[226]/DSP_OUTPUT_INST/ALU_OUT[37]
FV_FAIL -0.103 xdma_0_axi_aclk bd_i/layer_0/inst/u_core/u_attn/g_lane[226].pv_p_reg[226]/DSP_OUTPUT_INST/ALU_OUT[38]
FV_FAIL -0.103 xdma_0_axi_aclk bd_i/layer_0/inst/u_core/u_attn/g_lane[226].pv_p_reg[226]/DSP_OUTPUT_INST/ALU_OUT[39]
FV_FAIL -0.103 xdma_0_axi_aclk bd_i/layer_0/inst/u_core/u_attn/g_lane[226].pv_p_reg[226]/DSP_OUTPUT_INST/ALU_OUT[40]
FV_FAIL -0.103 xdma_0_axi_aclk bd_i/layer_0/inst/u_core/u_attn/g_lane[226].pv_p_reg[226]/DSP_OUTPUT_INST/ALU_OUT[41]
FV_FAIL -0.103 xdma_0_axi_aclk bd_i/layer_0/inst/u_core/u_attn/g_lane[226].pv_p_reg[226]/DSP_OUTPUT_INST/ALU_OUT[42]
FV_FAIL -0.103 xdma_0_axi_aclk bd_i/layer_0/inst/u_core/u_attn/g_lane[226].pv_p_reg[226]/DSP_OUTPUT_INST/ALU_OUT[43]
FV_FAIL -0.103 xdma_0_axi_aclk bd_i/layer_0/inst/u_core/u_attn/g_lane[226].pv_p_reg[226]/DSP_OUTPUT_INST/ALU_OUT[44]
FV_FAIL -0.103 xdma_0_axi_aclk bd_i/layer_0/inst/u_core/u_attn/g_lane[226].pv_p_reg[226]/DSP_OUTPUT_INST/ALU_OUT[45]
FV_FAIL -0.103 xdma_0_axi_aclk bd_i/layer_0/inst/u_core/u_attn/g_lane[226].pv_p_reg[226]/DSP_OUTPUT_INST/ALU_OUT[46]
FV_FAIL -0.103 xdma_0_axi_aclk bd_i/layer_0/inst/u_core/u_attn/g_lane[226].pv_p_reg[226]/DSP_OUTPUT_INST/ALU_OUT[47]
FV_FAIL -0.103 xdma_0_axi_aclk bd_i/layer_0/inst/u_core/u_dma/fmem_reg_0_255_136_136/SP.B/I
FV_FAIL -0.103 xdma_0_axi_aclk bd_i/layer_0/inst/u_core/u_dn/g_lane[75].p2_p_reg[75]/DSP_A_B_DATA_INST/B[17]
FV_FAIL -0.103 xdma_0_axi_aclk bd_i/layer_0/inst/u_core/u_dn/g_lane[91].dec_p_reg[91]/DSP_A_B_DATA_INST/A[9]
FV_FAIL -0.103 xdma_0_axi_aclk bd_i/layer_0/inst/u_core/smem_a_reg_bram_16/ADDRARDADDR[9]
FV_FAIL -0.103 xdma_0_axi_aclk bd_i/layer_0/inst/u_core/u_attn/g_lane[231].pv_abs_reg[231][20]/D
FV_FAIL -0.103 xdma_0_axi_aclk bd_i/layer_0/inst/u_core/u_attn/g_lane[60].prod_reg[60]/DSP_A_B_DATA_INST/B[2]
FV_FAIL -0.102 xdma_0_axi_aclk bd_i/layer_0/inst/u_core/u_attn/g_lane[56].pv_p_reg[56]/DSP_A_B_DATA_INST/A[17]
FV_FAIL -0.102 xdma_0_axi_aclk bd_i/layer_0/inst/u_core/u_dn/p_1_out__4__5/DSP_A_B_DATA_INST/B[17]
FV_FAIL -0.102 xdma_0_axi_aclk bd_i/layer_0/inst/u_core/u_attn/g_lane[196].pv_abs_reg[196][15]/D
FV_FAIL -0.102 xdma_0_axi_aclk bd_i/layer_0/inst/u_core/u_dn/g_lane[12].kvm_acc_reg[12]/DSP_A_B_DATA_INST/A[21]
FV_FAIL -0.102 xdma_0_axi_aclk bd_i/layer_0/inst/u_core/u_dma/fmem_reg_0_255_354_354/DP.B/I
FV_FAIL -0.102 xdma_0_axi_aclk bd_i/layer_0/inst/u_core/u_attn/g_lane[102].pv_p_reg[102]/DSP_A_B_DATA_INST/A[18]
FV_FAIL -0.102 xdma_0_axi_aclk bd_i/layer_0/inst/u_core/u_dma/fmem_reg_0_255_80_80/SP.B/I
FV_FAIL -0.102 xdma_0_axi_aclk bd_i/layer_0/inst/u_core/at_qdata_reg[7]_rep__6/D
FV_FAIL -0.102 xdma_0_axi_aclk bd_i/layer_0/inst/u_core/u_dn/g_lane[38].p2_p_reg[38]/DSP_A_B_DATA_INST/B[5]
FV_FAIL -0.102 xdma_0_axi_aclk bd_i/layer_0/inst/u_core/u_dn/g_lane[7].p2_p_reg[7]/DSP_A_B_DATA_INST/B[3]
FV_FAIL -0.102 xdma_0_axi_aclk bd_i/layer_0/inst/u_core/smem_a_reg_bram_4/ENARDEN
FV_FAIL -0.102 xdma_0_axi_aclk bd_i/layer_0/inst/u_core/u_attn/es_mem_reg_bram_1/WEA[0]
FV_FAIL -0.102 xdma_0_axi_aclk bd_i/layer_0/inst/u_core/u_attn/g_lane[112].prod_reg[112]/DSP_A_B_DATA_INST/CEA2
FV_FAIL -0.102 xdma_0_axi_aclk bd_i/layer_0/inst/u_core/u_dn/g_lane[17].kvm_acc_reg[17]/DSP_A_B_DATA_INST/A[22]
FV_FAIL -0.102 xdma_0_axi_aclk bd_i/layer_0/inst/u_core/krow_reg[1111]/D
FV_FAIL -0.102 xdma_0_axi_aclk bd_i/layer_0/inst/u_core/u_attn/g_lane[192].pv_abs_reg[192][16]/D
FV_FAIL -0.102 xdma_0_axi_aclk bd_i/layer_0/inst/u_core/u_dn/g_lane[75].p2_p_reg[75]/DSP_A_B_DATA_INST/B[15]
FV_FAIL -0.102 xdma_0_axi_aclk bd_i/layer_0/inst/u_core/u_dn/g_lane[31].dec_p_reg[31]/DSP_A_B_DATA_INST/A[2]
FV_FAIL -0.102 xdma_0_axi_aclk bd_i/layer_0/inst/u_core/u_dma/fmem_reg_0_255_39_39/DP.A/I
FV_FAIL -0.102 xdma_0_axi_aclk bd_i/layer_0/inst/u_core/u_attn/g_lane[11].pv_p_reg[11]/DSP_A_B_DATA_INST/A[7]
FV_FAIL -0.102 xdma_0_axi_aclk bd_i/layer_0/inst/u_core/u_dma/beat_acc_reg[186]/R
FV_FAIL -0.102 xdma_0_axi_aclk bd_i/layer_0/inst/u_core/u_dn/g_lane[75].kvm_acc_reg[75]/DSP_A_B_DATA_INST/B[16]
FV_FAIL -0.102 xdma_0_axi_aclk bd_i/layer_0/inst/u_core/u_dma/fmem_reg_0_255_157_157/SP.B/I
FV_FAIL -0.101 xdma_0_axi_aclk bd_i/layer_0/inst/u_core/u_dma/fmem_reg_0_255_354_354/DP.D/I
FV_FAIL -0.101 xdma_0_axi_aclk bd_i/layer_0/inst/u_core/smem_b_reg_bram_0/ADDRBWRADDR[8]
FV_FAIL -0.101 xdma_0_axi_aclk bd_i/layer_0/inst/u_core/u_dn/g_lane[92].dec_p_reg[92]/DSP_A_B_DATA_INST/A[8]
FV_FAIL -0.101 xdma_0_axi_aclk bd_i/axi_smc/inst/s00_entry_pipeline/s00_mmu/inst/r_sreg/m_vector_i_reg[1223]/CE
FV_FAIL -0.101 xdma_0_axi_aclk bd_i/layer_0/inst/u_core/krow_reg[10]/CE
FV_FAIL -0.101 xdma_0_axi_aclk bd_i/layer_0/inst/u_core/krow_reg[9]/CE
FV_FAIL -0.101 xdma_0_axi_aclk bd_i/layer_0/inst/u_core/u_attn/g_lane[114].prod_reg[114]/DSP_A_B_DATA_INST/B[6]
FV_FAIL -0.101 xdma_0_axi_aclk bd_i/layer_0/inst/u_core/u_attn/g_lane[26].prod_reg[26]/DSP_A_B_DATA_INST/B[11]
FV_FAIL -0.101 xdma_0_axi_aclk bd_i/layer_0/inst/u_core/u_dma/fmem_reg_0_255_105_105/DP.C/I
FV_FAIL -0.101 xdma_0_axi_aclk bd_i/layer_0/inst/u_core/u_attn/g_lane[92].prod_reg[92]/DSP_A_B_DATA_INST/B[0]
FV_FAIL -0.101 xdma_0_axi_aclk bd_i/layer_0/inst/u_core/u_topk/sel_reg[37]/D
FV_FAIL -0.101 xdma_0_axi_aclk bd_i/layer_0/inst/u_core/u_vn/ss_acc0_i_5_replica_psdsp/CE
FV_FAIL -0.101 xdma_0_axi_aclk bd_i/layer_0/inst/u_core/u_vn/ss_acc0_i_5_replica_psdsp_1/CE
FV_FAIL -0.101 xdma_0_axi_aclk bd_i/mvchan_3/inst/u_chan/csr_static_sh_reg[4]/R
FV_FAIL -0.101 xdma_0_axi_aclk bd_i/mvchan_3/inst/u_chan/csr_static_wbase_reg[13]/R
FV_FAIL -0.100 xdma_0_axi_aclk bd_i/layer_0/inst/u_core/u_attn/g_lane[56].pv_p_reg[56]/DSP_A_B_DATA_INST/A[0]
FV_FAIL -0.100 xdma_0_axi_aclk bd_i/layer_0/inst/u_core/u_attn/g_lane[194].pv_abs_reg[194][17]/D
FV_FAIL -0.100 xdma_0_axi_aclk bd_i/layer_0/inst/u_core/u_dn/g_lane[69].dm_p_reg[69]/DSP_A_B_DATA_INST/A[20]
FV_FAIL -0.100 xdma_0_axi_aclk bd_i/layer_0/inst/u_core/tmp64_reg[20]/D
FV_FAIL -0.100 xdma_0_axi_aclk bd_i/layer_0/inst/u_core/u_attn/g_lane[11].pv_p_reg[11]/DSP_A_B_DATA_INST/A[8]
FV_FAIL -0.100 xdma_0_axi_aclk bd_i/layer_0/inst/u_core/g_kvslot[1].mem_reg_uram_45/CAS_IN_DIN_B[0]
FV_FAIL -0.100 xdma_0_axi_aclk bd_i/layer_0/inst/u_core/u_dma/fmem_reg_0_255_235_235/DP.D/I
FV_FAIL -0.100 xdma_0_axi_aclk bd_i/layer_0/inst/u_core/u_dma/fmem_reg_0_255_163_163/DP.C/I
FV_FAIL -0.100 xdma_0_axi_aclk bd_i/layer_0/inst/u_core/u_dn/p_1_out__2__2/DSP_A_B_DATA_INST/A[28]
FV_FAIL -0.100 xdma_0_axi_aclk bd_i/layer_0/inst/u_core/u_dn/g_lane[59].dec_p_reg[59]/DSP_A_B_DATA_INST/A[20]
FV_FAIL -0.100 xdma_0_axi_aclk bd_i/layer_0/inst/u_core/u_dn/p_1_out__8__10/DSP_PREADD_DATA_INST/DIN[1]
FV_FAIL -0.100 xdma_0_axi_aclk bd_i/layer_0/inst/u_core/u_dn/p_1_out__10__5/DSP_OUTPUT_INST/ALU_OUT[10]
FV_FAIL -0.100 xdma_0_axi_aclk bd_i/layer_0/inst/u_core/u_dn/p_1_out__10__5/DSP_OUTPUT_INST/ALU_OUT[11]
FV_FAIL -0.100 xdma_0_axi_aclk bd_i/layer_0/inst/u_core/u_dn/p_1_out__10__5/DSP_OUTPUT_INST/ALU_OUT[12]
FV_FAIL -0.100 xdma_0_axi_aclk bd_i/layer_0/inst/u_core/u_dn/p_1_out__10__5/DSP_OUTPUT_INST/ALU_OUT[13]
FV_FAIL -0.100 xdma_0_axi_aclk bd_i/layer_0/inst/u_core/u_dn/p_1_out__10__5/DSP_OUTPUT_INST/ALU_OUT[14]
FV_FAIL -0.100 xdma_0_axi_aclk bd_i/layer_0/inst/u_core/u_dn/p_1_out__10__5/DSP_OUTPUT_INST/ALU_OUT[15]
FV_FAIL -0.100 xdma_0_axi_aclk bd_i/layer_0/inst/u_core/u_dn/p_1_out__10__5/DSP_OUTPUT_INST/ALU_OUT[16]
FV_FAIL -0.100 xdma_0_axi_aclk bd_i/layer_0/inst/u_core/u_dn/p_1_out__10__5/DSP_OUTPUT_INST/ALU_OUT[17]
FV_FAIL -0.100 xdma_0_axi_aclk bd_i/layer_0/inst/u_core/u_dn/p_1_out__10__5/DSP_OUTPUT_INST/ALU_OUT[18]
FV_FAIL -0.100 xdma_0_axi_aclk bd_i/layer_0/inst/u_core/u_dn/p_1_out__10__5/DSP_OUTPUT_INST/ALU_OUT[19]
FV_FAIL -0.100 xdma_0_axi_aclk bd_i/layer_0/inst/u_core/u_dn/p_1_out__10__5/DSP_OUTPUT_INST/ALU_OUT[20]
FV_FAIL -0.100 xdma_0_axi_aclk bd_i/layer_0/inst/u_core/u_dn/p_1_out__10__5/DSP_OUTPUT_INST/ALU_OUT[21]
FV_FAIL -0.100 xdma_0_axi_aclk bd_i/layer_0/inst/u_core/u_dn/p_1_out__10__5/DSP_OUTPUT_INST/ALU_OUT[22]
FV_FAIL -0.100 xdma_0_axi_aclk bd_i/layer_0/inst/u_core/u_dn/p_1_out__10__5/DSP_OUTPUT_INST/ALU_OUT[23]
FV_FAIL -0.100 xdma_0_axi_aclk bd_i/layer_0/inst/u_core/u_dn/p_1_out__10__5/DSP_OUTPUT_INST/ALU_OUT[24]
FV_FAIL -0.100 xdma_0_axi_aclk bd_i/layer_0/inst/u_core/u_dn/p_1_out__10__5/DSP_OUTPUT_INST/ALU_OUT[25]
FV_FAIL -0.100 xdma_0_axi_aclk bd_i/layer_0/inst/u_core/u_dn/p_1_out__10__5/DSP_OUTPUT_INST/ALU_OUT[26]
FV_FAIL -0.100 xdma_0_axi_aclk bd_i/layer_0/inst/u_core/u_dn/p_1_out__10__5/DSP_OUTPUT_INST/ALU_OUT[27]
FV_FAIL -0.100 xdma_0_axi_aclk bd_i/layer_0/inst/u_core/u_dn/p_1_out__10__5/DSP_OUTPUT_INST/ALU_OUT[28]
FV_FAIL -0.100 xdma_0_axi_aclk bd_i/layer_0/inst/u_core/u_dn/p_1_out__10__5/DSP_OUTPUT_INST/ALU_OUT[29]
FV_FAIL -0.100 xdma_0_axi_aclk bd_i/layer_0/inst/u_core/u_dn/p_1_out__10__5/DSP_OUTPUT_INST/ALU_OUT[30]
FV_FAIL -0.100 xdma_0_axi_aclk bd_i/layer_0/inst/u_core/u_dn/p_1_out__10__5/DSP_OUTPUT_INST/ALU_OUT[31]
FV_FAIL -0.100 xdma_0_axi_aclk bd_i/layer_0/inst/u_core/u_dn/p_1_out__10__5/DSP_OUTPUT_INST/ALU_OUT[32]
FV_FAIL -0.100 xdma_0_axi_aclk bd_i/layer_0/inst/u_core/u_dn/p_1_out__10__5/DSP_OUTPUT_INST/ALU_OUT[33]
FV_FAIL -0.100 xdma_0_axi_aclk bd_i/layer_0/inst/u_core/u_dn/p_1_out__10__5/DSP_OUTPUT_INST/ALU_OUT[34]
FV_FAIL -0.100 xdma_0_axi_aclk bd_i/layer_0/inst/u_core/u_dn/p_1_out__10__5/DSP_OUTPUT_INST/ALU_OUT[35]
FV_FAIL -0.100 xdma_0_axi_aclk bd_i/layer_0/inst/u_core/u_dn/p_1_out__10__5/DSP_OUTPUT_INST/ALU_OUT[36]
FV_FAIL -0.100 xdma_0_axi_aclk bd_i/layer_0/inst/u_core/u_dn/p_1_out__10__5/DSP_OUTPUT_INST/ALU_OUT[37]
FV_FAIL -0.100 xdma_0_axi_aclk bd_i/layer_0/inst/u_core/u_dn/p_1_out__10__5/DSP_OUTPUT_INST/ALU_OUT[38]
FV_FAIL -0.100 xdma_0_axi_aclk bd_i/layer_0/inst/u_core/u_dn/p_1_out__10__5/DSP_OUTPUT_INST/ALU_OUT[39]
FV_FAIL -0.100 xdma_0_axi_aclk bd_i/layer_0/inst/u_core/u_dn/p_1_out__10__5/DSP_OUTPUT_INST/ALU_OUT[40]
FV_FAIL -0.100 xdma_0_axi_aclk bd_i/layer_0/inst/u_core/u_dn/p_1_out__10__5/DSP_OUTPUT_INST/ALU_OUT[41]
FV_FAIL -0.100 xdma_0_axi_aclk bd_i/layer_0/inst/u_core/u_dn/p_1_out__10__5/DSP_OUTPUT_INST/ALU_OUT[42]
FV_FAIL -0.100 xdma_0_axi_aclk bd_i/layer_0/inst/u_core/u_dn/p_1_out__10__5/DSP_OUTPUT_INST/ALU_OUT[43]
FV_FAIL -0.100 xdma_0_axi_aclk bd_i/layer_0/inst/u_core/u_dn/p_1_out__10__5/DSP_OUTPUT_INST/ALU_OUT[44]
FV_FAIL -0.100 xdma_0_axi_aclk bd_i/layer_0/inst/u_core/u_dn/p_1_out__10__5/DSP_OUTPUT_INST/ALU_OUT[45]
FV_FAIL -0.100 xdma_0_axi_aclk bd_i/layer_0/inst/u_core/u_dn/p_1_out__10__5/DSP_OUTPUT_INST/ALU_OUT[46]
FV_FAIL -0.100 xdma_0_axi_aclk bd_i/layer_0/inst/u_core/u_dn/p_1_out__10__5/DSP_OUTPUT_INST/ALU_OUT[47]
FV_FAIL -0.100 xdma_0_axi_aclk bd_i/layer_0/inst/u_core/u_dn/g_lane[63].kvm_acc_reg[63]/DSP_A_B_DATA_INST/B[12]
FV_FAIL -0.100 xdma_0_axi_aclk bd_i/layer_0/inst/u_core/at_qdata_reg[15]_replica_12/CE
FV_FAIL -0.100 xdma_0_axi_aclk bd_i/layer_0/inst/u_core/u_dn/g_lane[114].dec_p_reg[114]/DSP_A_B_DATA_INST/A[22]
FV_FAIL -0.100 xdma_0_axi_aclk bd_i/layer_0/inst/u_core/u_dn/g_lane[77].kvm_acc_reg[77]/DSP_A_B_DATA_INST/B[6]
FV_FAIL -0.099 xdma_0_axi_aclk bd_i/layer_0/inst/u_core/u_dma/fmem_reg_0_255_479_479/SP.A/I
FV_FAIL -0.099 xdma_0_axi_aclk bd_i/layer_0/inst/u_core/u_dn/vdata_q_reg[8]_rep__2_replica/D
FV_FAIL -0.099 xdma_0_axi_aclk bd_i/layer_0/inst/u_core/u_attn/g_lane[76].prod_reg[76]/DSP_A_B_DATA_INST/CEA2
FV_FAIL -0.099 xdma_0_axi_aclk bd_i/layer_0/inst/u_core/u_dn/g_lane[37].kvm_acc_reg[37]/DSP_A_B_DATA_INST/A[26]
FV_FAIL -0.099 xdma_0_axi_aclk bd_i/layer_0/inst/u_core/u_attn/g_lane[199].pv_abs_reg[199][19]/D
FV_FAIL -0.099 xdma_0_axi_aclk bd_i/layer_0/inst/u_core/u_dma/fmem_reg_0_255_354_354/DP.C/I
FV_FAIL -0.099 xdma_0_axi_aclk bd_i/layer_0/inst/u_core/u_attn/u_recip/m_reg[12]/D
FV_FAIL -0.099 xdma_0_axi_aclk bd_i/layer_0/inst/u_core/u_dn/g_lane[40].o_acc_reg[40]/DSP_A_B_DATA_INST/B[1]
FV_FAIL -0.099 xdma_0_axi_aclk bd_i/layer_0/inst/u_core/u_dma/fmem_reg_0_255_146_146/SP.C/I
FV_FAIL -0.099 xdma_0_axi_aclk bd_i/layer_0/inst/u_core/u_dn/p_0_out__0__7/DSP_A_B_DATA_INST/B[6]
FV_FAIL -0.099 xdma_0_axi_aclk bd_i/layer_0/inst/u_core/u_dma/fmem_reg_0_255_138_138/SP.D/I
FV_FAIL -0.099 xdma_0_axi_aclk bd_i/layer_0/inst/u_core/u_dn/p_1_out__2__18/DSP_A_B_DATA_INST/A[7]
FV_FAIL -0.099 xdma_0_axi_aclk bd_i/layer_0/inst/u_core/u_dn/p_0_out__13__4/DSP_A_B_DATA_INST/B[0]
FV_FAIL -0.098 xdma_0_axi_aclk bd_i/layer_0/inst/u_core/u_attn/g_lane[239].pv_abs_reg[239][24]/D
FV_FAIL -0.098 xdma_0_axi_aclk bd_i/layer_0/inst/u_core/u_alu/mx32_reg[28]/R
FV_FAIL -0.098 xdma_0_axi_aclk bd_i/layer_0/inst/u_core/u_alu/mx32_reg[30]/R
FV_FAIL -0.098 xdma_0_axi_aclk bd_i/axi_smc/inst/m00_nodes/m00_r_node/inst/inst_mi_handler/gen_normal_area.inst_fifo_node_payld/gen_xpm_memory_fifo.inst_fifo/gen_mem_rep[1].inst_xpm_memory/xpm_memory_base_inst/gen_rd_b.gen_rd_b_synth_template.gen_rf_narrow_reg.doutb_reg_reg[142]/D
FV_FAIL -0.098 xdma_0_axi_aclk bd_i/layer_0/inst/u_core/u_attn/g_lane[13].pv_p_reg[13]/DSP_A_B_DATA_INST/A[5]
FV_FAIL -0.098 xdma_0_axi_aclk bd_i/layer_0/inst/u_core/u_dma/rowbuf_reg[1235]/CE
FV_FAIL -0.098 xdma_0_axi_aclk bd_i/layer_0/inst/u_core/u_attn/pvc64_reg[31]/CE
FV_FAIL -0.098 xdma_0_axi_aclk bd_i/layer_0/inst/u_core/u_attn/g_lane[123].pv_p_reg[123]/DSP_A_B_DATA_INST/A[19]
FV_FAIL -0.098 xdma_0_axi_aclk bd_i/layer_0/inst/u_core/u_dn/p_1_out__6__7/DSP_A_B_DATA_INST/A[15]
FV_FAIL -0.098 xdma_0_axi_aclk bd_i/layer_0/inst/u_core/krow_reg[444]/CE
FV_FAIL -0.098 xdma_0_axi_aclk bd_i/layer_0/inst/u_core/u_attn/g_lane[26].prod_reg[26]/DSP_A_B_DATA_INST/B[12]
FV_FAIL -0.098 xdma_0_axi_aclk bd_i/layer_0/inst/u_core/u_dn/g_lane[118].kvm_acc_reg[118]_i_2_psdsp/CE
FV_FAIL -0.098 xdma_0_axi_aclk bd_i/layer_0/inst/u_core/tcnt_bank_reg[2][2][0]/CE
FV_FAIL -0.098 xdma_0_axi_aclk bd_i/layer_0/inst/u_core/u_dn/g_lane[125].o_acc_reg[125]/DSP_A_B_DATA_INST/B[17]
FV_FAIL -0.098 xdma_0_axi_aclk bd_i/layer_0/inst/u_core/g_dnslot[1].mem_reg_uram_16/ADDR_A[7]
FV_FAIL -0.098 xdma_0_axi_aclk bd_i/layer_0/inst/u_core/at_qdata_reg[10]_rep__12/D
FV_FAIL -0.098 xdma_0_axi_aclk bd_i/layer_0/inst/u_core/krow_reg[1446]/CE
FV_FAIL -0.098 xdma_0_axi_aclk bd_i/layer_0/inst/u_core/u_dma/fmem_reg_0_255_151_151/DP.A/I
FV_FAIL -0.098 xdma_0_axi_aclk bd_i/layer_0/inst/u_core/u_dma/fmem_reg_0_255_217_217/SP.C/I
FV_FAIL -0.098 xdma_0_axi_aclk bd_i/layer_0/inst/u_core/u_attn/g_lane[154].prod_reg[154]/DSP_A_B_DATA_INST/B[5]
FV_FAIL -0.097 xdma_0_axi_aclk bd_i/layer_0/inst/u_core/u_dn/g_lane[123].kvm_acc_reg[123]_i_2_psdsp_5/D
FV_FAIL -0.097 xdma_0_axi_aclk bd_i/layer_0/inst/u_core/u_conv/u_silu/m3_reg/DSP_A_B_DATA_INST/B[13]
FV_FAIL -0.097 xdma_0_axi_aclk bd_i/layer_0/inst/u_core/u_dn/p_1_out__13__3/DSP_A_B_DATA_INST/A[17]
FV_FAIL -0.097 xdma_0_axi_aclk bd_i/layer_0/inst/u_core/u_dn/g_lane[124].kvm_acc_reg[124]/DSP_A_B_DATA_INST/B[6]
FV_FAIL -0.097 xdma_0_axi_aclk bd_i/layer_0/inst/u_core/u_attn/g_lane[87].prod_reg[87]/DSP_A_B_DATA_INST/B[5]
FV_FAIL -0.097 xdma_0_axi_aclk bd_i/layer_0/inst/u_core/u_dma/fmem_reg_0_255_219_219/DP.C/I
FV_FAIL -0.097 xdma_0_axi_aclk bd_i/layer_0/inst/u_core/u_dma/rowbuf_reg[704]/CE
FV_FAIL -0.097 xdma_0_axi_aclk bd_i/layer_0/inst/u_core/u_dn/p_1_out__0__2/DSP_A_B_DATA_INST/A[0]
FV_FAIL -0.097 xdma_0_axi_aclk bd_i/layer_0/inst/u_core/krow_reg[441]/CE
FV_FAIL -0.097 xdma_0_axi_aclk bd_i/layer_0/inst/u_core/u_attn/g_lane[104].prod_reg[104]/DSP_A_B_DATA_INST/B[1]
FV_FAIL -0.097 xdma_0_axi_aclk bd_i/layer_0/inst/u_core/u_topk/sel_reg[18]/D
FV_FAIL -0.097 xdma_0_axi_aclk bd_i/layer_0/inst/u_core/u_attn/g_lane[11].pv_p_reg[11]/DSP_A_B_DATA_INST/A[15]
FV_FAIL -0.097 xdma_0_axi_aclk bd_i/layer_0/inst/u_core/u_dma/fmem_reg_0_255_47_47/SP.A/I
FV_FAIL -0.097 xdma_0_axi_aclk bd_i/layer_0/inst/u_core/u_topk/ent_reg[26][36]/CE
FV_FAIL -0.097 xdma_0_axi_aclk bd_i/layer_0/inst/u_core/u_topk/ent_reg[26][38]/CE
FV_FAIL -0.097 xdma_0_axi_aclk bd_i/layer_0/inst/u_core/u_topk/ent_reg[26][48]/CE
FV_FAIL -0.097 xdma_0_axi_aclk bd_i/layer_0/inst/u_core/tmp64_reg[16]/D
FV_FAIL -0.097 xdma_0_axi_aclk bd_i/layer_0/inst/u_core/u_dn/g_lane[10].dm_p_reg[10]/DSP_PREADD_DATA_INST/DIN[8]
FV_FAIL -0.097 xdma_0_axi_aclk bd_i/layer_0/inst/u_core/krow_reg[1283]/D
FV_FAIL -0.097 xdma_0_axi_aclk bd_i/layer_0/inst/u_core/u_dn/p_1_out__13__3/DSP_A_B_DATA_INST/A[2]
FV_FAIL -0.097 xdma_0_axi_aclk bd_i/layer_0/inst/u_core/u_dn/p_1_out__23__0/DSP_A_B_DATA_INST/B[7]
FV_FAIL -0.096 xdma_0_axi_aclk bd_i/layer_0/inst/u_core/u_topk/ent_reg[18][41]/CE
FV_FAIL -0.096 xdma_0_axi_aclk bd_i/layer_0/inst/u_core/u_dn/oi_reg[0]/D
FV_FAIL -0.096 xdma_0_axi_aclk bd_i/layer_0/inst/u_core/u_attn/g_lane[89].pv_p_reg[89]/DSP_A_B_DATA_INST/A[3]
FV_FAIL -0.096 xdma_0_axi_aclk bd_i/layer_0/inst/u_core/u_dma/fmem_reg_0_255_505_505/DP.D/I
FV_FAIL -0.096 xdma_0_axi_aclk bd_i/layer_0/inst/u_core/u_attn/pvc64_reg[27]/CE
FV_FAIL -0.096 xdma_0_axi_aclk bd_i/layer_0/inst/u_core/u_alu/r_res_reg[48]/D
FV_FAIL -0.096 xdma_0_axi_aclk bd_i/mvchan_3/inst/u_chan/wb_ptr_reg[0]/R
FV_FAIL -0.096 xdma_0_axi_aclk bd_i/layer_0/inst/u_core/u_dma/fmem_reg_0_255_170_170/SP.A/I
FV_FAIL -0.096 xdma_0_axi_aclk bd_i/layer_0/inst/u_core/u_dn/p_1_out__2__18/DSP_A_B_DATA_INST/A[8]
FV_FAIL -0.096 xdma_0_axi_aclk bd_i/layer_0/inst/u_core/u_dma/fmem_reg_0_255_146_146/SP.B/I
FV_FAIL -0.096 xdma_0_axi_aclk bd_i/layer_0/inst/u_core/u_dma/fmem_reg_0_255_481_481/DP.D/I
FV_FAIL -0.096 xdma_0_axi_aclk bd_i/layer_0/inst/u_core/g_kvslot[1].mem_reg_uram_19/CAS_IN_DIN_B[54]
FV_FAIL -0.096 xdma_0_axi_aclk bd_i/layer_0/inst/u_core/u_dn/g_lane[123].o_acc_reg[123]/DSP_A_B_DATA_INST/B[13]
FV_FAIL -0.096 xdma_0_axi_aclk bd_i/layer_0/inst/u_core/u_dn/p_1_out__9__3/DSP_A_B_DATA_INST/A[17]
FV_FAIL -0.096 xdma_0_axi_aclk bd_i/layer_0/inst/u_core/u_dma/fmem_reg_0_255_82_82/SP.A/I
FV_FAIL -0.096 xdma_0_axi_aclk bd_i/layer_0/inst/u_core/u_dma/fmem_reg_0_255_151_151/DP.B/I
FV_FAIL -0.096 xdma_0_axi_aclk bd_i/layer_0/inst/u_core/krow_reg[48]/D
FV_FAIL -0.096 xdma_0_axi_aclk bd_i/layer_0/inst/u_core/g_kvslot[1].mem_reg_uram_47/CAS_IN_DIN_B[44]
FV_FAIL -0.096 xdma_0_axi_aclk bd_i/layer_0/inst/u_core/u_dn/g_lane[92].dec_p_reg[92]/DSP_A_B_DATA_INST/A[16]
FV_FAIL -0.096 xdma_0_axi_aclk bd_i/layer_0/inst/u_core/krow_reg[1445]/CE
FV_FAIL -0.096 xdma_0_axi_aclk bd_i/layer_0/inst/u_core/u_topk/ent_reg[3][1]/CE
FV_FAIL -0.096 xdma_0_axi_aclk bd_i/layer_0/inst/u_core/krow_reg[1496]/D
FV_FAIL -0.096 xdma_0_axi_aclk bd_i/layer_0/inst/u_core/u_dn/p_1_out__13__3/DSP_A_B_DATA_INST/A[15]
FV_FAIL -0.096 xdma_0_axi_aclk bd_i/layer_0/inst/u_core/u_attn/g_lane[231].pv_abs_reg[231][25]/D
FV_FAIL -0.096 xdma_0_axi_aclk bd_i/layer_0/inst/u_core/u_dma/fmem_reg_0_255_207_207/SP.D/I
FV_FAIL -0.096 xdma_0_axi_aclk bd_i/layer_0/inst/u_core/u_dma/fmem_reg_0_255_207_207/SP.A/I
FV_FAIL -0.096 xdma_0_axi_aclk bd_i/layer_0/inst/u_core/u_dma/fmem_reg_0_255_287_287/SP.A/I
FV_FAIL -0.096 xdma_0_axi_aclk bd_i/layer_0/inst/u_core/u_dma/fmem_reg_0_255_146_146/SP.D/I
FV_FAIL -0.095 xdma_0_axi_aclk bd_i/layer_0/inst/u_core/u_dn/p_1_out__18__9/DSP_PREADD_DATA_INST/DIN[14]
FV_FAIL -0.095 xdma_0_axi_aclk bd_i/layer_0/inst/u_core/u_attn/dot_reg[20]/D
FV_FAIL -0.095 xdma_0_axi_aclk bd_i/layer_0/inst/u_core/u_dn/vdata_q_reg[10]_rep__7/D
FV_FAIL -0.095 xdma_0_axi_aclk bd_i/layer_0/inst/u_core/u_dn/g_lane[91].p2_p_reg[91]/DSP_A_B_DATA_INST/B[7]
FV_FAIL -0.095 xdma_0_axi_aclk bd_i/layer_0/inst/u_core/u_dma/fmem_reg_0_255_325_325/DP.A/I
FV_FAIL -0.095 xdma_0_axi_aclk bd_i/layer_0/inst/u_core/u_attn/g_lane[199].pv_abs_reg[199][18]/D
FV_FAIL -0.095 xdma_0_axi_aclk bd_i/layer_0/inst/u_core/u_dn/g_lane[78].o_acc_reg[78]/DSP_A_B_DATA_INST/B[9]
FV_FAIL -0.095 xdma_0_axi_aclk bd_i/layer_0/inst/u_core/at_qdata_reg[8]_rep__12/D
FV_FAIL -0.095 xdma_0_axi_aclk bd_i/layer_0/inst/u_core/u_dma/fmem_reg_0_255_125_125/DP.D/I
FV_FAIL -0.095 xdma_0_axi_aclk bd_i/layer_0/inst/u_core/u_dma/fmem_reg_0_255_256_256/SP.C/I
FV_FAIL -0.095 xdma_0_axi_aclk bd_i/layer_0/inst/u_core/u_dma/fmem_reg_0_255_194_194/DP.A/I
FV_FAIL -0.095 xdma_0_axi_aclk bd_i/layer_0/inst/u_core/u_attn/g_lane[13].pv_p_reg[13]/DSP_A_B_DATA_INST/A[3]
FV_FAIL -0.095 xdma_0_axi_aclk bd_i/axi_smc/inst/s00_entry_pipeline/s00_mmu/inst/r_sreg/m_vector_i_reg[1213]/D
FV_FAIL -0.095 xdma_0_axi_aclk bd_i/layer_0/inst/u_core/u_dn/g_lane[10].dm_p_reg[10]/DSP_PREADD_DATA_INST/CED
FV_FAIL -0.095 xdma_0_axi_aclk bd_i/layer_0/inst/u_core/u_dn/g_lane[18].p2_p_reg[18]_i_5_psdsp/CE
FV_FAIL -0.095 xdma_0_axi_aclk bd_i/layer_0/inst/u_core/u_dma/fmem_reg_0_255_47_47/SP.D/I
FV_FAIL -0.095 xdma_0_axi_aclk bd_i/layer_0/inst/u_core/u_dn/p_0_out__13__2/DSP_A_B_DATA_INST/B[8]
FV_FAIL -0.095 xdma_0_axi_aclk bd_i/layer_0/inst/u_core/u_dma/fmem_reg_0_255_217_217/SP.B/I
FV_FAIL -0.094 xdma_0_axi_aclk bd_i/layer_0/inst/u_core/u_attn/dot_reg[19]/D
FV_FAIL -0.094 xdma_0_axi_aclk bd_i/layer_0/inst/u_core/u_dn/p_1_out__18__3/DSP_OUTPUT_INST/ALU_OUT[10]
FV_FAIL -0.094 xdma_0_axi_aclk bd_i/layer_0/inst/u_core/u_dn/p_1_out__18__3/DSP_OUTPUT_INST/ALU_OUT[11]
FV_FAIL -0.094 xdma_0_axi_aclk bd_i/layer_0/inst/u_core/u_dn/p_1_out__18__3/DSP_OUTPUT_INST/ALU_OUT[12]
FV_FAIL -0.094 xdma_0_axi_aclk bd_i/layer_0/inst/u_core/u_dn/p_1_out__18__3/DSP_OUTPUT_INST/ALU_OUT[13]
FV_FAIL -0.094 xdma_0_axi_aclk bd_i/layer_0/inst/u_core/u_dn/p_1_out__18__3/DSP_OUTPUT_INST/ALU_OUT[14]
FV_FAIL -0.094 xdma_0_axi_aclk bd_i/layer_0/inst/u_core/u_dn/p_1_out__18__3/DSP_OUTPUT_INST/ALU_OUT[15]
FV_FAIL -0.094 xdma_0_axi_aclk bd_i/layer_0/inst/u_core/u_dn/p_1_out__18__3/DSP_OUTPUT_INST/ALU_OUT[16]
FV_FAIL -0.094 xdma_0_axi_aclk bd_i/layer_0/inst/u_core/u_dn/p_1_out__18__3/DSP_OUTPUT_INST/ALU_OUT[17]
FV_FAIL -0.094 xdma_0_axi_aclk bd_i/layer_0/inst/u_core/u_dn/p_1_out__18__3/DSP_OUTPUT_INST/ALU_OUT[18]
FV_FAIL -0.094 xdma_0_axi_aclk bd_i/layer_0/inst/u_core/u_dn/p_1_out__18__3/DSP_OUTPUT_INST/ALU_OUT[19]
FV_FAIL -0.094 xdma_0_axi_aclk bd_i/layer_0/inst/u_core/u_dn/p_1_out__18__3/DSP_OUTPUT_INST/ALU_OUT[20]
FV_FAIL -0.094 xdma_0_axi_aclk bd_i/layer_0/inst/u_core/u_dn/p_1_out__18__3/DSP_OUTPUT_INST/ALU_OUT[21]
FV_FAIL -0.094 xdma_0_axi_aclk bd_i/layer_0/inst/u_core/u_dn/p_1_out__18__3/DSP_OUTPUT_INST/ALU_OUT[22]
FV_FAIL -0.094 xdma_0_axi_aclk bd_i/layer_0/inst/u_core/u_dn/p_1_out__18__3/DSP_OUTPUT_INST/ALU_OUT[23]
FV_FAIL -0.094 xdma_0_axi_aclk bd_i/layer_0/inst/u_core/u_dn/p_1_out__18__3/DSP_OUTPUT_INST/ALU_OUT[24]
FV_FAIL -0.094 xdma_0_axi_aclk bd_i/layer_0/inst/u_core/u_dn/p_1_out__18__3/DSP_OUTPUT_INST/ALU_OUT[25]
FV_FAIL -0.094 xdma_0_axi_aclk bd_i/layer_0/inst/u_core/u_dn/p_1_out__18__3/DSP_OUTPUT_INST/ALU_OUT[26]
FV_FAIL -0.094 xdma_0_axi_aclk bd_i/layer_0/inst/u_core/u_dn/p_1_out__18__3/DSP_OUTPUT_INST/ALU_OUT[27]
FV_FAIL -0.094 xdma_0_axi_aclk bd_i/layer_0/inst/u_core/u_dn/p_1_out__18__3/DSP_OUTPUT_INST/ALU_OUT[28]
FV_FAIL -0.094 xdma_0_axi_aclk bd_i/layer_0/inst/u_core/u_dn/p_1_out__18__3/DSP_OUTPUT_INST/ALU_OUT[29]
FV_FAIL -0.094 xdma_0_axi_aclk bd_i/layer_0/inst/u_core/u_dn/p_1_out__18__3/DSP_OUTPUT_INST/ALU_OUT[30]
FV_FAIL -0.094 xdma_0_axi_aclk bd_i/layer_0/inst/u_core/u_dn/p_1_out__18__3/DSP_OUTPUT_INST/ALU_OUT[31]
FV_FAIL -0.094 xdma_0_axi_aclk bd_i/layer_0/inst/u_core/u_dn/p_1_out__18__3/DSP_OUTPUT_INST/ALU_OUT[32]
FV_FAIL -0.094 xdma_0_axi_aclk bd_i/layer_0/inst/u_core/u_dn/p_1_out__18__3/DSP_OUTPUT_INST/ALU_OUT[33]
FV_FAIL -0.094 xdma_0_axi_aclk bd_i/layer_0/inst/u_core/u_dn/p_1_out__18__3/DSP_OUTPUT_INST/ALU_OUT[34]
FV_FAIL -0.094 xdma_0_axi_aclk bd_i/layer_0/inst/u_core/u_dn/p_1_out__18__3/DSP_OUTPUT_INST/ALU_OUT[35]
FV_FAIL -0.094 xdma_0_axi_aclk bd_i/layer_0/inst/u_core/u_dn/p_1_out__18__3/DSP_OUTPUT_INST/ALU_OUT[36]
FV_FAIL -0.094 xdma_0_axi_aclk bd_i/layer_0/inst/u_core/u_dn/p_1_out__18__3/DSP_OUTPUT_INST/ALU_OUT[37]
FV_FAIL -0.094 xdma_0_axi_aclk bd_i/layer_0/inst/u_core/u_dn/p_1_out__18__3/DSP_OUTPUT_INST/ALU_OUT[38]
FV_FAIL -0.094 xdma_0_axi_aclk bd_i/layer_0/inst/u_core/u_dn/p_1_out__18__3/DSP_OUTPUT_INST/ALU_OUT[39]
FV_FAIL -0.094 xdma_0_axi_aclk bd_i/layer_0/inst/u_core/u_dn/p_1_out__18__3/DSP_OUTPUT_INST/ALU_OUT[40]
FV_FAIL -0.094 xdma_0_axi_aclk bd_i/layer_0/inst/u_core/u_dn/p_1_out__18__3/DSP_OUTPUT_INST/ALU_OUT[41]
FV_FAIL -0.094 xdma_0_axi_aclk bd_i/layer_0/inst/u_core/u_dn/p_1_out__18__3/DSP_OUTPUT_INST/ALU_OUT[42]
FV_FAIL -0.094 xdma_0_axi_aclk bd_i/layer_0/inst/u_core/u_dn/p_1_out__18__3/DSP_OUTPUT_INST/ALU_OUT[43]
FV_FAIL -0.094 xdma_0_axi_aclk bd_i/layer_0/inst/u_core/u_dn/p_1_out__18__3/DSP_OUTPUT_INST/ALU_OUT[44]
FV_FAIL -0.094 xdma_0_axi_aclk bd_i/layer_0/inst/u_core/u_dn/p_1_out__18__3/DSP_OUTPUT_INST/ALU_OUT[45]
FV_FAIL -0.094 xdma_0_axi_aclk bd_i/layer_0/inst/u_core/u_dn/p_1_out__18__3/DSP_OUTPUT_INST/ALU_OUT[46]
FV_FAIL -0.094 xdma_0_axi_aclk bd_i/layer_0/inst/u_core/u_dn/p_1_out__18__3/DSP_OUTPUT_INST/ALU_OUT[47]
FV_FAIL -0.094 xdma_0_axi_aclk bd_i/layer_0/inst/u_core/u_dn/p_1_out__18__3/DSP_OUTPUT_INST/ALU_OUT[4]
FV_FAIL -0.094 xdma_0_axi_aclk bd_i/layer_0/inst/u_core/u_dn/p_1_out__18__3/DSP_OUTPUT_INST/ALU_OUT[5]
FV_FAIL -0.094 xdma_0_axi_aclk bd_i/layer_0/inst/u_core/u_dn/p_1_out__18__3/DSP_OUTPUT_INST/ALU_OUT[6]
FV_FAIL -0.094 xdma_0_axi_aclk bd_i/layer_0/inst/u_core/u_dn/p_1_out__18__3/DSP_OUTPUT_INST/ALU_OUT[7]
FV_FAIL -0.094 xdma_0_axi_aclk bd_i/layer_0/inst/u_core/u_dn/p_1_out__18__3/DSP_OUTPUT_INST/ALU_OUT[8]
FV_FAIL -0.094 xdma_0_axi_aclk bd_i/layer_0/inst/u_core/u_dn/p_1_out__18__3/DSP_OUTPUT_INST/ALU_OUT[9]
FV_FAIL -0.094 xdma_0_axi_aclk bd_i/layer_0/inst/u_core/g_kvslot[1].mem_reg_uram_43/CAS_IN_DIN_B[47]
FV_FAIL -0.094 xdma_0_axi_aclk bd_i/layer_0/inst/u_core/u_dn/g_lane[12].kvm_acc_reg[12]/DSP_A_B_DATA_INST/A[18]
FV_FAIL -0.094 xdma_0_axi_aclk bd_i/layer_0/inst/u_core/at_qdata_reg[7]_rep/D
FV_FAIL -0.094 xdma_0_axi_aclk bd_i/layer_0/inst/u_core/u_dn/g_lane[76].kvm_acc_reg[76]/DSP_A_B_DATA_INST/B[0]
FV_FAIL -0.094 xdma_0_axi_aclk bd_i/layer_0/inst/u_core/u_dn/p_1_out__9__3/DSP_A_B_DATA_INST/A[15]
FV_FAIL -0.094 xdma_0_axi_aclk bd_i/layer_0/inst/u_core/u_dn/g_lane[22].kvm_acc_reg[22]/DSP_A_B_DATA_INST/B[13]
FV_FAIL -0.094 xdma_0_axi_aclk bd_i/mvchan_3/inst/u_chan/wb_ptr_reg[1]/R
FV_FAIL -0.094 xdma_0_axi_aclk bd_i/mvchan_3/inst/u_chan/wb_ptr_reg[2]/R
FV_FAIL -0.094 xdma_0_axi_aclk bd_i/mvchan_3/inst/u_chan/wb_ptr_reg[3]/R
FV_FAIL -0.094 xdma_0_axi_aclk bd_i/layer_0/inst/u_core/u_dma/fmem_reg_0_255_142_142/SP.D/I
FV_FAIL -0.094 xdma_0_axi_aclk bd_i/layer_0/inst/u_core/u_attn/g_lane[115].pv_p_reg[115]/DSP_A_B_DATA_INST/A[10]
FV_FAIL -0.094 xdma_0_axi_aclk bd_i/layer_0/inst/u_core/u_dma/fmem_reg_0_255_201_201/SP.C/I
FV_FAIL -0.094 xdma_0_axi_aclk bd_i/layer_0/inst/u_core/u_alu/cp_a16_reg[10]/D
FV_FAIL -0.094 xdma_0_axi_aclk bd_i/layer_0/inst/u_core/at_qdata_reg[8]_rep__9/D
FV_FAIL -0.094 xdma_0_axi_aclk bd_i/layer_0/inst/u_core/u_attn/g_lane[16].pv_p_reg[16]/DSP_A_B_DATA_INST/A[4]
FV_FAIL -0.094 xdma_0_axi_aclk bd_i/layer_0/inst/u_core/at_qdata_reg[9]_rep__12/D
FV_FAIL -0.094 xdma_0_axi_aclk bd_i/layer_0/inst/u_core/u_attn/g_lane[192].pv_abs_reg[192][17]/D
FV_FAIL -0.094 xdma_0_axi_aclk bd_i/layer_0/inst/u_core/u_dn/g_lane[99].o_acc_reg[99]/DSP_A_B_DATA_INST/B[8]
FV_FAIL -0.094 xdma_0_axi_aclk bd_i/layer_0/inst/u_core/u_dma/beat_acc_reg[494]/D
FV_FAIL -0.094 xdma_0_axi_aclk bd_i/layer_0/inst/u_core/u_attn/g_lane[191].pv_p_reg[191]_i_4_psdsp_1/D
FV_FAIL -0.094 xdma_0_axi_aclk bd_i/layer_0/inst/u_core/u_dn/p_1_out__29__0/DSP_A_B_DATA_INST/A[8]
FV_FAIL -0.094 xdma_0_axi_aclk bd_i/layer_0/inst/u_core/u_attn/o_g4_reg[2][25]/D
FV_FAIL -0.094 xdma_0_axi_aclk bd_i/layer_0/inst/u_core/u_dma/fmem_reg_0_255_325_325/DP.B/I
FV_FAIL -0.094 xdma_0_axi_aclk bd_i/layer_0/inst/u_core/u_alu/ps_rnd_reg[27]/D
FV_FAIL -0.093 xdma_0_axi_aclk bd_i/layer_0/inst/u_core/u_attn/g_lane[56].pv_p_reg[56]/DSP_A_B_DATA_INST/A[16]
FV_FAIL -0.093 xdma_0_axi_aclk bd_i/layer_0/inst/u_core/u_dn/g_lane[75].kvm_acc_reg[75]/DSP_A_B_DATA_INST/B[13]
FV_FAIL -0.093 xdma_0_axi_aclk bd_i/layer_0/inst/u_core/at_qdata_reg[4]_rep/D
FV_FAIL -0.093 xdma_0_axi_aclk bd_i/layer_0/inst/u_core/at_qdata_reg[5]_rep__10/D
FV_FAIL -0.093 xdma_0_axi_aclk bd_i/layer_0/inst/u_core/u_dma/fmem_reg_0_255_194_194/DP.B/I
FV_FAIL -0.093 xdma_0_axi_aclk bd_i/layer_0/inst/u_core/g_dnslot[1].mem_reg_uram_20/ADDR_A[5]
FV_FAIL -0.093 xdma_0_axi_aclk bd_i/axi_smc/inst/s00_entry_pipeline/s00_mmu/inst/r_sreg/m_vector_i_reg[1195]/D
FV_FAIL -0.093 xdma_0_axi_aclk bd_i/layer_0/inst/u_core/u_attn/g_lane[122].prod_reg[122]/DSP_A_B_DATA_INST/B[12]
FV_FAIL -0.093 xdma_0_axi_aclk bd_i/layer_0/inst/u_core/u_dma/fmem_reg_0_255_151_151/DP.C/I
FV_FAIL -0.093 xdma_0_axi_aclk bd_i/layer_0/inst/u_core/u_dn/p_0_out__9__6/DSP_A_B_DATA_INST/B[3]
FV_FAIL -0.093 xdma_0_axi_aclk bd_i/layer_0/inst/u_core/u_dma/fmem_reg_0_255_138_138/DP.D/I
FV_FAIL -0.093 xdma_0_axi_aclk bd_i/layer_0/inst/u_core/u_dn/p_1_out__12__2/DSP_A_B_DATA_INST/A[22]
FV_FAIL -0.093 xdma_0_axi_aclk bd_i/layer_0/inst/u_core/u_attn/g_lane[151].pv_p_reg[151]/DSP_A_B_DATA_INST/A[3]
FV_FAIL -0.093 xdma_0_axi_aclk bd_i/layer_0/inst/u_core/u_attn/o_g4_reg[2][9]/D
FV_FAIL -0.093 xdma_0_axi_aclk bd_i/layer_0/inst/u_core/u_attn/g_lane[191].pv_p_reg[191]_i_4_psdsp/D
FV_FAIL -0.093 xdma_0_axi_aclk bd_i/layer_0/inst/u_core/u_vn/ss_acc0_i_13_replica_psdsp/D
FV_FAIL -0.093 xdma_0_axi_aclk bd_i/layer_0/inst/u_core/u_dma/fmem_reg_0_255_218_218/DP.A/I
FV_FAIL -0.093 xdma_0_axi_aclk bd_i/layer_0/inst/u_core/u_dn/g_lane[92].dec_p_reg[92]/DSP_A_B_DATA_INST/A[18]
FV_FAIL -0.093 xdma_0_axi_aclk bd_i/layer_0/inst/u_core/u_dn/g_lane[59].kvm_acc_reg[59]_i_8_psdsp/D
FV_FAIL -0.092 xdma_0_axi_aclk bd_i/layer_0/inst/u_core/dma_slot_reg_replica_66/CE
FV_FAIL -0.092 xdma_0_axi_aclk bd_i/layer_0/inst/u_core/u_dn/p_1_out__18__9/DSP_PREADD_DATA_INST/DIN[17]
FV_FAIL -0.092 xdma_0_axi_aclk bd_i/layer_0/inst/u_core/u_dma/fmem_reg_0_255_82_82/DP.A/I
FV_FAIL -0.092 xdma_0_axi_aclk bd_i/layer_0/inst/u_core/u_attn/g_lane[52].pv_p_reg[52]/DSP_A_B_DATA_INST/A[5]
FV_FAIL -0.092 xdma_0_axi_aclk bd_i/layer_0/inst/u_core/u_dn/p_0_out__15__1/DSP_A_B_DATA_INST/B[14]
FV_FAIL -0.092 xdma_0_axi_aclk bd_i/layer_0/inst/u_core/u_attn/g_lane[228].prod_reg[228]/DSP_A_B_DATA_INST/B[11]
FV_FAIL -0.092 xdma_0_axi_aclk bd_i/layer_0/inst/u_core/u_dn/o_sel_reg[24]/D
FV_FAIL -0.092 xdma_0_axi_aclk bd_i/layer_0/inst/u_core/enq_layer_reg[0]/CE
FV_FAIL -0.092 xdma_0_axi_aclk bd_i/layer_0/inst/u_core/enq_layer_reg[2]/CE
FV_FAIL -0.092 xdma_0_axi_aclk bd_i/layer_0/inst/u_core/u_dma/fmem_reg_0_255_256_256/SP.B/I
FV_FAIL -0.092 xdma_0_axi_aclk bd_i/layer_0/inst/u_core/u_dn/g_lane[98].kvm_acc_reg[98]/DSP_A_B_DATA_INST/B[3]
FV_FAIL -0.092 xdma_0_axi_aclk bd_i/layer_0/inst/u_core/u_attn/g_lane[123].pv_p_reg[123]/DSP_A_B_DATA_INST/A[25]
FV_FAIL -0.092 xdma_0_axi_aclk bd_i/layer_0/inst/u_core/u_dn/p_1_out__3__16/DSP_A_B_DATA_INST/B[4]
FV_FAIL -0.092 xdma_0_axi_aclk bd_i/layer_0/inst/u_core/u_attn/g_lane[79].prod_reg[79]/DSP_A_B_DATA_INST/B[7]
FV_FAIL -0.092 xdma_0_axi_aclk bd_i/layer_0/inst/u_core/u_dma/fmem_reg_0_255_150_150/DP.B/I
FV_FAIL -0.092 xdma_0_axi_aclk bd_i/layer_0/inst/u_core/u_attn/g_lane[227].pv_abs_reg[227][19]/D
FV_FAIL -0.092 xdma_0_axi_aclk bd_i/layer_0/inst/u_core/u_dn/g_lane[12].dec_p_reg[12]/DSP_A_B_DATA_INST/A[29]
FV_FAIL -0.092 xdma_0_axi_aclk bd_i/layer_0/inst/u_core/u_dma/fmem_reg_0_255_340_340/SP.C/I
FV_FAIL -0.092 xdma_0_axi_aclk bd_i/layer_0/inst/u_core/u_dn/g_lane[61].dec_p_reg[61]/DSP_A_B_DATA_INST/A[3]
FV_FAIL -0.092 xdma_0_axi_aclk bd_i/layer_0/inst/u_core/u_dn/vdata_q_reg[3]_rep__3_replica_1/D
FV_FAIL -0.092 xdma_0_axi_aclk bd_i/layer_0/inst/u_core/u_dma/fmem_reg_0_255_336_336/DP.B/I
FV_FAIL -0.092 xdma_0_axi_aclk bd_i/layer_0/inst/u_core/u_dn/p_1_out__14__6/DSP_A_B_DATA_INST/A[3]
FV_FAIL -0.092 xdma_0_axi_aclk bd_i/layer_0/inst/u_core/u_dn/g_lane[100].kvm_acc_reg[100]/DSP_A_B_DATA_INST/B[14]
FV_FAIL -0.092 xdma_0_axi_aclk bd_i/layer_0/inst/u_core/u_dma/fmem_reg_0_255_138_138/SP.C/I
FV_FAIL -0.092 xdma_0_axi_aclk bd_i/layer_0/inst/u_core/u_attn/g_lane[20].prod_reg[20]/DSP_A_B_DATA_INST/CEA2
FV_FAIL -0.091 xdma_0_axi_aclk bd_i/layer_0/inst/u_core/u_dn/g_lane[71].kvm_acc_reg[71]/DSP_A_B_DATA_INST/B[16]
FV_FAIL -0.091 xdma_0_axi_aclk bd_i/layer_0/inst/u_core/u_dma/fmem_reg_0_255_150_150/DP.A/I
FV_FAIL -0.091 xdma_0_axi_aclk bd_i/layer_0/inst/u_core/u_dn/g_lane[91].p2_p_reg[91]/DSP_A_B_DATA_INST/B[5]
FV_FAIL -0.091 xdma_0_axi_aclk bd_i/layer_0/inst/u_core/u_dn/p_0_out__13__4/DSP_A_B_DATA_INST/B[5]
FV_FAIL -0.091 xdma_0_axi_aclk bd_i/layer_0/inst/u_core/u_dn/g_lane[91].dm_p_reg[91]/DSP_PREADD_DATA_INST/DIN[19]
FV_FAIL -0.091 xdma_0_axi_aclk bd_i/layer_0/inst/u_core/u_attn/o_g4_reg[0][7]/D
FV_FAIL -0.091 xdma_0_axi_aclk bd_i/layer_0/inst/u_core/at_qdata_reg[4]/D
FV_FAIL -0.091 xdma_0_axi_aclk bd_i/layer_0/inst/u_core/enq_kind_reg[1]/CE
FV_FAIL -0.091 xdma_0_axi_aclk bd_i/layer_0/inst/u_core/enq_layer_reg[1]/CE
FV_FAIL -0.091 xdma_0_axi_aclk bd_i/layer_0/inst/u_core/enq_slot_reg/CE
FV_FAIL -0.091 xdma_0_axi_aclk bd_i/axi_smc/inst/m00_nodes/m00_r_node/inst/inst_mi_handler/gen_normal_area.inst_fifo_node_payld/gen_xpm_memory_fifo.inst_fifo/gen_mem_rep[1].inst_xpm_memory/xpm_memory_base_inst/gen_rd_b.gen_rd_b_synth_template.gen_rf_narrow_reg.doutb_reg_reg[87]/D
FV_FAIL -0.091 xdma_0_axi_aclk bd_i/layer_0/inst/u_core/u_dma/fmem_reg_0_255_220_220/DP.A/I
FV_FAIL -0.091 xdma_0_axi_aclk bd_i/layer_0/inst/u_core/u_attn/g_lane[239].pv_abs_reg[239][21]/D
FV_FAIL -0.091 xdma_0_axi_aclk bd_i/layer_0/inst/u_core/u_attn/g_lane[92].pv_p_reg[92]/DSP_A_B_DATA_INST/A[19]
FV_FAIL -0.091 xdma_0_axi_aclk bd_i/layer_0/inst/u_core/u_dn/g_lane[11].p2_p_reg[11]/DSP_A_B_DATA_INST/B[5]
FV_FAIL -0.091 xdma_0_axi_aclk bd_i/layer_0/inst/u_core/at_qdata_reg[8]_rep__6/D
FV_FAIL -0.091 xdma_0_axi_aclk bd_i/layer_0/inst/u_core/krow_reg[1097]/CE
FV_FAIL -0.091 xdma_0_axi_aclk bd_i/layer_0/inst/u_core/u_dn/p_1_out__2__17/DSP_A_B_DATA_INST/B[2]
FV_FAIL -0.091 xdma_0_axi_aclk bd_i/layer_0/inst/u_core/u_dma/fmem_reg_0_255_201_201/SP.B/I
FV_FAIL -0.091 xdma_0_axi_aclk bd_i/layer_0/inst/u_core/u_dma/fmem_reg_0_255_90_90/DP.B/I
FV_FAIL -0.091 xdma_0_axi_aclk bd_i/mvchan_3/inst/u_chan/csr_static_nrows_reg[11]/R
FV_FAIL -0.091 xdma_0_axi_aclk bd_i/mvchan_3/inst/u_chan/csr_static_wbeats_reg[17]/R
FV_FAIL -0.091 xdma_0_axi_aclk bd_i/layer_0/inst/u_core/u_dma/fmem_reg_0_255_44_44/DP.B/I
FV_FAIL -0.091 xdma_0_axi_aclk bd_i/layer_0/inst/u_core/u_dma/fmem_reg_0_255_194_194/SP.A/I
FV_FAIL -0.091 xdma_0_axi_aclk bd_i/layer_0/inst/u_core/u_attn/g_lane[154].prod_reg[154]/DSP_A_B_DATA_INST/B[2]
FV_FAIL -0.091 xdma_0_axi_aclk bd_i/layer_0/inst/u_core/u_attn/g_lane[227].pv_abs_reg[227][18]/D
FV_FAIL -0.091 xdma_0_axi_aclk bd_i/layer_0/inst/u_core/u_dn/g_lane[69].dm_p_reg[69]/DSP_A_B_DATA_INST/A[16]
FV_FAIL -0.091 xdma_0_axi_aclk bd_i/layer_0/inst/u_core/u_dn/g_lane[93].kvm_acc_reg[93]_i_15_psdsp/D
FV_FAIL -0.091 xdma_0_axi_aclk bd_i/layer_0/inst/u_core/g_kvslot[1].mem_reg_uram_7/CAS_IN_ADDR_A[0]
FV_FAIL -0.091 xdma_0_axi_aclk bd_i/layer_0/inst/u_core/dn_vdata_reg[1]/D
FV_FAIL -0.091 xdma_0_axi_aclk bd_i/layer_0/inst/u_core/u_dn/g_lane[48].p2_p_reg[48]/DSP_A_B_DATA_INST/B[2]
FV_FAIL -0.091 xdma_0_axi_aclk bd_i/layer_0/inst/u_core/u_attn/g_lane[93].prod_reg[93]/DSP_A_B_DATA_INST/B[9]
FV_FAIL -0.091 xdma_0_axi_aclk bd_i/layer_0/inst/u_core/u_attn/g_lane[87].prod_reg[87]/DSP_A_B_DATA_INST/B[4]
FV_FAIL -0.091 xdma_0_axi_aclk bd_i/layer_0/inst/u_core/u_topk/ent_reg[13][23]/CE
FV_FAIL -0.091 xdma_0_axi_aclk bd_i/layer_0/inst/u_core/u_topk/ent_reg[13][24]/CE
FV_FAIL -0.091 xdma_0_axi_aclk bd_i/layer_0/inst/u_core/u_topk/ent_reg[13][26]/CE
FV_FAIL -0.091 xdma_0_axi_aclk bd_i/layer_0/inst/u_core/u_topk/ent_reg[13][37]/CE
FV_FAIL -0.091 xdma_0_axi_aclk bd_i/layer_0/inst/u_core/u_vn/ss_acc0_i_13_replica_psdsp_1/D
FV_FAIL -0.091 xdma_0_axi_aclk bd_i/layer_0/inst/u_core/smem_b_reg_bram_16/ADDRBWRADDR[13]
FV_FAIL -0.091 xdma_0_axi_aclk bd_i/layer_0/inst/u_core/u_dn/p_0_out__17__0/DSP_A_B_DATA_INST/A[23]
FV_FAIL -0.091 xdma_0_axi_aclk bd_i/layer_0/inst/u_core/g_kvslot[1].mem_reg_uram_43/CAS_IN_DIN_B[31]
FV_FAIL -0.091 xdma_0_axi_aclk bd_i/layer_0/inst/u_core/u_dma/fmem_reg_0_255_149_149/SP.C/I
FV_FAIL -0.091 xdma_0_axi_aclk bd_i/layer_0/inst/u_core/u_attn/g_lane[231].pv_abs_reg[231][21]/D
FV_FAIL -0.091 xdma_0_axi_aclk bd_i/layer_0/inst/u_core/u_dma/fmem_reg_0_255_325_325/DP.C/I
FV_FAIL -0.091 xdma_0_axi_aclk bd_i/layer_0/inst/u_core/u_dma/fmem_reg_0_255_82_82/DP.B/I
FV_FAIL -0.091 xdma_0_axi_aclk bd_i/layer_0/inst/u_core/u_dn/g_lane[12].p2_p_reg[12]/DSP_A_B_DATA_INST/B[11]
FV_FAIL -0.091 xdma_0_axi_aclk bd_i/layer_0/inst/u_core/u_dma/fmem_reg_0_255_39_39/DP.D/I
FV_FAIL -0.091 xdma_0_axi_aclk bd_i/layer_0/inst/u_core/u_dn/g_lane[37].kvm_acc_reg[37]/DSP_A_B_DATA_INST/A[27]
FV_FAIL -0.091 xdma_0_axi_aclk bd_i/layer_0/inst/u_core/g_dnslot[1].mem_reg_uram_21/ADDR_A[4]
FV_FAIL -0.090 xdma_0_axi_aclk bd_i/layer_0/inst/u_core/u_attn/g_lane[239].pv_abs_reg[239][25]/D
FV_FAIL -0.090 xdma_0_axi_aclk bd_i/layer_0/inst/u_core/u_dma/fmem_reg_0_255_192_192/SP.C/I
FV_FAIL -0.090 xdma_0_axi_aclk bd_i/layer_0/inst/u_core/u_dn/p_1_out__26__2/DSP_A_B_DATA_INST/B[0]
FV_FAIL -0.090 xdma_0_axi_aclk bd_i/layer_0/inst/u_core/u_dn/g_lane[61].dec_p_reg[61]/DSP_A_B_DATA_INST/A[20]
FV_FAIL -0.090 xdma_0_axi_aclk bd_i/layer_0/inst/u_core/u_dma/fmem_reg_0_255_194_194/DP.C/I
FV_FAIL -0.090 xdma_0_axi_aclk bd_i/layer_0/inst/u_core/krow_reg[1098]/CE
FV_FAIL -0.090 xdma_0_axi_aclk bd_i/layer_0/inst/u_core/u_attn/g_lane[79].pv_p_reg[79]/DSP_A_B_DATA_INST/A[7]
FV_FAIL -0.090 xdma_0_axi_aclk bd_i/layer_0/inst/u_core/smem_a_reg_bram_4/WEA[0]
FV_FAIL -0.090 xdma_0_axi_aclk bd_i/layer_0/inst/u_core/u_dn/g_lane[76].o_acc_reg[76]/DSP_A_B_DATA_INST/B[9]
FV_FAIL -0.090 xdma_0_axi_aclk bd_i/layer_0/inst/u_core/u_dn/g_lane[65].dec_p_reg[65]/DSP_A_B_DATA_INST/A[13]
FV_FAIL -0.090 xdma_0_axi_aclk bd_i/layer_0/inst/u_core/u_attn/g_lane[119].prod_reg[119]/DSP_A_B_DATA_INST/B[10]
FV_FAIL -0.090 xdma_0_axi_aclk bd_i/layer_0/inst/u_core/u_dn/p_1_out__9__6/DSP_A_B_DATA_INST/B[16]
FV_FAIL -0.090 xdma_0_axi_aclk bd_i/layer_0/inst/u_core/u_dn/p_1_out__5__17/DSP_A_B_DATA_INST/A[12]
FV_FAIL -0.090 xdma_0_axi_aclk bd_i/layer_0/inst/u_core/u_dn/g_lane[12].dec_p_reg[12]/DSP_A_B_DATA_INST/A[21]
FV_FAIL -0.090 xdma_0_axi_aclk bd_i/layer_0/inst/u_core/g_kvslot[1].mem_reg_uram_45/CAS_IN_DIN_B[60]
FV_FAIL -0.090 xdma_0_axi_aclk bd_i/layer_0/inst/u_core/u_dn/g_lane[79].p2_p_reg[79]/DSP_A_B_DATA_INST/B[7]
FV_FAIL -0.090 xdma_0_axi_aclk bd_i/layer_0/inst/u_core/u_dn/g_lane[118].kvm_acc_reg[118]_i_2_psdsp/D
FV_FAIL -0.090 xdma_0_axi_aclk bd_i/layer_0/inst/u_core/g_kvslot[1].mem_reg_uram_31/CAS_IN_ADDR_A[10]
FV_FAIL -0.090 xdma_0_axi_aclk bd_i/layer_0/inst/u_core/u_topk/ent_reg[13][21]/CE
FV_FAIL -0.090 xdma_0_axi_aclk bd_i/layer_0/inst/u_core/u_dma/fmem_reg_0_255_489_489/SP.C/I
FV_FAIL -0.090 xdma_0_axi_aclk bd_i/layer_0/inst/u_core/g_kvslot[0].mem_reg_uram_31/CAS_IN_DIN_B[28]
FV_FAIL -0.090 xdma_0_axi_aclk bd_i/axi_smc/inst/m00_nodes/m00_r_node/inst/inst_mi_handler/gen_normal_area.inst_fifo_node_payld/gen_xpm_memory_fifo.inst_fifo/gen_mem_rep[2].inst_xpm_memory/xpm_memory_base_inst/gen_rd_b.gen_rd_b_synth_template.gen_rf_narrow_reg.doutb_reg_reg[124]/D
FV_FAIL -0.090 xdma_0_axi_aclk bd_i/layer_0/inst/u_core/u_dma/beat_acc_reg[185]/R
FV_FAIL -0.090 xdma_0_axi_aclk bd_i/layer_0/inst/u_core/u_dn/g_lane[2].dm_p_reg[2]/DSP_PREADD_DATA_INST/DIN[7]
FV_FAIL -0.089 xdma_0_axi_aclk bd_i/layer_0/inst/u_core/u_dma/fmem_reg_0_255_192_192/DP.D/I
FV_FAIL -0.089 xdma_0_axi_aclk bd_i/layer_0/inst/u_core/u_dn/p_1_out__16__7/DSP_A_B_DATA_INST/B[0]
FV_FAIL -0.089 xdma_0_axi_aclk bd_i/layer_0/inst/u_core/u_dn/p_1_out__14__6/DSP_A_B_DATA_INST/A[26]
FV_FAIL -0.089 xdma_0_axi_aclk bd_i/layer_0/inst/u_core/u_attn/g_lane[196].pv_abs_reg[196][11]/D
FV_FAIL -0.089 xdma_0_axi_aclk bd_i/layer_0/inst/u_core/g_kvslot[1].mem_reg_uram_15/CAS_IN_DIN_B[19]
FV_FAIL -0.089 xdma_0_axi_aclk bd_i/layer_0/inst/u_core/u_dma/fmem_reg_0_255_150_150/DP.C/I
FV_FAIL -0.089 xdma_0_axi_aclk bd_i/layer_0/inst/u_core/u_dn/p_0_out__12__5/DSP_A_B_DATA_INST/B[13]
FV_FAIL -0.089 xdma_0_axi_aclk bd_i/layer_0/inst/u_core/u_dn/p_1_out__16__7/DSP_A_B_DATA_INST/B[12]
FV_FAIL -0.089 xdma_0_axi_aclk bd_i/layer_0/inst/u_core/u_dn/g_lane[78].p2_p_reg[78]/DSP_A_B_DATA_INST/B[7]
FV_FAIL -0.089 xdma_0_axi_aclk bd_i/layer_0/inst/u_core/u_dn/p_1_out__23__6/DSP_A_B_DATA_INST/B[7]
FV_FAIL -0.089 xdma_0_axi_aclk bd_i/layer_0/inst/u_core/u_dma/beat_acc_reg[439]/R
FV_FAIL -0.089 xdma_0_axi_aclk bd_i/layer_0/inst/u_core/u_topk/ent_reg[0][16]/CE
FV_FAIL -0.089 xdma_0_axi_aclk bd_i/layer_0/inst/u_core/u_dma/fmem_reg_0_255_340_340/SP.B/I
FV_FAIL -0.089 xdma_0_axi_aclk bd_i/layer_0/inst/u_core/u_dma/fmem_reg_0_255_336_336/DP.C/I
FV_FAIL -0.089 xdma_0_axi_aclk bd_i/layer_0/inst/u_core/u_dma/fmem_reg_0_255_302_302/DP.D/I
FV_FAIL -0.089 xdma_0_axi_aclk bd_i/layer_0/inst/u_core/u_dn/g_lane[47].kvm_acc_reg[47]/DSP_A_B_DATA_INST/A[25]
FV_FAIL -0.089 xdma_0_axi_aclk bd_i/layer_0/inst/u_core/u_dn/p_1_out__0__6/DSP_A_B_DATA_INST/A[21]
FV_FAIL -0.089 xdma_0_axi_aclk bd_i/layer_0/inst/u_core/u_dma/fmem_reg_0_255_138_138/SP.B/I
FV_FAIL -0.089 xdma_0_axi_aclk bd_i/layer_0/inst/u_core/u_attn/o_g4_reg[0][27]/D
FV_FAIL -0.088 xdma_0_axi_aclk bd_i/layer_0/inst/u_core/u_attn/g_lane[199].pv_abs_reg[199][16]/D
FV_FAIL -0.088 xdma_0_axi_aclk bd_i/layer_0/inst/u_core/u_dn/vdata_q_reg[0]_rep__7_replica_5/D
FV_FAIL -0.088 xdma_0_axi_aclk bd_i/layer_0/inst/u_core/u_attn/g_lane[196].pv_abs_reg[196][10]/D
FV_FAIL -0.088 xdma_0_axi_aclk bd_i/layer_0/inst/u_core/krow_reg[450]/D
FV_FAIL -0.088 xdma_0_axi_aclk bd_i/layer_0/inst/u_core/u_dn/p_1_out__4__5/DSP_A_B_DATA_INST/B[2]
FV_FAIL -0.088 xdma_0_axi_aclk bd_i/layer_0/inst/u_core/u_attn/g_lane[194].pv_abs_reg[194][15]/D
FV_FAIL -0.088 xdma_0_axi_aclk bd_i/layer_0/inst/u_core/u_dn/g_lane[118].kvm_acc_reg[118]_i_16_psdsp/D
FV_FAIL -0.088 xdma_0_axi_aclk bd_i/layer_0/inst/u_core/u_dn/g_lane[63].p2_p_reg[63]/DSP_A_B_DATA_INST/B[7]
FV_FAIL -0.088 xdma_0_axi_aclk bd_i/layer_0/inst/u_core/u_dn/g_lane[74].kvm_acc_reg[74]/DSP_A_B_DATA_INST/B[11]
FV_FAIL -0.088 xdma_0_axi_aclk bd_i/layer_0/inst/u_core/u_dma/fmem_reg_0_255_142_142/DP.D/I
FV_FAIL -0.088 xdma_0_axi_aclk bd_i/layer_0/inst/u_core/u_dma/fmem_reg_0_255_307_307/SP.A/I
FV_FAIL -0.088 xdma_0_axi_aclk bd_i/layer_0/inst/u_core/g_kvslot[1].mem_reg_uram_45/CAS_IN_DIN_B[25]
FV_FAIL -0.088 xdma_0_axi_aclk bd_i/layer_0/inst/u_core/u_attn/mul_p00__0/DSP_A_B_DATA_INST/A[5]
FV_FAIL -0.088 xdma_0_axi_aclk bd_i/layer_0/inst/u_core/u_dma/fmem_reg_0_255_90_90/DP.C/I
FV_FAIL -0.088 xdma_0_axi_aclk bd_i/layer_0/inst/u_core/u_attn/g_lane[112].pv_p_reg[112]/DSP_A_B_DATA_INST/A[6]
FV_FAIL -0.088 xdma_0_axi_aclk bd_i/layer_0/inst/u_core/u_dma/fmem_reg_0_255_44_44/DP.C/I
FV_FAIL -0.088 xdma_0_axi_aclk bd_i/layer_0/inst/u_core/u_topk/ent_reg[0][15]/CE
FV_FAIL -0.088 xdma_0_axi_aclk bd_i/layer_0/inst/u_core/u_dn/p_1_out__24__2/DSP_A_B_DATA_INST/A[8]
FV_FAIL -0.088 xdma_0_axi_aclk bd_i/layer_0/inst/u_core/g_kvslot[1].mem_reg_uram_43/CAS_IN_DIN_B[55]
FV_FAIL -0.088 xdma_0_axi_aclk bd_i/layer_0/inst/u_core/u_dn/p_1_out__0__6/DSP_A_B_DATA_INST/A[13]
FV_FAIL -0.088 xdma_0_axi_aclk bd_i/layer_0/inst/u_core/u_attn/g_lane[15].prod_reg[15]/DSP_A_B_DATA_INST/B[1]
FV_FAIL -0.088 xdma_0_axi_aclk bd_i/layer_0/inst/u_core/u_dn/p_1_out__9__3/DSP_A_B_DATA_INST/A[27]
FV_FAIL -0.088 xdma_0_axi_aclk bd_i/layer_0/inst/u_core/u_dma/fmem_reg_0_255_218_218/SP.D/I
FV_FAIL -0.088 xdma_0_axi_aclk bd_i/layer_0/inst/u_core/u_dma/fmem_reg_0_255_149_149/SP.B/I
FV_FAIL -0.088 xdma_0_axi_aclk bd_i/layer_0/inst/u_core/u_dma/fmem_reg_0_255_82_82/DP.C/I
FV_FAIL -0.088 xdma_0_axi_aclk bd_i/layer_0/inst/u_core/u_dn/g_lane[42].kvm_acc_reg[42]/DSP_A_B_DATA_INST/B[0]
FV_FAIL -0.088 xdma_0_axi_aclk bd_i/layer_0/inst/u_core/u_dn/g_lane[0].kvm_acc_reg[0]/DSP_A_B_DATA_INST/B[4]
FV_FAIL -0.088 xdma_0_axi_aclk bd_i/layer_0/inst/u_core/u_attn/g_lane[125].pv_p_reg[125]/DSP_A_B_DATA_INST/A[24]
FV_FAIL -0.087 xdma_0_axi_aclk bd_i/layer_0/inst/u_core/u_attn/g_lane[115].pv_p_reg[115]/DSP_A_B_DATA_INST/A[18]
FV_FAIL -0.087 xdma_0_axi_aclk bd_i/layer_0/inst/u_core/u_dn/g_lane[43].kvm_acc_reg[43]/DSP_A_B_DATA_INST/B[1]
FV_FAIL -0.087 xdma_0_axi_aclk bd_i/layer_0/inst/u_core/g_kvslot[1].mem_reg_uram_45/CAS_IN_BWE_B[8]
FV_FAIL -0.087 xdma_0_axi_aclk bd_i/layer_0/inst/u_core/u_dma/fmem_reg_0_255_192_192/SP.B/I
FV_FAIL -0.087 xdma_0_axi_aclk bd_i/layer_0/inst/u_core/u_attn/dot_reg[17]/D
FV_FAIL -0.087 xdma_0_axi_aclk bd_i/layer_0/inst/u_core/u_topk/ent_reg[9][8]/CE
FV_FAIL -0.087 xdma_0_axi_aclk bd_i/layer_0/inst/u_core/u_alu/cp_v32_reg[2]/D
FV_FAIL -0.087 xdma_0_axi_aclk bd_i/axil_slice_5/inst/w.w_pipe/m_valid_i_reg/D
FV_FAIL -0.087 xdma_0_axi_aclk bd_i/layer_0/inst/u_core/u_dn/g_lane[59].kvm_acc_reg[59]_i_12_psdsp/D
FV_FAIL -0.087 xdma_0_axi_aclk bd_i/layer_0/inst/u_core/u_attn/g_lane[119].prod_reg[119]/DSP_A_B_DATA_INST/B[7]
FV_FAIL -0.087 xdma_0_axi_aclk bd_i/layer_0/inst/u_core/u_dn/g_lane[59].dec_p_reg[59]/DSP_A_B_DATA_INST/A[15]
FV_FAIL -0.087 xdma_0_axi_aclk bd_i/layer_0/inst/u_core/u_attn/g_lane[193].pv_abs_reg[193][19]/D
FV_FAIL -0.087 xdma_0_axi_aclk bd_i/layer_0/inst/u_core/u_attn/g_lane[122].prod_reg[122]/DSP_A_B_DATA_INST/B[14]
FV_FAIL -0.087 xdma_0_axi_aclk bd_i/layer_0/inst/u_core/at_qdata_reg[7]_rep__2/D
FV_FAIL -0.087 xdma_0_axi_aclk bd_i/layer_0/inst/u_core/u_attn/g_lane[83].prod_reg[83]/DSP_A_B_DATA_INST/B[6]
FV_FAIL -0.087 xdma_0_axi_aclk bd_i/layer_0/inst/u_core/u_dn/g_lane[12].dec_p_reg[12]/DSP_A_B_DATA_INST/A[25]
FV_FAIL -0.087 xdma_0_axi_aclk bd_i/layer_0/inst/u_core/u_dn/g_lane[0].dm_p_reg[0]/DSP_PREADD_DATA_INST/DIN[4]
FV_FAIL -0.087 xdma_0_axi_aclk bd_i/layer_0/inst/u_core/u_dn/p_1_out__6__7/DSP_A_B_DATA_INST/A[27]
FV_FAIL -0.087 xdma_0_axi_aclk bd_i/layer_0/inst/u_core/u_attn/g_lane[237].pv_p_reg[237]/DSP_OUTPUT_INST/ALU_OUT[2]
FV_FAIL -0.087 xdma_0_axi_aclk bd_i/layer_0/inst/u_core/u_attn/g_lane[237].pv_p_reg[237]/DSP_OUTPUT_INST/ALU_OUT[3]
FV_FAIL -0.087 xdma_0_axi_aclk bd_i/layer_0/inst/u_core/u_dma/fmem_reg_0_255_489_489/SP.B/I
FV_FAIL -0.086 xdma_0_axi_aclk bd_i/layer_0/inst/u_core/u_dn/g_lane[112].kvm_acc_reg[112]/DSP_A_B_DATA_INST/B[9]
FV_FAIL -0.086 xdma_0_axi_aclk bd_i/layer_0/inst/u_core/u_attn/g_lane[9].pv_p_reg[9]/DSP_A_B_DATA_INST/A[1]
FV_FAIL -0.086 xdma_0_axi_aclk bd_i/layer_0/inst/u_core/g_kvslot[1].mem_reg_uram_43/CAS_IN_ADDR_B[9]
FV_FAIL -0.086 xdma_0_axi_aclk bd_i/axi_smc/inst/m00_nodes/m00_r_node/inst/inst_mi_handler/gen_normal_area.inst_fifo_node_payld/gen_xpm_memory_fifo.inst_fifo/gen_mem_rep[2].inst_xpm_memory/xpm_memory_base_inst/gen_rd_b.gen_rd_b_synth_template.gen_rf_narrow_reg.doutb_reg_reg[103]/D
FV_FAIL -0.086 xdma_0_axi_aclk bd_i/layer_0/inst/u_core/u_dn/g_lane[40].kvm_acc_reg[40]/DSP_A_B_DATA_INST/B[0]
FV_FAIL -0.086 xdma_0_axi_aclk bd_i/layer_0/inst/u_core/krow_reg[1166]/D
FV_FAIL -0.086 xdma_0_axi_aclk bd_i/layer_0/inst/u_core/u_dn/g_lane[113].p2_p_reg[113]_i_2_psdsp/D
FV_FAIL -0.086 xdma_0_axi_aclk bd_i/layer_0/inst/u_core/u_dma/fmem_reg_0_255_208_208/SP.D/I
FV_FAIL -0.086 xdma_0_axi_aclk bd_i/layer_0/inst/u_core/u_attn/o_g4_reg[0][13]/D
FV_FAIL -0.086 xdma_0_axi_aclk bd_i/layer_0/inst/u_core/u_dn/g_lane[123].kvm_acc_reg[123]_i_2_psdsp_7/D
FV_FAIL -0.086 xdma_0_axi_aclk bd_i/layer_0/inst/u_core/u_attn/g_lane[193].pv_abs_reg[193][18]/D
FV_FAIL -0.086 xdma_0_axi_aclk bd_i/layer_0/inst/u_core/u_dn/g_lane[114].dec_p_reg[114]/DSP_A_B_DATA_INST/A[28]
FV_FAIL -0.086 xdma_0_axi_aclk bd_i/layer_0/inst/u_core/u_attn/g_lane[11].pv_p_reg[11]/DSP_A_B_DATA_INST/A[17]
FV_FAIL -0.086 xdma_0_axi_aclk bd_i/layer_0/inst/u_core/u_attn/g_lane[4].prod_reg[4]/DSP_A_B_DATA_INST/CEA2
FV_FAIL -0.086 xdma_0_axi_aclk bd_i/layer_0/inst/u_core/u_dn/g_lane[3].dm_p_reg[3]/DSP_PREADD_DATA_INST/DIN[7]
FV_FAIL -0.086 xdma_0_axi_aclk bd_i/layer_0/inst/u_core/u_dn/vdata_q_reg[16]_rep__6_replica_1/D
FV_FAIL -0.086 xdma_0_axi_aclk bd_i/layer_0/inst/u_core/u_attn/g_lane[197].pv_p_reg[197]/DSP_A_B_DATA_INST/A[13]
FV_FAIL -0.086 xdma_0_axi_aclk bd_i/layer_0/inst/u_core/u_dn/g_lane[59].dec_p_reg[59]/DSP_A_B_DATA_INST/A[24]
FV_FAIL -0.086 xdma_0_axi_aclk bd_i/layer_0/inst/u_core/cw_wd_reg[22]/CE
FV_FAIL -0.086 xdma_0_axi_aclk bd_i/layer_0/inst/u_core/cw_wd_reg[23]/CE
FV_FAIL -0.086 xdma_0_axi_aclk bd_i/layer_0/inst/u_core/dma_slot_reg_replica_7/CE
FV_FAIL -0.086 xdma_0_axi_aclk bd_i/layer_0/inst/u_core/u_axib/fdat_reg_0_3_0_13/RAMB/I
FV_FAIL -0.085 xdma_0_axi_aclk bd_i/layer_0/inst/u_core/u_dma/fmem_reg_0_255_217_217/DP.C/I
FV_FAIL -0.085 xdma_0_axi_aclk bd_i/layer_0/inst/u_core/u_dn/p_1_out__9__6/DSP_A_B_DATA_INST/B[11]
FV_FAIL -0.085 xdma_0_axi_aclk bd_i/layer_0/inst/u_core/u_topk/ent_reg[7][9]/CE
FV_FAIL -0.085 xdma_0_axi_aclk bd_i/layer_0/inst/u_core/u_dn/p_0_out__14__0/DSP_A_B_DATA_INST/B[7]
FV_FAIL -0.085 xdma_0_axi_aclk bd_i/layer_0/inst/u_core/dn_decay_reg[9]/D
FV_FAIL -0.085 xdma_0_axi_aclk bd_i/layer_0/inst/u_core/u_dn/g_lane[70].dm_p_reg[70]/DSP_A_B_DATA_INST/A[22]
FV_FAIL -0.085 xdma_0_axi_aclk bd_i/layer_0/inst/u_core/u_dn/p_0_out__11__5/DSP_A_B_DATA_INST/B[1]
FV_FAIL -0.085 xdma_0_axi_aclk bd_i/layer_0/inst/u_core/u_attn/g_lane[115].pv_p_reg[115]/DSP_A_B_DATA_INST/A[25]
FV_FAIL -0.085 xdma_0_axi_aclk bd_i/layer_0/inst/u_core/u_dn/p_1_out__5__17/DSP_A_B_DATA_INST/A[7]
FV_FAIL -0.085 xdma_0_axi_aclk bd_i/layer_0/inst/u_core/u_dma/fmem_reg_0_255_134_134/SP.D/I
FV_FAIL -0.085 xdma_0_axi_aclk bd_i/layer_0/inst/u_core/u_dma/fmem_reg_0_255_134_134/SP.A/I
FV_FAIL -0.085 xdma_0_axi_aclk bd_i/layer_0/inst/u_core/u_attn/g_lane[199].pv_abs_reg[199][14]/D
FV_FAIL -0.085 xdma_0_axi_aclk bd_i/mvchan_3/inst/u_chan/csr_static_ng_reg[0]/R
FV_FAIL -0.085 xdma_0_axi_aclk bd_i/layer_0/inst/u_core/u_attn/g_lane[252].prod_reg[252]/DSP_A_B_DATA_INST/B[8]
FV_FAIL -0.085 xdma_0_axi_aclk bd_i/layer_0/inst/u_core/u_attn/g_lane[252].prod_reg[252]/DSP_A_B_DATA_INST/B[9]
FV_FAIL -0.085 xdma_0_axi_aclk bd_i/layer_0/inst/u_core/u_dn/p_0_out__0__16/DSP_A_B_DATA_INST/A[7]
FV_FAIL -0.085 xdma_0_axi_aclk bd_i/layer_0/inst/u_core/u_dn/g_lane[69].dm_p_reg[69]/DSP_A_B_DATA_INST/A[6]
FV_FAIL -0.084 xdma_0_axi_aclk bd_i/layer_0/inst/u_core/u_dn/g_lane[71].kvm_acc_reg[71]/DSP_A_B_DATA_INST/B[17]
FV_FAIL -0.084 xdma_0_axi_aclk bd_i/layer_0/inst/u_core/u_conv/u_silu/m3_reg/DSP_A_B_DATA_INST/B[10]
FV_FAIL -0.084 xdma_0_axi_aclk bd_i/layer_0/inst/u_core/u_dma/fmem_reg_0_255_179_179/DP.A/I
FV_FAIL -0.084 xdma_0_axi_aclk bd_i/layer_0/inst/u_core/u_alu/r_res_reg[16]/D
FV_FAIL -0.084 xdma_0_axi_aclk bd_i/layer_0/inst/u_core/u_attn/g_lane[85].prod_reg[85]/DSP_A_B_DATA_INST/B[5]
FV_FAIL -0.084 xdma_0_axi_aclk bd_i/layer_0/inst/u_core/u_dn/p_0_out__4__14/DSP_A_B_DATA_INST/A[24]
FV_FAIL -0.084 xdma_0_axi_aclk bd_i/layer_0/inst/u_core/u_dn/p_1_out__0__7/DSP_A_B_DATA_INST/B[3]
FV_FAIL -0.084 xdma_0_axi_aclk bd_i/layer_0/inst/u_core/g_dnslot[0].mem_reg_uram_22/DIN_B[25]
FV_FAIL -0.084 xdma_0_axi_aclk bd_i/layer_0/inst/u_core/krow_reg[1585]/CE
FV_FAIL -0.084 xdma_0_axi_aclk bd_i/layer_0/inst/u_core/krow_reg[1587]/CE
FV_FAIL -0.084 xdma_0_axi_aclk bd_i/layer_0/inst/u_core/krow_reg[1588]/CE
FV_FAIL -0.084 xdma_0_axi_aclk bd_i/layer_0/inst/u_core/krow_reg[1589]/CE
FV_FAIL -0.084 xdma_0_axi_aclk bd_i/layer_0/inst/u_core/krow_reg[1590]/CE
FV_FAIL -0.084 xdma_0_axi_aclk bd_i/layer_0/inst/u_core/u_alu/pre_lo_reg[5]/D
FV_FAIL -0.084 xdma_0_axi_aclk bd_i/layer_0/inst/u_core/u_topk/ent_reg[7][0]/CE
FV_FAIL -0.084 xdma_0_axi_aclk bd_i/layer_0/inst/u_core/u_dn/g_lane[3].dm_p_reg[3]/DSP_PREADD_DATA_INST/DIN[4]
FV_FAIL -0.084 xdma_0_axi_aclk bd_i/layer_0/inst/u_core/u_dma/fmem_reg_0_255_70_70/SP.C/I
FV_FAIL -0.084 xdma_0_axi_aclk bd_i/layer_0/inst/u_core/u_dma/fmem_reg_0_255_116_116/DP.C/I
FV_FAIL -0.084 xdma_0_axi_aclk bd_i/layer_0/inst/u_core/krow_reg[281]/R
FV_FAIL -0.084 xdma_0_axi_aclk bd_i/layer_0/inst/u_core/u_attn/g_lane[227].pv_abs_reg[227][16]/D
FV_FAIL -0.084 xdma_0_axi_aclk bd_i/layer_0/inst/u_core/u_dn/p_1_out__18__9/DSP_PREADD_DATA_INST/DIN[18]
FV_FAIL -0.084 xdma_0_axi_aclk bd_i/layer_0/inst/u_core/u_dma/fmem_reg_0_255_358_358/DP.B/I
FV_FAIL -0.084 xdma_0_axi_aclk bd_i/layer_0/inst/u_core/u_attn/g_lane[199].pv_abs_reg[199][12]/D
FV_FAIL -0.084 xdma_0_axi_aclk bd_i/axi_smc/inst/s00_entry_pipeline/s00_mmu/inst/r_sreg/m_vector_i_reg[1135]/CE
FV_FAIL -0.084 xdma_0_axi_aclk bd_i/axi_smc/inst/s00_entry_pipeline/s00_mmu/inst/r_sreg/m_vector_i_reg[1136]/CE
FV_FAIL -0.084 xdma_0_axi_aclk bd_i/axi_smc/inst/s00_entry_pipeline/s00_mmu/inst/r_sreg/m_vector_i_reg[1149]/CE
FV_FAIL -0.084 xdma_0_axi_aclk bd_i/layer_0/inst/u_core/u_attn/g_lane[231].pv_abs_reg[231][23]/D
FV_FAIL -0.084 xdma_0_axi_aclk bd_i/layer_0/inst/u_core/u_dn/g_lane[12].kvm_acc_reg[12]/DSP_A_B_DATA_INST/B[2]
FV_FAIL -0.083 xdma_0_axi_aclk bd_i/layer_0/inst/u_core/u_dn/g_lane[71].kvm_acc_reg[71]/DSP_A_B_DATA_INST/B[15]
FV_FAIL -0.083 xdma_0_axi_aclk bd_i/layer_0/inst/u_core/u_attn/g_lane[115].pv_p_reg[115]/DSP_A_B_DATA_INST/A[16]
FV_FAIL -0.083 xdma_0_axi_aclk bd_i/layer_0/inst/u_core/at_qdata_reg[0]_rep__0/D
FV_FAIL -0.083 xdma_0_axi_aclk bd_i/layer_0/inst/u_core/u_dn/g_lane[76].o_acc_reg[76]/DSP_A_B_DATA_INST/B[0]
FV_FAIL -0.083 xdma_0_axi_aclk bd_i/layer_0/inst/u_core/u_dn/g_lane[68].p2_p_reg[68]/DSP_A_B_DATA_INST/B[11]
FV_FAIL -0.083 xdma_0_axi_aclk bd_i/layer_0/inst/u_core/u_dn/g_lane[46].p2_p_reg[46]/DSP_A_B_DATA_INST/B[11]
FV_FAIL -0.083 xdma_0_axi_aclk bd_i/layer_0/inst/u_core/u_dma/fmem_reg_0_255_430_430/SP.A/I
FV_FAIL -0.083 xdma_0_axi_aclk bd_i/layer_0/inst/u_core/u_alu/cp_v32_reg[6]/D
FV_FAIL -0.083 xdma_0_axi_aclk bd_i/layer_0/inst/u_core/u_dn/p_1_out__12__2/DSP_A_B_DATA_INST/A[23]
FV_FAIL -0.083 xdma_0_axi_aclk bd_i/layer_0/inst/u_core/at_qdata_reg[15]_replica_11/CE
FV_FAIL -0.083 xdma_0_axi_aclk bd_i/layer_0/inst/u_core/kv_wrow_reg[603]/CE
FV_FAIL -0.083 xdma_0_axi_aclk bd_i/layer_0/inst/u_core/u_attn/g_lane[155].prod_reg[155]/DSP_A_B_DATA_INST/B[11]
FV_FAIL -0.083 xdma_0_axi_aclk bd_i/layer_0/inst/u_core/at_qdata_reg[7]_rep__0/D
FV_FAIL -0.083 xdma_0_axi_aclk bd_i/layer_0/inst/u_core/krow_reg[1137]/R
FV_FAIL -0.083 xdma_0_axi_aclk bd_i/layer_0/inst/u_core/krow_reg[1139]/R
FV_FAIL -0.083 xdma_0_axi_aclk bd_i/layer_0/inst/u_core/krow_reg[1140]/R
FV_FAIL -0.083 xdma_0_axi_aclk bd_i/layer_0/inst/u_core/krow_reg[1141]/R
FV_FAIL -0.083 xdma_0_axi_aclk bd_i/layer_0/inst/u_core/krow_reg[1142]/R
FV_FAIL -0.083 xdma_0_axi_aclk bd_i/layer_0/inst/u_core/g_kvslot[1].mem_reg_uram_47/CAS_IN_DIN_B[71]
FV_FAIL -0.083 xdma_0_axi_aclk bd_i/layer_0/inst/u_core/u_dn/p_1_out__26__2/DSP_A_B_DATA_INST/B[1]
FV_FAIL -0.083 xdma_0_axi_aclk bd_i/layer_0/inst/u_core/u_dn/p_1_out__3__4/DSP_A_B_DATA_INST/A[25]
FV_FAIL -0.083 xdma_0_axi_aclk bd_i/layer_0/inst/u_core/smem_b_reg_bram_1/ADDRBWRADDR[10]
FV_FAIL -0.083 xdma_0_axi_aclk bd_i/layer_0/inst/u_core/u_attn/g_lane[92].prod_reg[92]/DSP_A_B_DATA_INST/B[2]
FV_FAIL -0.083 xdma_0_axi_aclk bd_i/layer_0/inst/u_core/at_qdata_reg[6]_rep__6/D
FV_FAIL -0.083 xdma_0_axi_aclk bd_i/layer_0/inst/u_core/krow_reg[1585]/R
FV_FAIL -0.083 xdma_0_axi_aclk bd_i/layer_0/inst/u_core/krow_reg[1587]/R
FV_FAIL -0.083 xdma_0_axi_aclk bd_i/layer_0/inst/u_core/krow_reg[1588]/R
FV_FAIL -0.083 xdma_0_axi_aclk bd_i/layer_0/inst/u_core/krow_reg[1589]/R
FV_FAIL -0.083 xdma_0_axi_aclk bd_i/layer_0/inst/u_core/krow_reg[1590]/R
FV_FAIL -0.082 xdma_0_axi_aclk bd_i/layer_0/inst/u_core/u_dma/fmem_reg_0_255_52_52/DP.A/I
FV_FAIL -0.082 xdma_0_axi_aclk bd_i/layer_0/inst/u_core/u_dma/fmem_reg_0_255_271_271/DP.D/I
FV_FAIL -0.082 xdma_0_axi_aclk bd_i/layer_0/inst/u_core/u_attn/g_lane[119].prod_reg[119]/DSP_A_B_DATA_INST/B[8]
FV_FAIL -0.082 xdma_0_axi_aclk bd_i/axi_smc/inst/m00_nodes/m00_r_node/inst/inst_mi_handler/gen_normal_area.inst_fifo_node_payld/gen_xpm_memory_fifo.inst_fifo/gen_mem_rep[2].inst_xpm_memory/xpm_memory_base_inst/gen_rd_b.gen_rd_b_synth_template.gen_rf_narrow_reg.doutb_reg_reg[122]/D
FV_FAIL -0.082 xdma_0_axi_aclk bd_i/layer_0/inst/u_core/u_dma/fmem_reg_0_255_202_202/SP.C/I
FV_FAIL -0.082 xdma_0_axi_aclk bd_i/layer_0/inst/u_core/u_dn/p_1_out__2__18/DSP_A_B_DATA_INST/A[9]
FV_FAIL -0.082 xdma_0_axi_aclk bd_i/layer_0/inst/u_core/u_dn/vdata_q_reg[1]_rep__3_replica_4/D
FV_FAIL -0.082 xdma_0_axi_aclk bd_i/layer_0/inst/u_core/u_dn/p_1_out__2__14/DSP_PREADD_DATA_INST/DIN[8]
FV_FAIL -0.082 xdma_0_axi_aclk bd_i/layer_0/inst/u_core/u_dma/fmem_reg_0_255_70_70/DP.D/I
FV_FAIL -0.082 xdma_0_axi_aclk bd_i/layer_0/inst/u_core/u_attn/g_lane[79].pv_p_reg[79]/DSP_A_B_DATA_INST/A[15]
FV_FAIL -0.082 xdma_0_axi_aclk bd_i/layer_0/inst/u_core/u_attn/g_lane[86].prod_reg[86]/DSP_A_B_DATA_INST/B[11]
FV_FAIL -0.082 xdma_0_axi_aclk bd_i/layer_0/inst/u_core/u_dma/fmem_reg_0_255_162_162/SP.A/I
FV_FAIL -0.082 xdma_0_axi_aclk bd_i/layer_0/inst/u_core/u_topk/sel_reg[19]/D
FV_FAIL -0.082 xdma_0_axi_aclk bd_i/layer_0/inst/u_core/u_attn/g_lane[227].pv_abs_reg[227][14]/D
FV_FAIL -0.082 xdma_0_axi_aclk bd_i/layer_0/inst/u_core/g_kvslot[1].mem_reg_uram_43/CAS_IN_DIN_B[50]
FV_FAIL -0.082 xdma_0_axi_aclk bd_i/layer_0/inst/u_core/u_attn/g_lane[192].pv_abs_reg[192][15]/D
FV_FAIL -0.082 xdma_0_axi_aclk bd_i/layer_0/inst/u_core/at_qdata_reg[1]_rep__3/D
FV_FAIL -0.082 xdma_0_axi_aclk bd_i/layer_0/inst/u_core/f_skd_reg[1]/D
FV_FAIL -0.082 xdma_0_axi_aclk bd_i/layer_0/inst/u_core/u_dn/p_1_out__26/DSP_A_B_DATA_INST/A[1]
FV_FAIL -0.082 xdma_0_axi_aclk bd_i/layer_0/inst/u_core/u_attn/g_lane[79].pv_p_reg[79]/DSP_A_B_DATA_INST/A[8]
FV_FAIL -0.082 xdma_0_axi_aclk bd_i/layer_0/inst/u_core/smem_b_reg_bram_17/ADDRBWRADDR[6]
FV_FAIL -0.081 xdma_0_axi_aclk bd_i/layer_0/inst/u_core/u_dma/fmem_reg_0_255_150_150/DP.D/I
FV_FAIL -0.081 xdma_0_axi_aclk bd_i/layer_0/inst/u_core/u_attn/g_lane[196].pv_abs_reg[196][8]/D
FV_FAIL -0.081 xdma_0_axi_aclk bd_i/layer_0/inst/u_core/u_dma/fmem_reg_0_255_57_57/DP.A/I
FV_FAIL -0.081 xdma_0_axi_aclk bd_i/layer_0/inst/u_core/u_dn/p_1_out__6__7/DSP_A_B_DATA_INST/A[16]
FV_FAIL -0.081 xdma_0_axi_aclk bd_i/layer_0/inst/u_core/krow_reg[35]/R
FV_FAIL -0.081 xdma_0_axi_aclk bd_i/layer_0/inst/u_core/krow_reg[36]/R
FV_FAIL -0.081 xdma_0_axi_aclk bd_i/layer_0/inst/u_core/krow_reg[37]/R
FV_FAIL -0.081 xdma_0_axi_aclk bd_i/layer_0/inst/u_core/krow_reg[38]/R
FV_FAIL -0.081 xdma_0_axi_aclk bd_i/layer_0/inst/u_core/u_topk/sel_reg[44]/D
FV_FAIL -0.081 xdma_0_axi_aclk bd_i/layer_0/inst/u_core/rp_sdata_reg[12]/D
FV_FAIL -0.081 xdma_0_axi_aclk bd_i/layer_0/inst/u_core/u_attn/g_lane[197].pv_p_reg[197]/DSP_A_B_DATA_INST/A[3]
FV_FAIL -0.081 xdma_0_axi_aclk bd_i/axi_smc/inst/m00_nodes/m00_r_node/inst/inst_mi_handler/gen_normal_area.inst_fifo_node_payld/gen_xpm_memory_fifo.inst_fifo/gen_mem_rep[1].inst_xpm_memory/xpm_memory_base_inst/gen_rd_b.gen_rd_b_synth_template.gen_rf_narrow_reg.doutb_reg_reg[174]/D
FV_FAIL -0.081 xdma_0_axi_aclk bd_i/layer_0/inst/u_core/g_dnslot[1].mem_reg_uram_27/ADDR_A[7]
FV_FAIL -0.081 xdma_0_axi_aclk bd_i/layer_0/inst/u_core/u_attn/g_lane[227].pv_abs_reg[227][12]/D
FV_FAIL -0.081 xdma_0_axi_aclk bd_i/layer_0/inst/u_core/u_dma/fmem_reg_0_255_340_340/DP.D/I
FV_FAIL -0.081 xdma_0_axi_aclk bd_i/layer_0/inst/u_core/u_dma/fmem_reg_0_255_358_358/DP.C/I
FV_FAIL -0.081 xdma_0_axi_aclk bd_i/layer_0/inst/u_core/u_dn/g_lane[123].o_acc_reg[123]/DSP_A_B_DATA_INST/B[15]
FV_FAIL -0.081 xdma_0_axi_aclk bd_i/layer_0/inst/u_core/u_dn/p_0_out__12__4/DSP_A_B_DATA_INST/A[28]
FV_FAIL -0.081 xdma_0_axi_aclk bd_i/layer_0/inst/u_core/u_dn/g_lane[37].dec_p_reg[37]/DSP_OUTPUT_INST/ALU_OUT[16]
FV_FAIL -0.081 xdma_0_axi_aclk bd_i/layer_0/inst/u_core/u_dn/g_lane[37].dec_p_reg[37]/DSP_OUTPUT_INST/ALU_OUT[17]
FV_FAIL -0.081 xdma_0_axi_aclk bd_i/layer_0/inst/u_core/u_dn/g_lane[37].dec_p_reg[37]/DSP_OUTPUT_INST/ALU_OUT[18]
FV_FAIL -0.081 xdma_0_axi_aclk bd_i/layer_0/inst/u_core/u_dn/g_lane[37].dec_p_reg[37]/DSP_OUTPUT_INST/ALU_OUT[19]
FV_FAIL -0.081 xdma_0_axi_aclk bd_i/layer_0/inst/u_core/u_dn/g_lane[37].dec_p_reg[37]/DSP_OUTPUT_INST/ALU_OUT[20]
FV_FAIL -0.081 xdma_0_axi_aclk bd_i/layer_0/inst/u_core/u_dn/g_lane[37].dec_p_reg[37]/DSP_OUTPUT_INST/ALU_OUT[21]
FV_FAIL -0.081 xdma_0_axi_aclk bd_i/layer_0/inst/u_core/u_dn/g_lane[37].dec_p_reg[37]/DSP_OUTPUT_INST/ALU_OUT[22]
FV_FAIL -0.081 xdma_0_axi_aclk bd_i/layer_0/inst/u_core/u_dn/g_lane[37].dec_p_reg[37]/DSP_OUTPUT_INST/ALU_OUT[23]
FV_FAIL -0.081 xdma_0_axi_aclk bd_i/layer_0/inst/u_core/u_dn/g_lane[37].dec_p_reg[37]/DSP_OUTPUT_INST/ALU_OUT[24]
FV_FAIL -0.081 xdma_0_axi_aclk bd_i/layer_0/inst/u_core/u_dn/g_lane[37].dec_p_reg[37]/DSP_OUTPUT_INST/ALU_OUT[25]
FV_FAIL -0.081 xdma_0_axi_aclk bd_i/layer_0/inst/u_core/u_dn/g_lane[37].dec_p_reg[37]/DSP_OUTPUT_INST/ALU_OUT[26]
FV_FAIL -0.081 xdma_0_axi_aclk bd_i/layer_0/inst/u_core/u_dn/g_lane[37].dec_p_reg[37]/DSP_OUTPUT_INST/ALU_OUT[27]
FV_FAIL -0.081 xdma_0_axi_aclk bd_i/layer_0/inst/u_core/u_dn/g_lane[37].dec_p_reg[37]/DSP_OUTPUT_INST/ALU_OUT[28]
FV_FAIL -0.081 xdma_0_axi_aclk bd_i/layer_0/inst/u_core/u_dn/g_lane[37].dec_p_reg[37]/DSP_OUTPUT_INST/ALU_OUT[29]
FV_FAIL -0.081 xdma_0_axi_aclk bd_i/layer_0/inst/u_core/u_dn/g_lane[37].dec_p_reg[37]/DSP_OUTPUT_INST/ALU_OUT[30]
FV_FAIL -0.081 xdma_0_axi_aclk bd_i/layer_0/inst/u_core/u_dn/g_lane[37].dec_p_reg[37]/DSP_OUTPUT_INST/ALU_OUT[31]
FV_FAIL -0.081 xdma_0_axi_aclk bd_i/layer_0/inst/u_core/u_dn/g_lane[37].dec_p_reg[37]/DSP_OUTPUT_INST/ALU_OUT[32]
FV_FAIL -0.081 xdma_0_axi_aclk bd_i/layer_0/inst/u_core/u_dn/g_lane[37].dec_p_reg[37]/DSP_OUTPUT_INST/ALU_OUT[33]
FV_FAIL -0.081 xdma_0_axi_aclk bd_i/layer_0/inst/u_core/u_dn/g_lane[37].dec_p_reg[37]/DSP_OUTPUT_INST/ALU_OUT[34]
FV_FAIL -0.081 xdma_0_axi_aclk bd_i/layer_0/inst/u_core/u_dn/g_lane[37].dec_p_reg[37]/DSP_OUTPUT_INST/ALU_OUT[35]
FV_FAIL -0.081 xdma_0_axi_aclk bd_i/layer_0/inst/u_core/u_dn/g_lane[37].dec_p_reg[37]/DSP_OUTPUT_INST/ALU_OUT[36]
FV_FAIL -0.081 xdma_0_axi_aclk bd_i/layer_0/inst/u_core/u_dn/g_lane[37].dec_p_reg[37]/DSP_OUTPUT_INST/ALU_OUT[37]
FV_FAIL -0.081 xdma_0_axi_aclk bd_i/layer_0/inst/u_core/u_dn/g_lane[37].dec_p_reg[37]/DSP_OUTPUT_INST/ALU_OUT[38]
FV_FAIL -0.081 xdma_0_axi_aclk bd_i/layer_0/inst/u_core/u_dn/g_lane[37].dec_p_reg[37]/DSP_OUTPUT_INST/ALU_OUT[39]
FV_FAIL -0.081 xdma_0_axi_aclk bd_i/layer_0/inst/u_core/u_dn/g_lane[37].dec_p_reg[37]/DSP_OUTPUT_INST/ALU_OUT[40]
FV_FAIL -0.081 xdma_0_axi_aclk bd_i/layer_0/inst/u_core/u_dn/g_lane[37].dec_p_reg[37]/DSP_OUTPUT_INST/ALU_OUT[41]
FV_FAIL -0.081 xdma_0_axi_aclk bd_i/layer_0/inst/u_core/u_dn/g_lane[37].dec_p_reg[37]/DSP_OUTPUT_INST/ALU_OUT[42]
FV_FAIL -0.081 xdma_0_axi_aclk bd_i/layer_0/inst/u_core/u_dn/g_lane[37].dec_p_reg[37]/DSP_OUTPUT_INST/ALU_OUT[43]
FV_FAIL -0.081 xdma_0_axi_aclk bd_i/layer_0/inst/u_core/u_dn/g_lane[37].dec_p_reg[37]/DSP_OUTPUT_INST/ALU_OUT[44]
FV_FAIL -0.081 xdma_0_axi_aclk bd_i/layer_0/inst/u_core/u_dn/g_lane[37].dec_p_reg[37]/DSP_OUTPUT_INST/ALU_OUT[45]
FV_FAIL -0.081 xdma_0_axi_aclk bd_i/layer_0/inst/u_core/u_dn/g_lane[37].dec_p_reg[37]/DSP_OUTPUT_INST/ALU_OUT[46]
FV_FAIL -0.081 xdma_0_axi_aclk bd_i/layer_0/inst/u_core/u_dn/g_lane[37].dec_p_reg[37]/DSP_OUTPUT_INST/ALU_OUT[47]
FV_FAIL -0.080 xdma_0_axi_aclk bd_i/layer_0/inst/u_core/at_qdata_reg[15]_replica_3/D
FV_FAIL -0.080 xdma_0_axi_aclk bd_i/layer_0/inst/u_core/u_dn/p_0_out__0__14/DSP_PREADD_DATA_INST/DIN[14]
FV_FAIL -0.080 xdma_0_axi_aclk bd_i/layer_0/inst/u_core/u_dn/p_1_out__14__6/DSP_A_B_DATA_INST/A[27]
FV_FAIL -0.080 xdma_0_axi_aclk bd_i/layer_0/inst/u_core/u_dn/g_lane[61].dec_p_reg[61]/DSP_A_B_DATA_INST/A[22]
FV_FAIL -0.080 xdma_0_axi_aclk bd_i/layer_0/inst/u_core/u_dn/g_lane[13].kvm_acc_reg[13]/DSP_A_B_DATA_INST/B[8]
FV_FAIL -0.080 xdma_0_axi_aclk bd_i/layer_0/inst/u_core/u_attn/g_lane[199].pv_abs_reg[199][17]/D
FV_FAIL -0.080 xdma_0_axi_aclk bd_i/layer_0/inst/u_core/at_qdata_reg[5]_rep__0/D
FV_FAIL -0.080 xdma_0_axi_aclk bd_i/layer_0/inst/u_core/u_dma/fmem_reg_0_255_329_329/DP.D/I
FV_FAIL -0.080 xdma_0_axi_aclk bd_i/axi_smc/inst/s00_entry_pipeline/s00_mmu/inst/gen_endpoint.r_cnt_reg[2]/D
FV_FAIL -0.080 xdma_0_axi_aclk bd_i/layer_0/inst/u_core/u_alu/pre_lo_reg[3]/D
FV_FAIL -0.080 xdma_0_axi_aclk bd_i/layer_0/inst/u_core/g_kvslot[0].mem_reg_uram_31/CAS_IN_BWE_B[7]
FV_FAIL -0.080 xdma_0_axi_aclk bd_i/layer_0/inst/u_core/u_dma/fmem_reg_0_255_70_70/SP.B/I
FV_FAIL -0.080 xdma_0_axi_aclk bd_i/layer_0/inst/u_core/u_dn/p_0_out__0__16/DSP_A_B_DATA_INST/A[4]
FV_FAIL -0.080 xdma_0_axi_aclk bd_i/layer_0/inst/u_core/u_alu/r_res_reg[55]/D
FV_FAIL -0.080 xdma_0_axi_aclk bd_i/layer_0/inst/u_core/g_kvslot[0].mem_reg_uram_31/CAS_IN_ADDR_A[0]
FV_FAIL -0.080 xdma_0_axi_aclk bd_i/layer_0/inst/u_core/u_dn/p_1_out__9__6/DSP_A_B_DATA_INST/B[17]
FV_FAIL -0.080 xdma_0_axi_aclk bd_i/layer_0/inst/u_core/dn_vdata_reg[12]/D
FV_FAIL -0.080 xdma_0_axi_aclk bd_i/layer_0/inst/u_core/u_dn/vdata_q_reg[16]_rep__5_replica/D
FV_FAIL -0.080 xdma_0_axi_aclk bd_i/layer_0/inst/u_core/u_dn/p_0_out__10/DSP_PREADD_DATA_INST/DIN[18]
FV_FAIL -0.080 xdma_0_axi_aclk bd_i/layer_0/inst/u_core/u_alu/cp_v32_reg[11]/D
FV_FAIL -0.080 xdma_0_axi_aclk bd_i/layer_0/inst/u_core/g_kvslot[1].mem_reg_uram_45/CAS_IN_DIN_B[42]
FV_FAIL -0.080 xdma_0_axi_aclk bd_i/layer_0/inst/u_core/u_dma/fmem_reg_0_255_57_57/DP.B/I
FV_FAIL -0.079 xdma_0_axi_aclk bd_i/layer_0/inst/u_core/u_attn/dot_reg[18]/D
FV_FAIL -0.079 xdma_0_axi_aclk bd_i/layer_0/inst/u_core/kv_wrow_reg[1014]/CE
FV_FAIL -0.079 xdma_0_axi_aclk bd_i/layer_0/inst/u_core/g_dnslot[1].mem_reg_uram_9/ADDR_A[9]
FV_FAIL -0.079 xdma_0_axi_aclk bd_i/layer_0/inst/u_core/u_attn/g_lane[125].pv_p_reg[125]/DSP_A_B_DATA_INST/A[18]
FV_FAIL -0.079 xdma_0_axi_aclk bd_i/layer_0/inst/u_core/u_alu/cp_a16_reg[8]/D
FV_FAIL -0.079 xdma_0_axi_aclk bd_i/layer_0/inst/u_core/u_dma/fmem_reg_0_255_202_202/SP.B/I
FV_FAIL -0.079 xdma_0_axi_aclk bd_i/layer_0/inst/u_core/u_alu/ba_r_reg[5]/CE
FV_FAIL -0.079 xdma_0_axi_aclk bd_i/layer_0/inst/u_core/kbyte_reg[4]/D
FV_FAIL -0.079 xdma_0_axi_aclk bd_i/layer_0/inst/u_core/g_kvslot[0].mem_reg_uram_13/CAS_IN_DIN_B[19]
FV_FAIL -0.079 xdma_0_axi_aclk bd_i/axi_smc/inst/s00_entry_pipeline/s00_mmu/inst/r_sreg/skid_buffer_reg[1195]/D
FV_FAIL -0.079 xdma_0_axi_aclk bd_i/layer_0/inst/u_core/u_dn/p_1_out__1__10/DSP_OUTPUT_INST/ALU_OUT[0]
FV_FAIL -0.079 xdma_0_axi_aclk bd_i/layer_0/inst/u_core/u_dn/p_1_out__1__10/DSP_OUTPUT_INST/ALU_OUT[10]
FV_FAIL -0.079 xdma_0_axi_aclk bd_i/layer_0/inst/u_core/u_dn/p_1_out__1__10/DSP_OUTPUT_INST/ALU_OUT[11]
FV_FAIL -0.079 xdma_0_axi_aclk bd_i/layer_0/inst/u_core/u_dn/p_1_out__1__10/DSP_OUTPUT_INST/ALU_OUT[12]
FV_FAIL -0.079 xdma_0_axi_aclk bd_i/layer_0/inst/u_core/u_dn/p_1_out__1__10/DSP_OUTPUT_INST/ALU_OUT[13]
FV_FAIL -0.079 xdma_0_axi_aclk bd_i/layer_0/inst/u_core/u_dn/p_1_out__1__10/DSP_OUTPUT_INST/ALU_OUT[14]
FV_FAIL -0.079 xdma_0_axi_aclk bd_i/layer_0/inst/u_core/u_dn/p_1_out__1__10/DSP_OUTPUT_INST/ALU_OUT[15]
FV_FAIL -0.079 xdma_0_axi_aclk bd_i/layer_0/inst/u_core/u_dn/p_1_out__1__10/DSP_OUTPUT_INST/ALU_OUT[16]
FV_FAIL -0.079 xdma_0_axi_aclk bd_i/layer_0/inst/u_core/u_dn/p_1_out__1__10/DSP_OUTPUT_INST/ALU_OUT[17]
FV_FAIL -0.079 xdma_0_axi_aclk bd_i/layer_0/inst/u_core/u_dn/p_1_out__1__10/DSP_OUTPUT_INST/ALU_OUT[18]
FV_FAIL -0.079 xdma_0_axi_aclk bd_i/layer_0/inst/u_core/u_dn/p_1_out__1__10/DSP_OUTPUT_INST/ALU_OUT[19]
FV_FAIL -0.079 xdma_0_axi_aclk bd_i/layer_0/inst/u_core/u_dn/p_1_out__1__10/DSP_OUTPUT_INST/ALU_OUT[1]
FV_FAIL -0.079 xdma_0_axi_aclk bd_i/layer_0/inst/u_core/u_dn/p_1_out__1__10/DSP_OUTPUT_INST/ALU_OUT[20]
FV_FAIL -0.079 xdma_0_axi_aclk bd_i/layer_0/inst/u_core/u_dn/p_1_out__1__10/DSP_OUTPUT_INST/ALU_OUT[21]
FV_FAIL -0.079 xdma_0_axi_aclk bd_i/layer_0/inst/u_core/u_dn/p_1_out__1__10/DSP_OUTPUT_INST/ALU_OUT[22]
FV_FAIL -0.079 xdma_0_axi_aclk bd_i/layer_0/inst/u_core/u_dn/p_1_out__1__10/DSP_OUTPUT_INST/ALU_OUT[23]
FV_FAIL -0.079 xdma_0_axi_aclk bd_i/layer_0/inst/u_core/u_dn/p_1_out__1__10/DSP_OUTPUT_INST/ALU_OUT[24]
FV_FAIL -0.079 xdma_0_axi_aclk bd_i/layer_0/inst/u_core/u_dn/p_1_out__1__10/DSP_OUTPUT_INST/ALU_OUT[25]
FV_FAIL -0.079 xdma_0_axi_aclk bd_i/layer_0/inst/u_core/u_dn/p_1_out__1__10/DSP_OUTPUT_INST/ALU_OUT[26]
FV_FAIL -0.079 xdma_0_axi_aclk bd_i/layer_0/inst/u_core/u_dn/p_1_out__1__10/DSP_OUTPUT_INST/ALU_OUT[27]
FV_FAIL -0.079 xdma_0_axi_aclk bd_i/layer_0/inst/u_core/u_dn/p_1_out__1__10/DSP_OUTPUT_INST/ALU_OUT[28]
FV_FAIL -0.079 xdma_0_axi_aclk bd_i/layer_0/inst/u_core/u_dn/p_1_out__1__10/DSP_OUTPUT_INST/ALU_OUT[29]
FV_FAIL -0.079 xdma_0_axi_aclk bd_i/layer_0/inst/u_core/u_dn/p_1_out__1__10/DSP_OUTPUT_INST/ALU_OUT[2]
FV_FAIL -0.079 xdma_0_axi_aclk bd_i/layer_0/inst/u_core/u_dn/p_1_out__1__10/DSP_OUTPUT_INST/ALU_OUT[30]
FV_FAIL -0.079 xdma_0_axi_aclk bd_i/layer_0/inst/u_core/u_dn/p_1_out__1__10/DSP_OUTPUT_INST/ALU_OUT[31]
FV_FAIL -0.079 xdma_0_axi_aclk bd_i/layer_0/inst/u_core/u_dn/p_1_out__1__10/DSP_OUTPUT_INST/ALU_OUT[32]
FV_FAIL -0.079 xdma_0_axi_aclk bd_i/layer_0/inst/u_core/u_dn/p_1_out__1__10/DSP_OUTPUT_INST/ALU_OUT[33]
FV_FAIL -0.079 xdma_0_axi_aclk bd_i/layer_0/inst/u_core/u_dn/p_1_out__1__10/DSP_OUTPUT_INST/ALU_OUT[34]
FV_FAIL -0.079 xdma_0_axi_aclk bd_i/layer_0/inst/u_core/u_dn/p_1_out__1__10/DSP_OUTPUT_INST/ALU_OUT[35]
FV_FAIL -0.079 xdma_0_axi_aclk bd_i/layer_0/inst/u_core/u_dn/p_1_out__1__10/DSP_OUTPUT_INST/ALU_OUT[36]
FV_FAIL -0.079 xdma_0_axi_aclk bd_i/layer_0/inst/u_core/u_dn/p_1_out__1__10/DSP_OUTPUT_INST/ALU_OUT[37]
FV_FAIL -0.079 xdma_0_axi_aclk bd_i/layer_0/inst/u_core/u_dn/p_1_out__1__10/DSP_OUTPUT_INST/ALU_OUT[38]
FV_FAIL -0.079 xdma_0_axi_aclk bd_i/layer_0/inst/u_core/u_dn/p_1_out__1__10/DSP_OUTPUT_INST/ALU_OUT[39]
FV_FAIL -0.079 xdma_0_axi_aclk bd_i/layer_0/inst/u_core/u_dn/p_1_out__1__10/DSP_OUTPUT_INST/ALU_OUT[3]
FV_FAIL -0.079 xdma_0_axi_aclk bd_i/layer_0/inst/u_core/u_dn/p_1_out__1__10/DSP_OUTPUT_INST/ALU_OUT[40]
FV_FAIL -0.079 xdma_0_axi_aclk bd_i/layer_0/inst/u_core/u_dn/p_1_out__1__10/DSP_OUTPUT_INST/ALU_OUT[41]
FV_FAIL -0.079 xdma_0_axi_aclk bd_i/layer_0/inst/u_core/u_dn/p_1_out__1__10/DSP_OUTPUT_INST/ALU_OUT[42]
FV_FAIL -0.079 xdma_0_axi_aclk bd_i/layer_0/inst/u_core/u_dn/p_1_out__1__10/DSP_OUTPUT_INST/ALU_OUT[43]
FV_FAIL -0.079 xdma_0_axi_aclk bd_i/layer_0/inst/u_core/u_dn/p_1_out__1__10/DSP_OUTPUT_INST/ALU_OUT[44]
FV_FAIL -0.079 xdma_0_axi_aclk bd_i/layer_0/inst/u_core/u_dn/p_1_out__1__10/DSP_OUTPUT_INST/ALU_OUT[45]
FV_FAIL -0.079 xdma_0_axi_aclk bd_i/layer_0/inst/u_core/u_dn/p_1_out__1__10/DSP_OUTPUT_INST/ALU_OUT[46]
FV_FAIL -0.079 xdma_0_axi_aclk bd_i/layer_0/inst/u_core/u_dn/p_1_out__1__10/DSP_OUTPUT_INST/ALU_OUT[47]
FV_FAIL -0.079 xdma_0_axi_aclk bd_i/layer_0/inst/u_core/u_dn/p_1_out__1__10/DSP_OUTPUT_INST/ALU_OUT[4]
FV_FAIL -0.079 xdma_0_axi_aclk bd_i/layer_0/inst/u_core/u_dn/p_1_out__1__10/DSP_OUTPUT_INST/ALU_OUT[5]
FV_FAIL -0.079 xdma_0_axi_aclk bd_i/layer_0/inst/u_core/u_dn/p_1_out__1__10/DSP_OUTPUT_INST/ALU_OUT[6]
FV_FAIL -0.079 xdma_0_axi_aclk bd_i/layer_0/inst/u_core/u_dn/p_1_out__1__10/DSP_OUTPUT_INST/ALU_OUT[7]
FV_FAIL -0.079 xdma_0_axi_aclk bd_i/layer_0/inst/u_core/u_dn/p_1_out__1__10/DSP_OUTPUT_INST/ALU_OUT[8]
FV_FAIL -0.079 xdma_0_axi_aclk bd_i/layer_0/inst/u_core/u_dn/p_1_out__1__10/DSP_OUTPUT_INST/ALU_OUT[9]
FV_FAIL -0.079 xdma_0_axi_aclk bd_i/layer_0/inst/u_core/u_attn/pvc64_reg[63]/CE
FV_FAIL -0.079 xdma_0_axi_aclk bd_i/layer_0/inst/u_core/u_attn/g_lane[193].pv_abs_reg[193][16]/D
FV_FAIL -0.079 xdma_0_axi_aclk bd_i/layer_0/inst/u_core/u_vn/ss_acc0_i_17_psdsp_1/D
FV_FAIL -0.079 xdma_0_axi_aclk bd_i/layer_0/inst/u_core/u_dn/p_0_out__8/DSP_PREADD_DATA_INST/DIN[3]
FV_FAIL -0.079 xdma_0_axi_aclk bd_i/layer_0/inst/u_core/u_dn/p_1_out__16__6/DSP_A_B_DATA_INST/B[1]
FV_FAIL -0.079 xdma_0_axi_aclk bd_i/layer_0/inst/u_core/u_dn/vdata_q_reg[10]_rep__2_replica_2/D
FV_FAIL -0.079 xdma_0_axi_aclk bd_i/layer_0/inst/u_core/u_dma/fmem_reg_0_255_492_492/SP.C/I
FV_FAIL -0.079 xdma_0_axi_aclk bd_i/layer_0/inst/u_core/u_dn/p_0_out__3__4/DSP_A_B_DATA_INST/B[10]
FV_FAIL -0.079 xdma_0_axi_aclk bd_i/layer_0/inst/u_core/u_attn/g_lane[125].pv_p_reg[125]/DSP_A_B_DATA_INST/A[9]
FV_FAIL -0.079 xdma_0_axi_aclk bd_i/layer_0/inst/u_core/u_dn/p_1_out__13__3/DSP_A_B_DATA_INST/A[16]
FV_FAIL -0.079 xdma_0_axi_aclk bd_i/layer_0/inst/u_core/u_dma/fmem_reg_0_255_162_162/DP.A/I
FV_FAIL -0.079 xdma_0_axi_aclk bd_i/layer_0/inst/u_core/u_dn/g_lane[99].kvm_acc_reg[99]/DSP_A_B_DATA_INST/B[7]
FV_FAIL -0.078 xdma_0_axi_aclk bd_i/layer_0/inst/u_core/at_qdata_reg[12]_rep__7/D
FV_FAIL -0.078 xdma_0_axi_aclk bd_i/layer_0/inst/u_core/u_attn/g_lane[239].pv_abs_reg[239][23]/D
FV_FAIL -0.078 xdma_0_axi_aclk bd_i/layer_0/inst/u_core/u_attn/g_lane[2].prod_reg[2]/DSP_A_B_DATA_INST/B[6]
FV_FAIL -0.078 xdma_0_axi_aclk bd_i/layer_0/inst/u_core/u_alu/r_res_reg[26]/D
FV_FAIL -0.078 xdma_0_axi_aclk bd_i/layer_0/inst/u_core/u_dn/g_lane[71].o_acc_reg[71]/DSP_A_B_DATA_INST/B[14]
FV_FAIL -0.078 xdma_0_axi_aclk bd_i/axi_smc/inst/s00_entry_pipeline/s00_mmu/inst/r_sreg/skid_buffer_reg[1213]/D
FV_FAIL -0.078 xdma_0_axi_aclk bd_i/layer_0/inst/u_core/u_attn/pvc64_reg[24]/CE
FV_FAIL -0.078 xdma_0_axi_aclk bd_i/layer_0/inst/u_core/u_topk/ent_reg[13][1]/CE
FV_FAIL -0.078 xdma_0_axi_aclk bd_i/layer_0/inst/u_core/vn_sdata_reg[11]/D
FV_FAIL -0.078 xdma_0_axi_aclk bd_i/layer_0/inst/u_core/u_dma/fmem_reg_0_255_492_492/SP.B/I
FV_FAIL -0.078 xdma_0_axi_aclk bd_i/layer_0/inst/u_core/at_qdata_reg[14]_rep__7_replica_2/CE
FV_FAIL -0.078 xdma_0_axi_aclk bd_i/layer_0/inst/u_core/krow_reg[660]/R
FV_FAIL -0.078 xdma_0_axi_aclk bd_i/layer_0/inst/u_core/krow_reg[662]/R
FV_FAIL -0.078 xdma_0_axi_aclk bd_i/layer_0/inst/u_core/u_attn/g_lane[155].prod_reg[155]/DSP_A_B_DATA_INST/B[10]
FV_FAIL -0.078 xdma_0_axi_aclk bd_i/layer_0/inst/u_core/u_attn/g_lane[18].prod_reg[18]/DSP_A_B_DATA_INST/CEA2
FV_FAIL -0.077 xdma_0_axi_aclk bd_i/layer_0/inst/u_core/u_attn/g_lane[23].prod_reg[23]/DSP_A_B_DATA_INST/CEA2
FV_FAIL -0.077 xdma_0_axi_aclk bd_i/layer_0/inst/u_core/u_dn/p_1_out__9__3/DSP_A_B_DATA_INST/A[16]
FV_FAIL -0.077 xdma_0_axi_aclk bd_i/layer_0/inst/u_core/u_attn/g_lane[228].prod_reg[228]/DSP_A_B_DATA_INST/B[12]
FV_FAIL -0.077 xdma_0_axi_aclk bd_i/layer_0/inst/u_core/u_dma/fmem_reg_0_255_73_73/SP.A/I
FV_FAIL -0.077 xdma_0_axi_aclk bd_i/layer_0/inst/u_core/u_dma/fmem_reg_0_255_73_73/SP.C/I
FV_FAIL -0.077 xdma_0_axi_aclk bd_i/layer_0/inst/u_core/u_topk/ent_reg[27][37]/CE
FV_FAIL -0.077 xdma_0_axi_aclk bd_i/layer_0/inst/u_core/u_topk/ent_reg[27][41]/CE
FV_FAIL -0.077 xdma_0_axi_aclk bd_i/layer_0/inst/u_core/gt_wdata_reg[7]/D
FV_FAIL -0.077 xdma_0_axi_aclk bd_i/layer_0/inst/u_core/u_attn/g_lane[92].pv_p_reg[92]/DSP_A_B_DATA_INST/A[18]
FV_FAIL -0.077 xdma_0_axi_aclk bd_i/layer_0/inst/u_core/g_kvslot[1].mem_reg_uram_47/CAS_IN_DIN_B[50]
FV_FAIL -0.077 xdma_0_axi_aclk bd_i/layer_0/inst/u_core/u_attn/g_lane[123].pv_p_reg[123]/DSP_A_B_DATA_INST/A[23]
FV_FAIL -0.077 xdma_0_axi_aclk bd_i/layer_0/inst/u_core/u_topk/ent_reg[29][44]/CE
FV_FAIL -0.077 xdma_0_axi_aclk bd_i/layer_0/inst/u_core/u_dn/g_lane[3].dm_p_reg[3]/DSP_PREADD_DATA_INST/DIN[1]
FV_FAIL -0.077 xdma_0_axi_aclk bd_i/axil_slice_5/inst/ar.ar_pipe/m_payload_i_reg[4]/D
FV_FAIL -0.077 xdma_0_axi_aclk bd_i/layer_0/inst/u_core/u_attn/g_lane[11].pv_p_reg[11]/DSP_A_B_DATA_INST/A[16]
FV_FAIL -0.077 xdma_0_axi_aclk bd_i/layer_0/inst/u_core/u_attn/g_lane[40].pv_p_reg[40]/DSP_A_B_DATA_INST/A[0]
FV_FAIL -0.077 xdma_0_axi_aclk bd_i/layer_0/inst/u_core/u_dma/fmem_reg_0_255_162_162/DP.B/I
FV_FAIL -0.077 xdma_0_axi_aclk bd_i/layer_0/inst/u_core/u_attn/g_lane[197].pv_p_reg[197]/DSP_A_B_DATA_INST/A[15]
FV_FAIL -0.077 xdma_0_axi_aclk bd_i/layer_0/inst/u_core/u_dn/g_lane[27].dm_p_reg[27]/DSP_PREADD_DATA_INST/DIN[2]
FV_FAIL -0.077 xdma_0_axi_aclk bd_i/layer_0/inst/u_core/u_attn/g_lane[79].prod_reg[79]/DSP_A_B_DATA_INST/B[9]
FV_FAIL -0.077 xdma_0_axi_aclk bd_i/layer_0/inst/u_core/u_attn/o_g4_reg[2][29]/D
FV_FAIL -0.077 xdma_0_axi_aclk bd_i/layer_0/inst/u_core/u_dma/fmem_reg_0_255_5_5/SP.C/I
FV_FAIL -0.077 xdma_0_axi_aclk bd_i/layer_0/inst/u_core/u_dma/fmem_reg_0_255_57_57/DP.C/I
FV_FAIL -0.077 xdma_0_axi_aclk bd_i/layer_0/inst/u_core/u_dn/g_lane[82].dm_p_reg[82]/DSP_PREADD_DATA_INST/DIN[15]
FV_FAIL -0.076 xdma_0_axi_aclk bd_i/layer_0/inst/u_core/u_dn/g_lane[98].dm_p_reg[98]/DSP_OUTPUT_INST/ALU_OUT[10]
FV_FAIL -0.076 xdma_0_axi_aclk bd_i/layer_0/inst/u_core/u_dn/g_lane[98].dm_p_reg[98]/DSP_OUTPUT_INST/ALU_OUT[11]
FV_FAIL -0.076 xdma_0_axi_aclk bd_i/layer_0/inst/u_core/u_dn/g_lane[98].dm_p_reg[98]/DSP_OUTPUT_INST/ALU_OUT[12]
FV_FAIL -0.076 xdma_0_axi_aclk bd_i/layer_0/inst/u_core/u_dn/g_lane[98].dm_p_reg[98]/DSP_OUTPUT_INST/ALU_OUT[13]
FV_FAIL -0.076 xdma_0_axi_aclk bd_i/layer_0/inst/u_core/u_dn/g_lane[98].dm_p_reg[98]/DSP_OUTPUT_INST/ALU_OUT[14]
FV_FAIL -0.076 xdma_0_axi_aclk bd_i/layer_0/inst/u_core/u_dn/g_lane[98].dm_p_reg[98]/DSP_OUTPUT_INST/ALU_OUT[15]
FV_FAIL -0.076 xdma_0_axi_aclk bd_i/layer_0/inst/u_core/u_dn/g_lane[98].dm_p_reg[98]/DSP_OUTPUT_INST/ALU_OUT[16]
FV_FAIL -0.076 xdma_0_axi_aclk bd_i/layer_0/inst/u_core/u_dn/g_lane[98].dm_p_reg[98]/DSP_OUTPUT_INST/ALU_OUT[17]
FV_FAIL -0.076 xdma_0_axi_aclk bd_i/layer_0/inst/u_core/u_dn/g_lane[98].dm_p_reg[98]/DSP_OUTPUT_INST/ALU_OUT[18]
FV_FAIL -0.076 xdma_0_axi_aclk bd_i/layer_0/inst/u_core/u_dn/g_lane[98].dm_p_reg[98]/DSP_OUTPUT_INST/ALU_OUT[19]
FV_FAIL -0.076 xdma_0_axi_aclk bd_i/layer_0/inst/u_core/u_dn/g_lane[98].dm_p_reg[98]/DSP_OUTPUT_INST/ALU_OUT[20]
FV_FAIL -0.076 xdma_0_axi_aclk bd_i/layer_0/inst/u_core/u_dn/g_lane[98].dm_p_reg[98]/DSP_OUTPUT_INST/ALU_OUT[21]
FV_FAIL -0.076 xdma_0_axi_aclk bd_i/layer_0/inst/u_core/u_dn/g_lane[98].dm_p_reg[98]/DSP_OUTPUT_INST/ALU_OUT[22]
FV_FAIL -0.076 xdma_0_axi_aclk bd_i/layer_0/inst/u_core/u_dn/g_lane[98].dm_p_reg[98]/DSP_OUTPUT_INST/ALU_OUT[23]
FV_FAIL -0.076 xdma_0_axi_aclk bd_i/layer_0/inst/u_core/u_dn/g_lane[98].dm_p_reg[98]/DSP_OUTPUT_INST/ALU_OUT[24]
FV_FAIL -0.076 xdma_0_axi_aclk bd_i/layer_0/inst/u_core/u_dn/g_lane[98].dm_p_reg[98]/DSP_OUTPUT_INST/ALU_OUT[25]
FV_FAIL -0.076 xdma_0_axi_aclk bd_i/layer_0/inst/u_core/u_dn/g_lane[98].dm_p_reg[98]/DSP_OUTPUT_INST/ALU_OUT[26]
FV_FAIL -0.076 xdma_0_axi_aclk bd_i/layer_0/inst/u_core/u_dn/g_lane[98].dm_p_reg[98]/DSP_OUTPUT_INST/ALU_OUT[27]
FV_FAIL -0.076 xdma_0_axi_aclk bd_i/layer_0/inst/u_core/u_dn/g_lane[98].dm_p_reg[98]/DSP_OUTPUT_INST/ALU_OUT[28]
FV_FAIL -0.076 xdma_0_axi_aclk bd_i/layer_0/inst/u_core/u_dn/g_lane[98].dm_p_reg[98]/DSP_OUTPUT_INST/ALU_OUT[29]
FV_FAIL -0.076 xdma_0_axi_aclk bd_i/layer_0/inst/u_core/u_dn/g_lane[98].dm_p_reg[98]/DSP_OUTPUT_INST/ALU_OUT[30]
FV_FAIL -0.076 xdma_0_axi_aclk bd_i/layer_0/inst/u_core/u_dn/g_lane[98].dm_p_reg[98]/DSP_OUTPUT_INST/ALU_OUT[31]
FV_FAIL -0.076 xdma_0_axi_aclk bd_i/layer_0/inst/u_core/u_dn/g_lane[98].dm_p_reg[98]/DSP_OUTPUT_INST/ALU_OUT[32]
FV_FAIL -0.076 xdma_0_axi_aclk bd_i/layer_0/inst/u_core/u_dn/g_lane[98].dm_p_reg[98]/DSP_OUTPUT_INST/ALU_OUT[33]
FV_FAIL -0.076 xdma_0_axi_aclk bd_i/layer_0/inst/u_core/u_dn/g_lane[98].dm_p_reg[98]/DSP_OUTPUT_INST/ALU_OUT[34]
FV_FAIL -0.076 xdma_0_axi_aclk bd_i/layer_0/inst/u_core/u_dn/g_lane[98].dm_p_reg[98]/DSP_OUTPUT_INST/ALU_OUT[35]
FV_FAIL -0.076 xdma_0_axi_aclk bd_i/layer_0/inst/u_core/u_dn/g_lane[98].dm_p_reg[98]/DSP_OUTPUT_INST/ALU_OUT[36]
FV_FAIL -0.076 xdma_0_axi_aclk bd_i/layer_0/inst/u_core/u_dn/g_lane[98].dm_p_reg[98]/DSP_OUTPUT_INST/ALU_OUT[37]
FV_FAIL -0.076 xdma_0_axi_aclk bd_i/layer_0/inst/u_core/u_dn/g_lane[98].dm_p_reg[98]/DSP_OUTPUT_INST/ALU_OUT[38]
FV_FAIL -0.076 xdma_0_axi_aclk bd_i/layer_0/inst/u_core/u_dn/g_lane[98].dm_p_reg[98]/DSP_OUTPUT_INST/ALU_OUT[39]
FV_FAIL -0.076 xdma_0_axi_aclk bd_i/layer_0/inst/u_core/u_dn/g_lane[98].dm_p_reg[98]/DSP_OUTPUT_INST/ALU_OUT[40]
FV_FAIL -0.076 xdma_0_axi_aclk bd_i/layer_0/inst/u_core/u_dn/g_lane[98].dm_p_reg[98]/DSP_OUTPUT_INST/ALU_OUT[41]
FV_FAIL -0.076 xdma_0_axi_aclk bd_i/layer_0/inst/u_core/u_dn/g_lane[98].dm_p_reg[98]/DSP_OUTPUT_INST/ALU_OUT[42]
FV_FAIL -0.076 xdma_0_axi_aclk bd_i/layer_0/inst/u_core/u_dn/g_lane[98].dm_p_reg[98]/DSP_OUTPUT_INST/ALU_OUT[43]
FV_FAIL -0.076 xdma_0_axi_aclk bd_i/layer_0/inst/u_core/u_dn/g_lane[98].dm_p_reg[98]/DSP_OUTPUT_INST/ALU_OUT[44]
FV_FAIL -0.076 xdma_0_axi_aclk bd_i/layer_0/inst/u_core/u_dn/g_lane[98].dm_p_reg[98]/DSP_OUTPUT_INST/ALU_OUT[45]
FV_FAIL -0.076 xdma_0_axi_aclk bd_i/layer_0/inst/u_core/u_dn/g_lane[98].dm_p_reg[98]/DSP_OUTPUT_INST/ALU_OUT[46]
FV_FAIL -0.076 xdma_0_axi_aclk bd_i/layer_0/inst/u_core/u_dn/g_lane[98].dm_p_reg[98]/DSP_OUTPUT_INST/ALU_OUT[47]
FV_FAIL -0.076 xdma_0_axi_aclk bd_i/layer_0/inst/u_core/u_dn/p_0_out__12__7/DSP_A_B_DATA_INST/B[10]
FV_FAIL -0.076 xdma_0_axi_aclk bd_i/layer_0/inst/u_core/u_dn/g_lane[71].kvm_acc_reg[71]/DSP_A_B_DATA_INST/B[11]
FV_FAIL -0.076 xdma_0_axi_aclk bd_i/layer_0/inst/u_core/kv_wrow_reg[576]/CE
FV_FAIL -0.076 xdma_0_axi_aclk bd_i/layer_0/inst/u_core/u_attn/o_g4_reg[0][6]/D
FV_FAIL -0.076 xdma_0_axi_aclk bd_i/layer_0/inst/u_core/u_dn/vdata_q_reg[8]_rep__3_replica_4/D
FV_FAIL -0.076 xdma_0_axi_aclk bd_i/layer_0/inst/u_core/u_attn/g_lane[79].prod_reg[79]/DSP_A_B_DATA_INST/B[8]
FV_FAIL -0.076 xdma_0_axi_aclk bd_i/layer_0/inst/u_core/at_qdata_reg[3]_rep__3/D
FV_FAIL -0.076 xdma_0_axi_aclk bd_i/layer_0/inst/u_core/u_dma/fmem_reg_0_255_128_128/SP.C/I
FV_FAIL -0.076 xdma_0_axi_aclk bd_i/layer_0/inst/u_core/u_attn/g_lane[190].prod_reg[190]/DSP_A_B_DATA_INST/CEA2
FV_FAIL -0.076 xdma_0_axi_aclk bd_i/layer_0/inst/u_core/u_dn/g_lane[100].dm_p_reg[100]/DSP_PREADD_DATA_INST/DIN[4]
FV_FAIL -0.076 xdma_0_axi_aclk bd_i/layer_0/inst/u_core/u_dn/g_lane[88].p2_p_reg[88]/DSP_A_B_DATA_INST/B[4]
FV_FAIL -0.076 xdma_0_axi_aclk bd_i/layer_0/inst/u_core/u_attn/g_lane[227].pv_abs_reg[227][17]/D
FV_FAIL -0.076 xdma_0_axi_aclk bd_i/layer_0/inst/u_core/u_dn/p_0_out__18__1/DSP_A_B_DATA_INST/A[16]
FV_FAIL -0.076 xdma_0_axi_aclk bd_i/layer_0/inst/u_core/u_dma/rowbuf_reg[1169]/CE
FV_FAIL -0.076 xdma_0_axi_aclk bd_i/layer_0/inst/u_core/u_dma/fmem_reg_0_255_493_493/DP.B/I
FV_FAIL -0.076 xdma_0_axi_aclk bd_i/layer_0/inst/u_core/u_dn/g_lane[47].kvm_acc_reg[47]/DSP_A_B_DATA_INST/A[23]
FV_FAIL -0.076 xdma_0_axi_aclk bd_i/layer_0/inst/u_core/u_attn/g_lane[93].prod_reg[93]/DSP_A_B_DATA_INST/B[11]
FV_FAIL -0.076 xdma_0_axi_aclk bd_i/layer_0/inst/u_core/u_dn/g_lane[99].p2_p_reg[99]/DSP_A_B_DATA_INST/B[5]
FV_FAIL -0.076 xdma_0_axi_aclk bd_i/layer_0/inst/u_core/u_topk/ent_reg[13][5]/CE
FV_FAIL -0.075 xdma_0_axi_aclk bd_i/layer_0/inst/u_core/u_dn/g_lane[11].kvm_acc_reg[11]/DSP_A_B_DATA_INST/A[12]
FV_FAIL -0.075 xdma_0_axi_aclk bd_i/layer_0/inst/u_core/u_dma/fmem_reg_0_255_204_204/SP.C/I
FV_FAIL -0.075 xdma_0_axi_aclk bd_i/layer_0/inst/u_core/u_dn/g_lane[78].o_acc_reg[78]/DSP_A_B_DATA_INST/B[0]
FV_FAIL -0.075 xdma_0_axi_aclk bd_i/layer_0/inst/u_core/u_dma/fmem_reg_0_255_179_179/DP.B/I
FV_FAIL -0.075 xdma_0_axi_aclk bd_i/layer_0/inst/u_core/u_dn/p_1_out__13__3/DSP_A_B_DATA_INST/A[18]
FV_FAIL -0.075 xdma_0_axi_aclk bd_i/layer_0/inst/u_core/u_dn/p_0_out__0__16/DSP_A_B_DATA_INST/A[5]
FV_FAIL -0.075 xdma_0_axi_aclk bd_i/layer_0/inst/u_core/eng_swd_reg[9]/D
FV_FAIL -0.075 xdma_0_axi_aclk bd_i/layer_0/inst/u_core/u_attn/g_lane[192].pv_abs_reg[192][14]/D
FV_FAIL -0.075 xdma_0_axi_aclk bd_i/layer_0/inst/u_core/u_attn/g_lane[89].pv_p_reg[89]/DSP_A_B_DATA_INST/A[13]
FV_FAIL -0.075 xdma_0_axi_aclk bd_i/layer_0/inst/u_core/u_dn/g_lane[11].dec_p_reg[11]/DSP_A_B_DATA_INST/A[15]
FV_FAIL -0.075 xdma_0_axi_aclk bd_i/layer_0/inst/u_core/u_dn/g_lane[78].o_acc_reg[78]/DSP_A_B_DATA_INST/B[4]
FV_FAIL -0.075 xdma_0_axi_aclk bd_i/layer_0/inst/u_core/at_qdata_reg[10]_rep__6/D
FV_FAIL -0.075 xdma_0_axi_aclk bd_i/layer_0/inst/u_core/u_dn/g_lane[2].kvm_acc_reg[2]/DSP_OUTPUT_INST/RSTP
FV_FAIL -0.075 xdma_0_axi_aclk bd_i/layer_0/inst/u_core/u_dma/fmem_reg_0_255_17_17/DP.A/I
FV_FAIL -0.075 xdma_0_axi_aclk bd_i/layer_0/inst/u_core/u_dn/p_1_out__7__5/DSP_PREADD_DATA_INST/DIN[19]
FV_FAIL -0.075 xdma_0_axi_aclk bd_i/layer_0/inst/u_core/u_attn/g_lane[86].prod_reg[86]/DSP_A_B_DATA_INST/B[17]
FV_FAIL -0.075 xdma_0_axi_aclk bd_i/layer_0/inst/u_core/u_dn/p_1_out__8__11/DSP_A_B_DATA_INST/B[3]
FV_FAIL -0.075 xdma_0_axi_aclk bd_i/layer_0/inst/u_core/at_qdata_reg[4]_rep__5/D
FV_FAIL -0.075 xdma_0_axi_aclk bd_i/layer_0/inst/u_core/u_dn/vdata_q_reg[6]_rep__6_replica_4/D
FV_FAIL -0.075 xdma_0_axi_aclk bd_i/layer_0/inst/u_core/u_dn/g_lane[91].kvm_acc_reg[91]/DSP_A_B_DATA_INST/B[0]
FV_FAIL -0.075 xdma_0_axi_aclk bd_i/layer_0/inst/u_core/u_dn/g_lane[90].kvm_acc_reg[90]/DSP_A_B_DATA_INST/B[4]
FV_FAIL -0.075 xdma_0_axi_aclk bd_i/layer_0/inst/u_core/u_topk/ent_reg[0][50]/CE
FV_FAIL -0.075 xdma_0_axi_aclk bd_i/layer_0/inst/u_core/at_qdata_reg[10]_rep__2/D
FV_FAIL -0.075 xdma_0_axi_aclk bd_i/layer_0/inst/u_core/u_dn/g_lane[59].dec_p_reg[59]/DSP_A_B_DATA_INST/A[19]
FV_FAIL -0.074 xdma_0_axi_aclk bd_i/axil_smc/inst/switchboards/i_nodes/i_w_node/inst/inst_mi_handler/gen_normal_area.inst_fifo_node_payld/gen_reg_fifo.inst_reg_fifo/gen_single_rank.inst_cntr/is_zero_r_reg/D
FV_FAIL -0.074 xdma_0_axi_aclk bd_i/layer_0/inst/u_core/u_dn/g_lane[47].dec_p_reg[47]/DSP_A_B_DATA_INST/A[2]
FV_FAIL -0.074 xdma_0_axi_aclk bd_i/layer_0/inst/u_core/u_topk/sel_reg[26]/D
FV_FAIL -0.074 xdma_0_axi_aclk bd_i/layer_0/inst/u_core/u_dn/p_1_out__18__3/DSP_OUTPUT_INST/ALU_OUT[2]
FV_FAIL -0.074 xdma_0_axi_aclk bd_i/layer_0/inst/u_core/u_dn/p_1_out__18__3/DSP_OUTPUT_INST/ALU_OUT[3]
FV_FAIL -0.074 xdma_0_axi_aclk bd_i/layer_0/inst/u_core/u_dn/g_lane[9].p2_p_reg[9]/DSP_A_B_DATA_INST/B[11]
FV_FAIL -0.074 xdma_0_axi_aclk bd_i/layer_0/inst/u_core/u_dn/g_lane[68].p2_p_reg[68]/DSP_A_B_DATA_INST/B[14]
FV_FAIL -0.074 xdma_0_axi_aclk bd_i/layer_0/inst/u_core/u_dn/o_sel_reg[15]/D
FV_FAIL -0.074 xdma_0_axi_aclk bd_i/mvchan_3/inst/u_chan/s_axib_bvalid_reg/R
FV_FAIL -0.074 xdma_0_axi_aclk bd_i/layer_0/inst/u_core/u_dn/p_1_out__16/DSP_PREADD_DATA_INST/DIN[0]
FV_FAIL -0.074 xdma_0_axi_aclk bd_i/layer_0/inst/u_core/u_dn/p_1_out__9__3/DSP_A_B_DATA_INST/A[18]
FV_FAIL -0.074 xdma_0_axi_aclk bd_i/layer_0/inst/u_core/u_dma/fmem_reg_0_255_336_336/SP.B/I
FV_FAIL -0.074 xdma_0_axi_aclk bd_i/layer_0/inst/u_core/u_vn/ss_acc0_i_7_psdsp/D
FV_FAIL -0.074 xdma_0_axi_aclk bd_i/layer_0/inst/u_core/u_attn/g_lane[26].prod_reg[26]/DSP_A_B_DATA_INST/B[7]
FV_FAIL -0.074 xdma_0_axi_aclk bd_i/layer_0/inst/u_core/u_dma/fmem_reg_0_255_162_162/DP.C/I
FV_FAIL -0.074 xdma_0_axi_aclk bd_i/layer_0/inst/u_core/u_dma/rowbuf_reg[1143]/CE
FV_FAIL -0.074 xdma_0_axi_aclk bd_i/layer_0/inst/u_core/u_attn/g_lane[86].prod_reg[86]/DSP_A_B_DATA_INST/B[16]
FV_FAIL -0.074 xdma_0_axi_aclk bd_i/layer_0/inst/u_core/u_dn/p_1_out__30__1/DSP_A_B_DATA_INST/B[14]
FV_FAIL -0.074 xdma_0_axi_aclk bd_i/layer_0/inst/u_core/u_dn/vdata_q_reg[4]_rep__5_replica_6/D
FV_FAIL -0.074 xdma_0_axi_aclk bd_i/layer_0/inst/u_core/u_dn/g_lane[6].dm_p_reg[6]/DSP_A_B_DATA_INST/A[12]
FV_FAIL -0.074 xdma_0_axi_aclk bd_i/layer_0/inst/u_core/dn_rdq_reg[952]/D
FV_FAIL -0.074 xdma_0_axi_aclk bd_i/layer_0/inst/u_core/u_dn/g_lane[76].kvm_acc_reg[76]/DSP_A_B_DATA_INST/B[17]
FV_FAIL -0.074 xdma_0_axi_aclk bd_i/layer_0/inst/u_core/g_kvslot[1].mem_reg_uram_39/CAS_IN_ADDR_A[8]
FV_FAIL -0.074 xdma_0_axi_aclk bd_i/layer_0/inst/u_core/u_topk/sel_reg[5]/D
FV_FAIL -0.074 xdma_0_axi_aclk bd_i/layer_0/inst/u_core/u_attn/g_lane[155].prod_reg[155]/DSP_A_B_DATA_INST/B[8]
FV_FAIL -0.074 xdma_0_axi_aclk bd_i/layer_0/inst/u_core/u_dma/fmem_reg_0_255_5_5/SP.B/I
FV_FAIL -0.074 xdma_0_axi_aclk bd_i/layer_0/inst/u_core/u_dn/p_1_out__3__16/DSP_A_B_DATA_INST/B[13]
FV_FAIL -0.073 xdma_0_axi_aclk bd_i/layer_0/inst/u_core/u_attn/o_g4_reg[0][23]/D
FV_FAIL -0.073 xdma_0_axi_aclk bd_i/layer_0/inst/u_core/u_attn/g_lane[196].pv_abs_reg[196][9]/D
FV_FAIL -0.073 xdma_0_axi_aclk bd_i/layer_0/inst/u_core/u_dn/g_lane[24].dm_p_reg[24]/DSP_PREADD_DATA_INST/DIN[15]
FV_FAIL -0.073 xdma_0_axi_aclk bd_i/layer_0/inst/u_core/g_kvslot[0].mem_reg_uram_31/CAS_IN_DIN_B[13]
FV_FAIL -0.073 xdma_0_axi_aclk bd_i/layer_0/inst/u_core/u_dma/fmem_reg_0_255_20_20/SP.A/I
FV_FAIL -0.073 xdma_0_axi_aclk bd_i/layer_0/inst/u_core/u_dma/fmem_reg_0_255_271_271/SP.B/I
FV_FAIL -0.073 xdma_0_axi_aclk bd_i/layer_0/inst/u_core/u_dn/g_lane[96].kvm_acc_reg[96]/DSP_A_B_DATA_INST/B[2]
FV_FAIL -0.073 xdma_0_axi_aclk bd_i/layer_0/inst/u_core/u_attn/g_lane[239].pv_abs_reg[239][19]/D
FV_FAIL -0.073 xdma_0_axi_aclk bd_i/layer_0/inst/u_core/u_attn/g_lane[122].pv_p_reg[122]/DSP_A_B_DATA_INST/A[19]
FV_FAIL -0.073 xdma_0_axi_aclk bd_i/layer_0/inst/u_core/u_dn/g_lane[78].o_acc_reg[78]/DSP_A_B_DATA_INST/B[1]
FV_FAIL -0.073 xdma_0_axi_aclk bd_i/layer_0/inst/u_core/u_attn/o_g4_reg[2][10]/D
FV_FAIL -0.073 xdma_0_axi_aclk bd_i/layer_0/inst/u_core/u_dma/fmem_reg_0_255_128_128/SP.B/I
FV_FAIL -0.073 xdma_0_axi_aclk bd_i/layer_0/inst/u_core/u_dn/p_0_out__1__14/DSP_PREADD_DATA_INST/DIN[7]
FV_FAIL -0.073 xdma_0_axi_aclk bd_i/layer_0/inst/u_core/u_attn/o_g4_reg[1][7]/D
FV_FAIL -0.073 xdma_0_axi_aclk bd_i/layer_0/inst/u_core/u_dma/fmem_reg_0_255_493_493/DP.C/I
FV_FAIL -0.073 xdma_0_axi_aclk bd_i/layer_0/inst/u_core/krow_reg[1569]/D
FV_FAIL -0.073 xdma_0_axi_aclk bd_i/layer_0/inst/u_core/u_attn/g_lane[26].prod_reg[26]/DSP_A_B_DATA_INST/B[6]
FV_FAIL -0.073 xdma_0_axi_aclk bd_i/layer_0/inst/u_core/u_attn/g_lane[231].pv_abs_reg[231][19]/D
FV_FAIL -0.072 xdma_0_axi_aclk bd_i/layer_0/inst/u_core/u_dma/fmem_reg_0_255_204_204/SP.B/I
FV_FAIL -0.072 xdma_0_axi_aclk bd_i/layer_0/inst/u_core/u_attn/g_lane[9].pv_p_reg[9]/DSP_A_B_DATA_INST/A[2]
FV_FAIL -0.072 xdma_0_axi_aclk bd_i/layer_0/inst/u_core/u_dn/p_1_out__12__2/DSP_A_B_DATA_INST/A[24]
FV_FAIL -0.072 xdma_0_axi_aclk bd_i/layer_0/inst/u_core/u_dn/p_0_out__3__10/DSP_A_B_DATA_INST/B[3]
FV_FAIL -0.072 xdma_0_axi_aclk bd_i/layer_0/inst/u_core/u_rope/m_data_reg[7]/D
FV_FAIL -0.072 xdma_0_axi_aclk bd_i/layer_0/inst/u_core/u_attn/g_lane[96].pv_p_reg[96]/DSP_A_B_DATA_INST/A[19]
FV_FAIL -0.072 xdma_0_axi_aclk bd_i/layer_0/inst/u_core/u_attn/g_lane[192].pv_abs_reg[192][12]/D
FV_FAIL -0.072 xdma_0_axi_aclk bd_i/layer_0/inst/u_core/kv_wrow_reg[710]/CE
FV_FAIL -0.072 xdma_0_axi_aclk bd_i/layer_0/inst/u_core/u_dn/g_lane[68].kvm_acc_reg[68]/DSP_A_B_DATA_INST/B[11]
FV_FAIL -0.072 xdma_0_axi_aclk bd_i/layer_0/inst/u_core/u_attn/g_lane[155].prod_reg[155]/DSP_A_B_DATA_INST/B[13]
FV_FAIL -0.072 xdma_0_axi_aclk bd_i/layer_0/inst/u_core/u_dn/g_lane[69].dm_p_reg[69]/DSP_A_B_DATA_INST/A[13]
FV_FAIL -0.072 xdma_0_axi_aclk bd_i/layer_0/inst/u_core/u_dma/fmem_reg_0_255_505_505/SP.C/I
FV_FAIL -0.072 xdma_0_axi_aclk bd_i/layer_0/inst/u_core/u_dma/fmem_reg_0_255_21_21/SP.A/I
FV_FAIL -0.072 xdma_0_axi_aclk bd_i/layer_0/inst/u_core/at_qdata_reg[9]_rep__11/D
FV_FAIL -0.072 xdma_0_axi_aclk bd_i/layer_0/inst/u_core/u_attn/g_lane[199].pv_abs_reg[199][13]/D
FV_FAIL -0.072 xdma_0_axi_aclk bd_i/layer_0/inst/u_core/u_dn/g_lane[92].dec_p_reg[92]/DSP_A_B_DATA_INST/A[10]
FV_FAIL -0.072 xdma_0_axi_aclk bd_i/layer_0/inst/u_core/u_dn/g_lane[21].p2_p_reg[21]/DSP_A_B_DATA_INST/B[5]
FV_FAIL -0.072 xdma_0_axi_aclk bd_i/layer_0/inst/u_core/u_attn/g_lane[231].pv_abs_reg[231][18]/D
FV_FAIL -0.072 xdma_0_axi_aclk bd_i/layer_0/inst/u_core/u_attn/g_lane[199].prod_reg[199]/DSP_A_B_DATA_INST/A[1]
FV_FAIL -0.072 xdma_0_axi_aclk bd_i/layer_0/inst/u_core/u_dn/g_lane[78].p2_p_reg[78]/DSP_A_B_DATA_INST/B[8]
FV_FAIL -0.072 xdma_0_axi_aclk bd_i/layer_0/inst/u_core/u_dn/g_lane[72].dm_p_reg[72]/DSP_A_B_DATA_INST/A[3]
FV_FAIL -0.071 xdma_0_axi_aclk bd_i/layer_0/inst/u_core/kv_wrow_reg[679]/CE
FV_FAIL -0.071 xdma_0_axi_aclk bd_i/layer_0/inst/u_core/u_dma/fmem_reg_0_255_52_52/DP.D/I
FV_FAIL -0.071 xdma_0_axi_aclk bd_i/mvchan_3/inst/u_chan/FSM_onehot_wstate_reg[0]/S
FV_FAIL -0.071 xdma_0_axi_aclk bd_i/mvchan_3/inst/u_chan/FSM_onehot_wstate_reg[2]/R
FV_FAIL -0.071 xdma_0_axi_aclk bd_i/layer_0/inst/u_core/u_dma/fmem_reg_0_255_5_5/SP.D/I
FV_FAIL -0.071 xdma_0_axi_aclk bd_i/layer_0/inst/u_core/u_dma/fmem_reg_0_255_131_131/SP.A/I
FV_FAIL -0.071 xdma_0_axi_aclk bd_i/layer_0/inst/u_core/u_attn/g_lane[118].prod_reg[118]/DSP_A_B_DATA_INST/B[4]
FV_FAIL -0.071 xdma_0_axi_aclk bd_i/layer_0/inst/u_core/u_dma/fmem_reg_0_255_299_299/DP.A/I
FV_FAIL -0.071 xdma_0_axi_aclk bd_i/layer_0/inst/u_core/u_dma/fmem_reg_0_255_326_326/DP.A/I
FV_FAIL -0.071 xdma_0_axi_aclk bd_i/layer_0/inst/u_core/smem_b_reg_bram_17/ADDRBWRADDR[8]
FV_FAIL -0.071 xdma_0_axi_aclk bd_i/layer_0/inst/u_core/kv_wrow_reg[711]/CE
FV_FAIL -0.071 xdma_0_axi_aclk bd_i/layer_0/inst/u_core/u_axib/fdat_reg_0_3_14_15/SP/I
FV_FAIL -0.071 xdma_0_axi_aclk bd_i/layer_0/inst/u_core/u_attn/g_lane[193].pv_abs_reg[193][17]/D
FV_FAIL -0.071 xdma_0_axi_aclk bd_i/layer_0/inst/u_core/u_dn/p_1_out__2__18/DSP_A_B_DATA_INST/A[6]
FV_FAIL -0.071 xdma_0_axi_aclk bd_i/layer_0/inst/u_core/u_dma/fmem_reg_0_255_159_159/DP.A/I
FV_FAIL -0.071 xdma_0_axi_aclk bd_i/layer_0/inst/u_core/u_dma/fmem_reg_0_255_493_493/SP.C/I
FV_FAIL -0.071 xdma_0_axi_aclk bd_i/layer_0/inst/u_core/u_attn/pvc64_reg[46]/CE
FV_FAIL -0.071 xdma_0_axi_aclk bd_i/layer_0/inst/u_core/u_attn/pvc64_reg[50]/CE
FV_FAIL -0.071 xdma_0_axi_aclk bd_i/layer_0/inst/u_core/u_attn/pvc64_reg[55]/CE
FV_FAIL -0.071 xdma_0_axi_aclk bd_i/layer_0/inst/u_core/u_attn/pvc64_reg[57]/CE
FV_FAIL -0.071 xdma_0_axi_aclk bd_i/layer_0/inst/u_core/u_attn/g_lane[42].prod_reg[42]/DSP_A_B_DATA_INST/B[2]
FV_FAIL -0.071 xdma_0_axi_aclk bd_i/layer_0/inst/u_core/cs_wd_reg[33]/D
FV_FAIL -0.070 xdma_0_axi_aclk bd_i/axi_smc/inst/s02_entry_pipeline/s02_si_converter/inst/converter.wrap_narrow_inst/gen_thread_loop[0].r_payld_fifo/mesg_reg_reg[282]/CE
FV_FAIL -0.070 xdma_0_axi_aclk bd_i/axi_smc/inst/s02_entry_pipeline/s02_si_converter/inst/converter.wrap_narrow_inst/gen_thread_loop[0].r_payld_fifo/mesg_reg_reg[517]/CE
FV_FAIL -0.070 xdma_0_axi_aclk bd_i/axi_smc/inst/s02_entry_pipeline/s02_si_converter/inst/converter.wrap_narrow_inst/gen_thread_loop[0].r_payld_fifo/mesg_reg_reg[82]/CE
FV_FAIL -0.070 xdma_0_axi_aclk bd_i/axi_smc/inst/s02_entry_pipeline/s02_si_converter/inst/converter.wrap_narrow_inst/gen_thread_loop[0].r_payld_fifo/mesg_reg_reg[83]/CE
FV_FAIL -0.070 xdma_0_axi_aclk bd_i/layer_0/inst/u_core/u_dma/fmem_reg_0_255_169_169/SP.D/I
FV_FAIL -0.070 xdma_0_axi_aclk bd_i/layer_0/inst/u_core/u_dn/g_lane[2].dm_p_reg[2]/DSP_PREADD_DATA_INST/DIN[3]
FV_FAIL -0.070 xdma_0_axi_aclk bd_i/layer_0/inst/u_core/u_attn/padd_q_reg[25]/R
FV_FAIL -0.070 xdma_0_axi_aclk bd_i/layer_0/inst/u_core/u_dn/p_1_out__14__6/DSP_A_B_DATA_INST/A[11]
FV_FAIL -0.070 xdma_0_axi_aclk bd_i/layer_0/inst/u_core/u_dn/p_1_out__2__17/DSP_A_B_DATA_INST/B[13]
FV_FAIL -0.070 xdma_0_axi_aclk bd_i/layer_0/inst/u_core/u_alu/b_addr_reg[9]/CE
FV_FAIL -0.070 xdma_0_axi_aclk bd_i/layer_0/inst/u_core/u_attn/g_lane[79].pv_p_reg[79]/DSP_A_B_DATA_INST/A[9]
FV_FAIL -0.070 xdma_0_axi_aclk bd_i/layer_0/inst/u_core/u_dn/p_1_out__0__16/DSP_A_B_DATA_INST/A[6]
FV_FAIL -0.070 xdma_0_axi_aclk bd_i/layer_0/inst/u_core/u_dn/o_sel_reg[16]/D
FV_FAIL -0.070 xdma_0_axi_aclk bd_i/layer_0/inst/u_core/u_dn/p_0_out__0__16/DSP_A_B_DATA_INST/A[25]
FV_FAIL -0.070 xdma_0_axi_aclk bd_i/layer_0/inst/u_core/u_dma/rowbuf_reg[319]/D
FV_FAIL -0.070 xdma_0_axi_aclk bd_i/layer_0/inst/u_core/g_kvslot[0].mem_reg_uram_51/CAS_IN_ADDR_A[10]
FV_FAIL -0.070 xdma_0_axi_aclk bd_i/layer_0/inst/u_core/smem_b_reg_bram_1/ADDRBWRADDR[12]
FV_FAIL -0.070 xdma_0_axi_aclk bd_i/layer_0/inst/u_core/u_dma/fmem_reg_0_255_493_493/SP.B/I
FV_FAIL -0.069 xdma_0_axi_aclk bd_i/layer_0/inst/u_core/u_attn/g_lane[89].pv_p_reg[89]/DSP_A_B_DATA_INST/A[20]
FV_FAIL -0.069 xdma_0_axi_aclk bd_i/layer_0/inst/u_core/u_dn/p_0_out__16/DSP_PREADD_DATA_INST/DIN[9]
FV_FAIL -0.069 xdma_0_axi_aclk bd_i/layer_0/inst/u_core/u_attn/g_lane[228].prod_reg[228]/DSP_A_B_DATA_INST/B[13]
FV_FAIL -0.069 xdma_0_axi_aclk bd_i/layer_0/inst/u_core/u_dma/fmem_reg_0_255_167_167/SP.C/I
FV_FAIL -0.069 xdma_0_axi_aclk bd_i/layer_0/inst/u_core/u_attn/g_lane[16].pv_p_reg[16]/DSP_A_B_DATA_INST/A[25]
FV_FAIL -0.069 xdma_0_axi_aclk bd_i/layer_0/inst/u_core/u_dma/fmem_reg_0_255_32_32/SP.C/I
FV_FAIL -0.069 xdma_0_axi_aclk bd_i/layer_0/inst/u_core/u_dn/p_0_out__17__2/DSP_A_B_DATA_INST/B[7]
FV_FAIL -0.069 xdma_0_axi_aclk bd_i/layer_0/inst/u_core/u_attn/g_lane[239].pv_abs_reg[239][18]/D
FV_FAIL -0.069 xdma_0_axi_aclk bd_i/layer_0/inst/u_core/u_attn/g_lane[123].pv_p_reg[123]/DSP_A_B_DATA_INST/A[24]
FV_FAIL -0.069 xdma_0_axi_aclk bd_i/layer_0/inst/u_core/u_dma/rowbuf_reg[1161]/CE
FV_FAIL -0.069 xdma_0_axi_aclk bd_i/layer_0/inst/u_core/u_dn/g_lane[94].p2_p_reg[94]/DSP_A_B_DATA_INST/B[7]
FV_FAIL -0.069 xdma_0_axi_aclk bd_i/layer_0/inst/u_core/u_dn/g_lane[114].dec_p_reg[114]/DSP_A_B_DATA_INST/A[15]
FV_FAIL -0.069 xdma_0_axi_aclk bd_i/layer_0/inst/u_core/u_dma/fmem_reg_0_255_505_505/SP.B/I
FV_FAIL -0.069 xdma_0_axi_aclk bd_i/layer_0/inst/u_core/u_dma/fmem_reg_0_255_480_480/DP.D/I
FV_FAIL -0.069 xdma_0_axi_aclk bd_i/layer_0/inst/u_core/u_dn/p_0_out__1__4/DSP_A_B_DATA_INST/B[2]
FV_FAIL -0.069 xdma_0_axi_aclk bd_i/layer_0/inst/u_core/u_attn/g_lane[227].pv_abs_reg[227][13]/D
FV_FAIL -0.069 xdma_0_axi_aclk bd_i/layer_0/inst/u_core/u_attn/g_lane[119].prod_reg[119]/DSP_A_B_DATA_INST/B[11]
FV_FAIL -0.069 xdma_0_axi_aclk bd_i/layer_0/inst/u_core/u_dma/f_rp_reg[4]_rep__10/R
FV_FAIL -0.069 xdma_0_axi_aclk bd_i/layer_0/inst/u_core/u_dma/f_rp_reg[4]_rep__12/R
FV_FAIL -0.069 xdma_0_axi_aclk bd_i/layer_0/inst/u_core/u_attn/es_mem_reg_bram_1/WEA[1]
FV_FAIL -0.069 xdma_0_axi_aclk bd_i/layer_0/inst/u_core/u_dn/g_lane[75].o_acc_reg[75]/DSP_A_B_DATA_INST/B[12]
FV_FAIL -0.069 xdma_0_axi_aclk bd_i/layer_0/inst/u_core/u_rope/m_data_reg[13]/D
FV_FAIL -0.069 xdma_0_axi_aclk bd_i/layer_0/inst/u_core/krow_reg[1073]/R
FV_FAIL -0.069 xdma_0_axi_aclk bd_i/layer_0/inst/u_core/krow_reg[1075]/R
FV_FAIL -0.069 xdma_0_axi_aclk bd_i/layer_0/inst/u_core/krow_reg[1076]/R
FV_FAIL -0.069 xdma_0_axi_aclk bd_i/layer_0/inst/u_core/krow_reg[1077]/R
FV_FAIL -0.069 xdma_0_axi_aclk bd_i/layer_0/inst/u_core/krow_reg[1078]/R
FV_FAIL -0.069 xdma_0_axi_aclk bd_i/layer_0/inst/u_core/u_attn/g_lane[197].pv_p_reg[197]/DSP_A_B_DATA_INST/A[19]
FV_FAIL -0.069 xdma_0_axi_aclk bd_i/layer_0/inst/u_core/u_attn/pvc64_reg[48]/CE
FV_FAIL -0.069 xdma_0_axi_aclk bd_i/layer_0/inst/u_core/u_attn/pvc64_reg[49]/CE
FV_FAIL -0.069 xdma_0_axi_aclk bd_i/layer_0/inst/u_core/u_attn/pvc64_reg[52]/CE
FV_FAIL -0.069 xdma_0_axi_aclk bd_i/layer_0/inst/u_core/u_attn/g_lane[7].prod_reg[7]/DSP_A_B_DATA_INST/CEA2
FV_FAIL -0.069 xdma_0_axi_aclk bd_i/layer_0/inst/u_core/g_kvslot[0].mem_reg_uram_47/CAS_IN_DIN_B[68]
FV_FAIL -0.068 xdma_0_axi_aclk bd_i/layer_0/inst/u_core/u_dma/rowbuf_reg[702]/CE
FV_FAIL -0.068 xdma_0_axi_aclk bd_i/layer_0/inst/u_core/g_kvslot[1].mem_reg_uram_43/CAS_IN_BWE_B[2]
FV_FAIL -0.068 xdma_0_axi_aclk bd_i/layer_0/inst/u_core/u_attn/g_lane[199].pv_abs_reg[199][15]/D
FV_FAIL -0.068 xdma_0_axi_aclk bd_i/layer_0/inst/u_core/u_dn/p_0_out__8/DSP_PREADD_DATA_INST/DIN[4]
FV_FAIL -0.068 xdma_0_axi_aclk bd_i/layer_0/inst/u_core/g_dnslot[0].mem_reg_uram_23/DIN_B[71]
FV_FAIL -0.068 xdma_0_axi_aclk bd_i/layer_0/inst/u_core/u_topk/ent_reg[4][48]/CE
FV_FAIL -0.068 xdma_0_axi_aclk bd_i/layer_0/inst/u_core/u_dn/g_lane[66].p2_p_reg[66]/DSP_A_B_DATA_INST/B[7]
FV_FAIL -0.068 xdma_0_axi_aclk bd_i/layer_0/inst/u_core/u_attn/g_lane[67].prod_reg[67]/DSP_A_B_DATA_INST/CEA2
FV_FAIL -0.068 xdma_0_axi_aclk bd_i/layer_0/inst/u_core/u_attn/g_lane[98].pv_p_reg[98]/DSP_A_B_DATA_INST/A[2]
FV_FAIL -0.068 xdma_0_axi_aclk bd_i/layer_0/inst/u_core/u_dn/p_0_out__9__6/DSP_A_B_DATA_INST/B[12]
FV_FAIL -0.068 xdma_0_axi_aclk bd_i/layer_0/inst/u_core/u_dn/g_lane[59].dec_p_reg[59]/DSP_A_B_DATA_INST/A[17]
FV_FAIL -0.068 xdma_0_axi_aclk bd_i/layer_0/inst/u_core/u_attn/g_lane[27].pv_p_reg[27]/DSP_A_B_DATA_INST/A[25]
FV_FAIL -0.068 xdma_0_axi_aclk bd_i/layer_0/inst/u_core/u_attn/g_lane[163].pv_p_reg[163]/DSP_OUTPUT_INST/ALU_OUT[8]
FV_FAIL -0.068 xdma_0_axi_aclk bd_i/layer_0/inst/u_core/u_attn/g_lane[163].pv_p_reg[163]/DSP_OUTPUT_INST/ALU_OUT[9]
FV_FAIL -0.068 xdma_0_axi_aclk bd_i/layer_0/inst/u_core/u_dn/p_1_out__14__6/DSP_A_B_DATA_INST/A[17]
FV_FAIL -0.068 xdma_0_axi_aclk bd_i/layer_0/inst/u_core/u_attn/g_lane[11].pv_p_reg[11]/DSP_A_B_DATA_INST/A[23]
FV_FAIL -0.068 xdma_0_axi_aclk bd_i/layer_0/inst/u_core/u_dn/p_1_out__12__2/DSP_A_B_DATA_INST/A[26]
FV_FAIL -0.068 xdma_0_axi_aclk bd_i/layer_0/inst/u_core/u_dn/p_0_out__8__8/DSP_PREADD_DATA_INST/DIN[7]
FV_FAIL -0.067 xdma_0_axi_aclk bd_i/layer_0/inst/u_core/smem_a_reg_bram_12/ENBWREN
FV_FAIL -0.067 xdma_0_axi_aclk bd_i/layer_0/inst/u_core/u_attn/dot_reg[16]/D
FV_FAIL -0.067 xdma_0_axi_aclk bd_i/layer_0/inst/u_core/u_dn/p_1_out__17__8/DSP_A_B_DATA_INST/A[18]
FV_FAIL -0.067 xdma_0_axi_aclk bd_i/layer_0/inst/u_core/u_dn/g_lane[74].dec_p_reg[74]/DSP_A_B_DATA_INST/A[13]
FV_FAIL -0.067 xdma_0_axi_aclk bd_i/layer_0/inst/u_core/at_qdata_reg[15]_replica_10/D
FV_FAIL -0.067 xdma_0_axi_aclk bd_i/layer_0/inst/u_core/u_dn/g_lane[40].o_acc_reg[40]/DSP_A_B_DATA_INST/B[2]
FV_FAIL -0.067 xdma_0_axi_aclk bd_i/layer_0/inst/u_core/dn_decay_reg[6]/D
FV_FAIL -0.067 xdma_0_axi_aclk bd_i/layer_0/inst/u_core/u_attn/g_lane[89].pv_p_reg[89]/DSP_A_B_DATA_INST/A[18]
FV_FAIL -0.067 xdma_0_axi_aclk bd_i/layer_0/inst/u_core/u_attn/g_lane[89].pv_p_reg[89]/DSP_A_B_DATA_INST/A[19]
FV_FAIL -0.067 xdma_0_axi_aclk bd_i/layer_0/inst/u_core/u_dn/p_1_out__0__16/DSP_A_B_DATA_INST/A[7]
FV_FAIL -0.067 xdma_0_axi_aclk bd_i/layer_0/inst/u_core/dn_beta_reg[6]/D
FV_FAIL -0.067 xdma_0_axi_aclk bd_i/layer_0/inst/u_core/u_attn/g_lane[79].pv_p_reg[79]/DSP_A_B_DATA_INST/A[17]
FV_FAIL -0.067 xdma_0_axi_aclk bd_i/layer_0/inst/u_core/tmp16_reg[3]/D
FV_FAIL -0.067 xdma_0_axi_aclk bd_i/layer_0/inst/u_core/u_dma/fmem_reg_0_255_119_119/SP.A/I
FV_FAIL -0.067 xdma_0_axi_aclk bd_i/layer_0/inst/u_core/u_attn/oi_reg[0]_rep/CE
FV_FAIL -0.067 xdma_0_axi_aclk bd_i/layer_0/inst/u_core/u_attn/g_lane[26].prod_reg[26]/DSP_A_B_DATA_INST/B[10]
FV_FAIL -0.067 xdma_0_axi_aclk bd_i/layer_0/inst/u_core/u_dma/fmem_reg_0_255_73_73/SP.D/I
FV_FAIL -0.067 xdma_0_axi_aclk bd_i/layer_0/inst/u_core/u_attn/pvc64_reg[35]/CE
FV_FAIL -0.067 xdma_0_axi_aclk bd_i/layer_0/inst/u_core/u_attn/pvc64_reg[3]/CE
FV_FAIL -0.067 xdma_0_axi_aclk bd_i/layer_0/inst/u_core/u_attn/pvc64_reg[7]/CE
FV_FAIL -0.067 xdma_0_axi_aclk bd_i/layer_0/inst/u_core/u_dn/g_lane[61].dec_p_reg[61]/DSP_A_B_DATA_INST/A[23]
FV_FAIL -0.067 xdma_0_axi_aclk bd_i/layer_0/inst/u_core/u_dma/fmem_reg_0_255_505_505/SP.D/I
FV_FAIL -0.067 xdma_0_axi_aclk bd_i/layer_0/inst/u_core/u_attn/padd_q_reg[27]/R
FV_FAIL -0.067 xdma_0_axi_aclk bd_i/layer_0/inst/u_core/u_attn/padd_q_reg[29]/R
FV_FAIL -0.067 xdma_0_axi_aclk bd_i/layer_0/inst/u_core/u_attn/padd_q_reg[34]/R
FV_FAIL -0.067 xdma_0_axi_aclk bd_i/layer_0/inst/u_core/u_attn/padd_q_reg[36]/R
FV_FAIL -0.067 xdma_0_axi_aclk bd_i/layer_0/inst/u_core/u_topk/sel_reg[46]/D
FV_FAIL -0.066 xdma_0_axi_aclk bd_i/layer_0/inst/u_core/u_dn/g_lane[91].p2_p_reg[91]/DSP_A_B_DATA_INST/B[2]
FV_FAIL -0.066 xdma_0_axi_aclk bd_i/layer_0/inst/u_core/u_dma/fmem_reg_0_255_167_167/SP.B/I
FV_FAIL -0.066 xdma_0_axi_aclk bd_i/layer_0/inst/u_core/u_attn/g_lane[60].prod_reg[60]/DSP_A_B_DATA_INST/B[1]
FV_FAIL -0.066 xdma_0_axi_aclk bd_i/layer_0/inst/u_core/u_dn/g_lane[124].kvm_acc_reg[124]/DSP_A_B_DATA_INST/B[1]
FV_FAIL -0.066 xdma_0_axi_aclk bd_i/layer_0/inst/u_core/kv_wrow_reg[606]/CE
FV_FAIL -0.066 xdma_0_axi_aclk bd_i/layer_0/inst/u_core/u_dn/g_lane[19].dm_p_reg[19]/DSP_OUTPUT_INST/ALU_OUT[10]
FV_FAIL -0.066 xdma_0_axi_aclk bd_i/layer_0/inst/u_core/u_dn/g_lane[19].dm_p_reg[19]/DSP_OUTPUT_INST/ALU_OUT[11]
FV_FAIL -0.066 xdma_0_axi_aclk bd_i/layer_0/inst/u_core/u_dn/g_lane[19].dm_p_reg[19]/DSP_OUTPUT_INST/ALU_OUT[12]
FV_FAIL -0.066 xdma_0_axi_aclk bd_i/layer_0/inst/u_core/u_dn/g_lane[19].dm_p_reg[19]/DSP_OUTPUT_INST/ALU_OUT[13]
FV_FAIL -0.066 xdma_0_axi_aclk bd_i/layer_0/inst/u_core/u_dn/g_lane[19].dm_p_reg[19]/DSP_OUTPUT_INST/ALU_OUT[14]
FV_FAIL -0.066 xdma_0_axi_aclk bd_i/layer_0/inst/u_core/u_dn/g_lane[19].dm_p_reg[19]/DSP_OUTPUT_INST/ALU_OUT[15]
FV_FAIL -0.066 xdma_0_axi_aclk bd_i/layer_0/inst/u_core/u_dn/g_lane[19].dm_p_reg[19]/DSP_OUTPUT_INST/ALU_OUT[16]
FV_FAIL -0.066 xdma_0_axi_aclk bd_i/layer_0/inst/u_core/u_dn/g_lane[19].dm_p_reg[19]/DSP_OUTPUT_INST/ALU_OUT[17]
FV_FAIL -0.066 xdma_0_axi_aclk bd_i/layer_0/inst/u_core/u_dn/g_lane[19].dm_p_reg[19]/DSP_OUTPUT_INST/ALU_OUT[18]
FV_FAIL -0.066 xdma_0_axi_aclk bd_i/layer_0/inst/u_core/u_dn/g_lane[19].dm_p_reg[19]/DSP_OUTPUT_INST/ALU_OUT[19]
FV_FAIL -0.066 xdma_0_axi_aclk bd_i/layer_0/inst/u_core/u_dn/g_lane[19].dm_p_reg[19]/DSP_OUTPUT_INST/ALU_OUT[20]
FV_FAIL -0.066 xdma_0_axi_aclk bd_i/layer_0/inst/u_core/u_dn/g_lane[19].dm_p_reg[19]/DSP_OUTPUT_INST/ALU_OUT[21]
FV_FAIL -0.066 xdma_0_axi_aclk bd_i/layer_0/inst/u_core/u_dn/g_lane[19].dm_p_reg[19]/DSP_OUTPUT_INST/ALU_OUT[22]
FV_FAIL -0.066 xdma_0_axi_aclk bd_i/layer_0/inst/u_core/u_dn/g_lane[19].dm_p_reg[19]/DSP_OUTPUT_INST/ALU_OUT[23]
FV_FAIL -0.066 xdma_0_axi_aclk bd_i/layer_0/inst/u_core/u_dn/g_lane[19].dm_p_reg[19]/DSP_OUTPUT_INST/ALU_OUT[24]
FV_FAIL -0.066 xdma_0_axi_aclk bd_i/layer_0/inst/u_core/u_dn/g_lane[19].dm_p_reg[19]/DSP_OUTPUT_INST/ALU_OUT[25]
FV_FAIL -0.066 xdma_0_axi_aclk bd_i/layer_0/inst/u_core/u_dn/g_lane[19].dm_p_reg[19]/DSP_OUTPUT_INST/ALU_OUT[26]
FV_FAIL -0.066 xdma_0_axi_aclk bd_i/layer_0/inst/u_core/u_dn/g_lane[19].dm_p_reg[19]/DSP_OUTPUT_INST/ALU_OUT[27]
FV_FAIL -0.066 xdma_0_axi_aclk bd_i/layer_0/inst/u_core/u_dn/g_lane[19].dm_p_reg[19]/DSP_OUTPUT_INST/ALU_OUT[28]
FV_FAIL -0.066 xdma_0_axi_aclk bd_i/layer_0/inst/u_core/u_dn/g_lane[19].dm_p_reg[19]/DSP_OUTPUT_INST/ALU_OUT[29]
FV_FAIL -0.066 xdma_0_axi_aclk bd_i/layer_0/inst/u_core/u_dn/g_lane[19].dm_p_reg[19]/DSP_OUTPUT_INST/ALU_OUT[30]
FV_FAIL -0.066 xdma_0_axi_aclk bd_i/layer_0/inst/u_core/u_dn/g_lane[19].dm_p_reg[19]/DSP_OUTPUT_INST/ALU_OUT[31]
FV_FAIL -0.066 xdma_0_axi_aclk bd_i/layer_0/inst/u_core/u_dn/g_lane[19].dm_p_reg[19]/DSP_OUTPUT_INST/ALU_OUT[32]
FV_FAIL -0.066 xdma_0_axi_aclk bd_i/layer_0/inst/u_core/u_dn/g_lane[19].dm_p_reg[19]/DSP_OUTPUT_INST/ALU_OUT[33]
FV_FAIL -0.066 xdma_0_axi_aclk bd_i/layer_0/inst/u_core/u_dn/g_lane[19].dm_p_reg[19]/DSP_OUTPUT_INST/ALU_OUT[34]
FV_FAIL -0.066 xdma_0_axi_aclk bd_i/layer_0/inst/u_core/u_dn/g_lane[19].dm_p_reg[19]/DSP_OUTPUT_INST/ALU_OUT[35]
FV_FAIL -0.066 xdma_0_axi_aclk bd_i/layer_0/inst/u_core/u_dn/g_lane[19].dm_p_reg[19]/DSP_OUTPUT_INST/ALU_OUT[36]
FV_FAIL -0.066 xdma_0_axi_aclk bd_i/layer_0/inst/u_core/u_dn/g_lane[19].dm_p_reg[19]/DSP_OUTPUT_INST/ALU_OUT[37]
FV_FAIL -0.066 xdma_0_axi_aclk bd_i/layer_0/inst/u_core/u_dn/g_lane[19].dm_p_reg[19]/DSP_OUTPUT_INST/ALU_OUT[38]
FV_FAIL -0.066 xdma_0_axi_aclk bd_i/layer_0/inst/u_core/u_dn/g_lane[19].dm_p_reg[19]/DSP_OUTPUT_INST/ALU_OUT[39]
FV_FAIL -0.066 xdma_0_axi_aclk bd_i/layer_0/inst/u_core/u_dn/g_lane[19].dm_p_reg[19]/DSP_OUTPUT_INST/ALU_OUT[40]
FV_FAIL -0.066 xdma_0_axi_aclk bd_i/layer_0/inst/u_core/u_dn/g_lane[19].dm_p_reg[19]/DSP_OUTPUT_INST/ALU_OUT[41]
FV_FAIL -0.066 xdma_0_axi_aclk bd_i/layer_0/inst/u_core/u_dn/g_lane[19].dm_p_reg[19]/DSP_OUTPUT_INST/ALU_OUT[42]
FV_FAIL -0.066 xdma_0_axi_aclk bd_i/layer_0/inst/u_core/u_dn/g_lane[19].dm_p_reg[19]/DSP_OUTPUT_INST/ALU_OUT[43]
FV_FAIL -0.066 xdma_0_axi_aclk bd_i/layer_0/inst/u_core/u_dn/g_lane[19].dm_p_reg[19]/DSP_OUTPUT_INST/ALU_OUT[44]
FV_FAIL -0.066 xdma_0_axi_aclk bd_i/layer_0/inst/u_core/u_dn/g_lane[19].dm_p_reg[19]/DSP_OUTPUT_INST/ALU_OUT[45]
FV_FAIL -0.066 xdma_0_axi_aclk bd_i/layer_0/inst/u_core/u_dn/g_lane[19].dm_p_reg[19]/DSP_OUTPUT_INST/ALU_OUT[46]
FV_FAIL -0.066 xdma_0_axi_aclk bd_i/layer_0/inst/u_core/u_dn/g_lane[19].dm_p_reg[19]/DSP_OUTPUT_INST/ALU_OUT[47]
FV_FAIL -0.066 xdma_0_axi_aclk bd_i/layer_0/inst/u_core/u_dn/g_lane[19].dm_p_reg[19]/DSP_OUTPUT_INST/ALU_OUT[4]
FV_FAIL -0.066 xdma_0_axi_aclk bd_i/layer_0/inst/u_core/u_dn/g_lane[19].dm_p_reg[19]/DSP_OUTPUT_INST/ALU_OUT[5]
FV_FAIL -0.066 xdma_0_axi_aclk bd_i/layer_0/inst/u_core/u_dn/g_lane[19].dm_p_reg[19]/DSP_OUTPUT_INST/ALU_OUT[6]
FV_FAIL -0.066 xdma_0_axi_aclk bd_i/layer_0/inst/u_core/u_dn/g_lane[19].dm_p_reg[19]/DSP_OUTPUT_INST/ALU_OUT[7]
FV_FAIL -0.066 xdma_0_axi_aclk bd_i/layer_0/inst/u_core/u_dn/g_lane[19].dm_p_reg[19]/DSP_OUTPUT_INST/ALU_OUT[8]
FV_FAIL -0.066 xdma_0_axi_aclk bd_i/layer_0/inst/u_core/u_dn/g_lane[19].dm_p_reg[19]/DSP_OUTPUT_INST/ALU_OUT[9]
FV_FAIL -0.066 xdma_0_axi_aclk bd_i/layer_0/inst/u_core/g_dnslot[1].mem_reg_uram_20/ADDR_B[2]
FV_FAIL -0.066 xdma_0_axi_aclk bd_i/layer_0/inst/u_core/u_topk/ent_reg[13][20]/CE
FV_FAIL -0.066 xdma_0_axi_aclk bd_i/layer_0/inst/u_core/u_dn/g_lane[32].p2_p_reg[32]/DSP_A_B_DATA_INST/B[1]
FV_FAIL -0.066 xdma_0_axi_aclk bd_i/layer_0/inst/u_core/u_dma/fmem_reg_0_255_159_159/SP.A/I
FV_FAIL -0.066 xdma_0_axi_aclk bd_i/layer_0/inst/u_core/g_kvslot[1].mem_reg_uram_31/CAS_IN_ADDR_A[8]
FV_FAIL -0.066 xdma_0_axi_aclk bd_i/layer_0/inst/u_core/u_dn/g_lane[92].kvm_acc_reg[92]/DSP_A_B_DATA_INST/B[0]
FV_FAIL -0.066 xdma_0_axi_aclk bd_i/layer_0/inst/u_core/u_attn/pvc64_reg[39]/CE
FV_FAIL -0.066 xdma_0_axi_aclk bd_i/layer_0/inst/u_core/u_alu/ag_i_reg[1]/R
FV_FAIL -0.066 xdma_0_axi_aclk bd_i/layer_0/inst/u_core/u_attn/g_lane[235].pv_p_reg[235]/DSP_OUTPUT_INST/ALU_OUT[10]
FV_FAIL -0.066 xdma_0_axi_aclk bd_i/layer_0/inst/u_core/u_attn/g_lane[235].pv_p_reg[235]/DSP_OUTPUT_INST/ALU_OUT[11]
FV_FAIL -0.066 xdma_0_axi_aclk bd_i/layer_0/inst/u_core/u_attn/g_lane[235].pv_p_reg[235]/DSP_OUTPUT_INST/ALU_OUT[12]
FV_FAIL -0.066 xdma_0_axi_aclk bd_i/layer_0/inst/u_core/u_attn/g_lane[235].pv_p_reg[235]/DSP_OUTPUT_INST/ALU_OUT[13]
FV_FAIL -0.066 xdma_0_axi_aclk bd_i/layer_0/inst/u_core/u_attn/g_lane[235].pv_p_reg[235]/DSP_OUTPUT_INST/ALU_OUT[14]
FV_FAIL -0.066 xdma_0_axi_aclk bd_i/layer_0/inst/u_core/u_attn/g_lane[235].pv_p_reg[235]/DSP_OUTPUT_INST/ALU_OUT[15]
FV_FAIL -0.066 xdma_0_axi_aclk bd_i/layer_0/inst/u_core/u_attn/g_lane[235].pv_p_reg[235]/DSP_OUTPUT_INST/ALU_OUT[4]
FV_FAIL -0.066 xdma_0_axi_aclk bd_i/layer_0/inst/u_core/u_attn/g_lane[235].pv_p_reg[235]/DSP_OUTPUT_INST/ALU_OUT[5]
FV_FAIL -0.066 xdma_0_axi_aclk bd_i/layer_0/inst/u_core/u_attn/g_lane[235].pv_p_reg[235]/DSP_OUTPUT_INST/ALU_OUT[6]
FV_FAIL -0.066 xdma_0_axi_aclk bd_i/layer_0/inst/u_core/u_attn/g_lane[235].pv_p_reg[235]/DSP_OUTPUT_INST/ALU_OUT[7]
FV_FAIL -0.066 xdma_0_axi_aclk bd_i/layer_0/inst/u_core/u_attn/g_lane[235].pv_p_reg[235]/DSP_OUTPUT_INST/ALU_OUT[8]
FV_FAIL -0.066 xdma_0_axi_aclk bd_i/layer_0/inst/u_core/u_attn/g_lane[235].pv_p_reg[235]/DSP_OUTPUT_INST/ALU_OUT[9]
FV_FAIL -0.066 xdma_0_axi_aclk bd_i/layer_0/inst/u_core/u_dma/fmem_reg_0_255_143_143/DP.B/I
FV_FAIL -0.065 xdma_0_axi_aclk bd_i/layer_0/inst/u_core/u_dn/g_lane[76].o_acc_reg[76]/DSP_A_B_DATA_INST/B[14]
FV_FAIL -0.065 xdma_0_axi_aclk bd_i/layer_0/inst/u_core/kv_wrow_reg[1191]/CE
FV_FAIL -0.065 xdma_0_axi_aclk bd_i/layer_0/inst/u_core/u_dn/p_1_out__5__5/DSP_A_B_DATA_INST/B[11]
FV_FAIL -0.065 xdma_0_axi_aclk bd_i/layer_0/inst/u_core/smem_b_reg_bram_8/ADDRARDADDR[4]
FV_FAIL -0.065 xdma_0_axi_aclk bd_i/layer_0/inst/u_core/u_alu/r_res_reg[24]/D
FV_FAIL -0.065 xdma_0_axi_aclk bd_i/layer_0/inst/u_core/f_skd_reg[6]/D
FV_FAIL -0.065 xdma_0_axi_aclk bd_i/layer_0/inst/u_core/u_dn/p_1_out__0__16/DSP_A_B_DATA_INST/A[13]
FV_FAIL -0.065 xdma_0_axi_aclk bd_i/layer_0/inst/u_core/u_dn/g_lane[12].dec_p_reg[12]/DSP_A_B_DATA_INST/A[22]
FV_FAIL -0.065 xdma_0_axi_aclk bd_i/layer_0/inst/u_core/u_dn/g_lane[46].dec_p_reg[46]/DSP_A_B_DATA_INST/A[0]
FV_FAIL -0.065 xdma_0_axi_aclk bd_i/layer_0/inst/u_core/u_dma/beat_acc_reg[9]/R
FV_FAIL -0.065 xdma_0_axi_aclk bd_i/layer_0/inst/u_core/u_dma/fmem_reg_0_255_137_137/SP.C/I
FV_FAIL -0.065 xdma_0_axi_aclk bd_i/layer_0/inst/u_core/u_dn/p_1_out__4__5/DSP_A_B_DATA_INST/B[11]
FV_FAIL -0.065 xdma_0_axi_aclk bd_i/layer_0/inst/u_core/u_dma/fmem_reg_0_255_143_143/DP.A/I
FV_FAIL -0.065 xdma_0_axi_aclk bd_i/layer_0/inst/u_core/g_kvslot[0].mem_reg_uram_47/CAS_IN_DIN_B[70]
FV_FAIL -0.065 xdma_0_axi_aclk bd_i/layer_0/inst/u_core/u_dn/g_lane[104].p2_p_reg[104]/DSP_A_B_DATA_INST/B[8]
FV_FAIL -0.065 xdma_0_axi_aclk bd_i/layer_0/inst/u_core/u_dma/fmem_reg_0_255_480_480/DP.C/I
FV_FAIL -0.065 xdma_0_axi_aclk bd_i/layer_0/inst/u_core/u_dma/fmem_reg_0_255_472_472/SP.C/I
FV_FAIL -0.065 xdma_0_axi_aclk bd_i/layer_0/inst/u_core/krow_reg[689]/R
FV_FAIL -0.065 xdma_0_axi_aclk bd_i/layer_0/inst/u_core/krow_reg[691]/R
FV_FAIL -0.065 xdma_0_axi_aclk bd_i/layer_0/inst/u_core/krow_reg[692]/R
FV_FAIL -0.065 xdma_0_axi_aclk bd_i/layer_0/inst/u_core/krow_reg[693]/R
FV_FAIL -0.065 xdma_0_axi_aclk bd_i/layer_0/inst/u_core/krow_reg[694]/R
FV_FAIL -0.065 xdma_0_axi_aclk bd_i/layer_0/inst/u_core/u_dma/fmem_reg_0_255_17_17/DP.D/I
FV_FAIL -0.065 xdma_0_axi_aclk bd_i/layer_0/inst/u_core/u_dn/p_0_out__3__9/DSP_A_B_DATA_INST/B[10]
FV_FAIL -0.065 xdma_0_axi_aclk bd_i/layer_0/inst/u_core/krow_reg[441]/R
FV_FAIL -0.065 xdma_0_axi_aclk bd_i/layer_0/inst/u_core/krow_reg[444]/R
FV_FAIL -0.065 xdma_0_axi_aclk bd_i/layer_0/inst/u_core/u_dma/fmem_reg_0_255_477_477/DP.A/I
FV_FAIL -0.065 xdma_0_axi_aclk bd_i/layer_0/inst/u_core/u_alu/aa_r_reg[14]/CE
FV_FAIL -0.065 xdma_0_axi_aclk bd_i/layer_0/inst/u_core/u_alu/aa_r_reg[15]/CE
FV_FAIL -0.065 xdma_0_axi_aclk bd_i/layer_0/inst/u_core/u_alu/aa_r_reg[3]/CE
FV_FAIL -0.065 xdma_0_axi_aclk bd_i/layer_0/inst/u_core/u_attn/g_lane[231].pv_abs_reg[231][16]/D
FV_FAIL -0.065 xdma_0_axi_aclk bd_i/layer_0/inst/u_core/u_dn/g_lane[40].p2_p_reg[40]/DSP_A_B_DATA_INST/B[14]
FV_FAIL -0.064 xdma_0_axi_aclk bd_i/layer_0/inst/u_core/u_dma/fmem_reg_0_255_300_300/SP.A/I
FV_FAIL -0.064 xdma_0_axi_aclk bd_i/layer_0/inst/u_core/u_dn/g_lane[122].dm_p_reg[122]/DSP_PREADD_DATA_INST/DIN[5]
FV_FAIL -0.064 xdma_0_axi_aclk bd_i/layer_0/inst/u_core/at_qdata_reg[9]_rep__2/D
FV_FAIL -0.064 xdma_0_axi_aclk bd_i/layer_0/inst/u_core/g_kvslot[1].mem_reg_uram_43/CAS_IN_ADDR_A[6]
FV_FAIL -0.064 xdma_0_axi_aclk bd_i/layer_0/inst/u_core/u_dn/g_lane[48].dec_p_reg[48]/DSP_A_B_DATA_INST/A[23]
FV_FAIL -0.064 xdma_0_axi_aclk bd_i/layer_0/inst/u_core/u_dn/g_lane[48].dec_p_reg[48]/DSP_A_B_DATA_INST/A[28]
FV_FAIL -0.064 xdma_0_axi_aclk bd_i/layer_0/inst/u_core/krow_reg[1700]/D
FV_FAIL -0.064 xdma_0_axi_aclk bd_i/layer_0/inst/u_core/u_axib/fdat_reg_0_3_14_15/DP/I
FV_FAIL -0.064 xdma_0_axi_aclk bd_i/layer_0/inst/u_core/u_attn/g_lane[92].pv_p_reg[92]/DSP_A_B_DATA_INST/A[13]
FV_FAIL -0.064 xdma_0_axi_aclk bd_i/layer_0/inst/u_core/u_dn/g_lane[47].kvm_acc_reg[47]/DSP_A_B_DATA_INST/A[18]
FV_FAIL -0.064 xdma_0_axi_aclk bd_i/layer_0/inst/u_core/u_dn/g_lane[11].dec_p_reg[11]/DSP_A_B_DATA_INST/A[17]
FV_FAIL -0.064 xdma_0_axi_aclk bd_i/layer_0/inst/u_core/tmp64_reg[8]/D
FV_FAIL -0.064 xdma_0_axi_aclk bd_i/layer_0/inst/u_core/u_alu/ag_i_reg[10]/R
FV_FAIL -0.064 xdma_0_axi_aclk bd_i/layer_0/inst/u_core/u_alu/ag_i_reg[6]/R
FV_FAIL -0.064 xdma_0_axi_aclk bd_i/layer_0/inst/u_core/u_alu/ag_i_reg[7]/R
FV_FAIL -0.064 xdma_0_axi_aclk bd_i/layer_0/inst/u_core/u_attn/g_lane[227].pv_abs_reg[227][15]/D
FV_FAIL -0.064 xdma_0_axi_aclk bd_i/layer_0/inst/u_core/u_dn/p_0_out__17__1/DSP_A_B_DATA_INST/B[11]
FV_FAIL -0.064 xdma_0_axi_aclk bd_i/layer_0/inst/u_core/krow_reg[1652]/D
FV_FAIL -0.064 xdma_0_axi_aclk bd_i/layer_0/inst/u_core/u_attn/g_lane[228].prod_reg[228]/DSP_A_B_DATA_INST/B[7]
FV_FAIL -0.064 xdma_0_axi_aclk bd_i/layer_0/inst/u_core/g_kvslot[1].mem_reg_uram_31/CAS_IN_DIN_B[46]
FV_FAIL -0.064 xdma_0_axi_aclk bd_i/layer_0/inst/u_core/u_alu/ag_i_reg[8]/R
FV_FAIL -0.063 xdma_0_axi_aclk bd_i/layer_0/inst/u_core/u_conv/u_silu/m3_reg/DSP_A_B_DATA_INST/B[5]
FV_FAIL -0.063 xdma_0_axi_aclk bd_i/axi_smc/inst/s00_entry_pipeline/s00_mmu/inst/r_sreg/m_vector_i_reg[1314]/CE
FV_FAIL -0.063 xdma_0_axi_aclk bd_i/layer_0/inst/u_core/u_alu/cp_v32_reg[27]/D
FV_FAIL -0.063 xdma_0_axi_aclk bd_i/layer_0/inst/u_core/u_dn/p_0_out__18__2/DSP_A_B_DATA_INST/B[2]
FV_FAIL -0.063 xdma_0_axi_aclk bd_i/layer_0/inst/u_core/u_attn/g_lane[68].prod_reg[68]/DSP_A_B_DATA_INST/B[6]
FV_FAIL -0.063 xdma_0_axi_aclk bd_i/layer_0/inst/u_core/u_dma/fmem_reg_0_255_19_19/SP.C/I
FV_FAIL -0.063 xdma_0_axi_aclk bd_i/layer_0/inst/u_core/u_dn/g_lane[48].dec_p_reg[48]/DSP_A_B_DATA_INST/A[13]
FV_FAIL -0.063 xdma_0_axi_aclk bd_i/layer_0/inst/u_core/at_qdata_reg[13]_rep__6/CE
FV_FAIL -0.063 xdma_0_axi_aclk bd_i/layer_0/inst/u_core/g_dnslot[1].mem_reg_uram_21/DIN_B[40]
FV_FAIL -0.063 xdma_0_axi_aclk bd_i/layer_0/inst/u_core/u_dma/fmem_reg_0_255_86_86/SP.C/I
FV_FAIL -0.063 xdma_0_axi_aclk bd_i/layer_0/inst/u_core/u_attn/g_lane[89].pv_p_reg[89]/DSP_A_B_DATA_INST/A[14]
FV_FAIL -0.063 xdma_0_axi_aclk bd_i/layer_0/inst/u_core/u_topk/ent_reg[9][17]/CE
FV_FAIL -0.063 xdma_0_axi_aclk bd_i/layer_0/inst/u_core/cw_wd_reg[42]/CE
FV_FAIL -0.063 xdma_0_axi_aclk bd_i/layer_0/inst/u_core/cw_wd_reg[58]/CE
FV_FAIL -0.063 xdma_0_axi_aclk bd_i/layer_0/inst/u_core/u_dn/p_0_out__0__14/DSP_PREADD_DATA_INST/DIN[6]
FV_FAIL -0.063 xdma_0_axi_aclk bd_i/layer_0/inst/u_core/u_dma/beat_acc_reg[33]/CE
FV_FAIL -0.063 xdma_0_axi_aclk bd_i/layer_0/inst/u_core/g_kvslot[0].mem_reg_uram_31/CAS_IN_ADDR_A[10]
FV_FAIL -0.063 xdma_0_axi_aclk bd_i/layer_0/inst/u_core/u_dn/p_1_out__0__2/DSP_A_B_DATA_INST/A[14]
FV_FAIL -0.063 xdma_0_axi_aclk bd_i/layer_0/inst/u_core/u_dma/fmem_reg_0_255_167_167/DP.B/I
FV_FAIL -0.063 xdma_0_axi_aclk bd_i/layer_0/inst/u_core/u_dma/fmem_reg_0_255_477_477/DP.B/I
FV_FAIL -0.063 xdma_0_axi_aclk bd_i/layer_0/inst/u_core/u_attn/g_lane[197].pv_abs_reg[197][24]/D
FV_FAIL -0.063 xdma_0_axi_aclk bd_i/layer_0/inst/u_core/u_attn/g_lane[60].prod_reg[60]/DSP_A_B_DATA_INST/CEA2
FV_FAIL -0.063 xdma_0_axi_aclk bd_i/layer_0/inst/u_core/u_dma/fmem_reg_0_255_206_206/SP.D/I
FV_FAIL -0.063 xdma_0_axi_aclk bd_i/layer_0/inst/u_core/u_dn/p_0_out__0__16/DSP_A_B_DATA_INST/A[27]
FV_FAIL -0.063 xdma_0_axi_aclk bd_i/layer_0/inst/u_core/u_dma/beat_acc_reg[92]/CE
FV_FAIL -0.063 xdma_0_axi_aclk bd_i/layer_0/inst/u_core/u_dma/fmem_reg_0_255_400_400/DP.A/I
FV_FAIL -0.063 xdma_0_axi_aclk bd_i/layer_0/inst/u_core/u_dn/p_0_out__3__4/DSP_A_B_DATA_INST/B[7]
FV_FAIL -0.063 xdma_0_axi_aclk bd_i/layer_0/inst/u_core/u_dma/fmem_reg_0_255_143_143/DP.C/I
FV_FAIL -0.062 xdma_0_axi_aclk bd_i/layer_0/inst/u_core/u_dn/p_1_out__16__6/DSP_A_B_DATA_INST/B[0]
FV_FAIL -0.062 xdma_0_axi_aclk bd_i/layer_0/inst/u_core/g_kvslot[1].mem_reg_uram_43/CAS_IN_BWE_B[0]
FV_FAIL -0.062 xdma_0_axi_aclk bd_i/layer_0/inst/u_core/u_dn/p_1_out__9__6/DSP_A_B_DATA_INST/B[3]
FV_FAIL -0.062 xdma_0_axi_aclk bd_i/layer_0/inst/u_core/g_kvslot[1].mem_reg_uram_43/CAS_IN_BWE_B[1]
FV_FAIL -0.062 xdma_0_axi_aclk bd_i/layer_0/inst/u_core/u_dn/g_lane[76].o_acc_reg[76]/DSP_A_B_DATA_INST/B[7]
FV_FAIL -0.062 xdma_0_axi_aclk bd_i/layer_0/inst/u_core/u_dma/fmem_reg_0_255_163_163/SP.C/I
FV_FAIL -0.062 xdma_0_axi_aclk bd_i/layer_0/inst/u_core/u_dma/fmem_reg_0_255_368_368/SP.C/I
FV_FAIL -0.062 xdma_0_axi_aclk bd_i/layer_0/inst/u_core/u_dn/vdata_q_reg[10]_rep__8/D
FV_FAIL -0.062 xdma_0_axi_aclk bd_i/layer_0/inst/u_core/u_alu/r_res_reg[45]/D
FV_FAIL -0.062 xdma_0_axi_aclk bd_i/layer_0/inst/u_core/u_dn/p_1_out__3__16/DSP_A_B_DATA_INST/B[7]
FV_FAIL -0.062 xdma_0_axi_aclk bd_i/layer_0/inst/u_core/u_attn/g_lane[239].pv_abs_reg[239][16]/D
FV_FAIL -0.062 xdma_0_axi_aclk bd_i/layer_0/inst/u_core/u_dma/beat_acc_reg[12]/R
FV_FAIL -0.062 xdma_0_axi_aclk bd_i/layer_0/inst/u_core/u_dma/beat_acc_reg[14]/R
FV_FAIL -0.062 xdma_0_axi_aclk bd_i/layer_0/inst/u_core/u_dma/fmem_reg_0_255_137_137/SP.B/I
FV_FAIL -0.062 xdma_0_axi_aclk bd_i/layer_0/inst/u_core/u_rope/m_data_reg[12]/S
FV_FAIL -0.062 xdma_0_axi_aclk bd_i/layer_0/inst/u_core/u_rope/m_data_reg[7]/S
FV_FAIL -0.062 xdma_0_axi_aclk bd_i/layer_0/inst/u_core/u_dma/beat_acc_reg[6]/R
FV_FAIL -0.062 xdma_0_axi_aclk bd_i/layer_0/inst/u_core/u_dn/g_lane[5].dm_p_reg[5]/DSP_PREADD_DATA_INST/DIN[8]
FV_FAIL -0.062 xdma_0_axi_aclk bd_i/layer_0/inst/u_core/u_alu/ag_i_reg[9]/R
FV_FAIL -0.062 xdma_0_axi_aclk bd_i/layer_0/inst/u_core/smem_b_reg_bram_2/ADDRBWRADDR[12]
FV_FAIL -0.062 xdma_0_axi_aclk bd_i/layer_0/inst/u_core/krow_reg[663]/D
FV_FAIL -0.062 xdma_0_axi_aclk bd_i/layer_0/inst/u_core/u_topk/ent_reg[29][38]/CE
FV_FAIL -0.062 xdma_0_axi_aclk bd_i/layer_0/inst/u_core/u_topk/ent_reg[29][40]/CE
FV_FAIL -0.062 xdma_0_axi_aclk bd_i/layer_0/inst/u_core/u_alu/aa_r_reg[10]/D
FV_FAIL -0.062 xdma_0_axi_aclk bd_i/layer_0/inst/u_core/krow_reg[49]/CE
FV_FAIL -0.062 xdma_0_axi_aclk bd_i/layer_0/inst/u_core/krow_reg[51]/CE
FV_FAIL -0.062 xdma_0_axi_aclk bd_i/layer_0/inst/u_core/krow_reg[52]/CE
FV_FAIL -0.062 xdma_0_axi_aclk bd_i/layer_0/inst/u_core/krow_reg[53]/CE
FV_FAIL -0.062 xdma_0_axi_aclk bd_i/layer_0/inst/u_core/krow_reg[54]/CE
FV_FAIL -0.062 xdma_0_axi_aclk bd_i/layer_0/inst/u_core/u_dn/g_lane[0].kvm_acc_reg[0]/DSP_A_B_DATA_INST/B[1]
FV_FAIL -0.062 xdma_0_axi_aclk bd_i/layer_0/inst/u_core/u_dma/fmem_reg_0_255_478_478/DP.A/I
FV_FAIL -0.062 xdma_0_axi_aclk bd_i/layer_0/inst/u_core/smem_a_reg_bram_17/ADDRBWRADDR[8]
FV_FAIL -0.062 xdma_0_axi_aclk bd_i/layer_0/inst/u_core/u_dn/g_lane[5].dm_p_reg[5]/DSP_PREADD_DATA_INST/DIN[19]
FV_FAIL -0.062 xdma_0_axi_aclk bd_i/axi_smc/inst/s00_nodes/s00_r_node/inst/inst_mi_handler/gen_normal_area.gen_node_prog_full.inst_node_prog_full/gen_xpm_memory_fifo.inst_fifo/gen_wr.afull_r_reg/D
FV_FAIL -0.061 xdma_0_axi_aclk bd_i/layer_0/inst/u_core/u_dn/p_1_out__4__15/DSP_A_B_DATA_INST/A[14]
FV_FAIL -0.061 xdma_0_axi_aclk bd_i/layer_0/inst/u_core/u_dn/p_1_out__8__1/DSP_A_B_DATA_INST/B[7]
FV_FAIL -0.061 xdma_0_axi_aclk bd_i/layer_0/inst/u_core/u_attn/g_lane[196].pv_abs_reg[196][7]/D
FV_FAIL -0.061 xdma_0_axi_aclk bd_i/layer_0/inst/u_core/u_dn/vdata_q_reg[4]_rep__2_replica_4/D
FV_FAIL -0.061 xdma_0_axi_aclk bd_i/axi_smc/inst/s02_nodes/s02_w_node/inst/inst_mi_handler/gen_normal_area.inst_fifo_node_payld/gen_xpm_memory_fifo.inst_fifo/gen_mem_rep[0].inst_xpm_memory/xpm_memory_base_inst/gen_rd_b.gen_rd_b_synth_template.gen_rf_narrow_reg.doutb_reg_reg[120]/CE
FV_FAIL -0.061 xdma_0_axi_aclk bd_i/axi_smc/inst/s02_nodes/s02_w_node/inst/inst_mi_handler/gen_normal_area.inst_fifo_node_payld/gen_xpm_memory_fifo.inst_fifo/gen_mem_rep[0].inst_xpm_memory/xpm_memory_base_inst/gen_rd_b.gen_rd_b_synth_template.gen_rf_narrow_reg.doutb_reg_reg[122]/CE
FV_FAIL -0.061 xdma_0_axi_aclk bd_i/axi_smc/inst/s02_nodes/s02_w_node/inst/inst_mi_handler/gen_normal_area.inst_fifo_node_payld/gen_xpm_memory_fifo.inst_fifo/gen_mem_rep[0].inst_xpm_memory/xpm_memory_base_inst/gen_rd_b.gen_rd_b_synth_template.gen_rf_narrow_reg.doutb_reg_reg[124]/CE
FV_FAIL -0.061 xdma_0_axi_aclk bd_i/layer_0/inst/u_core/u_dma/fmem_reg_0_255_19_19/DP.D/I
FV_FAIL -0.061 xdma_0_axi_aclk bd_i/layer_0/inst/u_core/st_reg[4]/CE
FV_FAIL -0.061 xdma_0_axi_aclk bd_i/layer_0/inst/u_core/u_attn/g_lane[192].pv_abs_reg[192][13]/D
FV_FAIL -0.061 xdma_0_axi_aclk bd_i/layer_0/inst/u_core/u_dn/g_lane[7].kvm_acc_reg[7]/DSP_A_B_DATA_INST/B[7]
FV_FAIL -0.061 xdma_0_axi_aclk bd_i/layer_0/inst/u_core/u_dn/g_lane[113].p2_p_reg[113]_i_8_psdsp_1/D
FV_FAIL -0.061 xdma_0_axi_aclk bd_i/layer_0/inst/u_core/smem_b_reg_bram_16/WEA[0]
FV_FAIL -0.061 xdma_0_axi_aclk bd_i/layer_0/inst/u_core/u_dn/g_lane[70].dm_p_reg[70]/DSP_A_B_DATA_INST/A[18]
FV_FAIL -0.061 xdma_0_axi_aclk bd_i/layer_0/inst/u_core/g_kvslot[1].mem_reg_uram_31/CAS_IN_DIN_B[60]
FV_FAIL -0.061 xdma_0_axi_aclk bd_i/layer_0/inst/u_core/at_qdata_reg[8]_rep__11/D
FV_FAIL -0.061 xdma_0_axi_aclk bd_i/layer_0/inst/u_core/u_dn/g_lane[45].kvm_acc_reg[45]/DSP_A_B_DATA_INST/B[13]
FV_FAIL -0.061 xdma_0_axi_aclk bd_i/layer_0/inst/u_core/smem_b_reg_bram_1/ADDRBWRADDR[14]
FV_FAIL -0.061 xdma_0_axi_aclk bd_i/layer_0/inst/u_core/u_dn/g_lane[47].kvm_acc_reg[47]/DSP_A_B_DATA_INST/A[24]
FV_FAIL -0.061 xdma_0_axi_aclk bd_i/layer_0/inst/u_core/kv_wrow_reg[598]/CE
FV_FAIL -0.061 xdma_0_axi_aclk bd_i/layer_0/inst/u_core/u_dn/g_lane[61].dec_p_reg[61]/DSP_A_B_DATA_INST/A[24]
FV_FAIL -0.061 xdma_0_axi_aclk bd_i/layer_0/inst/u_core/u_dn/in_p2_reg_rep__4/D
FV_FAIL -0.061 xdma_0_axi_aclk bd_i/layer_0/inst/u_core/u_dn/p_1_out__0__6/DSP_PREADD_DATA_INST/DIN[19]
FV_FAIL -0.061 xdma_0_axi_aclk bd_i/layer_0/inst/u_core/u_dma/fmem_reg_0_255_241_241/DP.A/I
FV_FAIL -0.061 xdma_0_axi_aclk bd_i/layer_0/inst/u_core/at_qdata_reg[6]_rep__10/D
FV_FAIL -0.060 xdma_0_axi_aclk bd_i/layer_0/inst/u_core/u_attn/g_lane[104].prod_reg[104]/DSP_A_B_DATA_INST/B[0]
FV_FAIL -0.060 xdma_0_axi_aclk bd_i/layer_0/inst/u_core/u_dn/g_lane[45].p2_p_reg[45]/DSP_A_B_DATA_INST/B[0]
FV_FAIL -0.060 xdma_0_axi_aclk bd_i/layer_0/inst/u_core/u_conv/u_silu/m3_reg/DSP_A_B_DATA_INST/B[4]
FV_FAIL -0.060 xdma_0_axi_aclk bd_i/layer_0/inst/u_core/u_dma/fmem_reg_0_255_86_86/SP.B/I
FV_FAIL -0.060 xdma_0_axi_aclk bd_i/layer_0/inst/u_core/u_dma/fmem_reg_0_255_326_326/DP.D/I
FV_FAIL -0.060 xdma_0_axi_aclk bd_i/layer_0/inst/u_core/dma_slot_reg_replica_22/CE
FV_FAIL -0.060 xdma_0_axi_aclk bd_i/layer_0/inst/u_core/u_attn/g_lane[112].pv_p_reg[112]/DSP_A_B_DATA_INST/A[17]
FV_FAIL -0.060 xdma_0_axi_aclk bd_i/layer_0/inst/u_core/u_dma/fmem_reg_0_255_143_143/SP.D/I
FV_FAIL -0.060 xdma_0_axi_aclk bd_i/layer_0/inst/u_core/u_dma/fmem_reg_0_255_477_477/DP.C/I
FV_FAIL -0.060 xdma_0_axi_aclk bd_i/layer_0/inst/u_core/u_dn/g_lane[11].kvm_acc_reg[11]/DSP_A_B_DATA_INST/B[1]
FV_FAIL -0.060 xdma_0_axi_aclk bd_i/layer_0/inst/u_core/u_dn/g_lane[40].o_acc_reg[40]/DSP_A_B_DATA_INST/B[4]
FV_FAIL -0.060 xdma_0_axi_aclk bd_i/layer_0/inst/u_core/u_dma/fmem_reg_0_255_478_478/DP.B/I
FV_FAIL -0.060 xdma_0_axi_aclk bd_i/layer_0/inst/u_core/rp_sdata_reg[0]/D
FV_FAIL -0.060 xdma_0_axi_aclk bd_i/layer_0/inst/u_core/u_alu/r_res_reg[10]/D
FV_FAIL -0.060 xdma_0_axi_aclk bd_i/layer_0/inst/u_core/u_attn/g_lane[56].pv_p_reg[56]/DSP_A_B_DATA_INST/A[4]
FV_FAIL -0.060 xdma_0_axi_aclk bd_i/layer_0/inst/u_core/u_attn/g_lane[93].prod_reg[93]/DSP_A_B_DATA_INST/B[7]
FV_FAIL -0.059 xdma_0_axi_aclk bd_i/layer_0/inst/u_core/krow_reg[1028]/R
FV_FAIL -0.059 xdma_0_axi_aclk bd_i/layer_0/inst/u_core/krow_reg[1029]/R
FV_FAIL -0.059 xdma_0_axi_aclk bd_i/layer_0/inst/u_core/krow_reg[1030]/R
FV_FAIL -0.059 xdma_0_axi_aclk bd_i/layer_0/inst/u_core/krow_reg[1031]/R
FV_FAIL -0.059 xdma_0_axi_aclk bd_i/layer_0/inst/u_core/vn_sdata_reg[10]/CE
FV_FAIL -0.059 xdma_0_axi_aclk bd_i/layer_0/inst/u_core/g_dnslot[0].mem_reg_uram_22/DIN_B[0]
FV_FAIL -0.059 xdma_0_axi_aclk bd_i/layer_0/inst/u_core/u_dma/fmem_reg_0_255_219_219/SP.C/I
FV_FAIL -0.059 xdma_0_axi_aclk bd_i/layer_0/inst/u_core/u_dma/fmem_reg_0_255_163_163/SP.B/I
FV_FAIL -0.059 xdma_0_axi_aclk bd_i/layer_0/inst/u_core/u_dn/p_1_out__30__1/DSP_A_B_DATA_INST/B[5]
FV_FAIL -0.059 xdma_0_axi_aclk bd_i/axi_smc/inst/s02_nodes/s02_w_node/inst/inst_mi_handler/gen_normal_area.inst_fifo_node_payld/gen_xpm_memory_fifo.inst_fifo/gen_mem_rep[0].inst_xpm_memory/xpm_memory_base_inst/gen_rd_b.gen_rd_b_synth_template.gen_rf_narrow_reg.doutb_reg_reg[121]/CE
FV_FAIL -0.059 xdma_0_axi_aclk bd_i/axi_smc/inst/s02_nodes/s02_w_node/inst/inst_mi_handler/gen_normal_area.inst_fifo_node_payld/gen_xpm_memory_fifo.inst_fifo/gen_mem_rep[0].inst_xpm_memory/xpm_memory_base_inst/gen_rd_b.gen_rd_b_synth_template.gen_rf_narrow_reg.doutb_reg_reg[123]/CE
FV_FAIL -0.059 xdma_0_axi_aclk bd_i/axi_smc/inst/s02_nodes/s02_w_node/inst/inst_mi_handler/gen_normal_area.inst_fifo_node_payld/gen_xpm_memory_fifo.inst_fifo/gen_mem_rep[0].inst_xpm_memory/xpm_memory_base_inst/gen_rd_b.gen_rd_b_synth_template.gen_rf_narrow_reg.doutb_reg_reg[125]/CE
FV_FAIL -0.059 xdma_0_axi_aclk bd_i/layer_0/inst/u_core/u_dma/fmem_reg_0_255_19_19/SP.B/I
FV_FAIL -0.059 xdma_0_axi_aclk bd_i/layer_0/inst/u_core/u_dma/fmem_reg_0_255_368_368/SP.B/I
FV_FAIL -0.059 xdma_0_axi_aclk bd_i/layer_0/inst/u_core/u_dn/g_lane[70].dm_p_reg[70]/DSP_A_B_DATA_INST/A[4]
FV_FAIL -0.059 xdma_0_axi_aclk bd_i/layer_0/inst/u_core/u_attn/g_lane[117].prod_reg[117]/DSP_A_B_DATA_INST/B[5]
FV_FAIL -0.059 xdma_0_axi_aclk bd_i/axi_smc/inst/s02_nodes/s02_ar_node/inst/inst_mi_handler/gen_normal_area.inst_fifo_node_payld/gen_xpm_memory_fifo.inst_fifo/gen_wr.afull_r_reg/D
FV_FAIL -0.059 xdma_0_axi_aclk bd_i/layer_0/inst/u_core/g_kvslot[0].mem_reg_uram_33/CAS_IN_BWE_B[7]
FV_FAIL -0.059 xdma_0_axi_aclk bd_i/layer_0/inst/u_core/u_attn/g_lane[79].pv_p_reg[79]/DSP_A_B_DATA_INST/A[16]
FV_FAIL -0.059 xdma_0_axi_aclk bd_i/layer_0/inst/u_core/u_attn/g_lane[193].pv_abs_reg[193][15]/D
FV_FAIL -0.059 xdma_0_axi_aclk bd_i/layer_0/inst/u_core/u_dn/p_1_out__23__1/DSP_A_B_DATA_INST/B[14]
FV_FAIL -0.059 xdma_0_axi_aclk bd_i/layer_0/inst/u_core/u_attn/g_lane[209].pv_p_reg[209]/DSP_A_B_DATA_INST/A[4]
FV_FAIL -0.059 xdma_0_axi_aclk bd_i/layer_0/inst/u_core/u_dn/g_lane[67].dec_p_reg[67]/DSP_A_B_DATA_INST/A[17]
FV_FAIL -0.059 xdma_0_axi_aclk bd_i/layer_0/inst/u_core/u_attn/o_g4_reg[1][16]/D
FV_FAIL -0.059 xdma_0_axi_aclk bd_i/layer_0/inst/u_core/u_dn/g_lane[7].p2_p_reg[7]/DSP_A_B_DATA_INST/B[9]
FV_FAIL -0.059 xdma_0_axi_aclk bd_i/layer_0/inst/u_core/u_attn/mul_p00__0/DSP_A_B_DATA_INST/A[12]
FV_FAIL -0.059 xdma_0_axi_aclk bd_i/layer_0/inst/u_core/u_dn/g_lane[64].p2_p_reg[64]/DSP_A_B_DATA_INST/B[10]
FV_FAIL -0.059 xdma_0_axi_aclk bd_i/layer_0/inst/u_core/u_dma/fmem_reg_0_255_136_136/DP.A/I
FV_FAIL -0.059 xdma_0_axi_aclk bd_i/layer_0/inst/u_core/u_dn/g_lane[48].kvm_acc_reg[48]/DSP_A_B_DATA_INST/B[16]
FV_FAIL -0.059 xdma_0_axi_aclk bd_i/layer_0/inst/u_core/u_dma/fmem_reg_0_255_158_158/DP.A/I
FV_FAIL -0.059 xdma_0_axi_aclk bd_i/layer_0/inst/u_core/u_attn/g_lane[138].prod_reg[138]/DSP_A_B_DATA_INST/CEA2
FV_FAIL -0.059 xdma_0_axi_aclk bd_i/layer_0/inst/u_core/u_dma/fmem_reg_0_255_86_86/SP.A/I
FV_FAIL -0.059 xdma_0_axi_aclk bd_i/layer_0/inst/u_core/u_dn/o_sel_reg[32]/D
FV_FAIL -0.059 xdma_0_axi_aclk bd_i/layer_0/inst/u_core/krow_reg[881]/R
FV_FAIL -0.059 xdma_0_axi_aclk bd_i/layer_0/inst/u_core/krow_reg[883]/R
FV_FAIL -0.059 xdma_0_axi_aclk bd_i/layer_0/inst/u_core/krow_reg[884]/R
FV_FAIL -0.059 xdma_0_axi_aclk bd_i/layer_0/inst/u_core/krow_reg[885]/R
FV_FAIL -0.059 xdma_0_axi_aclk bd_i/layer_0/inst/u_core/krow_reg[886]/R
FV_FAIL -0.058 xdma_0_axi_aclk bd_i/layer_0/inst/u_core/u_attn/g_lane[239].pv_abs_reg[239][14]/D
FV_FAIL -0.058 xdma_0_axi_aclk bd_i/layer_0/inst/u_core/u_dn/p_1_out__2__2/DSP_A_B_DATA_INST/A[10]
FV_FAIL -0.058 xdma_0_axi_aclk bd_i/layer_0/inst/u_core/u_dn/vdata_q_reg[10]_rep__1_replica_2/D
FV_FAIL -0.058 xdma_0_axi_aclk bd_i/layer_0/inst/u_core/u_attn/g_lane[26].prod_reg[26]/DSP_A_B_DATA_INST/B[9]
FV_FAIL -0.058 xdma_0_axi_aclk bd_i/layer_0/inst/u_core/at_qdata_reg[8]_rep__7/D
FV_FAIL -0.058 xdma_0_axi_aclk bd_i/axi_smc/inst/s02_nodes/s02_w_node/inst/inst_mi_handler/gen_normal_area.inst_fifo_node_payld/gen_xpm_memory_fifo.inst_fifo/gen_mem_rep[0].inst_xpm_memory/xpm_memory_base_inst/gen_rd_b.gen_rd_b_synth_template.gen_rf_narrow_reg.doutb_reg_reg[113]/CE
FV_FAIL -0.058 xdma_0_axi_aclk bd_i/axi_smc/inst/s02_nodes/s02_w_node/inst/inst_mi_handler/gen_normal_area.inst_fifo_node_payld/gen_xpm_memory_fifo.inst_fifo/gen_mem_rep[0].inst_xpm_memory/xpm_memory_base_inst/gen_rd_b.gen_rd_b_synth_template.gen_rf_narrow_reg.doutb_reg_reg[115]/CE
FV_FAIL -0.058 xdma_0_axi_aclk bd_i/axi_smc/inst/s02_nodes/s02_w_node/inst/inst_mi_handler/gen_normal_area.inst_fifo_node_payld/gen_xpm_memory_fifo.inst_fifo/gen_mem_rep[0].inst_xpm_memory/xpm_memory_base_inst/gen_rd_b.gen_rd_b_synth_template.gen_rf_narrow_reg.doutb_reg_reg[117]/CE
FV_FAIL -0.058 xdma_0_axi_aclk bd_i/axi_smc/inst/s02_nodes/s02_w_node/inst/inst_mi_handler/gen_normal_area.inst_fifo_node_payld/gen_xpm_memory_fifo.inst_fifo/gen_mem_rep[0].inst_xpm_memory/xpm_memory_base_inst/gen_rd_b.gen_rd_b_synth_template.gen_rf_narrow_reg.doutb_reg_reg[119]/CE
FV_FAIL -0.058 xdma_0_axi_aclk bd_i/layer_0/inst/u_core/u_topk/sel_reg[24]/D
FV_FAIL -0.058 xdma_0_axi_aclk bd_i/layer_0/inst/u_core/u_topk/ent_reg[0][2]/CE
FV_FAIL -0.058 xdma_0_axi_aclk bd_i/layer_0/inst/u_core/u_topk/ent_reg[0][3]/CE
FV_FAIL -0.058 xdma_0_axi_aclk bd_i/layer_0/inst/u_core/u_dn/g_lane[114].dec_p_reg[114]/DSP_A_B_DATA_INST/A[17]
FV_FAIL -0.058 xdma_0_axi_aclk bd_i/layer_0/inst/u_core/u_dma/fmem_reg_0_255_80_80/DP.A/I
FV_FAIL -0.058 xdma_0_axi_aclk bd_i/layer_0/inst/u_core/u_attn/g_lane[83].prod_reg[83]/DSP_A_B_DATA_INST/B[10]
FV_FAIL -0.058 xdma_0_axi_aclk bd_i/layer_0/inst/u_core/u_dn/p_0_out__0__16/DSP_A_B_DATA_INST/A[26]
FV_FAIL -0.058 xdma_0_axi_aclk bd_i/layer_0/inst/u_core/u_dn/vdata_q_reg[4]_rep__5_replica_4/D
FV_FAIL -0.058 xdma_0_axi_aclk bd_i/axi_smc/inst/s00_entry_pipeline/s00_mmu/inst/r_sreg/m_vector_i_reg[1094]/CE
FV_FAIL -0.058 xdma_0_axi_aclk bd_i/axi_smc/inst/s00_entry_pipeline/s00_mmu/inst/r_sreg/m_vector_i_reg[1103]/CE
FV_FAIL -0.058 xdma_0_axi_aclk bd_i/layer_0/inst/u_core/u_dn/g_lane[12].dec_p_reg[12]/DSP_A_B_DATA_INST/A[15]
FV_FAIL -0.058 xdma_0_axi_aclk bd_i/layer_0/inst/u_core/u_dn/g_lane[15].kvm_acc_reg[15]/DSP_A_B_DATA_INST/B[1]
FV_FAIL -0.058 xdma_0_axi_aclk bd_i/layer_0/inst/u_core/u_attn/u_recip/m_reg[4]/D
FV_FAIL -0.058 xdma_0_axi_aclk bd_i/layer_0/inst/u_core/u_attn/g_lane[56].pv_p_reg[56]/DSP_A_B_DATA_INST/A[18]
FV_FAIL -0.058 xdma_0_axi_aclk bd_i/layer_0/inst/u_core/u_attn/g_lane[85].prod_reg[85]/DSP_A_B_DATA_INST/B[1]
FV_FAIL -0.058 xdma_0_axi_aclk bd_i/layer_0/inst/u_core/u_dn/p_0_out__14__2/DSP_A_B_DATA_INST/B[14]
FV_FAIL -0.057 xdma_0_axi_aclk bd_i/layer_0/inst/u_core/u_dn/p_0_out__12__7/DSP_A_B_DATA_INST/B[11]
FV_FAIL -0.057 xdma_0_axi_aclk bd_i/layer_0/inst/u_core/u_attn/g_lane[239].pv_abs_reg[239][12]/D
FV_FAIL -0.057 xdma_0_axi_aclk bd_i/layer_0/inst/u_core/dn_vdata_reg[13]/D
FV_FAIL -0.057 xdma_0_axi_aclk bd_i/layer_0/inst/u_core/u_dma/fmem_reg_0_255_157_157/DP.A/I
FV_FAIL -0.057 xdma_0_axi_aclk bd_i/axi_smc/inst/s02_nodes/s02_w_node/inst/inst_mi_handler/gen_normal_area.inst_fifo_node_payld/gen_xpm_memory_fifo.inst_fifo/gen_mem_rep[0].inst_xpm_memory/xpm_memory_base_inst/gen_rd_b.gen_rd_b_synth_template.gen_rf_narrow_reg.doutb_reg_reg[112]/CE
FV_FAIL -0.057 xdma_0_axi_aclk bd_i/axi_smc/inst/s02_nodes/s02_w_node/inst/inst_mi_handler/gen_normal_area.inst_fifo_node_payld/gen_xpm_memory_fifo.inst_fifo/gen_mem_rep[0].inst_xpm_memory/xpm_memory_base_inst/gen_rd_b.gen_rd_b_synth_template.gen_rf_narrow_reg.doutb_reg_reg[114]/CE
FV_FAIL -0.057 xdma_0_axi_aclk bd_i/axi_smc/inst/s02_nodes/s02_w_node/inst/inst_mi_handler/gen_normal_area.inst_fifo_node_payld/gen_xpm_memory_fifo.inst_fifo/gen_mem_rep[0].inst_xpm_memory/xpm_memory_base_inst/gen_rd_b.gen_rd_b_synth_template.gen_rf_narrow_reg.doutb_reg_reg[116]/CE
FV_FAIL -0.057 xdma_0_axi_aclk bd_i/axi_smc/inst/s02_nodes/s02_w_node/inst/inst_mi_handler/gen_normal_area.inst_fifo_node_payld/gen_xpm_memory_fifo.inst_fifo/gen_mem_rep[0].inst_xpm_memory/xpm_memory_base_inst/gen_rd_b.gen_rd_b_synth_template.gen_rf_narrow_reg.doutb_reg_reg[118]/CE
FV_FAIL -0.057 xdma_0_axi_aclk bd_i/layer_0/inst/u_core/u_dn/p_1_out__0__6/DSP_A_B_DATA_INST/A[23]
FV_FAIL -0.057 xdma_0_axi_aclk bd_i/layer_0/inst/u_core/u_attn/g_lane[79].prod_reg[79]/DSP_A_B_DATA_INST/B[0]
FV_FAIL -0.057 xdma_0_axi_aclk bd_i/layer_0/inst/u_core/at_qdata_reg[3]_rep__0/D
FV_FAIL -0.057 xdma_0_axi_aclk bd_i/layer_0/inst/u_core/u_attn/g_lane[16].pv_p_reg[16]/DSP_A_B_DATA_INST/A[5]
FV_FAIL -0.057 xdma_0_axi_aclk bd_i/layer_0/inst/u_core/u_dn/g_lane[63].kvm_acc_reg[63]/DSP_A_B_DATA_INST/B[3]
FV_FAIL -0.057 xdma_0_axi_aclk bd_i/layer_0/inst/u_core/kv_wrow_reg[716]/CE
FV_FAIL -0.057 xdma_0_axi_aclk bd_i/layer_0/inst/u_core/u_dn/g_lane[42].o_acc_reg[42]/DSP_A_B_DATA_INST/B[9]
FV_FAIL -0.057 xdma_0_axi_aclk bd_i/layer_0/inst/u_core/u_dn/g_lane[67].dec_p_reg[67]/DSP_A_B_DATA_INST/A[15]
FV_FAIL -0.057 xdma_0_axi_aclk bd_i/layer_0/inst/u_core/u_dma/fmem_reg_0_255_163_163/SP.D/I
FV_FAIL -0.057 xdma_0_axi_aclk bd_i/layer_0/inst/u_core/u_dn/p_0_out__17__1/DSP_A_B_DATA_INST/B[15]
FV_FAIL -0.057 xdma_0_axi_aclk bd_i/layer_0/inst/u_core/u_dma/fmem_reg_0_255_307_307/DP.D/I
FV_FAIL -0.057 xdma_0_axi_aclk bd_i/layer_0/inst/u_core/u_attn/g_lane[106].prod_reg[106]/DSP_A_B_DATA_INST/B[5]
FV_FAIL -0.057 xdma_0_axi_aclk bd_i/layer_0/inst/u_core/u_dn/g_lane[95].p2_p_reg[95]/DSP_A_B_DATA_INST/B[3]
FV_FAIL -0.057 xdma_0_axi_aclk bd_i/layer_0/inst/u_core/u_dn/p_1_out__10__10/DSP_PREADD_DATA_INST/DIN[17]
FV_FAIL -0.057 xdma_0_axi_aclk bd_i/layer_0/inst/u_core/u_dma/fmem_reg_0_255_478_478/DP.C/I
FV_FAIL -0.057 xdma_0_axi_aclk bd_i/layer_0/inst/u_core/u_dma/fmem_reg_0_255_136_136/DP.B/I
FV_FAIL -0.057 xdma_0_axi_aclk bd_i/layer_0/inst/u_core/u_dma/fmem_reg_0_255_158_158/DP.B/I
FV_FAIL -0.057 xdma_0_axi_aclk bd_i/layer_0/inst/u_core/u_dma/fmem_reg_0_255_155_155/SP.A/I
FV_FAIL -0.057 xdma_0_axi_aclk bd_i/layer_0/inst/u_core/u_dn/g_lane[99].kvm_acc_reg[99]/DSP_A_B_DATA_INST/B[3]
FV_FAIL -0.057 xdma_0_axi_aclk bd_i/layer_0/inst/u_core/u_dn/g_lane[68].kvm_acc_reg[68]/DSP_A_B_DATA_INST/B[10]
FV_FAIL -0.057 xdma_0_axi_aclk bd_i/layer_0/inst/u_core/u_dn/g_lane[118].kvm_acc_reg[118]/DSP_A_B_DATA_INST/A[18]
FV_FAIL -0.057 xdma_0_axi_aclk bd_i/layer_0/inst/u_core/u_dn/vdata_q_reg[2]_rep__7_replica_4/D
FV_FAIL -0.057 xdma_0_axi_aclk bd_i/layer_0/inst/u_core/u_attn/g_lane[231].pv_abs_reg[231][17]/D
FV_FAIL -0.057 xdma_0_axi_aclk bd_i/xdma_0/inst/udma_wrapper/dma_top/axi4mm_bridge_top_inst/axi4mm_axi_mm_master_top_inst/axi4mm_axi_mm_master_rd/m_axi_litex_araddr_ff_reg[7]/CE
FV_FAIL -0.057 xdma_0_axi_aclk bd_i/layer_0/inst/u_core/u_dn/g_lane[48].kvm_acc_reg[48]/DSP_A_B_DATA_INST/B[17]
FV_FAIL -0.056 xdma_0_axi_aclk bd_i/layer_0/inst/u_core/u_topk/ent_reg[12][21]/CE
FV_FAIL -0.056 xdma_0_axi_aclk bd_i/layer_0/inst/u_core/u_attn/g_lane[93].prod_reg[93]/DSP_A_B_DATA_INST/B[16]
FV_FAIL -0.056 xdma_0_axi_aclk bd_i/layer_0/inst/u_core/u_dma/fmem_reg_0_255_219_219/SP.B/I
FV_FAIL -0.056 xdma_0_axi_aclk bd_i/layer_0/inst/u_core/at_qdata_reg[4]_rep__2/D
FV_FAIL -0.056 xdma_0_axi_aclk bd_i/layer_0/inst/u_core/u_dn/p_0_out__17__4/DSP_A_B_DATA_INST/B[11]
FV_FAIL -0.056 xdma_0_axi_aclk bd_i/layer_0/inst/u_core/g_kvslot[1].mem_reg_uram_43/CAS_IN_DIN_B[8]
FV_FAIL -0.056 xdma_0_axi_aclk bd_i/layer_0/inst/u_core/u_dn/g_lane[74].o_acc_reg[74]/DSP_A_B_DATA_INST/B[7]
FV_FAIL -0.056 xdma_0_axi_aclk bd_i/layer_0/inst/u_core/u_attn/g_lane[12].pv_p_reg[12]/DSP_A_B_DATA_INST/A[18]
FV_FAIL -0.056 xdma_0_axi_aclk bd_i/layer_0/inst/u_core/kv_wrow_reg[715]/CE
FV_FAIL -0.056 xdma_0_axi_aclk bd_i/layer_0/inst/u_core/u_dn/p_1_out__1__10/DSP_PREADD_DATA_INST/DIN[15]
FV_FAIL -0.056 xdma_0_axi_aclk bd_i/axi_smc/inst/s02_nodes/s02_w_node/inst/inst_mi_handler/gen_normal_area.inst_fifo_node_payld/gen_xpm_memory_fifo.inst_fifo/gen_mem_rep[1].inst_xpm_memory/xpm_memory_base_inst/gen_rd_b.gen_rd_b_synth_template.gen_rf_narrow_reg.doutb_reg_reg[71]/CE
FV_FAIL -0.056 xdma_0_axi_aclk bd_i/axi_smc/inst/s02_nodes/s02_w_node/inst/inst_mi_handler/gen_normal_area.inst_fifo_node_payld/gen_xpm_memory_fifo.inst_fifo/gen_mem_rep[1].inst_xpm_memory/xpm_memory_base_inst/gen_rd_b.gen_rd_b_synth_template.gen_rf_narrow_reg.doutb_reg_reg[73]/CE
FV_FAIL -0.056 xdma_0_axi_aclk bd_i/axi_smc/inst/s02_nodes/s02_w_node/inst/inst_mi_handler/gen_normal_area.inst_fifo_node_payld/gen_xpm_memory_fifo.inst_fifo/gen_mem_rep[1].inst_xpm_memory/xpm_memory_base_inst/gen_rd_b.gen_rd_b_synth_template.gen_rf_narrow_reg.doutb_reg_reg[75]/CE
FV_FAIL -0.056 xdma_0_axi_aclk bd_i/axi_smc/inst/s02_nodes/s02_w_node/inst/inst_mi_handler/gen_normal_area.inst_fifo_node_payld/gen_xpm_memory_fifo.inst_fifo/gen_mem_rep[1].inst_xpm_memory/xpm_memory_base_inst/gen_rd_b.gen_rd_b_synth_template.gen_rf_narrow_reg.doutb_reg_reg[77]/CE
FV_FAIL -0.056 xdma_0_axi_aclk bd_i/layer_0/inst/u_core/u_dma/fmem_reg_0_255_308_308/SP.D/I
FV_FAIL -0.056 xdma_0_axi_aclk bd_i/layer_0/inst/u_core/u_dn/p_0_out__12__7/DSP_A_B_DATA_INST/B[7]
FV_FAIL -0.056 xdma_0_axi_aclk bd_i/mvchan_3/inst/u_chan/rf_rp_reg[0]/R
FV_FAIL -0.056 xdma_0_axi_aclk bd_i/mvchan_3/inst/u_chan/rf_rp_reg[1]/R
FV_FAIL -0.056 xdma_0_axi_aclk bd_i/layer_0/inst/u_core/u_attn/g_lane[226].pv_p_reg[226]/DSP_OUTPUT_INST/ALU_OUT[10]
FV_FAIL -0.056 xdma_0_axi_aclk bd_i/layer_0/inst/u_core/u_attn/g_lane[226].pv_p_reg[226]/DSP_OUTPUT_INST/ALU_OUT[11]
FV_FAIL -0.056 xdma_0_axi_aclk bd_i/layer_0/inst/u_core/u_attn/g_lane[226].pv_p_reg[226]/DSP_OUTPUT_INST/ALU_OUT[12]
FV_FAIL -0.056 xdma_0_axi_aclk bd_i/layer_0/inst/u_core/u_attn/g_lane[226].pv_p_reg[226]/DSP_OUTPUT_INST/ALU_OUT[13]
FV_FAIL -0.056 xdma_0_axi_aclk bd_i/layer_0/inst/u_core/u_attn/g_lane[226].pv_p_reg[226]/DSP_OUTPUT_INST/ALU_OUT[14]
FV_FAIL -0.056 xdma_0_axi_aclk bd_i/layer_0/inst/u_core/u_attn/g_lane[226].pv_p_reg[226]/DSP_OUTPUT_INST/ALU_OUT[15]
FV_FAIL -0.056 xdma_0_axi_aclk bd_i/layer_0/inst/u_core/u_attn/g_lane[226].pv_p_reg[226]/DSP_OUTPUT_INST/ALU_OUT[4]
FV_FAIL -0.056 xdma_0_axi_aclk bd_i/layer_0/inst/u_core/u_attn/g_lane[226].pv_p_reg[226]/DSP_OUTPUT_INST/ALU_OUT[5]
FV_FAIL -0.056 xdma_0_axi_aclk bd_i/layer_0/inst/u_core/u_attn/g_lane[226].pv_p_reg[226]/DSP_OUTPUT_INST/ALU_OUT[6]
FV_FAIL -0.056 xdma_0_axi_aclk bd_i/layer_0/inst/u_core/u_attn/g_lane[226].pv_p_reg[226]/DSP_OUTPUT_INST/ALU_OUT[7]
FV_FAIL -0.056 xdma_0_axi_aclk bd_i/layer_0/inst/u_core/u_attn/g_lane[226].pv_p_reg[226]/DSP_OUTPUT_INST/ALU_OUT[8]
FV_FAIL -0.056 xdma_0_axi_aclk bd_i/layer_0/inst/u_core/u_attn/g_lane[226].pv_p_reg[226]/DSP_OUTPUT_INST/ALU_OUT[9]
FV_FAIL -0.056 xdma_0_axi_aclk bd_i/layer_0/inst/u_core/u_dma/rowbuf_reg[1131]/D
FV_FAIL -0.056 xdma_0_axi_aclk bd_i/layer_0/inst/u_core/u_dma/fmem_reg_0_255_36_36/SP.A/I
FV_FAIL -0.056 xdma_0_axi_aclk bd_i/layer_0/inst/u_core/u_dn/g_lane[118].kvm_acc_reg[118]/DSP_A_B_DATA_INST/A[19]
FV_FAIL -0.056 xdma_0_axi_aclk bd_i/layer_0/inst/u_core/g_kvslot[1].mem_reg_uram_45/CAS_IN_DIN_B[38]
FV_FAIL -0.056 xdma_0_axi_aclk bd_i/layer_0/inst/u_core/u_dn/o_sel_reg[23]/D
FV_FAIL -0.056 xdma_0_axi_aclk bd_i/layer_0/inst/u_core/u_dma/beat_acc_reg[184]/CE
FV_FAIL -0.056 xdma_0_axi_aclk bd_i/layer_0/inst/u_core/at_qdata_reg[10]_rep__11/D
FV_FAIL -0.056 xdma_0_axi_aclk bd_i/layer_0/inst/u_core/u_dma/fmem_reg_0_255_157_157/DP.B/I
FV_FAIL -0.055 xdma_0_axi_aclk bd_i/layer_0/inst/u_core/u_topk/ent_reg[27][34]/CE
FV_FAIL -0.055 xdma_0_axi_aclk bd_i/layer_0/inst/u_core/u_topk/ent_reg[27][38]/CE
FV_FAIL -0.055 xdma_0_axi_aclk bd_i/layer_0/inst/u_core/u_topk/ent_reg[27][45]/CE
FV_FAIL -0.055 xdma_0_axi_aclk bd_i/layer_0/inst/u_core/u_topk/ent_reg[27][48]/CE
FV_FAIL -0.055 xdma_0_axi_aclk bd_i/layer_0/inst/u_core/u_attn/g_lane[197].pv_abs_reg[197][22]/D
FV_FAIL -0.055 xdma_0_axi_aclk bd_i/layer_0/inst/u_core/u_dn/p_1_out__19__8/DSP_A_B_DATA_INST/B[2]
FV_FAIL -0.055 xdma_0_axi_aclk bd_i/layer_0/inst/u_core/krow_reg[715]/CE
FV_FAIL -0.055 xdma_0_axi_aclk bd_i/layer_0/inst/u_core/u_dn/p_1_out__16/DSP_PREADD_DATA_INST/DIN[13]
FV_FAIL -0.055 xdma_0_axi_aclk bd_i/layer_0/inst/u_core/u_dma/fmem_reg_0_255_7_7/SP.C/I
FV_FAIL -0.055 xdma_0_axi_aclk bd_i/layer_0/inst/u_core/u_attn/mul_p00__0/DSP_A_B_DATA_INST/A[15]
FV_FAIL -0.055 xdma_0_axi_aclk bd_i/axi_smc/inst/s02_nodes/s02_w_node/inst/inst_mi_handler/gen_normal_area.inst_fifo_node_payld/gen_xpm_memory_fifo.inst_fifo/gen_mem_rep[1].inst_xpm_memory/xpm_memory_base_inst/gen_rd_b.gen_rd_b_synth_template.gen_rf_narrow_reg.doutb_reg_reg[70]/CE
FV_FAIL -0.055 xdma_0_axi_aclk bd_i/axi_smc/inst/s02_nodes/s02_w_node/inst/inst_mi_handler/gen_normal_area.inst_fifo_node_payld/gen_xpm_memory_fifo.inst_fifo/gen_mem_rep[1].inst_xpm_memory/xpm_memory_base_inst/gen_rd_b.gen_rd_b_synth_template.gen_rf_narrow_reg.doutb_reg_reg[72]/CE
FV_FAIL -0.055 xdma_0_axi_aclk bd_i/axi_smc/inst/s02_nodes/s02_w_node/inst/inst_mi_handler/gen_normal_area.inst_fifo_node_payld/gen_xpm_memory_fifo.inst_fifo/gen_mem_rep[1].inst_xpm_memory/xpm_memory_base_inst/gen_rd_b.gen_rd_b_synth_template.gen_rf_narrow_reg.doutb_reg_reg[74]/CE
FV_FAIL -0.055 xdma_0_axi_aclk bd_i/axi_smc/inst/s02_nodes/s02_w_node/inst/inst_mi_handler/gen_normal_area.inst_fifo_node_payld/gen_xpm_memory_fifo.inst_fifo/gen_mem_rep[1].inst_xpm_memory/xpm_memory_base_inst/gen_rd_b.gen_rd_b_synth_template.gen_rf_narrow_reg.doutb_reg_reg[76]/CE
FV_FAIL -0.055 xdma_0_axi_aclk bd_i/layer_0/inst/u_core/u_dn/oi_reg[0]_rep__5/D
FV_FAIL -0.055 xdma_0_axi_aclk bd_i/layer_0/inst/u_core/u_dn/g_lane[11].dec_p_reg[11]/DSP_A_B_DATA_INST/A[16]
FV_FAIL -0.055 xdma_0_axi_aclk bd_i/layer_0/inst/u_core/u_attn/g_lane[197].pv_abs_reg[197][25]/D
FV_FAIL -0.055 xdma_0_axi_aclk bd_i/layer_0/inst/u_core/u_dn/g_lane[117].o_acc_reg[117]/DSP_A_B_DATA_INST/B[8]
FV_FAIL -0.055 xdma_0_axi_aclk bd_i/axi_smc/inst/s00_entry_pipeline/s00_mmu/inst/r_sreg/m_vector_i_reg[1133]/CE
FV_FAIL -0.055 xdma_0_axi_aclk bd_i/layer_0/inst/u_core/u_vn/ss_acc0_i_17_psdsp/D
FV_FAIL -0.055 xdma_0_axi_aclk bd_i/layer_0/inst/u_core/u_dn/g_lane[79].p2_p_reg[79]/DSP_A_B_DATA_INST/B[13]
FV_FAIL -0.055 xdma_0_axi_aclk bd_i/layer_0/inst/u_core/u_dn/g_lane[124].kvm_acc_reg[124]/DSP_A_B_DATA_INST/B[3]
FV_FAIL -0.055 xdma_0_axi_aclk bd_i/layer_0/inst/u_core/u_dn/p_1_out__1__17/DSP_PREADD_DATA_INST/DIN[15]
FV_FAIL -0.055 xdma_0_axi_aclk bd_i/layer_0/inst/u_core/u_dma/fmem_reg_0_255_86_86/SP.D/I
FV_FAIL -0.055 xdma_0_axi_aclk bd_i/axi_smc/inst/s00_entry_pipeline/s00_mmu/inst/r_sreg/m_vector_i_reg[1209]/D
FV_FAIL -0.054 xdma_0_axi_aclk bd_i/mvchan_3/inst/u_chan/csr_static_wbeats_reg[31]/R
FV_FAIL -0.054 xdma_0_axi_aclk bd_i/layer_0/inst/u_core/u_dn/g_lane[57].dm_p_reg[57]/DSP_PREADD_DATA_INST/DIN[7]
FV_FAIL -0.054 xdma_0_axi_aclk bd_i/layer_0/inst/u_core/at_qdata_reg[8]_rep__3/D
FV_FAIL -0.054 xdma_0_axi_aclk bd_i/layer_0/inst/u_core/krow_reg[580]/R
FV_FAIL -0.054 xdma_0_axi_aclk bd_i/layer_0/inst/u_core/krow_reg[581]/R
FV_FAIL -0.054 xdma_0_axi_aclk bd_i/layer_0/inst/u_core/krow_reg[583]/R
FV_FAIL -0.054 xdma_0_axi_aclk bd_i/layer_0/inst/u_core/u_attn/g_lane[197].pv_abs_reg[197][20]/D
FV_FAIL -0.054 xdma_0_axi_aclk bd_i/layer_0/inst/u_core/u_attn/g_lane[157].prod_reg[157]/DSP_A_B_DATA_INST/B[1]
FV_FAIL -0.054 xdma_0_axi_aclk bd_i/axi_smc/inst/s00_entry_pipeline/s00_mmu/inst/r_sreg/m_vector_i_reg[1096]/CE
FV_FAIL -0.054 xdma_0_axi_aclk bd_i/axi_smc/inst/s00_entry_pipeline/s00_mmu/inst/r_sreg/m_vector_i_reg[1100]/CE
FV_FAIL -0.054 xdma_0_axi_aclk bd_i/axi_smc/inst/s00_entry_pipeline/s00_mmu/inst/r_sreg/m_vector_i_reg[1102]/CE
FV_FAIL -0.054 xdma_0_axi_aclk bd_i/layer_0/inst/u_core/u_dn/p_1_out__9__3/DSP_A_B_DATA_INST/A[12]
FV_FAIL -0.054 xdma_0_axi_aclk bd_i/layer_0/inst/u_core/u_dma/fmem_reg_0_255_219_219/SP.D/I
FV_FAIL -0.054 xdma_0_axi_aclk bd_i/layer_0/inst/u_core/u_attn/g_lane[239].pv_abs_reg[239][17]/D
FV_FAIL -0.054 xdma_0_axi_aclk bd_i/layer_0/inst/u_core/u_dn/g_lane[117].kvm_acc_reg[117]/DSP_A_B_DATA_INST/B[10]
FV_FAIL -0.054 xdma_0_axi_aclk bd_i/layer_0/inst/u_core/u_topk/sel_reg[20]/D
FV_FAIL -0.054 xdma_0_axi_aclk bd_i/axi_smc/inst/s00_entry_pipeline/s00_mmu/inst/r_sreg/m_vector_i_reg[1163]/D
FV_FAIL -0.054 xdma_0_axi_aclk bd_i/layer_0/inst/u_core/u_alu/r_res_reg[36]/D
FV_FAIL -0.054 xdma_0_axi_aclk bd_i/layer_0/inst/u_core/u_dma/fmem_reg_0_255_107_107/SP.D/I
FV_FAIL -0.054 xdma_0_axi_aclk bd_i/layer_0/inst/u_core/u_attn/g_lane[19].prod_reg[19]/DSP_A_B_DATA_INST/CEA2
FV_FAIL -0.054 xdma_0_axi_aclk bd_i/layer_0/inst/u_core/u_dn/o_sel_reg[35]/D
FV_FAIL -0.054 xdma_0_axi_aclk bd_i/layer_0/inst/u_core/kv_wrow_reg[1075]/CE
FV_FAIL -0.054 xdma_0_axi_aclk bd_i/layer_0/inst/u_core/u_dma/fmem_reg_0_255_136_136/DP.C/I
FV_FAIL -0.054 xdma_0_axi_aclk bd_i/layer_0/inst/u_core/u_dma/fmem_reg_0_255_235_235/DP.A/I
FV_FAIL -0.054 xdma_0_axi_aclk bd_i/layer_0/inst/u_core/u_dma/fmem_reg_0_255_158_158/DP.C/I
FV_FAIL -0.054 xdma_0_axi_aclk bd_i/layer_0/inst/u_core/dma_slot_reg_replica_78/CE
FV_FAIL -0.054 xdma_0_axi_aclk bd_i/layer_0/inst/u_core/u_dn/p_1_out__4__15/DSP_A_B_DATA_INST/A[6]
FV_FAIL -0.054 xdma_0_axi_aclk bd_i/layer_0/inst/u_core/u_attn/g_lane[228].prod_reg[228]/DSP_A_B_DATA_INST/B[9]
FV_FAIL -0.054 xdma_0_axi_aclk bd_i/layer_0/inst/u_core/u_dn/g_lane[113].kvm_acc_reg[113]/DSP_A_B_DATA_INST/B[5]
FV_FAIL -0.054 xdma_0_axi_aclk bd_i/layer_0/inst/u_core/u_attn/g_lane[199].pv_abs_reg[199][11]/D
FV_FAIL -0.054 xdma_0_axi_aclk bd_i/layer_0/inst/u_core/u_dma/fmem_reg_0_255_478_478/SP.B/I
FV_FAIL -0.054 xdma_0_axi_aclk bd_i/layer_0/inst/u_core/u_dn/p_1_out__10__4/DSP_PREADD_DATA_INST/DIN[17]
FV_FAIL -0.054 xdma_0_axi_aclk bd_i/layer_0/inst/u_core/u_attn/o_g4_reg[3][10]/D
FV_FAIL -0.054 xdma_0_axi_aclk bd_i/layer_0/inst/u_core/u_dma/fmem_reg_0_255_170_170/SP.D/I
FV_FAIL -0.053 xdma_0_axi_aclk bd_i/xdma_0/inst/udma_wrapper/dma_top/axi4mm_bridge_top_inst/axi4mm_axi_mm_master_top_inst/axi4mm_axi_mm_master_rd/litelenleft_ff_reg[2]/CE
FV_FAIL -0.053 xdma_0_axi_aclk bd_i/xdma_0/inst/udma_wrapper/dma_top/axi4mm_bridge_top_inst/axi4mm_axi_mm_master_top_inst/axi4mm_axi_mm_master_rd/litelenleft_ff_reg[4]/CE
FV_FAIL -0.053 xdma_0_axi_aclk bd_i/xdma_0/inst/udma_wrapper/dma_top/axi4mm_bridge_top_inst/axi4mm_axi_mm_master_top_inst/axi4mm_axi_mm_master_rd/litelenleft_ff_reg[5]/CE
FV_FAIL -0.053 xdma_0_axi_aclk bd_i/layer_0/inst/u_core/g_kvslot[0].mem_reg_uram_55/CAS_IN_ADDR_A[6]
FV_FAIL -0.053 xdma_0_axi_aclk bd_i/layer_0/inst/u_core/u_dma/fmem_reg_0_255_354_354/SP.C/I
FV_FAIL -0.053 xdma_0_axi_aclk bd_i/layer_0/inst/u_core/u_dma/fmem_reg_0_255_300_300/DP.B/I
FV_FAIL -0.053 xdma_0_axi_aclk bd_i/layer_0/inst/u_core/u_dn/g_lane[6].dm_p_reg[6]/DSP_PREADD_DATA_INST/DIN[18]
FV_FAIL -0.053 xdma_0_axi_aclk bd_i/layer_0/inst/u_core/krow_reg[714]/CE
FV_FAIL -0.053 xdma_0_axi_aclk bd_i/layer_0/inst/u_core/u_dn/p_1_out__25__0/DSP_A_B_DATA_INST/B[0]
FV_FAIL -0.053 xdma_0_axi_aclk bd_i/layer_0/inst/u_core/g_kvslot[0].mem_reg_uram_47/CAS_IN_DIN_B[44]
FV_FAIL -0.053 xdma_0_axi_aclk bd_i/layer_0/inst/u_core/u_dn/g_lane[114].dec_p_reg[114]/DSP_A_B_DATA_INST/A[25]
FV_FAIL -0.053 xdma_0_axi_aclk bd_i/layer_0/inst/u_core/u_dn/g_lane[93].kvm_acc_reg[93]/DSP_A_B_DATA_INST/B[3]
FV_FAIL -0.053 xdma_0_axi_aclk bd_i/layer_0/inst/u_core/u_attn/g_lane[0].prod_reg[0]/DSP_A_B_DATA_INST/B[0]
FV_FAIL -0.053 xdma_0_axi_aclk bd_i/axi_smc/inst/s00_entry_pipeline/s00_mmu/inst/r_sreg/m_vector_i_reg[1193]/D
FV_FAIL -0.053 xdma_0_axi_aclk bd_i/layer_0/inst/u_core/dn_decay_reg[8]/D
FV_FAIL -0.053 xdma_0_axi_aclk bd_i/layer_0/inst/u_core/u_dn/g_lane[13].kvm_acc_reg[13]/DSP_A_B_DATA_INST/A[28]
FV_FAIL -0.053 xdma_0_axi_aclk bd_i/layer_0/inst/u_core/u_dma/fmem_reg_0_255_307_307/DP.C/I
FV_FAIL -0.053 xdma_0_axi_aclk bd_i/layer_0/inst/u_core/tmp64_reg[22]/D
FV_FAIL -0.053 xdma_0_axi_aclk bd_i/layer_0/inst/u_core/u_attn/g_lane[194].pv_abs_reg[194][14]/D
FV_FAIL -0.053 xdma_0_axi_aclk bd_i/layer_0/inst/u_core/g_kvslot[1].mem_reg_uram_31/CAS_IN_DIN_B[68]
FV_FAIL -0.053 xdma_0_axi_aclk bd_i/layer_0/inst/u_core/u_attn/g_lane[55].pv_p_reg[55]/DSP_A_B_DATA_INST/A[1]
FV_FAIL -0.053 xdma_0_axi_aclk bd_i/layer_0/inst/u_core/u_attn/g_lane[54].pv_p_reg[54]/DSP_A_B_DATA_INST/A[16]
FV_FAIL -0.053 xdma_0_axi_aclk bd_i/layer_0/inst/u_core/tmp64_reg[17]/D
FV_FAIL -0.053 xdma_0_axi_aclk bd_i/layer_0/inst/u_core/u_dn/p_1_out__22__2/DSP_A_B_DATA_INST/B[1]
FV_FAIL -0.053 xdma_0_axi_aclk bd_i/layer_0/inst/u_core/g_kvslot[1].mem_reg_uram_43/CAS_IN_ADDR_B[6]
FV_FAIL -0.053 xdma_0_axi_aclk bd_i/layer_0/inst/u_core/u_dn/g_lane[92].dec_p_reg[92]/DSP_A_B_DATA_INST/A[19]
FV_FAIL -0.053 xdma_0_axi_aclk bd_i/layer_0/inst/u_core/u_dn/g_lane[76].o_acc_reg[76]/DSP_A_B_DATA_INST/B[2]
FV_FAIL -0.053 xdma_0_axi_aclk bd_i/layer_0/inst/u_core/rp_sdata_reg[2]/D
FV_FAIL -0.053 xdma_0_axi_aclk bd_i/layer_0/inst/u_core/dma_slot_reg_replica_2/CE
FV_FAIL -0.053 xdma_0_axi_aclk bd_i/layer_0/inst/u_core/krow_reg[510]/D
FV_FAIL -0.053 xdma_0_axi_aclk bd_i/layer_0/inst/u_core/u_dma/fmem_reg_0_255_157_157/DP.C/I
FV_FAIL -0.052 xdma_0_axi_aclk bd_i/layer_0/inst/u_core/u_dn/g_lane[61].p2_p_reg[61]/DSP_A_B_DATA_INST/B[11]
FV_FAIL -0.052 xdma_0_axi_aclk bd_i/layer_0/inst/u_core/u_attn/g_lane[157].prod_reg[157]/DSP_A_B_DATA_INST/B[4]
FV_FAIL -0.052 xdma_0_axi_aclk bd_i/layer_0/inst/u_core/u_alu/ps_rnd_reg[26]/D
FV_FAIL -0.052 xdma_0_axi_aclk bd_i/layer_0/inst/u_core/kbyte_reg[5]/D
FV_FAIL -0.052 xdma_0_axi_aclk bd_i/axil_slice_4/inst/w.w_pipe/m_payload_i_reg[16]/D
FV_FAIL -0.052 xdma_0_axi_aclk bd_i/layer_0/inst/u_core/u_dma/fmem_reg_0_255_7_7/SP.B/I
FV_FAIL -0.052 xdma_0_axi_aclk bd_i/xdma_0/inst/udma_wrapper/dma_top/axi4mm_bridge_top_inst/axi4mm_axi_mm_master_top_inst/axi4mm_axi_mm_master_rd/litelenleft_ff_reg[7]/CE
FV_FAIL -0.052 xdma_0_axi_aclk bd_i/layer_0/inst/u_core/u_dma/fmem_reg_0_255_235_235/DP.B/I
FV_FAIL -0.052 xdma_0_axi_aclk bd_i/layer_0/inst/u_core/u_dma/fmem_reg_0_255_171_171/SP.D/I
FV_FAIL -0.052 xdma_0_axi_aclk bd_i/layer_0/inst/u_core/u_dma/fmem_reg_0_255_177_177/SP.A/I
FV_FAIL -0.052 xdma_0_axi_aclk bd_i/layer_0/inst/u_core/u_dn/p_1_out__4__15/DSP_A_B_DATA_INST/A[0]
FV_FAIL -0.052 xdma_0_axi_aclk bd_i/layer_0/inst/u_core/u_dn/g_lane[39].kvm_acc_reg[39]/DSP_A_B_DATA_INST/B[1]
FV_FAIL -0.052 xdma_0_axi_aclk bd_i/layer_0/inst/u_core/krow_reg[1150]/D
FV_FAIL -0.052 xdma_0_axi_aclk bd_i/layer_0/inst/u_core/krow_reg[1038]/D
FV_FAIL -0.052 xdma_0_axi_aclk bd_i/layer_0/inst/u_core/u_dma/fmem_reg_0_255_400_400/DP.D/I
FV_FAIL -0.052 xdma_0_axi_aclk bd_i/layer_0/inst/u_core/g_kvslot[1].mem_reg_uram_45/CAS_IN_DIN_B[68]
FV_FAIL -0.052 xdma_0_axi_aclk bd_i/layer_0/inst/u_core/dn_vdata_reg[17]/D
FV_FAIL -0.052 xdma_0_axi_aclk bd_i/layer_0/inst/u_core/krow_reg[1441]/D
FV_FAIL -0.051 xdma_0_axi_aclk bd_i/layer_0/inst/u_core/g_kvslot[1].mem_reg_uram_31/CAS_IN_ADDR_A[9]
FV_FAIL -0.051 xdma_0_axi_aclk bd_i/layer_0/inst/u_core/u_dn/vdata_q_reg[16]_rep__6_replica/D
FV_FAIL -0.051 xdma_0_axi_aclk bd_i/layer_0/inst/u_core/u_dn/g_lane[87].kvm_acc_reg[87]/DSP_A_B_DATA_INST/B[5]
FV_FAIL -0.051 xdma_0_axi_aclk bd_i/layer_0/inst/u_core/u_dma/fmem_reg_0_255_87_87/DP.D/I
FV_FAIL -0.051 xdma_0_axi_aclk bd_i/layer_0/inst/u_core/enq_head_reg[0]/CE
FV_FAIL -0.051 xdma_0_axi_aclk bd_i/layer_0/inst/u_core/enq_head_reg[2]/CE
FV_FAIL -0.051 xdma_0_axi_aclk bd_i/layer_0/inst/u_core/enq_layer_reg[4]/CE
FV_FAIL -0.051 xdma_0_axi_aclk bd_i/layer_0/inst/u_core/u_attn/oi_reg[0]/CE
FV_FAIL -0.051 xdma_0_axi_aclk bd_i/axi_smc/inst/s00_entry_pipeline/s00_mmu/inst/gen_endpoint.r_cnt_reg[3]/D
FV_FAIL -0.051 xdma_0_axi_aclk bd_i/layer_0/inst/u_core/krow_reg[436]/D
FV_FAIL -0.051 xdma_0_axi_aclk bd_i/layer_0/inst/u_core/u_attn/g_lane[44].pv_p_reg[44]/DSP_A_B_DATA_INST/A[4]
FV_FAIL -0.051 xdma_0_axi_aclk bd_i/layer_0/inst/u_core/u_attn/u_recip/m_reg[10]/D
FV_FAIL -0.051 xdma_0_axi_aclk bd_i/layer_0/inst/u_core/u_dn/p_0_out__8__5/DSP_A_B_DATA_INST/B[14]
FV_FAIL -0.051 xdma_0_axi_aclk bd_i/layer_0/inst/u_core/u_alu/b_addr_reg[3]/CE
FV_FAIL -0.051 xdma_0_axi_aclk bd_i/layer_0/inst/u_core/dn_vdata_reg[11]/D
FV_FAIL -0.051 xdma_0_axi_aclk bd_i/layer_0/inst/u_core/gt_wdata_reg[2]/D
FV_FAIL -0.051 xdma_0_axi_aclk bd_i/layer_0/inst/u_core/u_attn/g_lane[227].pv_abs_reg[227][11]/D
FV_FAIL -0.051 xdma_0_axi_aclk bd_i/layer_0/inst/u_core/kv_wrow_reg[1060]/CE
FV_FAIL -0.051 xdma_0_axi_aclk bd_i/layer_0/inst/u_core/u_dn/g_lane[12].p2_p_reg[12]/DSP_A_B_DATA_INST/B[9]
FV_FAIL -0.051 xdma_0_axi_aclk bd_i/layer_0/inst/u_core/u_dma/beat_acc_reg[190]/R
FV_FAIL -0.051 xdma_0_axi_aclk bd_i/layer_0/inst/u_core/u_dn/p_1_out__9__2/DSP_A_B_DATA_INST/B[3]
FV_FAIL -0.051 xdma_0_axi_aclk bd_i/layer_0/inst/u_core/u_rope/m_data_reg[14]/D
FV_FAIL -0.051 xdma_0_axi_aclk bd_i/layer_0/inst/u_core/u_dn/p_1_out__16/DSP_PREADD_DATA_INST/DIN[3]
FV_FAIL -0.051 xdma_0_axi_aclk bd_i/layer_0/inst/u_core/krow_reg[1282]/D
FV_FAIL -0.051 xdma_0_axi_aclk bd_i/layer_0/inst/u_core/u_dn/p_1_out__2__18/DSP_A_B_DATA_INST/A[10]
FV_FAIL -0.050 xdma_0_axi_aclk bd_i/layer_0/inst/u_core/u_dn/p_1_out__0__16/DSP_A_B_DATA_INST/A[25]
FV_FAIL -0.050 xdma_0_axi_aclk bd_i/layer_0/inst/u_core/u_dn/g_lane[67].p2_p_reg[67]/DSP_A_B_DATA_INST/B[1]
FV_FAIL -0.050 xdma_0_axi_aclk bd_i/layer_0/inst/u_core/u_dn/g_lane[12].kvm_acc_reg[12]/DSP_A_B_DATA_INST/A[12]
FV_FAIL -0.050 xdma_0_axi_aclk bd_i/layer_0/inst/u_core/u_dn/g_lane[65].dec_p_reg[65]/DSP_A_B_DATA_INST/A[11]
FV_FAIL -0.050 xdma_0_axi_aclk bd_i/layer_0/inst/u_core/u_dn/p_1_out__25__4/DSP_A_B_DATA_INST/B[7]
FV_FAIL -0.050 xdma_0_axi_aclk bd_i/layer_0/inst/u_core/u_dma/fmem_reg_0_255_256_256/DP.B/I
FV_FAIL -0.050 xdma_0_axi_aclk bd_i/layer_0/inst/u_core/u_dma/fmem_reg_0_255_217_217/DP.A/I
FV_FAIL -0.050 xdma_0_axi_aclk bd_i/layer_0/inst/u_core/g_kvslot[1].mem_reg_uram_43/CAS_IN_DIN_B[63]
FV_FAIL -0.050 xdma_0_axi_aclk bd_i/layer_0/inst/u_core/u_topk/ent_reg[18][20]/CE
FV_FAIL -0.050 xdma_0_axi_aclk bd_i/layer_0/inst/u_core/u_topk/ent_reg[18][22]/CE
FV_FAIL -0.050 xdma_0_axi_aclk bd_i/layer_0/inst/u_core/u_topk/ent_reg[18][27]/CE
FV_FAIL -0.050 xdma_0_axi_aclk bd_i/layer_0/inst/u_core/u_topk/ent_reg[18][30]/CE
FV_FAIL -0.050 xdma_0_axi_aclk bd_i/layer_0/inst/u_core/u_dma/fmem_reg_0_255_354_354/SP.B/I
FV_FAIL -0.050 xdma_0_axi_aclk bd_i/layer_0/inst/u_core/g_dnslot[1].mem_reg_uram_22/ADDR_A[11]
FV_FAIL -0.050 xdma_0_axi_aclk bd_i/layer_0/inst/u_core/enq_head_reg[1]/CE
FV_FAIL -0.050 xdma_0_axi_aclk bd_i/layer_0/inst/u_core/enq_layer_reg[3]/CE
FV_FAIL -0.050 xdma_0_axi_aclk bd_i/mvchan_3/inst/u_chan/res_ptr_reg[6]/R
FV_FAIL -0.050 xdma_0_axi_aclk bd_i/layer_0/inst/u_core/u_dn/g_lane[9].kvm_acc_reg[9]/DSP_A_B_DATA_INST/B[12]
FV_FAIL -0.050 xdma_0_axi_aclk bd_i/layer_0/inst/u_core/u_attn/oi_reg[1]/CE
FV_FAIL -0.050 xdma_0_axi_aclk bd_i/layer_0/inst/u_core/u_dn/g_lane[32].p2_p_reg[32]/DSP_A_B_DATA_INST/B[14]
FV_FAIL -0.050 xdma_0_axi_aclk bd_i/layer_0/inst/u_core/st_reg[2]/D
FV_FAIL -0.050 xdma_0_axi_aclk bd_i/layer_0/inst/u_core/u_dn/p_0_out__1__3/DSP_A_B_DATA_INST/A[6]
FV_FAIL -0.050 xdma_0_axi_aclk bd_i/layer_0/inst/u_core/u_dn/p_0_out__11__8/DSP_PREADD_DATA_INST/DIN[15]
FV_FAIL -0.050 xdma_0_axi_aclk bd_i/layer_0/inst/u_core/u_dn/vdata_q_reg[10]_rep__5_replica_1/D
FV_FAIL -0.050 xdma_0_axi_aclk bd_i/layer_0/inst/u_core/at_qdata_reg[7]_rep__3/D
FV_FAIL -0.050 xdma_0_axi_aclk bd_i/layer_0/inst/u_core/u_dn/g_lane[100].p2_p_reg[100]/DSP_A_B_DATA_INST/B[5]
FV_FAIL -0.050 xdma_0_axi_aclk bd_i/layer_0/inst/u_core/u_attn/g_lane[27].pv_p_reg[27]/DSP_A_B_DATA_INST/A[21]
FV_FAIL -0.050 xdma_0_axi_aclk bd_i/layer_0/inst/u_core/u_attn/g_lane[227].pv_abs_reg[227][10]/D
FV_FAIL -0.050 xdma_0_axi_aclk bd_i/layer_0/inst/u_core/u_attn/g_lane[194].pv_abs_reg[194][12]/D
FV_FAIL -0.050 xdma_0_axi_aclk bd_i/layer_0/inst/u_core/u_attn/o_g4_reg[3][2]/D
FV_FAIL -0.050 xdma_0_axi_aclk bd_i/layer_0/inst/u_core/u_dn/p_1_out__24__2/DSP_A_B_DATA_INST/A[0]
FV_FAIL -0.050 xdma_0_axi_aclk bd_i/layer_0/inst/u_core/u_attn/g_lane[199].pv_abs_reg[199][10]/D
FV_FAIL -0.050 xdma_0_axi_aclk bd_i/layer_0/inst/u_core/u_dn/g_lane[91].dec_p_reg[91]/DSP_A_B_DATA_INST/A[3]
FV_FAIL -0.050 xdma_0_axi_aclk bd_i/layer_0/inst/u_core/at_qdata_reg[14]_rep/D
FV_FAIL -0.050 xdma_0_axi_aclk bd_i/layer_0/inst/u_core/u_dn/g_lane[88].p2_p_reg[88]/DSP_A_B_DATA_INST/B[13]
FV_FAIL -0.050 xdma_0_axi_aclk bd_i/layer_0/inst/u_core/u_dma/fmem_reg_0_255_408_408/SP.C/I
FV_FAIL -0.050 xdma_0_axi_aclk bd_i/layer_0/inst/u_core/u_dn/g_lane[44].p2_p_reg[44]/DSP_A_B_DATA_INST/B[0]
FV_FAIL -0.050 xdma_0_axi_aclk bd_i/layer_0/inst/u_core/u_alu/r_res_reg[14]/D
FV_FAIL -0.050 xdma_0_axi_aclk bd_i/layer_0/inst/u_core/vn_sdata_reg[12]/D
FV_FAIL -0.049 xdma_0_axi_aclk bd_i/layer_0/inst/u_core/u_dn/p_1_out__5__17/DSP_A_B_DATA_INST/A[9]
FV_FAIL -0.049 xdma_0_axi_aclk bd_i/layer_0/inst/u_core/u_attn/g_lane[26].prod_reg[26]/DSP_A_B_DATA_INST/B[8]
FV_FAIL -0.049 xdma_0_axi_aclk bd_i/layer_0/inst/u_core/u_attn/g_lane[9].prod_reg[9]/DSP_A_B_DATA_INST/B[5]
FV_FAIL -0.049 xdma_0_axi_aclk bd_i/layer_0/inst/u_core/u_dn/g_lane[46].dec_p_reg[46]/DSP_A_B_DATA_INST/A[11]
FV_FAIL -0.049 xdma_0_axi_aclk bd_i/layer_0/inst/u_core/u_dn/g_lane[98].dec_p_reg[98]/DSP_A_B_DATA_INST/A[12]
FV_FAIL -0.049 xdma_0_axi_aclk bd_i/layer_0/inst/u_core/u_dn/g_lane[48].dec_p_reg[48]/DSP_A_B_DATA_INST/A[24]
FV_FAIL -0.049 xdma_0_axi_aclk bd_i/layer_0/inst/u_core/u_dn/p_0_out__4__7/DSP_A_B_DATA_INST/B[17]
FV_FAIL -0.049 xdma_0_axi_aclk bd_i/layer_0/inst/u_core/u_dma/fmem_reg_0_255_235_235/DP.C/I
FV_FAIL -0.049 xdma_0_axi_aclk bd_i/layer_0/inst/u_core/u_dma/fmem_reg_0_255_354_354/SP.D/I
FV_FAIL -0.049 xdma_0_axi_aclk bd_i/layer_0/inst/u_core/smem_b_reg_bram_0/ADDRBWRADDR[9]
FV_FAIL -0.049 xdma_0_axi_aclk bd_i/layer_0/inst/u_core/u_attn/g_lane[168].pv_p_reg[168]/DSP_OUTPUT_INST/ALU_OUT[16]
FV_FAIL -0.049 xdma_0_axi_aclk bd_i/layer_0/inst/u_core/u_attn/g_lane[168].pv_p_reg[168]/DSP_OUTPUT_INST/ALU_OUT[17]
FV_FAIL -0.049 xdma_0_axi_aclk bd_i/layer_0/inst/u_core/u_attn/g_lane[168].pv_p_reg[168]/DSP_OUTPUT_INST/ALU_OUT[18]
FV_FAIL -0.049 xdma_0_axi_aclk bd_i/layer_0/inst/u_core/u_attn/g_lane[168].pv_p_reg[168]/DSP_OUTPUT_INST/ALU_OUT[19]
FV_FAIL -0.049 xdma_0_axi_aclk bd_i/layer_0/inst/u_core/u_attn/g_lane[168].pv_p_reg[168]/DSP_OUTPUT_INST/ALU_OUT[20]
FV_FAIL -0.049 xdma_0_axi_aclk bd_i/layer_0/inst/u_core/u_attn/g_lane[168].pv_p_reg[168]/DSP_OUTPUT_INST/ALU_OUT[21]
FV_FAIL -0.049 xdma_0_axi_aclk bd_i/layer_0/inst/u_core/u_attn/g_lane[168].pv_p_reg[168]/DSP_OUTPUT_INST/ALU_OUT[22]
FV_FAIL -0.049 xdma_0_axi_aclk bd_i/layer_0/inst/u_core/u_attn/g_lane[168].pv_p_reg[168]/DSP_OUTPUT_INST/ALU_OUT[23]
FV_FAIL -0.049 xdma_0_axi_aclk bd_i/layer_0/inst/u_core/u_attn/g_lane[168].pv_p_reg[168]/DSP_OUTPUT_INST/ALU_OUT[24]
FV_FAIL -0.049 xdma_0_axi_aclk bd_i/layer_0/inst/u_core/u_attn/g_lane[168].pv_p_reg[168]/DSP_OUTPUT_INST/ALU_OUT[25]
FV_FAIL -0.049 xdma_0_axi_aclk bd_i/layer_0/inst/u_core/u_attn/g_lane[168].pv_p_reg[168]/DSP_OUTPUT_INST/ALU_OUT[26]
FV_FAIL -0.049 xdma_0_axi_aclk bd_i/layer_0/inst/u_core/u_attn/g_lane[168].pv_p_reg[168]/DSP_OUTPUT_INST/ALU_OUT[27]
FV_FAIL -0.049 xdma_0_axi_aclk bd_i/layer_0/inst/u_core/u_attn/g_lane[168].pv_p_reg[168]/DSP_OUTPUT_INST/ALU_OUT[28]
FV_FAIL -0.049 xdma_0_axi_aclk bd_i/layer_0/inst/u_core/u_attn/g_lane[168].pv_p_reg[168]/DSP_OUTPUT_INST/ALU_OUT[29]
FV_FAIL -0.049 xdma_0_axi_aclk bd_i/layer_0/inst/u_core/u_attn/g_lane[168].pv_p_reg[168]/DSP_OUTPUT_INST/ALU_OUT[30]
FV_FAIL -0.049 xdma_0_axi_aclk bd_i/layer_0/inst/u_core/u_attn/g_lane[168].pv_p_reg[168]/DSP_OUTPUT_INST/ALU_OUT[31]
FV_FAIL -0.049 xdma_0_axi_aclk bd_i/layer_0/inst/u_core/u_attn/g_lane[168].pv_p_reg[168]/DSP_OUTPUT_INST/ALU_OUT[32]
FV_FAIL -0.049 xdma_0_axi_aclk bd_i/layer_0/inst/u_core/u_attn/g_lane[168].pv_p_reg[168]/DSP_OUTPUT_INST/ALU_OUT[33]
FV_FAIL -0.049 xdma_0_axi_aclk bd_i/layer_0/inst/u_core/u_attn/g_lane[168].pv_p_reg[168]/DSP_OUTPUT_INST/ALU_OUT[34]
FV_FAIL -0.049 xdma_0_axi_aclk bd_i/layer_0/inst/u_core/u_attn/g_lane[168].pv_p_reg[168]/DSP_OUTPUT_INST/ALU_OUT[35]
FV_FAIL -0.049 xdma_0_axi_aclk bd_i/layer_0/inst/u_core/u_attn/g_lane[168].pv_p_reg[168]/DSP_OUTPUT_INST/ALU_OUT[36]
FV_FAIL -0.049 xdma_0_axi_aclk bd_i/layer_0/inst/u_core/u_attn/g_lane[168].pv_p_reg[168]/DSP_OUTPUT_INST/ALU_OUT[37]
FV_FAIL -0.049 xdma_0_axi_aclk bd_i/layer_0/inst/u_core/u_attn/g_lane[168].pv_p_reg[168]/DSP_OUTPUT_INST/ALU_OUT[38]
FV_FAIL -0.049 xdma_0_axi_aclk bd_i/layer_0/inst/u_core/u_attn/g_lane[168].pv_p_reg[168]/DSP_OUTPUT_INST/ALU_OUT[39]
FV_FAIL -0.049 xdma_0_axi_aclk bd_i/layer_0/inst/u_core/u_attn/g_lane[168].pv_p_reg[168]/DSP_OUTPUT_INST/ALU_OUT[40]
FV_FAIL -0.049 xdma_0_axi_aclk bd_i/layer_0/inst/u_core/u_attn/g_lane[168].pv_p_reg[168]/DSP_OUTPUT_INST/ALU_OUT[41]
FV_FAIL -0.049 xdma_0_axi_aclk bd_i/layer_0/inst/u_core/u_attn/g_lane[168].pv_p_reg[168]/DSP_OUTPUT_INST/ALU_OUT[42]
FV_FAIL -0.049 xdma_0_axi_aclk bd_i/layer_0/inst/u_core/u_attn/g_lane[168].pv_p_reg[168]/DSP_OUTPUT_INST/ALU_OUT[43]
FV_FAIL -0.049 xdma_0_axi_aclk bd_i/layer_0/inst/u_core/u_attn/g_lane[168].pv_p_reg[168]/DSP_OUTPUT_INST/ALU_OUT[44]
FV_FAIL -0.049 xdma_0_axi_aclk bd_i/layer_0/inst/u_core/u_attn/g_lane[168].pv_p_reg[168]/DSP_OUTPUT_INST/ALU_OUT[45]
FV_FAIL -0.049 xdma_0_axi_aclk bd_i/layer_0/inst/u_core/u_attn/g_lane[168].pv_p_reg[168]/DSP_OUTPUT_INST/ALU_OUT[46]
FV_FAIL -0.049 xdma_0_axi_aclk bd_i/layer_0/inst/u_core/u_attn/g_lane[168].pv_p_reg[168]/DSP_OUTPUT_INST/ALU_OUT[47]
FV_FAIL -0.049 xdma_0_axi_aclk bd_i/layer_0/inst/u_core/u_dn/g_lane[59].dec_p_reg[59]/DSP_A_B_DATA_INST/A[21]
FV_FAIL -0.049 xdma_0_axi_aclk bd_i/layer_0/inst/u_core/tcnt_bank_reg[4][0][8]/CE
FV_FAIL -0.049 xdma_0_axi_aclk bd_i/layer_0/inst/u_core/u_dn/p_1_out__0__16/DSP_A_B_DATA_INST/A[5]
FV_FAIL -0.049 xdma_0_axi_aclk bd_i/layer_0/inst/u_core/u_attn/g_lane[92].pv_p_reg[92]/DSP_A_B_DATA_INST/A[7]
FV_FAIL -0.049 xdma_0_axi_aclk bd_i/layer_0/inst/u_core/kv_wrow_reg[1037]/CE
FV_FAIL -0.049 xdma_0_axi_aclk bd_i/layer_0/inst/u_core/u_dn/g_lane[114].dec_p_reg[114]/DSP_A_B_DATA_INST/A[29]
FV_FAIL -0.049 xdma_0_axi_aclk bd_i/layer_0/inst/u_core/g_kvslot[1].mem_reg_uram_31/CAS_IN_DIN_B[62]
FV_FAIL -0.049 xdma_0_axi_aclk bd_i/layer_0/inst/u_core/u_dma/fmem_reg_0_255_105_105/SP.D/I
FV_FAIL -0.049 xdma_0_axi_aclk bd_i/layer_0/inst/u_core/u_dn/p_1_out__17/DSP_A_B_DATA_INST/A[9]
FV_FAIL -0.049 xdma_0_axi_aclk bd_i/layer_0/inst/u_core/u_dn/vdata_q_reg[0]_rep__8/D
FV_FAIL -0.049 xdma_0_axi_aclk bd_i/layer_0/inst/u_core/smem_b_reg_bram_3/ADDRBWRADDR[11]
FV_FAIL -0.048 xdma_0_axi_aclk bd_i/layer_0/inst/u_core/u_dn/p_0_out__10/DSP_PREADD_DATA_INST/DIN[10]
FV_FAIL -0.048 xdma_0_axi_aclk bd_i/layer_0/inst/u_core/u_dn/p_0_out__0__14/DSP_A_B_DATA_INST/A[28]
FV_FAIL -0.048 xdma_0_axi_aclk bd_i/layer_0/inst/u_core/u_dn/g_lane[0].kvm_acc_reg[0]/DSP_A_B_DATA_INST/B[10]
FV_FAIL -0.048 xdma_0_axi_aclk bd_i/layer_0/inst/u_core/f_skd_reg[12]/D
FV_FAIL -0.048 xdma_0_axi_aclk bd_i/layer_0/inst/u_core/u_dn/g_lane[117].o_acc_reg[117]/DSP_A_B_DATA_INST/B[13]
FV_FAIL -0.048 xdma_0_axi_aclk bd_i/layer_0/inst/u_core/u_dn/vdata_q_reg[6]_rep__2_replica_5/D
FV_FAIL -0.048 xdma_0_axi_aclk bd_i/layer_0/inst/u_core/u_dma/fmem_reg_0_255_44_44/SP.C/I
FV_FAIL -0.048 xdma_0_axi_aclk bd_i/layer_0/inst/u_core/u_dn/p_0_out__13__2/DSP_A_B_DATA_INST/B[10]
FV_FAIL -0.048 xdma_0_axi_aclk bd_i/layer_0/inst/u_core/g_kvslot[0].mem_reg_uram_45/CAS_IN_DIN_B[52]
FV_FAIL -0.048 xdma_0_axi_aclk bd_i/layer_0/inst/u_core/u_attn/u_recip/m_reg[13]/D
FV_FAIL -0.048 xdma_0_axi_aclk bd_i/layer_0/inst/u_core/u_dn/p_1_out__0__6/DSP_A_B_DATA_INST/A[24]
FV_FAIL -0.048 xdma_0_axi_aclk bd_i/layer_0/inst/u_core/g_kvslot[0].mem_reg_uram_31/CAS_IN_BWE_B[8]
FV_FAIL -0.048 xdma_0_axi_aclk bd_i/layer_0/inst/u_core/u_dn/p_0_out__6__2/DSP_A_B_DATA_INST/B[9]
FV_FAIL -0.048 xdma_0_axi_aclk bd_i/layer_0/inst/u_core/u_topk/sel_reg[15]/D
FV_FAIL -0.048 xdma_0_axi_aclk bd_i/layer_0/inst/u_core/u_attn/g_lane[115].pv_p_reg[115]/DSP_A_B_DATA_INST/A[19]
FV_FAIL -0.048 xdma_0_axi_aclk bd_i/layer_0/inst/u_core/u_dma/fmem_reg_0_255_481_481/DP.B/I
FV_FAIL -0.048 xdma_0_axi_aclk bd_i/axi_smc/inst/s02_entry_pipeline/s02_si_converter/inst/converter.wrap_narrow_inst/gen_thread_loop[0].r_payld_fifo/mesg_reg_reg[262]/CE
FV_FAIL -0.048 xdma_0_axi_aclk bd_i/axi_smc/inst/s02_entry_pipeline/s02_si_converter/inst/converter.wrap_narrow_inst/gen_thread_loop[0].r_payld_fifo/mesg_reg_reg[477]/CE
FV_FAIL -0.048 xdma_0_axi_aclk bd_i/axi_smc/inst/s02_entry_pipeline/s02_si_converter/inst/converter.wrap_narrow_inst/gen_thread_loop[0].r_payld_fifo/mesg_reg_reg[542]/CE
FV_FAIL -0.048 xdma_0_axi_aclk bd_i/axi_smc/inst/s02_entry_pipeline/s02_si_converter/inst/converter.wrap_narrow_inst/gen_thread_loop[0].r_payld_fifo/mesg_reg_reg[544]/CE
FV_FAIL -0.048 xdma_0_axi_aclk bd_i/layer_0/inst/u_core/u_attn/g_lane[37].prod_reg[37]/DSP_A_B_DATA_INST/B[0]
FV_FAIL -0.048 xdma_0_axi_aclk bd_i/layer_0/inst/u_core/u_dn/g_lane[73].o_acc_reg[73]/DSP_A_B_DATA_INST/B[1]
FV_FAIL -0.048 xdma_0_axi_aclk bd_i/layer_0/inst/u_core/u_dn/g_lane[92].o_acc_reg[92]/DSP_A_B_DATA_INST/B[3]
FV_FAIL -0.048 xdma_0_axi_aclk bd_i/layer_0/inst/u_core/u_dma/fmem_reg_0_255_256_256/DP.A/I
FV_FAIL -0.048 xdma_0_axi_aclk bd_i/layer_0/inst/u_core/u_dn/g_lane[32].p2_p_reg[32]/DSP_A_B_DATA_INST/B[7]
FV_FAIL -0.048 xdma_0_axi_aclk bd_i/layer_0/inst/u_core/u_attn/oi_reg[1]_rep/CE
FV_FAIL -0.048 xdma_0_axi_aclk bd_i/layer_0/inst/u_core/u_dn/g_lane[12].dec_p_reg[12]/DSP_A_B_DATA_INST/A[17]
FV_FAIL -0.048 xdma_0_axi_aclk bd_i/layer_0/inst/u_core/u_attn/o_g4_reg[2][13]/D
FV_FAIL -0.048 xdma_0_axi_aclk bd_i/layer_0/inst/u_core/u_dma/fmem_reg_0_255_147_147/SP.A/I
FV_FAIL -0.048 xdma_0_axi_aclk bd_i/layer_0/inst/u_core/u_attn/g_lane[252].prod_reg[252]/DSP_A_B_DATA_INST/B[7]
FV_FAIL -0.048 xdma_0_axi_aclk bd_i/layer_0/inst/u_core/u_attn/g_lane[149].pv_p_reg[149]/DSP_A_B_DATA_INST/A[2]
FV_FAIL -0.048 xdma_0_axi_aclk bd_i/layer_0/inst/u_core/u_dma/fmem_reg_0_255_199_199/DP.D/I
FV_FAIL -0.048 xdma_0_axi_aclk bd_i/layer_0/inst/u_core/u_dma/fmem_reg_0_255_170_170/DP.D/I
FV_FAIL -0.048 xdma_0_axi_aclk bd_i/layer_0/inst/u_core/u_dma/fmem_reg_0_255_149_149/DP.D/I
FV_FAIL -0.048 xdma_0_axi_aclk bd_i/layer_0/inst/u_core/u_dn/p_1_out__25__0/DSP_A_B_DATA_INST/B[1]
FV_FAIL -0.047 xdma_0_axi_aclk bd_i/layer_0/inst/u_core/u_dma/fmem_reg_0_255_479_479/SP.C/I
FV_FAIL -0.047 xdma_0_axi_aclk bd_i/layer_0/inst/u_core/u_attn/g_lane[197].prod_reg[197]/DSP_A_B_DATA_INST/A[1]
FV_FAIL -0.047 xdma_0_axi_aclk bd_i/layer_0/inst/u_core/u_dn/g_lane[38].kvm_acc_reg[38]/DSP_A_B_DATA_INST/A[12]
FV_FAIL -0.047 xdma_0_axi_aclk bd_i/layer_0/inst/u_core/tmp16_reg[1]/D
FV_FAIL -0.047 xdma_0_axi_aclk bd_i/layer_0/inst/u_core/tcnt_bank_reg[5][1][8]/D
FV_FAIL -0.047 xdma_0_axi_aclk bd_i/layer_0/inst/u_core/u_dma/fmem_reg_0_255_256_256/DP.C/I
FV_FAIL -0.047 xdma_0_axi_aclk bd_i/layer_0/inst/u_core/u_attn/g_lane[65].pv_p_reg[65]/DSP_A_B_DATA_INST/A[6]
FV_FAIL -0.047 xdma_0_axi_aclk bd_i/layer_0/inst/u_core/tcnt_bank_reg[7][1][11]/D
FV_FAIL -0.047 xdma_0_axi_aclk bd_i/layer_0/inst/u_core/u_dma/fmem_reg_0_255_448_448/SP.A/I
FV_FAIL -0.047 xdma_0_axi_aclk bd_i/layer_0/inst/u_core/u_dma/fmem_reg_0_255_448_448/SP.D/I
FV_FAIL -0.047 xdma_0_axi_aclk bd_i/layer_0/inst/u_core/u_dn/p_0_out__10/DSP_PREADD_DATA_INST/DIN[1]
FV_FAIL -0.047 xdma_0_axi_aclk bd_i/layer_0/inst/u_core/u_dn/p_0_out__10__3/DSP_OUTPUT_INST/ALU_OUT[0]
FV_FAIL -0.047 xdma_0_axi_aclk bd_i/layer_0/inst/u_core/u_dn/p_0_out__10__3/DSP_OUTPUT_INST/ALU_OUT[10]
FV_FAIL -0.047 xdma_0_axi_aclk bd_i/layer_0/inst/u_core/u_dn/p_0_out__10__3/DSP_OUTPUT_INST/ALU_OUT[11]
FV_FAIL -0.047 xdma_0_axi_aclk bd_i/layer_0/inst/u_core/u_dn/p_0_out__10__3/DSP_OUTPUT_INST/ALU_OUT[12]
FV_FAIL -0.047 xdma_0_axi_aclk bd_i/layer_0/inst/u_core/u_dn/p_0_out__10__3/DSP_OUTPUT_INST/ALU_OUT[13]
FV_FAIL -0.047 xdma_0_axi_aclk bd_i/layer_0/inst/u_core/u_dn/p_0_out__10__3/DSP_OUTPUT_INST/ALU_OUT[14]
FV_FAIL -0.047 xdma_0_axi_aclk bd_i/layer_0/inst/u_core/u_dn/p_0_out__10__3/DSP_OUTPUT_INST/ALU_OUT[15]
FV_FAIL -0.047 xdma_0_axi_aclk bd_i/layer_0/inst/u_core/u_dn/p_0_out__10__3/DSP_OUTPUT_INST/ALU_OUT[16]
FV_FAIL -0.047 xdma_0_axi_aclk bd_i/layer_0/inst/u_core/u_dn/p_0_out__10__3/DSP_OUTPUT_INST/ALU_OUT[17]
FV_FAIL -0.047 xdma_0_axi_aclk bd_i/layer_0/inst/u_core/u_dn/p_0_out__10__3/DSP_OUTPUT_INST/ALU_OUT[18]
FV_FAIL -0.047 xdma_0_axi_aclk bd_i/layer_0/inst/u_core/u_dn/p_0_out__10__3/DSP_OUTPUT_INST/ALU_OUT[19]
FV_FAIL -0.047 xdma_0_axi_aclk bd_i/layer_0/inst/u_core/u_dn/p_0_out__10__3/DSP_OUTPUT_INST/ALU_OUT[1]
FV_FAIL -0.047 xdma_0_axi_aclk bd_i/layer_0/inst/u_core/u_dn/p_0_out__10__3/DSP_OUTPUT_INST/ALU_OUT[20]
FV_FAIL -0.047 xdma_0_axi_aclk bd_i/layer_0/inst/u_core/u_dn/p_0_out__10__3/DSP_OUTPUT_INST/ALU_OUT[21]
FV_FAIL -0.047 xdma_0_axi_aclk bd_i/layer_0/inst/u_core/u_dn/p_0_out__10__3/DSP_OUTPUT_INST/ALU_OUT[22]
FV_FAIL -0.047 xdma_0_axi_aclk bd_i/layer_0/inst/u_core/u_dn/p_0_out__10__3/DSP_OUTPUT_INST/ALU_OUT[23]
FV_FAIL -0.047 xdma_0_axi_aclk bd_i/layer_0/inst/u_core/u_dn/p_0_out__10__3/DSP_OUTPUT_INST/ALU_OUT[24]
FV_FAIL -0.047 xdma_0_axi_aclk bd_i/layer_0/inst/u_core/u_dn/p_0_out__10__3/DSP_OUTPUT_INST/ALU_OUT[25]
FV_FAIL -0.047 xdma_0_axi_aclk bd_i/layer_0/inst/u_core/u_dn/p_0_out__10__3/DSP_OUTPUT_INST/ALU_OUT[26]
FV_FAIL -0.047 xdma_0_axi_aclk bd_i/layer_0/inst/u_core/u_dn/p_0_out__10__3/DSP_OUTPUT_INST/ALU_OUT[27]
FV_FAIL -0.047 xdma_0_axi_aclk bd_i/layer_0/inst/u_core/u_dn/p_0_out__10__3/DSP_OUTPUT_INST/ALU_OUT[28]
FV_FAIL -0.047 xdma_0_axi_aclk bd_i/layer_0/inst/u_core/u_dn/p_0_out__10__3/DSP_OUTPUT_INST/ALU_OUT[29]
FV_FAIL -0.047 xdma_0_axi_aclk bd_i/layer_0/inst/u_core/u_dn/p_0_out__10__3/DSP_OUTPUT_INST/ALU_OUT[2]
FV_FAIL -0.047 xdma_0_axi_aclk bd_i/layer_0/inst/u_core/u_dn/p_0_out__10__3/DSP_OUTPUT_INST/ALU_OUT[30]
FV_FAIL -0.047 xdma_0_axi_aclk bd_i/layer_0/inst/u_core/u_dn/p_0_out__10__3/DSP_OUTPUT_INST/ALU_OUT[31]
FV_FAIL -0.047 xdma_0_axi_aclk bd_i/layer_0/inst/u_core/u_dn/p_0_out__10__3/DSP_OUTPUT_INST/ALU_OUT[32]
FV_FAIL -0.047 xdma_0_axi_aclk bd_i/layer_0/inst/u_core/u_dn/p_0_out__10__3/DSP_OUTPUT_INST/ALU_OUT[33]
FV_FAIL -0.047 xdma_0_axi_aclk bd_i/layer_0/inst/u_core/u_dn/p_0_out__10__3/DSP_OUTPUT_INST/ALU_OUT[34]
FV_FAIL -0.047 xdma_0_axi_aclk bd_i/layer_0/inst/u_core/u_dn/p_0_out__10__3/DSP_OUTPUT_INST/ALU_OUT[35]
FV_FAIL -0.047 xdma_0_axi_aclk bd_i/layer_0/inst/u_core/u_dn/p_0_out__10__3/DSP_OUTPUT_INST/ALU_OUT[36]
FV_FAIL -0.047 xdma_0_axi_aclk bd_i/layer_0/inst/u_core/u_dn/p_0_out__10__3/DSP_OUTPUT_INST/ALU_OUT[37]
FV_FAIL -0.047 xdma_0_axi_aclk bd_i/layer_0/inst/u_core/u_dn/p_0_out__10__3/DSP_OUTPUT_INST/ALU_OUT[38]
FV_FAIL -0.047 xdma_0_axi_aclk bd_i/layer_0/inst/u_core/u_dn/p_0_out__10__3/DSP_OUTPUT_INST/ALU_OUT[39]
FV_FAIL -0.047 xdma_0_axi_aclk bd_i/layer_0/inst/u_core/u_dn/p_0_out__10__3/DSP_OUTPUT_INST/ALU_OUT[3]
FV_FAIL -0.047 xdma_0_axi_aclk bd_i/layer_0/inst/u_core/u_dn/p_0_out__10__3/DSP_OUTPUT_INST/ALU_OUT[40]
FV_FAIL -0.047 xdma_0_axi_aclk bd_i/layer_0/inst/u_core/u_dn/p_0_out__10__3/DSP_OUTPUT_INST/ALU_OUT[41]
FV_FAIL -0.047 xdma_0_axi_aclk bd_i/layer_0/inst/u_core/u_dn/p_0_out__10__3/DSP_OUTPUT_INST/ALU_OUT[42]
FV_FAIL -0.047 xdma_0_axi_aclk bd_i/layer_0/inst/u_core/u_dn/p_0_out__10__3/DSP_OUTPUT_INST/ALU_OUT[43]
FV_FAIL -0.047 xdma_0_axi_aclk bd_i/layer_0/inst/u_core/u_dn/p_0_out__10__3/DSP_OUTPUT_INST/ALU_OUT[44]
FV_FAIL -0.047 xdma_0_axi_aclk bd_i/layer_0/inst/u_core/u_dn/p_0_out__10__3/DSP_OUTPUT_INST/ALU_OUT[45]
FV_FAIL -0.047 xdma_0_axi_aclk bd_i/layer_0/inst/u_core/u_dn/p_0_out__10__3/DSP_OUTPUT_INST/ALU_OUT[46]
FV_FAIL -0.047 xdma_0_axi_aclk bd_i/layer_0/inst/u_core/u_dn/p_0_out__10__3/DSP_OUTPUT_INST/ALU_OUT[47]
FV_FAIL -0.047 xdma_0_axi_aclk bd_i/layer_0/inst/u_core/u_dn/p_0_out__10__3/DSP_OUTPUT_INST/ALU_OUT[4]
FV_FAIL -0.047 xdma_0_axi_aclk bd_i/layer_0/inst/u_core/u_dn/p_0_out__10__3/DSP_OUTPUT_INST/ALU_OUT[5]
FV_FAIL -0.047 xdma_0_axi_aclk bd_i/layer_0/inst/u_core/u_dn/p_0_out__10__3/DSP_OUTPUT_INST/ALU_OUT[6]
FV_FAIL -0.047 xdma_0_axi_aclk bd_i/layer_0/inst/u_core/u_dn/p_0_out__10__3/DSP_OUTPUT_INST/ALU_OUT[7]
FV_FAIL -0.047 xdma_0_axi_aclk bd_i/layer_0/inst/u_core/u_dn/p_0_out__10__3/DSP_OUTPUT_INST/ALU_OUT[8]
FV_FAIL -0.047 xdma_0_axi_aclk bd_i/layer_0/inst/u_core/u_dn/p_0_out__10__3/DSP_OUTPUT_INST/ALU_OUT[9]
FV_FAIL -0.047 xdma_0_axi_aclk bd_i/layer_0/inst/u_core/cw_wd_reg[13]/CE
FV_FAIL -0.047 xdma_0_axi_aclk bd_i/layer_0/inst/u_core/cw_wd_reg[14]/CE
FV_FAIL -0.047 xdma_0_axi_aclk bd_i/layer_0/inst/u_core/cw_wd_reg[28]/CE
FV_FAIL -0.047 xdma_0_axi_aclk bd_i/layer_0/inst/u_core/u_dn/p_1_out__17__8/DSP_A_B_DATA_INST/A[29]
FV_FAIL -0.047 xdma_0_axi_aclk bd_i/layer_0/inst/u_core/u_alu/cp_v32_reg[25]/D
FV_FAIL -0.047 xdma_0_axi_aclk bd_i/layer_0/inst/u_core/u_dn/p_0_out__0__7/DSP_A_B_DATA_INST/B[7]
FV_FAIL -0.047 xdma_0_axi_aclk bd_i/layer_0/inst/u_core/u_dma/rowbuf_reg[692]/CE
FV_FAIL -0.047 xdma_0_axi_aclk bd_i/layer_0/inst/u_core/u_dn/g_lane[94].kvm_acc_reg[94]/DSP_A_B_DATA_INST/B[1]
FV_FAIL -0.047 xdma_0_axi_aclk bd_i/layer_0/inst/u_core/u_dma/fmem_reg_0_255_201_201/DP.A/I
FV_FAIL -0.047 xdma_0_axi_aclk bd_i/layer_0/inst/u_core/u_dma/fmem_reg_0_255_408_408/SP.B/I
FV_FAIL -0.047 xdma_0_axi_aclk bd_i/layer_0/inst/u_core/u_attn/u_recip/m_reg[5]/D
FV_FAIL -0.047 xdma_0_axi_aclk bd_i/layer_0/inst/u_core/u_attn/g_lane[226].pv_abs_reg[226][24]/D
FV_FAIL -0.047 xdma_0_axi_aclk bd_i/layer_0/inst/u_core/at_qdata_reg[3]_rep__11/D
FV_FAIL -0.047 xdma_0_axi_aclk bd_i/layer_0/inst/u_core/u_dn/p_1_out__18__7/DSP_A_B_DATA_INST/B[2]
FV_FAIL -0.047 xdma_0_axi_aclk bd_i/layer_0/inst/u_core/u_alu/cp_b16_reg[8]/D
FV_FAIL -0.046 xdma_0_axi_aclk bd_i/layer_0/inst/u_core/u_dn/g_lane[0].kvm_acc_reg[0]/DSP_A_B_DATA_INST/B[7]
FV_FAIL -0.046 xdma_0_axi_aclk bd_i/layer_0/inst/u_core/u_dn/g_lane[118].kvm_acc_reg[118]_i_8_psdsp/D
FV_FAIL -0.046 xdma_0_axi_aclk bd_i/layer_0/inst/u_core/u_dn/p_1_out__17__8/DSP_A_B_DATA_INST/A[25]
FV_FAIL -0.046 xdma_0_axi_aclk bd_i/layer_0/inst/u_core/u_attn/g_lane[25].prod_reg[25]/DSP_A_B_DATA_INST/CEA2
FV_FAIL -0.046 xdma_0_axi_aclk bd_i/layer_0/inst/u_core/u_dn/g_lane[96].kvm_acc_reg[96]/DSP_A_B_DATA_INST/B[14]
FV_FAIL -0.046 xdma_0_axi_aclk bd_i/axil_slice_5/inst/w.w_pipe/m_payload_i_reg[9]/D
FV_FAIL -0.046 xdma_0_axi_aclk bd_i/layer_0/inst/u_core/u_attn/g_lane[115].pv_p_reg[115]/DSP_A_B_DATA_INST/A[24]
FV_FAIL -0.046 xdma_0_axi_aclk bd_i/layer_0/inst/u_core/u_dn/p_1_out__20__1/DSP_A_B_DATA_INST/B[13]
FV_FAIL -0.046 xdma_0_axi_aclk bd_i/layer_0/inst/u_core/u_attn/g_lane[85].prod_reg[85]/DSP_A_B_DATA_INST/B[3]
FV_FAIL -0.046 xdma_0_axi_aclk bd_i/layer_0/inst/u_core/u_dn/p_0_out__9__9/DSP_A_B_DATA_INST/B[5]
FV_FAIL -0.046 xdma_0_axi_aclk bd_i/layer_0/inst/u_core/u_dn/g_lane[59].dec_p_reg[59]/DSP_A_B_DATA_INST/A[22]
FV_FAIL -0.046 xdma_0_axi_aclk bd_i/layer_0/inst/u_core/u_dma/fmem_reg_0_255_193_193/DP.A/I
FV_FAIL -0.046 xdma_0_axi_aclk bd_i/layer_0/inst/u_core/g_kvslot[0].mem_reg_uram_31/CAS_IN_DIN_B[12]
FV_FAIL -0.046 xdma_0_axi_aclk bd_i/layer_0/inst/u_core/vn_sdata_reg[0]/D
FV_FAIL -0.046 xdma_0_axi_aclk bd_i/layer_0/inst/u_core/u_dn/p_1_out__15__2/DSP_A_B_DATA_INST/B[9]
FV_FAIL -0.046 xdma_0_axi_aclk bd_i/layer_0/inst/u_core/u_dma/fmem_reg_0_255_66_66/SP.A/I
FV_FAIL -0.046 xdma_0_axi_aclk bd_i/layer_0/inst/u_core/u_attn/g_lane[235].pv_p_reg[235]/DSP_OUTPUT_INST/ALU_OUT[2]
FV_FAIL -0.046 xdma_0_axi_aclk bd_i/layer_0/inst/u_core/u_attn/g_lane[235].pv_p_reg[235]/DSP_OUTPUT_INST/ALU_OUT[3]
FV_FAIL -0.045 xdma_0_axi_aclk bd_i/layer_0/inst/u_core/u_attn/g_lane[239].pv_abs_reg[239][13]/D
FV_FAIL -0.045 xdma_0_axi_aclk bd_i/layer_0/inst/u_core/g_kvslot[0].mem_reg_uram_29/CAS_IN_ADDR_B[12]
FV_FAIL -0.045 xdma_0_axi_aclk bd_i/layer_0/inst/u_core/u_dn/g_lane[66].p2_p_reg[66]/DSP_A_B_DATA_INST/B[2]
FV_FAIL -0.045 xdma_0_axi_aclk bd_i/layer_0/inst/u_core/g_dnslot[1].mem_reg_uram_23/DIN_B[25]
FV_FAIL -0.045 xdma_0_axi_aclk bd_i/layer_0/inst/u_core/u_dma/fmem_reg_0_255_44_44/SP.B/I
FV_FAIL -0.045 xdma_0_axi_aclk bd_i/layer_0/inst/u_core/u_dn/p_1_out__28/DSP_A_B_DATA_INST/A[24]
FV_FAIL -0.045 xdma_0_axi_aclk bd_i/layer_0/inst/u_core/g_dnslot[1].mem_reg_uram_14/ADDR_B[10]
FV_FAIL -0.045 xdma_0_axi_aclk bd_i/layer_0/inst/u_core/u_attn/g_lane[125].pv_p_reg[125]/DSP_A_B_DATA_INST/A[25]
FV_FAIL -0.045 xdma_0_axi_aclk bd_i/mvchan_3/inst/u_chan/rf_mem_reg_0_3_14_27/RAMA/WE
FV_FAIL -0.045 xdma_0_axi_aclk bd_i/mvchan_3/inst/u_chan/rf_mem_reg_0_3_14_27/RAMA_D1/WE
FV_FAIL -0.045 xdma_0_axi_aclk bd_i/mvchan_3/inst/u_chan/rf_mem_reg_0_3_14_27/RAMB/WE
FV_FAIL -0.045 xdma_0_axi_aclk bd_i/mvchan_3/inst/u_chan/rf_mem_reg_0_3_14_27/RAMB_D1/WE
FV_FAIL -0.045 xdma_0_axi_aclk bd_i/mvchan_3/inst/u_chan/rf_mem_reg_0_3_14_27/RAMC/WE
FV_FAIL -0.045 xdma_0_axi_aclk bd_i/mvchan_3/inst/u_chan/rf_mem_reg_0_3_14_27/RAMC_D1/WE
FV_FAIL -0.045 xdma_0_axi_aclk bd_i/mvchan_3/inst/u_chan/rf_mem_reg_0_3_14_27/RAMD/WE
FV_FAIL -0.045 xdma_0_axi_aclk bd_i/mvchan_3/inst/u_chan/rf_mem_reg_0_3_14_27/RAMD_D1/WE
FV_FAIL -0.045 xdma_0_axi_aclk bd_i/mvchan_3/inst/u_chan/rf_mem_reg_0_3_14_27/RAME/WE
FV_FAIL -0.045 xdma_0_axi_aclk bd_i/mvchan_3/inst/u_chan/rf_mem_reg_0_3_14_27/RAME_D1/WE
FV_FAIL -0.045 xdma_0_axi_aclk bd_i/mvchan_3/inst/u_chan/rf_mem_reg_0_3_14_27/RAMF/WE
FV_FAIL -0.045 xdma_0_axi_aclk bd_i/mvchan_3/inst/u_chan/rf_mem_reg_0_3_14_27/RAMF_D1/WE
FV_FAIL -0.045 xdma_0_axi_aclk bd_i/mvchan_3/inst/u_chan/rf_mem_reg_0_3_14_27/RAMG/WE
FV_FAIL -0.045 xdma_0_axi_aclk bd_i/mvchan_3/inst/u_chan/rf_mem_reg_0_3_14_27/RAMG_D1/WE
FV_FAIL -0.045 xdma_0_axi_aclk bd_i/mvchan_3/inst/u_chan/rf_mem_reg_0_3_14_27/RAMH/WE
FV_FAIL -0.045 xdma_0_axi_aclk bd_i/mvchan_3/inst/u_chan/rf_mem_reg_0_3_14_27/RAMH_D1/WE
FV_FAIL -0.045 xdma_0_axi_aclk bd_i/layer_0/inst/u_core/u_attn/o_g4_reg[3][22]/D
FV_FAIL -0.045 xdma_0_axi_aclk bd_i/layer_0/inst/u_core/u_dn/g_lane[61].dec_p_reg[61]/DSP_A_B_DATA_INST/A[10]
FV_FAIL -0.045 xdma_0_axi_aclk bd_i/layer_0/inst/u_core/u_dma/fmem_reg_0_255_481_481/DP.C/I
FV_FAIL -0.045 xdma_0_axi_aclk bd_i/axi_smc/inst/s02_entry_pipeline/s02_mmu/inst/FSM_onehot_gen_endpoint.r_state_reg[3]_rep_replica_2/CE
FV_FAIL -0.045 xdma_0_axi_aclk bd_i/layer_0/inst/u_core/g_kvslot[1].mem_reg_uram_45/CAS_IN_ADDR_A[6]
FV_FAIL -0.045 xdma_0_axi_aclk bd_i/layer_0/inst/u_core/gt_wdata_reg[3]/D
FV_FAIL -0.045 xdma_0_axi_aclk bd_i/layer_0/inst/u_core/u_dma/fmem_reg_0_255_484_484/SP.B/I
FV_FAIL -0.045 xdma_0_axi_aclk bd_i/layer_0/inst/u_core/u_dn/p_1_out__26__2/DSP_A_B_DATA_INST/B[5]
FV_FAIL -0.045 xdma_0_axi_aclk bd_i/layer_0/inst/u_core/u_dma/fmem_reg_0_255_138_138/DP.B/I
FV_FAIL -0.045 xdma_0_axi_aclk bd_i/layer_0/inst/u_core/u_rope/m_data_reg[0]/D
FV_FAIL -0.045 xdma_0_axi_aclk bd_i/layer_0/inst/u_core/at_qdata_reg[13]_rep__7/CE
FV_FAIL -0.045 xdma_0_axi_aclk bd_i/layer_0/inst/u_core/u_alu/ps_rnd_reg[30]/D
FV_FAIL -0.045 xdma_0_axi_aclk bd_i/layer_0/inst/u_core/u_attn/g_lane[231].pv_abs_reg[231][15]/D
FV_FAIL -0.045 xdma_0_axi_aclk bd_i/layer_0/inst/u_core/u_dma/fmem_reg_0_255_340_340/DP.A/I
FV_FAIL -0.045 xdma_0_axi_aclk bd_i/layer_0/inst/u_core/u_attn/g_lane[41].prod_reg[41]/DSP_A_B_DATA_INST/B[1]
FV_FAIL -0.044 xdma_0_axi_aclk bd_i/layer_0/inst/u_core/u_dma/fmem_reg_0_255_479_479/SP.B/I
FV_FAIL -0.044 xdma_0_axi_aclk bd_i/layer_0/inst/u_core/u_dn/p_0_out__12__1/DSP_PREADD_DATA_INST/DIN[4]
FV_FAIL -0.044 xdma_0_axi_aclk bd_i/layer_0/inst/u_core/u_dma/fmem_reg_0_255_138_138/DP.A/I
FV_FAIL -0.044 xdma_0_axi_aclk bd_i/layer_0/inst/u_core/smem_b_reg_bram_9/ADDRARDADDR[4]
FV_FAIL -0.044 xdma_0_axi_aclk bd_i/layer_0/inst/u_core/u_dn/g_lane[93].p2_p_reg[93]/DSP_A_B_DATA_INST/B[7]
FV_FAIL -0.044 xdma_0_axi_aclk bd_i/layer_0/inst/u_core/u_attn/g_lane[26].prod_reg[26]/DSP_A_B_DATA_INST/B[2]
FV_FAIL -0.044 xdma_0_axi_aclk bd_i/layer_0/inst/u_core/u_dn/g_lane[91].dec_p_reg[91]/DSP_A_B_DATA_INST/A[2]
FV_FAIL -0.044 xdma_0_axi_aclk bd_i/layer_0/inst/u_core/u_dma/fmem_reg_0_255_170_170/SP.C/I
FV_FAIL -0.044 xdma_0_axi_aclk bd_i/layer_0/inst/u_core/u_dn/g_lane[92].dec_p_reg[92]/DSP_A_B_DATA_INST/A[20]
FV_FAIL -0.044 xdma_0_axi_aclk bd_i/layer_0/inst/u_core/krow_reg[881]/CE
FV_FAIL -0.044 xdma_0_axi_aclk bd_i/layer_0/inst/u_core/krow_reg[883]/CE
FV_FAIL -0.044 xdma_0_axi_aclk bd_i/layer_0/inst/u_core/krow_reg[884]/CE
FV_FAIL -0.044 xdma_0_axi_aclk bd_i/layer_0/inst/u_core/krow_reg[885]/CE
FV_FAIL -0.044 xdma_0_axi_aclk bd_i/layer_0/inst/u_core/krow_reg[886]/CE
FV_FAIL -0.044 xdma_0_axi_aclk bd_i/layer_0/inst/u_core/u_dma/fmem_reg_0_255_193_193/DP.B/I
FV_FAIL -0.044 xdma_0_axi_aclk bd_i/layer_0/inst/u_core/u_dn/p_1_out__1__12/DSP_A_B_DATA_INST/B[15]
FV_FAIL -0.044 xdma_0_axi_aclk bd_i/axi_smc/inst/s02_entry_pipeline/s02_si_converter/inst/converter.wrap_narrow_inst/gen_thread_loop[0].r_payld_fifo/mesg_reg_reg[126]/CE
FV_FAIL -0.044 xdma_0_axi_aclk bd_i/axi_smc/inst/s02_entry_pipeline/s02_si_converter/inst/converter.wrap_narrow_inst/gen_thread_loop[0].r_payld_fifo/mesg_reg_reg[158]/CE
FV_FAIL -0.044 xdma_0_axi_aclk bd_i/axi_smc/inst/s02_entry_pipeline/s02_si_converter/inst/converter.wrap_narrow_inst/gen_thread_loop[0].r_payld_fifo/mesg_reg_reg[182]/CE
FV_FAIL -0.044 xdma_0_axi_aclk bd_i/axi_smc/inst/s02_entry_pipeline/s02_si_converter/inst/converter.wrap_narrow_inst/gen_thread_loop[0].r_payld_fifo/mesg_reg_reg[257]/CE
FV_FAIL -0.044 xdma_0_axi_aclk bd_i/layer_0/inst/u_core/u_dma/fmem_reg_0_255_59_59/DP.D/I
FV_FAIL -0.044 xdma_0_axi_aclk bd_i/layer_0/inst/u_core/u_attn/g_lane[37].prod_reg[37]/DSP_A_B_DATA_INST/B[5]
FV_FAIL -0.044 xdma_0_axi_aclk bd_i/layer_0/inst/u_core/u_dn/vdata_q_reg[7]_rep__8_replica_2/D
FV_FAIL -0.044 xdma_0_axi_aclk bd_i/layer_0/inst/u_core/u_dma/fmem_reg_0_255_82_82/SP.C/I
FV_FAIL -0.044 xdma_0_axi_aclk bd_i/layer_0/inst/u_core/u_dma/fmem_reg_0_255_47_47/SP.C/I
FV_FAIL -0.044 xdma_0_axi_aclk bd_i/layer_0/inst/u_core/u_dn/p_0_out__22/DSP_A_B_DATA_INST/A[26]
FV_FAIL -0.044 xdma_0_axi_aclk bd_i/layer_0/inst/u_core/u_dn/g_lane[126].o_acc_reg[126]/DSP_A_B_DATA_INST/B[13]
FV_FAIL -0.044 xdma_0_axi_aclk bd_i/layer_0/inst/u_core/at_qdata_reg[15]_replica_7/CE
FV_FAIL -0.044 xdma_0_axi_aclk bd_i/layer_0/inst/u_core/u_dn/g_lane[14].kvm_acc_reg[14]/DSP_A_B_DATA_INST/B[0]
FV_FAIL -0.044 xdma_0_axi_aclk bd_i/layer_0/inst/u_core/u_dn/p_0_out__0__16/DSP_A_B_DATA_INST/A[28]
FV_FAIL -0.044 xdma_0_axi_aclk bd_i/layer_0/inst/u_core/u_dn/g_lane[12].kvm_acc_reg[12]/DSP_A_B_DATA_INST/A[19]
FV_FAIL -0.044 xdma_0_axi_aclk bd_i/layer_0/inst/u_core/u_dma/fmem_reg_0_255_207_207/SP.C/I
FV_FAIL -0.044 xdma_0_axi_aclk bd_i/layer_0/inst/u_core/u_dma/fmem_reg_0_255_287_287/SP.C/I
FV_FAIL -0.044 xdma_0_axi_aclk bd_i/layer_0/inst/u_core/u_attn/g_lane[92].prod_reg[92]/DSP_A_B_DATA_INST/B[16]
FV_FAIL -0.043 xdma_0_axi_aclk bd_i/layer_0/inst/u_core/g_kvslot[1].mem_reg_uram_31/CAS_IN_ADDR_A[0]
FV_FAIL -0.043 xdma_0_axi_aclk bd_i/layer_0/inst/u_core/u_dn/p_1_out__16/DSP_PREADD_DATA_INST/DIN[4]
FV_FAIL -0.043 xdma_0_axi_aclk bd_i/layer_0/inst/u_core/u_attn/pvc64_reg[59]/CE
FV_FAIL -0.043 xdma_0_axi_aclk bd_i/layer_0/inst/u_core/u_attn/pvc64_reg[60]/CE
FV_FAIL -0.043 xdma_0_axi_aclk bd_i/layer_0/inst/u_core/dma_kind_reg[0]_rep__15/CE
FV_FAIL -0.043 xdma_0_axi_aclk bd_i/layer_0/inst/u_core/u_dma/fmem_reg_0_255_149_149/DP.A/I
FV_FAIL -0.043 xdma_0_axi_aclk bd_i/layer_0/inst/u_core/u_dn/g_lane[123].kvm_acc_reg[123]/DSP_A_B_DATA_INST/B[9]
FV_FAIL -0.043 xdma_0_axi_aclk bd_i/axi_smc/inst/s02_entry_pipeline/s02_mmu/inst/r_sreg/m_vector_i_reg[1281]/D
FV_FAIL -0.043 xdma_0_axi_aclk bd_i/layer_0/inst/u_core/u_dma/fmem_reg_0_255_192_192/DP.A/I
FV_FAIL -0.043 xdma_0_axi_aclk bd_i/layer_0/inst/u_core/u_attn/g_lane[33].prod_reg[33]/DSP_A_B_DATA_INST/CEA2
FV_FAIL -0.043 xdma_0_axi_aclk bd_i/layer_0/inst/u_core/u_dn/g_lane[38].o_acc_reg[38]/DSP_A_B_DATA_INST/B[2]
FV_FAIL -0.043 xdma_0_axi_aclk bd_i/layer_0/inst/u_core/u_dn/p_0_out__10__1/DSP_A_B_DATA_INST/B[15]
FV_FAIL -0.043 xdma_0_axi_aclk bd_i/layer_0/inst/u_core/u_dn/vdata_q_reg[6]_rep/D
FV_FAIL -0.043 xdma_0_axi_aclk bd_i/layer_0/inst/u_core/u_topk/ent_reg[26][31]/CE
FV_FAIL -0.043 xdma_0_axi_aclk bd_i/layer_0/inst/u_core/u_dn/vdata_q_reg[16]_rep__1_replica/D
FV_FAIL -0.043 xdma_0_axi_aclk bd_i/layer_0/inst/u_core/u_dn/p_1_out__1__12/DSP_A_B_DATA_INST/B[17]
FV_FAIL -0.043 xdma_0_axi_aclk bd_i/layer_0/inst/u_core/u_dn/p_1_out__6__7/DSP_A_B_DATA_INST/A[19]
FV_FAIL -0.043 xdma_0_axi_aclk bd_i/layer_0/inst/u_core/u_dma/fmem_reg_0_255_71_71/DP.D/I
FV_FAIL -0.043 xdma_0_axi_aclk bd_i/layer_0/inst/u_core/dn_beta_reg[8]/D
FV_FAIL -0.043 xdma_0_axi_aclk bd_i/layer_0/inst/u_core/u_attn/g_lane[93].prod_reg[93]/DSP_A_B_DATA_INST/B[3]
FV_FAIL -0.043 xdma_0_axi_aclk bd_i/layer_0/inst/u_core/u_attn/g_lane[197].pv_abs_reg[197][23]/D
FV_FAIL -0.043 xdma_0_axi_aclk bd_i/layer_0/inst/u_core/u_attn/g_lane[56].pv_p_reg[56]/DSP_A_B_DATA_INST/A[9]
FV_FAIL -0.043 xdma_0_axi_aclk bd_i/layer_0/inst/u_core/u_attn/g_lane[227].pv_abs_reg[227][8]/D
FV_FAIL -0.043 xdma_0_axi_aclk bd_i/layer_0/inst/u_core/u_dn/p_1_out__13__2/DSP_A_B_DATA_INST/A[16]
FV_FAIL -0.043 xdma_0_axi_aclk bd_i/layer_0/inst/u_core/u_dn/g_lane[8].kvm_acc_reg[8]/DSP_A_B_DATA_INST/B[4]
FV_FAIL -0.043 xdma_0_axi_aclk bd_i/layer_0/inst/u_core/u_dn/p_1_out__4__0/DSP_A_B_DATA_INST/B[11]
FV_FAIL -0.043 xdma_0_axi_aclk bd_i/layer_0/inst/u_core/u_attn/g_lane[199].pv_abs_reg[199][8]/D
FV_FAIL -0.043 xdma_0_axi_aclk bd_i/layer_0/inst/u_core/u_dn/p_0_out__2__5/DSP_A_B_DATA_INST/B[11]
FV_FAIL -0.043 xdma_0_axi_aclk bd_i/layer_0/inst/u_core/u_attn/g_lane[252].prod_reg[252]/DSP_A_B_DATA_INST/B[4]
FV_FAIL -0.043 xdma_0_axi_aclk bd_i/layer_0/inst/u_core/at_qdata_reg[7]_rep__4/D
FV_FAIL -0.043 xdma_0_axi_aclk bd_i/layer_0/inst/u_core/dn_beta_reg[3]/D
FV_FAIL -0.043 xdma_0_axi_aclk bd_i/layer_0/inst/u_core/u_dma/fmem_reg_0_255_39_39/DP.B/I
FV_FAIL -0.043 xdma_0_axi_aclk bd_i/layer_0/inst/u_core/u_dn/p_1_out__0__7/DSP_A_B_DATA_INST/B[6]
FV_FAIL -0.043 xdma_0_axi_aclk bd_i/layer_0/inst/u_core/u_attn/g_lane[154].prod_reg[154]/DSP_A_B_DATA_INST/B[6]
FV_FAIL -0.043 xdma_0_axi_aclk bd_i/layer_0/inst/u_core/at_qdata_reg[11]_rep__2/D
FV_FAIL -0.043 xdma_0_axi_aclk bd_i/layer_0/inst/u_core/u_dn/p_1_out__14__6/DSP_A_B_DATA_INST/A[29]
FV_FAIL -0.042 xdma_0_axi_aclk bd_i/layer_0/inst/u_core/u_dn/p_1_out__4__9/DSP_A_B_DATA_INST/A[27]
FV_FAIL -0.042 xdma_0_axi_aclk bd_i/layer_0/inst/u_core/u_dma/fmem_reg_0_255_302_302/DP.A/I
FV_FAIL -0.042 xdma_0_axi_aclk bd_i/layer_0/inst/u_core/u_dma/fmem_reg_0_255_94_94/DP.B/I
FV_FAIL -0.042 xdma_0_axi_aclk bd_i/layer_0/inst/u_core/dn_vdata_reg[5]/D
FV_FAIL -0.042 xdma_0_axi_aclk bd_i/layer_0/inst/u_core/u_dn/g_lane[38].kvm_acc_reg[38]/DSP_A_B_DATA_INST/A[19]
FV_FAIL -0.042 xdma_0_axi_aclk bd_i/layer_0/inst/u_core/u_dma/fmem_reg_0_255_489_489/DP.A/I
FV_FAIL -0.042 xdma_0_axi_aclk bd_i/layer_0/inst/u_core/u_dma/fmem_reg_0_255_217_217/DP.D/I
FV_FAIL -0.042 xdma_0_axi_aclk bd_i/layer_0/inst/u_core/u_attn/g_lane[197].pv_abs_reg[197][21]/D
FV_FAIL -0.042 xdma_0_axi_aclk bd_i/layer_0/inst/u_core/u_attn/g_lane[103].pv_p_reg[103]/DSP_A_B_DATA_INST/A[3]
FV_FAIL -0.042 xdma_0_axi_aclk bd_i/layer_0/inst/u_core/krow_reg[1135]/D
FV_FAIL -0.042 xdma_0_axi_aclk bd_i/layer_0/inst/u_core/g_kvslot[0].mem_reg_uram_29/CAS_IN_ADDR_A[12]
FV_FAIL -0.042 xdma_0_axi_aclk bd_i/layer_0/inst/u_core/u_attn/g_lane[239].pv_abs_reg[239][15]/D
FV_FAIL -0.042 xdma_0_axi_aclk bd_i/layer_0/inst/u_core/u_attn/g_lane[26].prod_reg[26]/DSP_A_B_DATA_INST/B[3]
FV_FAIL -0.042 xdma_0_axi_aclk bd_i/layer_0/inst/u_core/u_dn/g_lane[92].dec_p_reg[92]/DSP_A_B_DATA_INST/A[14]
FV_FAIL -0.042 xdma_0_axi_aclk bd_i/layer_0/inst/u_core/u_dma/fmem_reg_0_255_138_138/DP.C/I
FV_FAIL -0.042 xdma_0_axi_aclk bd_i/layer_0/inst/u_core/u_attn/g_lane[66].prod_reg[66]/DSP_A_B_DATA_INST/CEA2
FV_FAIL -0.042 xdma_0_axi_aclk bd_i/layer_0/inst/u_core/u_dn/p_1_out__13__8/DSP_A_B_DATA_INST/A[11]
FV_FAIL -0.042 xdma_0_axi_aclk bd_i/layer_0/inst/u_core/u_attn/g_lane[252].prod_reg[252]/DSP_A_B_DATA_INST/B[3]
FV_FAIL -0.042 xdma_0_axi_aclk bd_i/layer_0/inst/u_core/smem_b_reg_bram_17/ADDRARDADDR[3]
FV_FAIL -0.042 xdma_0_axi_aclk bd_i/layer_0/inst/u_core/u_dn/g_lane[65].kvm_acc_reg[65]/DSP_A_B_DATA_INST/A[28]
FV_FAIL -0.042 xdma_0_axi_aclk bd_i/layer_0/inst/u_core/u_dn/p_1_out__2__18/DSP_A_B_DATA_INST/A[4]
FV_FAIL -0.042 xdma_0_axi_aclk bd_i/layer_0/inst/u_core/u_dma/fmem_reg_0_255_201_201/SP.D/I
FV_FAIL -0.042 xdma_0_axi_aclk bd_i/layer_0/inst/u_core/u_dma/beat_acc_reg[0]/CE
FV_FAIL -0.042 xdma_0_axi_aclk bd_i/layer_0/inst/u_core/u_dma/beat_acc_reg[4]/CE
FV_FAIL -0.042 xdma_0_axi_aclk bd_i/layer_0/inst/u_core/u_attn/g_lane[77].prod_reg[77]/DSP_A_B_DATA_INST/CEA2
FV_FAIL -0.042 xdma_0_axi_aclk bd_i/layer_0/inst/u_core/u_dn/p_0_out__0__18/DSP_PREADD_DATA_INST/DIN[19]
FV_FAIL -0.042 xdma_0_axi_aclk bd_i/layer_0/inst/u_core/u_dn/p_1_out__5__8/DSP_A_B_DATA_INST/B[10]
FV_FAIL -0.042 xdma_0_axi_aclk bd_i/layer_0/inst/u_core/u_dn/g_lane[91].dec_p_reg[91]/DSP_A_B_DATA_INST/A[4]
FV_FAIL -0.042 xdma_0_axi_aclk bd_i/layer_0/inst/u_core/u_attn/g_lane[52].pv_p_reg[52]/DSP_A_B_DATA_INST/A[13]
FV_FAIL -0.042 xdma_0_axi_aclk bd_i/layer_0/inst/u_core/u_attn/g_lane[106].prod_reg[106]/DSP_A_B_DATA_INST/B[6]
FV_FAIL -0.042 xdma_0_axi_aclk bd_i/xdma_0/inst/udma_wrapper/dma_top/axi4mm_bridge_top_inst/axi4mm_axi_mm_master_top_inst/axi4mm_axi_mm_master_rd/litelenleft_ff_reg[0]/CE
FV_FAIL -0.042 xdma_0_axi_aclk bd_i/layer_0/inst/u_core/u_dn/g_lane[115].dm_p_reg[115]/DSP_PREADD_DATA_INST/DIN[15]
FV_FAIL -0.042 xdma_0_axi_aclk bd_i/axi_smc/inst/s00_entry_pipeline/s00_mmu/inst/r_sreg/skid_buffer_reg[1209]/D
FV_FAIL -0.042 xdma_0_axi_aclk bd_i/layer_0/inst/u_core/u_topk/sel_reg[34]/D
FV_FAIL -0.042 xdma_0_axi_aclk bd_i/layer_0/inst/u_core/u_dn/p_0_out__8__5/DSP_A_B_DATA_INST/B[13]
FV_FAIL -0.041 xdma_0_axi_aclk bd_i/layer_0/inst/u_core/u_dn/g_lane[5].dm_p_reg[5]/DSP_PREADD_DATA_INST/DIN[16]
FV_FAIL -0.041 xdma_0_axi_aclk bd_i/layer_0/inst/u_core/u_dma/fmem_reg_0_255_192_192/DP.B/I
FV_FAIL -0.041 xdma_0_axi_aclk bd_i/layer_0/inst/u_core/u_dn/g_lane[65].dec_p_reg[65]/DSP_A_B_DATA_INST/A[7]
FV_FAIL -0.041 xdma_0_axi_aclk bd_i/layer_0/inst/u_core/u_dma/fmem_reg_0_255_217_217/DP.B/I
FV_FAIL -0.041 xdma_0_axi_aclk bd_i/layer_0/inst/u_core/at_qdata_reg[14]_rep__1/CE
FV_FAIL -0.041 xdma_0_axi_aclk bd_i/layer_0/inst/u_core/at_qdata_reg[14]_rep__6/CE
FV_FAIL -0.041 xdma_0_axi_aclk bd_i/layer_0/inst/u_core/u_attn/g_lane[40].prod_reg[40]/DSP_A_B_DATA_INST/B[6]
FV_FAIL -0.041 xdma_0_axi_aclk bd_i/layer_0/inst/u_core/g_dnslot[1].mem_reg_uram_22/ADDR_A[5]
FV_FAIL -0.041 xdma_0_axi_aclk bd_i/layer_0/inst/u_core/u_dma/fmem_reg_0_255_170_170/SP.B/I
FV_FAIL -0.041 xdma_0_axi_aclk bd_i/layer_0/inst/u_core/u_dma/fmem_reg_0_255_90_90/DP.D/I
FV_FAIL -0.041 xdma_0_axi_aclk bd_i/layer_0/inst/u_core/u_attn/g_lane[119].prod_reg[119]/DSP_A_B_DATA_INST/B[6]
FV_FAIL -0.041 xdma_0_axi_aclk bd_i/layer_0/inst/u_core/u_dma/fmem_reg_0_255_193_193/DP.C/I
FV_FAIL -0.041 xdma_0_axi_aclk bd_i/layer_0/inst/u_core/u_attn/g_lane[106].prod_reg[106]/DSP_A_B_DATA_INST/B[10]
FV_FAIL -0.041 xdma_0_axi_aclk bd_i/layer_0/inst/u_core/u_attn/g_lane[65].pv_p_reg[65]/DSP_A_B_DATA_INST/A[25]
FV_FAIL -0.041 xdma_0_axi_aclk bd_i/layer_0/inst/u_core/u_dma/fmem_reg_0_255_82_82/SP.B/I
FV_FAIL -0.041 xdma_0_axi_aclk bd_i/layer_0/inst/u_core/u_attn/g_lane[226].pv_abs_reg[226][22]/D
FV_FAIL -0.041 xdma_0_axi_aclk bd_i/layer_0/inst/u_core/u_dn/g_lane[99].p2_p_reg[99]/DSP_A_B_DATA_INST/B[2]
FV_FAIL -0.041 xdma_0_axi_aclk bd_i/layer_0/inst/u_core/u_attn/dot_reg[15]/D
FV_FAIL -0.041 xdma_0_axi_aclk bd_i/layer_0/inst/u_core/u_dma/fmem_reg_0_255_44_44/SP.A/I
FV_FAIL -0.041 xdma_0_axi_aclk bd_i/layer_0/inst/u_core/u_attn/ks_f2_reg[0]/CE
FV_FAIL -0.041 xdma_0_axi_aclk bd_i/layer_0/inst/u_core/u_attn/g_lane[253].prod_reg[253]/DSP_A_B_DATA_INST/B[14]
FV_FAIL -0.041 xdma_0_axi_aclk bd_i/layer_0/inst/u_core/at_qdata_reg[13]_rep__12/CE
FV_FAIL -0.041 xdma_0_axi_aclk bd_i/layer_0/inst/u_core/u_dn/g_lane[78].p2_p_reg[78]/DSP_A_B_DATA_INST/B[16]
FV_FAIL -0.041 xdma_0_axi_aclk bd_i/layer_0/inst/u_core/u_dma/fmem_reg_0_255_302_302/DP.B/I
FV_FAIL -0.041 xdma_0_axi_aclk bd_i/axi_smc/inst/s02_entry_pipeline/s02_si_converter/inst/converter.wrap_narrow_inst/gen_thread_loop[0].r_payld_fifo/mesg_reg_reg[260]/CE
FV_FAIL -0.041 xdma_0_axi_aclk bd_i/layer_0/inst/u_core/u_dma/fmem_reg_0_255_207_207/SP.B/I
FV_FAIL -0.041 xdma_0_axi_aclk bd_i/layer_0/inst/u_core/u_dn/g_lane[58].dec_p_reg[58]/DSP_A_B_DATA_INST/A[15]
FV_FAIL -0.041 xdma_0_axi_aclk bd_i/layer_0/inst/u_core/u_dma/fmem_reg_0_255_287_287/SP.B/I
FV_FAIL -0.041 xdma_0_axi_aclk bd_i/layer_0/inst/u_core/u_attn/pvc64_reg[43]/CE
FV_FAIL -0.041 xdma_0_axi_aclk bd_i/layer_0/inst/u_core/g_kvslot[1].mem_reg_uram_33/CAS_IN_DIN_B[22]
FV_FAIL -0.041 xdma_0_axi_aclk bd_i/layer_0/inst/u_core/krow_reg[1504]/D
FV_FAIL -0.041 xdma_0_axi_aclk bd_i/layer_0/inst/u_core/u_dma/fmem_reg_0_255_151_151/SP.D/I
FV_FAIL -0.040 xdma_0_axi_aclk bd_i/layer_0/inst/u_core/u_dn/g_lane[9].kvm_acc_reg[9]/DSP_A_B_DATA_INST/B[13]
FV_FAIL -0.040 xdma_0_axi_aclk bd_i/layer_0/inst/u_core/u_dn/p_1_out__0__2/DSP_A_B_DATA_INST/A[7]
FV_FAIL -0.040 xdma_0_axi_aclk bd_i/layer_0/inst/u_core/u_dn/g_lane[87].kvm_acc_reg[87]/DSP_A_B_DATA_INST/B[12]
FV_FAIL -0.040 xdma_0_axi_aclk bd_i/layer_0/inst/u_core/u_attn/g_lane[100].prod_reg[100]/DSP_A_B_DATA_INST/B[4]
FV_FAIL -0.040 xdma_0_axi_aclk bd_i/layer_0/inst/u_core/u_dn/g_lane[7].p2_p_reg[7]/DSP_A_B_DATA_INST/B[8]
FV_FAIL -0.040 xdma_0_axi_aclk bd_i/layer_0/inst/u_core/u_dn/p_0_out__14__0/DSP_A_B_DATA_INST/B[16]
FV_FAIL -0.040 xdma_0_axi_aclk bd_i/layer_0/inst/u_core/u_alu/b_addr_reg[15]/D
FV_FAIL -0.040 xdma_0_axi_aclk bd_i/layer_0/inst/u_core/u_dn/g_lane[69].dm_p_reg[69]/DSP_A_B_DATA_INST/A[7]
FV_FAIL -0.040 xdma_0_axi_aclk bd_i/layer_0/inst/u_core/u_attn/g_lane[235].pv_p_reg[235]/DSP_OUTPUT_INST/ALU_OUT[0]
FV_FAIL -0.040 xdma_0_axi_aclk bd_i/layer_0/inst/u_core/u_attn/g_lane[235].pv_p_reg[235]/DSP_OUTPUT_INST/ALU_OUT[1]
FV_FAIL -0.040 xdma_0_axi_aclk bd_i/layer_0/inst/u_core/u_dn/g_lane[67].dec_p_reg[67]/DSP_A_B_DATA_INST/A[16]
FV_FAIL -0.040 xdma_0_axi_aclk bd_i/layer_0/inst/u_core/u_dn/g_lane[114].dec_p_reg[114]/DSP_A_B_DATA_INST/A[23]
FV_FAIL -0.040 xdma_0_axi_aclk bd_i/layer_0/inst/u_core/u_dma/fmem_reg_0_255_142_142/DP.B/I
FV_FAIL -0.040 xdma_0_axi_aclk bd_i/layer_0/inst/u_core/u_attn/g_lane[195].pv_abs_reg[195][24]/D
FV_FAIL -0.040 xdma_0_axi_aclk bd_i/layer_0/inst/u_core/u_dn/p_1_out__5__10/DSP_A_B_DATA_INST/A[29]
FV_FAIL -0.040 xdma_0_axi_aclk bd_i/layer_0/inst/u_core/u_alu/r_res_reg[32]/D
FV_FAIL -0.040 xdma_0_axi_aclk bd_i/layer_0/inst/u_core/u_attn/g_lane[226].pv_abs_reg[226][20]/D
FV_FAIL -0.040 xdma_0_axi_aclk bd_i/layer_0/inst/u_core/u_dn/p_1_out__6__7/DSP_A_B_DATA_INST/A[26]
FV_FAIL -0.040 xdma_0_axi_aclk bd_i/layer_0/inst/u_core/u_attn/g_lane[163].prod_reg[163]/DSP_A_B_DATA_INST/B[5]
FV_FAIL -0.040 xdma_0_axi_aclk bd_i/layer_0/inst/u_core/smem_b_reg_bram_17/ADDRBWRADDR[13]
FV_FAIL -0.040 xdma_0_axi_aclk bd_i/layer_0/inst/u_core/u_dma/fmem_reg_0_255_47_47/SP.B/I
FV_FAIL -0.040 xdma_0_axi_aclk bd_i/layer_0/inst/u_core/cs_wd_reg[43]/D
FV_FAIL -0.040 xdma_0_axi_aclk bd_i/layer_0/inst/u_core/u_attn/dot_reg[13]/D
FV_FAIL -0.040 xdma_0_axi_aclk bd_i/layer_0/inst/u_core/u_dma/rowbuf_reg[709]/CE
FV_FAIL -0.040 xdma_0_axi_aclk bd_i/layer_0/inst/u_core/u_dn/p_1_out__30__1/DSP_A_B_DATA_INST/B[0]
FV_FAIL -0.040 xdma_0_axi_aclk bd_i/layer_0/inst/u_core/u_attn/g_lane[11].pv_p_reg[11]/DSP_A_B_DATA_INST/A[25]
FV_FAIL -0.040 xdma_0_axi_aclk bd_i/layer_0/inst/u_core/u_attn/es_mem_reg_bram_1/ENARDEN
FV_FAIL -0.040 xdma_0_axi_aclk bd_i/layer_0/inst/u_core/u_dma/fmem_reg_0_255_340_340/SP.D/I
FV_FAIL -0.040 xdma_0_axi_aclk bd_i/layer_0/inst/u_core/u_dma/fmem_reg_0_255_39_39/DP.C/I
FV_FAIL -0.040 xdma_0_axi_aclk bd_i/xdma_0/inst/udma_wrapper/dma_top/axi4mm_bridge_top_inst/axi4mm_axi_mm_master_top_inst/axi4mm_axi_mm_master_rd/litelenleft_ff_reg[3]/CE
FV_FAIL -0.040 xdma_0_axi_aclk bd_i/layer_0/inst/u_core/u_attn/pvc64_reg[42]/CE
FV_FAIL -0.040 xdma_0_axi_aclk bd_i/layer_0/inst/u_core/u_attn/g_lane[125].pv_p_reg[125]/DSP_A_B_DATA_INST/A[16]
FV_FAIL -0.039 xdma_0_axi_aclk bd_i/layer_0/inst/u_core/u_dma/fmem_reg_0_255_94_94/DP.C/I
FV_FAIL -0.039 xdma_0_axi_aclk bd_i/layer_0/inst/u_core/u_attn/g_lane[125].pv_p_reg[125]/DSP_A_B_DATA_INST/A[5]
FV_FAIL -0.039 xdma_0_axi_aclk bd_i/layer_0/inst/u_core/g_kvslot[0].mem_reg_uram_31/CAS_IN_BWE_B[4]
FV_FAIL -0.039 xdma_0_axi_aclk bd_i/layer_0/inst/u_core/u_dn/g_lane[69].dm_p_reg[69]/DSP_A_B_DATA_INST/A[15]
FV_FAIL -0.039 xdma_0_axi_aclk bd_i/layer_0/inst/u_core/krow_reg[993]/D
FV_FAIL -0.039 xdma_0_axi_aclk bd_i/layer_0/inst/u_core/u_dn/g_lane[4].dec_p_reg[4]/DSP_A_B_DATA_INST/A[12]
FV_FAIL -0.039 xdma_0_axi_aclk bd_i/layer_0/inst/u_core/u_attn/g_lane[38].prod_reg[38]/DSP_A_B_DATA_INST/B[2]
FV_FAIL -0.039 xdma_0_axi_aclk bd_i/layer_0/inst/u_core/u_attn/g_lane[26].prod_reg[26]/DSP_A_B_DATA_INST/B[13]
FV_FAIL -0.039 xdma_0_axi_aclk bd_i/layer_0/inst/u_core/u_alu/fdat_reg_0_3_0_13_i_2_replica_psdsp/D
FV_FAIL -0.039 xdma_0_axi_aclk bd_i/layer_0/inst/u_core/u_dma/fmem_reg_0_255_142_142/DP.A/I
FV_FAIL -0.039 xdma_0_axi_aclk bd_i/layer_0/inst/u_core/u_attn/g_lane[106].prod_reg[106]/DSP_A_B_DATA_INST/B[8]
FV_FAIL -0.039 xdma_0_axi_aclk bd_i/layer_0/inst/u_core/u_dn/p_1_out__23__6/DSP_A_B_DATA_INST/B[13]
FV_FAIL -0.039 xdma_0_axi_aclk bd_i/layer_0/inst/u_core/u_attn/aclr_r_reg[3]_replica_1/D
FV_FAIL -0.039 xdma_0_axi_aclk bd_i/layer_0/inst/u_core/g_kvslot[1].mem_reg_uram_31/CAS_IN_DIN_B[28]
FV_FAIL -0.039 xdma_0_axi_aclk bd_i/layer_0/inst/u_core/u_dn/g_lane[3].dm_p_reg[3]/DSP_PREADD_DATA_INST/DIN[13]
FV_FAIL -0.039 xdma_0_axi_aclk bd_i/layer_0/inst/u_core/krow_reg[1128]/R
FV_FAIL -0.039 xdma_0_axi_aclk bd_i/layer_0/inst/u_core/krow_reg[1129]/R
FV_FAIL -0.039 xdma_0_axi_aclk bd_i/layer_0/inst/u_core/krow_reg[1130]/R
FV_FAIL -0.039 xdma_0_axi_aclk bd_i/layer_0/inst/u_core/krow_reg[1131]/R
FV_FAIL -0.039 xdma_0_axi_aclk bd_i/layer_0/inst/u_core/krow_reg[1132]/R
FV_FAIL -0.039 xdma_0_axi_aclk bd_i/layer_0/inst/u_core/u_dn/p_1_out__29__0/DSP_A_B_DATA_INST/A[3]
FV_FAIL -0.039 xdma_0_axi_aclk bd_i/layer_0/inst/u_core/u_dma/fmem_reg_0_255_194_194/SP.C/I
FV_FAIL -0.039 xdma_0_axi_aclk bd_i/layer_0/inst/u_core/u_attn/g_lane[194].pv_abs_reg[194][13]/D
FV_FAIL -0.039 xdma_0_axi_aclk bd_i/layer_0/inst/u_core/cw_wd_reg[17]/CE
FV_FAIL -0.039 xdma_0_axi_aclk bd_i/layer_0/inst/u_core/u_dma/rowbuf_reg[708]/CE
FV_FAIL -0.039 xdma_0_axi_aclk bd_i/layer_0/inst/u_core/g_kvslot[1].mem_reg_uram_45/CAS_IN_BWE_B[5]
FV_FAIL -0.039 xdma_0_axi_aclk bd_i/layer_0/inst/u_core/u_attn/g_lane[11].pv_p_reg[11]/DSP_A_B_DATA_INST/A[18]
FV_FAIL -0.039 xdma_0_axi_aclk bd_i/mvchan_3/inst/u_chan/ws_d_reg[27]/R
FV_FAIL -0.039 xdma_0_axi_aclk bd_i/mvchan_3/inst/u_chan/ws_d_reg[28]/R
FV_FAIL -0.039 xdma_0_axi_aclk bd_i/mvchan_3/inst/u_chan/ws_d_reg[29]/R
FV_FAIL -0.039 xdma_0_axi_aclk bd_i/mvchan_3/inst/u_chan/ws_d_reg[30]/R
FV_FAIL -0.039 xdma_0_axi_aclk bd_i/layer_0/inst/u_core/u_dn/p_0_out__2__9/DSP_PREADD_DATA_INST/DIN[13]
FV_FAIL -0.039 xdma_0_axi_aclk bd_i/layer_0/inst/u_core/at_qdata_reg[1]_rep/D
FV_FAIL -0.039 xdma_0_axi_aclk bd_i/layer_0/inst/u_core/u_dn/p_0_out__2__6/DSP_A_B_DATA_INST/B[10]
FV_FAIL -0.039 xdma_0_axi_aclk bd_i/layer_0/inst/u_core/u_attn/g_lane[228].prod_reg[228]/DSP_A_B_DATA_INST/B[8]
FV_FAIL -0.039 xdma_0_axi_aclk bd_i/layer_0/inst/u_core/u_attn/g_lane[226].pv_abs_reg[226][25]/D
FV_FAIL -0.039 xdma_0_axi_aclk bd_i/layer_0/inst/u_core/kv_wrow_reg[580]/CE
FV_FAIL -0.039 xdma_0_axi_aclk bd_i/layer_0/inst/u_core/kv_wrow_reg[583]/CE
FV_FAIL -0.039 xdma_0_axi_aclk bd_i/layer_0/inst/u_core/u_dma/fmem_reg_0_255_336_336/SP.D/I
FV_FAIL -0.038 xdma_0_axi_aclk bd_i/layer_0/inst/u_core/u_dn/g_lane[91].p2_p_reg[91]/DSP_A_B_DATA_INST/B[11]
FV_FAIL -0.038 xdma_0_axi_aclk bd_i/layer_0/inst/u_core/u_dma/fmem_reg_0_255_192_192/DP.C/I
FV_FAIL -0.038 xdma_0_axi_aclk bd_i/layer_0/inst/u_core/u_topk/ent_reg[12][20]/CE
FV_FAIL -0.038 xdma_0_axi_aclk bd_i/layer_0/inst/u_core/u_topk/ent_reg[12][36]/CE
FV_FAIL -0.038 xdma_0_axi_aclk bd_i/layer_0/inst/u_core/u_dn/p_0_out__18__1/DSP_A_B_DATA_INST/A[15]
FV_FAIL -0.038 xdma_0_axi_aclk bd_i/mvchan_3/inst/u_chan/wb_ptr_reg[7]/R
FV_FAIL -0.038 xdma_0_axi_aclk bd_i/mvchan_3/inst/u_chan/wb_ptr_reg[8]/R
FV_FAIL -0.038 xdma_0_axi_aclk bd_i/mvchan_3/inst/u_chan/wb_ptr_reg[9]/R
FV_FAIL -0.038 xdma_0_axi_aclk bd_i/layer_0/inst/u_core/u_dn/o_sel_reg[21]/D
FV_FAIL -0.038 xdma_0_axi_aclk bd_i/layer_0/inst/u_core/u_dma/fmem_reg_0_255_325_325/SP.D/I
FV_FAIL -0.038 xdma_0_axi_aclk bd_i/axi_smc/inst/s02_entry_pipeline/s02_si_converter/inst/converter.wrap_narrow_inst/gen_thread_loop[0].r_payld_fifo/mesg_reg_reg[299]/CE
FV_FAIL -0.038 xdma_0_axi_aclk bd_i/axi_smc/inst/s02_entry_pipeline/s02_si_converter/inst/converter.wrap_narrow_inst/gen_thread_loop[0].r_payld_fifo/mesg_reg_reg[301]/CE
FV_FAIL -0.038 xdma_0_axi_aclk bd_i/layer_0/inst/u_core/u_attn/g_lane[210].pv_p_reg[210]/DSP_A_B_DATA_INST/A[13]
FV_FAIL -0.038 xdma_0_axi_aclk bd_i/layer_0/inst/u_core/u_alu/ps_rnd_reg[31]/D
FV_FAIL -0.038 xdma_0_axi_aclk bd_i/layer_0/inst/u_core/u_alu/cp_b16_reg[9]/D
FV_FAIL -0.038 xdma_0_axi_aclk bd_i/layer_0/inst/u_core/u_dn/g_lane[12].kvm_acc_reg[12]/DSP_A_B_DATA_INST/B[13]
FV_FAIL -0.038 xdma_0_axi_aclk bd_i/layer_0/inst/u_core/u_dma/fmem_reg_0_255_256_256/DP.D/I
FV_FAIL -0.038 xdma_0_axi_aclk bd_i/layer_0/inst/u_core/u_attn/g_lane[42].prod_reg[42]/DSP_A_B_DATA_INST/B[15]
FV_FAIL -0.038 xdma_0_axi_aclk bd_i/layer_0/inst/u_core/u_dma/fmem_reg_0_255_194_194/SP.D/I
FV_FAIL -0.038 xdma_0_axi_aclk bd_i/layer_0/inst/u_core/u_attn/o_g4_reg[3][12]/D
FV_FAIL -0.038 xdma_0_axi_aclk bd_i/layer_0/inst/u_core/u_dn/p_0_out__14__4/DSP_A_B_DATA_INST/B[1]
FV_FAIL -0.038 xdma_0_axi_aclk bd_i/layer_0/inst/u_core/u_dn/p_1_out__33/DSP_A_B_DATA_INST/A[12]
FV_FAIL -0.038 xdma_0_axi_aclk bd_i/layer_0/inst/u_core/u_dn/g_lane[12].dec_p_reg[12]/DSP_A_B_DATA_INST/A[16]
FV_FAIL -0.038 xdma_0_axi_aclk bd_i/layer_0/inst/u_core/u_dn/g_lane[69].dec_p_reg[69]/DSP_A_B_DATA_INST/A[1]
FV_FAIL -0.038 xdma_0_axi_aclk bd_i/layer_0/inst/u_core/u_dn/p_1_out__13/DSP_PREADD_DATA_INST/DIN[7]
FV_FAIL -0.038 xdma_0_axi_aclk bd_i/layer_0/inst/u_core/u_topk/ent_reg[0][38]/CE
FV_FAIL -0.038 xdma_0_axi_aclk bd_i/layer_0/inst/u_core/u_dn/g_lane[45].dec_p_reg[45]/DSP_A_B_DATA_INST/A[8]
FV_FAIL -0.038 xdma_0_axi_aclk bd_i/layer_0/inst/u_core/u_dma/fmem_reg_0_255_302_302/DP.C/I
FV_FAIL -0.038 xdma_0_axi_aclk bd_i/layer_0/inst/u_core/u_dma/fmem_reg_0_255_90_90/SP.D/I
FV_FAIL -0.038 xdma_0_axi_aclk bd_i/layer_0/inst/u_core/u_dma/fmem_reg_0_255_90_90/SP.A/I
FV_FAIL -0.038 xdma_0_axi_aclk bd_i/layer_0/inst/u_core/u_dma/fmem_reg_0_255_44_44/SP.D/I
FV_FAIL -0.038 xdma_0_axi_aclk bd_i/layer_0/inst/u_core/u_dma/rowbuf_reg[694]/CE
FV_FAIL -0.038 xdma_0_axi_aclk bd_i/layer_0/inst/u_core/u_dma/rowbuf_reg[703]/CE
FV_FAIL -0.038 xdma_0_axi_aclk bd_i/axi_smc/inst/s00_entry_pipeline/s00_mmu/inst/r_sreg/m_vector_i_reg[1060]/CE
FV_FAIL -0.038 xdma_0_axi_aclk bd_i/axi_smc/inst/s00_entry_pipeline/s00_mmu/inst/r_sreg/m_vector_i_reg[1219]/CE
FV_FAIL -0.038 xdma_0_axi_aclk bd_i/layer_0/inst/u_core/u_attn/g_lane[52].pv_p_reg[52]/DSP_A_B_DATA_INST/A[15]
FV_FAIL -0.038 xdma_0_axi_aclk bd_i/layer_0/inst/u_core/u_alu/ba_r_reg[6]/CE
FV_FAIL -0.038 xdma_0_axi_aclk bd_i/layer_0/inst/u_core/u_alu/ba_r_reg[7]/CE
FV_FAIL -0.038 xdma_0_axi_aclk bd_i/layer_0/inst/u_core/u_attn/g_lane[123].pv_p_reg[123]/DSP_A_B_DATA_INST/A[9]
FV_FAIL -0.038 xdma_0_axi_aclk bd_i/layer_0/inst/u_core/u_dn/p_0_out__11__2/DSP_A_B_DATA_INST/B[1]
FV_FAIL -0.038 xdma_0_axi_aclk bd_i/layer_0/inst/u_core/kv_wrow_reg[581]/CE
FV_FAIL -0.038 xdma_0_axi_aclk bd_i/axi_smc/inst/s00_entry_pipeline/s00_mmu/inst/r_sreg/m_vector_i_reg[1113]/D
FV_FAIL -0.037 xdma_0_axi_aclk bd_i/layer_0/inst/u_core/u_rope/m_data_reg[1]/D
FV_FAIL -0.037 xdma_0_axi_aclk bd_i/layer_0/inst/u_core/u_conv/u_silu/m3_reg/DSP_A_B_DATA_INST/B[6]
FV_FAIL -0.037 xdma_0_axi_aclk bd_i/layer_0/inst/u_core/u_dn/o_sel_reg[26]/D
FV_FAIL -0.037 xdma_0_axi_aclk bd_i/layer_0/inst/u_core/u_dn/g_lane[75].kvm_acc_reg[75]/DSP_A_B_DATA_INST/B[8]
FV_FAIL -0.037 xdma_0_axi_aclk bd_i/layer_0/inst/u_core/u_attn/g_lane[89].pv_p_reg[89]/DSP_A_B_DATA_INST/A[4]
FV_FAIL -0.037 xdma_0_axi_aclk bd_i/layer_0/inst/u_core/u_attn/g_lane[26].prod_reg[26]/DSP_A_B_DATA_INST/B[15]
FV_FAIL -0.037 xdma_0_axi_aclk bd_i/layer_0/inst/u_core/u_dn/g_lane[113].p2_p_reg[113]_i_9_psdsp/D
FV_FAIL -0.037 xdma_0_axi_aclk bd_i/layer_0/inst/u_core/u_dma/fmem_reg_0_255_142_142/DP.C/I
FV_FAIL -0.037 xdma_0_axi_aclk bd_i/layer_0/inst/u_core/u_attn/g_lane[253].prod_reg[253]/DSP_A_B_DATA_INST/B[15]
FV_FAIL -0.037 xdma_0_axi_aclk bd_i/layer_0/inst/u_core/u_dn/p_0_out__6__9/DSP_A_B_DATA_INST/B[0]
FV_FAIL -0.037 xdma_0_axi_aclk bd_i/layer_0/inst/u_core/u_dn/p_1_out__19__8/DSP_A_B_DATA_INST/B[7]
FV_FAIL -0.037 xdma_0_axi_aclk bd_i/layer_0/inst/u_core/u_attn/g_lane[106].prod_reg[106]/DSP_A_B_DATA_INST/B[9]
FV_FAIL -0.037 xdma_0_axi_aclk bd_i/layer_0/inst/u_core/u_attn/g_lane[115].pv_p_reg[115]/DSP_A_B_DATA_INST/A[4]
FV_FAIL -0.037 xdma_0_axi_aclk bd_i/layer_0/inst/u_core/u_dn/g_lane[67].dec_p_reg[67]/DSP_A_B_DATA_INST/A[18]
FV_FAIL -0.037 xdma_0_axi_aclk bd_i/layer_0/inst/u_core/u_dn/g_lane[75].o_acc_reg[75]/DSP_A_B_DATA_INST/B[9]
FV_FAIL -0.037 xdma_0_axi_aclk bd_i/layer_0/inst/u_core/u_topk/ent_reg[24][22]/CE
FV_FAIL -0.037 xdma_0_axi_aclk bd_i/layer_0/inst/u_core/u_topk/ent_reg[24][35]/CE
FV_FAIL -0.037 xdma_0_axi_aclk bd_i/layer_0/inst/u_core/u_topk/ent_reg[24][43]/CE
FV_FAIL -0.037 xdma_0_axi_aclk bd_i/layer_0/inst/u_core/u_topk/ent_reg[24][44]/CE
FV_FAIL -0.037 xdma_0_axi_aclk bd_i/layer_0/inst/u_core/u_dn/p_1_out__2__2/DSP_A_B_DATA_INST/A[29]
FV_FAIL -0.037 xdma_0_axi_aclk bd_i/layer_0/inst/u_core/u_attn/g_lane[40].pv_p_reg[40]/DSP_A_B_DATA_INST/A[7]
FV_FAIL -0.037 xdma_0_axi_aclk bd_i/layer_0/inst/u_core/u_dn/p_0_out__13__7/DSP_PREADD_DATA_INST/DIN[9]
FV_FAIL -0.037 xdma_0_axi_aclk bd_i/axi_smc/inst/m00_nodes/m00_r_node/inst/inst_mi_handler/gen_normal_area.inst_fifo_node_payld/gen_xpm_memory_fifo.inst_fifo/gen_mem_rep[1].inst_xpm_memory/xpm_memory_base_inst/gen_rd_b.gen_rd_b_synth_template.gen_rf_narrow_reg.doutb_reg_reg[26]/D
FV_FAIL -0.037 xdma_0_axi_aclk bd_i/layer_0/inst/u_core/u_dn/g_lane[2].kvm_acc_reg[2]/DSP_A_B_DATA_INST/B[2]
FV_FAIL -0.037 xdma_0_axi_aclk bd_i/layer_0/inst/u_core/u_dn/g_lane[114].dec_p_reg[114]/DSP_A_B_DATA_INST/A[16]
FV_FAIL -0.036 xdma_0_axi_aclk bd_i/layer_0/inst/u_core/u_attn/g_lane[79].prod_reg[79]/DSP_A_B_DATA_INST/B[16]
FV_FAIL -0.036 xdma_0_axi_aclk bd_i/layer_0/inst/u_core/u_dn/p_1_out__16__1/DSP_A_B_DATA_INST/B[2]
FV_FAIL -0.036 xdma_0_axi_aclk bd_i/layer_0/inst/u_core/g_dnslot[0].mem_reg_uram_22/ADDR_A[5]
FV_FAIL -0.036 xdma_0_axi_aclk bd_i/layer_0/inst/u_core/u_dn/p_0_out__17__0/DSP_PREADD_DATA_INST/DIN[8]
FV_FAIL -0.036 xdma_0_axi_aclk bd_i/layer_0/inst/u_core/u_alu/r_res_reg[23]/D
FV_FAIL -0.036 xdma_0_axi_aclk bd_i/layer_0/inst/u_core/u_dn/g_lane[41].p2_p_reg[41]/DSP_A_B_DATA_INST/B[14]
FV_FAIL -0.036 xdma_0_axi_aclk bd_i/layer_0/inst/u_core/u_dn/g_lane[63].dm_p_reg[63]/DSP_PREADD_DATA_INST/CED
FV_FAIL -0.036 xdma_0_axi_aclk bd_i/layer_0/inst/u_core/u_dn/g_lane[70].dm_p_reg[70]/DSP_A_B_DATA_INST/A[6]
FV_FAIL -0.036 xdma_0_axi_aclk bd_i/layer_0/inst/u_core/u_dma/fmem_reg_0_255_271_271/DP.A/I
FV_FAIL -0.036 xdma_0_axi_aclk bd_i/layer_0/inst/u_core/u_attn/g_lane[192].pv_abs_reg[192][11]/D
FV_FAIL -0.036 xdma_0_axi_aclk bd_i/mvchan_3/inst/u_chan/wb_ptr_reg[6]/R
FV_FAIL -0.036 xdma_0_axi_aclk bd_i/layer_0/inst/u_core/u_topk/sel_reg[41]/D
FV_FAIL -0.036 xdma_0_axi_aclk bd_i/layer_0/inst/u_core/u_dma/fmem_reg_0_255_220_220/SP.D/I
FV_FAIL -0.036 xdma_0_axi_aclk bd_i/layer_0/inst/u_core/u_dma/beat_acc_reg[436]/CE
FV_FAIL -0.036 xdma_0_axi_aclk bd_i/layer_0/inst/u_core/u_dn/g_lane[37].dec_p_reg[37]/DSP_A_B_DATA_INST/A[3]
FV_FAIL -0.036 xdma_0_axi_aclk bd_i/layer_0/inst/u_core/u_dma/fmem_reg_0_255_307_307/SP.C/I
FV_FAIL -0.036 xdma_0_axi_aclk bd_i/layer_0/inst/u_core/g_kvslot[0].mem_reg_uram_51/CAS_IN_ADDR_B[6]
FV_FAIL -0.036 xdma_0_axi_aclk bd_i/layer_0/inst/u_core/u_dma/fmem_reg_0_255_70_70/DP.A/I
FV_FAIL -0.036 xdma_0_axi_aclk bd_i/layer_0/inst/u_core/u_attn/g_lane[27].pv_p_reg[27]/DSP_A_B_DATA_INST/A[22]
FV_FAIL -0.036 xdma_0_axi_aclk bd_i/layer_0/inst/u_core/u_dn/o_sel_reg[2]/D
FV_FAIL -0.036 xdma_0_axi_aclk bd_i/layer_0/inst/u_core/u_attn/g_lane[226].pv_p_reg[226]/DSP_OUTPUT_INST/ALU_OUT[2]
FV_FAIL -0.036 xdma_0_axi_aclk bd_i/layer_0/inst/u_core/u_attn/g_lane[226].pv_p_reg[226]/DSP_OUTPUT_INST/ALU_OUT[3]
FV_FAIL -0.036 xdma_0_axi_aclk bd_i/layer_0/inst/u_core/u_dn/p_1_out__5__8/DSP_A_B_DATA_INST/B[2]
FV_FAIL -0.036 xdma_0_axi_aclk bd_i/layer_0/inst/u_core/u_dn/g_lane[123].o_acc_reg[123]/DSP_A_B_DATA_INST/B[16]
FV_FAIL -0.036 xdma_0_axi_aclk bd_i/layer_0/inst/u_core/smem_b_reg_bram_11/ADDRBWRADDR[14]
FV_FAIL -0.036 xdma_0_axi_aclk bd_i/layer_0/inst/u_core/u_dn/g_lane[13].kvm_acc_reg[13]/DSP_A_B_DATA_INST/B[10]
FV_FAIL -0.036 xdma_0_axi_aclk bd_i/layer_0/inst/u_core/u_attn/g_lane[56].pv_p_reg[56]/DSP_A_B_DATA_INST/A[25]
FV_FAIL -0.036 xdma_0_axi_aclk bd_i/layer_0/inst/u_core/u_dn/g_lane[42].o_acc_reg[42]/DSP_A_B_DATA_INST/B[14]
FV_FAIL -0.035 xdma_0_axi_aclk bd_i/layer_0/inst/u_core/u_dn/p_1_out__13__3/DSP_A_B_DATA_INST/A[19]
FV_FAIL -0.035 xdma_0_axi_aclk bd_i/layer_0/inst/u_core/u_dma/fmem_reg_0_255_82_82/SP.D/I
FV_FAIL -0.035 xdma_0_axi_aclk bd_i/layer_0/inst/u_core/u_dn/g_lane[12].dec_p_reg[12]/DSP_A_B_DATA_INST/A[7]
FV_FAIL -0.035 xdma_0_axi_aclk bd_i/layer_0/inst/u_core/u_attn/g_lane[125].pv_p_reg[125]/DSP_A_B_DATA_INST/A[10]
FV_FAIL -0.035 xdma_0_axi_aclk bd_i/layer_0/inst/u_core/u_dn/g_lane[61].dec_p_reg[61]/DSP_A_B_DATA_INST/A[17]
FV_FAIL -0.035 xdma_0_axi_aclk bd_i/layer_0/inst/u_core/u_dma/slot_wdata_reg[702]/CE
FV_FAIL -0.035 xdma_0_axi_aclk bd_i/layer_0/inst/u_core/krow_reg[1065]/R
FV_FAIL -0.035 xdma_0_axi_aclk bd_i/layer_0/inst/u_core/krow_reg[1066]/R
FV_FAIL -0.035 xdma_0_axi_aclk bd_i/layer_0/inst/u_core/krow_reg[1067]/R
FV_FAIL -0.035 xdma_0_axi_aclk bd_i/layer_0/inst/u_core/u_dn/p_0_out__7__4/DSP_A_B_DATA_INST/B[3]
FV_FAIL -0.035 xdma_0_axi_aclk bd_i/layer_0/inst/u_core/u_attn/g_lane[98].pv_p_reg[98]/DSP_A_B_DATA_INST/A[7]
FV_FAIL -0.035 xdma_0_axi_aclk bd_i/layer_0/inst/u_core/u_dma/fmem_reg_0_255_325_325/SP.A/I
FV_FAIL -0.035 xdma_0_axi_aclk bd_i/layer_0/inst/u_core/u_dma/fmem_reg_0_255_202_202/DP.A/I
FV_FAIL -0.035 xdma_0_axi_aclk bd_i/layer_0/inst/u_core/u_dn/p_1_out__3__4/DSP_A_B_DATA_INST/A[15]
FV_FAIL -0.035 xdma_0_axi_aclk bd_i/layer_0/inst/u_core/u_dn/g_lane[98].kvm_acc_reg[98]/DSP_A_B_DATA_INST/B[6]
FV_FAIL -0.035 xdma_0_axi_aclk bd_i/layer_0/inst/u_core/u_dn/p_1_out__4__5/DSP_A_B_DATA_INST/B[15]
FV_FAIL -0.035 xdma_0_axi_aclk bd_i/layer_0/inst/u_core/u_attn/g_lane[65].pv_p_reg[65]/DSP_A_B_DATA_INST/A[24]
FV_FAIL -0.035 xdma_0_axi_aclk bd_i/layer_0/inst/u_core/u_dn/p_0_out__1__14/DSP_PREADD_DATA_INST/DIN[3]
FV_FAIL -0.035 xdma_0_axi_aclk bd_i/layer_0/inst/u_core/u_dn/vdata_q_reg[6]/D
FV_FAIL -0.035 xdma_0_axi_aclk bd_i/layer_0/inst/u_core/u_attn/g_lane[98].prod_reg[98]/DSP_A_B_DATA_INST/CEA2
FV_FAIL -0.035 xdma_0_axi_aclk bd_i/layer_0/inst/u_core/u_attn/g_lane[227].pv_abs_reg[227][9]/D
FV_FAIL -0.035 xdma_0_axi_aclk bd_i/layer_0/inst/u_core/u_topk/ent_reg[24][40]/CE
FV_FAIL -0.035 xdma_0_axi_aclk bd_i/layer_0/inst/u_core/u_topk/ent_reg[24][45]/CE
FV_FAIL -0.035 xdma_0_axi_aclk bd_i/layer_0/inst/u_core/u_attn/g_lane[172].pv_p_reg[172]/DSP_OUTPUT_INST/ALU_OUT[0]
FV_FAIL -0.035 xdma_0_axi_aclk bd_i/layer_0/inst/u_core/u_attn/g_lane[172].pv_p_reg[172]/DSP_OUTPUT_INST/ALU_OUT[10]
FV_FAIL -0.035 xdma_0_axi_aclk bd_i/layer_0/inst/u_core/u_attn/g_lane[172].pv_p_reg[172]/DSP_OUTPUT_INST/ALU_OUT[11]
FV_FAIL -0.035 xdma_0_axi_aclk bd_i/layer_0/inst/u_core/u_attn/g_lane[172].pv_p_reg[172]/DSP_OUTPUT_INST/ALU_OUT[12]
FV_FAIL -0.035 xdma_0_axi_aclk bd_i/layer_0/inst/u_core/u_attn/g_lane[172].pv_p_reg[172]/DSP_OUTPUT_INST/ALU_OUT[13]
FV_FAIL -0.035 xdma_0_axi_aclk bd_i/layer_0/inst/u_core/u_attn/g_lane[172].pv_p_reg[172]/DSP_OUTPUT_INST/ALU_OUT[14]
FV_FAIL -0.035 xdma_0_axi_aclk bd_i/layer_0/inst/u_core/u_attn/g_lane[172].pv_p_reg[172]/DSP_OUTPUT_INST/ALU_OUT[15]
FV_FAIL -0.035 xdma_0_axi_aclk bd_i/layer_0/inst/u_core/u_attn/g_lane[172].pv_p_reg[172]/DSP_OUTPUT_INST/ALU_OUT[16]
FV_FAIL -0.035 xdma_0_axi_aclk bd_i/layer_0/inst/u_core/u_attn/g_lane[172].pv_p_reg[172]/DSP_OUTPUT_INST/ALU_OUT[17]
FV_FAIL -0.035 xdma_0_axi_aclk bd_i/layer_0/inst/u_core/u_attn/g_lane[172].pv_p_reg[172]/DSP_OUTPUT_INST/ALU_OUT[18]
FV_FAIL -0.035 xdma_0_axi_aclk bd_i/layer_0/inst/u_core/u_attn/g_lane[172].pv_p_reg[172]/DSP_OUTPUT_INST/ALU_OUT[19]
FV_FAIL -0.035 xdma_0_axi_aclk bd_i/layer_0/inst/u_core/u_attn/g_lane[172].pv_p_reg[172]/DSP_OUTPUT_INST/ALU_OUT[1]
FV_FAIL -0.035 xdma_0_axi_aclk bd_i/layer_0/inst/u_core/u_attn/g_lane[172].pv_p_reg[172]/DSP_OUTPUT_INST/ALU_OUT[20]
FV_FAIL -0.035 xdma_0_axi_aclk bd_i/layer_0/inst/u_core/u_attn/g_lane[172].pv_p_reg[172]/DSP_OUTPUT_INST/ALU_OUT[21]
FV_FAIL -0.035 xdma_0_axi_aclk bd_i/layer_0/inst/u_core/u_attn/g_lane[172].pv_p_reg[172]/DSP_OUTPUT_INST/ALU_OUT[22]
FV_FAIL -0.035 xdma_0_axi_aclk bd_i/layer_0/inst/u_core/u_attn/g_lane[172].pv_p_reg[172]/DSP_OUTPUT_INST/ALU_OUT[23]
FV_FAIL -0.035 xdma_0_axi_aclk bd_i/layer_0/inst/u_core/u_attn/g_lane[172].pv_p_reg[172]/DSP_OUTPUT_INST/ALU_OUT[24]
FV_FAIL -0.035 xdma_0_axi_aclk bd_i/layer_0/inst/u_core/u_attn/g_lane[172].pv_p_reg[172]/DSP_OUTPUT_INST/ALU_OUT[25]
FV_FAIL -0.035 xdma_0_axi_aclk bd_i/layer_0/inst/u_core/u_attn/g_lane[172].pv_p_reg[172]/DSP_OUTPUT_INST/ALU_OUT[26]
FV_FAIL -0.035 xdma_0_axi_aclk bd_i/layer_0/inst/u_core/u_attn/g_lane[172].pv_p_reg[172]/DSP_OUTPUT_INST/ALU_OUT[27]
FV_FAIL -0.035 xdma_0_axi_aclk bd_i/layer_0/inst/u_core/u_attn/g_lane[172].pv_p_reg[172]/DSP_OUTPUT_INST/ALU_OUT[28]
FV_FAIL -0.035 xdma_0_axi_aclk bd_i/layer_0/inst/u_core/u_attn/g_lane[172].pv_p_reg[172]/DSP_OUTPUT_INST/ALU_OUT[29]
FV_FAIL -0.035 xdma_0_axi_aclk bd_i/layer_0/inst/u_core/u_attn/g_lane[172].pv_p_reg[172]/DSP_OUTPUT_INST/ALU_OUT[2]
FV_FAIL -0.035 xdma_0_axi_aclk bd_i/layer_0/inst/u_core/u_attn/g_lane[172].pv_p_reg[172]/DSP_OUTPUT_INST/ALU_OUT[30]
FV_FAIL -0.035 xdma_0_axi_aclk bd_i/layer_0/inst/u_core/u_attn/g_lane[172].pv_p_reg[172]/DSP_OUTPUT_INST/ALU_OUT[31]
FV_FAIL -0.035 xdma_0_axi_aclk bd_i/layer_0/inst/u_core/u_attn/g_lane[172].pv_p_reg[172]/DSP_OUTPUT_INST/ALU_OUT[32]
FV_FAIL -0.035 xdma_0_axi_aclk bd_i/layer_0/inst/u_core/u_attn/g_lane[172].pv_p_reg[172]/DSP_OUTPUT_INST/ALU_OUT[33]
FV_FAIL -0.035 xdma_0_axi_aclk bd_i/layer_0/inst/u_core/u_attn/g_lane[172].pv_p_reg[172]/DSP_OUTPUT_INST/ALU_OUT[34]
FV_FAIL -0.035 xdma_0_axi_aclk bd_i/layer_0/inst/u_core/u_attn/g_lane[172].pv_p_reg[172]/DSP_OUTPUT_INST/ALU_OUT[35]
FV_FAIL -0.035 xdma_0_axi_aclk bd_i/layer_0/inst/u_core/u_attn/g_lane[172].pv_p_reg[172]/DSP_OUTPUT_INST/ALU_OUT[36]
FV_FAIL -0.035 xdma_0_axi_aclk bd_i/layer_0/inst/u_core/u_attn/g_lane[172].pv_p_reg[172]/DSP_OUTPUT_INST/ALU_OUT[37]
FV_FAIL -0.035 xdma_0_axi_aclk bd_i/layer_0/inst/u_core/u_attn/g_lane[172].pv_p_reg[172]/DSP_OUTPUT_INST/ALU_OUT[38]
FV_FAIL -0.035 xdma_0_axi_aclk bd_i/layer_0/inst/u_core/u_attn/g_lane[172].pv_p_reg[172]/DSP_OUTPUT_INST/ALU_OUT[39]
FV_FAIL -0.035 xdma_0_axi_aclk bd_i/layer_0/inst/u_core/u_attn/g_lane[172].pv_p_reg[172]/DSP_OUTPUT_INST/ALU_OUT[3]
FV_FAIL -0.035 xdma_0_axi_aclk bd_i/layer_0/inst/u_core/u_attn/g_lane[172].pv_p_reg[172]/DSP_OUTPUT_INST/ALU_OUT[40]
FV_FAIL -0.035 xdma_0_axi_aclk bd_i/layer_0/inst/u_core/u_attn/g_lane[172].pv_p_reg[172]/DSP_OUTPUT_INST/ALU_OUT[41]
FV_FAIL -0.035 xdma_0_axi_aclk bd_i/layer_0/inst/u_core/u_attn/g_lane[172].pv_p_reg[172]/DSP_OUTPUT_INST/ALU_OUT[42]
FV_FAIL -0.035 xdma_0_axi_aclk bd_i/layer_0/inst/u_core/u_attn/g_lane[172].pv_p_reg[172]/DSP_OUTPUT_INST/ALU_OUT[43]
FV_FAIL -0.035 xdma_0_axi_aclk bd_i/layer_0/inst/u_core/u_attn/g_lane[172].pv_p_reg[172]/DSP_OUTPUT_INST/ALU_OUT[44]
FV_FAIL -0.035 xdma_0_axi_aclk bd_i/layer_0/inst/u_core/u_attn/g_lane[172].pv_p_reg[172]/DSP_OUTPUT_INST/ALU_OUT[45]
FV_FAIL -0.035 xdma_0_axi_aclk bd_i/layer_0/inst/u_core/u_attn/g_lane[172].pv_p_reg[172]/DSP_OUTPUT_INST/ALU_OUT[46]
FV_FAIL -0.035 xdma_0_axi_aclk bd_i/layer_0/inst/u_core/u_attn/g_lane[172].pv_p_reg[172]/DSP_OUTPUT_INST/ALU_OUT[47]
FV_FAIL -0.035 xdma_0_axi_aclk bd_i/layer_0/inst/u_core/u_attn/g_lane[172].pv_p_reg[172]/DSP_OUTPUT_INST/ALU_OUT[4]
FV_FAIL -0.035 xdma_0_axi_aclk bd_i/layer_0/inst/u_core/u_attn/g_lane[172].pv_p_reg[172]/DSP_OUTPUT_INST/ALU_OUT[5]
FV_FAIL -0.035 xdma_0_axi_aclk bd_i/layer_0/inst/u_core/u_attn/g_lane[172].pv_p_reg[172]/DSP_OUTPUT_INST/ALU_OUT[6]
FV_FAIL -0.035 xdma_0_axi_aclk bd_i/layer_0/inst/u_core/u_attn/g_lane[172].pv_p_reg[172]/DSP_OUTPUT_INST/ALU_OUT[7]
FV_FAIL -0.035 xdma_0_axi_aclk bd_i/layer_0/inst/u_core/u_attn/g_lane[172].pv_p_reg[172]/DSP_OUTPUT_INST/ALU_OUT[8]
FV_FAIL -0.035 xdma_0_axi_aclk bd_i/layer_0/inst/u_core/u_attn/g_lane[172].pv_p_reg[172]/DSP_OUTPUT_INST/ALU_OUT[9]
FV_FAIL -0.035 xdma_0_axi_aclk bd_i/layer_0/inst/u_core/tcnt_bank_reg[1][2][11]/D
FV_FAIL -0.035 xdma_0_axi_aclk bd_i/layer_0/inst/u_core/u_attn/g_lane[199].pv_abs_reg[199][9]/D
FV_FAIL -0.035 xdma_0_axi_aclk bd_i/layer_0/inst/u_core/u_dn/g_lane[98].o_acc_reg[98]/DSP_A_B_DATA_INST/B[10]
FV_FAIL -0.035 xdma_0_axi_aclk bd_i/layer_0/inst/u_core/u_dn/g_lane[42].sf_row_reg[42][10]/R
FV_FAIL -0.035 xdma_0_axi_aclk bd_i/layer_0/inst/u_core/u_dn/g_lane[42].sf_row_reg[42][11]/R
FV_FAIL -0.035 xdma_0_axi_aclk bd_i/layer_0/inst/u_core/u_dn/g_lane[42].sf_row_reg[42][4]/R
FV_FAIL -0.035 xdma_0_axi_aclk bd_i/layer_0/inst/u_core/u_dn/g_lane[42].sf_row_reg[42][5]/R
FV_FAIL -0.035 xdma_0_axi_aclk bd_i/layer_0/inst/u_core/u_dn/vdata_q_reg[4]_rep__3_replica_4/D
FV_FAIL -0.035 xdma_0_axi_aclk bd_i/layer_0/inst/u_core/u_dn/p_1_out__9__3/DSP_A_B_DATA_INST/A[19]
FV_FAIL -0.035 xdma_0_axi_aclk bd_i/layer_0/inst/u_core/u_dn/p_0_out__14__5/DSP_A_B_DATA_INST/B[1]
FV_FAIL -0.035 xdma_0_axi_aclk bd_i/layer_0/inst/u_core/u_attn/g_lane[96].pv_p_reg[96]/DSP_A_B_DATA_INST/A[17]
FV_FAIL -0.035 xdma_0_axi_aclk bd_i/layer_0/inst/u_core/u_dn/p_1_out__6__14/DSP_A_B_DATA_INST/B[7]
FV_FAIL -0.034 xdma_0_axi_aclk bd_i/layer_0/inst/u_core/u_dma/fmem_reg_0_255_69_69/DP.D/I
FV_FAIL -0.034 xdma_0_axi_aclk bd_i/layer_0/inst/u_core/u_dma/fmem_reg_0_255_271_271/DP.B/I
FV_FAIL -0.034 xdma_0_axi_aclk bd_i/layer_0/inst/u_core/u_dma/slot_wdata_reg[703]/CE
FV_FAIL -0.034 xdma_0_axi_aclk bd_i/layer_0/inst/u_core/u_dn/p_0_out__11__5/DSP_A_B_DATA_INST/B[3]
FV_FAIL -0.034 xdma_0_axi_aclk bd_i/layer_0/inst/u_core/u_alu/r_res_reg[53]/D
FV_FAIL -0.034 xdma_0_axi_aclk bd_i/layer_0/inst/u_core/u_alu/r_res_reg[60]/D
FV_FAIL -0.034 xdma_0_axi_aclk bd_i/layer_0/inst/u_core/u_dma/fmem_reg_0_255_208_208/SP.C/I
FV_FAIL -0.034 xdma_0_axi_aclk bd_i/layer_0/inst/u_core/u_dma/fmem_reg_0_255_70_70/DP.B/I
FV_FAIL -0.034 xdma_0_axi_aclk bd_i/layer_0/inst/u_core/g_kvslot[0].mem_reg_uram_7/CAS_IN_DIN_B[63]
FV_FAIL -0.034 xdma_0_axi_aclk bd_i/layer_0/inst/u_core/u_dn/g_lane[61].p2_p_reg[61]/DSP_A_B_DATA_INST/B[2]
FV_FAIL -0.034 xdma_0_axi_aclk bd_i/layer_0/inst/u_core/u_attn/g_lane[26].prod_reg[26]/DSP_A_B_DATA_INST/B[14]
FV_FAIL -0.034 xdma_0_axi_aclk bd_i/layer_0/inst/u_core/u_dn/g_lane[32].p2_p_reg[32]/DSP_A_B_DATA_INST/B[13]
FV_FAIL -0.034 xdma_0_axi_aclk bd_i/layer_0/inst/u_core/u_dn/g_lane[2].dm_p_reg[2]/DSP_PREADD_DATA_INST/DIN[10]
FV_FAIL -0.034 xdma_0_axi_aclk bd_i/layer_0/inst/u_core/u_attn/g_lane[253].prod_reg[253]/DSP_A_B_DATA_INST/B[16]
FV_FAIL -0.034 xdma_0_axi_aclk bd_i/layer_0/inst/u_core/u_attn/g_lane[83].prod_reg[83]/DSP_A_B_DATA_INST/B[12]
FV_FAIL -0.034 xdma_0_axi_aclk bd_i/layer_0/inst/u_core/u_attn/g_lane[189].pv_p_reg[189]_i_6_psdsp_1/D
FV_FAIL -0.034 xdma_0_axi_aclk bd_i/layer_0/inst/u_core/u_dn/g_lane[102].kvm_acc_reg[102]/DSP_A_B_DATA_INST/A[18]
FV_FAIL -0.034 xdma_0_axi_aclk bd_i/axi_smc/inst/s02_nodes/s02_w_node/inst/inst_mi_handler/gen_normal_area.inst_fifo_node_payld/gen_xpm_memory_fifo.inst_fifo/gen_mem_rep[0].inst_xpm_memory/xpm_memory_base_inst/gen_rd_b.gen_rd_b_synth_template.gen_rf_narrow_reg.doutb_reg_reg[134]/CE
FV_FAIL -0.034 xdma_0_axi_aclk bd_i/axi_smc/inst/s02_nodes/s02_w_node/inst/inst_mi_handler/gen_normal_area.inst_fifo_node_payld/gen_xpm_memory_fifo.inst_fifo/gen_mem_rep[0].inst_xpm_memory/xpm_memory_base_inst/gen_rd_b.gen_rd_b_synth_template.gen_rf_narrow_reg.doutb_reg_reg[136]/CE
FV_FAIL -0.034 xdma_0_axi_aclk bd_i/axi_smc/inst/s02_nodes/s02_w_node/inst/inst_mi_handler/gen_normal_area.inst_fifo_node_payld/gen_xpm_memory_fifo.inst_fifo/gen_mem_rep[0].inst_xpm_memory/xpm_memory_base_inst/gen_rd_b.gen_rd_b_synth_template.gen_rf_narrow_reg.doutb_reg_reg[138]/CE
FV_FAIL -0.034 xdma_0_axi_aclk bd_i/layer_0/inst/u_core/u_alu/r_res_reg[57]/D
FV_FAIL -0.034 xdma_0_axi_aclk bd_i/layer_0/inst/u_core/u_attn/g_lane[89].pv_p_reg[89]/DSP_A_B_DATA_INST/A[10]
FV_FAIL -0.034 xdma_0_axi_aclk bd_i/layer_0/inst/u_core/u_dn/g_lane[61].dec_p_reg[61]/DSP_A_B_DATA_INST/A[21]
FV_FAIL -0.034 xdma_0_axi_aclk bd_i/layer_0/inst/u_core/u_dn/p_1_out__5__17/DSP_A_B_DATA_INST/A[14]
FV_FAIL -0.034 xdma_0_axi_aclk bd_i/layer_0/inst/u_core/u_attn/g_lane[125].pv_p_reg[125]/DSP_A_B_DATA_INST/A[8]
FV_FAIL -0.034 xdma_0_axi_aclk bd_i/layer_0/inst/u_core/u_dma/fmem_reg_0_255_178_178/DP.D/I
FV_FAIL -0.034 xdma_0_axi_aclk bd_i/layer_0/inst/u_core/u_dn/p_1_out__5__10/DSP_A_B_DATA_INST/A[21]
FV_FAIL -0.034 xdma_0_axi_aclk bd_i/layer_0/inst/u_core/u_dn/g_lane[94].kvm_acc_reg[94]/DSP_A_B_DATA_INST/B[11]
FV_FAIL -0.034 xdma_0_axi_aclk bd_i/layer_0/inst/u_core/u_dma/fmem_reg_0_255_492_492/DP.A/I
FV_FAIL -0.034 xdma_0_axi_aclk bd_i/layer_0/inst/u_core/u_dn/p_1_out__26/DSP_A_B_DATA_INST/A[0]
FV_FAIL -0.033 xdma_0_axi_aclk bd_i/mvchan_3/inst/u_chan/csr_static_wbase_reg[16]/R
FV_FAIL -0.033 xdma_0_axi_aclk bd_i/mvchan_3/inst/u_chan/csr_static_wbase_reg[18]/R
FV_FAIL -0.033 xdma_0_axi_aclk bd_i/mvchan_3/inst/u_chan/csr_static_wbase_reg[19]/R
FV_FAIL -0.033 xdma_0_axi_aclk bd_i/mvchan_3/inst/u_chan/csr_static_wbase_reg[29]/R
FV_FAIL -0.033 xdma_0_axi_aclk bd_i/mvchan_3/inst/u_chan/ws_d_reg[17]/R
FV_FAIL -0.033 xdma_0_axi_aclk bd_i/mvchan_3/inst/u_chan/ws_d_reg[18]/R
FV_FAIL -0.033 xdma_0_axi_aclk bd_i/mvchan_3/inst/u_chan/ws_d_reg[19]/R
FV_FAIL -0.033 xdma_0_axi_aclk bd_i/mvchan_3/inst/u_chan/ws_d_reg[20]/R
FV_FAIL -0.033 xdma_0_axi_aclk bd_i/layer_0/inst/u_core/u_dn/g_lane[92].kvm_acc_reg[92]/DSP_A_B_DATA_INST/B[3]
FV_FAIL -0.033 xdma_0_axi_aclk bd_i/layer_0/inst/u_core/u_dn/p_1_out__6__14/DSP_A_B_DATA_INST/B[5]
FV_FAIL -0.033 xdma_0_axi_aclk bd_i/layer_0/inst/u_core/u_dn/p_0_out__9__9/DSP_A_B_DATA_INST/B[9]
FV_FAIL -0.033 xdma_0_axi_aclk bd_i/layer_0/inst/u_core/u_dn/g_lane[61].dec_p_reg[61]/DSP_A_B_DATA_INST/A[28]
FV_FAIL -0.033 xdma_0_axi_aclk bd_i/layer_0/inst/u_core/u_dn/p_0_out__6__12/DSP_A_B_DATA_INST/A[16]
FV_FAIL -0.033 xdma_0_axi_aclk bd_i/layer_0/inst/u_core/at_qdata_reg[11]_rep__4/D
FV_FAIL -0.033 xdma_0_axi_aclk bd_i/layer_0/inst/u_core/f_skd_reg[8]/D
FV_FAIL -0.033 xdma_0_axi_aclk bd_i/layer_0/inst/u_core/dma_slot_reg_replica_23/CE
FV_FAIL -0.033 xdma_0_axi_aclk bd_i/layer_0/inst/u_core/u_dma/fmem_reg_0_255_36_36/SP.C/I
FV_FAIL -0.033 xdma_0_axi_aclk bd_i/layer_0/inst/u_core/u_dn/g_lane[11].dec_p_reg[11]/DSP_A_B_DATA_INST/A[7]
FV_FAIL -0.033 xdma_0_axi_aclk bd_i/layer_0/inst/u_core/u_dma/fmem_reg_0_255_134_134/SP.C/I
FV_FAIL -0.033 xdma_0_axi_aclk bd_i/layer_0/inst/u_core/u_dn/g_lane[46].kvm_acc_reg[46]/DSP_A_B_DATA_INST/B[8]
FV_FAIL -0.033 xdma_0_axi_aclk bd_i/layer_0/inst/u_core/u_dn/g_lane[3].dm_p_reg[3]/DSP_PREADD_DATA_INST/DIN[16]
FV_FAIL -0.033 xdma_0_axi_aclk bd_i/layer_0/inst/u_core/u_dma/fmem_reg_0_255_218_218/DP.D/I
FV_FAIL -0.032 xdma_0_axi_aclk bd_i/layer_0/inst/u_core/g_kvslot[1].mem_reg_uram_7/CAS_IN_DIN_B[0]
FV_FAIL -0.032 xdma_0_axi_aclk bd_i/layer_0/inst/u_core/u_attn/g_lane[195].pv_abs_reg[195][22]/D
FV_FAIL -0.032 xdma_0_axi_aclk bd_i/layer_0/inst/u_core/u_dn/g_lane[124].kvm_acc_reg[124]/DSP_A_B_DATA_INST/B[0]
FV_FAIL -0.032 xdma_0_axi_aclk bd_i/layer_0/inst/u_core/u_dma/fmem_reg_0_255_329_329/DP.B/I
FV_FAIL -0.032 xdma_0_axi_aclk bd_i/layer_0/inst/u_core/u_dn/p_1_out__4__15/DSP_A_B_DATA_INST/A[26]
FV_FAIL -0.032 xdma_0_axi_aclk bd_i/layer_0/inst/u_core/g_kvslot[1].mem_reg_uram_27/CAS_IN_BWE_B[4]
FV_FAIL -0.032 xdma_0_axi_aclk bd_i/layer_0/inst/u_core/u_attn/g_lane[11].pv_p_reg[11]/DSP_A_B_DATA_INST/A[20]
FV_FAIL -0.032 xdma_0_axi_aclk bd_i/layer_0/inst/u_core/g_dnslot[1].mem_reg_uram_1/ADDR_A[10]
FV_FAIL -0.032 xdma_0_axi_aclk bd_i/layer_0/inst/u_core/smem_b_reg_bram_9/ADDRBWRADDR[6]
FV_FAIL -0.032 xdma_0_axi_aclk bd_i/layer_0/inst/u_core/u_attn/g_lane[210].pv_p_reg[210]/DSP_A_B_DATA_INST/A[14]
FV_FAIL -0.032 xdma_0_axi_aclk bd_i/layer_0/inst/u_core/u_attn/g_lane[195].pv_abs_reg[195][25]/D
FV_FAIL -0.032 xdma_0_axi_aclk bd_i/layer_0/inst/u_core/u_dn/g_lane[61].dec_p_reg[61]/DSP_A_B_DATA_INST/A[15]
FV_FAIL -0.032 xdma_0_axi_aclk bd_i/layer_0/inst/u_core/u_attn/g_lane[79].prod_reg[79]/DSP_A_B_DATA_INST/B[10]
FV_FAIL -0.032 xdma_0_axi_aclk bd_i/axi_smc/inst/s02_nodes/s02_w_node/inst/inst_mi_handler/gen_normal_area.inst_fifo_node_payld/gen_xpm_memory_fifo.inst_fifo/gen_mem_rep[0].inst_xpm_memory/xpm_memory_base_inst/gen_rd_b.gen_rd_b_synth_template.gen_rf_narrow_reg.doutb_reg_reg[135]/CE
FV_FAIL -0.032 xdma_0_axi_aclk bd_i/axi_smc/inst/s02_nodes/s02_w_node/inst/inst_mi_handler/gen_normal_area.inst_fifo_node_payld/gen_xpm_memory_fifo.inst_fifo/gen_mem_rep[0].inst_xpm_memory/xpm_memory_base_inst/gen_rd_b.gen_rd_b_synth_template.gen_rf_narrow_reg.doutb_reg_reg[137]/CE
FV_FAIL -0.032 xdma_0_axi_aclk bd_i/axi_smc/inst/s02_nodes/s02_w_node/inst/inst_mi_handler/gen_normal_area.inst_fifo_node_payld/gen_xpm_memory_fifo.inst_fifo/gen_mem_rep[0].inst_xpm_memory/xpm_memory_base_inst/gen_rd_b.gen_rd_b_synth_template.gen_rf_narrow_reg.doutb_reg_reg[139]/CE
FV_FAIL -0.032 xdma_0_axi_aclk bd_i/layer_0/inst/u_core/u_dma/fmem_reg_0_255_36_36/DP.D/I
FV_FAIL -0.032 xdma_0_axi_aclk bd_i/layer_0/inst/u_core/u_attn/g_lane[92].pv_p_reg[92]/DSP_A_B_DATA_INST/A[0]
FV_FAIL -0.032 xdma_0_axi_aclk bd_i/layer_0/inst/u_core/u_dn/vdata_q_reg[12]_rep__2_replica_2/D
FV_FAIL -0.032 xdma_0_axi_aclk bd_i/layer_0/inst/u_core/u_dn/g_lane[91].kvm_acc_reg[91]/DSP_A_B_DATA_INST/B[7]
FV_FAIL -0.032 xdma_0_axi_aclk bd_i/layer_0/inst/u_core/krow_reg[1540]/D
FV_FAIL -0.032 xdma_0_axi_aclk bd_i/layer_0/inst/u_core/smem_b_reg_bram_0/ADDRARDADDR[10]
FV_FAIL -0.031 xdma_0_axi_aclk bd_i/layer_0/inst/u_core/u_attn/g_lane[195].pv_abs_reg[195][20]/D
FV_FAIL -0.031 xdma_0_axi_aclk bd_i/layer_0/inst/u_core/g_kvslot[1].mem_reg_uram_43/CAS_IN_DIN_B[71]
FV_FAIL -0.031 xdma_0_axi_aclk bd_i/layer_0/inst/u_core/u_dma/fmem_reg_0_255_271_271/DP.C/I
FV_FAIL -0.031 xdma_0_axi_aclk bd_i/layer_0/inst/u_core/u_dma/fmem_reg_0_255_430_430/SP.C/I
FV_FAIL -0.031 xdma_0_axi_aclk bd_i/layer_0/inst/u_core/u_dn/g_lane[102].kvm_acc_reg[102]/DSP_A_B_DATA_INST/A[25]
FV_FAIL -0.031 xdma_0_axi_aclk bd_i/layer_0/inst/u_core/u_dn/g_lane[22].kvm_acc_reg[22]/DSP_A_B_DATA_INST/B[1]
FV_FAIL -0.031 xdma_0_axi_aclk bd_i/layer_0/inst/u_core/u_dma/fmem_reg_0_255_208_208/SP.B/I
FV_FAIL -0.031 xdma_0_axi_aclk bd_i/layer_0/inst/u_core/u_dma/fmem_reg_0_255_70_70/DP.C/I
FV_FAIL -0.031 xdma_0_axi_aclk bd_i/layer_0/inst/u_core/u_dma/fmem_reg_0_255_469_469/DP.A/I
FV_FAIL -0.031 xdma_0_axi_aclk bd_i/layer_0/inst/u_core/at_qdata_reg[6]_rep__12/D
FV_FAIL -0.031 xdma_0_axi_aclk bd_i/layer_0/inst/u_core/u_dn/p_0_out__10/DSP_PREADD_DATA_INST/DIN[0]
FV_FAIL -0.031 xdma_0_axi_aclk bd_i/layer_0/inst/u_core/krow_reg[1239]/D
FV_FAIL -0.031 xdma_0_axi_aclk bd_i/layer_0/inst/u_core/u_attn/g_lane[60].prod_reg[60]/DSP_A_B_DATA_INST/B[4]
FV_FAIL -0.031 xdma_0_axi_aclk bd_i/layer_0/inst/u_core/u_attn/g_lane[228].prod_reg[228]/DSP_A_B_DATA_INST/B[14]
FV_FAIL -0.031 xdma_0_axi_aclk bd_i/layer_0/inst/u_core/u_attn/g_lane[228].prod_reg[228]/DSP_A_B_DATA_INST/B[15]
FV_FAIL -0.031 xdma_0_axi_aclk bd_i/layer_0/inst/u_core/g_kvslot[0].mem_reg_uram_19/CAS_IN_ADDR_A[4]
FV_FAIL -0.031 xdma_0_axi_aclk bd_i/layer_0/inst/u_core/at_qdata_reg[1]_rep__6/D
FV_FAIL -0.031 xdma_0_axi_aclk bd_i/layer_0/inst/u_core/cw_wd_reg[30]/CE
FV_FAIL -0.031 xdma_0_axi_aclk bd_i/layer_0/inst/u_core/u_dn/p_0_out__0__16/DSP_A_B_DATA_INST/A[29]
FV_FAIL -0.031 xdma_0_axi_aclk bd_i/layer_0/inst/u_core/u_dma/fmem_reg_0_255_358_358/SP.D/I
FV_FAIL -0.031 xdma_0_axi_aclk bd_i/layer_0/inst/u_core/u_dma/fmem_reg_0_255_358_358/SP.A/I
FV_FAIL -0.030 xdma_0_axi_aclk bd_i/layer_0/inst/u_core/u_attn/g_lane[208].pv_p_reg[208]/DSP_A_B_DATA_INST/A[1]
FV_FAIL -0.030 xdma_0_axi_aclk bd_i/layer_0/inst/u_core/u_dn/g_lane[21].p2_p_reg[21]/DSP_A_B_DATA_INST/B[9]
FV_FAIL -0.030 xdma_0_axi_aclk bd_i/layer_0/inst/u_core/u_dn/p_0_out__2__1/DSP_A_B_DATA_INST/B[1]
FV_FAIL -0.030 xdma_0_axi_aclk bd_i/layer_0/inst/u_core/u_attn/g_lane[148].prod_reg[148]/DSP_A_B_DATA_INST/CEA2
FV_FAIL -0.030 xdma_0_axi_aclk bd_i/layer_0/inst/u_core/u_attn/g_lane[98].pv_p_reg[98]/DSP_A_B_DATA_INST/A[0]
FV_FAIL -0.030 xdma_0_axi_aclk bd_i/layer_0/inst/u_core/u_attn/g_lane[27].pv_p_reg[27]/DSP_A_B_DATA_INST/A[15]
FV_FAIL -0.030 xdma_0_axi_aclk bd_i/layer_0/inst/u_core/u_dn/p_0_out__17__4/DSP_A_B_DATA_INST/B[15]
FV_FAIL -0.030 xdma_0_axi_aclk bd_i/layer_0/inst/u_core/rp_sdata_reg[6]/D
FV_FAIL -0.030 xdma_0_axi_aclk bd_i/layer_0/inst/u_core/u_dn/g_lane[61].kvm_acc_reg[61]/DSP_A_B_DATA_INST/B[7]
FV_FAIL -0.030 xdma_0_axi_aclk bd_i/layer_0/inst/u_core/u_dn/vdata_q_reg[16]_rep__1_replica_5/D
FV_FAIL -0.030 xdma_0_axi_aclk bd_i/layer_0/inst/u_core/u_dma/fmem_reg_0_255_162_162/SP.C/I
FV_FAIL -0.030 xdma_0_axi_aclk bd_i/layer_0/inst/u_core/smem_b_reg_bram_1/ADDRBWRADDR[8]
FV_FAIL -0.030 xdma_0_axi_aclk bd_i/layer_0/inst/u_core/u_dn/p_1_out__4__9/DSP_A_B_DATA_INST/A[20]
FV_FAIL -0.030 xdma_0_axi_aclk bd_i/layer_0/inst/u_core/u_dma/fmem_reg_0_255_36_36/SP.B/I
FV_FAIL -0.030 xdma_0_axi_aclk bd_i/layer_0/inst/u_core/u_dma/fmem_reg_0_255_134_134/SP.B/I
FV_FAIL -0.030 xdma_0_axi_aclk bd_i/layer_0/inst/u_core/u_dn/g_lane[76].o_acc_reg[76]/DSP_A_B_DATA_INST/B[4]
FV_FAIL -0.030 xdma_0_axi_aclk bd_i/layer_0/inst/u_core/at_qdata_reg[4]_rep__10/D
FV_FAIL -0.030 xdma_0_axi_aclk bd_i/layer_0/inst/u_core/u_dn/g_lane[37].kvm_acc_reg[37]/DSP_A_B_DATA_INST/A[21]
FV_FAIL -0.030 xdma_0_axi_aclk bd_i/layer_0/inst/u_core/tcnt_bank_reg[7][0][12]/D
FV_FAIL -0.030 xdma_0_axi_aclk bd_i/layer_0/inst/u_core/u_dn/g_lane[58].dec_p_reg[58]/DSP_A_B_DATA_INST/A[17]
FV_FAIL -0.030 xdma_0_axi_aclk bd_i/layer_0/inst/u_core/g_kvslot[0].mem_reg_uram_31/CAS_IN_DIN_B[62]
FV_FAIL -0.030 xdma_0_axi_aclk bd_i/layer_0/inst/u_core/u_dn/p_1_out__22__7/DSP_PREADD_DATA_INST/DIN[17]
FV_FAIL -0.030 xdma_0_axi_aclk bd_i/layer_0/inst/u_core/u_dma/fmem_reg_0_255_328_328/SP.A/I
FV_FAIL -0.029 xdma_0_axi_aclk bd_i/layer_0/inst/u_core/u_attn/mul_p00__0/DSP_A_B_DATA_INST/A[3]
FV_FAIL -0.029 xdma_0_axi_aclk bd_i/axi_smc/inst/s00_entry_pipeline/s00_mmu/inst/r_sreg/m_vector_i_reg[1161]/D
FV_FAIL -0.029 xdma_0_axi_aclk bd_i/layer_0/inst/u_core/cs_wd_reg[44]/D
FV_FAIL -0.029 xdma_0_axi_aclk bd_i/layer_0/inst/u_core/at_qdata_reg[5]/D
FV_FAIL -0.029 xdma_0_axi_aclk bd_i/layer_0/inst/u_core/u_dma/fmem_reg_0_255_290_290/DP.A/I
FV_FAIL -0.029 xdma_0_axi_aclk bd_i/layer_0/inst/u_core/u_dma/fmem_reg_0_255_329_329/DP.C/I
FV_FAIL -0.029 xdma_0_axi_aclk bd_i/layer_0/inst/u_core/u_attn/g_lane[98].pv_p_reg[98]/DSP_A_B_DATA_INST/A[8]
FV_FAIL -0.029 xdma_0_axi_aclk bd_i/layer_0/inst/u_core/u_attn/g_lane[148].pv_p_reg[148]/DSP_A_B_DATA_INST/A[3]
FV_FAIL -0.029 xdma_0_axi_aclk bd_i/layer_0/inst/u_core/u_attn/g_lane[92].pv_p_reg[92]/DSP_A_B_DATA_INST/A[22]
FV_FAIL -0.029 xdma_0_axi_aclk bd_i/layer_0/inst/u_core/u_dn/g_lane[76].kvm_acc_reg[76]/DSP_A_B_DATA_INST/CEB2
FV_FAIL -0.029 xdma_0_axi_aclk bd_i/layer_0/inst/u_core/u_attn/o_g4_reg[3][21]/D
FV_FAIL -0.029 xdma_0_axi_aclk bd_i/layer_0/inst/u_core/u_attn/oi_reg[3]/CE
FV_FAIL -0.029 xdma_0_axi_aclk bd_i/layer_0/inst/u_core/u_attn/g_lane[36].pv_p_reg[36]/DSP_OUTPUT_INST/ALU_OUT[10]
FV_FAIL -0.029 xdma_0_axi_aclk bd_i/layer_0/inst/u_core/u_attn/g_lane[36].pv_p_reg[36]/DSP_OUTPUT_INST/ALU_OUT[11]
FV_FAIL -0.029 xdma_0_axi_aclk bd_i/layer_0/inst/u_core/u_attn/g_lane[36].pv_p_reg[36]/DSP_OUTPUT_INST/ALU_OUT[12]
FV_FAIL -0.029 xdma_0_axi_aclk bd_i/layer_0/inst/u_core/u_attn/g_lane[36].pv_p_reg[36]/DSP_OUTPUT_INST/ALU_OUT[13]
FV_FAIL -0.029 xdma_0_axi_aclk bd_i/layer_0/inst/u_core/u_attn/g_lane[36].pv_p_reg[36]/DSP_OUTPUT_INST/ALU_OUT[14]
FV_FAIL -0.029 xdma_0_axi_aclk bd_i/layer_0/inst/u_core/u_attn/g_lane[36].pv_p_reg[36]/DSP_OUTPUT_INST/ALU_OUT[15]
FV_FAIL -0.029 xdma_0_axi_aclk bd_i/layer_0/inst/u_core/u_attn/g_lane[36].pv_p_reg[36]/DSP_OUTPUT_INST/ALU_OUT[16]
FV_FAIL -0.029 xdma_0_axi_aclk bd_i/layer_0/inst/u_core/u_attn/g_lane[36].pv_p_reg[36]/DSP_OUTPUT_INST/ALU_OUT[17]
FV_FAIL -0.029 xdma_0_axi_aclk bd_i/layer_0/inst/u_core/u_attn/g_lane[36].pv_p_reg[36]/DSP_OUTPUT_INST/ALU_OUT[18]
FV_FAIL -0.029 xdma_0_axi_aclk bd_i/layer_0/inst/u_core/u_attn/g_lane[36].pv_p_reg[36]/DSP_OUTPUT_INST/ALU_OUT[19]
FV_FAIL -0.029 xdma_0_axi_aclk bd_i/layer_0/inst/u_core/u_attn/g_lane[36].pv_p_reg[36]/DSP_OUTPUT_INST/ALU_OUT[20]
FV_FAIL -0.029 xdma_0_axi_aclk bd_i/layer_0/inst/u_core/u_attn/g_lane[36].pv_p_reg[36]/DSP_OUTPUT_INST/ALU_OUT[21]
FV_FAIL -0.029 xdma_0_axi_aclk bd_i/layer_0/inst/u_core/u_attn/g_lane[36].pv_p_reg[36]/DSP_OUTPUT_INST/ALU_OUT[22]
FV_FAIL -0.029 xdma_0_axi_aclk bd_i/layer_0/inst/u_core/u_attn/g_lane[36].pv_p_reg[36]/DSP_OUTPUT_INST/ALU_OUT[23]
FV_FAIL -0.029 xdma_0_axi_aclk bd_i/layer_0/inst/u_core/u_attn/g_lane[36].pv_p_reg[36]/DSP_OUTPUT_INST/ALU_OUT[24]
FV_FAIL -0.029 xdma_0_axi_aclk bd_i/layer_0/inst/u_core/u_attn/g_lane[36].pv_p_reg[36]/DSP_OUTPUT_INST/ALU_OUT[25]
FV_FAIL -0.029 xdma_0_axi_aclk bd_i/layer_0/inst/u_core/u_attn/g_lane[36].pv_p_reg[36]/DSP_OUTPUT_INST/ALU_OUT[26]
FV_FAIL -0.029 xdma_0_axi_aclk bd_i/layer_0/inst/u_core/u_attn/g_lane[36].pv_p_reg[36]/DSP_OUTPUT_INST/ALU_OUT[27]
FV_FAIL -0.029 xdma_0_axi_aclk bd_i/layer_0/inst/u_core/u_attn/g_lane[36].pv_p_reg[36]/DSP_OUTPUT_INST/ALU_OUT[28]
FV_FAIL -0.029 xdma_0_axi_aclk bd_i/layer_0/inst/u_core/u_attn/g_lane[36].pv_p_reg[36]/DSP_OUTPUT_INST/ALU_OUT[29]
FV_FAIL -0.029 xdma_0_axi_aclk bd_i/layer_0/inst/u_core/u_attn/g_lane[36].pv_p_reg[36]/DSP_OUTPUT_INST/ALU_OUT[30]
FV_FAIL -0.029 xdma_0_axi_aclk bd_i/layer_0/inst/u_core/u_attn/g_lane[36].pv_p_reg[36]/DSP_OUTPUT_INST/ALU_OUT[31]
FV_FAIL -0.029 xdma_0_axi_aclk bd_i/layer_0/inst/u_core/u_attn/g_lane[36].pv_p_reg[36]/DSP_OUTPUT_INST/ALU_OUT[32]
FV_FAIL -0.029 xdma_0_axi_aclk bd_i/layer_0/inst/u_core/u_attn/g_lane[36].pv_p_reg[36]/DSP_OUTPUT_INST/ALU_OUT[33]
FV_FAIL -0.029 xdma_0_axi_aclk bd_i/layer_0/inst/u_core/u_attn/g_lane[36].pv_p_reg[36]/DSP_OUTPUT_INST/ALU_OUT[34]
FV_FAIL -0.029 xdma_0_axi_aclk bd_i/layer_0/inst/u_core/u_attn/g_lane[36].pv_p_reg[36]/DSP_OUTPUT_INST/ALU_OUT[35]
FV_FAIL -0.029 xdma_0_axi_aclk bd_i/layer_0/inst/u_core/u_attn/g_lane[36].pv_p_reg[36]/DSP_OUTPUT_INST/ALU_OUT[36]
FV_FAIL -0.029 xdma_0_axi_aclk bd_i/layer_0/inst/u_core/u_attn/g_lane[36].pv_p_reg[36]/DSP_OUTPUT_INST/ALU_OUT[37]
FV_FAIL -0.029 xdma_0_axi_aclk bd_i/layer_0/inst/u_core/u_attn/g_lane[36].pv_p_reg[36]/DSP_OUTPUT_INST/ALU_OUT[38]
FV_FAIL -0.029 xdma_0_axi_aclk bd_i/layer_0/inst/u_core/u_attn/g_lane[36].pv_p_reg[36]/DSP_OUTPUT_INST/ALU_OUT[39]
FV_FAIL -0.029 xdma_0_axi_aclk bd_i/layer_0/inst/u_core/u_attn/g_lane[36].pv_p_reg[36]/DSP_OUTPUT_INST/ALU_OUT[40]
FV_FAIL -0.029 xdma_0_axi_aclk bd_i/layer_0/inst/u_core/u_attn/g_lane[36].pv_p_reg[36]/DSP_OUTPUT_INST/ALU_OUT[41]
FV_FAIL -0.029 xdma_0_axi_aclk bd_i/layer_0/inst/u_core/u_attn/g_lane[36].pv_p_reg[36]/DSP_OUTPUT_INST/ALU_OUT[42]
FV_FAIL -0.029 xdma_0_axi_aclk bd_i/layer_0/inst/u_core/u_attn/g_lane[36].pv_p_reg[36]/DSP_OUTPUT_INST/ALU_OUT[43]
FV_FAIL -0.029 xdma_0_axi_aclk bd_i/layer_0/inst/u_core/u_attn/g_lane[36].pv_p_reg[36]/DSP_OUTPUT_INST/ALU_OUT[44]
FV_FAIL -0.029 xdma_0_axi_aclk bd_i/layer_0/inst/u_core/u_attn/g_lane[36].pv_p_reg[36]/DSP_OUTPUT_INST/ALU_OUT[45]
FV_FAIL -0.029 xdma_0_axi_aclk bd_i/layer_0/inst/u_core/u_attn/g_lane[36].pv_p_reg[36]/DSP_OUTPUT_INST/ALU_OUT[46]
FV_FAIL -0.029 xdma_0_axi_aclk bd_i/layer_0/inst/u_core/u_attn/g_lane[36].pv_p_reg[36]/DSP_OUTPUT_INST/ALU_OUT[47]
FV_FAIL -0.029 xdma_0_axi_aclk bd_i/layer_0/inst/u_core/u_attn/g_lane[36].pv_p_reg[36]/DSP_OUTPUT_INST/ALU_OUT[4]
FV_FAIL -0.029 xdma_0_axi_aclk bd_i/layer_0/inst/u_core/u_attn/g_lane[36].pv_p_reg[36]/DSP_OUTPUT_INST/ALU_OUT[5]
FV_FAIL -0.029 xdma_0_axi_aclk bd_i/layer_0/inst/u_core/u_attn/g_lane[36].pv_p_reg[36]/DSP_OUTPUT_INST/ALU_OUT[6]
FV_FAIL -0.029 xdma_0_axi_aclk bd_i/layer_0/inst/u_core/u_attn/g_lane[36].pv_p_reg[36]/DSP_OUTPUT_INST/ALU_OUT[7]
FV_FAIL -0.029 xdma_0_axi_aclk bd_i/layer_0/inst/u_core/u_attn/g_lane[36].pv_p_reg[36]/DSP_OUTPUT_INST/ALU_OUT[8]
FV_FAIL -0.029 xdma_0_axi_aclk bd_i/layer_0/inst/u_core/u_attn/g_lane[36].pv_p_reg[36]/DSP_OUTPUT_INST/ALU_OUT[9]
FV_FAIL -0.029 xdma_0_axi_aclk bd_i/layer_0/inst/u_core/u_dn/g_lane[70].dm_p_reg[70]/DSP_A_B_DATA_INST/A[29]
FV_FAIL -0.029 xdma_0_axi_aclk bd_i/layer_0/inst/u_core/cs_wd_reg[38]/D
FV_FAIL -0.029 xdma_0_axi_aclk bd_i/layer_0/inst/u_core/g_kvslot[1].mem_reg_uram_7/CAS_IN_BWE_B[7]
FV_FAIL -0.029 xdma_0_axi_aclk bd_i/layer_0/inst/u_core/u_dn/p_1_out__4__5/DSP_A_B_DATA_INST/B[16]
FV_FAIL -0.029 xdma_0_axi_aclk bd_i/axil_smc/inst/switchboards/i_nodes/i_aw_node/inst/inst_si_handler/gen_m_axis_arb_fifo.inst_axis_arb_fifo/gen_pipelined.mesg_reg_reg[0]/CE
FV_FAIL -0.029 xdma_0_axi_aclk bd_i/layer_0/inst/u_core/u_dma/rowbuf_reg[466]/D
FV_FAIL -0.029 xdma_0_axi_aclk bd_i/layer_0/inst/u_core/u_dn/g_lane[91].dec_p_reg[91]/DSP_A_B_DATA_INST/A[0]
FV_FAIL -0.029 xdma_0_axi_aclk bd_i/layer_0/inst/u_core/u_dn/g_lane[72].dm_p_reg[72]/DSP_A_B_DATA_INST/A[9]
FV_FAIL -0.029 xdma_0_axi_aclk bd_i/layer_0/inst/u_core/u_attn/g_lane[228].prod_reg[228]/DSP_A_B_DATA_INST/B[16]
FV_FAIL -0.029 xdma_0_axi_aclk bd_i/layer_0/inst/u_core/u_dn/p_0_out__16/DSP_PREADD_DATA_INST/DIN[2]
FV_FAIL -0.029 xdma_0_axi_aclk bd_i/layer_0/inst/u_core/u_attn/g_lane[254].prod_reg[254]/DSP_A_B_DATA_INST/B[1]
FV_FAIL -0.029 xdma_0_axi_aclk bd_i/layer_0/inst/u_core/u_dn/g_lane[65].kvm_acc_reg[65]/DSP_A_B_DATA_INST/A[29]
FV_FAIL -0.029 xdma_0_axi_aclk bd_i/layer_0/inst/u_core/u_dma/fmem_reg_0_255_128_128/DP.A/I
FV_FAIL -0.029 xdma_0_axi_aclk bd_i/layer_0/inst/u_core/u_dn/p_1_out__14__6/DSP_A_B_DATA_INST/A[8]
FV_FAIL -0.029 xdma_0_axi_aclk bd_i/layer_0/inst/u_core/u_attn/g_lane[16].prod_reg[16]/DSP_A_B_DATA_INST/B[0]
FV_FAIL -0.029 xdma_0_axi_aclk bd_i/layer_0/inst/u_core/u_attn/g_lane[102].pv_p_reg[102]/DSP_A_B_DATA_INST/A[4]
FV_FAIL -0.029 xdma_0_axi_aclk bd_i/layer_0/inst/u_core/krow_reg[1102]/D
FV_FAIL -0.029 xdma_0_axi_aclk bd_i/layer_0/inst/u_core/u_alu/cp_v32_reg[24]/D
FV_FAIL -0.029 xdma_0_axi_aclk bd_i/layer_0/inst/u_core/u_dma/fmem_reg_0_255_218_218/DP.C/I
FV_FAIL -0.029 xdma_0_axi_aclk bd_i/layer_0/inst/u_core/u_dn/p_1_out__5__10/DSP_A_B_DATA_INST/A[22]
FV_FAIL -0.029 xdma_0_axi_aclk bd_i/layer_0/inst/u_core/u_dma/fmem_reg_0_255_492_492/SP.D/I
FV_FAIL -0.028 xdma_0_axi_aclk bd_i/layer_0/inst/u_core/g_dnslot[1].mem_reg_uram_14/ADDR_B[8]
FV_FAIL -0.028 xdma_0_axi_aclk bd_i/layer_0/inst/u_core/u_attn/g_lane[92].pv_p_reg[92]/DSP_A_B_DATA_INST/A[20]
FV_FAIL -0.028 xdma_0_axi_aclk bd_i/layer_0/inst/u_core/u_dma/fmem_reg_0_255_169_169/DP.A/I
FV_FAIL -0.028 xdma_0_axi_aclk bd_i/layer_0/inst/u_core/u_dma/fmem_reg_0_255_430_430/SP.B/I
FV_FAIL -0.028 xdma_0_axi_aclk bd_i/layer_0/inst/u_core/smem_b_reg_bram_22/ADDRBWRADDR[9]
FV_FAIL -0.028 xdma_0_axi_aclk bd_i/layer_0/inst/u_core/u_dma/fmem_reg_0_255_204_204/DP.A/I
FV_FAIL -0.028 xdma_0_axi_aclk bd_i/axi_smc/inst/s02_nodes/s02_w_node/inst/inst_mi_handler/gen_normal_area.inst_fifo_node_payld/gen_xpm_memory_fifo.inst_fifo/gen_mem_rep[0].inst_xpm_memory/xpm_memory_base_inst/gen_rd_b.gen_rd_b_synth_template.gen_rf_narrow_reg.doutb_reg_reg[127]/CE
FV_FAIL -0.028 xdma_0_axi_aclk bd_i/axi_smc/inst/s02_nodes/s02_w_node/inst/inst_mi_handler/gen_normal_area.inst_fifo_node_payld/gen_xpm_memory_fifo.inst_fifo/gen_mem_rep[0].inst_xpm_memory/xpm_memory_base_inst/gen_rd_b.gen_rd_b_synth_template.gen_rf_narrow_reg.doutb_reg_reg[129]/CE
FV_FAIL -0.028 xdma_0_axi_aclk bd_i/axi_smc/inst/s02_nodes/s02_w_node/inst/inst_mi_handler/gen_normal_area.inst_fifo_node_payld/gen_xpm_memory_fifo.inst_fifo/gen_mem_rep[0].inst_xpm_memory/xpm_memory_base_inst/gen_rd_b.gen_rd_b_synth_template.gen_rf_narrow_reg.doutb_reg_reg[131]/CE
FV_FAIL -0.028 xdma_0_axi_aclk bd_i/axi_smc/inst/s02_nodes/s02_w_node/inst/inst_mi_handler/gen_normal_area.inst_fifo_node_payld/gen_xpm_memory_fifo.inst_fifo/gen_mem_rep[0].inst_xpm_memory/xpm_memory_base_inst/gen_rd_b.gen_rd_b_synth_template.gen_rf_narrow_reg.doutb_reg_reg[133]/CE
FV_FAIL -0.028 xdma_0_axi_aclk bd_i/layer_0/inst/u_core/u_attn/g_lane[27].pv_p_reg[27]/DSP_A_B_DATA_INST/A[23]
FV_FAIL -0.028 xdma_0_axi_aclk bd_i/layer_0/inst/u_core/u_attn/o_g4_reg[1][4]/D
FV_FAIL -0.028 xdma_0_axi_aclk bd_i/layer_0/inst/u_core/u_dn/g_lane[48].dec_p_reg[48]/DSP_A_B_DATA_INST/A[15]
FV_FAIL -0.028 xdma_0_axi_aclk bd_i/layer_0/inst/u_core/u_dn/p_0_out__5__9/DSP_PREADD_DATA_INST/DIN[13]
FV_FAIL -0.028 xdma_0_axi_aclk bd_i/layer_0/inst/u_core/dn_vdata_reg[4]/D
FV_FAIL -0.028 xdma_0_axi_aclk bd_i/layer_0/inst/u_core/g_kvslot[0].mem_reg_uram_33/CAS_IN_BWE_B[8]
FV_FAIL -0.028 xdma_0_axi_aclk bd_i/layer_0/inst/u_core/u_attn/g_lane[155].prod_reg[155]/DSP_A_B_DATA_INST/B[9]
FV_FAIL -0.028 xdma_0_axi_aclk bd_i/layer_0/inst/u_core/u_alu/r_res_reg[31]/D
FV_FAIL -0.028 xdma_0_axi_aclk bd_i/layer_0/inst/u_core/u_attn/g_lane[226].pv_abs_reg[226][21]/D
FV_FAIL -0.028 xdma_0_axi_aclk bd_i/layer_0/inst/u_core/u_dn/p_1_out__5__10/DSP_A_B_DATA_INST/A[25]
FV_FAIL -0.028 xdma_0_axi_aclk bd_i/layer_0/inst/u_core/u_attn/g_lane[228].prod_reg[228]/DSP_A_B_DATA_INST/B[17]
FV_FAIL -0.028 xdma_0_axi_aclk bd_i/layer_0/inst/u_core/u_attn/dot_reg[14]/D
FV_FAIL -0.028 xdma_0_axi_aclk bd_i/layer_0/inst/u_core/u_dma/slot_wdata_reg[1855]/D
FV_FAIL -0.028 xdma_0_axi_aclk bd_i/layer_0/inst/u_core/u_dn/g_lane[109].p2_p_reg[109]/DSP_A_B_DATA_INST/B[7]
FV_FAIL -0.028 xdma_0_axi_aclk bd_i/layer_0/inst/u_core/u_attn/g_lane[120].prod_reg[120]/DSP_A_B_DATA_INST/B[6]
FV_FAIL -0.028 xdma_0_axi_aclk bd_i/layer_0/inst/u_core/u_dn/p_1_out__0__6/DSP_A_B_DATA_INST/A[22]
FV_FAIL -0.028 xdma_0_axi_aclk bd_i/layer_0/inst/u_core/u_attn/g_lane[84].pv_p_reg[84]/DSP_A_B_DATA_INST/A[5]
FV_FAIL -0.028 xdma_0_axi_aclk bd_i/layer_0/inst/u_core/u_topk/ent_reg[12][26]/CE
FV_FAIL -0.028 xdma_0_axi_aclk bd_i/layer_0/inst/u_core/u_topk/ent_reg[12][37]/CE
FV_FAIL -0.028 xdma_0_axi_aclk bd_i/layer_0/inst/u_core/u_dn/g_lane[123].o_acc_reg[123]/DSP_A_B_DATA_INST/B[17]
FV_FAIL -0.028 xdma_0_axi_aclk bd_i/layer_0/inst/u_core/u_dn/p_0_out__18__1/DSP_A_B_DATA_INST/A[6]
FV_FAIL -0.027 xdma_0_axi_aclk bd_i/layer_0/inst/u_core/u_attn/g_lane[239].pv_abs_reg[239][11]/D
FV_FAIL -0.027 xdma_0_axi_aclk bd_i/layer_0/inst/u_core/u_vn/ss_acc0_i_15_replica_psdsp/D
FV_FAIL -0.027 xdma_0_axi_aclk bd_i/layer_0/inst/u_core/smem_b_reg_bram_9/ADDRBWRADDR[10]
FV_FAIL -0.027 xdma_0_axi_aclk bd_i/layer_0/inst/u_core/u_dn/g_lane[71].o_acc_reg[71]/DSP_A_B_DATA_INST/B[6]
FV_FAIL -0.027 xdma_0_axi_aclk bd_i/layer_0/inst/u_core/u_dn/p_0_out__11__5/DSP_A_B_DATA_INST/B[4]
FV_FAIL -0.027 xdma_0_axi_aclk bd_i/layer_0/inst/u_core/u_dma/fmem_reg_0_255_178_178/SP.A/I
FV_FAIL -0.027 xdma_0_axi_aclk bd_i/layer_0/inst/u_core/g_kvslot[1].mem_reg_uram_43/CAS_IN_DIN_B[69]
FV_FAIL -0.027 xdma_0_axi_aclk bd_i/layer_0/inst/u_core/u_dma/fmem_reg_0_255_5_5/DP.A/I
FV_FAIL -0.027 xdma_0_axi_aclk bd_i/layer_0/inst/u_core/u_dn/p_1_out__43/DSP_A_B_DATA_INST/B[4]
FV_FAIL -0.027 xdma_0_axi_aclk bd_i/layer_0/inst/u_core/u_dn/p_0_out__18__1/DSP_A_B_DATA_INST/A[21]
FV_FAIL -0.027 xdma_0_axi_aclk bd_i/layer_0/inst/u_core/u_topk/sel_reg[35]/D
FV_FAIL -0.027 xdma_0_axi_aclk bd_i/layer_0/inst/u_core/u_dn/p_1_out__4__15/DSP_A_B_DATA_INST/A[27]
FV_FAIL -0.027 xdma_0_axi_aclk bd_i/axi_smc/inst/s02_nodes/s02_w_node/inst/inst_mi_handler/gen_normal_area.inst_fifo_node_payld/gen_xpm_memory_fifo.inst_fifo/gen_mem_rep[0].inst_xpm_memory/xpm_memory_base_inst/gen_rd_b.gen_rd_b_synth_template.gen_rf_narrow_reg.doutb_reg_reg[126]/CE
FV_FAIL -0.027 xdma_0_axi_aclk bd_i/axi_smc/inst/s02_nodes/s02_w_node/inst/inst_mi_handler/gen_normal_area.inst_fifo_node_payld/gen_xpm_memory_fifo.inst_fifo/gen_mem_rep[0].inst_xpm_memory/xpm_memory_base_inst/gen_rd_b.gen_rd_b_synth_template.gen_rf_narrow_reg.doutb_reg_reg[128]/CE
FV_FAIL -0.027 xdma_0_axi_aclk bd_i/axi_smc/inst/s02_nodes/s02_w_node/inst/inst_mi_handler/gen_normal_area.inst_fifo_node_payld/gen_xpm_memory_fifo.inst_fifo/gen_mem_rep[0].inst_xpm_memory/xpm_memory_base_inst/gen_rd_b.gen_rd_b_synth_template.gen_rf_narrow_reg.doutb_reg_reg[130]/CE
FV_FAIL -0.027 xdma_0_axi_aclk bd_i/axi_smc/inst/s02_nodes/s02_w_node/inst/inst_mi_handler/gen_normal_area.inst_fifo_node_payld/gen_xpm_memory_fifo.inst_fifo/gen_mem_rep[0].inst_xpm_memory/xpm_memory_base_inst/gen_rd_b.gen_rd_b_synth_template.gen_rf_narrow_reg.doutb_reg_reg[132]/CE
FV_FAIL -0.027 xdma_0_axi_aclk bd_i/layer_0/inst/u_core/u_dn/p_1_out__7__2/DSP_A_B_DATA_INST/A[7]
FV_FAIL -0.027 xdma_0_axi_aclk bd_i/layer_0/inst/u_core/g_kvslot[0].mem_reg_uram_43/CAS_IN_ADDR_B[2]
FV_FAIL -0.027 xdma_0_axi_aclk bd_i/layer_0/inst/u_core/u_dn/g_lane[48].dec_p_reg[48]/DSP_A_B_DATA_INST/A[25]
FV_FAIL -0.027 xdma_0_axi_aclk bd_i/layer_0/inst/u_core/u_dn/g_lane[125].o_acc_reg[125]/DSP_A_B_DATA_INST/B[8]
FV_FAIL -0.027 xdma_0_axi_aclk bd_i/layer_0/inst/u_core/u_dn/g_lane[96].p2_p_reg[96]/DSP_A_B_DATA_INST/B[7]
FV_FAIL -0.027 xdma_0_axi_aclk bd_i/layer_0/inst/u_core/krow_reg[481]/D
FV_FAIL -0.027 xdma_0_axi_aclk bd_i/layer_0/inst/u_core/at_qdata_reg[8]/D
FV_FAIL -0.027 xdma_0_axi_aclk bd_i/layer_0/inst/u_core/u_dn/g_lane[115].p2_p_reg[115]/DSP_A_B_DATA_INST/B[1]
FV_FAIL -0.027 xdma_0_axi_aclk bd_i/layer_0/inst/u_core/u_attn/g_lane[120].prod_reg[120]/DSP_A_B_DATA_INST/CEA2
FV_FAIL -0.027 xdma_0_axi_aclk bd_i/layer_0/inst/u_core/u_alu/r_res_reg[63]/D
FV_FAIL -0.027 xdma_0_axi_aclk bd_i/layer_0/inst/u_core/u_dma/fmem_reg_0_255_162_162/SP.B/I
FV_FAIL -0.027 xdma_0_axi_aclk bd_i/layer_0/inst/u_core/u_attn/g_lane[65].pv_p_reg[65]/DSP_A_B_DATA_INST/A[23]
FV_FAIL -0.027 xdma_0_axi_aclk bd_i/layer_0/inst/u_core/u_attn/g_lane[126].pv_p_reg[126]/DSP_A_B_DATA_INST/A[24]
FV_FAIL -0.027 xdma_0_axi_aclk bd_i/layer_0/inst/u_core/kbyte_reg[6]/D
FV_FAIL -0.027 xdma_0_axi_aclk bd_i/layer_0/inst/u_core/u_dn/p_0_out__17__4/DSP_A_B_DATA_INST/B[16]
FV_FAIL -0.027 xdma_0_axi_aclk bd_i/layer_0/inst/u_core/u_attn/g_lane[228].pv_p_reg[228]/DSP_OUTPUT_INST/ALU_OUT[0]
FV_FAIL -0.027 xdma_0_axi_aclk bd_i/layer_0/inst/u_core/u_attn/g_lane[228].pv_p_reg[228]/DSP_OUTPUT_INST/ALU_OUT[10]
FV_FAIL -0.027 xdma_0_axi_aclk bd_i/layer_0/inst/u_core/u_attn/g_lane[228].pv_p_reg[228]/DSP_OUTPUT_INST/ALU_OUT[11]
FV_FAIL -0.027 xdma_0_axi_aclk bd_i/layer_0/inst/u_core/u_attn/g_lane[228].pv_p_reg[228]/DSP_OUTPUT_INST/ALU_OUT[12]
FV_FAIL -0.027 xdma_0_axi_aclk bd_i/layer_0/inst/u_core/u_attn/g_lane[228].pv_p_reg[228]/DSP_OUTPUT_INST/ALU_OUT[13]
FV_FAIL -0.027 xdma_0_axi_aclk bd_i/layer_0/inst/u_core/u_attn/g_lane[228].pv_p_reg[228]/DSP_OUTPUT_INST/ALU_OUT[14]
FV_FAIL -0.027 xdma_0_axi_aclk bd_i/layer_0/inst/u_core/u_attn/g_lane[228].pv_p_reg[228]/DSP_OUTPUT_INST/ALU_OUT[15]
FV_FAIL -0.027 xdma_0_axi_aclk bd_i/layer_0/inst/u_core/u_attn/g_lane[228].pv_p_reg[228]/DSP_OUTPUT_INST/ALU_OUT[16]
FV_FAIL -0.027 xdma_0_axi_aclk bd_i/layer_0/inst/u_core/u_attn/g_lane[228].pv_p_reg[228]/DSP_OUTPUT_INST/ALU_OUT[17]
FV_FAIL -0.027 xdma_0_axi_aclk bd_i/layer_0/inst/u_core/u_attn/g_lane[228].pv_p_reg[228]/DSP_OUTPUT_INST/ALU_OUT[18]
FV_FAIL -0.027 xdma_0_axi_aclk bd_i/layer_0/inst/u_core/u_attn/g_lane[228].pv_p_reg[228]/DSP_OUTPUT_INST/ALU_OUT[19]
FV_FAIL -0.027 xdma_0_axi_aclk bd_i/layer_0/inst/u_core/u_attn/g_lane[228].pv_p_reg[228]/DSP_OUTPUT_INST/ALU_OUT[1]
FV_FAIL -0.027 xdma_0_axi_aclk bd_i/layer_0/inst/u_core/u_attn/g_lane[228].pv_p_reg[228]/DSP_OUTPUT_INST/ALU_OUT[20]
FV_FAIL -0.027 xdma_0_axi_aclk bd_i/layer_0/inst/u_core/u_attn/g_lane[228].pv_p_reg[228]/DSP_OUTPUT_INST/ALU_OUT[21]
FV_FAIL -0.027 xdma_0_axi_aclk bd_i/layer_0/inst/u_core/u_attn/g_lane[228].pv_p_reg[228]/DSP_OUTPUT_INST/ALU_OUT[22]
FV_FAIL -0.027 xdma_0_axi_aclk bd_i/layer_0/inst/u_core/u_attn/g_lane[228].pv_p_reg[228]/DSP_OUTPUT_INST/ALU_OUT[23]
FV_FAIL -0.027 xdma_0_axi_aclk bd_i/layer_0/inst/u_core/u_attn/g_lane[228].pv_p_reg[228]/DSP_OUTPUT_INST/ALU_OUT[24]
FV_FAIL -0.027 xdma_0_axi_aclk bd_i/layer_0/inst/u_core/u_attn/g_lane[228].pv_p_reg[228]/DSP_OUTPUT_INST/ALU_OUT[25]
FV_FAIL -0.027 xdma_0_axi_aclk bd_i/layer_0/inst/u_core/u_attn/g_lane[228].pv_p_reg[228]/DSP_OUTPUT_INST/ALU_OUT[26]
FV_FAIL -0.027 xdma_0_axi_aclk bd_i/layer_0/inst/u_core/u_attn/g_lane[228].pv_p_reg[228]/DSP_OUTPUT_INST/ALU_OUT[27]
FV_FAIL -0.027 xdma_0_axi_aclk bd_i/layer_0/inst/u_core/u_attn/g_lane[228].pv_p_reg[228]/DSP_OUTPUT_INST/ALU_OUT[28]
FV_FAIL -0.027 xdma_0_axi_aclk bd_i/layer_0/inst/u_core/u_attn/g_lane[228].pv_p_reg[228]/DSP_OUTPUT_INST/ALU_OUT[29]
FV_FAIL -0.027 xdma_0_axi_aclk bd_i/layer_0/inst/u_core/u_attn/g_lane[228].pv_p_reg[228]/DSP_OUTPUT_INST/ALU_OUT[2]
FV_FAIL -0.027 xdma_0_axi_aclk bd_i/layer_0/inst/u_core/u_attn/g_lane[228].pv_p_reg[228]/DSP_OUTPUT_INST/ALU_OUT[30]
FV_FAIL -0.027 xdma_0_axi_aclk bd_i/layer_0/inst/u_core/u_attn/g_lane[228].pv_p_reg[228]/DSP_OUTPUT_INST/ALU_OUT[31]
FV_FAIL -0.027 xdma_0_axi_aclk bd_i/layer_0/inst/u_core/u_attn/g_lane[228].pv_p_reg[228]/DSP_OUTPUT_INST/ALU_OUT[32]
FV_FAIL -0.027 xdma_0_axi_aclk bd_i/layer_0/inst/u_core/u_attn/g_lane[228].pv_p_reg[228]/DSP_OUTPUT_INST/ALU_OUT[33]
FV_FAIL -0.027 xdma_0_axi_aclk bd_i/layer_0/inst/u_core/u_attn/g_lane[228].pv_p_reg[228]/DSP_OUTPUT_INST/ALU_OUT[34]
FV_FAIL -0.027 xdma_0_axi_aclk bd_i/layer_0/inst/u_core/u_attn/g_lane[228].pv_p_reg[228]/DSP_OUTPUT_INST/ALU_OUT[35]
FV_FAIL -0.027 xdma_0_axi_aclk bd_i/layer_0/inst/u_core/u_attn/g_lane[228].pv_p_reg[228]/DSP_OUTPUT_INST/ALU_OUT[36]
FV_FAIL -0.027 xdma_0_axi_aclk bd_i/layer_0/inst/u_core/u_attn/g_lane[228].pv_p_reg[228]/DSP_OUTPUT_INST/ALU_OUT[37]
FV_FAIL -0.027 xdma_0_axi_aclk bd_i/layer_0/inst/u_core/u_attn/g_lane[228].pv_p_reg[228]/DSP_OUTPUT_INST/ALU_OUT[38]
FV_FAIL -0.027 xdma_0_axi_aclk bd_i/layer_0/inst/u_core/u_attn/g_lane[228].pv_p_reg[228]/DSP_OUTPUT_INST/ALU_OUT[39]
FV_FAIL -0.027 xdma_0_axi_aclk bd_i/layer_0/inst/u_core/u_attn/g_lane[228].pv_p_reg[228]/DSP_OUTPUT_INST/ALU_OUT[3]
FV_FAIL -0.027 xdma_0_axi_aclk bd_i/layer_0/inst/u_core/u_attn/g_lane[228].pv_p_reg[228]/DSP_OUTPUT_INST/ALU_OUT[40]
FV_FAIL -0.027 xdma_0_axi_aclk bd_i/layer_0/inst/u_core/u_attn/g_lane[228].pv_p_reg[228]/DSP_OUTPUT_INST/ALU_OUT[41]
FV_FAIL -0.027 xdma_0_axi_aclk bd_i/layer_0/inst/u_core/u_attn/g_lane[228].pv_p_reg[228]/DSP_OUTPUT_INST/ALU_OUT[42]
FV_FAIL -0.027 xdma_0_axi_aclk bd_i/layer_0/inst/u_core/u_attn/g_lane[228].pv_p_reg[228]/DSP_OUTPUT_INST/ALU_OUT[43]
FV_FAIL -0.027 xdma_0_axi_aclk bd_i/layer_0/inst/u_core/u_attn/g_lane[228].pv_p_reg[228]/DSP_OUTPUT_INST/ALU_OUT[44]
FV_FAIL -0.027 xdma_0_axi_aclk bd_i/layer_0/inst/u_core/u_attn/g_lane[228].pv_p_reg[228]/DSP_OUTPUT_INST/ALU_OUT[45]
FV_FAIL -0.027 xdma_0_axi_aclk bd_i/layer_0/inst/u_core/u_attn/g_lane[228].pv_p_reg[228]/DSP_OUTPUT_INST/ALU_OUT[46]
FV_FAIL -0.027 xdma_0_axi_aclk bd_i/layer_0/inst/u_core/u_attn/g_lane[228].pv_p_reg[228]/DSP_OUTPUT_INST/ALU_OUT[47]
FV_FAIL -0.027 xdma_0_axi_aclk bd_i/layer_0/inst/u_core/u_attn/g_lane[228].pv_p_reg[228]/DSP_OUTPUT_INST/ALU_OUT[4]
FV_FAIL -0.027 xdma_0_axi_aclk bd_i/layer_0/inst/u_core/u_attn/g_lane[228].pv_p_reg[228]/DSP_OUTPUT_INST/ALU_OUT[5]
FV_FAIL -0.027 xdma_0_axi_aclk bd_i/layer_0/inst/u_core/u_attn/g_lane[228].pv_p_reg[228]/DSP_OUTPUT_INST/ALU_OUT[6]
FV_FAIL -0.027 xdma_0_axi_aclk bd_i/layer_0/inst/u_core/u_attn/g_lane[228].pv_p_reg[228]/DSP_OUTPUT_INST/ALU_OUT[7]
FV_FAIL -0.027 xdma_0_axi_aclk bd_i/layer_0/inst/u_core/u_attn/g_lane[228].pv_p_reg[228]/DSP_OUTPUT_INST/ALU_OUT[8]
FV_FAIL -0.027 xdma_0_axi_aclk bd_i/layer_0/inst/u_core/u_attn/g_lane[228].pv_p_reg[228]/DSP_OUTPUT_INST/ALU_OUT[9]
FV_FAIL -0.027 xdma_0_axi_aclk bd_i/layer_0/inst/u_core/u_dn/p_0_out__16__0/DSP_A_B_DATA_INST/B[2]
FV_FAIL -0.027 xdma_0_axi_aclk bd_i/layer_0/inst/u_core/u_dn/p_0_out__15__3/DSP_PREADD_DATA_INST/DIN[7]
FV_FAIL -0.027 xdma_0_axi_aclk bd_i/layer_0/inst/u_core/u_dma/rowbuf_reg[1222]/CE
FV_FAIL -0.027 xdma_0_axi_aclk bd_i/layer_0/inst/u_core/u_attn/o_g4_reg[1][3]/D
FV_FAIL -0.027 xdma_0_axi_aclk bd_i/layer_0/inst/u_core/u_dn/g_lane[109].p2_p_reg[109]/DSP_A_B_DATA_INST/B[11]
FV_FAIL -0.027 xdma_0_axi_aclk bd_i/layer_0/inst/u_core/u_dn/g_lane[37].kvm_acc_reg[37]/DSP_A_B_DATA_INST/A[4]
FV_FAIL -0.027 xdma_0_axi_aclk bd_i/layer_0/inst/u_core/u_attn/g_lane[226].pv_abs_reg[226][23]/D
FV_FAIL -0.027 xdma_0_axi_aclk bd_i/layer_0/inst/u_core/at_qdata_reg[2]_rep__12/D
FV_FAIL -0.027 xdma_0_axi_aclk bd_i/axi_smc/inst/s00_entry_pipeline/s00_mmu/inst/r_sreg/skid_buffer_reg[1113]/D
FV_FAIL -0.026 xdma_0_axi_aclk bd_i/layer_0/inst/u_core/u_dn/p_0_out__6__2/DSP_A_B_DATA_INST/B[7]
FV_FAIL -0.026 xdma_0_axi_aclk bd_i/layer_0/inst/u_core/u_dma/fmem_reg_0_255_489_489/DP.B/I
FV_FAIL -0.026 xdma_0_axi_aclk bd_i/layer_0/inst/u_core/u_dn/g_lane[21].p2_p_reg[21]/DSP_A_B_DATA_INST/B[12]
FV_FAIL -0.026 xdma_0_axi_aclk bd_i/layer_0/inst/u_core/u_attn/g_lane[233].pv_p_reg[233]_i_1_psdsp/D
FV_FAIL -0.026 xdma_0_axi_aclk bd_i/layer_0/inst/u_core/tmp64_reg[3]/D
FV_FAIL -0.026 xdma_0_axi_aclk bd_i/layer_0/inst/u_core/u_dn/g_lane[61].dec_p_reg[61]/DSP_A_B_DATA_INST/A[25]
FV_FAIL -0.026 xdma_0_axi_aclk bd_i/layer_0/inst/u_core/u_attn/g_lane[2].prod_reg[2]/DSP_A_B_DATA_INST/B[0]
FV_FAIL -0.026 xdma_0_axi_aclk bd_i/layer_0/inst/u_core/at_qdata_reg[14]_rep/CE
FV_FAIL -0.026 xdma_0_axi_aclk bd_i/layer_0/inst/u_core/g_kvslot[0].mem_reg_uram_31/CAS_IN_ADDR_B[5]
FV_FAIL -0.026 xdma_0_axi_aclk bd_i/layer_0/inst/u_core/u_attn/p_t_reg[8]/R
FV_FAIL -0.026 xdma_0_axi_aclk bd_i/layer_0/inst/u_core/u_attn/g_lane[91].prod_reg[91]_i_7_psdsp/D
FV_FAIL -0.026 xdma_0_axi_aclk bd_i/layer_0/inst/u_core/u_attn/g_lane[106].prod_reg[106]/DSP_A_B_DATA_INST/B[11]
FV_FAIL -0.026 xdma_0_axi_aclk bd_i/axi_smc/inst/s00_entry_pipeline/s00_mmu/inst/r_sreg/skid_buffer_reg[1193]/D
FV_FAIL -0.026 xdma_0_axi_aclk bd_i/layer_0/inst/u_core/g_kvslot[0].mem_reg_uram_13/CAS_IN_DIN_B[11]
FV_FAIL -0.026 xdma_0_axi_aclk bd_i/layer_0/inst/u_core/u_attn/g_lane[233].pv_abs_reg[233][22]/D
FV_FAIL -0.026 xdma_0_axi_aclk bd_i/layer_0/inst/u_core/u_attn/g_lane[15].prod_reg[15]/DSP_A_B_DATA_INST/B[3]
FV_FAIL -0.026 xdma_0_axi_aclk bd_i/layer_0/inst/u_core/u_dn/p_1_out__5__10/DSP_A_B_DATA_INST/A[9]
FV_FAIL -0.026 xdma_0_axi_aclk bd_i/layer_0/inst/u_core/u_attn/g_lane[232].pv_p_reg[232]/DSP_OUTPUT_INST/ALU_OUT[10]
FV_FAIL -0.026 xdma_0_axi_aclk bd_i/layer_0/inst/u_core/u_attn/g_lane[232].pv_p_reg[232]/DSP_OUTPUT_INST/ALU_OUT[11]
FV_FAIL -0.026 xdma_0_axi_aclk bd_i/layer_0/inst/u_core/u_attn/g_lane[232].pv_p_reg[232]/DSP_OUTPUT_INST/ALU_OUT[12]
FV_FAIL -0.026 xdma_0_axi_aclk bd_i/layer_0/inst/u_core/u_attn/g_lane[232].pv_p_reg[232]/DSP_OUTPUT_INST/ALU_OUT[13]
FV_FAIL -0.026 xdma_0_axi_aclk bd_i/layer_0/inst/u_core/u_attn/g_lane[232].pv_p_reg[232]/DSP_OUTPUT_INST/ALU_OUT[14]
FV_FAIL -0.026 xdma_0_axi_aclk bd_i/layer_0/inst/u_core/u_attn/g_lane[232].pv_p_reg[232]/DSP_OUTPUT_INST/ALU_OUT[15]
FV_FAIL -0.026 xdma_0_axi_aclk bd_i/layer_0/inst/u_core/u_attn/g_lane[232].pv_p_reg[232]/DSP_OUTPUT_INST/ALU_OUT[4]
FV_FAIL -0.026 xdma_0_axi_aclk bd_i/layer_0/inst/u_core/u_attn/g_lane[232].pv_p_reg[232]/DSP_OUTPUT_INST/ALU_OUT[5]
FV_FAIL -0.026 xdma_0_axi_aclk bd_i/layer_0/inst/u_core/u_attn/g_lane[232].pv_p_reg[232]/DSP_OUTPUT_INST/ALU_OUT[6]
FV_FAIL -0.026 xdma_0_axi_aclk bd_i/layer_0/inst/u_core/u_attn/g_lane[232].pv_p_reg[232]/DSP_OUTPUT_INST/ALU_OUT[7]
FV_FAIL -0.026 xdma_0_axi_aclk bd_i/layer_0/inst/u_core/u_attn/g_lane[232].pv_p_reg[232]/DSP_OUTPUT_INST/ALU_OUT[8]
FV_FAIL -0.026 xdma_0_axi_aclk bd_i/layer_0/inst/u_core/u_attn/g_lane[232].pv_p_reg[232]/DSP_OUTPUT_INST/ALU_OUT[9]
FV_FAIL -0.026 xdma_0_axi_aclk bd_i/layer_0/inst/u_core/u_dn/g_lane[18].dm_p_reg[18]/DSP_PREADD_DATA_INST/DIN[3]
FV_FAIL -0.026 xdma_0_axi_aclk bd_i/layer_0/inst/u_core/u_dn/g_lane[113].p2_p_reg[113]_i_16_psdsp/CE
FV_FAIL -0.026 xdma_0_axi_aclk bd_i/layer_0/inst/u_core/u_dn/g_lane[113].p2_p_reg[113]_i_2_psdsp/CE
FV_FAIL -0.026 xdma_0_axi_aclk bd_i/layer_0/inst/u_core/u_dn/g_lane[113].p2_p_reg[113]_i_4_psdsp/CE
FV_FAIL -0.026 xdma_0_axi_aclk bd_i/layer_0/inst/u_core/u_dn/g_lane[113].p2_p_reg[113]_i_8_psdsp/CE
FV_FAIL -0.026 xdma_0_axi_aclk bd_i/layer_0/inst/u_core/u_dn/p_1_out__20__1/DSP_A_B_DATA_INST/B[16]
FV_FAIL -0.026 xdma_0_axi_aclk bd_i/layer_0/inst/u_core/u_attn/g_lane[254].prod_reg[254]/DSP_A_B_DATA_INST/B[8]
FV_FAIL -0.025 xdma_0_axi_aclk bd_i/layer_0/inst/u_core/u_dn/p_0_out__13__7/DSP_PREADD_DATA_INST/DIN[12]
FV_FAIL -0.025 xdma_0_axi_aclk bd_i/layer_0/inst/u_core/u_dn/g_lane[13].kvm_acc_reg[13]/DSP_A_B_DATA_INST/A[25]
FV_FAIL -0.025 xdma_0_axi_aclk bd_i/layer_0/inst/u_core/u_attn/g_lane[191].pv_p_reg[191]_i_7_psdsp_1/D
FV_FAIL -0.025 xdma_0_axi_aclk bd_i/layer_0/inst/u_core/at_qdata_reg[3]_rep__2/D
FV_FAIL -0.025 xdma_0_axi_aclk bd_i/layer_0/inst/u_core/u_vn/ss_acc0_i_11_replica_psdsp/D
FV_FAIL -0.025 xdma_0_axi_aclk bd_i/mvchan_3/inst/u_chan/FSM_onehot_wstate_reg[1]/R
FV_FAIL -0.025 xdma_0_axi_aclk bd_i/mvchan_3/inst/u_chan/s_axib_bresp_reg[1]/R
FV_FAIL -0.025 xdma_0_axi_aclk bd_i/mvchan_3/inst/u_chan/ws_v_reg/R
FV_FAIL -0.025 xdma_0_axi_aclk bd_i/layer_0/inst/u_core/u_dn/g_lane[114].dec_p_reg[114]/DSP_A_B_DATA_INST/A[24]
FV_FAIL -0.025 xdma_0_axi_aclk bd_i/layer_0/inst/u_core/u_dn/vdata_q_reg[1]_rep__3_replica_1/D
FV_FAIL -0.025 xdma_0_axi_aclk bd_i/layer_0/inst/u_core/u_dn/p_1_out__21__7/DSP_PREADD_DATA_INST/DIN[18]
FV_FAIL -0.025 xdma_0_axi_aclk bd_i/layer_0/inst/u_core/u_attn/padd_q_reg[10]/R
FV_FAIL -0.025 xdma_0_axi_aclk bd_i/layer_0/inst/u_core/u_attn/padd_q_reg[3]/R
FV_FAIL -0.025 xdma_0_axi_aclk bd_i/layer_0/inst/u_core/u_attn/padd_q_reg[46]/R
FV_FAIL -0.025 xdma_0_axi_aclk bd_i/layer_0/inst/u_core/u_attn/padd_q_reg[49]/R
FV_FAIL -0.025 xdma_0_axi_aclk bd_i/layer_0/inst/u_core/u_attn/padd_q_reg[50]/R
FV_FAIL -0.025 xdma_0_axi_aclk bd_i/layer_0/inst/u_core/u_attn/padd_q_reg[54]/R
FV_FAIL -0.025 xdma_0_axi_aclk bd_i/layer_0/inst/u_core/u_attn/padd_q_reg[9]/R
FV_FAIL -0.025 xdma_0_axi_aclk bd_i/layer_0/inst/u_core/u_attn/g_lane[197].prod_reg[197]/DSP_A_B_DATA_INST/A[7]
FV_FAIL -0.025 xdma_0_axi_aclk bd_i/layer_0/inst/u_core/u_dma/fmem_reg_0_255_472_472/DP.A/I
FV_FAIL -0.025 xdma_0_axi_aclk bd_i/layer_0/inst/u_core/u_attn/g_lane[233].pv_abs_reg[233][20]/D
FV_FAIL -0.025 xdma_0_axi_aclk bd_i/layer_0/inst/u_core/u_dn/p_0_out__9__9/DSP_A_B_DATA_INST/B[3]
FV_FAIL -0.025 xdma_0_axi_aclk bd_i/layer_0/inst/u_core/u_attn/g_lane[68].pv_p_reg[68]/DSP_A_B_DATA_INST/A[3]
FV_FAIL -0.025 xdma_0_axi_aclk bd_i/layer_0/inst/u_core/u_dma/rowbuf_reg[1221]/CE
FV_FAIL -0.025 xdma_0_axi_aclk bd_i/layer_0/inst/u_core/u_attn/g_lane[168].pv_p_reg[168]/DSP_A_B_DATA_INST/A[10]
FV_FAIL -0.025 xdma_0_axi_aclk bd_i/axil_slice_4/inst/w.w_pipe/m_payload_i_reg[7]/D
FV_FAIL -0.025 xdma_0_axi_aclk bd_i/layer_0/inst/u_core/u_attn/g_lane[112].pv_p_reg[112]/DSP_A_B_DATA_INST/A[14]
FV_FAIL -0.025 xdma_0_axi_aclk bd_i/layer_0/inst/u_core/u_dn/g_lane[124].o_acc_reg[124]/DSP_A_B_DATA_INST/B[15]
FV_FAIL -0.025 xdma_0_axi_aclk bd_i/layer_0/inst/u_core/u_dn/p_1_out__17__8/DSP_A_B_DATA_INST/A[19]
FV_FAIL -0.025 xdma_0_axi_aclk bd_i/layer_0/inst/u_core/u_dn/p_1_out__24__1/DSP_A_B_DATA_INST/B[6]
FV_FAIL -0.024 xdma_0_axi_aclk bd_i/layer_0/inst/u_core/u_dn/g_lane[1].kvm_acc_reg[1]/DSP_A_B_DATA_INST/B[11]
FV_FAIL -0.024 xdma_0_axi_aclk bd_i/layer_0/inst/u_core/u_dn/g_lane[120].p2_p_reg[120]/DSP_A_B_DATA_INST/A[28]
FV_FAIL -0.024 xdma_0_axi_aclk bd_i/layer_0/inst/u_core/u_dn/g_lane[24].p2_p_reg[24]/DSP_A_B_DATA_INST/B[8]
FV_FAIL -0.024 xdma_0_axi_aclk bd_i/axi_smc/inst/s00_entry_pipeline/s00_mmu/inst/r_sreg/m_vector_i_reg[1215]/D
FV_FAIL -0.024 xdma_0_axi_aclk bd_i/layer_0/inst/u_core/u_attn/g_lane[98].pv_p_reg[98]/DSP_A_B_DATA_INST/A[21]
FV_FAIL -0.024 xdma_0_axi_aclk bd_i/layer_0/inst/u_core/g_dnslot[1].mem_reg_uram_14/ADDR_A[4]
FV_FAIL -0.024 xdma_0_axi_aclk bd_i/layer_0/inst/u_core/u_dn/g_lane[18].p2_p_reg[18]_i_16_psdsp/CE
FV_FAIL -0.024 xdma_0_axi_aclk bd_i/layer_0/inst/u_core/u_dn/g_lane[13].kvm_acc_reg[13]/DSP_A_B_DATA_INST/A[15]
FV_FAIL -0.024 xdma_0_axi_aclk bd_i/layer_0/inst/u_core/u_attn/g_lane[197].pv_abs_reg[197][19]/D
FV_FAIL -0.024 xdma_0_axi_aclk bd_i/layer_0/inst/u_core/u_dn/p_0_out__17__1/DSP_A_B_DATA_INST/B[8]
FV_FAIL -0.024 xdma_0_axi_aclk bd_i/layer_0/inst/u_core/u_attn/g_lane[11].pv_p_reg[11]/DSP_A_B_DATA_INST/A[19]
FV_FAIL -0.024 xdma_0_axi_aclk bd_i/layer_0/inst/u_core/at_qdata_reg[13]_rep__7_replica/D
FV_FAIL -0.024 xdma_0_axi_aclk bd_i/layer_0/inst/u_core/u_dma/fmem_reg_0_255_57_57/SP.D/I
FV_FAIL -0.024 xdma_0_axi_aclk bd_i/layer_0/inst/u_core/u_dn/p_0_out__13__4/DSP_A_B_DATA_INST/B[1]
FV_FAIL -0.024 xdma_0_axi_aclk bd_i/layer_0/inst/u_core/u_attn/pvc64_reg[12]/CE
FV_FAIL -0.024 xdma_0_axi_aclk bd_i/layer_0/inst/u_core/u_attn/pvc64_reg[16]/CE
FV_FAIL -0.024 xdma_0_axi_aclk bd_i/layer_0/inst/u_core/u_attn/oi_reg[5]/R
FV_FAIL -0.024 xdma_0_axi_aclk bd_i/layer_0/inst/u_core/kv_wrow_reg[714]/CE
FV_FAIL -0.024 xdma_0_axi_aclk bd_i/mvchan_3/inst/u_chan/csr_static_wbeats_reg[14]/R
FV_FAIL -0.024 xdma_0_axi_aclk bd_i/mvchan_3/inst/u_chan/csr_static_wbeats_reg[30]/R
FV_FAIL -0.024 xdma_0_axi_aclk bd_i/mvchan_3/inst/u_chan/csr_static_wbeats_reg[6]/R
FV_FAIL -0.024 xdma_0_axi_aclk bd_i/layer_0/inst/u_core/err_op_reg/D
FV_FAIL -0.024 xdma_0_axi_aclk bd_i/layer_0/inst/u_core/g_dnslot[1].mem_reg_uram_9/ADDR_A[8]
FV_FAIL -0.024 xdma_0_axi_aclk bd_i/layer_0/inst/u_core/u_dn/p_0_out__13__4/DSP_A_B_DATA_INST/B[2]
FV_FAIL -0.024 xdma_0_axi_aclk bd_i/layer_0/inst/u_core/u_attn/g_lane[254].pv_p_reg[254]/DSP_A_B_DATA_INST/A[19]
FV_FAIL -0.024 xdma_0_axi_aclk bd_i/xdma_0/inst/udma_wrapper/dma_top/axi4mm_bridge_top_inst/axi4mm_axi_mm_master_top_inst/axi4mm_axi_mm_master_rd/rdata_idx_ff_reg[1]/CE
FV_FAIL -0.024 xdma_0_axi_aclk bd_i/xdma_0/inst/udma_wrapper/dma_top/axi4mm_bridge_top_inst/axi4mm_axi_mm_master_top_inst/axi4mm_axi_mm_master_rd/rdata_idx_ff_reg[2]/CE
FV_FAIL -0.024 xdma_0_axi_aclk bd_i/layer_0/inst/u_core/u_dma/fmem_reg_0_255_178_178/DP.A/I
FV_FAIL -0.024 xdma_0_axi_aclk bd_i/layer_0/inst/u_core/u_dn/g_lane[61].dec_p_reg[61]/DSP_A_B_DATA_INST/A[19]
FV_FAIL -0.024 xdma_0_axi_aclk bd_i/layer_0/inst/u_core/u_dn/p_1_out__17__7/DSP_PREADD_DATA_INST/DIN[1]
FV_FAIL -0.024 xdma_0_axi_aclk bd_i/layer_0/inst/u_core/u_attn/padd_q_reg[56]/R
FV_FAIL -0.024 xdma_0_axi_aclk bd_i/layer_0/inst/u_core/u_attn/padd_q_reg[60]/R
FV_FAIL -0.024 xdma_0_axi_aclk bd_i/layer_0/inst/u_core/u_alu/aa_r_reg[8]/D
FV_FAIL -0.024 xdma_0_axi_aclk bd_i/layer_0/inst/u_core/u_dn/g_lane[113].p2_p_reg[113]_i_15_psdsp/CE
FV_FAIL -0.024 xdma_0_axi_aclk bd_i/layer_0/inst/u_core/u_dn/g_lane[113].p2_p_reg[113]_i_3_psdsp/CE
FV_FAIL -0.024 xdma_0_axi_aclk bd_i/layer_0/inst/u_core/u_dn/g_lane[113].p2_p_reg[113]_i_6_psdsp/CE
FV_FAIL -0.024 xdma_0_axi_aclk bd_i/layer_0/inst/u_core/u_dn/g_lane[123].kvm_acc_reg[123]_i_2_psdsp_4/CE
FV_FAIL -0.024 xdma_0_axi_aclk bd_i/layer_0/inst/u_core/u_dn/g_lane[115].dm_p_reg[115]/DSP_OUTPUT_INST/ALU_OUT[10]
FV_FAIL -0.024 xdma_0_axi_aclk bd_i/layer_0/inst/u_core/u_dn/g_lane[115].dm_p_reg[115]/DSP_OUTPUT_INST/ALU_OUT[11]
FV_FAIL -0.024 xdma_0_axi_aclk bd_i/layer_0/inst/u_core/u_dn/g_lane[115].dm_p_reg[115]/DSP_OUTPUT_INST/ALU_OUT[12]
FV_FAIL -0.024 xdma_0_axi_aclk bd_i/layer_0/inst/u_core/u_dn/g_lane[115].dm_p_reg[115]/DSP_OUTPUT_INST/ALU_OUT[13]
FV_FAIL -0.024 xdma_0_axi_aclk bd_i/layer_0/inst/u_core/u_dn/g_lane[115].dm_p_reg[115]/DSP_OUTPUT_INST/ALU_OUT[14]
FV_FAIL -0.024 xdma_0_axi_aclk bd_i/layer_0/inst/u_core/u_dn/g_lane[115].dm_p_reg[115]/DSP_OUTPUT_INST/ALU_OUT[15]
FV_FAIL -0.024 xdma_0_axi_aclk bd_i/layer_0/inst/u_core/u_dn/g_lane[115].dm_p_reg[115]/DSP_OUTPUT_INST/ALU_OUT[16]
FV_FAIL -0.024 xdma_0_axi_aclk bd_i/layer_0/inst/u_core/u_dn/g_lane[115].dm_p_reg[115]/DSP_OUTPUT_INST/ALU_OUT[17]
FV_FAIL -0.024 xdma_0_axi_aclk bd_i/layer_0/inst/u_core/u_dn/g_lane[115].dm_p_reg[115]/DSP_OUTPUT_INST/ALU_OUT[18]
FV_FAIL -0.024 xdma_0_axi_aclk bd_i/layer_0/inst/u_core/u_dn/g_lane[115].dm_p_reg[115]/DSP_OUTPUT_INST/ALU_OUT[19]
FV_FAIL -0.024 xdma_0_axi_aclk bd_i/layer_0/inst/u_core/u_dn/g_lane[115].dm_p_reg[115]/DSP_OUTPUT_INST/ALU_OUT[20]
FV_FAIL -0.024 xdma_0_axi_aclk bd_i/layer_0/inst/u_core/u_dn/g_lane[115].dm_p_reg[115]/DSP_OUTPUT_INST/ALU_OUT[21]
FV_FAIL -0.024 xdma_0_axi_aclk bd_i/layer_0/inst/u_core/u_dn/g_lane[115].dm_p_reg[115]/DSP_OUTPUT_INST/ALU_OUT[22]
FV_FAIL -0.024 xdma_0_axi_aclk bd_i/layer_0/inst/u_core/u_dn/g_lane[115].dm_p_reg[115]/DSP_OUTPUT_INST/ALU_OUT[23]
FV_FAIL -0.024 xdma_0_axi_aclk bd_i/layer_0/inst/u_core/u_dn/g_lane[115].dm_p_reg[115]/DSP_OUTPUT_INST/ALU_OUT[24]
FV_FAIL -0.024 xdma_0_axi_aclk bd_i/layer_0/inst/u_core/u_dn/g_lane[115].dm_p_reg[115]/DSP_OUTPUT_INST/ALU_OUT[25]
FV_FAIL -0.024 xdma_0_axi_aclk bd_i/layer_0/inst/u_core/u_dn/g_lane[115].dm_p_reg[115]/DSP_OUTPUT_INST/ALU_OUT[26]
FV_FAIL -0.024 xdma_0_axi_aclk bd_i/layer_0/inst/u_core/u_dn/g_lane[115].dm_p_reg[115]/DSP_OUTPUT_INST/ALU_OUT[27]
FV_FAIL -0.024 xdma_0_axi_aclk bd_i/layer_0/inst/u_core/u_dn/g_lane[115].dm_p_reg[115]/DSP_OUTPUT_INST/ALU_OUT[28]
FV_FAIL -0.024 xdma_0_axi_aclk bd_i/layer_0/inst/u_core/u_dn/g_lane[115].dm_p_reg[115]/DSP_OUTPUT_INST/ALU_OUT[29]
FV_FAIL -0.024 xdma_0_axi_aclk bd_i/layer_0/inst/u_core/u_dn/g_lane[115].dm_p_reg[115]/DSP_OUTPUT_INST/ALU_OUT[30]
FV_FAIL -0.024 xdma_0_axi_aclk bd_i/layer_0/inst/u_core/u_dn/g_lane[115].dm_p_reg[115]/DSP_OUTPUT_INST/ALU_OUT[31]
FV_FAIL -0.024 xdma_0_axi_aclk bd_i/layer_0/inst/u_core/u_dn/g_lane[115].dm_p_reg[115]/DSP_OUTPUT_INST/ALU_OUT[32]
FV_FAIL -0.024 xdma_0_axi_aclk bd_i/layer_0/inst/u_core/u_dn/g_lane[115].dm_p_reg[115]/DSP_OUTPUT_INST/ALU_OUT[33]
FV_FAIL -0.024 xdma_0_axi_aclk bd_i/layer_0/inst/u_core/u_dn/g_lane[115].dm_p_reg[115]/DSP_OUTPUT_INST/ALU_OUT[34]
FV_FAIL -0.024 xdma_0_axi_aclk bd_i/layer_0/inst/u_core/u_dn/g_lane[115].dm_p_reg[115]/DSP_OUTPUT_INST/ALU_OUT[35]
FV_FAIL -0.024 xdma_0_axi_aclk bd_i/layer_0/inst/u_core/u_dn/g_lane[115].dm_p_reg[115]/DSP_OUTPUT_INST/ALU_OUT[36]
FV_FAIL -0.024 xdma_0_axi_aclk bd_i/layer_0/inst/u_core/u_dn/g_lane[115].dm_p_reg[115]/DSP_OUTPUT_INST/ALU_OUT[37]
FV_FAIL -0.024 xdma_0_axi_aclk bd_i/layer_0/inst/u_core/u_dn/g_lane[115].dm_p_reg[115]/DSP_OUTPUT_INST/ALU_OUT[38]
FV_FAIL -0.024 xdma_0_axi_aclk bd_i/layer_0/inst/u_core/u_dn/g_lane[115].dm_p_reg[115]/DSP_OUTPUT_INST/ALU_OUT[39]
FV_FAIL -0.024 xdma_0_axi_aclk bd_i/layer_0/inst/u_core/u_dn/g_lane[115].dm_p_reg[115]/DSP_OUTPUT_INST/ALU_OUT[40]
FV_FAIL -0.024 xdma_0_axi_aclk bd_i/layer_0/inst/u_core/u_dn/g_lane[115].dm_p_reg[115]/DSP_OUTPUT_INST/ALU_OUT[41]
FV_FAIL -0.024 xdma_0_axi_aclk bd_i/layer_0/inst/u_core/u_dn/g_lane[115].dm_p_reg[115]/DSP_OUTPUT_INST/ALU_OUT[42]
FV_FAIL -0.024 xdma_0_axi_aclk bd_i/layer_0/inst/u_core/u_dn/g_lane[115].dm_p_reg[115]/DSP_OUTPUT_INST/ALU_OUT[43]
WARNING: [Timing 38-164] This design has multiple clocks. Inter clock paths are considered valid unless explicitly excluded by timing constraints such as set_clock_groups or set_false_path.
WARNING: [Vivado 12-975] No timing paths matched 'get_timing_paths -max_paths 5000 -nworst 1 -hold -slack_lesser_than 0'.
get_timing_paths: Time (s): cpu = 00:00:41 ; elapsed = 00:00:05 . Memory (MB): peak = 11856.938 ; gain = 0.000 ; free physical = 1678 ; free virtual = 304558
# set hfail [get_timing_paths -max_paths 5000 -nworst 1 -hold -slack_lesser_than 0]
# puts "FV_FAILING_HOLD: [llength $hfail]"
FV_FAILING_HOLD: 0
# set XLINE_PAT ""
# foreach cand {*u_engine/xline_q0_reg*/CE *u_engine/xline_q_reg*/CE} {
#     if {[llength [get_pins -quiet -hier -filter "NAME =~ $cand"]] > 0} {
#         set XLINE_PAT $cand; break
#     }
# }
# if {$XLINE_PAT eq ""} {
#     puts "FV_FATAL: no u_engine xline register cone found (tried xline_q0_reg and xline_q_reg)"; exit 1
# }
# puts "FV_XLINE_PATTERN: $XLINE_PAT"
FV_XLINE_PATTERN: *u_engine/xline_q0_reg*/CE
# set xp [get_timing_paths -to [get_pins -quiet -hier -filter "NAME =~ $XLINE_PAT"] -setup -max_paths 1000 -nworst 1]
# array set cw {}
# foreach p $xp {
#     set ep [get_property ENDPOINT_PIN $p]; set s [get_property SLACK $p]
#     if {[regexp {mvchan_(\d+)} $ep -> m]} { if {![info exists cw($m)] || $s < $cw($m)} { set cw($m) $s } }
# }
# foreach c [lsort [array names cw]] { puts "FV_XLINE_WORST_mvchan_$c: $cw($c)" }
FV_XLINE_WORST_mvchan_0: 0.009
FV_XLINE_WORST_mvchan_1: 0.185
FV_XLINE_WORST_mvchan_2: 0.047
FV_XLINE_WORST_mvchan_3: 0.072
# foreach pat [list *layer_0*u_core/u_dn/*/D *layer_0*u_core/u_dma/*/D *layer_0*u_core/u_attn/*/D *seq_0*u_seq/*/D $XLINE_PAT] {
#     set ps [get_pins -quiet -hier -filter "NAME =~ $pat"]
#     set tp [get_timing_paths -quiet -to $ps -setup -max_paths 1 -nworst 1]
#     if {[llength $tp] == 0} { puts "FV_FATAL: $pat NOT ANALYSED"; exit 1 }
#     puts "FV_STILL_CHECKED $pat slack=[get_property SLACK [lindex $tp 0]]"
# }
FV_STILL_CHECKED *layer_0*u_core/u_dn/*/D slack=-0.244
FV_STILL_CHECKED *layer_0*u_core/u_dma/*/D slack=-0.155
FV_STILL_CHECKED *layer_0*u_core/u_attn/*/D slack=-0.243
FV_STILL_CHECKED *seq_0*u_seq/*/D slack=0.037
FV_STILL_CHECKED *u_engine/xline_q0_reg*/CE slack=0.009
# puts "FV_OK"
FV_OK
INFO: [Common 17-206] Exiting Vivado at Sun Sep  6 13:40:59 2026...
=== rc: 0
=== end: 2026-09-06T13:41:13-06:00
