=== host: snoke
=== date: 2026-09-06T17:59:52-06:00
=== tree: 393bce1
=== cmd:  vivado -mode batch -nojournal -log po.log -source /home/cah/r2d2/code/fpga/fable5_llm/evidence/qwen9b/g5/g5b_physopt_playbook.tcl -tclargs /home/cah/r2d2/code/fpga/fable5_llm/synth/out_build_040_po3_ExtraTimingOpt/proj/stage1.runs/impl_1/bd_wrapper_postroute_physopt.dcp /home/cah/r2d2/code/fpga/fable5_llm/synth/out_g5b_po_eto
=== venv: /home/cah/.venv/bin/python (exists)
===       ref/.venv/bin/python (ABSENT)
===       uv: /home/cah/.local/bin/uv (exists)
=== cpu:  nproc=48 OMP_NUM_THREADS=unset MKL_NUM_THREADS=unset
=== env:  FABLE5_MODEL=unset FABLE5_DN_STATE=unset FABLE5_RS_F=unset
===       FABLE5_CALIB_STATS=unset FABLE5_CALIB_MODE=unset
=== ---

****** Vivado v2024.2 (64-bit)
  **** SW Build 5239630 on Fri Nov 08 22:34:34 MST 2024
  **** IP Build 5239520 on Sun Nov 10 16:12:51 MST 2024
  **** SharedData Build 5239561 on Fri Nov 08 14:39:27 MST 2024
  **** Start of session at: Sun Sep  6 17:59:55 2026
    ** Copyright 1986-2022 Xilinx, Inc. All Rights Reserved.
    ** Copyright 2022-2024 Advanced Micro Devices, Inc. All Rights Reserved.

source /home/cah/r2d2/code/fpga/fable5_llm/evidence/qwen9b/g5/g5b_physopt_playbook.tcl
# if {[llength $argv] < 2} { puts "FATAL: need <src_dcp> <out_dir>"; exit 1 }
# set SRC [lindex $argv 0]
# set OUT [lindex $argv 1]
# if {![file exists $SRC]} { puts "FATAL: no checkpoint at $SRC"; exit 1 }
# file mkdir $OUT/reports
# open_checkpoint $SRC
Command: open_checkpoint /home/cah/r2d2/code/fpga/fable5_llm/synth/out_build_040_po3_ExtraTimingOpt/proj/stage1.runs/impl_1/bd_wrapper_postroute_physopt.dcp

Starting open_checkpoint Task

Time (s): cpu = 00:00:00.06 ; elapsed = 00:00:00.06 . Memory (MB): peak = 1381.402 ; gain = 0.000 ; free physical = 63042 ; free virtual = 372533
INFO: [Device 21-403] Loading part xcvu9p-fsgd2104-2L-e
Netlist sorting complete. Time (s): cpu = 00:00:08 ; elapsed = 00:00:08 . Memory (MB): peak = 3881.039 ; gain = 8.000 ; free physical = 60545 ; free virtual = 370092
INFO: [Netlist 29-17] Analyzing 31878 Unisim elements for replacement
INFO: [Netlist 29-28] Unisim Transformation completed in 26 CPU seconds
INFO: [Project 1-479] Netlist was created with Vivado 2024.2
INFO: [Project 1-570] Preparing netlist for logic optimization
WARNING: [Constraints 18-550] Could not create 'DRIVE' constraint because net 'bd_i/ddr4_0/inst/u_ddr4_mem_intfc/u_mig_ddr4_phy/cal_RESET_n[0]' is not directly connected to top level port. 'DRIVE' is ignored for synthesis but preserved for implementation.
WARNING: [Constraints 18-550] Could not create 'SLEW' constraint because net 'bd_i/ddr4_0/inst/u_ddr4_mem_intfc/u_mig_ddr4_phy/cal_RESET_n[0]' is not directly connected to top level port. 'SLEW' is ignored for synthesis but preserved for implementation.
WARNING: [Constraints 18-550] Could not create 'IBUF_LOW_PWR' constraint because net 'bd_i/ddr4_0/inst/u_ddr4_mem_intfc/u_mig_ddr4_phy/sys_clk_in' is not directly connected to top level port. 'IBUF_LOW_PWR' is ignored for synthesis but preserved for implementation.
WARNING: [Constraints 18-550] Could not create 'DRIVE' constraint because net 'bd_i/ddr4_1/inst/u_ddr4_mem_intfc/u_mig_ddr4_phy/cal_RESET_n[0]' is not directly connected to top level port. 'DRIVE' is ignored for synthesis but preserved for implementation.
WARNING: [Constraints 18-550] Could not create 'SLEW' constraint because net 'bd_i/ddr4_1/inst/u_ddr4_mem_intfc/u_mig_ddr4_phy/cal_RESET_n[0]' is not directly connected to top level port. 'SLEW' is ignored for synthesis but preserved for implementation.
WARNING: [Constraints 18-550] Could not create 'IBUF_LOW_PWR' constraint because net 'bd_i/ddr4_1/inst/u_ddr4_mem_intfc/u_mig_ddr4_phy/sys_clk_in' is not directly connected to top level port. 'IBUF_LOW_PWR' is ignored for synthesis but preserved for implementation.
WARNING: [Constraints 18-550] Could not create 'DRIVE' constraint because net 'bd_i/ddr4_2/inst/u_ddr4_mem_intfc/u_mig_ddr4_phy/cal_RESET_n[0]' is not directly connected to top level port. 'DRIVE' is ignored for synthesis but preserved for implementation.
WARNING: [Constraints 18-550] Could not create 'SLEW' constraint because net 'bd_i/ddr4_2/inst/u_ddr4_mem_intfc/u_mig_ddr4_phy/cal_RESET_n[0]' is not directly connected to top level port. 'SLEW' is ignored for synthesis but preserved for implementation.
WARNING: [Constraints 18-550] Could not create 'IBUF_LOW_PWR' constraint because net 'bd_i/ddr4_2/inst/u_ddr4_mem_intfc/u_mig_ddr4_phy/sys_clk_in' is not directly connected to top level port. 'IBUF_LOW_PWR' is ignored for synthesis but preserved for implementation.
WARNING: [Constraints 18-550] Could not create 'DRIVE' constraint because net 'bd_i/ddr4_3/inst/u_ddr4_mem_intfc/u_mig_ddr4_phy/cal_RESET_n[0]' is not directly connected to top level port. 'DRIVE' is ignored for synthesis but preserved for implementation.
WARNING: [Constraints 18-550] Could not create 'SLEW' constraint because net 'bd_i/ddr4_3/inst/u_ddr4_mem_intfc/u_mig_ddr4_phy/cal_RESET_n[0]' is not directly connected to top level port. 'SLEW' is ignored for synthesis but preserved for implementation.
WARNING: [Constraints 18-550] Could not create 'IBUF_LOW_PWR' constraint because net 'bd_i/ddr4_3/inst/u_ddr4_mem_intfc/u_mig_ddr4_phy/sys_clk_in' is not directly connected to top level port. 'IBUF_LOW_PWR' is ignored for synthesis but preserved for implementation.
Read ShapeDB Complete: Time (s): cpu = 00:00:02 ; elapsed = 00:00:02 . Memory (MB): peak = 5538.641 ; gain = 116.977 ; free physical = 58377 ; free virtual = 367924
INFO: [Timing 38-478] Restoring timing data from binary archive.
INFO: [Timing 38-479] Binary timing data restore complete.
INFO: [Project 1-856] Restoring constraints from binary archive.
INFO: [Power 33-23] Power model is not available for xiphy_riu_or
INFO: [Power 33-23] Power model is not available for genVref.u_hpio_vref
INFO: [Project 1-853] Binary constraint restore complete.
INFO: [Designutils 20-5722] Start Reading Physical Databases.
Reading placement.
Read Netlist Cache: Time (s): cpu = 00:00:01 ; elapsed = 00:00:01 . Memory (MB): peak = 9716.434 ; gain = 0.000 ; free physical = 47870 ; free virtual = 357474
Reading placer database...
Read Device Cache: Time (s): cpu = 00:00:00.04 ; elapsed = 00:00:00.04 . Memory (MB): peak = 9716.434 ; gain = 0.000 ; free physical = 47862 ; free virtual = 357466
Read PlaceDB: Time (s): cpu = 00:00:37 ; elapsed = 00:00:38 . Memory (MB): peak = 10344.504 ; gain = 628.070 ; free physical = 47095 ; free virtual = 356698
Read PulsedLatchDB: Time (s): cpu = 00:00:00 ; elapsed = 00:00:00 . Memory (MB): peak = 10344.504 ; gain = 0.000 ; free physical = 47095 ; free virtual = 356698
Reading routing.
Read RouteStorage: Time (s): cpu = 00:00:21 ; elapsed = 00:00:07 . Memory (MB): peak = 10756.809 ; gain = 412.305 ; free physical = 46625 ; free virtual = 356229
Read Physdb Files: Time (s): cpu = 00:00:59 ; elapsed = 00:00:46 . Memory (MB): peak = 10756.809 ; gain = 1040.375 ; free physical = 46625 ; free virtual = 356229
Restored from archive | CPU: 62.600000 secs | Memory: 930.817734 MB |
Finished XDEF File Restore: Time (s): cpu = 00:01:00 ; elapsed = 00:00:48 . Memory (MB): peak = 10756.809 ; gain = 1040.375 ; free physical = 46609 ; free virtual = 356212
INFO: [IP_Flow 19-234] Refreshing IP repositories
INFO: [IP_Flow 19-1704] No user IP repositories specified
INFO: [IP_Flow 19-2313] Loaded Vivado IP repository '/home/cah/r2d2/sc2data/tools/Vivado/2024.2/data/ip'.
Netlist sorting complete. Time (s): cpu = 00:00:00.1 ; elapsed = 00:00:00.12 . Memory (MB): peak = 10756.809 ; gain = 0.000 ; free physical = 46562 ; free virtual = 356167
INFO: [Project 1-111] Unisim Transformation Summary:
  A total of 8343 instances were transformed.
  DSP48E1 => DSP48E2 (DSP_ALU, DSP_A_B_DATA, DSP_C_DATA, DSP_MULTIPLIER, DSP_M_DATA, DSP_OUTPUT, DSP_PREADD, DSP_PREADD_DATA): 12 instances
  DSP48E2 => DSP48E2 (DSP_ALU, DSP_A_B_DATA, DSP_C_DATA, DSP_MULTIPLIER, DSP_M_DATA, DSP_OUTPUT, DSP_PREADD, DSP_PREADD_DATA): 1846 instances
  IBUF => IBUF (IBUFCTRL, INBUF): 1 instance 
  IBUFDS => IBUFDS (DIFFINBUF, IBUFCTRL): 4 instances
  IOBUFDS => IOBUFDS (DIFFINBUF, IBUFCTRL, INV, OBUFT(x2)): 32 instances
  IOBUFE3 => IOBUFE3 (IBUFCTRL, INBUF, OBUFT_DCIEN): 288 instances
  LUT6_2 => LUT6_2 (LUT5, LUT6): 124 instances
  OBUFDS => OBUFDS_DUAL_BUF (INV, OBUF(x2)): 4 instances
  RAM16X1D => RAM32X1D (RAMD32(x2)): 40 instances
  RAM256X1D => RAM256X1D (MUXF7(x4), MUXF8(x2), RAMD64E(x8)): 512 instances
  RAM256X1S => RAM256X1S (MUXF7(x2), MUXF8, RAMS64E(x4)): 9 instances
  RAM32M => RAM32M (RAMD32(x6), RAMS32(x2)): 866 instances
  RAM32M16 => RAM32M16 (RAMD32(x14), RAMS32(x2)): 1978 instances
  RAM32X1D => RAM32X1D (RAMD32(x2)): 80 instances
  RAM64M => RAM64M (RAMD64E(x4)): 16 instances
  RAM64M8 => RAM64M8 (RAMD64E(x8)): 2515 instances
  RAM64X1D => RAM64X1D (RAMD64E(x2)): 16 instances

INFO: [Project 1-604] Checkpoint was created with Vivado v2024.2 (64-bit) build 5239630
WARNING: [Vivado 12-23575] Critical violations of the methodology design rules detected. Critical violations may contribute to timing failures or cause functional issues in hardware. Run report_methodology for more information.
open_checkpoint: Time (s): cpu = 00:10:44 ; elapsed = 00:05:58 . Memory (MB): peak = 10756.809 ; gain = 9375.406 ; free physical = 46465 ; free virtual = 356069
# proc wns {} { return [get_property SLACK [get_timing_paths -max_paths 1 -nworst 1 -setup]] }
# proc whs {} { return [get_property SLACK [get_timing_paths -max_paths 1 -nworst 1 -hold]] }
get_timing_paths: Time (s): cpu = 00:10:08 ; elapsed = 00:01:55 . Memory (MB): peak = 11888.355 ; gain = 1131.547 ; free physical = 43467 ; free virtual = 353072
# set best [wns]
# puts "POPB_SRC: $SRC"
POPB_SRC: /home/cah/r2d2/code/fpga/fable5_llm/synth/out_build_040_po3_ExtraTimingOpt/proj/stage1.runs/impl_1/bd_wrapper_postroute_physopt.dcp
get_timing_paths: Time (s): cpu = 00:00:44 ; elapsed = 00:00:06 . Memory (MB): peak = 11888.355 ; gain = 0.000 ; free physical = 43090 ; free virtual = 352694
# puts "POPB_PASS0: WNS=$best WHS=[whs]"
POPB_PASS0: WNS=-0.163 WHS=0.001
# write_checkpoint -force $OUT/best.dcp
INFO: [Timing 38-480] Writing timing data to binary archive.
Write ShapeDB Complete: Time (s): cpu = 00:00:07 ; elapsed = 00:00:02 . Memory (MB): peak = 11888.355 ; gain = 0.000 ; free physical = 42905 ; free virtual = 352625
Wrote PlaceDB: Time (s): cpu = 00:02:11 ; elapsed = 00:00:55 . Memory (MB): peak = 11972.418 ; gain = 84.062 ; free physical = 41795 ; free virtual = 352394
Wrote PulsedLatchDB: Time (s): cpu = 00:00:00 ; elapsed = 00:00:00 . Memory (MB): peak = 11972.418 ; gain = 0.000 ; free physical = 41786 ; free virtual = 352386
Writing XDEF routing.
Writing XDEF routing logical nets.
Writing XDEF routing special nets.
Wrote RouteStorage: Time (s): cpu = 00:00:24 ; elapsed = 00:00:12 . Memory (MB): peak = 12112.418 ; gain = 140.000 ; free physical = 41315 ; free virtual = 352049
Wrote Netlist Cache: Time (s): cpu = 00:00:01 ; elapsed = 00:00:01 . Memory (MB): peak = 12112.418 ; gain = 0.000 ; free physical = 41128 ; free virtual = 351934
Wrote Device Cache: Time (s): cpu = 00:00:00.04 ; elapsed = 00:00:00.04 . Memory (MB): peak = 12112.418 ; gain = 0.000 ; free physical = 41110 ; free virtual = 351919
Write Physdb Complete: Time (s): cpu = 00:02:36 ; elapsed = 00:01:12 . Memory (MB): peak = 12112.418 ; gain = 224.062 ; free physical = 41091 ; free virtual = 351900
INFO: [Common 17-1381] The checkpoint '/home/cah/r2d2/code/fpga/fable5_llm/synth/out_g5b_po_eto/best.dcp' has been generated.
write_checkpoint: Time (s): cpu = 00:03:10 ; elapsed = 00:01:49 . Memory (MB): peak = 12112.418 ; gain = 224.062 ; free physical = 40353 ; free virtual = 351449
# foreach d {AlternateReplication AggressiveFanoutOpt Explore AggressiveExplore} {
#     if {[catch {phys_opt_design -directive $d} err]} { puts "POPB_WARN: $d: $err"; continue }
#     set w [wns]; set h [whs]
#     puts "POPB_AFTER_$d: WNS=$w WHS=$h"
#     if {$h < 0} { puts "POPB_HOLD_REGRESSION on $d (WHS=$h) — stopping, not accepting negative hold"; break }
#     if {$w > $best} { set best $w; write_checkpoint -force $OUT/best.dcp; puts "POPB_NEWBEST: $best" }
# }
Command: phys_opt_design -directive AlternateReplication
Attempting to get a license for feature 'Implementation' and/or device 'xcvu9p'
INFO: [Common 17-349] Got license for feature 'Implementation' and/or device 'xcvu9p'
INFO: [Common 17-86] Your Implementation license expires in 16 day(s)
INFO: [Vivado_Tcl 4-241] Physical synthesis in post route mode 
INFO: [Vivado_Tcl 4-137] Directive used for phys_opt_design is: AlternateReplication
INFO: [Vivado_Tcl 4-1435] PhysOpt_Tcl_Interface Runtime Before Starting Physical Synthesis Task | CPU: 37.83s |  WALL: 37.83s
Netlist sorting complete. Time (s): cpu = 00:00:00.11 ; elapsed = 00:00:00.14 . Memory (MB): peak = 12112.418 ; gain = 0.000 ; free physical = 40348 ; free virtual = 351448

Starting Physical Synthesis Task

Phase 1 Physical Synthesis Initialization
INFO: [Physopt 32-721] Multithreading enabled for phys_opt_design using a maximum of 8 CPUs
INFO: [Place 30-3164] Check ILP status : ILP-based clock placer is skipped.
INFO: [Physopt 32-668] Current Timing Summary | WNS=-0.163 | TNS=-325.573 | WHS=0.001 | THS=0.000 |
Phase 1 Physical Synthesis Initialization | Checksum: 20b376495

Time (s): cpu = 00:06:17 ; elapsed = 00:03:04 . Memory (MB): peak = 12813.359 ; gain = 700.941 ; free physical = 48259 ; free virtual = 359419

Phase 2 Critical Path Optimization
INFO: [Physopt 32-668] Current Timing Summary | WNS=-0.163 | TNS=-325.573 | WHS=0.001 | THS=0.000 |
INFO: [Physopt 32-953] Path group WNS did not improve. Path group: xdma_0_axi_aclk. Processed net: bd_i/layer_0/inst/u_core/u_conv/u_silu/m3_reg/DSP_A_B_DATA.B_ALU<0>.
Netlist sorting complete. Time (s): cpu = 00:00:00.11 ; elapsed = 00:00:00.13 . Memory (MB): peak = 12839.945 ; gain = 0.000 ; free physical = 47280 ; free virtual = 358441
Nodegraph reading from file.  Time (s): cpu = 00:00:11 ; elapsed = 00:00:02 . Memory (MB): peak = 13057.117 ; gain = 217.172 ; free physical = 46975 ; free virtual = 358136
INFO: [Physopt 32-663] Processed net bd_i/layer_0/inst/u_core/u_conv/u_silu/idx0_reg_n_60.  Re-placed instance bd_i/layer_0/inst/u_core/u_conv/u_silu/sig24_carry_i_3_psbram
INFO: [Physopt 32-952] Improved path group WNS = -0.163. Path group: xdma_0_axi_aclk. Processed net: bd_i/layer_0/inst/u_core/u_conv/u_silu/idx0_reg_n_60.
INFO: [Physopt 32-952] Improved path group WNS = -0.163. Path group: xdma_0_axi_aclk. Processed net: bd_i/layer_0/inst/u_core/krow_reg_n_0_[1758].
INFO: [Physopt 32-952] Improved path group WNS = -0.162. Path group: xdma_0_axi_aclk. Processed net: bd_i/layer_0/inst/u_core/s_axil_rdata[4].
INFO: [Physopt 32-952] Improved path group WNS = -0.161. Path group: xdma_0_axi_aclk. Processed net: bd_i/layer_0/inst/u_core/u_alu/mx32_reg_n_0_[14].
Netlist sorting complete. Time (s): cpu = 00:00:00.11 ; elapsed = 00:00:00.13 . Memory (MB): peak = 14238.945 ; gain = 0.000 ; free physical = 43575 ; free virtual = 354736
INFO: [Physopt 32-953] Path group WNS did not improve. Path group: mmcm_clkout0_3. Processed net: bd_i/mvchan_2/inst/u_chan/u_engine/xline_q0_reg[0]__26_n_0.
INFO: [Physopt 32-953] Path group WNS did not improve. Path group: mmcm_clkout0_3. Processed net: bd_i/mvchan_2/inst/u_chan/u_streamer/f_wr_reg_n_0_[4].
INFO: [Physopt 32-953] Path group WNS did not improve. Path group: mmcm_clkout0_3. Processed net: bd_i/mvchan_2/inst/u_chan/u_engine/r_active_reg_0.
INFO: [Physopt 32-953] Path group WNS did not improve. Path group: mmcm_clkout0_3. Processed net: bd_i/mvchan_2/inst/u_chan/u_streamer/f_wr_reg[3]_0.
INFO: [Physopt 32-710] Processed net bd_i/mvchan_2/inst/u_chan/u_streamer/f_wr_reg[3]_0. Critical path length was reduced through logic transformation on cell bd_i/mvchan_2/inst/u_chan/u_streamer/g_cnt[6]_i_9_comp.
INFO: [Physopt 32-952] Improved path group WNS = -0.141. Path group: mmcm_clkout0_3. Processed net: bd_i/mvchan_2/inst/u_chan/u_streamer/g_cnt[6]_i_24_n_0.
INFO: [Physopt 32-952] Improved path group WNS = -0.161. Path group: xdma_0_axi_aclk. Processed net: bd_i/layer_0/inst/u_core/u_dn/g_lane[40].p2_p_reg[40]/DSP_A_B_DATA.B_ALU<0>.
INFO: [Physopt 32-952] Improved path group WNS = -0.160. Path group: xdma_0_axi_aclk. Processed net: bd_i/layer_0/inst/u_core/u_dma/fmem_reg_0_255_45_45/SPO0.
INFO: [Physopt 32-952] Improved path group WNS = -0.160. Path group: xdma_0_axi_aclk. Processed net: bd_i/layer_0/inst/u_core/u_dn/g_lane[116].o_acc_reg[116]/DSP_A_B_DATA.B_ALU<0>.
INFO: [Physopt 32-952] Improved path group WNS = -0.160. Path group: xdma_0_axi_aclk. Processed net: bd_i/layer_0/inst/u_core/tcnt_bank_reg[5][1]_806[8].
INFO: [Physopt 32-952] Improved path group WNS = -0.160. Path group: xdma_0_axi_aclk. Processed net: bd_i/layer_0/inst/u_core/u_dma/fmem_reg_0_255_291_291/DPO3.
INFO: [Physopt 32-952] Improved path group WNS = -0.159. Path group: xdma_0_axi_aclk. Processed net: bd_i/layer_0/inst/u_core/u_attn/g_lane[160].pv_p_reg[160]/DSP_A_B_DATA.B_ALU<0>.
INFO: [Physopt 32-952] Improved path group WNS = -0.159. Path group: xdma_0_axi_aclk. Processed net: bd_i/layer_0/inst/u_core/u_dn/p_1_out__5__12/DSP_A_B_DATA.B_ALU<0>.
INFO: [Physopt 32-952] Improved path group WNS = -0.159. Path group: xdma_0_axi_aclk. Processed net: bd_i/layer_0/inst/u_core/u_dn/g_lane[70].kvm_acc_reg[70]/DSP_A_B_DATA.B_ALU<0>.
INFO: [Physopt 32-953] Path group WNS did not improve. Path group: xdma_0_axi_aclk. Processed net: bd_i/layer_0/inst/u_core/u_dma/fmem_reg_0_255_279_279/SPO2.
INFO: [Physopt 32-953] Path group WNS did not improve. Path group: xdma_0_axi_aclk. Processed net: bd_i/layer_0/inst/u_core/dma_kind_reg[1]_rep__14_n_0.
INFO: [Physopt 32-953] Path group WNS did not improve. Path group: xdma_0_axi_aclk. Processed net: bd_i/layer_0/inst/u_core/u_dma/fmem_reg_0_255_279_279_i_2_n_0.
INFO: [Physopt 32-953] Path group WNS did not improve. Path group: xdma_0_axi_aclk. Processed net: bd_i/layer_0/inst/u_core/u_dma/fmem_reg_0_255_279_279_i_8_n_0.
INFO: [Physopt 32-663] Processed net bd_i/layer_0/inst/u_core/u_dma/fmem_reg_0_255_279_279_i_11_n_0.  Re-placed instance bd_i/layer_0/inst/u_core/u_dma/fmem_reg_0_255_279_279_i_11
INFO: [Physopt 32-952] Improved path group WNS = -0.159. Path group: xdma_0_axi_aclk. Processed net: bd_i/layer_0/inst/u_core/u_dma/fmem_reg_0_255_279_279_i_11_n_0.
INFO: [Physopt 32-952] Improved path group WNS = -0.158. Path group: xdma_0_axi_aclk. Processed net: bd_i/layer_0/inst/u_core/u_topk/tk_val[13].
INFO: [Physopt 32-952] Improved path group WNS = -0.158. Path group: xdma_0_axi_aclk. Processed net: bd_i/layer_0/inst/u_core/u_dn/g_lane[92].dec_p_reg[92]/DSP_A_B_DATA.B_ALU<0>.
INFO: [Physopt 32-952] Improved path group WNS = -0.157. Path group: xdma_0_axi_aclk. Processed net: bd_i/layer_0/inst/u_core/u_alu/cp_v32[23].
INFO: [Physopt 32-952] Improved path group WNS = -0.157. Path group: xdma_0_axi_aclk. Processed net: bd_i/layer_0/inst/u_core/u_attn/o_g4_reg[3]_1114[17].
INFO: [Physopt 32-952] Improved path group WNS = -0.157. Path group: xdma_0_axi_aclk. Processed net: bd_i/layer_0/inst/u_core/u_dma/fmem_reg_0_255_105_105/SPO3.
INFO: [Physopt 32-952] Improved path group WNS = -0.157. Path group: xdma_0_axi_aclk. Processed net: bd_i/axil_slice_5/inst/w.w_pipe/Q[5].
INFO: [Physopt 32-663] Processed net bd_i/layer_0/inst/u_core/u_conv/u_silu/idx0_reg_n_58.  Re-placed instance bd_i/layer_0/inst/u_core/u_conv/u_silu/sig24_carry_i_1_psbram
INFO: [Physopt 32-952] Improved path group WNS = -0.157. Path group: xdma_0_axi_aclk. Processed net: bd_i/layer_0/inst/u_core/u_conv/u_silu/idx0_reg_n_58.
INFO: [Physopt 32-952] Improved path group WNS = -0.157. Path group: xdma_0_axi_aclk. Processed net: bd_i/layer_0/inst/u_core/u_attn/g_lane[236].pv_p_reg[236]/DSP_A_B_DATA.B_ALU<0>.
INFO: [Physopt 32-952] Improved path group WNS = -0.157. Path group: xdma_0_axi_aclk. Processed net: bd_i/layer_0/inst/u_core/u_dma/fmem_reg_0_255_158_158/DPO3.
INFO: [Physopt 32-952] Improved path group WNS = -0.157. Path group: xdma_0_axi_aclk. Processed net: bd_i/layer_0/inst/u_core/u_dma/fmem_reg_0_255_432_432/DPO3.
INFO: [Physopt 32-952] Improved path group WNS = -0.156. Path group: xdma_0_axi_aclk. Processed net: bd_i/layer_0/inst/u_core/u_dn/g_lane[72].p2_p_reg[72]_i_9_psdsp_n.
Netlist sorting complete. Time (s): cpu = 00:00:00.14 ; elapsed = 00:00:00.14 . Memory (MB): peak = 14435.469 ; gain = 0.000 ; free physical = 40531 ; free virtual = 351731
INFO: [Physopt 32-663] Processed net bd_i/axi_smc/inst/s02_entry_pipeline/s02_si_converter/inst/converter.wrap_narrow_inst/gen_thread_loop[0].r_payld_fifo/mesg_reg_reg[580]_0[248].  Re-placed instance bd_i/axi_smc/inst/s02_entry_pipeline/s02_si_converter/inst/converter.wrap_narrow_inst/gen_thread_loop[0].r_payld_fifo/mesg_reg_reg[312]
INFO: [Physopt 32-952] Improved path group WNS = -0.156. Path group: xdma_0_axi_aclk. Processed net: bd_i/axi_smc/inst/s02_entry_pipeline/s02_si_converter/inst/converter.wrap_narrow_inst/gen_thread_loop[0].r_payld_fifo/mesg_reg_reg[580]_0[248].
INFO: [Physopt 32-952] Improved path group WNS = -0.156. Path group: xdma_0_axi_aclk. Processed net: bd_i/layer_0/inst/u_core/u_dma/fmem_reg_0_255_217_217/SPO2.
INFO: [Physopt 32-952] Improved path group WNS = -0.156. Path group: xdma_0_axi_aclk. Processed net: bd_i/layer_0/inst/u_core/u_attn/g_lane[153].prod_reg[153]/DSP_A_B_DATA.B_ALU<0>.
INFO: [Physopt 32-952] Improved path group WNS = -0.156. Path group: xdma_0_axi_aclk. Processed net: bd_i/layer_0/inst/u_core/u_attn/g_lane[111].prod_reg[111]/DSP_A_B_DATA.B_ALU<0>.
INFO: [Physopt 32-952] Improved path group WNS = -0.155. Path group: xdma_0_axi_aclk. Processed net: bd_i/layer_0/inst/u_core/u_alu/r_res_reg_n_0_[10].
INFO: [Physopt 32-952] Improved path group WNS = -0.155. Path group: xdma_0_axi_aclk. Processed net: bd_i/layer_0/inst/u_core/u_attn/o_g4_reg[3]_1114[12].
INFO: [Physopt 32-952] Improved path group WNS = -0.155. Path group: xdma_0_axi_aclk. Processed net: bd_i/layer_0/inst/u_core/u_attn/o_g4_reg[3]_1114[30].
INFO: [Physopt 32-952] Improved path group WNS = -0.155. Path group: xdma_0_axi_aclk. Processed net: bd_i/layer_0/inst/u_core/u_dma/fmem_reg_0_255_178_178/DPO3.
INFO: [Physopt 32-952] Improved path group WNS = -0.155. Path group: xdma_0_axi_aclk. Processed net: bd_i/axi_smc/inst/s02_entry_pipeline/s02_si_converter/inst/converter.wrap_narrow_inst/gen_thread_loop[0].r_payld_fifo/mesg_reg_reg[580]_0[84].
Netlist sorting complete. Time (s): cpu = 00:00:00.13 ; elapsed = 00:00:00.16 . Memory (MB): peak = 14470.242 ; gain = 0.000 ; free physical = 38847 ; free virtual = 350047
INFO: [Physopt 32-663] Processed net bd_i/layer_0/inst/u_core/at_qdata_reg[4]_rep__10_n_0.  Re-placed instance bd_i/layer_0/inst/u_core/at_qdata_reg[4]_rep__10
INFO: [Physopt 32-952] Improved path group WNS = -0.154. Path group: xdma_0_axi_aclk. Processed net: bd_i/layer_0/inst/u_core/at_qdata_reg[4]_rep__10_n_0.
INFO: [Physopt 32-953] Path group WNS did not improve. Path group: xdma_0_axi_aclk. Processed net: bd_i/layer_0/inst/u_core/u_dn/vdata_q_reg[17]_rep__2_n_0_repN_3.
INFO: [Physopt 32-953] Path group WNS did not improve. Path group: xdma_0_axi_aclk. Processed net: bd_i/layer_0/inst/u_core/dn_vdata_reg_n_0_[17].
INFO: [Physopt 32-952] Improved path group WNS = -0.134. Path group: mmcm_clkout0_3. Processed net: bd_i/mvchan_2/inst/u_chan/u_engine/r_g_reg[0]_rep__13_n_0.
WARNING: [Place 30-1995] Horizontal BUFCE_ROW programmable delay is capped at 4 for clock net bd_i/ddr4_3/inst/u_ddr4_infrastructure/u_bufg_divClk_0 due to BITSLICE_CONTROL_PLL_RIU MAX_SKEW requirements
Netlist sorting complete. Time (s): cpu = 00:00:00.1 ; elapsed = 00:00:00.1 . Memory (MB): peak = 14495.883 ; gain = 0.000 ; free physical = 40502 ; free virtual = 351758
INFO: [Physopt 32-953] Path group WNS did not improve. Path group: mmcm_clkout0_1. Processed net: bd_i/mvchan_3/inst/u_chan/u_engine/scales_q_reg[41]_150[1].
WARNING: [Place 30-1995] Horizontal BUFCE_ROW programmable delay is capped at 4 for clock net bd_i/ddr4_3/inst/u_ddr4_infrastructure/u_bufg_divClk_0 due to BITSLICE_CONTROL_PLL_RIU MAX_SKEW requirements
Netlist sorting complete. Time (s): cpu = 00:00:00.13 ; elapsed = 00:00:00.14 . Memory (MB): peak = 14495.883 ; gain = 0.000 ; free physical = 38718 ; free virtual = 349975
INFO: [Physopt 32-953] Path group WNS did not improve. Path group: mmcm_clkout0_1. Processed net: bd_i/mvchan_3/inst/u_chan/u_engine/r_g_reg[0].
INFO: [Physopt 32-953] Path group WNS did not improve. Path group: mmcm_clkout0_1. Processed net: bd_i/mvchan_3/inst/u_chan/u_engine/r_active_reg_0.
INFO: [Physopt 32-953] Path group WNS did not improve. Path group: mmcm_clkout0_1. Processed net: bd_i/mvchan_3/inst/u_chan/u_engine/g_cnt[6]_i_4_n_0.
INFO: [Physopt 32-953] Path group WNS did not improve. Path group: mmcm_clkout0_1. Processed net: bd_i/mvchan_3/inst/u_chan/u_engine/g_cnt[6]_i_12_n_0.
INFO: [Physopt 32-663] Processed net bd_i/mvchan_3/inst/u_chan/u_engine/mac_last_q_i_6_n_0.  Re-placed instance bd_i/mvchan_3/inst/u_chan/u_engine/mac_last_q_i_6
INFO: [Physopt 32-952] Improved path group WNS = -0.136. Path group: mmcm_clkout0_1. Processed net: bd_i/mvchan_3/inst/u_chan/u_engine/mac_last_q_i_6_n_0.
INFO: [Physopt 32-952] Improved path group WNS = -0.136. Path group: mmcm_clkout0_1. Processed net: bd_i/ddr4_3/inst/u_ddr4_mem_intfc/u_ddr_mc/bgr[0].u_ddr_mc_group/Q[12].
INFO: [Physopt 32-952] Improved path group WNS = -0.135. Path group: mmcm_clkout0_1. Processed net: bd_i/mvchan_3/inst/u_chan/u_engine/xline_q0_reg[7]__25_n_0.
INFO: [Physopt 32-952] Improved path group WNS = -0.134. Path group: mmcm_clkout0_1. Processed net: bd_i/ddr4_3/inst/u_ddr4_mem_intfc/u_ddr_mc/bgr[0].u_ddr_mc_group/Q[17].
INFO: [Physopt 32-952] Improved path group WNS = -0.130. Path group: mmcm_clkout0_3. Processed net: bd_i/mvchan_2/inst/u_chan/u_engine/r_g_reg[1]_rep__1_n_0.
INFO: [Physopt 32-952] Improved path group WNS = -0.131. Path group: mmcm_clkout0_1. Processed net: bd_i/mvchan_3/inst/u_chan/u_engine/pa_q_reg/DSP_A_B_DATA.B_ALU<0>.
INFO: [Physopt 32-952] Improved path group WNS = -0.131. Path group: mmcm_clkout0_1. Processed net: bd_i/mvchan_3/inst/u_chan/u_engine/xline_q0_reg[16]__19_n_0.
INFO: [Physopt 32-952] Improved path group WNS = -0.130. Path group: mmcm_clkout0_1. Processed net: bd_i/mvchan_3/inst/u_chan/u_engine/scales_q_reg[58]_133[0].
Netlist sorting complete. Time (s): cpu = 00:00:00.1 ; elapsed = 00:00:00.1 . Memory (MB): peak = 14495.883 ; gain = 0.000 ; free physical = 48366 ; free virtual = 359625
INFO: [Physopt 32-953] Path group WNS did not improve. Path group: mmcm_clkout0_3. Processed net: bd_i/mvchan_2/inst/u_chan/u_streamer/f_wr_reg_n_0_[5].
INFO: [Physopt 32-953] Path group WNS did not improve. Path group: mmcm_clkout0_3. Processed net: bd_i/mvchan_2/inst/u_chan/u_streamer/g_cnt[6]_i_24_n_0.
INFO: [Physopt 32-953] Path group WNS did not improve. Path group: mmcm_clkout0_3. Processed net: bd_i/mvchan_2/inst/u_chan/u_engine/g_q[6]_i_1_n_0_repN.
INFO: [Physopt 32-952] Improved path group WNS = -0.129. Path group: mmcm_clkout0_1. Processed net: bd_i/ddr4_3/inst/u_ddr4_mem_intfc/u_ddr_mc/bgr[0].u_ddr_mc_group/txn_fifo_output_reg_n_0_[17].
INFO: [Physopt 32-952] Improved path group WNS = -0.129. Path group: mmcm_clkout0_1. Processed net: bd_i/mvchan_3/inst/u_chan/u_engine/xline_q0_reg[22]__24_n_0.
INFO: [Physopt 32-952] Improved path group WNS = -0.125. Path group: mmcm_clkout0_1. Processed net: bd_i/mvchan_3/inst/u_chan/u_engine/xline_q0_reg[12]__17_n_0.
INFO: [Physopt 32-952] Improved path group WNS = -0.124. Path group: mmcm_clkout0_1. Processed net: bd_i/mvchan_3/inst/u_chan/u_engine/xline_q0_reg[0]__16_n_0.
INFO: [Physopt 32-952] Improved path group WNS = -0.123. Path group: mmcm_clkout0_1. Processed net: bd_i/mvchan_3/inst/u_chan/u_engine/sum64_q_reg[38][-_n_0_1111111109].
INFO: [Physopt 32-952] Improved path group WNS = -0.122. Path group: mmcm_clkout0_1. Processed net: bd_i/mvchan_3/inst/u_chan/u_engine/xline_q0_reg[14]__18_n_0.
INFO: [Physopt 32-952] Improved path group WNS = -0.122. Path group: mmcm_clkout0_1. Processed net: bd_i/mvchan_3/inst/u_chan/u_engine/ps_q_reg_i_12_psdsp_n.
INFO: [Physopt 32-952] Improved path group WNS = -0.119. Path group: mmcm_clkout0_1. Processed net: bd_i/mvchan_3/inst/u_chan/u_engine/xline_q0[14].
INFO: [Physopt 32-952] Improved path group WNS = -0.113. Path group: mmcm_clkout0_1. Processed net: bd_i/smc_ch3/inst/s00_entry_pipeline/s00_mmu/inst/w_sreg/skid_buffer_reg_n_0_[1357].
INFO: [Physopt 32-952] Improved path group WNS = -0.113. Path group: mmcm_clkout0_1. Processed net: bd_i/ddr4_3/inst/u_ddr4_mem_intfc/u_ddr_ui/u_ddr_ui_rd_data/not_strict_mode.rd_buf.rd_buffer_ram[0].RAM32M0/DOA0.
INFO: [Physopt 32-952] Improved path group WNS = -0.111. Path group: mmcm_clkout0_1. Processed net: bd_i/mvchan_3/inst/u_chan/u_engine/pa_q_reg_i_19_psdsp_n.
INFO: [Physopt 32-952] Improved path group WNS = -0.110. Path group: mmcm_clkout0_1. Processed net: bd_i/smc_ch3/inst/s01_entry_pipeline/s01_mmu/inst/r_sreg/m_vector_i_reg[1570]_0[336].
INFO: [Physopt 32-952] Improved path group WNS = -0.110. Path group: mmcm_clkout0_1. Processed net: bd_i/mvchan_3/inst/u_chan/u_engine/ps_q_reg_i_17_psdsp_n.
INFO: [Physopt 32-952] Improved path group WNS = -0.109. Path group: mmcm_clkout0_1. Processed net: bd_i/mvchan_3/inst/u_chan/u_engine/xline_q0_reg[16]__23_n_0.
INFO: [Physopt 32-952] Improved path group WNS = -0.109. Path group: mmcm_clkout0_1. Processed net: bd_i/mvchan_3/inst/u_chan/u_engine/xline_q0_reg[0]__20_n_0.
INFO: [Physopt 32-952] Improved path group WNS = -0.108. Path group: mmcm_clkout0_1. Processed net: bd_i/mvchan_3/inst/u_chan/u_engine/xline_q0_reg[11]__25_n_0.
INFO: [Physopt 32-952] Improved path group WNS = -0.107. Path group: mmcm_clkout0_1. Processed net: bd_i/mvchan_3/inst/u_chan/u_engine/xline_q0_reg[1]__23_n_0.
INFO: [Physopt 32-952] Improved path group WNS = -0.107. Path group: mmcm_clkout0_1. Processed net: bd_i/smc_ch3/inst/s00_entry_pipeline/s00_mmu/inst/w_sreg/skid_buffer_reg_n_0_[1291].
INFO: [Physopt 32-952] Improved path group WNS = -0.105. Path group: mmcm_clkout0_1. Processed net: bd_i/mvchan_3/inst/u_chan/u_engine/xline_q0_reg[18]__19_n_0.
INFO: [Physopt 32-952] Improved path group WNS = -0.105. Path group: mmcm_clkout0_1. Processed net: bd_i/mvchan_3/inst/u_chan/u_engine/xline_q0_reg[24]__17_n_0.
INFO: [Physopt 32-952] Improved path group WNS = -0.105. Path group: mmcm_clkout0_1. Processed net: bd_i/mvchan_3/inst/u_chan/u_engine/pa_q_reg_i_29_psdsp_n.
INFO: [Physopt 32-952] Improved path group WNS = -0.104. Path group: mmcm_clkout0_1. Processed net: bd_i/mvchan_3/inst/u_chan/u_engine/prod_q_reg[111]_428[11].
INFO: [Physopt 32-952] Improved path group WNS = -0.103. Path group: mmcm_clkout0_1. Processed net: bd_i/mvchan_3/inst/u_chan/u_engine/xline_q0_reg[14]__15_n_0.
INFO: [Physopt 32-952] Improved path group WNS = -0.102. Path group: mmcm_clkout0_1. Processed net: bd_i/mvchan_3/inst/u_chan/u_engine/xline_q0_reg[18]__15_n_0.
INFO: [Physopt 32-952] Improved path group WNS = -0.102. Path group: mmcm_clkout0_1. Processed net: bd_i/mvchan_3/inst/u_chan/u_engine/pa_q_reg_i_28_psdsp_n.
WARNING: [Place 30-1995] Horizontal BUFCE_ROW programmable delay is capped at 4 for clock net bd_i/ddr4_3/inst/u_ddr4_infrastructure/u_bufg_divClk_0 due to BITSLICE_CONTROL_PLL_RIU MAX_SKEW requirements
Netlist sorting complete. Time (s): cpu = 00:00:00.1 ; elapsed = 00:00:00.1 . Memory (MB): peak = 14495.883 ; gain = 0.000 ; free physical = 48396 ; free virtual = 359655
INFO: [Physopt 32-953] Path group WNS did not improve. Path group: mmcm_clkout0_1. Processed net: bd_i/mvchan_3/inst/u_chan/u_engine/r_g_reg[2]_rep_n_0.
INFO: [Physopt 32-953] Path group WNS did not improve. Path group: mmcm_clkout0_1. Processed net: bd_i/mvchan_3/inst/u_chan/u_engine/g_cnt[6]_i_27_n_0.
INFO: [Physopt 32-953] Path group WNS did not improve. Path group: mmcm_clkout0_1. Processed net: bd_i/mvchan_3/inst/u_chan/u_engine/scales_q[63][15]_i_1_n_0_repN.
INFO: [Physopt 32-952] Improved path group WNS = -0.154. Path group: xdma_0_axi_aclk. Processed net: bd_i/layer_0/inst/u_core/u_dn/vdata_q_reg[17]_rep__2_n_0_repN_3.
INFO: [Physopt 32-952] Improved path group WNS = -0.154. Path group: xdma_0_axi_aclk. Processed net: bd_i/layer_0/inst/u_core/u_dn/g_lane[79].p2_p_reg[79]/DSP_A_B_DATA.B_ALU<0>.
INFO: [Physopt 32-952] Improved path group WNS = -0.154. Path group: xdma_0_axi_aclk. Processed net: bd_i/seq_0/inst/u_seq/pc_reg_n_0_[3].
INFO: [Physopt 32-952] Improved path group WNS = -0.154. Path group: xdma_0_axi_aclk. Processed net: bd_i/layer_0/inst/u_core/tcnt_bank_reg[4][1]_805[9].
INFO: [Physopt 32-952] Improved path group WNS = -0.154. Path group: xdma_0_axi_aclk. Processed net: bd_i/layer_0/inst/u_core/u_dn/g_lane[67].dm_p_reg[67]/DSP_A_B_DATA.B_ALU<0>.
INFO: [Physopt 32-952] Improved path group WNS = -0.153. Path group: xdma_0_axi_aclk. Processed net: bd_i/layer_0/inst/u_core/u_attn/g_lane[146].prod_reg[146]/DSP_A_B_DATA.B_ALU<0>.
INFO: [Physopt 32-952] Improved path group WNS = -0.153. Path group: xdma_0_axi_aclk. Processed net: bd_i/axil_slice_4/inst/w.w_pipe/Q[17].
INFO: [Physopt 32-952] Improved path group WNS = -0.153. Path group: xdma_0_axi_aclk. Processed net: bd_i/layer_0/inst/u_core/u_topk/tk_val[14].
INFO: [Physopt 32-952] Improved path group WNS = -0.153. Path group: xdma_0_axi_aclk. Processed net: bd_i/layer_0/inst/u_core/u_dma/fmem_reg_0_255_464_464/SPO0.
INFO: [Physopt 32-952] Improved path group WNS = -0.153. Path group: xdma_0_axi_aclk. Processed net: bd_i/axil_smc/inst/switchboards/i_nodes/i_r_node/inst/inst_mi_handler/gen_normal_area.inst_fifo_node_payld/gen_reg_fifo.inst_reg_fifo/m_sc_payld[8].
INFO: [Physopt 32-952] Improved path group WNS = -0.153. Path group: xdma_0_axi_aclk. Processed net: bd_i/layer_0/inst/u_core/u_dma/fmem_reg_0_255_96_96/SPO0.
INFO: [Physopt 32-952] Improved path group WNS = -0.152. Path group: xdma_0_axi_aclk. Processed net: bd_i/layer_0/inst/u_core/u_conv/u_silu/m3_reg/DSP_A_B_DATA.B_ALU<0>.
INFO: [Physopt 32-952] Improved path group WNS = -0.151. Path group: xdma_0_axi_aclk. Processed net: bd_i/layer_0/inst/u_core/u_dma/fmem_reg_0_255_170_170/SPO0.
INFO: [Physopt 32-952] Improved path group WNS = -0.151. Path group: xdma_0_axi_aclk. Processed net: bd_i/layer_0/inst/u_core/data1[7].
INFO: [Physopt 32-952] Improved path group WNS = -0.151. Path group: xdma_0_axi_aclk. Processed net: bd_i/layer_0/inst/u_core/g_kvslot[0].mem_reg_uram_21_n_421.
INFO: [Physopt 32-952] Improved path group WNS = -0.151. Path group: xdma_0_axi_aclk. Processed net: bd_i/layer_0/inst/u_core/u_attn/g_lane[98].prod_reg[98]/DSP_A_B_DATA.B_ALU<0>.
INFO: [Physopt 32-952] Improved path group WNS = -0.151. Path group: xdma_0_axi_aclk. Processed net: bd_i/layer_0/inst/u_core/u_dn/p_0_out__10__1/DSP_A_B_DATA.B_ALU<0>.
INFO: [Physopt 32-953] Path group WNS did not improve. Path group: xdma_0_axi_aclk. Processed net: bd_i/layer_0/inst/u_core/u_dn/g_lane[30].dm_p_reg[30]/DSP_PREADD_DATA.PREADD_AB<0>.
INFO: [Physopt 32-953] Path group WNS did not improve. Path group: xdma_0_axi_aclk. Processed net: bd_i/layer_0/inst/u_core/u_dn/vdata_q_reg[15]_rep__10_n_0.
INFO: [Physopt 32-953] Path group WNS did not improve. Path group: mmcm_clkout0_3. Processed net: bd_i/mvchan_2/inst/u_chan/u_engine/xline_q0_reg[0]__26_n_0.
INFO: [Physopt 32-953] Path group WNS did not improve. Path group: mmcm_clkout0_3. Processed net: bd_i/mvchan_2/inst/u_chan/u_streamer/f_wr_reg_n_0_[5].
INFO: [Physopt 32-953] Path group WNS did not improve. Path group: mmcm_clkout0_3. Processed net: bd_i/mvchan_2/inst/u_chan/u_engine/r_active_reg_0.
INFO: [Physopt 32-953] Path group WNS did not improve. Path group: mmcm_clkout0_3. Processed net: bd_i/mvchan_2/inst/u_chan/u_streamer/f_wr_reg[3]_0.
INFO: [Physopt 32-953] Path group WNS did not improve. Path group: mmcm_clkout0_3. Processed net: bd_i/mvchan_2/inst/u_chan/u_streamer/g_cnt[6]_i_24_n_0.
INFO: [Physopt 32-953] Path group WNS did not improve. Path group: mmcm_clkout0_3. Processed net: bd_i/mvchan_2/inst/u_chan/u_engine/g_q[6]_i_1_n_0_repN.
INFO: [Physopt 32-953] Path group WNS did not improve. Path group: mmcm_clkout0_1. Processed net: bd_i/mvchan_3/inst/u_chan/u_engine/scales_q_reg[41]_150[1].
INFO: [Physopt 32-953] Path group WNS did not improve. Path group: mmcm_clkout0_1. Processed net: bd_i/mvchan_3/inst/u_chan/u_engine/r_g_reg[2]_rep_n_0.
INFO: [Physopt 32-953] Path group WNS did not improve. Path group: mmcm_clkout0_1. Processed net: bd_i/mvchan_3/inst/u_chan/u_engine/r_active_reg_0.
INFO: [Physopt 32-953] Path group WNS did not improve. Path group: mmcm_clkout0_1. Processed net: bd_i/mvchan_3/inst/u_chan/u_engine/g_cnt[6]_i_4_n_0.
INFO: [Physopt 32-953] Path group WNS did not improve. Path group: mmcm_clkout0_1. Processed net: bd_i/mvchan_3/inst/u_chan/u_engine/g_cnt[6]_i_27_n_0.
INFO: [Physopt 32-953] Path group WNS did not improve. Path group: mmcm_clkout0_1. Processed net: bd_i/mvchan_3/inst/u_chan/u_engine/scales_q[63][15]_i_1_n_0_repN.
INFO: [Physopt 32-668] Current Timing Summary | WNS=-0.151 | TNS=-276.493 | WHS=0.001 | THS=0.000 |
Netlist sorting complete. Time (s): cpu = 00:00:00.15 ; elapsed = 00:00:00.15 . Memory (MB): peak = 14530.656 ; gain = 0.000 ; free physical = 48366 ; free virtual = 359626
Phase 2 Critical Path Optimization | Checksum: 25f6334d4

Time (s): cpu = 01:44:47 ; elapsed = 00:45:48 . Memory (MB): peak = 14530.656 ; gain = 2418.238 ; free physical = 48363 ; free virtual = 359624
INFO: [Physopt 32-715] Performed route finalization on the design.
Netlist sorting complete. Time (s): cpu = 00:00:00.1 ; elapsed = 00:00:00.11 . Memory (MB): peak = 14530.656 ; gain = 0.000 ; free physical = 48371 ; free virtual = 359631
INFO: [Physopt 32-669] Post Physical Optimization Timing Summary | WNS=-0.151 | TNS=-276.493 | WHS=0.001 | THS=0.000 |

Summary of Physical Synthesis Optimizations
============================================


-------------------------------------------------------------------------------------------------------------------------------------------------------------
|  Optimization   |  WNS Gain (ns)  |  TNS Gain (ns)  |  Added Cells  |  Removed Cells  |  Optimized Cells/Nets  |  Dont Touch  |  Iterations  |  Elapsed   |
-------------------------------------------------------------------------------------------------------------------------------------------------------------
|  Critical Path  |          0.012  |         49.080  |            0  |              0  |                    86  |           0  |           1  |  00:42:35  |
-------------------------------------------------------------------------------------------------------------------------------------------------------------


Netlist sorting complete. Time (s): cpu = 00:00:00.1 ; elapsed = 00:00:00.1 . Memory (MB): peak = 14530.656 ; gain = 0.000 ; free physical = 48363 ; free virtual = 359624
Ending Physical Synthesis Task | Checksum: 25f6334d4

Time (s): cpu = 01:45:41 ; elapsed = 00:46:16 . Memory (MB): peak = 14530.656 ; gain = 2418.238 ; free physical = 48356 ; free virtual = 359616
INFO: [Common 17-83] Releasing license: Implementation
142 Infos, 3 Warnings, 0 Critical Warnings and 0 Errors encountered.
phys_opt_design completed successfully
phys_opt_design: Time (s): cpu = 01:46:23 ; elapsed = 00:47:01 . Memory (MB): peak = 14530.656 ; gain = 2418.238 ; free physical = 48367 ; free virtual = 359628
get_timing_paths: Time (s): cpu = 00:03:47 ; elapsed = 00:00:45 . Memory (MB): peak = 14530.656 ; gain = 0.000 ; free physical = 48349 ; free virtual = 359609
get_timing_paths: Time (s): cpu = 00:00:49 ; elapsed = 00:00:06 . Memory (MB): peak = 14530.656 ; gain = 0.000 ; free physical = 48311 ; free virtual = 359571
POPB_AFTER_AlternateReplication: WNS=-0.151 WHS=0.001
INFO: [Timing 38-480] Writing timing data to binary archive.
Write ShapeDB Complete: Time (s): cpu = 00:00:07 ; elapsed = 00:00:02 . Memory (MB): peak = 14562.672 ; gain = 0.000 ; free physical = 48216 ; free virtual = 359587
Wrote PlaceDB: Time (s): cpu = 00:02:12 ; elapsed = 00:00:53 . Memory (MB): peak = 14562.672 ; gain = 0.000 ; free physical = 47434 ; free virtual = 359636
Wrote PulsedLatchDB: Time (s): cpu = 00:00:00 ; elapsed = 00:00:00 . Memory (MB): peak = 14562.672 ; gain = 0.000 ; free physical = 47477 ; free virtual = 359680
Writing XDEF routing.
Writing XDEF routing logical nets.
Writing XDEF routing special nets.
Wrote RouteStorage: Time (s): cpu = 00:00:25 ; elapsed = 00:00:13 . Memory (MB): peak = 14562.672 ; gain = 0.000 ; free physical = 47265 ; free virtual = 359602
Wrote Netlist Cache: Time (s): cpu = 00:00:01 ; elapsed = 00:00:01 . Memory (MB): peak = 14562.672 ; gain = 0.000 ; free physical = 47230 ; free virtual = 359640
Wrote Device Cache: Time (s): cpu = 00:00:00.03 ; elapsed = 00:00:00.05 . Memory (MB): peak = 14562.672 ; gain = 0.000 ; free physical = 47248 ; free virtual = 359661
Write Physdb Complete: Time (s): cpu = 00:02:38 ; elapsed = 00:01:10 . Memory (MB): peak = 14562.672 ; gain = 0.000 ; free physical = 47250 ; free virtual = 359662
report_design_analysis: Time (s): cpu = 00:02:21 ; elapsed = 00:00:39 . Memory (MB): peak = 14562.672 ; gain = 0.000 ; free physical = 47177 ; free virtual = 359597
INFO: [Common 17-1381] The checkpoint '/home/cah/r2d2/code/fpga/fable5_llm/synth/out_g5b_po_eto/best.dcp' has been generated.
write_checkpoint: Time (s): cpu = 00:05:31 ; elapsed = 00:02:24 . Memory (MB): peak = 14562.672 ; gain = 32.016 ; free physical = 47272 ; free virtual = 359693
POPB_NEWBEST: -0.151
Command: phys_opt_design -directive AggressiveFanoutOpt
Attempting to get a license for feature 'Implementation' and/or device 'xcvu9p'
INFO: [Common 17-349] Got license for feature 'Implementation' and/or device 'xcvu9p'
INFO: [Common 17-86] Your Implementation license expires in 16 day(s)
INFO: [Vivado_Tcl 4-241] Physical synthesis in post route mode 
INFO: [Vivado_Tcl 4-137] Directive used for phys_opt_design is: AggressiveFanoutOpt
INFO: [Vivado_Tcl 4-1435] PhysOpt_Tcl_Interface Runtime Before Starting Physical Synthesis Task | CPU: 36.99s |  WALL: 37.00s
INFO: [DRC 23-27] Running DRC with 8 threads
INFO: [Vivado_Tcl 4-198] DRC finished with 0 Errors
INFO: [Vivado_Tcl 4-199] Please refer to the DRC report (report_drc) for more information.
Netlist sorting complete. Time (s): cpu = 00:00:00.11 ; elapsed = 00:00:00.13 . Memory (MB): peak = 14562.672 ; gain = 0.000 ; free physical = 47192 ; free virtual = 359613

Starting Physical Synthesis Task

Phase 1 Physical Synthesis Initialization
INFO: [Physopt 32-721] Multithreading enabled for phys_opt_design using a maximum of 8 CPUs
INFO: [Place 30-3164] Check ILP status : ILP-based clock placer is skipped.
INFO: [Physopt 32-668] Current Timing Summary | WNS=-0.151 | TNS=-276.493 | WHS=0.001 | THS=0.000 |
Phase 1 Physical Synthesis Initialization | Checksum: 25f6334d4

Time (s): cpu = 00:06:24 ; elapsed = 00:03:02 . Memory (MB): peak = 14594.688 ; gain = 32.016 ; free physical = 47156 ; free virtual = 359577

Phase 2 Critical Path Optimization
INFO: [Physopt 32-668] Current Timing Summary | WNS=-0.151 | TNS=-276.493 | WHS=0.001 | THS=0.000 |
INFO: [Physopt 32-953] Path group WNS did not improve. Path group: xdma_0_axi_aclk. Processed net: bd_i/layer_0/inst/u_core/u_dn/g_lane[30].dm_p_reg[30]/DSP_PREADD_DATA.PREADD_AB<0>.
Nodegraph reading from file.  Time (s): cpu = 00:00:11 ; elapsed = 00:00:02 . Memory (MB): peak = 14594.688 ; gain = 0.000 ; free physical = 47151 ; free virtual = 359572
INFO: [Physopt 32-953] Path group WNS did not improve. Path group: xdma_0_axi_aclk. Processed net: bd_i/layer_0/inst/u_core/u_dn/vdata_q_reg[15]_rep__10_n_0.
Netlist sorting complete. Time (s): cpu = 00:00:00.1 ; elapsed = 00:00:00.1 . Memory (MB): peak = 14632.445 ; gain = 0.000 ; free physical = 47071 ; free virtual = 359494
INFO: [Physopt 32-953] Path group WNS did not improve. Path group: mmcm_clkout0_3. Processed net: bd_i/mvchan_2/inst/u_chan/u_engine/xline_q0_reg[0]__26_n_0.
Netlist sorting complete. Time (s): cpu = 00:00:00.12 ; elapsed = 00:00:00.13 . Memory (MB): peak = 14698.586 ; gain = 0.000 ; free physical = 47027 ; free virtual = 359450
INFO: [Physopt 32-953] Path group WNS did not improve. Path group: mmcm_clkout0_3. Processed net: bd_i/mvchan_2/inst/u_chan/u_streamer/f_wr_reg_n_0_[5].
INFO: [Physopt 32-953] Path group WNS did not improve. Path group: mmcm_clkout0_3. Processed net: bd_i/mvchan_2/inst/u_chan/u_engine/r_active_reg_0.
INFO: [Physopt 32-953] Path group WNS did not improve. Path group: mmcm_clkout0_3. Processed net: bd_i/mvchan_2/inst/u_chan/u_streamer/f_wr_reg[3]_0.
INFO: [Physopt 32-953] Path group WNS did not improve. Path group: mmcm_clkout0_3. Processed net: bd_i/mvchan_2/inst/u_chan/u_streamer/g_cnt[6]_i_24_n_0.
INFO: [Physopt 32-953] Path group WNS did not improve. Path group: mmcm_clkout0_3. Processed net: bd_i/mvchan_2/inst/u_chan/u_engine/g_q[6]_i_1_n_0_repN.
WARNING: [Place 30-1995] Horizontal BUFCE_ROW programmable delay is capped at 4 for clock net bd_i/ddr4_3/inst/u_ddr4_infrastructure/u_bufg_divClk_0 due to BITSLICE_CONTROL_PLL_RIU MAX_SKEW requirements
Netlist sorting complete. Time (s): cpu = 00:00:00.11 ; elapsed = 00:00:00.11 . Memory (MB): peak = 14822.641 ; gain = 0.000 ; free physical = 46869 ; free virtual = 359293
INFO: [Physopt 32-953] Path group WNS did not improve. Path group: mmcm_clkout0_1. Processed net: bd_i/mvchan_3/inst/u_chan/u_engine/scales_q_reg[41]_150[1].
WARNING: [Place 30-1995] Horizontal BUFCE_ROW programmable delay is capped at 4 for clock net bd_i/ddr4_3/inst/u_ddr4_infrastructure/u_bufg_divClk_0 due to BITSLICE_CONTROL_PLL_RIU MAX_SKEW requirements
Netlist sorting complete. Time (s): cpu = 00:00:00.1 ; elapsed = 00:00:00.11 . Memory (MB): peak = 14834.586 ; gain = 0.000 ; free physical = 46900 ; free virtual = 359324
INFO: [Physopt 32-953] Path group WNS did not improve. Path group: mmcm_clkout0_1. Processed net: bd_i/mvchan_3/inst/u_chan/u_engine/r_g_reg[2]_rep_n_0.
INFO: [Physopt 32-953] Path group WNS did not improve. Path group: mmcm_clkout0_1. Processed net: bd_i/mvchan_3/inst/u_chan/u_engine/r_active_reg_0.
INFO: [Physopt 32-953] Path group WNS did not improve. Path group: mmcm_clkout0_1. Processed net: bd_i/mvchan_3/inst/u_chan/u_engine/g_cnt[6]_i_4_n_0.
INFO: [Physopt 32-953] Path group WNS did not improve. Path group: mmcm_clkout0_1. Processed net: bd_i/mvchan_3/inst/u_chan/u_engine/g_cnt[6]_i_27_n_0.
INFO: [Physopt 32-953] Path group WNS did not improve. Path group: mmcm_clkout0_1. Processed net: bd_i/mvchan_3/inst/u_chan/u_engine/scales_q[63][15]_i_1_n_0_repN.
INFO: [Physopt 32-952] Improved path group WNS = -0.150. Path group: xdma_0_axi_aclk. Processed net: bd_i/layer_0/inst/u_core/u_dn/g_lane[30].dm_p_reg[30]/DSP_PREADD_DATA.PREADD_AB<0>.
INFO: [Physopt 32-952] Improved path group WNS = -0.150. Path group: xdma_0_axi_aclk. Processed net: bd_i/seq_0/inst/u_seq/pc_reg_n_0_[27].
INFO: [Physopt 32-952] Improved path group WNS = -0.150. Path group: xdma_0_axi_aclk. Processed net: bd_i/layer_0/inst/u_core/s_axil_rdata[3].
INFO: [Physopt 32-952] Improved path group WNS = -0.150. Path group: xdma_0_axi_aclk. Processed net: bd_i/layer_0/inst/u_core/g_kvslot[0].mem_reg_uram_19_n_421.
INFO: [Physopt 32-953] Path group WNS did not improve. Path group: xdma_0_axi_aclk. Processed net: bd_i/layer_0/inst/u_core/u_dn/o_sel_reg_n_0_[0].
INFO: [Physopt 32-953] Path group WNS did not improve. Path group: xdma_0_axi_aclk. Processed net: bd_i/layer_0/inst/u_core/u_dn/oi_reg_n_0_[3].
INFO: [Physopt 32-953] Path group WNS did not improve. Path group: xdma_0_axi_aclk. Processed net: bd_i/layer_0/inst/u_core/u_dn/o_sel[0]_i_3_n_0.
INFO: [Physopt 32-953] Path group WNS did not improve. Path group: xdma_0_axi_aclk. Processed net: bd_i/layer_0/inst/u_core/u_dn/o_sel_reg[0]_i_8_n_0.
INFO: [Physopt 32-953] Path group WNS did not improve. Path group: xdma_0_axi_aclk. Processed net: bd_i/layer_0/inst/u_core/u_dn/o_acc[0].
INFO: [Physopt 32-953] Path group WNS did not improve. Path group: mmcm_clkout0_3. Processed net: bd_i/mvchan_2/inst/u_chan/u_engine/xline_q0_reg[0]__26_n_0.
INFO: [Physopt 32-953] Path group WNS did not improve. Path group: mmcm_clkout0_3. Processed net: bd_i/mvchan_2/inst/u_chan/u_streamer/f_wr_reg_n_0_[5].
INFO: [Physopt 32-953] Path group WNS did not improve. Path group: mmcm_clkout0_3. Processed net: bd_i/mvchan_2/inst/u_chan/u_engine/r_active_reg_0.
INFO: [Physopt 32-953] Path group WNS did not improve. Path group: mmcm_clkout0_3. Processed net: bd_i/mvchan_2/inst/u_chan/u_streamer/f_wr_reg[3]_0.
INFO: [Physopt 32-953] Path group WNS did not improve. Path group: mmcm_clkout0_3. Processed net: bd_i/mvchan_2/inst/u_chan/u_streamer/g_cnt[6]_i_24_n_0.
INFO: [Physopt 32-953] Path group WNS did not improve. Path group: mmcm_clkout0_3. Processed net: bd_i/mvchan_2/inst/u_chan/u_engine/g_q[6]_i_1_n_0_repN.
INFO: [Physopt 32-953] Path group WNS did not improve. Path group: mmcm_clkout0_1. Processed net: bd_i/mvchan_3/inst/u_chan/u_engine/scales_q_reg[41]_150[1].
INFO: [Physopt 32-953] Path group WNS did not improve. Path group: mmcm_clkout0_1. Processed net: bd_i/mvchan_3/inst/u_chan/u_engine/r_g_reg[2]_rep_n_0.
INFO: [Physopt 32-953] Path group WNS did not improve. Path group: mmcm_clkout0_1. Processed net: bd_i/mvchan_3/inst/u_chan/u_engine/r_active_reg_0.
INFO: [Physopt 32-953] Path group WNS did not improve. Path group: mmcm_clkout0_1. Processed net: bd_i/mvchan_3/inst/u_chan/u_engine/g_cnt[6]_i_4_n_0.
INFO: [Physopt 32-953] Path group WNS did not improve. Path group: mmcm_clkout0_1. Processed net: bd_i/mvchan_3/inst/u_chan/u_engine/g_cnt[6]_i_27_n_0.
INFO: [Physopt 32-953] Path group WNS did not improve. Path group: mmcm_clkout0_1. Processed net: bd_i/mvchan_3/inst/u_chan/u_engine/scales_q[63][15]_i_1_n_0_repN.
INFO: [Physopt 32-668] Current Timing Summary | WNS=-0.150 | TNS=-276.060 | WHS=0.001 | THS=0.000 |
Netlist sorting complete. Time (s): cpu = 00:00:00.16 ; elapsed = 00:00:00.16 . Memory (MB): peak = 14842.590 ; gain = 0.000 ; free physical = 46901 ; free virtual = 359331
Phase 2 Critical Path Optimization | Checksum: 299865a05

Time (s): cpu = 01:09:16 ; elapsed = 00:23:12 . Memory (MB): peak = 14842.590 ; gain = 279.918 ; free physical = 46882 ; free virtual = 359312
INFO: [Physopt 32-715] Performed route finalization on the design.
Netlist sorting complete. Time (s): cpu = 00:00:00.11 ; elapsed = 00:00:00.1 . Memory (MB): peak = 14842.590 ; gain = 0.000 ; free physical = 46905 ; free virtual = 359335
INFO: [Physopt 32-669] Post Physical Optimization Timing Summary | WNS=-0.150 | TNS=-276.060 | WHS=0.001 | THS=0.000 |

Summary of Physical Synthesis Optimizations
============================================


-------------------------------------------------------------------------------------------------------------------------------------------------------------
|  Optimization   |  WNS Gain (ns)  |  TNS Gain (ns)  |  Added Cells  |  Removed Cells  |  Optimized Cells/Nets  |  Dont Touch  |  Iterations  |  Elapsed   |
-------------------------------------------------------------------------------------------------------------------------------------------------------------
|  Critical Path  |          0.001  |          0.433  |            0  |              0  |                     4  |           0  |           1  |  00:19:52  |
-------------------------------------------------------------------------------------------------------------------------------------------------------------


Netlist sorting complete. Time (s): cpu = 00:00:00.1 ; elapsed = 00:00:00.1 . Memory (MB): peak = 14842.590 ; gain = 0.000 ; free physical = 46898 ; free virtual = 359328
Ending Physical Synthesis Task | Checksum: 299865a05

Time (s): cpu = 01:10:10 ; elapsed = 00:23:40 . Memory (MB): peak = 14842.590 ; gain = 279.918 ; free physical = 46894 ; free virtual = 359324
INFO: [Common 17-83] Releasing license: Implementation
195 Infos, 5 Warnings, 0 Critical Warnings and 0 Errors encountered.
phys_opt_design completed successfully
phys_opt_design: Time (s): cpu = 01:11:55 ; elapsed = 00:24:40 . Memory (MB): peak = 14842.590 ; gain = 279.918 ; free physical = 46905 ; free virtual = 359335
get_timing_paths: Time (s): cpu = 00:03:40 ; elapsed = 00:00:43 . Memory (MB): peak = 14842.590 ; gain = 0.000 ; free physical = 46871 ; free virtual = 359301
get_timing_paths: Time (s): cpu = 00:00:48 ; elapsed = 00:00:06 . Memory (MB): peak = 14842.590 ; gain = 0.000 ; free physical = 46894 ; free virtual = 359324
POPB_AFTER_AggressiveFanoutOpt: WNS=-0.150 WHS=0.001
INFO: [Timing 38-480] Writing timing data to binary archive.
Write ShapeDB Complete: Time (s): cpu = 00:00:07 ; elapsed = 00:00:02 . Memory (MB): peak = 14866.602 ; gain = 0.000 ; free physical = 46790 ; free virtual = 359318
Wrote PlaceDB: Time (s): cpu = 00:02:09 ; elapsed = 00:00:53 . Memory (MB): peak = 14866.602 ; gain = 0.000 ; free physical = 45962 ; free virtual = 359334
Wrote PulsedLatchDB: Time (s): cpu = 00:00:00 ; elapsed = 00:00:00 . Memory (MB): peak = 14866.602 ; gain = 0.000 ; free physical = 45978 ; free virtual = 359350
Writing XDEF routing.
Writing XDEF routing logical nets.
Writing XDEF routing special nets.
Wrote RouteStorage: Time (s): cpu = 00:00:23 ; elapsed = 00:00:12 . Memory (MB): peak = 14866.602 ; gain = 0.000 ; free physical = 45782 ; free virtual = 359289
Wrote Netlist Cache: Time (s): cpu = 00:00:01 ; elapsed = 00:00:01 . Memory (MB): peak = 14866.602 ; gain = 0.000 ; free physical = 45732 ; free virtual = 359312
Wrote Device Cache: Time (s): cpu = 00:00:00.04 ; elapsed = 00:00:00.04 . Memory (MB): peak = 14866.602 ; gain = 0.000 ; free physical = 45740 ; free virtual = 359322
Write Physdb Complete: Time (s): cpu = 00:02:34 ; elapsed = 00:01:09 . Memory (MB): peak = 14866.602 ; gain = 0.000 ; free physical = 45741 ; free virtual = 359323
report_design_analysis: Time (s): cpu = 00:02:20 ; elapsed = 00:00:39 . Memory (MB): peak = 14866.602 ; gain = 0.000 ; free physical = 46184 ; free virtual = 359283
INFO: [Common 17-1381] The checkpoint '/home/cah/r2d2/code/fpga/fable5_llm/synth/out_g5b_po_eto/best.dcp' has been generated.
write_checkpoint: Time (s): cpu = 00:05:26 ; elapsed = 00:02:23 . Memory (MB): peak = 14866.602 ; gain = 24.012 ; free physical = 45781 ; free virtual = 359371
POPB_NEWBEST: -0.150
Command: phys_opt_design -directive Explore
Attempting to get a license for feature 'Implementation' and/or device 'xcvu9p'
INFO: [Common 17-349] Got license for feature 'Implementation' and/or device 'xcvu9p'
INFO: [Common 17-86] Your Implementation license expires in 16 day(s)
INFO: [Vivado_Tcl 4-241] Physical synthesis in post route mode 
INFO: [Vivado_Tcl 4-137] Directive used for phys_opt_design is: Explore
INFO: [Vivado_Tcl 4-1435] PhysOpt_Tcl_Interface Runtime Before Starting Physical Synthesis Task | CPU: 37.41s |  WALL: 37.42s
INFO: [DRC 23-27] Running DRC with 8 threads
INFO: [Vivado_Tcl 4-198] DRC finished with 0 Errors
INFO: [Vivado_Tcl 4-199] Please refer to the DRC report (report_drc) for more information.
Netlist sorting complete. Time (s): cpu = 00:00:00.11 ; elapsed = 00:00:00.13 . Memory (MB): peak = 14866.602 ; gain = 0.000 ; free physical = 45741 ; free virtual = 359331

Starting Physical Synthesis Task

Phase 1 Physical Synthesis Initialization
INFO: [Physopt 32-721] Multithreading enabled for phys_opt_design using a maximum of 8 CPUs
INFO: [Place 30-3164] Check ILP status : ILP-based clock placer is skipped.
INFO: [Physopt 32-668] Current Timing Summary | WNS=-0.150 | TNS=-276.060 | WHS=0.001 | THS=0.000 |
Phase 1 Physical Synthesis Initialization | Checksum: 299865a05

Time (s): cpu = 00:06:25 ; elapsed = 00:03:03 . Memory (MB): peak = 14898.617 ; gain = 32.016 ; free physical = 45652 ; free virtual = 359242

Phase 2 Critical Path Optimization
INFO: [Physopt 32-668] Current Timing Summary | WNS=-0.150 | TNS=-276.060 | WHS=0.001 | THS=0.000 |
INFO: [Physopt 32-953] Path group WNS did not improve. Path group: xdma_0_axi_aclk. Processed net: bd_i/layer_0/inst/u_core/u_dn/o_sel_reg_n_0_[0].
Netlist sorting complete. Time (s): cpu = 00:00:00.11 ; elapsed = 00:00:00.12 . Memory (MB): peak = 14898.617 ; gain = 0.000 ; free physical = 45638 ; free virtual = 359229
Nodegraph reading from file.  Time (s): cpu = 00:00:12 ; elapsed = 00:00:02 . Memory (MB): peak = 14898.617 ; gain = 0.000 ; free physical = 45606 ; free virtual = 359196
INFO: [Physopt 32-953] Path group WNS did not improve. Path group: xdma_0_axi_aclk. Processed net: bd_i/layer_0/inst/u_core/u_dn/oi_reg_n_0_[3].
INFO: [Physopt 32-953] Path group WNS did not improve. Path group: xdma_0_axi_aclk. Processed net: bd_i/layer_0/inst/u_core/u_dn/o_sel[0]_i_3_n_0.
INFO: [Physopt 32-952] Improved path group WNS = -0.150. Path group: xdma_0_axi_aclk. Processed net: bd_i/layer_0/inst/u_core/u_dn/o_sel_reg[0]_i_8_n_0.
INFO: [Physopt 32-952] Improved path group WNS = -0.150. Path group: xdma_0_axi_aclk. Processed net: bd_i/layer_0/inst/u_core/u_dma/fmem_reg_0_255_73_73/SPO2.
INFO: [Physopt 32-952] Improved path group WNS = -0.150. Path group: xdma_0_axi_aclk. Processed net: bd_i/layer_0/inst/u_core/n_elems_reg_n_0_[12].
INFO: [Physopt 32-952] Improved path group WNS = -0.150. Path group: xdma_0_axi_aclk. Processed net: bd_i/seq_0/inst/u_seq/pc_reg_n_0_[17].
INFO: [Physopt 32-952] Improved path group WNS = -0.150. Path group: xdma_0_axi_aclk. Processed net: bd_i/layer_0/inst/u_core/u_dn/p_1_out__31/DSP_A_B_DATA.B_ALU<0>.
INFO: [Physopt 32-952] Improved path group WNS = -0.150. Path group: xdma_0_axi_aclk. Processed net: bd_i/layer_0/inst/u_core/u_vn/ss_acc0_i_11_psdsp_n.
INFO: [Physopt 32-952] Improved path group WNS = -0.149. Path group: xdma_0_axi_aclk. Processed net: bd_i/layer_0/inst/u_core/u_topk/tk_val[11].
INFO: [Physopt 32-952] Improved path group WNS = -0.149. Path group: xdma_0_axi_aclk. Processed net: bd_i/layer_0/inst/u_core/ld_n_reg_n_0_[1].
INFO: [Physopt 32-952] Improved path group WNS = -0.149. Path group: xdma_0_axi_aclk. Processed net: bd_i/layer_0/inst/u_core/u_dma/fmem_reg_0_255_39_39/DPO3.
INFO: [Physopt 32-952] Improved path group WNS = -0.149. Path group: xdma_0_axi_aclk. Processed net: bd_i/layer_0/inst/u_core/u_dn/p_0_out__3__4/DSP_A_B_DATA.B_ALU<0>.
INFO: [Physopt 32-952] Improved path group WNS = -0.149. Path group: xdma_0_axi_aclk. Processed net: bd_i/layer_0/inst/u_core/u_dn/g_lane[113].p2_p_reg[113]_i_8_psdsp_n_1.
INFO: [Physopt 32-952] Improved path group WNS = -0.149. Path group: xdma_0_axi_aclk. Processed net: bd_i/layer_0/inst/u_core/u_attn/g_lane[193].pv_s_reg_n_0_[193][17].
INFO: [Physopt 32-952] Improved path group WNS = -0.149. Path group: xdma_0_axi_aclk. Processed net: bd_i/layer_0/inst/u_core/u_dn/p_0_out__21/DSP_PREADD_DATA.PREADD_AB<0>.
INFO: [Physopt 32-952] Improved path group WNS = -0.148. Path group: xdma_0_axi_aclk. Processed net: bd_i/layer_0/inst/u_core/krow_reg_n_0_[702].
INFO: [Physopt 32-953] Path group WNS did not improve. Path group: xdma_0_axi_aclk. Processed net: bd_i/axil_smc/inst/switchboards/i_nodes/i_r_node/inst/inst_mi_handler/gen_normal_area.inst_fifo_node_payld/gen_reg_fifo.inst_reg_fifo/m_sc_payld[5].
Netlist sorting complete. Time (s): cpu = 00:00:00.11 ; elapsed = 00:00:00.11 . Memory (MB): peak = 14898.617 ; gain = 0.000 ; free physical = 43985 ; free virtual = 357651
INFO: [Physopt 32-663] Processed net bd_i/axil_slice_4/inst/r.r_pipe/s_axi_rvalid_repN.  Re-placed instance bd_i/axil_slice_4/inst/r.r_pipe/m_valid_i_reg_replica
INFO: [Physopt 32-952] Improved path group WNS = -0.148. Path group: xdma_0_axi_aclk. Processed net: bd_i/axil_slice_4/inst/r.r_pipe/s_axi_rvalid_repN.
INFO: [Physopt 32-952] Improved path group WNS = -0.148. Path group: xdma_0_axi_aclk. Processed net: bd_i/layer_0/inst/u_core/u_dn/g_lane[86].dm_p_reg[86]/XOROUT[0].
INFO: [Physopt 32-953] Path group WNS did not improve. Path group: xdma_0_axi_aclk. Processed net: bd_i/layer_0/inst/u_core/u_dma/fmem_reg_0_255_167_167/DPO0.
INFO: [Physopt 32-663] Processed net bd_i/layer_0/inst/u_core/dma_kind_reg[1]_rep__13_n_0.  Re-placed instance bd_i/layer_0/inst/u_core/dma_kind_reg[1]_rep__13
INFO: [Physopt 32-952] Improved path group WNS = -0.148. Path group: xdma_0_axi_aclk. Processed net: bd_i/layer_0/inst/u_core/dma_kind_reg[1]_rep__13_n_0.
INFO: [Physopt 32-952] Improved path group WNS = -0.148. Path group: xdma_0_axi_aclk. Processed net: bd_i/axil_slice_4/inst/ar.ar_pipe/m_axi_arvalid.
INFO: [Physopt 32-952] Improved path group WNS = -0.148. Path group: xdma_0_axi_aclk. Processed net: bd_i/layer_0/inst/u_core/u_dma/fmem_reg_0_255_33_33/SPO2.
INFO: [Physopt 32-952] Improved path group WNS = -0.147. Path group: xdma_0_axi_aclk. Processed net: bd_i/layer_0/inst/u_core/u_dma/fmem_reg_0_255_80_80/SPO3.
INFO: [Physopt 32-953] Path group WNS did not improve. Path group: xdma_0_axi_aclk. Processed net: bd_i/layer_0/inst/u_core/u_dn/p_1_out__10__10/DSP_PREADD_DATA.PREADD_AB<0>.
INFO: [Physopt 32-663] Processed net bd_i/layer_0/inst/u_core/u_dn/vdata_q_reg[15]_rep__10_n_0.  Re-placed instance bd_i/layer_0/inst/u_core/u_dn/vdata_q_reg[15]_rep__10
INFO: [Physopt 32-952] Improved path group WNS = -0.147. Path group: xdma_0_axi_aclk. Processed net: bd_i/layer_0/inst/u_core/u_dn/vdata_q_reg[15]_rep__10_n_0.
INFO: [Physopt 32-952] Improved path group WNS = -0.147. Path group: xdma_0_axi_aclk. Processed net: bd_i/layer_0/inst/u_core/u_dn/g_lane[103].kvm_acc_reg[103]/DSP_A_B_DATA.B_ALU<0>.
INFO: [Physopt 32-952] Improved path group WNS = -0.146. Path group: xdma_0_axi_aclk. Processed net: bd_i/layer_0/inst/u_core/u_attn/g_lane[31].prod_reg[31]/DSP_A_B_DATA.B_ALU<0>.
INFO: [Physopt 32-952] Improved path group WNS = -0.146. Path group: xdma_0_axi_aclk. Processed net: bd_i/layer_0/inst/u_core/u_attn/g_lane[94].prod_reg[94]/DSP_A_B_DATA.B_ALU<0>.
INFO: [Physopt 32-952] Improved path group WNS = -0.145. Path group: xdma_0_axi_aclk. Processed net: bd_i/layer_0/inst/u_core/cs_wd_reg_n_0_[36].
INFO: [Physopt 32-953] Path group WNS did not improve. Path group: xdma_0_axi_aclk. Processed net: bd_i/layer_0/inst/u_core/s_axil_rdata[7].
INFO: [Physopt 32-953] Path group WNS did not improve. Path group: xdma_0_axi_aclk. Processed net: bd_i/layer_0/inst/u_core/smem_a_reg_bram_0_n_60.
INFO: [Physopt 32-663] Processed net bd_i/layer_0/inst/u_core/s_axil_rdata[7]_i_2_n_0.  Re-placed instance bd_i/layer_0/inst/u_core/s_axil_rdata[7]_i_2_comp_1
INFO: [Physopt 32-952] Improved path group WNS = -0.145. Path group: xdma_0_axi_aclk. Processed net: bd_i/layer_0/inst/u_core/s_axil_rdata[7]_i_2_n_0.
INFO: [Physopt 32-952] Improved path group WNS = -0.145. Path group: xdma_0_axi_aclk. Processed net: bd_i/layer_0/inst/u_core/u_attn/g_lane[195].pv_p_reg[195]/DSP_A_B_DATA.B_ALU<0>.
INFO: [Physopt 32-952] Improved path group WNS = -0.145. Path group: xdma_0_axi_aclk. Processed net: bd_i/layer_0/inst/u_core/u_dn/g_lane[72].p2_p_reg[72]_i_10_psdsp_n_2.
INFO: [Physopt 32-952] Improved path group WNS = -0.145. Path group: xdma_0_axi_aclk. Processed net: bd_i/layer_0/inst/u_core/u_alu/r_res_reg_n_0_[24].
INFO: [Physopt 32-952] Improved path group WNS = -0.145. Path group: xdma_0_axi_aclk. Processed net: bd_i/layer_0/inst/u_core/u_alu/r_res_reg_n_0_[6].
INFO: [Physopt 32-952] Improved path group WNS = -0.145. Path group: xdma_0_axi_aclk. Processed net: bd_i/layer_0/inst/u_core/g_kvslot[1].mem_reg_uram_31_n_421.
INFO: [Physopt 32-952] Improved path group WNS = -0.145. Path group: xdma_0_axi_aclk. Processed net: bd_i/layer_0/inst/u_core/s_axil_rdata[12].
INFO: [Physopt 32-952] Improved path group WNS = -0.145. Path group: xdma_0_axi_aclk. Processed net: bd_i/layer_0/inst/u_core/u_dn/p_0_out__4__10/DSP_A_B_DATA.B_ALU<0>.
INFO: [Physopt 32-952] Improved path group WNS = -0.144. Path group: xdma_0_axi_aclk. Processed net: bd_i/layer_0/inst/u_core/u_alu/r_res_reg_n_0_[15].
INFO: [Physopt 32-952] Improved path group WNS = -0.144. Path group: xdma_0_axi_aclk. Processed net: bd_i/layer_0/inst/u_core/cs_wd_reg_n_0_[43].
INFO: [Physopt 32-952] Improved path group WNS = -0.144. Path group: xdma_0_axi_aclk. Processed net: bd_i/axil_slice_4/inst/w.w_pipe/Q[10].
INFO: [Physopt 32-952] Improved path group WNS = -0.144. Path group: xdma_0_axi_aclk. Processed net: bd_i/layer_0/inst/u_core/u_attn/g_lane[235].pv_p_reg[235]/XOROUT[0].
INFO: [Physopt 32-952] Improved path group WNS = -0.144. Path group: xdma_0_axi_aclk. Processed net: bd_i/layer_0/inst/u_core/u_dn/p_1_out__17__1/DSP_PREADD_DATA.PREADD_AB<0>.
INFO: [Physopt 32-952] Improved path group WNS = -0.144. Path group: xdma_0_axi_aclk. Processed net: bd_i/layer_0/inst/u_core/u_attn/g_lane[196].pv_abs_reg[196]_285[24].
INFO: [Physopt 32-952] Improved path group WNS = -0.143. Path group: xdma_0_axi_aclk. Processed net: bd_i/layer_0/inst/u_core/krow_reg_n_0_[1614].
INFO: [Physopt 32-952] Improved path group WNS = -0.143. Path group: xdma_0_axi_aclk. Processed net: bd_i/layer_0/inst/u_core/u_dn/g_lane[67].dec_p_reg[67]/DSP_A_B_DATA.B_ALU<0>.
INFO: [Physopt 32-952] Improved path group WNS = -0.142. Path group: xdma_0_axi_aclk. Processed net: bd_i/layer_0/inst/u_core/smem_b_reg_bram_3_n_1.
INFO: [Physopt 32-952] Improved path group WNS = -0.142. Path group: xdma_0_axi_aclk. Processed net: bd_i/layer_0/inst/u_core/data1[0].
INFO: [Physopt 32-952] Improved path group WNS = -0.142. Path group: xdma_0_axi_aclk. Processed net: bd_i/axi_smc/inst/s00_entry_pipeline/s00_mmu/inst/r_sreg/m_vector_i_reg[1314]_0[92].
INFO: [Physopt 32-952] Improved path group WNS = -0.142. Path group: xdma_0_axi_aclk. Processed net: bd_i/layer_0/inst/u_core/u_alu/fdat_reg_0_3_0_13_i_9_psdsp_n.
INFO: [Physopt 32-952] Improved path group WNS = -0.142. Path group: xdma_0_axi_aclk. Processed net: bd_i/layer_0/inst/u_core/u_dn/g_lane[3].p2_p_reg[3]/DSP_A_B_DATA.B_ALU<0>.
INFO: [Physopt 32-952] Improved path group WNS = -0.141. Path group: xdma_0_axi_aclk. Processed net: bd_i/layer_0/inst/u_core/g_dnslot[1].mem_reg_uram_21_n_421.
INFO: [Physopt 32-952] Improved path group WNS = -0.141. Path group: xdma_0_axi_aclk. Processed net: bd_i/layer_0/inst/u_core/s_axil_rdata[8].
INFO: [Physopt 32-952] Improved path group WNS = -0.141. Path group: xdma_0_axi_aclk. Processed net: bd_i/layer_0/inst/u_core/u_attn/g_lane[12].prod_reg[12]/DSP_A_B_DATA.B_ALU<0>.
INFO: [Physopt 32-952] Improved path group WNS = -0.141. Path group: xdma_0_axi_aclk. Processed net: bd_i/layer_0/inst/u_core/tcnt_bank_reg[4][1]_805[8].
INFO: [Physopt 32-952] Improved path group WNS = -0.141. Path group: xdma_0_axi_aclk. Processed net: bd_i/layer_0/inst/u_core/u_dn/p_0_out__1__9/XOROUT[0].
INFO: [Physopt 32-952] Improved path group WNS = -0.141. Path group: xdma_0_axi_aclk. Processed net: bd_i/layer_0/inst/u_core/u_dma/fmem_reg_0_255_21_21/SPO0.
Netlist sorting complete. Time (s): cpu = 00:00:00.11 ; elapsed = 00:00:00.12 . Memory (MB): peak = 14954.336 ; gain = 0.000 ; free physical = 43611 ; free virtual = 357280
INFO: [Physopt 32-953] Path group WNS did not improve. Path group: xdma_0_axi_aclk. Processed net: bd_i/layer_0/inst/u_core/s16q_reg_n_0_[4].
INFO: [Physopt 32-953] Path group WNS did not improve. Path group: xdma_0_axi_aclk. Processed net: bd_i/layer_0/inst/u_core/smem_a_reg_bram_0_n_63.
INFO: [Physopt 32-952] Improved path group WNS = -0.141. Path group: xdma_0_axi_aclk. Processed net: bd_i/layer_0/inst/u_core/u_alu/sa_q[4].
INFO: [Physopt 32-952] Improved path group WNS = -0.141. Path group: xdma_0_axi_aclk. Processed net: bd_i/layer_0/inst/u_core/u_alu/cp_a16_reg_n_0_[6].
INFO: [Physopt 32-952] Improved path group WNS = -0.141. Path group: xdma_0_axi_aclk. Processed net: bd_i/seq_0/inst/u_seq/pc_reg_n_0_[9].
INFO: [Physopt 32-952] Improved path group WNS = -0.140. Path group: xdma_0_axi_aclk. Processed net: bd_i/layer_0/inst/u_core/u_attn/o_g4_reg[3]_1114[16].
INFO: [Physopt 32-953] Path group WNS did not improve. Path group: xdma_0_axi_aclk. Processed net: bd_i/layer_0/inst/u_core/u_topk/tk_idx[17].
Netlist sorting complete. Time (s): cpu = 00:00:00.1 ; elapsed = 00:00:00.12 . Memory (MB): peak = 14979.977 ; gain = 0.000 ; free physical = 42087 ; free virtual = 355758
INFO: [Physopt 32-953] Path group WNS did not improve. Path group: xdma_0_axi_aclk. Processed net: bd_i/axil_slice_5/inst/ar.ar_pipe/m_axi_arvalid.
INFO: [Physopt 32-953] Path group WNS did not improve. Path group: xdma_0_axi_aclk. Processed net: bd_i/layer_0/inst/u_core/u_topk/sel_reg[17]_i_3_n_0.
INFO: [Physopt 32-953] Path group WNS did not improve. Path group: xdma_0_axi_aclk. Processed net: bd_i/layer_0/inst/u_core/u_topk/sel[17]_i_9_n_0.
INFO: [Physopt 32-952] Improved path group WNS = -0.140. Path group: xdma_0_axi_aclk. Processed net: bd_i/layer_0/inst/u_core/u_topk/sel[49]_i_16_n_0.
INFO: [Physopt 32-952] Improved path group WNS = -0.140. Path group: xdma_0_axi_aclk. Processed net: bd_i/layer_0/inst/u_core/u_topk/Q[8].
INFO: [Physopt 32-952] Improved path group WNS = -0.140. Path group: xdma_0_axi_aclk. Processed net: bd_i/layer_0/inst/u_core/u_dma/fmem_reg_0_255_92_92/DPO0.
INFO: [Physopt 32-952] Improved path group WNS = -0.140. Path group: xdma_0_axi_aclk. Processed net: bd_i/layer_0/inst/u_core/g_dnslot[0].mem_reg_uram_26_n_421.
INFO: [Physopt 32-952] Improved path group WNS = -0.140. Path group: xdma_0_axi_aclk. Processed net: bd_i/layer_0/inst/u_core/u_attn/g_lane[159].pv_p_reg[159]/DSP_A_B_DATA.B_ALU<0>.
INFO: [Physopt 32-952] Improved path group WNS = -0.140. Path group: xdma_0_axi_aclk. Processed net: bd_i/layer_0/inst/u_core/u_topk/ent_reg[24][38]_0.
INFO: [Physopt 32-952] Improved path group WNS = -0.139. Path group: xdma_0_axi_aclk. Processed net: bd_i/layer_0/inst/u_core/u_dn/g_lane[93].p2_p_reg[93]/DSP_A_B_DATA.B_ALU<0>.
INFO: [Physopt 32-952] Improved path group WNS = -0.139. Path group: xdma_0_axi_aclk. Processed net: bd_i/layer_0/inst/u_core/ld_n_reg_n_0_[10].
INFO: [Physopt 32-952] Improved path group WNS = -0.139. Path group: xdma_0_axi_aclk. Processed net: bd_i/layer_0/inst/u_core/u_dn/g_lane[11].dm_p_reg[11]/DSP_PREADD_DATA.PREADD_AB<0>.
INFO: [Physopt 32-952] Improved path group WNS = -0.139. Path group: xdma_0_axi_aclk. Processed net: bd_i/layer_0/inst/u_core/u_attn/g_lane[2].prod_reg[2]/DSP_A_B_DATA.B_ALU<0>.
INFO: [Physopt 32-952] Improved path group WNS = -0.138. Path group: xdma_0_axi_aclk. Processed net: bd_i/layer_0/inst/u_core/u_dn/p_1_out__27__1_i_10_psdsp_n.
INFO: [Physopt 32-952] Improved path group WNS = -0.138. Path group: xdma_0_axi_aclk. Processed net: bd_i/layer_0/inst/u_core/u_dn/g_lane[58].dec_p_reg[58]/DSP_A_B_DATA.B_ALU<0>.
INFO: [Physopt 32-952] Improved path group WNS = -0.138. Path group: xdma_0_axi_aclk. Processed net: bd_i/layer_0/inst/u_core/u_alu/r_res_reg_n_0_[0].
INFO: [Physopt 32-952] Improved path group WNS = -0.138. Path group: xdma_0_axi_aclk. Processed net: bd_i/layer_0/inst/u_core/u_dn/o_sel_reg_n_0_[7].
INFO: [Physopt 32-952] Improved path group WNS = -0.137. Path group: xdma_0_axi_aclk. Processed net: bd_i/layer_0/inst/u_core/g_kvslot[1].mem_reg_uram_21_n_421.
INFO: [Physopt 32-952] Improved path group WNS = -0.137. Path group: xdma_0_axi_aclk. Processed net: bd_i/layer_0/inst/u_core/u_attn/o_g4_reg[3]_1114[29].
INFO: [Physopt 32-952] Improved path group WNS = -0.137. Path group: xdma_0_axi_aclk. Processed net: bd_i/layer_0/inst/u_core/u_dn/p_1_out__0__18/DSP_PREADD_DATA.PREADD_AB<0>.
INFO: [Physopt 32-953] Path group WNS did not improve. Path group: xdma_0_axi_aclk. Processed net: bd_i/layer_0/inst/u_core/u_alu/cp_b16[1].
INFO: [Physopt 32-953] Path group WNS did not improve. Path group: xdma_0_axi_aclk. Processed net: bd_i/layer_0/inst/u_core/smem_b_reg_bram_0_n_66.
INFO: [Physopt 32-953] Path group WNS did not improve. Path group: xdma_0_axi_aclk. Processed net: bd_i/layer_0/inst/u_core/u_alu/sb_q[1].
INFO: [Physopt 32-953] Path group WNS did not improve. Path group: xdma_0_axi_aclk. Processed net: bd_i/layer_0/inst/u_core/smem_b_reg_bram_7_n_130.
INFO: [Physopt 32-953] Path group WNS did not improve. Path group: xdma_0_axi_aclk. Processed net: bd_i/layer_0/inst/u_core/smem_b_reg_bram_6_n_66.
INFO: [Physopt 32-953] Path group WNS did not improve. Path group: xdma_0_axi_aclk. Processed net: bd_i/layer_0/inst/u_core/smem_b_reg_bram_5_n_66.
INFO: [Physopt 32-953] Path group WNS did not improve. Path group: xdma_0_axi_aclk. Processed net: bd_i/layer_0/inst/u_core/smem_b_reg_bram_4_n_66.
INFO: [Physopt 32-953] Path group WNS did not improve. Path group: xdma_0_axi_aclk. Processed net: bd_i/layer_0/inst/u_core/smem_b_reg_bram_3_n_66.
INFO: [Physopt 32-953] Path group WNS did not improve. Path group: xdma_0_axi_aclk. Processed net: bd_i/layer_0/inst/u_core/smem_b_reg_bram_2_n_66.
INFO: [Physopt 32-953] Path group WNS did not improve. Path group: xdma_0_axi_aclk. Processed net: bd_i/layer_0/inst/u_core/smem_b_reg_bram_1_n_66.
Netlist sorting complete. Time (s): cpu = 00:00:00.11 ; elapsed = 00:00:00.12 . Memory (MB): peak = 15022.719 ; gain = 0.000 ; free physical = 34977 ; free virtual = 348660
INFO: [Physopt 32-953] Path group WNS did not improve. Path group: mmcm_clkout0_3. Processed net: bd_i/mvchan_2/inst/u_chan/u_engine/xline_q0_reg[0]__26_n_0.
Netlist sorting complete. Time (s): cpu = 00:00:00.11 ; elapsed = 00:00:00.11 . Memory (MB): peak = 15048.359 ; gain = 0.000 ; free physical = 34539 ; free virtual = 348225
INFO: [Physopt 32-953] Path group WNS did not improve. Path group: mmcm_clkout0_3. Processed net: bd_i/mvchan_2/inst/u_chan/u_streamer/f_wr_reg_n_0_[5].
INFO: [Physopt 32-953] Path group WNS did not improve. Path group: mmcm_clkout0_3. Processed net: bd_i/mvchan_2/inst/u_chan/u_engine/r_active_reg_0.
INFO: [Physopt 32-953] Path group WNS did not improve. Path group: mmcm_clkout0_3. Processed net: bd_i/mvchan_2/inst/u_chan/u_streamer/f_wr_reg[3]_0.
INFO: [Physopt 32-953] Path group WNS did not improve. Path group: mmcm_clkout0_3. Processed net: bd_i/mvchan_2/inst/u_chan/u_streamer/g_cnt[6]_i_24_n_0.
INFO: [Physopt 32-953] Path group WNS did not improve. Path group: mmcm_clkout0_3. Processed net: bd_i/mvchan_2/inst/u_chan/u_engine/g_q[6]_i_1_n_0_repN.
WARNING: [Place 30-1995] Horizontal BUFCE_ROW programmable delay is capped at 4 for clock net bd_i/ddr4_3/inst/u_ddr4_infrastructure/u_bufg_divClk_0 due to BITSLICE_CONTROL_PLL_RIU MAX_SKEW requirements
Netlist sorting complete. Time (s): cpu = 00:00:00.15 ; elapsed = 00:00:00.15 . Memory (MB): peak = 15056.363 ; gain = 0.000 ; free physical = 35258 ; free virtual = 348952
INFO: [Physopt 32-953] Path group WNS did not improve. Path group: mmcm_clkout0_1. Processed net: bd_i/mvchan_3/inst/u_chan/u_engine/scales_q_reg[41]_150[1].
WARNING: [Place 30-1995] Horizontal BUFCE_ROW programmable delay is capped at 4 for clock net bd_i/ddr4_3/inst/u_ddr4_infrastructure/u_bufg_divClk_0 due to BITSLICE_CONTROL_PLL_RIU MAX_SKEW requirements
Netlist sorting complete. Time (s): cpu = 00:00:00.11 ; elapsed = 00:00:00.11 . Memory (MB): peak = 15094.500 ; gain = 0.000 ; free physical = 34515 ; free virtual = 348210
INFO: [Physopt 32-953] Path group WNS did not improve. Path group: mmcm_clkout0_1. Processed net: bd_i/mvchan_3/inst/u_chan/u_engine/r_g_reg[2]_rep_n_0.
INFO: [Physopt 32-953] Path group WNS did not improve. Path group: mmcm_clkout0_1. Processed net: bd_i/mvchan_3/inst/u_chan/u_engine/r_active_reg_0.
INFO: [Physopt 32-953] Path group WNS did not improve. Path group: mmcm_clkout0_1. Processed net: bd_i/mvchan_3/inst/u_chan/u_engine/g_cnt[6]_i_4_n_0.
INFO: [Physopt 32-953] Path group WNS did not improve. Path group: mmcm_clkout0_1. Processed net: bd_i/mvchan_3/inst/u_chan/u_engine/g_cnt[6]_i_27_n_0.
INFO: [Physopt 32-953] Path group WNS did not improve. Path group: mmcm_clkout0_1. Processed net: bd_i/mvchan_3/inst/u_chan/u_engine/scales_q[63][15]_i_1_n_0_repN.
INFO: [Physopt 32-952] Improved path group WNS = -0.137. Path group: xdma_0_axi_aclk. Processed net: bd_i/layer_0/inst/u_core/u_alu/cp_b16[1].
INFO: [Physopt 32-952] Improved path group WNS = -0.137. Path group: xdma_0_axi_aclk. Processed net: bd_i/layer_0/inst/u_core/dn_vdata_reg_n_0_[0].
INFO: [Physopt 32-952] Improved path group WNS = -0.136. Path group: xdma_0_axi_aclk. Processed net: bd_i/layer_0/inst/u_core/u_dma/fmem_reg_0_255_137_137/SPO0.
INFO: [Physopt 32-952] Improved path group WNS = -0.136. Path group: xdma_0_axi_aclk. Processed net: bd_i/layer_0/inst/u_core/u_dn/g_lane[104].p2_p_reg[104]/DSP_A_B_DATA.B_ALU<0>.
INFO: [Physopt 32-952] Improved path group WNS = -0.136. Path group: xdma_0_axi_aclk. Processed net: bd_i/layer_0/inst/u_core/cs_wd_reg_n_0_[40].
INFO: [Physopt 32-952] Improved path group WNS = -0.136. Path group: xdma_0_axi_aclk. Processed net: bd_i/layer_0/inst/u_core/s_axil_rdata[10].
INFO: [Physopt 32-952] Improved path group WNS = -0.135. Path group: xdma_0_axi_aclk. Processed net: bd_i/layer_0/inst/u_core/u_attn/g_lane[196].pv_abs_reg[196]_285[22].
INFO: [Physopt 32-952] Improved path group WNS = -0.135. Path group: xdma_0_axi_aclk. Processed net: bd_i/layer_0/inst/u_core/u_dn/vdata_q_reg[2]_rep__2_n_0_repN_6.
INFO: [Physopt 32-952] Improved path group WNS = -0.135. Path group: xdma_0_axi_aclk. Processed net: bd_i/layer_0/inst/u_core/u_dn/p_1_out__21__7/DSP_A_B_DATA.B_ALU<0>.
INFO: [Physopt 32-952] Improved path group WNS = -0.135. Path group: xdma_0_axi_aclk. Processed net: bd_i/layer_0/inst/u_core/u_dn/g_lane[107].p2_p_reg[107]_i_14_psdsp_n_2.
INFO: [Physopt 32-952] Improved path group WNS = -0.135. Path group: xdma_0_axi_aclk. Processed net: bd_i/layer_0/inst/u_core/u_dn/g_lane[59].kvm_acc_reg[59]_i_8_psdsp_n.
INFO: [Physopt 32-952] Improved path group WNS = -0.134. Path group: xdma_0_axi_aclk. Processed net: bd_i/layer_0/inst/u_core/u_dn/g_lane[90].dec_p_reg[90]/DSP_A_B_DATA.B_ALU<0>.
INFO: [Physopt 32-952] Improved path group WNS = -0.134. Path group: xdma_0_axi_aclk. Processed net: bd_i/layer_0/inst/u_core/gt_wdata_reg_n_0_[17].
INFO: [Physopt 32-952] Improved path group WNS = -0.134. Path group: xdma_0_axi_aclk. Processed net: bd_i/layer_0/inst/u_core/u_dma/fmem_reg_0_255_229_229/DPO3.
INFO: [Physopt 32-952] Improved path group WNS = -0.134. Path group: xdma_0_axi_aclk. Processed net: bd_i/layer_0/inst/u_core/u_dma/fmem_reg_0_255_312_312/SPO0.
INFO: [Physopt 32-952] Improved path group WNS = -0.134. Path group: xdma_0_axi_aclk. Processed net: bd_i/layer_0/inst/u_core/u_attn/o_g4_reg[3]_1114[19].
INFO: [Physopt 32-952] Improved path group WNS = -0.133. Path group: xdma_0_axi_aclk. Processed net: bd_i/layer_0/inst/u_core/u_dma/fmem_reg_0_255_477_477/SPO2.
INFO: [Physopt 32-952] Improved path group WNS = -0.133. Path group: xdma_0_axi_aclk. Processed net: bd_i/layer_0/inst/u_core/u_alu/cp_b16[8].
INFO: [Physopt 32-952] Improved path group WNS = -0.133. Path group: xdma_0_axi_aclk. Processed net: bd_i/layer_0/inst/u_core/krow_reg_n_0_[534].
INFO: [Physopt 32-952] Improved path group WNS = -0.133. Path group: xdma_0_axi_aclk. Processed net: bd_i/layer_0/inst/u_core/u_dn/p_1_out__3__11/DSP_A_B_DATA.B_ALU<0>.
INFO: [Physopt 32-952] Improved path group WNS = -0.133. Path group: xdma_0_axi_aclk. Processed net: bd_i/layer_0/inst/u_core/u_dma/fmem_reg_0_255_349_349/DPO0.
INFO: [Physopt 32-952] Improved path group WNS = -0.133. Path group: xdma_0_axi_aclk. Processed net: bd_i/layer_0/inst/u_core/u_attn/g_lane[211].pv_p_reg[211]/DSP_A_B_DATA.B_ALU<0>.
INFO: [Physopt 32-952] Improved path group WNS = -0.133. Path group: xdma_0_axi_aclk. Processed net: bd_i/layer_0/inst/u_core/u_dn/o_sel_reg_n_0_[0].
INFO: [Physopt 32-952] Improved path group WNS = -0.133. Path group: xdma_0_axi_aclk. Processed net: bd_i/layer_0/inst/u_core/u_dn/p_0_out__3__15/DSP_A_B_DATA.B_ALU<0>.
INFO: [Physopt 32-952] Improved path group WNS = -0.132. Path group: xdma_0_axi_aclk. Processed net: bd_i/layer_0/inst/u_core/u_dn/g_lane[32].p2_p_reg[32]/DSP_A_B_DATA.B_ALU<0>.
INFO: [Physopt 32-952] Improved path group WNS = -0.132. Path group: xdma_0_axi_aclk. Processed net: bd_i/layer_0/inst/u_core/u_axib/bw_addr_r[14].
INFO: [Physopt 32-952] Improved path group WNS = -0.132. Path group: xdma_0_axi_aclk. Processed net: bd_i/layer_0/inst/u_core/u_dma/fmem_reg_0_255_308_308/SPO1.
INFO: [Common 17-14] Message 'Physopt 32-952' appears 100 times and further instances of the messages will be disabled. Use the Tcl command set_msg_config to change the current settings.
INFO: [Physopt 32-953] Path group WNS did not improve. Path group: mmcm_clkout0_3. Processed net: bd_i/mvchan_2/inst/u_chan/u_engine/xline_q0_reg[0]__26_n_0.
INFO: [Physopt 32-953] Path group WNS did not improve. Path group: mmcm_clkout0_3. Processed net: bd_i/mvchan_2/inst/u_chan/u_streamer/f_wr_reg_n_0_[5].
INFO: [Physopt 32-953] Path group WNS did not improve. Path group: mmcm_clkout0_3. Processed net: bd_i/mvchan_2/inst/u_chan/u_engine/r_active_reg_0.
INFO: [Physopt 32-953] Path group WNS did not improve. Path group: mmcm_clkout0_3. Processed net: bd_i/mvchan_2/inst/u_chan/u_streamer/f_wr_reg[3]_0.
INFO: [Physopt 32-953] Path group WNS did not improve. Path group: mmcm_clkout0_3. Processed net: bd_i/mvchan_2/inst/u_chan/u_streamer/g_cnt[6]_i_24_n_0.
INFO: [Physopt 32-953] Path group WNS did not improve. Path group: mmcm_clkout0_3. Processed net: bd_i/mvchan_2/inst/u_chan/u_engine/g_q[6]_i_1_n_0_repN.
INFO: [Physopt 32-953] Path group WNS did not improve. Path group: xdma_0_axi_aclk. Processed net: bd_i/layer_0/inst/u_core/data1[25].
INFO: [Physopt 32-953] Path group WNS did not improve. Path group: xdma_0_axi_aclk. Processed net: bd_i/layer_0/inst/u_core/smem_a_reg_bram_16_n_67.
INFO: [Physopt 32-608] Optimized 1 net.  Swapped 18 pins.
INFO: [Physopt 32-953] Path group WNS did not improve. Path group: xdma_0_axi_aclk. Processed net: bd_i/seq_0/inst/u_seq/pc_reg_n_0_[13].
INFO: [Physopt 32-953] Path group WNS did not improve. Path group: xdma_0_axi_aclk. Processed net: bd_i/seq_0/inst/u_seq/rec_reg_n_0_[7].
INFO: [Physopt 32-953] Path group WNS did not improve. Path group: xdma_0_axi_aclk. Processed net: bd_i/seq_0/inst/u_seq/pc[31]_i_6_n_0.
INFO: [Physopt 32-953] Path group WNS did not improve. Path group: xdma_0_axi_aclk. Processed net: bd_i/seq_0/inst/u_seq/pc[31]_i_11_n_0.
INFO: [Physopt 32-953] Path group WNS did not improve. Path group: xdma_0_axi_aclk. Processed net: bd_i/seq_0/inst/u_seq/ist[4]_i_46_n_0.
INFO: [Physopt 32-953] Path group WNS did not improve. Path group: xdma_0_axi_aclk. Processed net: bd_i/seq_0/inst/u_seq/ldc_a0[0].
INFO: [Physopt 32-953] Path group WNS did not improve. Path group: xdma_0_axi_aclk. Processed net: bd_i/seq_0/inst/u_seq/bulk_addr[7]_i_19_n_0.
INFO: [Physopt 32-953] Path group WNS did not improve. Path group: xdma_0_axi_aclk. Processed net: bd_i/seq_0/inst/u_seq/arg0_sh_reg[3]_i_22_n_0.
INFO: [Physopt 32-953] Path group WNS did not improve. Path group: xdma_0_axi_aclk. Processed net: bd_i/seq_0/inst/u_seq/arg0_sh[3]_i_38_n_0.
INFO: [Physopt 32-953] Path group WNS did not improve. Path group: xdma_0_axi_aclk. Processed net: bd_i/seq_0/inst/u_seq/wr_data_r[31]_i_16_n_0.
INFO: [Physopt 32-953] Path group WNS did not improve. Path group: xdma_0_axi_aclk. Processed net: bd_i/seq_0/inst/u_seq/mv_shift[31]_i_2_n_0.
INFO: [Physopt 32-953] Path group WNS did not improve. Path group: xdma_0_axi_aclk. Processed net: bd_i/seq_0/inst/u_seq/err_code[2]_i_3_n_0.
INFO: [Physopt 32-953] Path group WNS did not improve. Path group: xdma_0_axi_aclk. Processed net: bd_i/seq_0/inst/u_seq/u_mov/ist_reg[0][0].
INFO: [Physopt 32-953] Path group WNS did not improve. Path group: mmcm_clkout0_1. Processed net: bd_i/mvchan_3/inst/u_chan/u_engine/scales_q_reg[41]_150[1].
INFO: [Physopt 32-953] Path group WNS did not improve. Path group: mmcm_clkout0_1. Processed net: bd_i/mvchan_3/inst/u_chan/u_engine/r_g_reg[2]_rep_n_0.
INFO: [Physopt 32-953] Path group WNS did not improve. Path group: mmcm_clkout0_1. Processed net: bd_i/mvchan_3/inst/u_chan/u_engine/r_active_reg_0.
INFO: [Physopt 32-953] Path group WNS did not improve. Path group: mmcm_clkout0_1. Processed net: bd_i/mvchan_3/inst/u_chan/u_engine/g_cnt[6]_i_4_n_0.
INFO: [Physopt 32-953] Path group WNS did not improve. Path group: mmcm_clkout0_1. Processed net: bd_i/mvchan_3/inst/u_chan/u_engine/g_cnt[6]_i_27_n_0.
INFO: [Physopt 32-953] Path group WNS did not improve. Path group: mmcm_clkout0_1. Processed net: bd_i/mvchan_3/inst/u_chan/u_engine/scales_q[63][15]_i_1_n_0_repN.
INFO: [Physopt 32-668] Current Timing Summary | WNS=-0.130 | TNS=-227.826 | WHS=0.000 | THS=0.000 |
Netlist sorting complete. Time (s): cpu = 00:00:00.15 ; elapsed = 00:00:00.16 . Memory (MB): peak = 15144.656 ; gain = 0.000 ; free physical = 35057 ; free virtual = 348758
Phase 2 Critical Path Optimization | Checksum: 18ff98bf8

Time (s): cpu = 01:55:37 ; elapsed = 00:51:14 . Memory (MB): peak = 15144.656 ; gain = 278.055 ; free physical = 35036 ; free virtual = 348737
INFO: [Physopt 32-715] Performed route finalization on the design.
Netlist sorting complete. Time (s): cpu = 00:00:00.11 ; elapsed = 00:00:00.11 . Memory (MB): peak = 15144.656 ; gain = 0.000 ; free physical = 35052 ; free virtual = 348753
INFO: [Physopt 32-669] Post Physical Optimization Timing Summary | WNS=-0.130 | TNS=-227.826 | WHS=0.000 | THS=0.000 |

Summary of Physical Synthesis Optimizations
============================================


-------------------------------------------------------------------------------------------------------------------------------------------------------------
|  Optimization   |  WNS Gain (ns)  |  TNS Gain (ns)  |  Added Cells  |  Removed Cells  |  Optimized Cells/Nets  |  Dont Touch  |  Iterations  |  Elapsed   |
-------------------------------------------------------------------------------------------------------------------------------------------------------------
|  Critical Path  |          0.020  |         48.234  |            0  |              0  |                   154  |           0  |           1  |  00:48:06  |
-------------------------------------------------------------------------------------------------------------------------------------------------------------


Netlist sorting complete. Time (s): cpu = 00:00:00.11 ; elapsed = 00:00:00.1 . Memory (MB): peak = 15144.656 ; gain = 0.000 ; free physical = 35045 ; free virtual = 348746
Ending Physical Synthesis Task | Checksum: 18ff98bf8

Time (s): cpu = 01:56:32 ; elapsed = 00:51:43 . Memory (MB): peak = 15144.656 ; gain = 278.055 ; free physical = 35047 ; free virtual = 348748
INFO: [Common 17-83] Releasing license: Implementation
382 Infos, 7 Warnings, 0 Critical Warnings and 0 Errors encountered.
phys_opt_design completed successfully
phys_opt_design: Time (s): cpu = 01:58:16 ; elapsed = 00:52:43 . Memory (MB): peak = 15144.656 ; gain = 278.055 ; free physical = 35057 ; free virtual = 348758
get_timing_paths: Time (s): cpu = 00:03:47 ; elapsed = 00:00:43 . Memory (MB): peak = 15144.656 ; gain = 0.000 ; free physical = 35088 ; free virtual = 348789
get_timing_paths: Time (s): cpu = 00:00:50 ; elapsed = 00:00:06 . Memory (MB): peak = 15144.656 ; gain = 0.000 ; free physical = 35084 ; free virtual = 348785
POPB_AFTER_Explore: WNS=-0.130 WHS=0.000
INFO: [Timing 38-480] Writing timing data to binary archive.
Write ShapeDB Complete: Time (s): cpu = 00:00:07 ; elapsed = 00:00:02 . Memory (MB): peak = 15176.672 ; gain = 0.000 ; free physical = 34935 ; free virtual = 348747
Wrote PlaceDB: Time (s): cpu = 00:02:10 ; elapsed = 00:00:54 . Memory (MB): peak = 15176.672 ; gain = 0.000 ; free physical = 34195 ; free virtual = 348838
Wrote PulsedLatchDB: Time (s): cpu = 00:00:00 ; elapsed = 00:00:00 . Memory (MB): peak = 15176.672 ; gain = 0.000 ; free physical = 34204 ; free virtual = 348848
Writing XDEF routing.
Writing XDEF routing logical nets.
Writing XDEF routing special nets.
Wrote RouteStorage: Time (s): cpu = 00:00:24 ; elapsed = 00:00:13 . Memory (MB): peak = 15176.672 ; gain = 0.000 ; free physical = 33282 ; free virtual = 348062
Wrote Netlist Cache: Time (s): cpu = 00:00:01 ; elapsed = 00:00:01 . Memory (MB): peak = 15176.672 ; gain = 0.000 ; free physical = 33460 ; free virtual = 348312
Wrote Device Cache: Time (s): cpu = 00:00:00.04 ; elapsed = 00:00:00.04 . Memory (MB): peak = 15176.672 ; gain = 0.000 ; free physical = 33506 ; free virtual = 348362
Write Physdb Complete: Time (s): cpu = 00:02:36 ; elapsed = 00:01:11 . Memory (MB): peak = 15176.672 ; gain = 0.000 ; free physical = 33505 ; free virtual = 348361
report_design_analysis: Time (s): cpu = 00:02:19 ; elapsed = 00:00:39 . Memory (MB): peak = 15176.672 ; gain = 0.000 ; free physical = 33317 ; free virtual = 348181
INFO: [Common 17-1381] The checkpoint '/home/cah/r2d2/code/fpga/fable5_llm/synth/out_g5b_po_eto/best.dcp' has been generated.
write_checkpoint: Time (s): cpu = 00:05:28 ; elapsed = 00:02:24 . Memory (MB): peak = 15176.672 ; gain = 32.016 ; free physical = 33140 ; free virtual = 348006
POPB_NEWBEST: -0.130
Command: phys_opt_design -directive AggressiveExplore
Attempting to get a license for feature 'Implementation' and/or device 'xcvu9p'
INFO: [Common 17-349] Got license for feature 'Implementation' and/or device 'xcvu9p'
INFO: [Common 17-86] Your Implementation license expires in 16 day(s)
INFO: [Vivado_Tcl 4-241] Physical synthesis in post route mode 
INFO: [Vivado_Tcl 4-137] Directive used for phys_opt_design is: AggressiveExplore
INFO: [Vivado_Tcl 4-1435] PhysOpt_Tcl_Interface Runtime Before Starting Physical Synthesis Task | CPU: 36.57s |  WALL: 36.58s
INFO: [DRC 23-27] Running DRC with 8 threads
INFO: [Vivado_Tcl 4-198] DRC finished with 0 Errors
INFO: [Vivado_Tcl 4-199] Please refer to the DRC report (report_drc) for more information.
Netlist sorting complete. Time (s): cpu = 00:00:00.12 ; elapsed = 00:00:00.16 . Memory (MB): peak = 15176.672 ; gain = 0.000 ; free physical = 33469 ; free virtual = 348336

Starting Physical Synthesis Task

Phase 1 Physical Synthesis Initialization
INFO: [Physopt 32-721] Multithreading enabled for phys_opt_design using a maximum of 8 CPUs
INFO: [Place 30-3164] Check ILP status : ILP-based clock placer is skipped.
INFO: [Physopt 32-668] Current Timing Summary | WNS=-0.130 | TNS=-227.826 | WHS=0.000 | THS=0.000 |
Phase 1 Physical Synthesis Initialization | Checksum: 18ff98bf8

Time (s): cpu = 00:06:30 ; elapsed = 00:03:04 . Memory (MB): peak = 15208.688 ; gain = 32.016 ; free physical = 33473 ; free virtual = 348340

Phase 2 Critical Path Optimization
INFO: [Physopt 32-668] Current Timing Summary | WNS=-0.130 | TNS=-227.826 | WHS=0.000 | THS=0.000 |
Netlist sorting complete. Time (s): cpu = 00:00:00.11 ; elapsed = 00:00:00.13 . Memory (MB): peak = 15208.688 ; gain = 0.000 ; free physical = 33490 ; free virtual = 348357
Nodegraph reading from file.  Time (s): cpu = 00:00:13 ; elapsed = 00:00:02 . Memory (MB): peak = 15208.688 ; gain = 0.000 ; free physical = 33477 ; free virtual = 348344
INFO: [Physopt 32-953] Path group WNS did not improve. Path group: mmcm_clkout0_3. Processed net: bd_i/mvchan_2/inst/u_chan/u_engine/xline_q0_reg[0]__26_n_0.
Netlist sorting complete. Time (s): cpu = 00:00:00.11 ; elapsed = 00:00:00.13 . Memory (MB): peak = 15208.688 ; gain = 0.000 ; free physical = 33449 ; free virtual = 348316
INFO: [Physopt 32-953] Path group WNS did not improve. Path group: mmcm_clkout0_3. Processed net: bd_i/mvchan_2/inst/u_chan/u_streamer/f_wr_reg_n_0_[5].
INFO: [Physopt 32-953] Path group WNS did not improve. Path group: mmcm_clkout0_3. Processed net: bd_i/mvchan_2/inst/u_chan/u_engine/r_active_reg_0.
INFO: [Physopt 32-953] Path group WNS did not improve. Path group: mmcm_clkout0_3. Processed net: bd_i/mvchan_2/inst/u_chan/u_streamer/f_wr_reg[3]_0.
INFO: [Physopt 32-953] Path group WNS did not improve. Path group: mmcm_clkout0_3. Processed net: bd_i/mvchan_2/inst/u_chan/u_streamer/g_cnt[6]_i_24_n_0.
INFO: [Physopt 32-953] Path group WNS did not improve. Path group: mmcm_clkout0_3. Processed net: bd_i/mvchan_2/inst/u_chan/u_engine/g_q[6]_i_1_n_0_repN.
INFO: [Physopt 32-953] Path group WNS did not improve. Path group: xdma_0_axi_aclk. Processed net: bd_i/seq_0/inst/u_seq/pc_reg_n_0_[13].
INFO: [Physopt 32-663] Processed net bd_i/seq_0/inst/u_seq/rec_reg_n_0_[7].  Re-placed instance bd_i/seq_0/inst/u_seq/rec_reg[7]
INFO: [Physopt 32-952] Improved path group WNS = -0.122. Path group: xdma_0_axi_aclk. Processed net: bd_i/seq_0/inst/u_seq/rec_reg_n_0_[7].
INFO: [Physopt 32-953] Path group WNS did not improve. Path group: xdma_0_axi_aclk. Processed net: bd_i/layer_0/inst/u_core/u_dma/fmem_reg_0_255_20_20/DPO3.
INFO: [Physopt 32-953] Path group WNS did not improve. Path group: xdma_0_axi_aclk. Processed net: bd_i/layer_0/inst/u_core/u_dma/f_wp_reg[3]_rep__15_n_0.
INFO: [Physopt 32-608] Optimized 1 net.  Swapped 36 pins.
INFO: [Physopt 32-952] Improved path group WNS = -0.122. Path group: xdma_0_axi_aclk. Processed net: bd_i/layer_0/inst/u_core/u_dma/fmem_reg_0_255_20_20_i_4_n_0.
INFO: [Physopt 32-952] Improved path group WNS = -0.122. Path group: xdma_0_axi_aclk. Processed net: bd_i/layer_0/inst/u_core/u_dn/o_sel_reg_n_0_[6].
INFO: [Physopt 32-952] Improved path group WNS = -0.122. Path group: xdma_0_axi_aclk. Processed net: bd_i/layer_0/inst/u_core/u_attn/o_g4_reg[2]_1115[2].
INFO: [Physopt 32-952] Improved path group WNS = -0.121. Path group: xdma_0_axi_aclk. Processed net: bd_i/layer_0/inst/u_core/u_dn/g_lane[40].p2_p_reg[40]/DSP_A_B_DATA.B_ALU<0>.
INFO: [Physopt 32-952] Improved path group WNS = -0.121. Path group: xdma_0_axi_aclk. Processed net: bd_i/layer_0/inst/u_core/u_dn/p_0_out__8/DSP_PREADD_DATA.PREADD_AB<0>.
INFO: [Physopt 32-952] Improved path group WNS = -0.120. Path group: xdma_0_axi_aclk. Processed net: bd_i/layer_0/inst/u_core/u_dn/vdata_q_reg[7]_rep__3_n_0_repN_5.
INFO: [Physopt 32-952] Improved path group WNS = -0.120. Path group: xdma_0_axi_aclk. Processed net: bd_i/layer_0/inst/u_core/g_kvslot[0].mem_reg_uram_37_n_421.
Netlist sorting complete. Time (s): cpu = 00:00:00.11 ; elapsed = 00:00:00.1 . Memory (MB): peak = 15268.711 ; gain = 0.000 ; free physical = 33190 ; free virtual = 348064
INFO: [Physopt 32-953] Path group WNS did not improve. Path group: xdma_0_axi_aclk. Processed net: bd_i/layer_0/inst/u_core/u_alu/op_q_reg[0]_rep_n_0.
Netlist sorting complete. Time (s): cpu = 00:00:00.11 ; elapsed = 00:00:00.11 . Memory (MB): peak = 15303.484 ; gain = 0.000 ; free physical = 33278 ; free virtual = 348152
INFO: [Physopt 32-953] Path group WNS did not improve. Path group: xdma_0_axi_aclk. Processed net: bd_i/layer_0/inst/u_core/u_alu/eq_reg_n_0_[1].
INFO: [Physopt 32-710] Processed net bd_i/layer_0/inst/u_core/u_alu/op_q[0]_rep_i_1_n_0. Critical path length was reduced through logic transformation on cell bd_i/layer_0/inst/u_core/u_alu/op_q[0]_rep_i_1_comp.
INFO: [Physopt 32-952] Improved path group WNS = -0.120. Path group: xdma_0_axi_aclk. Processed net: bd_i/layer_0/inst/u_core/u_alu/op_q[3]_i_3_n_0.
INFO: [Physopt 32-952] Improved path group WNS = -0.120. Path group: xdma_0_axi_aclk. Processed net: bd_i/layer_0/inst/u_core/u_dn/p_0_out__10__3/XOROUT[0].
INFO: [Physopt 32-952] Improved path group WNS = -0.119. Path group: xdma_0_axi_aclk. Processed net: bd_i/layer_0/inst/u_core/u_attn/g_lane[11].prod_reg[11]/DSP_A_B_DATA.B_ALU<0>.
INFO: [Physopt 32-952] Improved path group WNS = -0.119. Path group: xdma_0_axi_aclk. Processed net: bd_i/layer_0/inst/u_core/u_dma/fmem_reg_0_255_291_291/DPO3.
INFO: [Physopt 32-952] Improved path group WNS = -0.119. Path group: xdma_0_axi_aclk. Processed net: bd_i/layer_0/inst/u_core/u_dn/vdata_q_reg[17]_rep__2_n_0_repN_3.
INFO: [Physopt 32-952] Improved path group WNS = -0.119. Path group: xdma_0_axi_aclk. Processed net: bd_i/layer_0/inst/u_core/u_attn/g_lane[18].pv_p_reg[18]/DSP_A_B_DATA.B_ALU<0>.
INFO: [Physopt 32-952] Improved path group WNS = -0.119. Path group: xdma_0_axi_aclk. Processed net: bd_i/layer_0/inst/u_core/u_dma/fmem_reg_0_255_480_480/SPO0.
INFO: [Physopt 32-953] Path group WNS did not improve. Path group: xdma_0_axi_aclk. Processed net: bd_i/layer_0/inst/u_core/u_dn/g_lane[109].kvm_acc_reg[109]/DSP_A_B_DATA.B_ALU<0>.
INFO: [Physopt 32-952] Improved path group WNS = -0.119. Path group: xdma_0_axi_aclk. Processed net: bd_i/layer_0/inst/u_core/u_dn/g_lane[109].dec_p_reg[109]/P[0].
INFO: [Physopt 32-952] Improved path group WNS = -0.119. Path group: xdma_0_axi_aclk. Processed net: bd_i/layer_0/inst/u_core/krow_reg_n_0_[1758].
INFO: [Physopt 32-952] Improved path group WNS = -0.118. Path group: xdma_0_axi_aclk. Processed net: bd_i/layer_0/inst/u_core/cw_wd[48].
INFO: [Physopt 32-952] Improved path group WNS = -0.118. Path group: xdma_0_axi_aclk. Processed net: bd_i/layer_0/inst/u_core/u_attn/g_lane[189].pv_p_reg[189]_i_1_psdsp_n.
INFO: [Physopt 32-952] Improved path group WNS = -0.118. Path group: xdma_0_axi_aclk. Processed net: bd_i/layer_0/inst/u_core/u_dn/p_0_out__9__2/DSP_PREADD_DATA.PREADD_AB<0>.
INFO: [Physopt 32-952] Improved path group WNS = -0.118. Path group: xdma_0_axi_aclk. Processed net: bd_i/layer_0/inst/u_core/at_qdata_reg[7]_rep_n_0.
INFO: [Physopt 32-952] Improved path group WNS = -0.118. Path group: xdma_0_axi_aclk. Processed net: bd_i/layer_0/inst/u_core/u_dn/p_1_out__1__10/XOROUT[0].
INFO: [Physopt 32-952] Improved path group WNS = -0.118. Path group: xdma_0_axi_aclk. Processed net: bd_i/layer_0/inst/u_core/u_dn/p_1_out__9__3/DSP_A_B_DATA.B_ALU<0>.
INFO: [Physopt 32-953] Path group WNS did not improve. Path group: xdma_0_axi_aclk. Processed net: bd_i/layer_0/inst/u_core/smem_b_reg_bram_9_n_1.
INFO: [Physopt 32-953] Path group WNS did not improve. Path group: xdma_0_axi_aclk. Processed net: bd_i/layer_0/inst/u_core/cmd_op_reg_n_0_[1].
INFO: [Physopt 32-953] Path group WNS did not improve. Path group: xdma_0_axi_aclk. Processed net: bd_i/layer_0/inst/u_core/u_axib/smem_a_reg_bram_0_i_37_n_0.
INFO: [Physopt 32-953] Path group WNS did not improve. Path group: xdma_0_axi_aclk. Processed net: bd_i/layer_0/inst/u_core/smem_a_reg_bram_0_i_39_n_0.
INFO: [Physopt 32-663] Processed net bd_i/layer_0/inst/u_core/u_axib/sw_data[4].  Re-placed instance bd_i/layer_0/inst/u_core/u_axib/smem_b_reg_bram_0_i_29
INFO: [Physopt 32-952] Improved path group WNS = -0.118. Path group: xdma_0_axi_aclk. Processed net: bd_i/layer_0/inst/u_core/u_axib/sw_data[4].
INFO: [Physopt 32-952] Improved path group WNS = -0.118. Path group: xdma_0_axi_aclk. Processed net: bd_i/layer_0/inst/u_core/u_attn/g_lane[8].pv_p_reg[8]/DSP_A_B_DATA.B_ALU<0>.
INFO: [Physopt 32-952] Improved path group WNS = -0.118. Path group: xdma_0_axi_aclk. Processed net: bd_i/layer_0/inst/u_core/u_alu/r_res_reg_n_0_[2].
INFO: [Physopt 32-952] Improved path group WNS = -0.118. Path group: xdma_0_axi_aclk. Processed net: bd_i/layer_0/inst/u_core/at_qdata_reg[4]_rep__6_n_0.
INFO: [Physopt 32-952] Improved path group WNS = -0.117. Path group: xdma_0_axi_aclk. Processed net: bd_i/layer_0/inst/u_core/u_dma/fmem_reg_0_255_324_324/SPO0.
INFO: [Physopt 32-952] Improved path group WNS = -0.117. Path group: xdma_0_axi_aclk. Processed net: bd_i/layer_0/inst/u_core/u_attn/g_lane[9].prod_reg[9]/DSP_A_B_DATA.B_ALU<0>.
INFO: [Physopt 32-952] Improved path group WNS = -0.117. Path group: xdma_0_axi_aclk. Processed net: bd_i/layer_0/inst/u_core/u_topk/tk_val[13].
INFO: [Physopt 32-952] Improved path group WNS = -0.117. Path group: xdma_0_axi_aclk. Processed net: bd_i/layer_0/inst/u_core/s_axil_rdata[11].
INFO: [Physopt 32-952] Improved path group WNS = -0.117. Path group: xdma_0_axi_aclk. Processed net: bd_i/layer_0/inst/u_core/vn_sdata_reg_n_0_[10].
INFO: [Physopt 32-952] Improved path group WNS = -0.117. Path group: xdma_0_axi_aclk. Processed net: bd_i/axil_smc/inst/switchboards/i_nodes/i_aw_node/inst/inst_mi_handler/gen_normal_area.inst_fifo_node_payld/gen_reg_fifo.inst_reg_fifo/gen_single_rank.inst_cntr/cnt_is_zero.
INFO: [Physopt 32-952] Improved path group WNS = -0.117. Path group: xdma_0_axi_aclk. Processed net: bd_i/layer_0/inst/u_core/u_dma/fmem_reg_0_255_119_119/DPO1.
INFO: [Physopt 32-952] Improved path group WNS = -0.117. Path group: xdma_0_axi_aclk. Processed net: bd_i/layer_0/inst/u_core/u_attn/g_lane[195].pv_abs_reg[195]_481[24].
INFO: [Physopt 32-952] Improved path group WNS = -0.116. Path group: xdma_0_axi_aclk. Processed net: bd_i/xdma_0/inst/udma_wrapper/dma_top/axi4mm_bridge_top_inst/axi4mm_axi_mm_master_top_inst/axi4mm_axi_mm_master_rd/lite_data_ff[214].
INFO: [Physopt 32-952] Improved path group WNS = -0.116. Path group: xdma_0_axi_aclk. Processed net: bd_i/layer_0/inst/u_core/u_dn/p_1_out__2__2/DSP_A_B_DATA.B_ALU<0>.
INFO: [Physopt 32-952] Improved path group WNS = -0.116. Path group: xdma_0_axi_aclk. Processed net: bd_i/axil_slice_5/inst/w.w_pipe/Q[3].
INFO: [Physopt 32-952] Improved path group WNS = -0.116. Path group: xdma_0_axi_aclk. Processed net: bd_i/layer_0/inst/u_core/u_attn/o_g4_reg[3]_1114[28].
INFO: [Physopt 32-952] Improved path group WNS = -0.115. Path group: xdma_0_axi_aclk. Processed net: bd_i/layer_0/inst/u_core/u_dn/g_lane[72].p2_p_reg[72]_i_2_psdsp_n.
INFO: [Physopt 32-952] Improved path group WNS = -0.115. Path group: xdma_0_axi_aclk. Processed net: bd_i/layer_0/inst/u_core/s_axil_rdata[1].
INFO: [Physopt 32-953] Path group WNS did not improve. Path group: xdma_0_axi_aclk. Processed net: bd_i/layer_0/inst/u_core/u_dn/g_lane[36].dec_p_reg[36]/DSP_A_B_DATA.B_ALU<0>.
INFO: [Physopt 32-953] Path group WNS did not improve. Path group: xdma_0_axi_aclk. Processed net: bd_i/layer_0/inst/u_core/g_dnslot[1].mem_reg_uram_8_n_416.
INFO: [Physopt 32-663] Processed net bd_i/layer_0/inst/u_core/u_dn/D[581].  Re-placed instance bd_i/layer_0/inst/u_core/u_dn/p_1_out__4__11_i_11
INFO: [Physopt 32-952] Improved path group WNS = -0.115. Path group: xdma_0_axi_aclk. Processed net: bd_i/layer_0/inst/u_core/u_dn/D[581].
INFO: [Physopt 32-952] Improved path group WNS = -0.115. Path group: xdma_0_axi_aclk. Processed net: bd_i/layer_0/inst/u_core/u_topk/tk_val[11].
INFO: [Physopt 32-952] Improved path group WNS = -0.115. Path group: xdma_0_axi_aclk. Processed net: bd_i/layer_0/inst/u_core/data1[16].
INFO: [Physopt 32-952] Improved path group WNS = -0.114. Path group: xdma_0_axi_aclk. Processed net: bd_i/layer_0/inst/u_core/u_alu/r_res_reg_n_0_[10].
INFO: [Physopt 32-952] Improved path group WNS = -0.114. Path group: xdma_0_axi_aclk. Processed net: bd_i/axil_slice_4/inst/w.w_pipe/Q[10].
INFO: [Physopt 32-952] Improved path group WNS = -0.114. Path group: xdma_0_axi_aclk. Processed net: bd_i/layer_0/inst/u_core/u_dn/p_1_out__4__11/DSP_A_B_DATA.B_ALU<0>.
INFO: [Physopt 32-952] Improved path group WNS = -0.114. Path group: xdma_0_axi_aclk. Processed net: bd_i/layer_0/inst/u_core/u_attn/g_lane[156].prod_reg[156]/DSP_A_B_DATA.B_ALU<0>.
INFO: [Physopt 32-952] Improved path group WNS = -0.114. Path group: xdma_0_axi_aclk. Processed net: bd_i/layer_0/inst/u_core/u_dn/p_1_out__3/XOROUT[0].
INFO: [Physopt 32-952] Improved path group WNS = -0.114. Path group: xdma_0_axi_aclk. Processed net: bd_i/layer_0/inst/u_core/u_dma/fmem_reg_0_255_58_58/DPO3.
INFO: [Physopt 32-952] Improved path group WNS = -0.114. Path group: xdma_0_axi_aclk. Processed net: bd_i/layer_0/inst/u_core/u_dn/g_lane[109].dec_p_reg[109]/P[0].
INFO: [Physopt 32-952] Improved path group WNS = -0.114. Path group: xdma_0_axi_aclk. Processed net: bd_i/layer_0/inst/u_core/at_qdata_reg[14]_rep__5_n_0.
Netlist sorting complete. Time (s): cpu = 00:00:00.11 ; elapsed = 00:00:00.1 . Memory (MB): peak = 15392.555 ; gain = 0.000 ; free physical = 31919 ; free virtual = 346800
INFO: [Physopt 32-953] Path group WNS did not improve. Path group: xdma_0_axi_aclk. Processed net: bd_i/axil_slice_5/inst/ar.ar_pipe/m_axi_arvalid.
INFO: [Physopt 32-953] Path group WNS did not improve. Path group: xdma_0_axi_aclk. Processed net: bd_i/axil_smc/inst/switchboards/i_nodes/i_ar_node/inst/inst_mi_handler/gen_normal_area.inst_fifo_node_payld/gen_reg_fifo.inst_reg_fifo/gen_normal_area.fifo_node_payld_dout[154].
INFO: [Physopt 32-710] Processed net bd_i/axil_slice_5/inst/ar.ar_pipe/m_valid_i_i_1__1_n_0. Critical path length was reduced through logic transformation on cell bd_i/axil_slice_5/inst/ar.ar_pipe/m_valid_i_i_1__1_comp.
INFO: [Physopt 32-952] Improved path group WNS = -0.114. Path group: xdma_0_axi_aclk. Processed net: bd_i/axil_smc/inst/m05_exit_pipeline/m05_exit/inst/exit_inst/m_axi_arvalid.
INFO: [Physopt 32-953] Path group WNS did not improve. Path group: xdma_0_axi_aclk. Processed net: bd_i/layer_0/inst/u_core/smem_b_reg_bram_0_n_1.
Netlist sorting complete. Time (s): cpu = 00:00:00.14 ; elapsed = 00:00:00.14 . Memory (MB): peak = 15404.500 ; gain = 0.000 ; free physical = 32980 ; free virtual = 347865
INFO: [Physopt 32-952] Improved path group WNS = -0.113. Path group: xdma_0_axi_aclk. Processed net: bd_i/layer_0/inst/u_core/busy_cmp_reg_n_0.
WARNING: [Place 30-1995] Horizontal BUFCE_ROW programmable delay is capped at 4 for clock net bd_i/ddr4_3/inst/u_ddr4_infrastructure/u_bufg_divClk_0 due to BITSLICE_CONTROL_PLL_RIU MAX_SKEW requirements
Netlist sorting complete. Time (s): cpu = 00:00:00.11 ; elapsed = 00:00:00.12 . Memory (MB): peak = 15430.141 ; gain = 0.000 ; free physical = 33022 ; free virtual = 347908
INFO: [Physopt 32-953] Path group WNS did not improve. Path group: mmcm_clkout0_1. Processed net: bd_i/mvchan_3/inst/u_chan/u_engine/scales_q_reg[41]_150[1].
WARNING: [Place 30-1995] Horizontal BUFCE_ROW programmable delay is capped at 4 for clock net bd_i/ddr4_3/inst/u_ddr4_infrastructure/u_bufg_divClk_0 due to BITSLICE_CONTROL_PLL_RIU MAX_SKEW requirements
Netlist sorting complete. Time (s): cpu = 00:00:00.1 ; elapsed = 00:00:00.11 . Memory (MB): peak = 15443.836 ; gain = 0.000 ; free physical = 32292 ; free virtual = 347179
INFO: [Physopt 32-953] Path group WNS did not improve. Path group: mmcm_clkout0_1. Processed net: bd_i/mvchan_3/inst/u_chan/u_engine/r_g_reg[2]_rep_n_0.
INFO: [Physopt 32-953] Path group WNS did not improve. Path group: mmcm_clkout0_1. Processed net: bd_i/mvchan_3/inst/u_chan/u_engine/r_active_reg_0.
INFO: [Physopt 32-953] Path group WNS did not improve. Path group: mmcm_clkout0_1. Processed net: bd_i/mvchan_3/inst/u_chan/u_engine/g_cnt[6]_i_4_n_0.
INFO: [Physopt 32-953] Path group WNS did not improve. Path group: mmcm_clkout0_1. Processed net: bd_i/mvchan_3/inst/u_chan/u_engine/g_cnt[6]_i_27_n_0.
INFO: [Physopt 32-953] Path group WNS did not improve. Path group: mmcm_clkout0_1. Processed net: bd_i/mvchan_3/inst/u_chan/u_engine/scales_q[63][15]_i_1_n_0_repN.
INFO: [Physopt 32-953] Path group WNS did not improve. Path group: mmcm_clkout0_3. Processed net: bd_i/mvchan_2/inst/u_chan/u_engine/xline_q0_reg[0]__26_n_0.
INFO: [Physopt 32-953] Path group WNS did not improve. Path group: mmcm_clkout0_3. Processed net: bd_i/mvchan_2/inst/u_chan/u_streamer/f_wr_reg_n_0_[5].
INFO: [Physopt 32-953] Path group WNS did not improve. Path group: mmcm_clkout0_3. Processed net: bd_i/mvchan_2/inst/u_chan/u_engine/r_active_reg_0.
INFO: [Physopt 32-953] Path group WNS did not improve. Path group: mmcm_clkout0_3. Processed net: bd_i/mvchan_2/inst/u_chan/u_streamer/f_wr_reg[3]_0.
INFO: [Physopt 32-953] Path group WNS did not improve. Path group: mmcm_clkout0_3. Processed net: bd_i/mvchan_2/inst/u_chan/u_streamer/g_cnt[6]_i_24_n_0.
INFO: [Physopt 32-953] Path group WNS did not improve. Path group: mmcm_clkout0_3. Processed net: bd_i/mvchan_2/inst/u_chan/u_engine/g_q[6]_i_1_n_0_repN.
INFO: [Physopt 32-952] Improved path group WNS = -0.113. Path group: xdma_0_axi_aclk. Processed net: bd_i/layer_0/inst/u_core/u_attn/g_lane[106].prod_reg[106]/DSP_A_B_DATA.B_ALU<0>.
INFO: [Physopt 32-952] Improved path group WNS = -0.113. Path group: xdma_0_axi_aclk. Processed net: bd_i/layer_0/inst/u_core/u_dma/fmem_reg_0_255_185_185/SPO2.
INFO: [Physopt 32-952] Improved path group WNS = -0.113. Path group: xdma_0_axi_aclk. Processed net: bd_i/layer_0/inst/u_core/kv_wrow[471].
INFO: [Physopt 32-952] Improved path group WNS = -0.113. Path group: xdma_0_axi_aclk. Processed net: bd_i/layer_0/inst/u_core/u_alu/r_res_reg_n_0_[12].
INFO: [Physopt 32-952] Improved path group WNS = -0.113. Path group: xdma_0_axi_aclk. Processed net: bd_i/layer_0/inst/u_core/u_attn/mul_p00__0/DSP_A_B_DATA.B_ALU<0>.
INFO: [Physopt 32-952] Improved path group WNS = -0.112. Path group: xdma_0_axi_aclk. Processed net: bd_i/layer_0/inst/u_core/u_vn/ss_acc0/DSP_A_B_DATA.B_ALU<0>.
INFO: [Physopt 32-952] Improved path group WNS = -0.112. Path group: xdma_0_axi_aclk. Processed net: bd_i/layer_0/inst/u_core/u_dn/g_lane[1].p2_p_reg[1]/DSP_A_B_DATA.B_ALU<0>.
INFO: [Physopt 32-952] Improved path group WNS = -0.112. Path group: xdma_0_axi_aclk. Processed net: bd_i/layer_0/inst/u_core/u_dn/g_lane[72].p2_p_reg[72]_i_9_psdsp_n.
INFO: [Physopt 32-953] Path group WNS did not improve. Path group: xdma_0_axi_aclk. Processed net: bd_i/layer_0/inst/u_core/u_dn/g_lane[36].dec_p_reg[36]/DSP_A_B_DATA.B_ALU<0>.
INFO: [Physopt 32-953] Path group WNS did not improve. Path group: xdma_0_axi_aclk. Processed net: bd_i/layer_0/inst/u_core/g_dnslot[1].mem_reg_uram_8_n_421.
INFO: [Physopt 32-953] Path group WNS did not improve. Path group: xdma_0_axi_aclk. Processed net: bd_i/layer_0/inst/u_core/u_dn/D[576].
INFO: [Physopt 32-953] Path group WNS did not improve. Path group: mmcm_clkout0_1. Processed net: bd_i/mvchan_3/inst/u_chan/u_engine/scales_q_reg[41]_150[1].
INFO: [Physopt 32-953] Path group WNS did not improve. Path group: mmcm_clkout0_1. Processed net: bd_i/mvchan_3/inst/u_chan/u_engine/r_g_reg[2]_rep_n_0.
INFO: [Physopt 32-953] Path group WNS did not improve. Path group: mmcm_clkout0_1. Processed net: bd_i/mvchan_3/inst/u_chan/u_engine/r_active_reg_0.
INFO: [Physopt 32-953] Path group WNS did not improve. Path group: mmcm_clkout0_1. Processed net: bd_i/mvchan_3/inst/u_chan/u_engine/g_cnt[6]_i_4_n_0.
INFO: [Physopt 32-953] Path group WNS did not improve. Path group: mmcm_clkout0_1. Processed net: bd_i/mvchan_3/inst/u_chan/u_engine/g_cnt[6]_i_27_n_0.
INFO: [Physopt 32-953] Path group WNS did not improve. Path group: mmcm_clkout0_1. Processed net: bd_i/mvchan_3/inst/u_chan/u_engine/scales_q[63][15]_i_1_n_0_repN.
INFO: [Physopt 32-668] Current Timing Summary | WNS=-0.130 | TNS=-205.919 | WHS=0.000 | THS=0.000 |
Netlist sorting complete. Time (s): cpu = 00:00:00.15 ; elapsed = 00:00:00.15 . Memory (MB): peak = 15443.836 ; gain = 0.000 ; free physical = 32873 ; free virtual = 347764
Phase 2 Critical Path Optimization | Checksum: 17da2930b

Time (s): cpu = 01:43:43 ; elapsed = 00:42:47 . Memory (MB): peak = 15443.836 ; gain = 267.164 ; free physical = 32839 ; free virtual = 347730

Phase 3 Hold Fix Optimization
INFO: [Physopt 32-668] Current Timing Summary | WNS=-0.130 | TNS=-205.919 | WHS=0.000 | THS=0.000 |
INFO: [Physopt 32-45] Identified 0 candidate net for hold slack optimization.
INFO: [Physopt 32-234] Optimized 0 nets. Inserted 0 new ZHOLD_DELAYs. Calibrated 0 existing ZHOLD_DELAYs. Inserted 0 buffers.

INFO: [Physopt 32-668] Current Timing Summary | WNS=-0.130 | TNS=-205.919 | WHS=0.000 | THS=0.000 |
Phase 3 Hold Fix Optimization | Checksum: 17da2930b

Time (s): cpu = 01:44:04 ; elapsed = 00:43:08 . Memory (MB): peak = 15443.836 ; gain = 267.164 ; free physical = 32815 ; free virtual = 347705
INFO: [Physopt 32-715] Performed route finalization on the design.
Netlist sorting complete. Time (s): cpu = 00:00:00.1 ; elapsed = 00:00:00.1 . Memory (MB): peak = 15443.836 ; gain = 0.000 ; free physical = 32829 ; free virtual = 347719
INFO: [Physopt 32-669] Post Physical Optimization Timing Summary | WNS=-0.130 | TNS=-205.919 | WHS=0.000 | THS=0.000 |

Summary of Physical Synthesis Optimizations
============================================


-------------------------------------------------------------------------------------------------------------------------------------------------------------
|  Optimization   |  WNS Gain (ns)  |  TNS Gain (ns)  |  Added Cells  |  Removed Cells  |  Optimized Cells/Nets  |  Dont Touch  |  Iterations  |  Elapsed   |
-------------------------------------------------------------------------------------------------------------------------------------------------------------
|  Critical Path  |          0.000  |         21.907  |            0  |              0  |                    62  |           0  |           1  |  00:39:38  |
-------------------------------------------------------------------------------------------------------------------------------------------------------------


Summary of Hold Fix Optimizations
=================================


--------------------------------------------------------------------------------------------------------------------------------------------------------------
|  Optimization               |  WHS Gain (ns)  |  THS Gain (ns)  |  Added LUTs  |  Added FFs  |  Optimized Nets  |  Dont Touch  |  Iterations  |  Elapsed   |
--------------------------------------------------------------------------------------------------------------------------------------------------------------
|  LUT1 and ZHOLD Insertion   |          0.000  |          0.000  |           0  |          0  |               0  |           0  |           0  |  00:00:21  |
|  Total                      |          0.000  |          0.000  |           0  |          0  |               0  |           0  |           0  |  00:00:21  |
--------------------------------------------------------------------------------------------------------------------------------------------------------------


Netlist sorting complete. Time (s): cpu = 00:00:00.1 ; elapsed = 00:00:00.11 . Memory (MB): peak = 15443.836 ; gain = 0.000 ; free physical = 32836 ; free virtual = 347726
Ending Physical Synthesis Task | Checksum: 17da2930b

Time (s): cpu = 01:44:58 ; elapsed = 00:43:36 . Memory (MB): peak = 15443.836 ; gain = 267.164 ; free physical = 32840 ; free virtual = 347731
INFO: [Common 17-83] Releasing license: Implementation
514 Infos, 9 Warnings, 0 Critical Warnings and 0 Errors encountered.
phys_opt_design completed successfully
phys_opt_design: Time (s): cpu = 01:46:43 ; elapsed = 00:44:35 . Memory (MB): peak = 15443.836 ; gain = 267.164 ; free physical = 32838 ; free virtual = 347728
get_timing_paths: Time (s): cpu = 00:03:47 ; elapsed = 00:00:43 . Memory (MB): peak = 15443.836 ; gain = 0.000 ; free physical = 32856 ; free virtual = 347746
get_timing_paths: Time (s): cpu = 00:00:53 ; elapsed = 00:00:07 . Memory (MB): peak = 15443.836 ; gain = 0.000 ; free physical = 32867 ; free virtual = 347757
POPB_AFTER_AggressiveExplore: WNS=-0.130 WHS=0.000
# open_checkpoint $OUT/best.dcp
Command: open_checkpoint /home/cah/r2d2/code/fpga/fable5_llm/synth/out_g5b_po_eto/best.dcp

Starting open_checkpoint Task

Time (s): cpu = 00:00:00 ; elapsed = 00:00:00 . Memory (MB): peak = 15443.836 ; gain = 0.000 ; free physical = 32867 ; free virtual = 347757
Netlist sorting complete. Time (s): cpu = 00:00:09 ; elapsed = 00:00:09 . Memory (MB): peak = 15443.836 ; gain = 0.000 ; free physical = 32864 ; free virtual = 347755
INFO: [Netlist 29-17] Analyzing 31878 Unisim elements for replacement
INFO: [Netlist 29-28] Unisim Transformation completed in 27 CPU seconds
INFO: [Project 1-479] Netlist was created with Vivado 2024.2
INFO: [Project 1-570] Preparing netlist for logic optimization
WARNING: [Constraints 18-550] Could not create 'DRIVE' constraint because net 'bd_i/ddr4_0/inst/u_ddr4_mem_intfc/u_mig_ddr4_phy/cal_RESET_n[0]' is not directly connected to top level port. 'DRIVE' is ignored for synthesis but preserved for implementation.
WARNING: [Constraints 18-550] Could not create 'SLEW' constraint because net 'bd_i/ddr4_0/inst/u_ddr4_mem_intfc/u_mig_ddr4_phy/cal_RESET_n[0]' is not directly connected to top level port. 'SLEW' is ignored for synthesis but preserved for implementation.
WARNING: [Constraints 18-550] Could not create 'IBUF_LOW_PWR' constraint because net 'bd_i/ddr4_0/inst/u_ddr4_mem_intfc/u_mig_ddr4_phy/sys_clk_in' is not directly connected to top level port. 'IBUF_LOW_PWR' is ignored for synthesis but preserved for implementation.
WARNING: [Constraints 18-550] Could not create 'DRIVE' constraint because net 'bd_i/ddr4_1/inst/u_ddr4_mem_intfc/u_mig_ddr4_phy/cal_RESET_n[0]' is not directly connected to top level port. 'DRIVE' is ignored for synthesis but preserved for implementation.
WARNING: [Constraints 18-550] Could not create 'SLEW' constraint because net 'bd_i/ddr4_1/inst/u_ddr4_mem_intfc/u_mig_ddr4_phy/cal_RESET_n[0]' is not directly connected to top level port. 'SLEW' is ignored for synthesis but preserved for implementation.
WARNING: [Constraints 18-550] Could not create 'IBUF_LOW_PWR' constraint because net 'bd_i/ddr4_1/inst/u_ddr4_mem_intfc/u_mig_ddr4_phy/sys_clk_in' is not directly connected to top level port. 'IBUF_LOW_PWR' is ignored for synthesis but preserved for implementation.
WARNING: [Constraints 18-550] Could not create 'DRIVE' constraint because net 'bd_i/ddr4_2/inst/u_ddr4_mem_intfc/u_mig_ddr4_phy/cal_RESET_n[0]' is not directly connected to top level port. 'DRIVE' is ignored for synthesis but preserved for implementation.
WARNING: [Constraints 18-550] Could not create 'SLEW' constraint because net 'bd_i/ddr4_2/inst/u_ddr4_mem_intfc/u_mig_ddr4_phy/cal_RESET_n[0]' is not directly connected to top level port. 'SLEW' is ignored for synthesis but preserved for implementation.
WARNING: [Constraints 18-550] Could not create 'IBUF_LOW_PWR' constraint because net 'bd_i/ddr4_2/inst/u_ddr4_mem_intfc/u_mig_ddr4_phy/sys_clk_in' is not directly connected to top level port. 'IBUF_LOW_PWR' is ignored for synthesis but preserved for implementation.
WARNING: [Constraints 18-550] Could not create 'DRIVE' constraint because net 'bd_i/ddr4_3/inst/u_ddr4_mem_intfc/u_mig_ddr4_phy/cal_RESET_n[0]' is not directly connected to top level port. 'DRIVE' is ignored for synthesis but preserved for implementation.
WARNING: [Constraints 18-550] Could not create 'SLEW' constraint because net 'bd_i/ddr4_3/inst/u_ddr4_mem_intfc/u_mig_ddr4_phy/cal_RESET_n[0]' is not directly connected to top level port. 'SLEW' is ignored for synthesis but preserved for implementation.
WARNING: [Constraints 18-550] Could not create 'IBUF_LOW_PWR' constraint because net 'bd_i/ddr4_3/inst/u_ddr4_mem_intfc/u_mig_ddr4_phy/sys_clk_in' is not directly connected to top level port. 'IBUF_LOW_PWR' is ignored for synthesis but preserved for implementation.
Read ShapeDB Complete: Time (s): cpu = 00:00:02 ; elapsed = 00:00:02 . Memory (MB): peak = 15557.812 ; gain = 105.977 ; free physical = 32762 ; free virtual = 347652
INFO: [Timing 38-478] Restoring timing data from binary archive.
INFO: [Timing 38-479] Binary timing data restore complete.
INFO: [Project 1-856] Restoring constraints from binary archive.
INFO: [Project 1-853] Binary constraint restore complete.
INFO: [Designutils 20-5722] Start Reading Physical Databases.
Reading placement.
Read Netlist Cache: Time (s): cpu = 00:00:01 ; elapsed = 00:00:01 . Memory (MB): peak = 18862.805 ; gain = 0.000 ; free physical = 29188 ; free virtual = 344082
Reading placer database...
Read Device Cache: Time (s): cpu = 00:00:00.04 ; elapsed = 00:00:00.05 . Memory (MB): peak = 18862.805 ; gain = 0.000 ; free physical = 29187 ; free virtual = 344080
Read PlaceDB: Time (s): cpu = 00:00:37 ; elapsed = 00:00:37 . Memory (MB): peak = 19484.953 ; gain = 622.148 ; free physical = 28713 ; free virtual = 343606
Read PulsedLatchDB: Time (s): cpu = 00:00:00 ; elapsed = 00:00:00 . Memory (MB): peak = 19484.953 ; gain = 0.000 ; free physical = 28713 ; free virtual = 343606
Reading routing.
Read RouteStorage: Time (s): cpu = 00:00:22 ; elapsed = 00:00:07 . Memory (MB): peak = 19894.266 ; gain = 409.312 ; free physical = 28328 ; free virtual = 343222
Read Physdb Files: Time (s): cpu = 00:01:00 ; elapsed = 00:00:46 . Memory (MB): peak = 19894.266 ; gain = 1031.461 ; free physical = 28320 ; free virtual = 343214
Restored from archive | CPU: 63.330000 secs | Memory: 929.795876 MB |
Finished XDEF File Restore: Time (s): cpu = 00:01:01 ; elapsed = 00:00:48 . Memory (MB): peak = 19894.266 ; gain = 1031.461 ; free physical = 28329 ; free virtual = 343222
INFO: [IP_Flow 19-234] Refreshing IP repositories
INFO: [IP_Flow 19-1704] No user IP repositories specified
INFO: [IP_Flow 19-2313] Loaded Vivado IP repository '/home/cah/r2d2/sc2data/tools/Vivado/2024.2/data/ip'.
Netlist sorting complete. Time (s): cpu = 00:00:00.11 ; elapsed = 00:00:00.12 . Memory (MB): peak = 19894.266 ; gain = 0.000 ; free physical = 28367 ; free virtual = 343261
INFO: [Project 1-111] Unisim Transformation Summary:
  A total of 8343 instances were transformed.
  DSP48E1 => DSP48E2 (DSP_ALU, DSP_A_B_DATA, DSP_C_DATA, DSP_MULTIPLIER, DSP_M_DATA, DSP_OUTPUT, DSP_PREADD, DSP_PREADD_DATA): 12 instances
  DSP48E2 => DSP48E2 (DSP_ALU, DSP_A_B_DATA, DSP_C_DATA, DSP_MULTIPLIER, DSP_M_DATA, DSP_OUTPUT, DSP_PREADD, DSP_PREADD_DATA): 1846 instances
  IBUF => IBUF (IBUFCTRL, INBUF): 1 instance 
  IBUFDS => IBUFDS (DIFFINBUF, IBUFCTRL): 4 instances
  IOBUFDS => IOBUFDS (DIFFINBUF, IBUFCTRL, INV, OBUFT(x2)): 32 instances
  IOBUFE3 => IOBUFE3 (IBUFCTRL, INBUF, OBUFT_DCIEN): 288 instances
  LUT6_2 => LUT6_2 (LUT5, LUT6): 124 instances
  OBUFDS => OBUFDS_DUAL_BUF (INV, OBUF(x2)): 4 instances
  RAM16X1D => RAM32X1D (RAMD32(x2)): 40 instances
  RAM256X1D => RAM256X1D (MUXF7(x4), MUXF8(x2), RAMD64E(x8)): 512 instances
  RAM256X1S => RAM256X1S (MUXF7(x2), MUXF8, RAMS64E(x4)): 9 instances
  RAM32M => RAM32M (RAMD32(x6), RAMS32(x2)): 866 instances
  RAM32M16 => RAM32M16 (RAMD32(x14), RAMS32(x2)): 1978 instances
  RAM32X1D => RAM32X1D (RAMD32(x2)): 80 instances
  RAM64M => RAM64M (RAMD64E(x4)): 16 instances
  RAM64M8 => RAM64M8 (RAMD64E(x8)): 2515 instances
  RAM64X1D => RAM64X1D (RAMD64E(x2)): 16 instances

INFO: [Project 1-604] Checkpoint was created with Vivado v2024.2 (64-bit) build 5239630
WARNING: [Vivado 12-23575] Critical violations of the methodology design rules detected. Critical violations may contribute to timing failures or cause functional issues in hardware. Run report_methodology for more information.
open_checkpoint: Time (s): cpu = 00:09:52 ; elapsed = 00:05:00 . Memory (MB): peak = 19894.266 ; gain = 4450.430 ; free physical = 28375 ; free virtual = 343269
# if {[catch {route_design -preserve} err]} { puts "POPB_WARN route: $err" }
Command: route_design -preserve
Attempting to get a license for feature 'Implementation' and/or device 'xcvu9p'
INFO: [Common 17-349] Got license for feature 'Implementation' and/or device 'xcvu9p'
INFO: [Common 17-86] Your Implementation license expires in 16 day(s)


Starting Routing Task
INFO: [Route 35-254] Multithreading enabled for route_design using a maximum of 8 CPUs

Phase 1 Build RT Design
Checksum: PlaceDB: 4b8d1e3 ConstDB: 0 ShapeSum: 7b8d5ee8 RouteDB: af67691e
Nodegraph reading from file.  Time (s): cpu = 00:00:02 ; elapsed = 00:00:02 . Memory (MB): peak = 19894.266 ; gain = 0.000 ; free physical = 28388 ; free virtual = 343281
Post Restoration Checksum: NetGraph: ca167f68 | NumContArr: 1c07b622 | Constraints: c2a8fa9d | Timing: c2a8fa9d
Phase 1 Build RT Design | Checksum: 26b702ac4

Time (s): cpu = 00:09:01 ; elapsed = 00:01:38 . Memory (MB): peak = 20767.055 ; gain = 872.789 ; free physical = 27605 ; free virtual = 342499

Phase 2 Router Initialization

Phase 2.1 Fix Topology Constraints
Phase 2.1 Fix Topology Constraints | Checksum: 26b702ac4

Time (s): cpu = 00:09:09 ; elapsed = 00:01:40 . Memory (MB): peak = 20767.055 ; gain = 872.789 ; free physical = 27596 ; free virtual = 342489

Phase 2.2 Pre Route Cleanup
Phase 2.2 Pre Route Cleanup | Checksum: 26b702ac4

Time (s): cpu = 00:09:17 ; elapsed = 00:01:41 . Memory (MB): peak = 20767.055 ; gain = 872.789 ; free physical = 27589 ; free virtual = 342482

Phase 2.3 Timing Verification

Phase 2.3.1 Update Timing
Phase 2.3.1 Update Timing | Checksum: 2e0135641

Time (s): cpu = 00:15:08 ; elapsed = 00:02:49 . Memory (MB): peak = 21604.023 ; gain = 1709.758 ; free physical = 26196 ; free virtual = 341090
INFO: [Route 35-416] Intermediate Timing Summary | WNS=-0.221 | TNS=-266.954| WHS=-0.023 | THS=-0.061 |

Phase 2.3 Timing Verification | Checksum: 2e0135641

Time (s): cpu = 00:15:13 ; elapsed = 00:02:51 . Memory (MB): peak = 21604.023 ; gain = 1709.758 ; free physical = 26247 ; free virtual = 341140

Phase 2.4 Global Clock Net Routing
Phase 2.4 Global Clock Net Routing | Checksum: 27d828fc4

Time (s): cpu = 00:15:21 ; elapsed = 00:02:56 . Memory (MB): peak = 21604.023 ; gain = 1709.758 ; free physical = 26218 ; free virtual = 341112

Phase 2.5 Update Timing
Phase 2.5 Update Timing | Checksum: 228610251

Time (s): cpu = 00:21:52 ; elapsed = 00:04:15 . Memory (MB): peak = 21845.711 ; gain = 1951.445 ; free physical = 26627 ; free virtual = 341523
INFO: [Route 35-416] Intermediate Timing Summary | WNS=-0.222 | TNS=-274.680| WHS=-0.244 | THS=-212.039|


Phase 2.6 Update Timing for Bus Skew

Phase 2.6.1 Update Timing
Phase 2.6.1 Update Timing | Checksum: 2d494bc77

Time (s): cpu = 00:34:27 ; elapsed = 00:07:00 . Memory (MB): peak = 23337.383 ; gain = 3443.117 ; free physical = 25177 ; free virtual = 340073
INFO: [Route 35-416] Intermediate Timing Summary | WNS=-0.222 | TNS=-258.232| WHS=-0.010 | THS=-0.081 |

Phase 2.6 Update Timing for Bus Skew | Checksum: 355b8e046

Time (s): cpu = 00:34:31 ; elapsed = 00:07:01 . Memory (MB): peak = 23337.383 ; gain = 3443.117 ; free physical = 25178 ; free virtual = 340074
INFO: [Route 35-445] Local routing congestion detected. At least 4130 CLBs have high pin utilization, which can impact runtime and timing closure. Top ten contiguous CLBs with high pin utilization are:
	(156 67) -> (156 72)	[CLEM_X23Y835 -> CLEM_X23Y830]
	(181 42) -> (181 47)	[CLEM_X29Y859 -> CLEM_X29Y854]
	(125 199) -> (125 202)	[CLEM_X16Y707 -> CLEM_X16Y704]
	(125 204) -> (125 207)	[CLEM_X16Y702 -> CLEM_X16Y699]
	(109 183) -> (109 185)	[CLEL_R_X12Y722 -> CLEL_R_X12Y720]
	(111 204) -> (111 206)	[CLEM_X13Y702 -> CLEM_X13Y700]
	(116 127) -> (116 129)	[CLEM_X14Y777 -> CLEM_X14Y775]
	(116 202) -> (116 204)	[CLEM_X14Y704 -> CLEM_X14Y702]
	(116 211) -> (116 213)	[CLEM_X14Y695 -> CLEM_X14Y693]
	(120 132) -> (120 134)	[CLEM_X15Y772 -> CLEM_X15Y770]

Router Utilization Summary
  Global Vertical Routing Utilization    = 0 %
  Global Horizontal Routing Utilization  = 0 %
  Routable Net Status*
  *Does not include unroutable nets such as driverless and loadless.
  Run report_route_status for detailed report.
  Number of Failed Nets               = 0
    (Failed Nets is the sum of unrouted and partially routed nets)
  Number of Unrouted Nets             = 0
  Number of Partially Routed Nets     = 0
  Number of Node Overlaps             = 0

Phase 2 Router Initialization | Checksum: 355b8e046

Time (s): cpu = 00:35:09 ; elapsed = 00:07:11 . Memory (MB): peak = 23337.383 ; gain = 3443.117 ; free physical = 25163 ; free virtual = 340059

Phase 3 Global Routing
Phase 3 Global Routing | Checksum: 355b8e046

Time (s): cpu = 00:35:13 ; elapsed = 00:07:12 . Memory (MB): peak = 23337.383 ; gain = 3443.117 ; free physical = 25164 ; free virtual = 340060

Phase 4 Initial Routing

Phase 4.1 Initial Net Routing Pass
 Number of Nodes with overlaps = 0
Phase 4.1 Initial Net Routing Pass | Checksum: 355b8e046

Time (s): cpu = 00:35:44 ; elapsed = 00:07:22 . Memory (MB): peak = 23337.383 ; gain = 3443.117 ; free physical = 25176 ; free virtual = 340072
Phase 4 Initial Routing | Checksum: 355b8e046

Time (s): cpu = 00:35:55 ; elapsed = 00:07:24 . Memory (MB): peak = 23337.383 ; gain = 3443.117 ; free physical = 25177 ; free virtual = 340073

Phase 5 Rip-up And Reroute

Phase 5.1 Global Iteration 0
INFO: [Route 35-416] Intermediate Timing Summary | WNS=-0.221 | TNS=-266.954| WHS=-0.023 | THS=-0.061 |

Phase 5.1 Global Iteration 0 | Checksum: 2d6d9b37d

Time (s): cpu = 00:46:30 ; elapsed = 00:09:41 . Memory (MB): peak = 23337.383 ; gain = 3443.117 ; free physical = 25233 ; free virtual = 340131

Phase 5.2 Additional Iteration for Hold

Phase 5.2.1 Global Iteration for Hold
INFO: [Route 35-444] Design has unmet hold violation, router is invoking high effort hold fixing.
INFO: [Route 35-416] Intermediate Timing Summary | WNS=-0.221 | TNS=-266.954| WHS=-0.023 | THS=-0.061 |


Phase 5.2.1.1 Fast Budgeting
Phase 5.2.1.1 Fast Budgeting | Checksum: 2ae498386

Time (s): cpu = 00:51:04 ; elapsed = 00:10:41 . Memory (MB): peak = 23337.383 ; gain = 3443.117 ; free physical = 25279 ; free virtual = 340177

Phase 5.2.1.2 Lut RouteThru Assignment for hold
Phase 5.2.1.2 Lut RouteThru Assignment for hold | Checksum: 28247bda0

Time (s): cpu = 00:51:14 ; elapsed = 00:10:42 . Memory (MB): peak = 23337.383 ; gain = 3443.117 ; free physical = 25267 ; free virtual = 340165
INFO: [Route 35-416] Intermediate Timing Summary | WNS=-0.221 | TNS=-266.954| WHS=-0.023 | THS=-0.061 |

Phase 5.2.1 Global Iteration for Hold | Checksum: 2859dcc5b

Time (s): cpu = 00:51:40 ; elapsed = 00:10:49 . Memory (MB): peak = 23337.383 ; gain = 3443.117 ; free physical = 25289 ; free virtual = 340187
Phase 5.2 Additional Iteration for Hold | Checksum: 2859dcc5b

Time (s): cpu = 00:51:43 ; elapsed = 00:10:49 . Memory (MB): peak = 23337.383 ; gain = 3443.117 ; free physical = 25287 ; free virtual = 340185
Phase 5 Rip-up And Reroute | Checksum: 2859dcc5b

Time (s): cpu = 00:51:46 ; elapsed = 00:10:50 . Memory (MB): peak = 23337.383 ; gain = 3443.117 ; free physical = 25287 ; free virtual = 340185

Phase 6 Delay and Skew Optimization

Phase 6.1 Delay CleanUp
INFO: [Route 35-416] Intermediate Timing Summary | WNS=-0.221 | TNS=-266.954| WHS=-0.023 | THS=-0.061 |

INFO: [Route 35-416] Intermediate Timing Summary | WNS=-0.221 | TNS=-266.954| WHS=-0.023 | THS=-0.061 |

Phase 6.1 Delay CleanUp | Checksum: 2d5829ec7

Time (s): cpu = 00:57:23 ; elapsed = 00:11:51 . Memory (MB): peak = 23337.383 ; gain = 3443.117 ; free physical = 25268 ; free virtual = 340166

Phase 6.2 Clock Skew Optimization
Phase 6.2 Clock Skew Optimization | Checksum: 2d5829ec7

Time (s): cpu = 00:57:26 ; elapsed = 00:11:52 . Memory (MB): peak = 23337.383 ; gain = 3443.117 ; free physical = 25268 ; free virtual = 340166
Phase 6 Delay and Skew Optimization | Checksum: 2d5829ec7

Time (s): cpu = 00:57:29 ; elapsed = 00:11:52 . Memory (MB): peak = 23337.383 ; gain = 3443.117 ; free physical = 25269 ; free virtual = 340167

Phase 7 Post Hold Fix

Phase 7.1 Hold Fix Iter
INFO: [Route 35-416] Intermediate Timing Summary | WNS=-0.221 | TNS=-266.954| WHS=-0.023 | THS=-0.061 |


Phase 7.1.1 Lut RouteThru Assignment for hold
Phase 7.1.1 Lut RouteThru Assignment for hold | Checksum: 2b4b47e2c

Time (s): cpu = 01:02:26 ; elapsed = 00:12:58 . Memory (MB): peak = 23337.383 ; gain = 3443.117 ; free physical = 25280 ; free virtual = 340177
Phase 7.1 Hold Fix Iter | Checksum: 2b4b47e2c

Time (s): cpu = 01:02:29 ; elapsed = 00:12:59 . Memory (MB): peak = 23337.383 ; gain = 3443.117 ; free physical = 25280 ; free virtual = 340177

Phase 7.2 Additional Hold Fix
INFO: [Route 35-416] Intermediate Timing Summary | WNS=-0.221 | TNS=-266.954| WHS=-0.023 | THS=-0.061 |

Phase 7.2 Additional Hold Fix | Checksum: 2cd3056b2

Time (s): cpu = 01:07:27 ; elapsed = 00:14:05 . Memory (MB): peak = 23337.383 ; gain = 3443.117 ; free physical = 25283 ; free virtual = 340180

Phase 7.3 Non Free Resource Hold Fix Iter
Phase 7.3 Non Free Resource Hold Fix Iter | Checksum: 2cd3056b2

Time (s): cpu = 01:07:30 ; elapsed = 00:14:06 . Memory (MB): peak = 23337.383 ; gain = 3443.117 ; free physical = 25283 ; free virtual = 340180
Phase 7 Post Hold Fix | Checksum: 2cd3056b2

Time (s): cpu = 01:07:33 ; elapsed = 00:14:06 . Memory (MB): peak = 23337.383 ; gain = 3443.117 ; free physical = 25283 ; free virtual = 340180

Phase 8 Route finalize

Router Utilization Summary
  Global Vertical Routing Utilization    = 0 %
  Global Horizontal Routing Utilization  = 0 %
  Routable Net Status*
  *Does not include unroutable nets such as driverless and loadless.
  Run report_route_status for detailed report.
  Number of Failed Nets               = 0
    (Failed Nets is the sum of unrouted and partially routed nets)
  Number of Unrouted Nets             = 0
  Number of Partially Routed Nets     = 0
  Number of Node Overlaps             = 0


--GLOBAL Congestion:
Utilization threshold used for congestion level computation: 0.85
Congestion Report
North Dir 1x1 Area, Max Cong = 0%, No Congested Regions.
South Dir 1x1 Area, Max Cong = 0%, No Congested Regions.
East Dir 1x1 Area, Max Cong = 0%, No Congested Regions.
West Dir 1x1 Area, Max Cong = 0%, No Congested Regions.

------------------------------
Reporting congestion hotspots
------------------------------
Direction: North
----------------
Congested clusters found at Level 0
Effective congestion level: 0 Aspect Ratio: 1 Sparse Ratio: 0
Direction: South
----------------
Congested clusters found at Level 0
Effective congestion level: 0 Aspect Ratio: 1 Sparse Ratio: 0
Direction: East
----------------
Congested clusters found at Level 0
Effective congestion level: 0 Aspect Ratio: 1 Sparse Ratio: 0
Direction: West
----------------
Congested clusters found at Level 0
Effective congestion level: 0 Aspect Ratio: 1 Sparse Ratio: 0

Phase 8 Route finalize | Checksum: 2cd3056b2

Time (s): cpu = 01:07:57 ; elapsed = 00:14:11 . Memory (MB): peak = 23337.383 ; gain = 3443.117 ; free physical = 25277 ; free virtual = 340175

Phase 9 Verifying routed nets

 Verification completed successfully
Phase 9 Verifying routed nets | Checksum: 2cd3056b2

Time (s): cpu = 01:08:02 ; elapsed = 00:14:13 . Memory (MB): peak = 23337.383 ; gain = 3443.117 ; free physical = 25278 ; free virtual = 340175

Phase 10 Depositing Routes
Phase 10 Depositing Routes | Checksum: 2cd3056b2

Time (s): cpu = 01:09:23 ; elapsed = 00:15:01 . Memory (MB): peak = 23337.383 ; gain = 3443.117 ; free physical = 25249 ; free virtual = 340146

Phase 11 Resolve XTalk
Phase 11 Resolve XTalk | Checksum: 2cd3056b2

Time (s): cpu = 01:09:28 ; elapsed = 00:15:03 . Memory (MB): peak = 23337.383 ; gain = 3443.117 ; free physical = 25249 ; free virtual = 340147

Phase 12 Post Process Routing
WARNING: [Route 35-459] Router was unable to fix hold violation on 3 pins. This could be due to a combination of congestion, blockages and run-time limitations. Such pins are:
	bd_i/axi_smc/inst/s02_entry_pipeline/s02_si_converter/inst/converter.wrap_narrow_inst/gen_thread_loop[0].r_payld_fifo/gen_srls[430].srl_nx1/shift_reg_reg[0]_srl32/D
	bd_i/axi_smc/inst/s02_entry_pipeline/s02_si_converter/inst/converter.wrap_narrow_inst/gen_thread_loop[0].r_payld_fifo/gen_srls[457].srl_nx1/shift_reg_reg[0]_srl32/D
	bd_i/smc_ch3/inst/s00_entry_pipeline/s00_mmu/inst/w_sreg/skid_buffer_reg[1459]/D

Resolution: You may try high effort hold fixing by set_param route.enableGlobalHoldIter 1
Phase 12 Post Process Routing | Checksum: 251e7c7a9

Time (s): cpu = 01:09:43 ; elapsed = 00:15:08 . Memory (MB): peak = 23337.383 ; gain = 3443.117 ; free physical = 25262 ; free virtual = 340160

Phase 13 Post Router Timing

Phase 13.1 Update Timing
Phase 13.1 Update Timing | Checksum: 251e7c7a9

Time (s): cpu = 01:13:15 ; elapsed = 00:15:51 . Memory (MB): peak = 23337.383 ; gain = 3443.117 ; free physical = 25210 ; free virtual = 340108
INFO: [Route 35-57] Estimated Timing Summary | WNS=-0.221 | TNS=-266.954| WHS=-0.023 | THS=-0.061 |

WARNING: [Route 35-328] Router estimated timing not met.
Resolution: For a complete and accurate timing signoff, report_timing_summary must be run after route_design. Alternatively, route_design can be run with the -timing_summary option to enable a complete timing signoff at the end of route_design.
WARNING: [Route 35-3426] Critical methodology violations exist in the design which may contribute to timing failures: TIMING-54
Resolution: Review the critical violations in methodology report if available, otherwise run report_methodology to generate and review the report.
Phase 13 Post Router Timing | Checksum: 251e7c7a9

Time (s): cpu = 01:13:18 ; elapsed = 00:15:51 . Memory (MB): peak = 23337.383 ; gain = 3443.117 ; free physical = 25210 ; free virtual = 340108
Skip laguna hold fix in PhysOpt in Router as non-negative WHS value: 0 .
Time taken to check if laguna hold fix is required (in secs): 0

Phase 14 Physical Synthesis in Router

Phase 14.1 Physical Synthesis Initialization
INFO: [Physopt 32-668] Current Timing Summary | WNS=-0.130 | TNS=-227.826 | WHS=0.000 | THS=0.000 |
Phase 14.1 Physical Synthesis Initialization | Checksum: 251e7c7a9

Time (s): cpu = 01:26:20 ; elapsed = 00:19:07 . Memory (MB): peak = 23337.383 ; gain = 3443.117 ; free physical = 24515 ; free virtual = 339415

Phase 14.2 Critical Path Optimization
INFO: [Physopt 32-668] Current Timing Summary | WNS=-0.130 | TNS=-227.826 | WHS=0.000 | THS=0.000 |
INFO: [Physopt 32-953] Path group WNS did not improve. Path group: mmcm_clkout0_3. Processed net: bd_i/mvchan_2/inst/u_chan/u_engine/xline_q0_reg[0]__26_n_0.
INFO: [Physopt 32-953] Path group WNS did not improve. Path group: mmcm_clkout0_3. Processed net: bd_i/mvchan_2/inst/u_chan/u_streamer/f_wr_reg_n_0_[5].
INFO: [Physopt 32-953] Path group WNS did not improve. Path group: mmcm_clkout0_3. Processed net: bd_i/mvchan_2/inst/u_chan/u_engine/r_active_reg_0.
INFO: [Physopt 32-953] Path group WNS did not improve. Path group: xdma_0_axi_aclk. Processed net: bd_i/seq_0/inst/u_seq/pc_reg_n_0_[13].
INFO: [Physopt 32-953] Path group WNS did not improve. Path group: xdma_0_axi_aclk. Processed net: bd_i/seq_0/inst/u_seq/rec_reg_n_0_[7].
INFO: [Physopt 32-953] Path group WNS did not improve. Path group: xdma_0_axi_aclk. Processed net: bd_i/seq_0/inst/u_seq/pc[31]_i_6_n_0.
INFO: [Physopt 32-953] Path group WNS did not improve. Path group: mmcm_clkout0_1. Processed net: bd_i/mvchan_3/inst/u_chan/u_engine/scales_q_reg[41]_150[1].
INFO: [Physopt 32-953] Path group WNS did not improve. Path group: mmcm_clkout0_1. Processed net: bd_i/mvchan_3/inst/u_chan/u_engine/r_g_reg[2]_rep_n_0.
INFO: [Physopt 32-953] Path group WNS did not improve. Path group: mmcm_clkout0_1. Processed net: bd_i/mvchan_3/inst/u_chan/u_engine/r_active_reg_0.
INFO: [Physopt 32-668] Current Timing Summary | WNS=-0.130 | TNS=-227.826 | WHS=0.000 | THS=0.000 |
Netlist sorting complete. Time (s): cpu = 00:00:00.13 ; elapsed = 00:00:00.15 . Memory (MB): peak = 23337.383 ; gain = 0.000 ; free physical = 24464 ; free virtual = 339365
Phase 14.2 Critical Path Optimization | Checksum: 2511902ab

Time (s): cpu = 01:30:19 ; elapsed = 00:20:23 . Memory (MB): peak = 23337.383 ; gain = 3443.117 ; free physical = 24493 ; free virtual = 339394
Netlist sorting complete. Time (s): cpu = 00:00:00.12 ; elapsed = 00:00:00.12 . Memory (MB): peak = 23337.383 ; gain = 0.000 ; free physical = 24720 ; free virtual = 339622
INFO: [Physopt 32-669] Post Physical Optimization Timing Summary | WNS=-0.130 | TNS=-227.826 | WHS=0.000 | THS=0.000 |
Phase 14 Physical Synthesis in Router | Checksum: 2511902ab

Time (s): cpu = 01:30:41 ; elapsed = 00:20:39 . Memory (MB): peak = 23337.383 ; gain = 3443.117 ; free physical = 24731 ; free virtual = 339633
Total Elapsed time in route_design: 1237.71 secs

Phase 15 Post-Route Event Processing
Phase 15 Post-Route Event Processing | Checksum: 10352528d

Time (s): cpu = 01:30:52 ; elapsed = 00:20:41 . Memory (MB): peak = 23337.383 ; gain = 3443.117 ; free physical = 24737 ; free virtual = 339639
INFO: [Route 35-16] Router Completed Successfully
Ending Routing Task | Checksum: 10352528d

Time (s): cpu = 01:31:10 ; elapsed = 00:20:44 . Memory (MB): peak = 23337.383 ; gain = 3443.117 ; free physical = 24745 ; free virtual = 339647

Routing Is Done.
INFO: [Common 17-83] Releasing license: Implementation
31 Infos, 3 Warnings, 0 Critical Warnings and 0 Errors encountered.
route_design completed successfully
route_design: Time (s): cpu = 01:31:18 ; elapsed = 00:20:53 . Memory (MB): peak = 23337.383 ; gain = 3443.117 ; free physical = 24804 ; free virtual = 339706
get_timing_paths: Time (s): cpu = 00:03:32 ; elapsed = 00:00:43 . Memory (MB): peak = 23337.383 ; gain = 0.000 ; free physical = 24576 ; free virtual = 339479
# set w [wns]
get_timing_paths: Time (s): cpu = 00:00:44 ; elapsed = 00:00:06 . Memory (MB): peak = 23337.383 ; gain = 0.000 ; free physical = 24622 ; free virtual = 339525
# set h [whs]
# puts "POPB_FINAL: WNS=$w WHS=$h"
POPB_FINAL: WNS=-0.130 WHS=0.000
# report_timing_summary -file $OUT/reports/timing_summary.rpt
WARNING: [Timing 38-436] There are set_bus_skew constraint(s) in this design. Please run report_bus_skew to ensure that bus skew requirements are met.
report_timing_summary: Time (s): cpu = 00:01:52 ; elapsed = 00:00:41 . Memory (MB): peak = 23337.383 ; gain = 0.000 ; free physical = 24846 ; free virtual = 339749
# report_utilization    -file $OUT/reports/utilization.rpt
report_utilization: Time (s): cpu = 00:00:47 ; elapsed = 00:00:49 . Memory (MB): peak = 23337.383 ; gain = 0.000 ; free physical = 24860 ; free virtual = 339764
# report_utilization -hierarchical -file $OUT/reports/utilization_hier.rpt
report_utilization: Time (s): cpu = 00:01:18 ; elapsed = 00:01:20 . Memory (MB): peak = 23337.383 ; gain = 0.000 ; free physical = 24898 ; free virtual = 339806
# write_checkpoint -force $OUT/bd_wrapper_po_routed.dcp
INFO: [Timing 38-480] Writing timing data to binary archive.
Write ShapeDB Complete: Time (s): cpu = 00:00:08 ; elapsed = 00:00:02 . Memory (MB): peak = 23337.383 ; gain = 0.000 ; free physical = 24715 ; free virtual = 339739
Wrote PlaceDB: Time (s): cpu = 00:02:05 ; elapsed = 00:00:50 . Memory (MB): peak = 23337.383 ; gain = 0.000 ; free physical = 23977 ; free virtual = 339828
Wrote PulsedLatchDB: Time (s): cpu = 00:00:00 ; elapsed = 00:00:00 . Memory (MB): peak = 23337.383 ; gain = 0.000 ; free physical = 24007 ; free virtual = 339859
Writing XDEF routing.
Writing XDEF routing logical nets.
Writing XDEF routing special nets.
Wrote RouteStorage: Time (s): cpu = 00:00:25 ; elapsed = 00:00:13 . Memory (MB): peak = 23337.383 ; gain = 0.000 ; free physical = 23777 ; free virtual = 339763
Wrote Netlist Cache: Time (s): cpu = 00:00:01 ; elapsed = 00:00:01 . Memory (MB): peak = 23337.383 ; gain = 0.000 ; free physical = 23655 ; free virtual = 339715
Wrote Device Cache: Time (s): cpu = 00:00:00.03 ; elapsed = 00:00:00.04 . Memory (MB): peak = 23337.383 ; gain = 0.000 ; free physical = 23652 ; free virtual = 339716
Write Physdb Complete: Time (s): cpu = 00:02:31 ; elapsed = 00:01:06 . Memory (MB): peak = 23337.383 ; gain = 0.000 ; free physical = 23591 ; free virtual = 339655
report_design_analysis: Time (s): cpu = 00:02:18 ; elapsed = 00:00:38 . Memory (MB): peak = 23337.383 ; gain = 0.000 ; free physical = 23675 ; free virtual = 339743
INFO: [Common 17-1381] The checkpoint '/home/cah/r2d2/code/fpga/fable5_llm/synth/out_g5b_po_eto/bd_wrapper_po_routed.dcp' has been generated.
write_checkpoint: Time (s): cpu = 00:05:22 ; elapsed = 00:02:20 . Memory (MB): peak = 23337.383 ; gain = 0.000 ; free physical = 23047 ; free virtual = 339394
# if {$w >= 0 && $h >= 0} {
#     write_bitstream -force $OUT/bd_wrapper.bit
#     puts "POPB_BITSTREAM: $OUT/bd_wrapper.bit"
#     puts "POPB_CLOSED"
# } else { puts "POPB_NOT_CLOSED" }
POPB_NOT_CLOSED
INFO: [Common 17-206] Exiting Vivado at Sun Sep  6 21:41:11 2026...
=== rc: 0
=== end: 2026-09-06T21:41:29-06:00
