Copyright 1986-2022 Xilinx, Inc. All Rights Reserved. Copyright 2022-2024 Advanced Micro Devices, Inc. All Rights Reserved.
-------------------------------------------------------------------------------------------------------------------------------------------------------------------------------------------------------------------------------------------------------------------------------
| Tool Version      : Vivado v.2024.2 (lin64) Build 5239630 Fri Nov 08 22:34:34 MST 2024
| Date              : Sun Sep  6 23:09:15 2026
| Host              : snoke running 64-bit Ubuntu 24.04.4 LTS
| Command           : report_timing -of_objects [get_timing_paths -quiet -max_paths 50 -nworst 1 -setup -group xdma_0_axi_aclk -slack_lesser_than 0 -sort_by slack] -path_type full_clock_expanded -input_pins -file evidence/qwen9b/g5/063_t14a_po2_xdma_0_axi_aclk_paths.rpt
| Design            : bd_wrapper
| Device            : xcvu9p-fsgd2104
| Speed File        : -2L  PRODUCTION 1.28 03-30-2022
| Design State      : Physopt postRoute
| Temperature Grade : E
-------------------------------------------------------------------------------------------------------------------------------------------------------------------------------------------------------------------------------------------------------------------------------

Timing Report

Slack (VIOLATED) :        -0.247ns  (required time - arrival time)
  Source:                 bd_i/layer_0/inst/u_core/smem_a_reg_bram_8/CLKBWRCLK
                            (rising edge-triggered cell RAMB36E2 clocked by xdma_0_axi_aclk  {rise@0.000ns fall@2.000ns period=4.000ns})
  Destination:            bd_i/layer_0/inst/u_core/dn_vdata_reg[7]/D
                            (rising edge-triggered cell FDRE clocked by xdma_0_axi_aclk  {rise@0.000ns fall@2.000ns period=4.000ns})
  Path Group:             xdma_0_axi_aclk
  Path Type:              Setup (Max at Slow Process Corner)
  Requirement:            4.000ns  (xdma_0_axi_aclk rise@4.000ns - xdma_0_axi_aclk rise@0.000ns)
  Data Path Delay:        3.885ns  (logic 2.596ns (66.819%)  route 1.289ns (33.181%))
  Logic Levels:           8  (LUT6=1 RAMB36E2=7)
  Clock Path Skew:        -0.340ns (DCD - SCD + CPR)
    Destination Clock Delay (DCD):    2.706ns = ( 6.706 - 4.000 ) 
    Source Clock Delay      (SCD):    3.210ns
    Clock Pessimism Removal (CPR):    0.164ns
  Clock Uncertainty:      0.046ns  ((TSJ^2 + DJ^2)^1/2) / 2 + PE
    Total System Jitter     (TSJ):    0.071ns
    Discrete Jitter          (DJ):    0.060ns
    Phase Error              (PE):    0.000ns
  Clock Net Delay (Source):      2.995ns (routing 1.183ns, distribution 1.812ns)
  Clock Net Delay (Destination): 2.514ns (routing 1.071ns, distribution 1.443ns)

    Location             Delay type                Incr(ns)  Path(ns)    Netlist Resource(s)
  -------------------------------------------------------------------    -------------------
                         (clock xdma_0_axi_aclk rise edge)
                                                      0.000     0.000 r  
    GTYE4_CHANNEL_X1Y35  GTYE4_CHANNEL                0.000     0.000 r  bd_i/xdma_0/inst/pcie4_ip_i/inst/bd_xdma_0_0_pcie4_ip_gt_top_i/diablo_gt.diablo_gt_phy_wrapper/gt_wizard.gtwizard_top_i/bd_xdma_0_0_pcie4_ip_gt_i/inst/gen_gtwizard_gtye4_top.bd_xdma_0_0_pcie4_ip_gt_gtwizard_gtye4_inst/gen_gtwizard_gtye4.gen_channel_container[32].gen_enabled_channel.gtye4_channel_wrapper_inst/channel_inst/gtye4_channel_gen.gen_gtye4_channel_inst[3].GTYE4_CHANNEL_PRIM_INST/TXOUTCLK
                         net (fo=7, routed)           0.085     0.085    bd_i/xdma_0/inst/pcie4_ip_i/inst/bd_xdma_0_0_pcie4_ip_gt_top_i/diablo_gt.diablo_gt_phy_wrapper/phy_clk_i/GT_TXOUTCLK[0]
    BUFG_GT_X1Y198                                                    r  bd_i/xdma_0/inst/pcie4_ip_i/inst/bd_xdma_0_0_pcie4_ip_gt_top_i/diablo_gt.diablo_gt_phy_wrapper/phy_clk_i/bufg_gt_userclk/I
    BUFG_GT_X1Y198       BUFG_GT (Prop_BUFG_GT_I_O)
                                                      0.130     0.215 r  bd_i/xdma_0/inst/pcie4_ip_i/inst/bd_xdma_0_0_pcie4_ip_gt_top_i/diablo_gt.diablo_gt_phy_wrapper/phy_clk_i/bufg_gt_userclk/O
    X3Y9 (CLOCK_ROOT)    net (fo=148450, routed)      2.995     3.210    bd_i/layer_0/inst/u_core/aclk
    SLR Crossing[1->2]   
    RAMB36_X5Y141        RAMB36E2                                     r  bd_i/layer_0/inst/u_core/smem_a_reg_bram_8/CLKBWRCLK
  -------------------------------------------------------------------    -------------------
    RAMB36_X5Y141        RAMB36E2 (Prop_RAMB36E2_RAMB36_CLKBWRCLK_CASDOUTB[7])
                                                      1.070     4.280 r  bd_i/layer_0/inst/u_core/smem_a_reg_bram_8/CASDOUTB[7]
                         net (fo=1, routed)           0.028     4.308    bd_i/layer_0/inst/u_core/smem_a_reg_bram_8_n_60
    RAMB36_X5Y142                                                     r  bd_i/layer_0/inst/u_core/smem_a_reg_bram_9/CASDINB[7]
    RAMB36_X5Y142        RAMB36E2 (Prop_RAMB36E2_RAMB36_CASDINB[7]_CASDOUTB[7])
                                                      0.210     4.518 r  bd_i/layer_0/inst/u_core/smem_a_reg_bram_9/CASDOUTB[7]
                         net (fo=1, routed)           0.028     4.546    bd_i/layer_0/inst/u_core/smem_a_reg_bram_9_n_60
    RAMB36_X5Y143                                                     r  bd_i/layer_0/inst/u_core/smem_a_reg_bram_10/CASDINB[7]
    RAMB36_X5Y143        RAMB36E2 (Prop_RAMB36E2_RAMB36_CASDINB[7]_CASDOUTB[7])
                                                      0.210     4.756 r  bd_i/layer_0/inst/u_core/smem_a_reg_bram_10/CASDOUTB[7]
                         net (fo=1, routed)           0.028     4.784    bd_i/layer_0/inst/u_core/smem_a_reg_bram_10_n_60
    RAMB36_X5Y144                                                     r  bd_i/layer_0/inst/u_core/smem_a_reg_bram_11/CASDINB[7]
    RAMB36_X5Y144        RAMB36E2 (Prop_RAMB36E2_RAMB36_CASDINB[7]_CASDOUTB[7])
                                                      0.210     4.994 r  bd_i/layer_0/inst/u_core/smem_a_reg_bram_11/CASDOUTB[7]
                         net (fo=1, routed)           0.028     5.022    bd_i/layer_0/inst/u_core/smem_a_reg_bram_11_n_60
    RAMB36_X5Y145                                                     r  bd_i/layer_0/inst/u_core/smem_a_reg_bram_12/CASDINB[7]
    RAMB36_X5Y145        RAMB36E2 (Prop_RAMB36E2_RAMB36_CASDINB[7]_CASDOUTB[7])
                                                      0.210     5.232 r  bd_i/layer_0/inst/u_core/smem_a_reg_bram_12/CASDOUTB[7]
                         net (fo=1, routed)           0.028     5.260    bd_i/layer_0/inst/u_core/smem_a_reg_bram_12_n_60
    RAMB36_X5Y146                                                     r  bd_i/layer_0/inst/u_core/smem_a_reg_bram_13/CASDINB[7]
    RAMB36_X5Y146        RAMB36E2 (Prop_RAMB36E2_RAMB36_CASDINB[7]_CASDOUTB[7])
                                                      0.210     5.470 r  bd_i/layer_0/inst/u_core/smem_a_reg_bram_13/CASDOUTB[7]
                         net (fo=1, routed)           0.028     5.498    bd_i/layer_0/inst/u_core/smem_a_reg_bram_13_n_60
    RAMB36_X5Y147                                                     r  bd_i/layer_0/inst/u_core/smem_a_reg_bram_14/CASDINB[7]
    RAMB36_X5Y147        RAMB36E2 (Prop_RAMB36E2_RAMB36_CASDINB[7]_CASDOUTB[7])
                                                      0.210     5.708 r  bd_i/layer_0/inst/u_core/smem_a_reg_bram_14/CASDOUTB[7]
                         net (fo=1, routed)           0.028     5.736    bd_i/layer_0/inst/u_core/smem_a_reg_bram_14_n_60
    RAMB36_X5Y148                                                     r  bd_i/layer_0/inst/u_core/smem_a_reg_bram_15/CASDINB[7]
    RAMB36_X5Y148        RAMB36E2 (Prop_RAMB36E2_RAMB36_CASDINB[7]_DOUTBDOUT[7])
                                                      0.117     5.853 r  bd_i/layer_0/inst/u_core/smem_a_reg_bram_15/DOUTBDOUT[7]
                         net (fo=10, routed)          1.034     6.887    bd_i/layer_0/inst/u_core/smem_a_reg_bram_15_n_124
    SLICE_X92Y752                                                     r  bd_i/layer_0/inst/u_core/dn_vdata[7]_i_1/I0
    SLICE_X92Y752        LUT6 (Prop_B6LUT_SLICEM_I0_O)
                                                      0.149     7.036 r  bd_i/layer_0/inst/u_core/dn_vdata[7]_i_1/O
                         net (fo=1, routed)           0.059     7.095    bd_i/layer_0/inst/u_core/dn_vdata[7]_i_1_n_0
    SLICE_X92Y752        FDRE                                         r  bd_i/layer_0/inst/u_core/dn_vdata_reg[7]/D
  -------------------------------------------------------------------    -------------------

                         (clock xdma_0_axi_aclk rise edge)
                                                      4.000     4.000 r  
    GTYE4_CHANNEL_X1Y35  GTYE4_CHANNEL                0.000     4.000 r  bd_i/xdma_0/inst/pcie4_ip_i/inst/bd_xdma_0_0_pcie4_ip_gt_top_i/diablo_gt.diablo_gt_phy_wrapper/gt_wizard.gtwizard_top_i/bd_xdma_0_0_pcie4_ip_gt_i/inst/gen_gtwizard_gtye4_top.bd_xdma_0_0_pcie4_ip_gt_gtwizard_gtye4_inst/gen_gtwizard_gtye4.gen_channel_container[32].gen_enabled_channel.gtye4_channel_wrapper_inst/channel_inst/gtye4_channel_gen.gen_gtye4_channel_inst[3].GTYE4_CHANNEL_PRIM_INST/TXOUTCLK
                         net (fo=7, routed)           0.078     4.078    bd_i/xdma_0/inst/pcie4_ip_i/inst/bd_xdma_0_0_pcie4_ip_gt_top_i/diablo_gt.diablo_gt_phy_wrapper/phy_clk_i/GT_TXOUTCLK[0]
    BUFG_GT_X1Y198                                                    r  bd_i/xdma_0/inst/pcie4_ip_i/inst/bd_xdma_0_0_pcie4_ip_gt_top_i/diablo_gt.diablo_gt_phy_wrapper/phy_clk_i/bufg_gt_userclk/I
    BUFG_GT_X1Y198       BUFG_GT (Prop_BUFG_GT_I_O)
                                                      0.114     4.192 r  bd_i/xdma_0/inst/pcie4_ip_i/inst/bd_xdma_0_0_pcie4_ip_gt_top_i/diablo_gt.diablo_gt_phy_wrapper/phy_clk_i/bufg_gt_userclk/O
    X3Y9 (CLOCK_ROOT)    net (fo=148450, routed)      2.514     6.706    bd_i/layer_0/inst/u_core/aclk
    SLR Crossing[1->2]   
    SLICE_X92Y752        FDRE                                         r  bd_i/layer_0/inst/u_core/dn_vdata_reg[7]/C
                         clock pessimism              0.164     6.870    
                         clock uncertainty           -0.046     6.823    
    SLICE_X92Y752        FDRE (Setup_BFF_SLICEM_C_D)
                                                      0.025     6.848    bd_i/layer_0/inst/u_core/dn_vdata_reg[7]
  -------------------------------------------------------------------
                         required time                          6.848    
                         arrival time                          -7.095    
  -------------------------------------------------------------------
                         slack                                 -0.247    

Slack (VIOLATED) :        -0.247ns  (required time - arrival time)
  Source:                 bd_i/layer_0/inst/u_core/u_dn/row_reg[5]/C
                            (rising edge-triggered cell FDRE clocked by xdma_0_axi_aclk  {rise@0.000ns fall@2.000ns period=4.000ns})
  Destination:            bd_i/layer_0/inst/u_core/u_dn/g_lane[84].p2_p_reg[84]/DSP_A_B_DATA_INST/B[1]
                            (rising edge-triggered cell DSP_A_B_DATA clocked by xdma_0_axi_aclk  {rise@0.000ns fall@2.000ns period=4.000ns})
  Path Group:             xdma_0_axi_aclk
  Path Type:              Setup (Max at Slow Process Corner)
  Requirement:            4.000ns  (xdma_0_axi_aclk rise@4.000ns - xdma_0_axi_aclk rise@0.000ns)
  Data Path Delay:        3.822ns  (logic 0.239ns (6.253%)  route 3.583ns (93.747%))
  Logic Levels:           2  (LUT3=1 RAMD64E=1)
  Clock Path Skew:        -0.114ns (DCD - SCD + CPR)
    Destination Clock Delay (DCD):    2.861ns = ( 6.861 - 4.000 ) 
    Source Clock Delay      (SCD):    3.157ns
    Clock Pessimism Removal (CPR):    0.182ns
  Clock Uncertainty:      0.046ns  ((TSJ^2 + DJ^2)^1/2) / 2 + PE
    Total System Jitter     (TSJ):    0.071ns
    Discrete Jitter          (DJ):    0.060ns
    Phase Error              (PE):    0.000ns
  Clock Net Delay (Source):      2.942ns (routing 1.183ns, distribution 1.759ns)
  Clock Net Delay (Destination): 2.669ns (routing 1.071ns, distribution 1.598ns)

    Location             Delay type                Incr(ns)  Path(ns)    Netlist Resource(s)
  -------------------------------------------------------------------    -------------------
                         (clock xdma_0_axi_aclk rise edge)
                                                      0.000     0.000 r  
    GTYE4_CHANNEL_X1Y35  GTYE4_CHANNEL                0.000     0.000 r  bd_i/xdma_0/inst/pcie4_ip_i/inst/bd_xdma_0_0_pcie4_ip_gt_top_i/diablo_gt.diablo_gt_phy_wrapper/gt_wizard.gtwizard_top_i/bd_xdma_0_0_pcie4_ip_gt_i/inst/gen_gtwizard_gtye4_top.bd_xdma_0_0_pcie4_ip_gt_gtwizard_gtye4_inst/gen_gtwizard_gtye4.gen_channel_container[32].gen_enabled_channel.gtye4_channel_wrapper_inst/channel_inst/gtye4_channel_gen.gen_gtye4_channel_inst[3].GTYE4_CHANNEL_PRIM_INST/TXOUTCLK
                         net (fo=7, routed)           0.085     0.085    bd_i/xdma_0/inst/pcie4_ip_i/inst/bd_xdma_0_0_pcie4_ip_gt_top_i/diablo_gt.diablo_gt_phy_wrapper/phy_clk_i/GT_TXOUTCLK[0]
    BUFG_GT_X1Y198                                                    r  bd_i/xdma_0/inst/pcie4_ip_i/inst/bd_xdma_0_0_pcie4_ip_gt_top_i/diablo_gt.diablo_gt_phy_wrapper/phy_clk_i/bufg_gt_userclk/I
    BUFG_GT_X1Y198       BUFG_GT (Prop_BUFG_GT_I_O)
                                                      0.130     0.215 r  bd_i/xdma_0/inst/pcie4_ip_i/inst/bd_xdma_0_0_pcie4_ip_gt_top_i/diablo_gt.diablo_gt_phy_wrapper/phy_clk_i/bufg_gt_userclk/O
    X3Y9 (CLOCK_ROOT)    net (fo=148450, routed)      2.942     3.157    bd_i/layer_0/inst/u_core/u_dn/aclk
    SLR Crossing[1->2]   
    SLICE_X82Y751        FDRE                                         r  bd_i/layer_0/inst/u_core/u_dn/row_reg[5]/C
  -------------------------------------------------------------------    -------------------
    SLICE_X82Y751        FDRE (Prop_GFF_SLICEL_C_Q)
                                                      0.079     3.236 r  bd_i/layer_0/inst/u_core/u_dn/row_reg[5]/Q
                         net (fo=71, routed)          0.636     3.872    bd_i/layer_0/inst/u_core/u_dn/kn_reg_64_127_0_6/ADDRB5
    SLICE_X81Y745                                                     r  bd_i/layer_0/inst/u_core/u_dn/kn_reg_64_127_0_6/RAMB/RADR5
    SLICE_X81Y745        RAMD64E (Prop_B6LUT_SLICEM_RADR5_O)
                                                      0.037     3.909 r  bd_i/layer_0/inst/u_core/u_dn/kn_reg_64_127_0_6/RAMB/O
                         net (fo=16, routed)          0.949     4.858    bd_i/layer_0/inst/u_core/u_dn/kn_reg_64_127_0_6_n_1
    SLICE_X109Y758                                                    r  bd_i/layer_0/inst/u_core/u_dn/g_lane[123].kvm_acc_reg[123]_i_16/I0
    SLICE_X109Y758       LUT3 (Prop_C6LUT_SLICEL_I0_O)
                                                      0.123     4.981 r  bd_i/layer_0/inst/u_core/u_dn/g_lane[123].kvm_acc_reg[123]_i_16/O
                         net (fo=34, routed)          1.998     6.979    bd_i/layer_0/inst/u_core/u_dn/g_lane[84].p2_p_reg[84]/B[1]
    DSP48E2_X9Y349       DSP_A_B_DATA                                 r  bd_i/layer_0/inst/u_core/u_dn/g_lane[84].p2_p_reg[84]/DSP_A_B_DATA_INST/B[1]
  -------------------------------------------------------------------    -------------------

                         (clock xdma_0_axi_aclk rise edge)
                                                      4.000     4.000 r  
    GTYE4_CHANNEL_X1Y35  GTYE4_CHANNEL                0.000     4.000 r  bd_i/xdma_0/inst/pcie4_ip_i/inst/bd_xdma_0_0_pcie4_ip_gt_top_i/diablo_gt.diablo_gt_phy_wrapper/gt_wizard.gtwizard_top_i/bd_xdma_0_0_pcie4_ip_gt_i/inst/gen_gtwizard_gtye4_top.bd_xdma_0_0_pcie4_ip_gt_gtwizard_gtye4_inst/gen_gtwizard_gtye4.gen_channel_container[32].gen_enabled_channel.gtye4_channel_wrapper_inst/channel_inst/gtye4_channel_gen.gen_gtye4_channel_inst[3].GTYE4_CHANNEL_PRIM_INST/TXOUTCLK
                         net (fo=7, routed)           0.078     4.078    bd_i/xdma_0/inst/pcie4_ip_i/inst/bd_xdma_0_0_pcie4_ip_gt_top_i/diablo_gt.diablo_gt_phy_wrapper/phy_clk_i/GT_TXOUTCLK[0]
    BUFG_GT_X1Y198                                                    r  bd_i/xdma_0/inst/pcie4_ip_i/inst/bd_xdma_0_0_pcie4_ip_gt_top_i/diablo_gt.diablo_gt_phy_wrapper/phy_clk_i/bufg_gt_userclk/I
    BUFG_GT_X1Y198       BUFG_GT (Prop_BUFG_GT_I_O)
                                                      0.114     4.192 r  bd_i/xdma_0/inst/pcie4_ip_i/inst/bd_xdma_0_0_pcie4_ip_gt_top_i/diablo_gt.diablo_gt_phy_wrapper/phy_clk_i/bufg_gt_userclk/O
    X3Y9 (CLOCK_ROOT)    net (fo=148450, routed)      2.669     6.861    bd_i/layer_0/inst/u_core/u_dn/g_lane[84].p2_p_reg[84]/CLK
    SLR Crossing[1->2]   
    DSP48E2_X9Y349       DSP_A_B_DATA                                 r  bd_i/layer_0/inst/u_core/u_dn/g_lane[84].p2_p_reg[84]/DSP_A_B_DATA_INST/CLK
                         clock pessimism              0.182     7.043    
                         clock uncertainty           -0.046     6.997    
    DSP48E2_X9Y349       DSP_A_B_DATA (Setup_DSP_A_B_DATA_DSP48E2_CLK_B[1])
                                                     -0.264     6.733    bd_i/layer_0/inst/u_core/u_dn/g_lane[84].p2_p_reg[84]/DSP_A_B_DATA_INST
  -------------------------------------------------------------------
                         required time                          6.733    
                         arrival time                          -6.979    
  -------------------------------------------------------------------
                         slack                                 -0.247    

Slack (VIOLATED) :        -0.247ns  (required time - arrival time)
  Source:                 bd_i/layer_0/inst/u_core/smem_a_reg_bram_0/CLKBWRCLK
                            (rising edge-triggered cell RAMB36E2 clocked by xdma_0_axi_aclk  {rise@0.000ns fall@2.000ns period=4.000ns})
  Destination:            bd_i/layer_0/inst/u_core/at_qdata_reg[0]_rep__6/D
                            (rising edge-triggered cell FDRE clocked by xdma_0_axi_aclk  {rise@0.000ns fall@2.000ns period=4.000ns})
  Path Group:             xdma_0_axi_aclk
  Path Type:              Setup (Max at Slow Process Corner)
  Requirement:            4.000ns  (xdma_0_axi_aclk rise@4.000ns - xdma_0_axi_aclk rise@0.000ns)
  Data Path Delay:        4.024ns  (logic 2.557ns (63.536%)  route 1.467ns (36.464%))
  Logic Levels:           8  (LUT3=1 RAMB36E2=7)
  Clock Path Skew:        -0.201ns (DCD - SCD + CPR)
    Destination Clock Delay (DCD):    2.791ns = ( 6.791 - 4.000 ) 
    Source Clock Delay      (SCD):    3.236ns
    Clock Pessimism Removal (CPR):    0.244ns
  Clock Uncertainty:      0.046ns  ((TSJ^2 + DJ^2)^1/2) / 2 + PE
    Total System Jitter     (TSJ):    0.071ns
    Discrete Jitter          (DJ):    0.060ns
    Phase Error              (PE):    0.000ns
  Clock Net Delay (Source):      3.021ns (routing 1.183ns, distribution 1.838ns)
  Clock Net Delay (Destination): 2.599ns (routing 1.071ns, distribution 1.528ns)

    Location             Delay type                Incr(ns)  Path(ns)    Netlist Resource(s)
  -------------------------------------------------------------------    -------------------
                         (clock xdma_0_axi_aclk rise edge)
                                                      0.000     0.000 r  
    GTYE4_CHANNEL_X1Y35  GTYE4_CHANNEL                0.000     0.000 r  bd_i/xdma_0/inst/pcie4_ip_i/inst/bd_xdma_0_0_pcie4_ip_gt_top_i/diablo_gt.diablo_gt_phy_wrapper/gt_wizard.gtwizard_top_i/bd_xdma_0_0_pcie4_ip_gt_i/inst/gen_gtwizard_gtye4_top.bd_xdma_0_0_pcie4_ip_gt_gtwizard_gtye4_inst/gen_gtwizard_gtye4.gen_channel_container[32].gen_enabled_channel.gtye4_channel_wrapper_inst/channel_inst/gtye4_channel_gen.gen_gtye4_channel_inst[3].GTYE4_CHANNEL_PRIM_INST/TXOUTCLK
                         net (fo=7, routed)           0.085     0.085    bd_i/xdma_0/inst/pcie4_ip_i/inst/bd_xdma_0_0_pcie4_ip_gt_top_i/diablo_gt.diablo_gt_phy_wrapper/phy_clk_i/GT_TXOUTCLK[0]
    BUFG_GT_X1Y198                                                    r  bd_i/xdma_0/inst/pcie4_ip_i/inst/bd_xdma_0_0_pcie4_ip_gt_top_i/diablo_gt.diablo_gt_phy_wrapper/phy_clk_i/bufg_gt_userclk/I
    BUFG_GT_X1Y198       BUFG_GT (Prop_BUFG_GT_I_O)
                                                      0.130     0.215 r  bd_i/xdma_0/inst/pcie4_ip_i/inst/bd_xdma_0_0_pcie4_ip_gt_top_i/diablo_gt.diablo_gt_phy_wrapper/phy_clk_i/bufg_gt_userclk/O
    X3Y9 (CLOCK_ROOT)    net (fo=148450, routed)      3.021     3.236    bd_i/layer_0/inst/u_core/aclk
    SLR Crossing[1->2]   
    RAMB36_X7Y145        RAMB36E2                                     r  bd_i/layer_0/inst/u_core/smem_a_reg_bram_0/CLKBWRCLK
  -------------------------------------------------------------------    -------------------
    RAMB36_X7Y145        RAMB36E2 (Prop_RAMB36E2_RAMB36_CLKBWRCLK_CASDOUTB[0])
                                                      1.145     4.381 r  bd_i/layer_0/inst/u_core/smem_a_reg_bram_0/CASDOUTB[0]
                         net (fo=1, routed)           0.028     4.409    bd_i/layer_0/inst/u_core/smem_a_reg_bram_0_n_67
    RAMB36_X7Y146                                                     r  bd_i/layer_0/inst/u_core/smem_a_reg_bram_1/CASDINB[0]
    RAMB36_X7Y146        RAMB36E2 (Prop_RAMB36E2_RAMB36_CASDINB[0]_CASDOUTB[0])
                                                      0.210     4.619 r  bd_i/layer_0/inst/u_core/smem_a_reg_bram_1/CASDOUTB[0]
                         net (fo=1, routed)           0.028     4.647    bd_i/layer_0/inst/u_core/smem_a_reg_bram_1_n_67
    RAMB36_X7Y147                                                     r  bd_i/layer_0/inst/u_core/smem_a_reg_bram_2/CASDINB[0]
    RAMB36_X7Y147        RAMB36E2 (Prop_RAMB36E2_RAMB36_CASDINB[0]_CASDOUTB[0])
                                                      0.210     4.857 r  bd_i/layer_0/inst/u_core/smem_a_reg_bram_2/CASDOUTB[0]
                         net (fo=1, routed)           0.028     4.885    bd_i/layer_0/inst/u_core/smem_a_reg_bram_2_n_67
    RAMB36_X7Y148                                                     r  bd_i/layer_0/inst/u_core/smem_a_reg_bram_3/CASDINB[0]
    RAMB36_X7Y148        RAMB36E2 (Prop_RAMB36E2_RAMB36_CASDINB[0]_CASDOUTB[0])
                                                      0.210     5.095 r  bd_i/layer_0/inst/u_core/smem_a_reg_bram_3/CASDOUTB[0]
                         net (fo=1, routed)           0.028     5.123    bd_i/layer_0/inst/u_core/smem_a_reg_bram_3_n_67
    RAMB36_X7Y149                                                     r  bd_i/layer_0/inst/u_core/smem_a_reg_bram_4/CASDINB[0]
    RAMB36_X7Y149        RAMB36E2 (Prop_RAMB36E2_RAMB36_CASDINB[0]_CASDOUTB[0])
                                                      0.210     5.333 r  bd_i/layer_0/inst/u_core/smem_a_reg_bram_4/CASDOUTB[0]
                         net (fo=1, routed)           0.028     5.361    bd_i/layer_0/inst/u_core/smem_a_reg_bram_4_n_67
    RAMB36_X7Y150                                                     r  bd_i/layer_0/inst/u_core/smem_a_reg_bram_5/CASDINB[0]
    RAMB36_X7Y150        RAMB36E2 (Prop_RAMB36E2_RAMB36_CASDINB[0]_CASDOUTB[0])
                                                      0.210     5.571 r  bd_i/layer_0/inst/u_core/smem_a_reg_bram_5/CASDOUTB[0]
                         net (fo=1, routed)           0.028     5.599    bd_i/layer_0/inst/u_core/smem_a_reg_bram_5_n_67
    RAMB36_X7Y151                                                     r  bd_i/layer_0/inst/u_core/smem_a_reg_bram_6/CASDINB[0]
    RAMB36_X7Y151        RAMB36E2 (Prop_RAMB36E2_RAMB36_CASDINB[0]_CASDOUTB[0])
                                                      0.210     5.809 r  bd_i/layer_0/inst/u_core/smem_a_reg_bram_6/CASDOUTB[0]
                         net (fo=1, routed)           0.028     5.837    bd_i/layer_0/inst/u_core/smem_a_reg_bram_6_n_67
    RAMB36_X7Y152                                                     r  bd_i/layer_0/inst/u_core/smem_a_reg_bram_7/CASDINB[0]
    RAMB36_X7Y152        RAMB36E2 (Prop_RAMB36E2_RAMB36_CASDINB[0]_DOUTBDOUT[0])
                                                      0.117     5.954 r  bd_i/layer_0/inst/u_core/smem_a_reg_bram_7/DOUTBDOUT[0]
                         net (fo=5, routed)           0.691     6.645    bd_i/layer_0/inst/u_core/u_alu/cp_v32_reg[7]_0[0]
    SLICE_X89Y744                                                     r  bd_i/layer_0/inst/u_core/u_alu/fdat_reg_0_3_0_13_i_2/I2
    SLICE_X89Y744        LUT3 (Prop_C6LUT_SLICEL_I2_O)
                                                      0.035     6.680 r  bd_i/layer_0/inst/u_core/u_alu/fdat_reg_0_3_0_13_i_2/O
                         net (fo=32, routed)          0.580     7.260    bd_i/layer_0/inst/u_core/sa_q[0]
    SLICE_X85Y753        FDRE                                         r  bd_i/layer_0/inst/u_core/at_qdata_reg[0]_rep__6/D
  -------------------------------------------------------------------    -------------------

                         (clock xdma_0_axi_aclk rise edge)
                                                      4.000     4.000 r  
    GTYE4_CHANNEL_X1Y35  GTYE4_CHANNEL                0.000     4.000 r  bd_i/xdma_0/inst/pcie4_ip_i/inst/bd_xdma_0_0_pcie4_ip_gt_top_i/diablo_gt.diablo_gt_phy_wrapper/gt_wizard.gtwizard_top_i/bd_xdma_0_0_pcie4_ip_gt_i/inst/gen_gtwizard_gtye4_top.bd_xdma_0_0_pcie4_ip_gt_gtwizard_gtye4_inst/gen_gtwizard_gtye4.gen_channel_container[32].gen_enabled_channel.gtye4_channel_wrapper_inst/channel_inst/gtye4_channel_gen.gen_gtye4_channel_inst[3].GTYE4_CHANNEL_PRIM_INST/TXOUTCLK
                         net (fo=7, routed)           0.078     4.078    bd_i/xdma_0/inst/pcie4_ip_i/inst/bd_xdma_0_0_pcie4_ip_gt_top_i/diablo_gt.diablo_gt_phy_wrapper/phy_clk_i/GT_TXOUTCLK[0]
    BUFG_GT_X1Y198                                                    r  bd_i/xdma_0/inst/pcie4_ip_i/inst/bd_xdma_0_0_pcie4_ip_gt_top_i/diablo_gt.diablo_gt_phy_wrapper/phy_clk_i/bufg_gt_userclk/I
    BUFG_GT_X1Y198       BUFG_GT (Prop_BUFG_GT_I_O)
                                                      0.114     4.192 r  bd_i/xdma_0/inst/pcie4_ip_i/inst/bd_xdma_0_0_pcie4_ip_gt_top_i/diablo_gt.diablo_gt_phy_wrapper/phy_clk_i/bufg_gt_userclk/O
    X3Y9 (CLOCK_ROOT)    net (fo=148450, routed)      2.599     6.791    bd_i/layer_0/inst/u_core/aclk
    SLR Crossing[1->2]   
    SLICE_X85Y753        FDRE                                         r  bd_i/layer_0/inst/u_core/at_qdata_reg[0]_rep__6/C
                         clock pessimism              0.244     7.035    
                         clock uncertainty           -0.046     6.989    
    SLICE_X85Y753        FDRE (Setup_GFF2_SLICEL_C_D)
                                                      0.025     7.014    bd_i/layer_0/inst/u_core/at_qdata_reg[0]_rep__6
  -------------------------------------------------------------------
                         required time                          7.014    
                         arrival time                          -7.260    
  -------------------------------------------------------------------
                         slack                                 -0.247    

Slack (VIOLATED) :        -0.247ns  (required time - arrival time)
  Source:                 bd_i/layer_0/inst/u_core/smem_a_reg_bram_16/CLKBWRCLK
                            (rising edge-triggered cell RAMB36E2 clocked by xdma_0_axi_aclk  {rise@0.000ns fall@2.000ns period=4.000ns})
  Destination:            bd_i/layer_0/inst/u_core/dn_vdata_reg[10]/D
                            (rising edge-triggered cell FDRE clocked by xdma_0_axi_aclk  {rise@0.000ns fall@2.000ns period=4.000ns})
  Path Group:             xdma_0_axi_aclk
  Path Type:              Setup (Max at Slow Process Corner)
  Requirement:            4.000ns  (xdma_0_axi_aclk rise@4.000ns - xdma_0_axi_aclk rise@0.000ns)
  Data Path Delay:        3.925ns  (logic 2.553ns (65.038%)  route 1.372ns (34.962%))
  Logic Levels:           8  (LUT5=1 RAMB36E2=7)
  Clock Path Skew:        -0.300ns (DCD - SCD + CPR)
    Destination Clock Delay (DCD):    2.708ns = ( 6.708 - 4.000 ) 
    Source Clock Delay      (SCD):    3.172ns
    Clock Pessimism Removal (CPR):    0.164ns
  Clock Uncertainty:      0.046ns  ((TSJ^2 + DJ^2)^1/2) / 2 + PE
    Total System Jitter     (TSJ):    0.071ns
    Discrete Jitter          (DJ):    0.060ns
    Phase Error              (PE):    0.000ns
  Clock Net Delay (Source):      2.957ns (routing 1.183ns, distribution 1.774ns)
  Clock Net Delay (Destination): 2.516ns (routing 1.071ns, distribution 1.445ns)

    Location             Delay type                Incr(ns)  Path(ns)    Netlist Resource(s)
  -------------------------------------------------------------------    -------------------
                         (clock xdma_0_axi_aclk rise edge)
                                                      0.000     0.000 r  
    GTYE4_CHANNEL_X1Y35  GTYE4_CHANNEL                0.000     0.000 r  bd_i/xdma_0/inst/pcie4_ip_i/inst/bd_xdma_0_0_pcie4_ip_gt_top_i/diablo_gt.diablo_gt_phy_wrapper/gt_wizard.gtwizard_top_i/bd_xdma_0_0_pcie4_ip_gt_i/inst/gen_gtwizard_gtye4_top.bd_xdma_0_0_pcie4_ip_gt_gtwizard_gtye4_inst/gen_gtwizard_gtye4.gen_channel_container[32].gen_enabled_channel.gtye4_channel_wrapper_inst/channel_inst/gtye4_channel_gen.gen_gtye4_channel_inst[3].GTYE4_CHANNEL_PRIM_INST/TXOUTCLK
                         net (fo=7, routed)           0.085     0.085    bd_i/xdma_0/inst/pcie4_ip_i/inst/bd_xdma_0_0_pcie4_ip_gt_top_i/diablo_gt.diablo_gt_phy_wrapper/phy_clk_i/GT_TXOUTCLK[0]
    BUFG_GT_X1Y198                                                    r  bd_i/xdma_0/inst/pcie4_ip_i/inst/bd_xdma_0_0_pcie4_ip_gt_top_i/diablo_gt.diablo_gt_phy_wrapper/phy_clk_i/bufg_gt_userclk/I
    BUFG_GT_X1Y198       BUFG_GT (Prop_BUFG_GT_I_O)
                                                      0.130     0.215 r  bd_i/xdma_0/inst/pcie4_ip_i/inst/bd_xdma_0_0_pcie4_ip_gt_top_i/diablo_gt.diablo_gt_phy_wrapper/phy_clk_i/bufg_gt_userclk/O
    X3Y9 (CLOCK_ROOT)    net (fo=148450, routed)      2.957     3.172    bd_i/layer_0/inst/u_core/aclk
    SLR Crossing[1->2]   
    RAMB36_X7Y136        RAMB36E2                                     r  bd_i/layer_0/inst/u_core/smem_a_reg_bram_16/CLKBWRCLK
  -------------------------------------------------------------------    -------------------
    RAMB36_X7Y136        RAMB36E2 (Prop_RAMB36E2_RAMB36_CLKBWRCLK_CASDOUTB[1])
                                                      1.141     4.313 r  bd_i/layer_0/inst/u_core/smem_a_reg_bram_16/CASDOUTB[1]
                         net (fo=1, routed)           0.026     4.339    bd_i/layer_0/inst/u_core/smem_a_reg_bram_16_n_66
    RAMB36_X7Y137                                                     r  bd_i/layer_0/inst/u_core/smem_a_reg_bram_17/CASDINB[1]
    RAMB36_X7Y137        RAMB36E2 (Prop_RAMB36E2_RAMB36_CASDINB[1]_CASDOUTB[1])
                                                      0.210     4.549 r  bd_i/layer_0/inst/u_core/smem_a_reg_bram_17/CASDOUTB[1]
                         net (fo=1, routed)           0.026     4.575    bd_i/layer_0/inst/u_core/smem_a_reg_bram_17_n_66
    RAMB36_X7Y138                                                     r  bd_i/layer_0/inst/u_core/smem_a_reg_bram_18/CASDINB[1]
    RAMB36_X7Y138        RAMB36E2 (Prop_RAMB36E2_RAMB36_CASDINB[1]_CASDOUTB[1])
                                                      0.210     4.785 r  bd_i/layer_0/inst/u_core/smem_a_reg_bram_18/CASDOUTB[1]
                         net (fo=1, routed)           0.026     4.811    bd_i/layer_0/inst/u_core/smem_a_reg_bram_18_n_66
    RAMB36_X7Y139                                                     r  bd_i/layer_0/inst/u_core/smem_a_reg_bram_19/CASDINB[1]
    RAMB36_X7Y139        RAMB36E2 (Prop_RAMB36E2_RAMB36_CASDINB[1]_CASDOUTB[1])
                                                      0.210     5.021 r  bd_i/layer_0/inst/u_core/smem_a_reg_bram_19/CASDOUTB[1]
                         net (fo=1, routed)           0.026     5.047    bd_i/layer_0/inst/u_core/smem_a_reg_bram_19_n_66
    RAMB36_X7Y140                                                     r  bd_i/layer_0/inst/u_core/smem_a_reg_bram_20/CASDINB[1]
    RAMB36_X7Y140        RAMB36E2 (Prop_RAMB36E2_RAMB36_CASDINB[1]_CASDOUTB[1])
                                                      0.210     5.257 r  bd_i/layer_0/inst/u_core/smem_a_reg_bram_20/CASDOUTB[1]
                         net (fo=1, routed)           0.026     5.283    bd_i/layer_0/inst/u_core/smem_a_reg_bram_20_n_66
    RAMB36_X7Y141                                                     r  bd_i/layer_0/inst/u_core/smem_a_reg_bram_21/CASDINB[1]
    RAMB36_X7Y141        RAMB36E2 (Prop_RAMB36E2_RAMB36_CASDINB[1]_CASDOUTB[1])
                                                      0.210     5.493 r  bd_i/layer_0/inst/u_core/smem_a_reg_bram_21/CASDOUTB[1]
                         net (fo=1, routed)           0.026     5.519    bd_i/layer_0/inst/u_core/smem_a_reg_bram_21_n_66
    RAMB36_X7Y142                                                     r  bd_i/layer_0/inst/u_core/smem_a_reg_bram_22/CASDINB[1]
    RAMB36_X7Y142        RAMB36E2 (Prop_RAMB36E2_RAMB36_CASDINB[1]_CASDOUTB[1])
                                                      0.210     5.729 r  bd_i/layer_0/inst/u_core/smem_a_reg_bram_22/CASDOUTB[1]
                         net (fo=1, routed)           0.026     5.755    bd_i/layer_0/inst/u_core/smem_a_reg_bram_22_n_66
    RAMB36_X7Y143                                                     r  bd_i/layer_0/inst/u_core/smem_a_reg_bram_23/CASDINB[1]
    RAMB36_X7Y143        RAMB36E2 (Prop_RAMB36E2_RAMB36_CASDINB[1]_DOUTBDOUT[1])
                                                      0.117     5.872 r  bd_i/layer_0/inst/u_core/smem_a_reg_bram_23/DOUTBDOUT[1]
                         net (fo=36, routed)          1.142     7.014    bd_i/layer_0/inst/u_core/sa_q[10]
    SLICE_X89Y751                                                     r  bd_i/layer_0/inst/u_core/dn_vdata[10]_i_1/I0
    SLICE_X89Y751        LUT5 (Prop_G6LUT_SLICEL_I0_O)
                                                      0.035     7.049 r  bd_i/layer_0/inst/u_core/dn_vdata[10]_i_1/O
                         net (fo=1, routed)           0.048     7.097    bd_i/layer_0/inst/u_core/dn_vdata[10]_i_1_n_0
    SLICE_X89Y751        FDRE                                         r  bd_i/layer_0/inst/u_core/dn_vdata_reg[10]/D
  -------------------------------------------------------------------    -------------------

                         (clock xdma_0_axi_aclk rise edge)
                                                      4.000     4.000 r  
    GTYE4_CHANNEL_X1Y35  GTYE4_CHANNEL                0.000     4.000 r  bd_i/xdma_0/inst/pcie4_ip_i/inst/bd_xdma_0_0_pcie4_ip_gt_top_i/diablo_gt.diablo_gt_phy_wrapper/gt_wizard.gtwizard_top_i/bd_xdma_0_0_pcie4_ip_gt_i/inst/gen_gtwizard_gtye4_top.bd_xdma_0_0_pcie4_ip_gt_gtwizard_gtye4_inst/gen_gtwizard_gtye4.gen_channel_container[32].gen_enabled_channel.gtye4_channel_wrapper_inst/channel_inst/gtye4_channel_gen.gen_gtye4_channel_inst[3].GTYE4_CHANNEL_PRIM_INST/TXOUTCLK
                         net (fo=7, routed)           0.078     4.078    bd_i/xdma_0/inst/pcie4_ip_i/inst/bd_xdma_0_0_pcie4_ip_gt_top_i/diablo_gt.diablo_gt_phy_wrapper/phy_clk_i/GT_TXOUTCLK[0]
    BUFG_GT_X1Y198                                                    r  bd_i/xdma_0/inst/pcie4_ip_i/inst/bd_xdma_0_0_pcie4_ip_gt_top_i/diablo_gt.diablo_gt_phy_wrapper/phy_clk_i/bufg_gt_userclk/I
    BUFG_GT_X1Y198       BUFG_GT (Prop_BUFG_GT_I_O)
                                                      0.114     4.192 r  bd_i/xdma_0/inst/pcie4_ip_i/inst/bd_xdma_0_0_pcie4_ip_gt_top_i/diablo_gt.diablo_gt_phy_wrapper/phy_clk_i/bufg_gt_userclk/O
    X3Y9 (CLOCK_ROOT)    net (fo=148450, routed)      2.516     6.708    bd_i/layer_0/inst/u_core/aclk
    SLR Crossing[1->2]   
    SLICE_X89Y751        FDRE                                         r  bd_i/layer_0/inst/u_core/dn_vdata_reg[10]/C
                         clock pessimism              0.164     6.872    
                         clock uncertainty           -0.046     6.826    
    SLICE_X89Y751        FDRE (Setup_GFF_SLICEL_C_D)
                                                      0.025     6.851    bd_i/layer_0/inst/u_core/dn_vdata_reg[10]
  -------------------------------------------------------------------
                         required time                          6.851    
                         arrival time                          -7.097    
  -------------------------------------------------------------------
                         slack                                 -0.247    

Slack (VIOLATED) :        -0.246ns  (required time - arrival time)
  Source:                 bd_i/layer_0/inst/u_core/u_dn/row_reg[1]/C
                            (rising edge-triggered cell FDRE clocked by xdma_0_axi_aclk  {rise@0.000ns fall@2.000ns period=4.000ns})
  Destination:            bd_i/layer_0/inst/u_core/u_dn/g_lane[38].p2_p_reg[38]/DSP_A_B_DATA_INST/B[14]
                            (rising edge-triggered cell DSP_A_B_DATA clocked by xdma_0_axi_aclk  {rise@0.000ns fall@2.000ns period=4.000ns})
  Path Group:             xdma_0_axi_aclk
  Path Type:              Setup (Max at Slow Process Corner)
  Requirement:            4.000ns  (xdma_0_axi_aclk rise@4.000ns - xdma_0_axi_aclk rise@0.000ns)
  Data Path Delay:        4.177ns  (logic 0.351ns (8.404%)  route 3.826ns (91.596%))
  Logic Levels:           2  (LUT3=1 RAMD64E=1)
  Clock Path Skew:        0.237ns (DCD - SCD + CPR)
    Destination Clock Delay (DCD):    3.146ns = ( 7.146 - 4.000 ) 
    Source Clock Delay      (SCD):    3.157ns
    Clock Pessimism Removal (CPR):    0.247ns
  Clock Uncertainty:      0.046ns  ((TSJ^2 + DJ^2)^1/2) / 2 + PE
    Total System Jitter     (TSJ):    0.071ns
    Discrete Jitter          (DJ):    0.060ns
    Phase Error              (PE):    0.000ns
  Clock Net Delay (Source):      2.942ns (routing 1.183ns, distribution 1.759ns)
  Clock Net Delay (Destination): 2.954ns (routing 1.071ns, distribution 1.883ns)

    Location             Delay type                Incr(ns)  Path(ns)    Netlist Resource(s)
  -------------------------------------------------------------------    -------------------
                         (clock xdma_0_axi_aclk rise edge)
                                                      0.000     0.000 r  
    GTYE4_CHANNEL_X1Y35  GTYE4_CHANNEL                0.000     0.000 r  bd_i/xdma_0/inst/pcie4_ip_i/inst/bd_xdma_0_0_pcie4_ip_gt_top_i/diablo_gt.diablo_gt_phy_wrapper/gt_wizard.gtwizard_top_i/bd_xdma_0_0_pcie4_ip_gt_i/inst/gen_gtwizard_gtye4_top.bd_xdma_0_0_pcie4_ip_gt_gtwizard_gtye4_inst/gen_gtwizard_gtye4.gen_channel_container[32].gen_enabled_channel.gtye4_channel_wrapper_inst/channel_inst/gtye4_channel_gen.gen_gtye4_channel_inst[3].GTYE4_CHANNEL_PRIM_INST/TXOUTCLK
                         net (fo=7, routed)           0.085     0.085    bd_i/xdma_0/inst/pcie4_ip_i/inst/bd_xdma_0_0_pcie4_ip_gt_top_i/diablo_gt.diablo_gt_phy_wrapper/phy_clk_i/GT_TXOUTCLK[0]
    BUFG_GT_X1Y198                                                    r  bd_i/xdma_0/inst/pcie4_ip_i/inst/bd_xdma_0_0_pcie4_ip_gt_top_i/diablo_gt.diablo_gt_phy_wrapper/phy_clk_i/bufg_gt_userclk/I
    BUFG_GT_X1Y198       BUFG_GT (Prop_BUFG_GT_I_O)
                                                      0.130     0.215 r  bd_i/xdma_0/inst/pcie4_ip_i/inst/bd_xdma_0_0_pcie4_ip_gt_top_i/diablo_gt.diablo_gt_phy_wrapper/phy_clk_i/bufg_gt_userclk/O
    X3Y9 (CLOCK_ROOT)    net (fo=148450, routed)      2.942     3.157    bd_i/layer_0/inst/u_core/u_dn/aclk
    SLR Crossing[1->2]   
    SLICE_X82Y751        FDRE                                         r  bd_i/layer_0/inst/u_core/u_dn/row_reg[1]/C
  -------------------------------------------------------------------    -------------------
    SLICE_X82Y751        FDRE (Prop_EFF_SLICEL_C_Q)
                                                      0.079     3.236 r  bd_i/layer_0/inst/u_core/u_dn/row_reg[1]/Q
                         net (fo=75, routed)          0.715     3.951    bd_i/layer_0/inst/u_core/u_dn/kn_reg_64_127_14_15/ADDRA1
    SLICE_X90Y755                                                     r  bd_i/layer_0/inst/u_core/u_dn/kn_reg_64_127_14_15/RAMA/RADR1
    SLICE_X90Y755        RAMD64E (Prop_E6LUT_SLICEM_RADR1_O)
                                                      0.124     4.075 r  bd_i/layer_0/inst/u_core/u_dn/kn_reg_64_127_14_15/RAMA/O
                         net (fo=16, routed)          0.569     4.643    bd_i/layer_0/inst/u_core/u_dn/kn_reg_64_127_14_15_n_0
    SLICE_X99Y774                                                     r  bd_i/layer_0/inst/u_core/u_dn/g_lane[17].kvm_acc_reg[17]_i_2/I0
    SLICE_X99Y774        LUT3 (Prop_F6LUT_SLICEM_I0_O)
                                                      0.148     4.791 r  bd_i/layer_0/inst/u_core/u_dn/g_lane[17].kvm_acc_reg[17]_i_2/O
                         net (fo=32, routed)          2.542     7.334    bd_i/layer_0/inst/u_core/u_dn/g_lane[38].p2_p_reg[38]/B[14]
    DSP48E2_X2Y302       DSP_A_B_DATA                                 r  bd_i/layer_0/inst/u_core/u_dn/g_lane[38].p2_p_reg[38]/DSP_A_B_DATA_INST/B[14]
  -------------------------------------------------------------------    -------------------

                         (clock xdma_0_axi_aclk rise edge)
                                                      4.000     4.000 r  
    GTYE4_CHANNEL_X1Y35  GTYE4_CHANNEL                0.000     4.000 r  bd_i/xdma_0/inst/pcie4_ip_i/inst/bd_xdma_0_0_pcie4_ip_gt_top_i/diablo_gt.diablo_gt_phy_wrapper/gt_wizard.gtwizard_top_i/bd_xdma_0_0_pcie4_ip_gt_i/inst/gen_gtwizard_gtye4_top.bd_xdma_0_0_pcie4_ip_gt_gtwizard_gtye4_inst/gen_gtwizard_gtye4.gen_channel_container[32].gen_enabled_channel.gtye4_channel_wrapper_inst/channel_inst/gtye4_channel_gen.gen_gtye4_channel_inst[3].GTYE4_CHANNEL_PRIM_INST/TXOUTCLK
                         net (fo=7, routed)           0.078     4.078    bd_i/xdma_0/inst/pcie4_ip_i/inst/bd_xdma_0_0_pcie4_ip_gt_top_i/diablo_gt.diablo_gt_phy_wrapper/phy_clk_i/GT_TXOUTCLK[0]
    BUFG_GT_X1Y198                                                    r  bd_i/xdma_0/inst/pcie4_ip_i/inst/bd_xdma_0_0_pcie4_ip_gt_top_i/diablo_gt.diablo_gt_phy_wrapper/phy_clk_i/bufg_gt_userclk/I
    BUFG_GT_X1Y198       BUFG_GT (Prop_BUFG_GT_I_O)
                                                      0.114     4.192 r  bd_i/xdma_0/inst/pcie4_ip_i/inst/bd_xdma_0_0_pcie4_ip_gt_top_i/diablo_gt.diablo_gt_phy_wrapper/phy_clk_i/bufg_gt_userclk/O
    X3Y9 (CLOCK_ROOT)    net (fo=148450, routed)      2.954     7.146    bd_i/layer_0/inst/u_core/u_dn/g_lane[38].p2_p_reg[38]/CLK
    SLR Crossing[1->2]   
    DSP48E2_X2Y302       DSP_A_B_DATA                                 r  bd_i/layer_0/inst/u_core/u_dn/g_lane[38].p2_p_reg[38]/DSP_A_B_DATA_INST/CLK
                         clock pessimism              0.247     7.394    
                         clock uncertainty           -0.046     7.347    
    DSP48E2_X2Y302       DSP_A_B_DATA (Setup_DSP_A_B_DATA_DSP48E2_CLK_B[14])
                                                     -0.260     7.087    bd_i/layer_0/inst/u_core/u_dn/g_lane[38].p2_p_reg[38]/DSP_A_B_DATA_INST
  -------------------------------------------------------------------
                         required time                          7.087    
                         arrival time                          -7.334    
  -------------------------------------------------------------------
                         slack                                 -0.246    

Slack (VIOLATED) :        -0.246ns  (required time - arrival time)
  Source:                 bd_i/layer_0/inst/u_core/u_alu/op_q_reg[3]/C
                            (rising edge-triggered cell FDRE clocked by xdma_0_axi_aclk  {rise@0.000ns fall@2.000ns period=4.000ns})
  Destination:            bd_i/layer_0/inst/u_core/u_alu/ps_rnd_reg[2]/D
                            (rising edge-triggered cell FDRE clocked by xdma_0_axi_aclk  {rise@0.000ns fall@2.000ns period=4.000ns})
  Path Group:             xdma_0_axi_aclk
  Path Type:              Setup (Max at Slow Process Corner)
  Requirement:            4.000ns  (xdma_0_axi_aclk rise@4.000ns - xdma_0_axi_aclk rise@0.000ns)
  Data Path Delay:        4.133ns  (logic 1.208ns (29.232%)  route 2.925ns (70.768%))
  Logic Levels:           10  (LUT4=2 LUT5=2 LUT6=6)
  Clock Path Skew:        -0.092ns (DCD - SCD + CPR)
    Destination Clock Delay (DCD):    2.891ns = ( 6.891 - 4.000 ) 
    Source Clock Delay      (SCD):    3.234ns
    Clock Pessimism Removal (CPR):    0.251ns
  Clock Uncertainty:      0.046ns  ((TSJ^2 + DJ^2)^1/2) / 2 + PE
    Total System Jitter     (TSJ):    0.071ns
    Discrete Jitter          (DJ):    0.060ns
    Phase Error              (PE):    0.000ns
  Clock Net Delay (Source):      3.019ns (routing 1.183ns, distribution 1.836ns)
  Clock Net Delay (Destination): 2.699ns (routing 1.071ns, distribution 1.628ns)

    Location             Delay type                Incr(ns)  Path(ns)    Netlist Resource(s)
  -------------------------------------------------------------------    -------------------
                         (clock xdma_0_axi_aclk rise edge)
                                                      0.000     0.000 r  
    GTYE4_CHANNEL_X1Y35  GTYE4_CHANNEL                0.000     0.000 r  bd_i/xdma_0/inst/pcie4_ip_i/inst/bd_xdma_0_0_pcie4_ip_gt_top_i/diablo_gt.diablo_gt_phy_wrapper/gt_wizard.gtwizard_top_i/bd_xdma_0_0_pcie4_ip_gt_i/inst/gen_gtwizard_gtye4_top.bd_xdma_0_0_pcie4_ip_gt_gtwizard_gtye4_inst/gen_gtwizard_gtye4.gen_channel_container[32].gen_enabled_channel.gtye4_channel_wrapper_inst/channel_inst/gtye4_channel_gen.gen_gtye4_channel_inst[3].GTYE4_CHANNEL_PRIM_INST/TXOUTCLK
                         net (fo=7, routed)           0.085     0.085    bd_i/xdma_0/inst/pcie4_ip_i/inst/bd_xdma_0_0_pcie4_ip_gt_top_i/diablo_gt.diablo_gt_phy_wrapper/phy_clk_i/GT_TXOUTCLK[0]
    BUFG_GT_X1Y198                                                    r  bd_i/xdma_0/inst/pcie4_ip_i/inst/bd_xdma_0_0_pcie4_ip_gt_top_i/diablo_gt.diablo_gt_phy_wrapper/phy_clk_i/bufg_gt_userclk/I
    BUFG_GT_X1Y198       BUFG_GT (Prop_BUFG_GT_I_O)
                                                      0.130     0.215 r  bd_i/xdma_0/inst/pcie4_ip_i/inst/bd_xdma_0_0_pcie4_ip_gt_top_i/diablo_gt.diablo_gt_phy_wrapper/phy_clk_i/bufg_gt_userclk/O
    X3Y9 (CLOCK_ROOT)    net (fo=148450, routed)      3.019     3.234    bd_i/layer_0/inst/u_core/u_alu/aclk
    SLR Crossing[1->2]   
    SLICE_X66Y805        FDRE                                         r  bd_i/layer_0/inst/u_core/u_alu/op_q_reg[3]/C
  -------------------------------------------------------------------    -------------------
    SLICE_X66Y805        FDRE (Prop_AFF_SLICEM_C_Q)
                                                      0.077     3.311 r  bd_i/layer_0/inst/u_core/u_alu/op_q_reg[3]/Q
                         net (fo=92, routed)          0.666     3.976    bd_i/layer_0/inst/u_core/u_alu/op_q_reg_n_0_[3]
    SLICE_X73Y797                                                     r  bd_i/layer_0/inst/u_core/u_alu/k_out[3]_i_52/I1
    SLICE_X73Y797        LUT6 (Prop_C6LUT_SLICEL_I1_O)
                                                      0.088     4.064 r  bd_i/layer_0/inst/u_core/u_alu/k_out[3]_i_52/O
                         net (fo=4, routed)           0.262     4.326    bd_i/layer_0/inst/u_core/u_alu/k_out[3]_i_52_n_0
    SLICE_X72Y803                                                     r  bd_i/layer_0/inst/u_core/u_alu/k_out[3]_i_23/I0
    SLICE_X72Y803        LUT6 (Prop_G6LUT_SLICEM_I0_O)
                                                      0.123     4.449 r  bd_i/layer_0/inst/u_core/u_alu/k_out[3]_i_23/O
                         net (fo=4, routed)           0.180     4.629    bd_i/layer_0/inst/u_core/u_alu/k_out[3]_i_23_n_0
    SLICE_X72Y804                                                     r  bd_i/layer_0/inst/u_core/u_alu/k_out[5]_i_31/I0
    SLICE_X72Y804        LUT6 (Prop_G6LUT_SLICEM_I0_O)
                                                      0.150     4.779 r  bd_i/layer_0/inst/u_core/u_alu/k_out[5]_i_31/O
                         net (fo=1, routed)           0.155     4.934    bd_i/layer_0/inst/u_core/u_alu/k_out[5]_i_31_n_0
    SLICE_X72Y806                                                     r  bd_i/layer_0/inst/u_core/u_alu/k_out[5]_i_13/I4
    SLICE_X72Y806        LUT5 (Prop_E6LUT_SLICEM_I4_O)
                                                      0.124     5.058 r  bd_i/layer_0/inst/u_core/u_alu/k_out[5]_i_13/O
                         net (fo=28, routed)          0.512     5.570    bd_i/layer_0/inst/u_core/u_alu/k_out[5]_i_13_n_0
    SLICE_X69Y809                                                     r  bd_i/layer_0/inst/u_core/u_alu/k_out[3]_i_50/I5
    SLICE_X69Y809        LUT6 (Prop_E6LUT_SLICEL_I5_O)
                                                      0.090     5.660 r  bd_i/layer_0/inst/u_core/u_alu/k_out[3]_i_50/O
                         net (fo=1, routed)           0.108     5.768    bd_i/layer_0/inst/u_core/u_alu/k_out[3]_i_50_n_0
    SLICE_X69Y809                                                     r  bd_i/layer_0/inst/u_core/u_alu/k_out[3]_i_15/I4
    SLICE_X69Y809        LUT6 (Prop_G6LUT_SLICEL_I4_O)
                                                      0.149     5.917 r  bd_i/layer_0/inst/u_core/u_alu/k_out[3]_i_15/O
                         net (fo=1, routed)           0.184     6.101    bd_i/layer_0/inst/u_core/u_alu/k_out[3]_i_15_n_0
    SLICE_X69Y810                                                     r  bd_i/layer_0/inst/u_core/u_alu/k_out[3]_i_4/I5
    SLICE_X69Y810        LUT6 (Prop_B6LUT_SLICEL_I5_O)
                                                      0.098     6.199 r  bd_i/layer_0/inst/u_core/u_alu/k_out[3]_i_4/O
                         net (fo=11, routed)          0.419     6.618    bd_i/layer_0/inst/u_core/u_alu/k_out[3]_i_4_n_0
    SLICE_X68Y805                                                     r  bd_i/layer_0/inst/u_core/u_alu/k_out[1]_i_1/I1
    SLICE_X68Y805        LUT4 (Prop_F6LUT_SLICEM_I1_O)
                                                      0.037     6.655 r  bd_i/layer_0/inst/u_core/u_alu/k_out[1]_i_1/O
                         net (fo=7, routed)           0.066     6.721    bd_i/layer_0/inst/u_core/u_alu/k_val[1]
    SLICE_X68Y805                                                     r  bd_i/layer_0/inst/u_core/u_alu/ps_rnd[26]_i_2/I0
    SLICE_X68Y805        LUT5 (Prop_B6LUT_SLICEM_I0_O)
                                                      0.149     6.870 r  bd_i/layer_0/inst/u_core/u_alu/ps_rnd[26]_i_2/O
                         net (fo=4, routed)           0.307     7.177    bd_i/layer_0/inst/u_core/u_alu/ps_rnd[26]_i_2_n_0
    SLICE_X68Y796                                                     r  bd_i/layer_0/inst/u_core/u_alu/ps_rnd[2]_i_1/I1
    SLICE_X68Y796        LUT4 (Prop_C6LUT_SLICEM_I1_O)
                                                      0.123     7.300 r  bd_i/layer_0/inst/u_core/u_alu/ps_rnd[2]_i_1/O
                         net (fo=1, routed)           0.066     7.366    bd_i/layer_0/inst/u_core/u_alu/ps_rnd[2]_i_1_n_0
    SLICE_X68Y796        FDRE                                         r  bd_i/layer_0/inst/u_core/u_alu/ps_rnd_reg[2]/D
  -------------------------------------------------------------------    -------------------

                         (clock xdma_0_axi_aclk rise edge)
                                                      4.000     4.000 r  
    GTYE4_CHANNEL_X1Y35  GTYE4_CHANNEL                0.000     4.000 r  bd_i/xdma_0/inst/pcie4_ip_i/inst/bd_xdma_0_0_pcie4_ip_gt_top_i/diablo_gt.diablo_gt_phy_wrapper/gt_wizard.gtwizard_top_i/bd_xdma_0_0_pcie4_ip_gt_i/inst/gen_gtwizard_gtye4_top.bd_xdma_0_0_pcie4_ip_gt_gtwizard_gtye4_inst/gen_gtwizard_gtye4.gen_channel_container[32].gen_enabled_channel.gtye4_channel_wrapper_inst/channel_inst/gtye4_channel_gen.gen_gtye4_channel_inst[3].GTYE4_CHANNEL_PRIM_INST/TXOUTCLK
                         net (fo=7, routed)           0.078     4.078    bd_i/xdma_0/inst/pcie4_ip_i/inst/bd_xdma_0_0_pcie4_ip_gt_top_i/diablo_gt.diablo_gt_phy_wrapper/phy_clk_i/GT_TXOUTCLK[0]
    BUFG_GT_X1Y198                                                    r  bd_i/xdma_0/inst/pcie4_ip_i/inst/bd_xdma_0_0_pcie4_ip_gt_top_i/diablo_gt.diablo_gt_phy_wrapper/phy_clk_i/bufg_gt_userclk/I
    BUFG_GT_X1Y198       BUFG_GT (Prop_BUFG_GT_I_O)
                                                      0.114     4.192 r  bd_i/xdma_0/inst/pcie4_ip_i/inst/bd_xdma_0_0_pcie4_ip_gt_top_i/diablo_gt.diablo_gt_phy_wrapper/phy_clk_i/bufg_gt_userclk/O
    X3Y9 (CLOCK_ROOT)    net (fo=148450, routed)      2.699     6.891    bd_i/layer_0/inst/u_core/u_alu/aclk
    SLR Crossing[1->2]   
    SLICE_X68Y796        FDRE                                         r  bd_i/layer_0/inst/u_core/u_alu/ps_rnd_reg[2]/C
                         clock pessimism              0.251     7.141    
                         clock uncertainty           -0.046     7.095    
    SLICE_X68Y796        FDRE (Setup_CFF_SLICEM_C_D)
                                                      0.025     7.120    bd_i/layer_0/inst/u_core/u_alu/ps_rnd_reg[2]
  -------------------------------------------------------------------
                         required time                          7.120    
                         arrival time                          -7.366    
  -------------------------------------------------------------------
                         slack                                 -0.246    

Slack (VIOLATED) :        -0.246ns  (required time - arrival time)
  Source:                 bd_i/layer_0/inst/u_core/kb_i_reg[0]_rep/C
                            (rising edge-triggered cell FDRE clocked by xdma_0_axi_aclk  {rise@0.000ns fall@2.000ns period=4.000ns})
  Destination:            bd_i/layer_0/inst/u_core/krow_reg[1500]/D
                            (rising edge-triggered cell FDRE clocked by xdma_0_axi_aclk  {rise@0.000ns fall@2.000ns period=4.000ns})
  Path Group:             xdma_0_axi_aclk
  Path Type:              Setup (Max at Slow Process Corner)
  Requirement:            4.000ns  (xdma_0_axi_aclk rise@4.000ns - xdma_0_axi_aclk rise@0.000ns)
  Data Path Delay:        4.120ns  (logic 0.249ns (6.044%)  route 3.871ns (93.956%))
  Logic Levels:           2  (LUT3=1 LUT5=1)
  Clock Path Skew:        -0.105ns (DCD - SCD + CPR)
    Destination Clock Delay (DCD):    2.884ns = ( 6.884 - 4.000 ) 
    Source Clock Delay      (SCD):    3.152ns
    Clock Pessimism Removal (CPR):    0.164ns
  Clock Uncertainty:      0.046ns  ((TSJ^2 + DJ^2)^1/2) / 2 + PE
    Total System Jitter     (TSJ):    0.071ns
    Discrete Jitter          (DJ):    0.060ns
    Phase Error              (PE):    0.000ns
  Clock Net Delay (Source):      2.937ns (routing 1.183ns, distribution 1.754ns)
  Clock Net Delay (Destination): 2.692ns (routing 1.071ns, distribution 1.621ns)

    Location             Delay type                Incr(ns)  Path(ns)    Netlist Resource(s)
  -------------------------------------------------------------------    -------------------
                         (clock xdma_0_axi_aclk rise edge)
                                                      0.000     0.000 r  
    GTYE4_CHANNEL_X1Y35  GTYE4_CHANNEL                0.000     0.000 r  bd_i/xdma_0/inst/pcie4_ip_i/inst/bd_xdma_0_0_pcie4_ip_gt_top_i/diablo_gt.diablo_gt_phy_wrapper/gt_wizard.gtwizard_top_i/bd_xdma_0_0_pcie4_ip_gt_i/inst/gen_gtwizard_gtye4_top.bd_xdma_0_0_pcie4_ip_gt_gtwizard_gtye4_inst/gen_gtwizard_gtye4.gen_channel_container[32].gen_enabled_channel.gtye4_channel_wrapper_inst/channel_inst/gtye4_channel_gen.gen_gtye4_channel_inst[3].GTYE4_CHANNEL_PRIM_INST/TXOUTCLK
                         net (fo=7, routed)           0.085     0.085    bd_i/xdma_0/inst/pcie4_ip_i/inst/bd_xdma_0_0_pcie4_ip_gt_top_i/diablo_gt.diablo_gt_phy_wrapper/phy_clk_i/GT_TXOUTCLK[0]
    BUFG_GT_X1Y198                                                    r  bd_i/xdma_0/inst/pcie4_ip_i/inst/bd_xdma_0_0_pcie4_ip_gt_top_i/diablo_gt.diablo_gt_phy_wrapper/phy_clk_i/bufg_gt_userclk/I
    BUFG_GT_X1Y198       BUFG_GT (Prop_BUFG_GT_I_O)
                                                      0.130     0.215 r  bd_i/xdma_0/inst/pcie4_ip_i/inst/bd_xdma_0_0_pcie4_ip_gt_top_i/diablo_gt.diablo_gt_phy_wrapper/phy_clk_i/bufg_gt_userclk/O
    X3Y9 (CLOCK_ROOT)    net (fo=148450, routed)      2.937     3.152    bd_i/layer_0/inst/u_core/aclk
    SLR Crossing[1->2]   
    SLICE_X86Y785        FDRE                                         r  bd_i/layer_0/inst/u_core/kb_i_reg[0]_rep/C
  -------------------------------------------------------------------    -------------------
    SLICE_X86Y785        FDRE (Prop_EFF_SLICEL_C_Q)
                                                      0.079     3.231 r  bd_i/layer_0/inst/u_core/kb_i_reg[0]_rep/Q
                         net (fo=131, routed)         0.777     4.009    bd_i/layer_0/inst/u_core/kb_i_reg[0]_rep_n_0
    SLICE_X80Y780                                                     r  bd_i/layer_0/inst/u_core/krow[2044]_i_5/I0
    SLICE_X80Y780        LUT3 (Prop_F5LUT_SLICEM_I0_O)
                                                      0.074     4.083 r  bd_i/layer_0/inst/u_core/krow[2044]_i_5/O
                         net (fo=16, routed)          0.394     4.477    bd_i/layer_0/inst/u_core/krow[2044]_i_5_n_0
    SLICE_X77Y786                                                     r  bd_i/layer_0/inst/u_core/krow[2012]_i_3/I4
    SLICE_X77Y786        LUT5 (Prop_D5LUT_SLICEL_I4_O)
                                                      0.096     4.573 r  bd_i/layer_0/inst/u_core/krow[2012]_i_3/O
                         net (fo=8, routed)           2.699     7.272    bd_i/layer_0/inst/u_core/krow[2012]_i_3_n_0
    SLICE_X121Y706       FDRE                                         r  bd_i/layer_0/inst/u_core/krow_reg[1500]/D
  -------------------------------------------------------------------    -------------------

                         (clock xdma_0_axi_aclk rise edge)
                                                      4.000     4.000 r  
    GTYE4_CHANNEL_X1Y35  GTYE4_CHANNEL                0.000     4.000 r  bd_i/xdma_0/inst/pcie4_ip_i/inst/bd_xdma_0_0_pcie4_ip_gt_top_i/diablo_gt.diablo_gt_phy_wrapper/gt_wizard.gtwizard_top_i/bd_xdma_0_0_pcie4_ip_gt_i/inst/gen_gtwizard_gtye4_top.bd_xdma_0_0_pcie4_ip_gt_gtwizard_gtye4_inst/gen_gtwizard_gtye4.gen_channel_container[32].gen_enabled_channel.gtye4_channel_wrapper_inst/channel_inst/gtye4_channel_gen.gen_gtye4_channel_inst[3].GTYE4_CHANNEL_PRIM_INST/TXOUTCLK
                         net (fo=7, routed)           0.078     4.078    bd_i/xdma_0/inst/pcie4_ip_i/inst/bd_xdma_0_0_pcie4_ip_gt_top_i/diablo_gt.diablo_gt_phy_wrapper/phy_clk_i/GT_TXOUTCLK[0]
    BUFG_GT_X1Y198                                                    r  bd_i/xdma_0/inst/pcie4_ip_i/inst/bd_xdma_0_0_pcie4_ip_gt_top_i/diablo_gt.diablo_gt_phy_wrapper/phy_clk_i/bufg_gt_userclk/I
    BUFG_GT_X1Y198       BUFG_GT (Prop_BUFG_GT_I_O)
                                                      0.114     4.192 r  bd_i/xdma_0/inst/pcie4_ip_i/inst/bd_xdma_0_0_pcie4_ip_gt_top_i/diablo_gt.diablo_gt_phy_wrapper/phy_clk_i/bufg_gt_userclk/O
    X3Y9 (CLOCK_ROOT)    net (fo=148450, routed)      2.692     6.884    bd_i/layer_0/inst/u_core/aclk
    SLR Crossing[1->2]   
    SLICE_X121Y706       FDRE                                         r  bd_i/layer_0/inst/u_core/krow_reg[1500]/C
                         clock pessimism              0.164     7.048    
                         clock uncertainty           -0.046     7.001    
    SLICE_X121Y706       FDRE (Setup_GFF_SLICEM_C_D)
                                                      0.025     7.026    bd_i/layer_0/inst/u_core/krow_reg[1500]
  -------------------------------------------------------------------
                         required time                          7.026    
                         arrival time                          -7.272    
  -------------------------------------------------------------------
                         slack                                 -0.246    

Slack (VIOLATED) :        -0.246ns  (required time - arrival time)
  Source:                 bd_i/layer_0/inst/u_core/u_alu/op_q_reg[3]/C
                            (rising edge-triggered cell FDRE clocked by xdma_0_axi_aclk  {rise@0.000ns fall@2.000ns period=4.000ns})
  Destination:            bd_i/layer_0/inst/u_core/u_alu/ps_rnd_reg[17]/D
                            (rising edge-triggered cell FDRE clocked by xdma_0_axi_aclk  {rise@0.000ns fall@2.000ns period=4.000ns})
  Path Group:             xdma_0_axi_aclk
  Path Type:              Setup (Max at Slow Process Corner)
  Requirement:            4.000ns  (xdma_0_axi_aclk rise@4.000ns - xdma_0_axi_aclk rise@0.000ns)
  Data Path Delay:        4.130ns  (logic 1.293ns (31.306%)  route 2.837ns (68.694%))
  Logic Levels:           10  (LUT4=1 LUT5=2 LUT6=7)
  Clock Path Skew:        -0.094ns (DCD - SCD + CPR)
    Destination Clock Delay (DCD):    2.889ns = ( 6.889 - 4.000 ) 
    Source Clock Delay      (SCD):    3.234ns
    Clock Pessimism Removal (CPR):    0.251ns
  Clock Uncertainty:      0.046ns  ((TSJ^2 + DJ^2)^1/2) / 2 + PE
    Total System Jitter     (TSJ):    0.071ns
    Discrete Jitter          (DJ):    0.060ns
    Phase Error              (PE):    0.000ns
  Clock Net Delay (Source):      3.019ns (routing 1.183ns, distribution 1.836ns)
  Clock Net Delay (Destination): 2.697ns (routing 1.071ns, distribution 1.626ns)

    Location             Delay type                Incr(ns)  Path(ns)    Netlist Resource(s)
  -------------------------------------------------------------------    -------------------
                         (clock xdma_0_axi_aclk rise edge)
                                                      0.000     0.000 r  
    GTYE4_CHANNEL_X1Y35  GTYE4_CHANNEL                0.000     0.000 r  bd_i/xdma_0/inst/pcie4_ip_i/inst/bd_xdma_0_0_pcie4_ip_gt_top_i/diablo_gt.diablo_gt_phy_wrapper/gt_wizard.gtwizard_top_i/bd_xdma_0_0_pcie4_ip_gt_i/inst/gen_gtwizard_gtye4_top.bd_xdma_0_0_pcie4_ip_gt_gtwizard_gtye4_inst/gen_gtwizard_gtye4.gen_channel_container[32].gen_enabled_channel.gtye4_channel_wrapper_inst/channel_inst/gtye4_channel_gen.gen_gtye4_channel_inst[3].GTYE4_CHANNEL_PRIM_INST/TXOUTCLK
                         net (fo=7, routed)           0.085     0.085    bd_i/xdma_0/inst/pcie4_ip_i/inst/bd_xdma_0_0_pcie4_ip_gt_top_i/diablo_gt.diablo_gt_phy_wrapper/phy_clk_i/GT_TXOUTCLK[0]
    BUFG_GT_X1Y198                                                    r  bd_i/xdma_0/inst/pcie4_ip_i/inst/bd_xdma_0_0_pcie4_ip_gt_top_i/diablo_gt.diablo_gt_phy_wrapper/phy_clk_i/bufg_gt_userclk/I
    BUFG_GT_X1Y198       BUFG_GT (Prop_BUFG_GT_I_O)
                                                      0.130     0.215 r  bd_i/xdma_0/inst/pcie4_ip_i/inst/bd_xdma_0_0_pcie4_ip_gt_top_i/diablo_gt.diablo_gt_phy_wrapper/phy_clk_i/bufg_gt_userclk/O
    X3Y9 (CLOCK_ROOT)    net (fo=148450, routed)      3.019     3.234    bd_i/layer_0/inst/u_core/u_alu/aclk
    SLR Crossing[1->2]   
    SLICE_X66Y805        FDRE                                         r  bd_i/layer_0/inst/u_core/u_alu/op_q_reg[3]/C
  -------------------------------------------------------------------    -------------------
    SLICE_X66Y805        FDRE (Prop_AFF_SLICEM_C_Q)
                                                      0.077     3.311 r  bd_i/layer_0/inst/u_core/u_alu/op_q_reg[3]/Q
                         net (fo=92, routed)          0.666     3.976    bd_i/layer_0/inst/u_core/u_alu/op_q_reg_n_0_[3]
    SLICE_X73Y797                                                     r  bd_i/layer_0/inst/u_core/u_alu/k_out[3]_i_52/I1
    SLICE_X73Y797        LUT6 (Prop_C6LUT_SLICEL_I1_O)
                                                      0.088     4.064 r  bd_i/layer_0/inst/u_core/u_alu/k_out[3]_i_52/O
                         net (fo=4, routed)           0.262     4.326    bd_i/layer_0/inst/u_core/u_alu/k_out[3]_i_52_n_0
    SLICE_X72Y803                                                     r  bd_i/layer_0/inst/u_core/u_alu/k_out[3]_i_23/I0
    SLICE_X72Y803        LUT6 (Prop_G6LUT_SLICEM_I0_O)
                                                      0.123     4.449 r  bd_i/layer_0/inst/u_core/u_alu/k_out[3]_i_23/O
                         net (fo=4, routed)           0.180     4.629    bd_i/layer_0/inst/u_core/u_alu/k_out[3]_i_23_n_0
    SLICE_X72Y804                                                     r  bd_i/layer_0/inst/u_core/u_alu/k_out[5]_i_31/I0
    SLICE_X72Y804        LUT6 (Prop_G6LUT_SLICEM_I0_O)
                                                      0.150     4.779 r  bd_i/layer_0/inst/u_core/u_alu/k_out[5]_i_31/O
                         net (fo=1, routed)           0.155     4.934    bd_i/layer_0/inst/u_core/u_alu/k_out[5]_i_31_n_0
    SLICE_X72Y806                                                     r  bd_i/layer_0/inst/u_core/u_alu/k_out[5]_i_13/I4
    SLICE_X72Y806        LUT5 (Prop_E6LUT_SLICEM_I4_O)
                                                      0.124     5.058 r  bd_i/layer_0/inst/u_core/u_alu/k_out[5]_i_13/O
                         net (fo=28, routed)          0.512     5.570    bd_i/layer_0/inst/u_core/u_alu/k_out[5]_i_13_n_0
    SLICE_X69Y809                                                     r  bd_i/layer_0/inst/u_core/u_alu/k_out[3]_i_50/I5
    SLICE_X69Y809        LUT6 (Prop_E6LUT_SLICEL_I5_O)
                                                      0.090     5.660 r  bd_i/layer_0/inst/u_core/u_alu/k_out[3]_i_50/O
                         net (fo=1, routed)           0.108     5.768    bd_i/layer_0/inst/u_core/u_alu/k_out[3]_i_50_n_0
    SLICE_X69Y809                                                     r  bd_i/layer_0/inst/u_core/u_alu/k_out[3]_i_15/I4
    SLICE_X69Y809        LUT6 (Prop_G6LUT_SLICEL_I4_O)
                                                      0.149     5.917 r  bd_i/layer_0/inst/u_core/u_alu/k_out[3]_i_15/O
                         net (fo=1, routed)           0.184     6.101    bd_i/layer_0/inst/u_core/u_alu/k_out[3]_i_15_n_0
    SLICE_X69Y810                                                     r  bd_i/layer_0/inst/u_core/u_alu/k_out[3]_i_4/I5
    SLICE_X69Y810        LUT6 (Prop_B6LUT_SLICEL_I5_O)
                                                      0.098     6.199 r  bd_i/layer_0/inst/u_core/u_alu/k_out[3]_i_4/O
                         net (fo=11, routed)          0.216     6.416    bd_i/layer_0/inst/u_core/u_alu/k_out[3]_i_4_n_0
    SLICE_X68Y807                                                     r  bd_i/layer_0/inst/u_core/u_alu/ps_rnd[31]_i_2/I1
    SLICE_X68Y807        LUT6 (Prop_H6LUT_SLICEM_I1_O)
                                                      0.101     6.517 r  bd_i/layer_0/inst/u_core/u_alu/ps_rnd[31]_i_2/O
                         net (fo=10, routed)          0.232     6.749    bd_i/layer_0/inst/u_core/u_alu/ps_rnd[31]_i_2_n_0
    SLICE_X69Y804                                                     r  bd_i/layer_0/inst/u_core/u_alu/ps_rnd[23]_i_2/I0
    SLICE_X69Y804        LUT4 (Prop_B6LUT_SLICEL_I0_O)
                                                      0.148     6.897 r  bd_i/layer_0/inst/u_core/u_alu/ps_rnd[23]_i_2/O
                         net (fo=16, routed)          0.256     7.153    bd_i/layer_0/inst/u_core/u_alu/ps_rnd[23]_i_2_n_0
    SLICE_X68Y798                                                     r  bd_i/layer_0/inst/u_core/u_alu/ps_rnd[17]_i_1/I0
    SLICE_X68Y798        LUT5 (Prop_C6LUT_SLICEM_I0_O)
                                                      0.145     7.298 r  bd_i/layer_0/inst/u_core/u_alu/ps_rnd[17]_i_1/O
                         net (fo=1, routed)           0.066     7.364    bd_i/layer_0/inst/u_core/u_alu/ps_rnd[17]_i_1_n_0
    SLICE_X68Y798        FDRE                                         r  bd_i/layer_0/inst/u_core/u_alu/ps_rnd_reg[17]/D
  -------------------------------------------------------------------    -------------------

                         (clock xdma_0_axi_aclk rise edge)
                                                      4.000     4.000 r  
    GTYE4_CHANNEL_X1Y35  GTYE4_CHANNEL                0.000     4.000 r  bd_i/xdma_0/inst/pcie4_ip_i/inst/bd_xdma_0_0_pcie4_ip_gt_top_i/diablo_gt.diablo_gt_phy_wrapper/gt_wizard.gtwizard_top_i/bd_xdma_0_0_pcie4_ip_gt_i/inst/gen_gtwizard_gtye4_top.bd_xdma_0_0_pcie4_ip_gt_gtwizard_gtye4_inst/gen_gtwizard_gtye4.gen_channel_container[32].gen_enabled_channel.gtye4_channel_wrapper_inst/channel_inst/gtye4_channel_gen.gen_gtye4_channel_inst[3].GTYE4_CHANNEL_PRIM_INST/TXOUTCLK
                         net (fo=7, routed)           0.078     4.078    bd_i/xdma_0/inst/pcie4_ip_i/inst/bd_xdma_0_0_pcie4_ip_gt_top_i/diablo_gt.diablo_gt_phy_wrapper/phy_clk_i/GT_TXOUTCLK[0]
    BUFG_GT_X1Y198                                                    r  bd_i/xdma_0/inst/pcie4_ip_i/inst/bd_xdma_0_0_pcie4_ip_gt_top_i/diablo_gt.diablo_gt_phy_wrapper/phy_clk_i/bufg_gt_userclk/I
    BUFG_GT_X1Y198       BUFG_GT (Prop_BUFG_GT_I_O)
                                                      0.114     4.192 r  bd_i/xdma_0/inst/pcie4_ip_i/inst/bd_xdma_0_0_pcie4_ip_gt_top_i/diablo_gt.diablo_gt_phy_wrapper/phy_clk_i/bufg_gt_userclk/O
    X3Y9 (CLOCK_ROOT)    net (fo=148450, routed)      2.697     6.889    bd_i/layer_0/inst/u_core/u_alu/aclk
    SLR Crossing[1->2]   
    SLICE_X68Y798        FDRE                                         r  bd_i/layer_0/inst/u_core/u_alu/ps_rnd_reg[17]/C
                         clock pessimism              0.251     7.139    
                         clock uncertainty           -0.046     7.093    
    SLICE_X68Y798        FDRE (Setup_CFF_SLICEM_C_D)
                                                      0.025     7.118    bd_i/layer_0/inst/u_core/u_alu/ps_rnd_reg[17]
  -------------------------------------------------------------------
                         required time                          7.118    
                         arrival time                          -7.364    
  -------------------------------------------------------------------
                         slack                                 -0.246    

Slack (VIOLATED) :        -0.246ns  (required time - arrival time)
  Source:                 bd_i/layer_0/inst/u_core/u_dn/row_reg[5]/C
                            (rising edge-triggered cell FDRE clocked by xdma_0_axi_aclk  {rise@0.000ns fall@2.000ns period=4.000ns})
  Destination:            bd_i/layer_0/inst/u_core/u_dn/g_lane[78].p2_p_reg[78]/DSP_A_B_DATA_INST/B[0]
                            (rising edge-triggered cell DSP_A_B_DATA clocked by xdma_0_axi_aclk  {rise@0.000ns fall@2.000ns period=4.000ns})
  Path Group:             xdma_0_axi_aclk
  Path Type:              Setup (Max at Slow Process Corner)
  Requirement:            4.000ns  (xdma_0_axi_aclk rise@4.000ns - xdma_0_axi_aclk rise@0.000ns)
  Data Path Delay:        4.140ns  (logic 0.216ns (5.217%)  route 3.924ns (94.783%))
  Logic Levels:           2  (LUT3=1 RAMD64E=1)
  Clock Path Skew:        0.214ns (DCD - SCD + CPR)
    Destination Clock Delay (DCD):    3.189ns = ( 7.189 - 4.000 ) 
    Source Clock Delay      (SCD):    3.157ns
    Clock Pessimism Removal (CPR):    0.182ns
  Clock Uncertainty:      0.046ns  ((TSJ^2 + DJ^2)^1/2) / 2 + PE
    Total System Jitter     (TSJ):    0.071ns
    Discrete Jitter          (DJ):    0.060ns
    Phase Error              (PE):    0.000ns
  Clock Net Delay (Source):      2.942ns (routing 1.183ns, distribution 1.759ns)
  Clock Net Delay (Destination): 2.997ns (routing 1.071ns, distribution 1.926ns)

    Location             Delay type                Incr(ns)  Path(ns)    Netlist Resource(s)
  -------------------------------------------------------------------    -------------------
                         (clock xdma_0_axi_aclk rise edge)
                                                      0.000     0.000 r  
    GTYE4_CHANNEL_X1Y35  GTYE4_CHANNEL                0.000     0.000 r  bd_i/xdma_0/inst/pcie4_ip_i/inst/bd_xdma_0_0_pcie4_ip_gt_top_i/diablo_gt.diablo_gt_phy_wrapper/gt_wizard.gtwizard_top_i/bd_xdma_0_0_pcie4_ip_gt_i/inst/gen_gtwizard_gtye4_top.bd_xdma_0_0_pcie4_ip_gt_gtwizard_gtye4_inst/gen_gtwizard_gtye4.gen_channel_container[32].gen_enabled_channel.gtye4_channel_wrapper_inst/channel_inst/gtye4_channel_gen.gen_gtye4_channel_inst[3].GTYE4_CHANNEL_PRIM_INST/TXOUTCLK
                         net (fo=7, routed)           0.085     0.085    bd_i/xdma_0/inst/pcie4_ip_i/inst/bd_xdma_0_0_pcie4_ip_gt_top_i/diablo_gt.diablo_gt_phy_wrapper/phy_clk_i/GT_TXOUTCLK[0]
    BUFG_GT_X1Y198                                                    r  bd_i/xdma_0/inst/pcie4_ip_i/inst/bd_xdma_0_0_pcie4_ip_gt_top_i/diablo_gt.diablo_gt_phy_wrapper/phy_clk_i/bufg_gt_userclk/I
    BUFG_GT_X1Y198       BUFG_GT (Prop_BUFG_GT_I_O)
                                                      0.130     0.215 r  bd_i/xdma_0/inst/pcie4_ip_i/inst/bd_xdma_0_0_pcie4_ip_gt_top_i/diablo_gt.diablo_gt_phy_wrapper/phy_clk_i/bufg_gt_userclk/O
    X3Y9 (CLOCK_ROOT)    net (fo=148450, routed)      2.942     3.157    bd_i/layer_0/inst/u_core/u_dn/aclk
    SLR Crossing[1->2]   
    SLICE_X82Y751        FDRE                                         r  bd_i/layer_0/inst/u_core/u_dn/row_reg[5]/C
  -------------------------------------------------------------------    -------------------
    SLICE_X82Y751        FDRE (Prop_GFF_SLICEL_C_Q)
                                                      0.079     3.236 r  bd_i/layer_0/inst/u_core/u_dn/row_reg[5]/Q
                         net (fo=71, routed)          0.637     3.873    bd_i/layer_0/inst/u_core/u_dn/kn_reg_64_127_0_6/ADDRA5
    SLICE_X81Y745                                                     r  bd_i/layer_0/inst/u_core/u_dn/kn_reg_64_127_0_6/RAMA/RADR5
    SLICE_X81Y745        RAMD64E (Prop_A6LUT_SLICEM_RADR5_O)
                                                      0.038     3.911 r  bd_i/layer_0/inst/u_core/u_dn/kn_reg_64_127_0_6/RAMA/O
                         net (fo=16, routed)          0.671     4.582    bd_i/layer_0/inst/u_core/u_dn/kn_reg_64_127_0_6_n_0
    SLICE_X96Y740                                                     r  bd_i/layer_0/inst/u_core/u_dn/g_lane[113].p2_p_reg[113]_i_16/I0
    SLICE_X96Y740        LUT3 (Prop_E6LUT_SLICEL_I0_O)
                                                      0.099     4.681 r  bd_i/layer_0/inst/u_core/u_dn/g_lane[113].p2_p_reg[113]_i_16/O
                         net (fo=34, routed)          2.616     7.297    bd_i/layer_0/inst/u_core/u_dn/g_lane[78].p2_p_reg[78]/B[0]
    DSP48E2_X1Y320       DSP_A_B_DATA                                 r  bd_i/layer_0/inst/u_core/u_dn/g_lane[78].p2_p_reg[78]/DSP_A_B_DATA_INST/B[0]
  -------------------------------------------------------------------    -------------------

                         (clock xdma_0_axi_aclk rise edge)
                                                      4.000     4.000 r  
    GTYE4_CHANNEL_X1Y35  GTYE4_CHANNEL                0.000     4.000 r  bd_i/xdma_0/inst/pcie4_ip_i/inst/bd_xdma_0_0_pcie4_ip_gt_top_i/diablo_gt.diablo_gt_phy_wrapper/gt_wizard.gtwizard_top_i/bd_xdma_0_0_pcie4_ip_gt_i/inst/gen_gtwizard_gtye4_top.bd_xdma_0_0_pcie4_ip_gt_gtwizard_gtye4_inst/gen_gtwizard_gtye4.gen_channel_container[32].gen_enabled_channel.gtye4_channel_wrapper_inst/channel_inst/gtye4_channel_gen.gen_gtye4_channel_inst[3].GTYE4_CHANNEL_PRIM_INST/TXOUTCLK
                         net (fo=7, routed)           0.078     4.078    bd_i/xdma_0/inst/pcie4_ip_i/inst/bd_xdma_0_0_pcie4_ip_gt_top_i/diablo_gt.diablo_gt_phy_wrapper/phy_clk_i/GT_TXOUTCLK[0]
    BUFG_GT_X1Y198                                                    r  bd_i/xdma_0/inst/pcie4_ip_i/inst/bd_xdma_0_0_pcie4_ip_gt_top_i/diablo_gt.diablo_gt_phy_wrapper/phy_clk_i/bufg_gt_userclk/I
    BUFG_GT_X1Y198       BUFG_GT (Prop_BUFG_GT_I_O)
                                                      0.114     4.192 r  bd_i/xdma_0/inst/pcie4_ip_i/inst/bd_xdma_0_0_pcie4_ip_gt_top_i/diablo_gt.diablo_gt_phy_wrapper/phy_clk_i/bufg_gt_userclk/O
    X3Y9 (CLOCK_ROOT)    net (fo=148450, routed)      2.997     7.189    bd_i/layer_0/inst/u_core/u_dn/g_lane[78].p2_p_reg[78]/CLK
    SLR Crossing[1->2]   
    DSP48E2_X1Y320       DSP_A_B_DATA                                 r  bd_i/layer_0/inst/u_core/u_dn/g_lane[78].p2_p_reg[78]/DSP_A_B_DATA_INST/CLK
                         clock pessimism              0.182     7.371    
                         clock uncertainty           -0.046     7.324    
    DSP48E2_X1Y320       DSP_A_B_DATA (Setup_DSP_A_B_DATA_DSP48E2_CLK_B[0])
                                                     -0.273     7.051    bd_i/layer_0/inst/u_core/u_dn/g_lane[78].p2_p_reg[78]/DSP_A_B_DATA_INST
  -------------------------------------------------------------------
                         required time                          7.051    
                         arrival time                          -7.297    
  -------------------------------------------------------------------
                         slack                                 -0.246    

Slack (VIOLATED) :        -0.246ns  (required time - arrival time)
  Source:                 bd_i/layer_0/inst/u_core/u_dn/row_reg[2]/C
                            (rising edge-triggered cell FDRE clocked by xdma_0_axi_aclk  {rise@0.000ns fall@2.000ns period=4.000ns})
  Destination:            bd_i/layer_0/inst/u_core/u_dn/g_lane[7].p2_p_reg[7]/DSP_A_B_DATA_INST/B[14]
                            (rising edge-triggered cell DSP_A_B_DATA clocked by xdma_0_axi_aclk  {rise@0.000ns fall@2.000ns period=4.000ns})
  Path Group:             xdma_0_axi_aclk
  Path Type:              Setup (Max at Slow Process Corner)
  Requirement:            4.000ns  (xdma_0_axi_aclk rise@4.000ns - xdma_0_axi_aclk rise@0.000ns)
  Data Path Delay:        3.617ns  (logic 0.304ns (8.404%)  route 3.313ns (91.596%))
  Logic Levels:           2  (LUT3=1 RAMD64E=1)
  Clock Path Skew:        -0.322ns (DCD - SCD + CPR)
    Destination Clock Delay (DCD):    2.689ns = ( 6.689 - 4.000 ) 
    Source Clock Delay      (SCD):    3.157ns
    Clock Pessimism Removal (CPR):    0.146ns
  Clock Uncertainty:      0.046ns  ((TSJ^2 + DJ^2)^1/2) / 2 + PE
    Total System Jitter     (TSJ):    0.071ns
    Discrete Jitter          (DJ):    0.060ns
    Phase Error              (PE):    0.000ns
  Clock Net Delay (Source):      2.942ns (routing 1.183ns, distribution 1.759ns)
  Clock Net Delay (Destination): 2.497ns (routing 1.071ns, distribution 1.426ns)

    Location             Delay type                Incr(ns)  Path(ns)    Netlist Resource(s)
  -------------------------------------------------------------------    -------------------
                         (clock xdma_0_axi_aclk rise edge)
                                                      0.000     0.000 r  
    GTYE4_CHANNEL_X1Y35  GTYE4_CHANNEL                0.000     0.000 r  bd_i/xdma_0/inst/pcie4_ip_i/inst/bd_xdma_0_0_pcie4_ip_gt_top_i/diablo_gt.diablo_gt_phy_wrapper/gt_wizard.gtwizard_top_i/bd_xdma_0_0_pcie4_ip_gt_i/inst/gen_gtwizard_gtye4_top.bd_xdma_0_0_pcie4_ip_gt_gtwizard_gtye4_inst/gen_gtwizard_gtye4.gen_channel_container[32].gen_enabled_channel.gtye4_channel_wrapper_inst/channel_inst/gtye4_channel_gen.gen_gtye4_channel_inst[3].GTYE4_CHANNEL_PRIM_INST/TXOUTCLK
                         net (fo=7, routed)           0.085     0.085    bd_i/xdma_0/inst/pcie4_ip_i/inst/bd_xdma_0_0_pcie4_ip_gt_top_i/diablo_gt.diablo_gt_phy_wrapper/phy_clk_i/GT_TXOUTCLK[0]
    BUFG_GT_X1Y198                                                    r  bd_i/xdma_0/inst/pcie4_ip_i/inst/bd_xdma_0_0_pcie4_ip_gt_top_i/diablo_gt.diablo_gt_phy_wrapper/phy_clk_i/bufg_gt_userclk/I
    BUFG_GT_X1Y198       BUFG_GT (Prop_BUFG_GT_I_O)
                                                      0.130     0.215 r  bd_i/xdma_0/inst/pcie4_ip_i/inst/bd_xdma_0_0_pcie4_ip_gt_top_i/diablo_gt.diablo_gt_phy_wrapper/phy_clk_i/bufg_gt_userclk/O
    X3Y9 (CLOCK_ROOT)    net (fo=148450, routed)      2.942     3.157    bd_i/layer_0/inst/u_core/u_dn/aclk
    SLR Crossing[1->2]   
    SLICE_X82Y751        FDRE                                         r  bd_i/layer_0/inst/u_core/u_dn/row_reg[2]/C
  -------------------------------------------------------------------    -------------------
    SLICE_X82Y751        FDRE (Prop_EFF2_SLICEL_C_Q)
                                                      0.081     3.238 r  bd_i/layer_0/inst/u_core/u_dn/row_reg[2]/Q
                         net (fo=74, routed)          0.705     3.943    bd_i/layer_0/inst/u_core/u_dn/kn_reg_0_63_14_15/ADDRA2
    SLICE_X90Y751                                                     r  bd_i/layer_0/inst/u_core/u_dn/kn_reg_0_63_14_15/RAMA/RADR2
    SLICE_X90Y751        RAMD64E (Prop_E6LUT_SLICEM_RADR2_O)
                                                      0.100     4.043 r  bd_i/layer_0/inst/u_core/u_dn/kn_reg_0_63_14_15/RAMA/O
                         net (fo=16, routed)          0.555     4.599    bd_i/layer_0/inst/u_core/u_dn/kn_reg_0_63_14_15_n_0
    SLICE_X94Y780                                                     r  bd_i/layer_0/inst/u_core/u_dn/g_lane[86].p2_p_reg[86]_i_2/I2
    SLICE_X94Y780        LUT3 (Prop_E6LUT_SLICEL_I2_O)
                                                      0.123     4.722 r  bd_i/layer_0/inst/u_core/u_dn/g_lane[86].p2_p_reg[86]_i_2/O
                         net (fo=32, routed)          2.052     6.774    bd_i/layer_0/inst/u_core/u_dn/g_lane[7].p2_p_reg[7]/B[14]
    DSP48E2_X11Y255      DSP_A_B_DATA                                 r  bd_i/layer_0/inst/u_core/u_dn/g_lane[7].p2_p_reg[7]/DSP_A_B_DATA_INST/B[14]
  -------------------------------------------------------------------    -------------------

                         (clock xdma_0_axi_aclk rise edge)
                                                      4.000     4.000 r  
    GTYE4_CHANNEL_X1Y35  GTYE4_CHANNEL                0.000     4.000 r  bd_i/xdma_0/inst/pcie4_ip_i/inst/bd_xdma_0_0_pcie4_ip_gt_top_i/diablo_gt.diablo_gt_phy_wrapper/gt_wizard.gtwizard_top_i/bd_xdma_0_0_pcie4_ip_gt_i/inst/gen_gtwizard_gtye4_top.bd_xdma_0_0_pcie4_ip_gt_gtwizard_gtye4_inst/gen_gtwizard_gtye4.gen_channel_container[32].gen_enabled_channel.gtye4_channel_wrapper_inst/channel_inst/gtye4_channel_gen.gen_gtye4_channel_inst[3].GTYE4_CHANNEL_PRIM_INST/TXOUTCLK
                         net (fo=7, routed)           0.078     4.078    bd_i/xdma_0/inst/pcie4_ip_i/inst/bd_xdma_0_0_pcie4_ip_gt_top_i/diablo_gt.diablo_gt_phy_wrapper/phy_clk_i/GT_TXOUTCLK[0]
    BUFG_GT_X1Y198                                                    r  bd_i/xdma_0/inst/pcie4_ip_i/inst/bd_xdma_0_0_pcie4_ip_gt_top_i/diablo_gt.diablo_gt_phy_wrapper/phy_clk_i/bufg_gt_userclk/I
    BUFG_GT_X1Y198       BUFG_GT (Prop_BUFG_GT_I_O)
                                                      0.114     4.192 r  bd_i/xdma_0/inst/pcie4_ip_i/inst/bd_xdma_0_0_pcie4_ip_gt_top_i/diablo_gt.diablo_gt_phy_wrapper/phy_clk_i/bufg_gt_userclk/O
    X3Y9 (CLOCK_ROOT)    net (fo=148450, routed)      2.497     6.689    bd_i/layer_0/inst/u_core/u_dn/g_lane[7].p2_p_reg[7]/CLK
    SLR Crossing[1->2]   
    DSP48E2_X11Y255      DSP_A_B_DATA                                 r  bd_i/layer_0/inst/u_core/u_dn/g_lane[7].p2_p_reg[7]/DSP_A_B_DATA_INST/CLK
                         clock pessimism              0.146     6.835    
                         clock uncertainty           -0.046     6.789    
    DSP48E2_X11Y255      DSP_A_B_DATA (Setup_DSP_A_B_DATA_DSP48E2_CLK_B[14])
                                                     -0.260     6.529    bd_i/layer_0/inst/u_core/u_dn/g_lane[7].p2_p_reg[7]/DSP_A_B_DATA_INST
  -------------------------------------------------------------------
                         required time                          6.529    
                         arrival time                          -6.774    
  -------------------------------------------------------------------
                         slack                                 -0.246    

Slack (VIOLATED) :        -0.246ns  (required time - arrival time)
  Source:                 bd_i/layer_0/inst/u_core/smem_a_reg_bram_0/CLKBWRCLK
                            (rising edge-triggered cell RAMB36E2 clocked by xdma_0_axi_aclk  {rise@0.000ns fall@2.000ns period=4.000ns})
  Destination:            bd_i/layer_0/inst/u_core/at_qdata_reg[0]_rep/D
                            (rising edge-triggered cell FDRE clocked by xdma_0_axi_aclk  {rise@0.000ns fall@2.000ns period=4.000ns})
  Path Group:             xdma_0_axi_aclk
  Path Type:              Setup (Max at Slow Process Corner)
  Requirement:            4.000ns  (xdma_0_axi_aclk rise@4.000ns - xdma_0_axi_aclk rise@0.000ns)
  Data Path Delay:        4.023ns  (logic 2.557ns (63.552%)  route 1.466ns (36.448%))
  Logic Levels:           8  (LUT3=1 RAMB36E2=7)
  Clock Path Skew:        -0.201ns (DCD - SCD + CPR)
    Destination Clock Delay (DCD):    2.791ns = ( 6.791 - 4.000 ) 
    Source Clock Delay      (SCD):    3.236ns
    Clock Pessimism Removal (CPR):    0.244ns
  Clock Uncertainty:      0.046ns  ((TSJ^2 + DJ^2)^1/2) / 2 + PE
    Total System Jitter     (TSJ):    0.071ns
    Discrete Jitter          (DJ):    0.060ns
    Phase Error              (PE):    0.000ns
  Clock Net Delay (Source):      3.021ns (routing 1.183ns, distribution 1.838ns)
  Clock Net Delay (Destination): 2.599ns (routing 1.071ns, distribution 1.528ns)

    Location             Delay type                Incr(ns)  Path(ns)    Netlist Resource(s)
  -------------------------------------------------------------------    -------------------
                         (clock xdma_0_axi_aclk rise edge)
                                                      0.000     0.000 r  
    GTYE4_CHANNEL_X1Y35  GTYE4_CHANNEL                0.000     0.000 r  bd_i/xdma_0/inst/pcie4_ip_i/inst/bd_xdma_0_0_pcie4_ip_gt_top_i/diablo_gt.diablo_gt_phy_wrapper/gt_wizard.gtwizard_top_i/bd_xdma_0_0_pcie4_ip_gt_i/inst/gen_gtwizard_gtye4_top.bd_xdma_0_0_pcie4_ip_gt_gtwizard_gtye4_inst/gen_gtwizard_gtye4.gen_channel_container[32].gen_enabled_channel.gtye4_channel_wrapper_inst/channel_inst/gtye4_channel_gen.gen_gtye4_channel_inst[3].GTYE4_CHANNEL_PRIM_INST/TXOUTCLK
                         net (fo=7, routed)           0.085     0.085    bd_i/xdma_0/inst/pcie4_ip_i/inst/bd_xdma_0_0_pcie4_ip_gt_top_i/diablo_gt.diablo_gt_phy_wrapper/phy_clk_i/GT_TXOUTCLK[0]
    BUFG_GT_X1Y198                                                    r  bd_i/xdma_0/inst/pcie4_ip_i/inst/bd_xdma_0_0_pcie4_ip_gt_top_i/diablo_gt.diablo_gt_phy_wrapper/phy_clk_i/bufg_gt_userclk/I
    BUFG_GT_X1Y198       BUFG_GT (Prop_BUFG_GT_I_O)
                                                      0.130     0.215 r  bd_i/xdma_0/inst/pcie4_ip_i/inst/bd_xdma_0_0_pcie4_ip_gt_top_i/diablo_gt.diablo_gt_phy_wrapper/phy_clk_i/bufg_gt_userclk/O
    X3Y9 (CLOCK_ROOT)    net (fo=148450, routed)      3.021     3.236    bd_i/layer_0/inst/u_core/aclk
    SLR Crossing[1->2]   
    RAMB36_X7Y145        RAMB36E2                                     r  bd_i/layer_0/inst/u_core/smem_a_reg_bram_0/CLKBWRCLK
  -------------------------------------------------------------------    -------------------
    RAMB36_X7Y145        RAMB36E2 (Prop_RAMB36E2_RAMB36_CLKBWRCLK_CASDOUTB[0])
                                                      1.145     4.381 r  bd_i/layer_0/inst/u_core/smem_a_reg_bram_0/CASDOUTB[0]
                         net (fo=1, routed)           0.028     4.409    bd_i/layer_0/inst/u_core/smem_a_reg_bram_0_n_67
    RAMB36_X7Y146                                                     r  bd_i/layer_0/inst/u_core/smem_a_reg_bram_1/CASDINB[0]
    RAMB36_X7Y146        RAMB36E2 (Prop_RAMB36E2_RAMB36_CASDINB[0]_CASDOUTB[0])
                                                      0.210     4.619 r  bd_i/layer_0/inst/u_core/smem_a_reg_bram_1/CASDOUTB[0]
                         net (fo=1, routed)           0.028     4.647    bd_i/layer_0/inst/u_core/smem_a_reg_bram_1_n_67
    RAMB36_X7Y147                                                     r  bd_i/layer_0/inst/u_core/smem_a_reg_bram_2/CASDINB[0]
    RAMB36_X7Y147        RAMB36E2 (Prop_RAMB36E2_RAMB36_CASDINB[0]_CASDOUTB[0])
                                                      0.210     4.857 r  bd_i/layer_0/inst/u_core/smem_a_reg_bram_2/CASDOUTB[0]
                         net (fo=1, routed)           0.028     4.885    bd_i/layer_0/inst/u_core/smem_a_reg_bram_2_n_67
    RAMB36_X7Y148                                                     r  bd_i/layer_0/inst/u_core/smem_a_reg_bram_3/CASDINB[0]
    RAMB36_X7Y148        RAMB36E2 (Prop_RAMB36E2_RAMB36_CASDINB[0]_CASDOUTB[0])
                                                      0.210     5.095 r  bd_i/layer_0/inst/u_core/smem_a_reg_bram_3/CASDOUTB[0]
                         net (fo=1, routed)           0.028     5.123    bd_i/layer_0/inst/u_core/smem_a_reg_bram_3_n_67
    RAMB36_X7Y149                                                     r  bd_i/layer_0/inst/u_core/smem_a_reg_bram_4/CASDINB[0]
    RAMB36_X7Y149        RAMB36E2 (Prop_RAMB36E2_RAMB36_CASDINB[0]_CASDOUTB[0])
                                                      0.210     5.333 r  bd_i/layer_0/inst/u_core/smem_a_reg_bram_4/CASDOUTB[0]
                         net (fo=1, routed)           0.028     5.361    bd_i/layer_0/inst/u_core/smem_a_reg_bram_4_n_67
    RAMB36_X7Y150                                                     r  bd_i/layer_0/inst/u_core/smem_a_reg_bram_5/CASDINB[0]
    RAMB36_X7Y150        RAMB36E2 (Prop_RAMB36E2_RAMB36_CASDINB[0]_CASDOUTB[0])
                                                      0.210     5.571 r  bd_i/layer_0/inst/u_core/smem_a_reg_bram_5/CASDOUTB[0]
                         net (fo=1, routed)           0.028     5.599    bd_i/layer_0/inst/u_core/smem_a_reg_bram_5_n_67
    RAMB36_X7Y151                                                     r  bd_i/layer_0/inst/u_core/smem_a_reg_bram_6/CASDINB[0]
    RAMB36_X7Y151        RAMB36E2 (Prop_RAMB36E2_RAMB36_CASDINB[0]_CASDOUTB[0])
                                                      0.210     5.809 r  bd_i/layer_0/inst/u_core/smem_a_reg_bram_6/CASDOUTB[0]
                         net (fo=1, routed)           0.028     5.837    bd_i/layer_0/inst/u_core/smem_a_reg_bram_6_n_67
    RAMB36_X7Y152                                                     r  bd_i/layer_0/inst/u_core/smem_a_reg_bram_7/CASDINB[0]
    RAMB36_X7Y152        RAMB36E2 (Prop_RAMB36E2_RAMB36_CASDINB[0]_DOUTBDOUT[0])
                                                      0.117     5.954 r  bd_i/layer_0/inst/u_core/smem_a_reg_bram_7/DOUTBDOUT[0]
                         net (fo=5, routed)           0.691     6.645    bd_i/layer_0/inst/u_core/u_alu/cp_v32_reg[7]_0[0]
    SLICE_X89Y744                                                     r  bd_i/layer_0/inst/u_core/u_alu/fdat_reg_0_3_0_13_i_2/I2
    SLICE_X89Y744        LUT3 (Prop_C6LUT_SLICEL_I2_O)
                                                      0.035     6.680 r  bd_i/layer_0/inst/u_core/u_alu/fdat_reg_0_3_0_13_i_2/O
                         net (fo=32, routed)          0.579     7.259    bd_i/layer_0/inst/u_core/sa_q[0]
    SLICE_X85Y753        FDRE                                         r  bd_i/layer_0/inst/u_core/at_qdata_reg[0]_rep/D
  -------------------------------------------------------------------    -------------------

                         (clock xdma_0_axi_aclk rise edge)
                                                      4.000     4.000 r  
    GTYE4_CHANNEL_X1Y35  GTYE4_CHANNEL                0.000     4.000 r  bd_i/xdma_0/inst/pcie4_ip_i/inst/bd_xdma_0_0_pcie4_ip_gt_top_i/diablo_gt.diablo_gt_phy_wrapper/gt_wizard.gtwizard_top_i/bd_xdma_0_0_pcie4_ip_gt_i/inst/gen_gtwizard_gtye4_top.bd_xdma_0_0_pcie4_ip_gt_gtwizard_gtye4_inst/gen_gtwizard_gtye4.gen_channel_container[32].gen_enabled_channel.gtye4_channel_wrapper_inst/channel_inst/gtye4_channel_gen.gen_gtye4_channel_inst[3].GTYE4_CHANNEL_PRIM_INST/TXOUTCLK
                         net (fo=7, routed)           0.078     4.078    bd_i/xdma_0/inst/pcie4_ip_i/inst/bd_xdma_0_0_pcie4_ip_gt_top_i/diablo_gt.diablo_gt_phy_wrapper/phy_clk_i/GT_TXOUTCLK[0]
    BUFG_GT_X1Y198                                                    r  bd_i/xdma_0/inst/pcie4_ip_i/inst/bd_xdma_0_0_pcie4_ip_gt_top_i/diablo_gt.diablo_gt_phy_wrapper/phy_clk_i/bufg_gt_userclk/I
    BUFG_GT_X1Y198       BUFG_GT (Prop_BUFG_GT_I_O)
                                                      0.114     4.192 r  bd_i/xdma_0/inst/pcie4_ip_i/inst/bd_xdma_0_0_pcie4_ip_gt_top_i/diablo_gt.diablo_gt_phy_wrapper/phy_clk_i/bufg_gt_userclk/O
    X3Y9 (CLOCK_ROOT)    net (fo=148450, routed)      2.599     6.791    bd_i/layer_0/inst/u_core/aclk
    SLR Crossing[1->2]   
    SLICE_X85Y753        FDRE                                         r  bd_i/layer_0/inst/u_core/at_qdata_reg[0]_rep/C
                         clock pessimism              0.244     7.035    
                         clock uncertainty           -0.046     6.989    
    SLICE_X85Y753        FDRE (Setup_HFF2_SLICEL_C_D)
                                                      0.025     7.014    bd_i/layer_0/inst/u_core/at_qdata_reg[0]_rep
  -------------------------------------------------------------------
                         required time                          7.014    
                         arrival time                          -7.259    
  -------------------------------------------------------------------
                         slack                                 -0.246    

Slack (VIOLATED) :        -0.245ns  (required time - arrival time)
  Source:                 bd_i/layer_0/inst/u_core/smem_a_reg_bram_0/CLKBWRCLK
                            (rising edge-triggered cell RAMB36E2 clocked by xdma_0_axi_aclk  {rise@0.000ns fall@2.000ns period=4.000ns})
  Destination:            bd_i/layer_0/inst/u_core/u_vn/ss_acc0_i_9_replica_psdsp_1/D
                            (rising edge-triggered cell FDRE clocked by xdma_0_axi_aclk  {rise@0.000ns fall@2.000ns period=4.000ns})
  Path Group:             xdma_0_axi_aclk
  Path Type:              Setup (Max at Slow Process Corner)
  Requirement:            4.000ns  (xdma_0_axi_aclk rise@4.000ns - xdma_0_axi_aclk rise@0.000ns)
  Data Path Delay:        4.081ns  (logic 2.607ns (63.875%)  route 1.474ns (36.125%))
  Logic Levels:           8  (LUT6=1 RAMB36E2=7)
  Clock Path Skew:        -0.143ns (DCD - SCD + CPR)
    Destination Clock Delay (DCD):    2.849ns = ( 6.849 - 4.000 ) 
    Source Clock Delay      (SCD):    3.236ns
    Clock Pessimism Removal (CPR):    0.244ns
  Clock Uncertainty:      0.046ns  ((TSJ^2 + DJ^2)^1/2) / 2 + PE
    Total System Jitter     (TSJ):    0.071ns
    Discrete Jitter          (DJ):    0.060ns
    Phase Error              (PE):    0.000ns
  Clock Net Delay (Source):      3.021ns (routing 1.183ns, distribution 1.838ns)
  Clock Net Delay (Destination): 2.657ns (routing 1.071ns, distribution 1.586ns)

    Location             Delay type                Incr(ns)  Path(ns)    Netlist Resource(s)
  -------------------------------------------------------------------    -------------------
                         (clock xdma_0_axi_aclk rise edge)
                                                      0.000     0.000 r  
    GTYE4_CHANNEL_X1Y35  GTYE4_CHANNEL                0.000     0.000 r  bd_i/xdma_0/inst/pcie4_ip_i/inst/bd_xdma_0_0_pcie4_ip_gt_top_i/diablo_gt.diablo_gt_phy_wrapper/gt_wizard.gtwizard_top_i/bd_xdma_0_0_pcie4_ip_gt_i/inst/gen_gtwizard_gtye4_top.bd_xdma_0_0_pcie4_ip_gt_gtwizard_gtye4_inst/gen_gtwizard_gtye4.gen_channel_container[32].gen_enabled_channel.gtye4_channel_wrapper_inst/channel_inst/gtye4_channel_gen.gen_gtye4_channel_inst[3].GTYE4_CHANNEL_PRIM_INST/TXOUTCLK
                         net (fo=7, routed)           0.085     0.085    bd_i/xdma_0/inst/pcie4_ip_i/inst/bd_xdma_0_0_pcie4_ip_gt_top_i/diablo_gt.diablo_gt_phy_wrapper/phy_clk_i/GT_TXOUTCLK[0]
    BUFG_GT_X1Y198                                                    r  bd_i/xdma_0/inst/pcie4_ip_i/inst/bd_xdma_0_0_pcie4_ip_gt_top_i/diablo_gt.diablo_gt_phy_wrapper/phy_clk_i/bufg_gt_userclk/I
    BUFG_GT_X1Y198       BUFG_GT (Prop_BUFG_GT_I_O)
                                                      0.130     0.215 r  bd_i/xdma_0/inst/pcie4_ip_i/inst/bd_xdma_0_0_pcie4_ip_gt_top_i/diablo_gt.diablo_gt_phy_wrapper/phy_clk_i/bufg_gt_userclk/O
    X3Y9 (CLOCK_ROOT)    net (fo=148450, routed)      3.021     3.236    bd_i/layer_0/inst/u_core/aclk
    SLR Crossing[1->2]   
    RAMB36_X7Y145        RAMB36E2                                     r  bd_i/layer_0/inst/u_core/smem_a_reg_bram_0/CLKBWRCLK
  -------------------------------------------------------------------    -------------------
    RAMB36_X7Y145        RAMB36E2 (Prop_RAMB36E2_RAMB36_CLKBWRCLK_CASDOUTPB[0])
                                                      1.082     4.318 r  bd_i/layer_0/inst/u_core/smem_a_reg_bram_0/CASDOUTPB[0]
                         net (fo=1, routed)           0.031     4.349    bd_i/layer_0/inst/u_core/smem_a_reg_bram_0_n_139
    RAMB36_X7Y146                                                     r  bd_i/layer_0/inst/u_core/smem_a_reg_bram_1/CASDINPB[0]
    RAMB36_X7Y146        RAMB36E2 (Prop_RAMB36E2_RAMB36_CASDINPB[0]_CASDOUTPB[0])
                                                      0.210     4.559 r  bd_i/layer_0/inst/u_core/smem_a_reg_bram_1/CASDOUTPB[0]
                         net (fo=1, routed)           0.031     4.590    bd_i/layer_0/inst/u_core/smem_a_reg_bram_1_n_139
    RAMB36_X7Y147                                                     r  bd_i/layer_0/inst/u_core/smem_a_reg_bram_2/CASDINPB[0]
    RAMB36_X7Y147        RAMB36E2 (Prop_RAMB36E2_RAMB36_CASDINPB[0]_CASDOUTPB[0])
                                                      0.210     4.800 r  bd_i/layer_0/inst/u_core/smem_a_reg_bram_2/CASDOUTPB[0]
                         net (fo=1, routed)           0.031     4.831    bd_i/layer_0/inst/u_core/smem_a_reg_bram_2_n_139
    RAMB36_X7Y148                                                     r  bd_i/layer_0/inst/u_core/smem_a_reg_bram_3/CASDINPB[0]
    RAMB36_X7Y148        RAMB36E2 (Prop_RAMB36E2_RAMB36_CASDINPB[0]_CASDOUTPB[0])
                                                      0.210     5.041 r  bd_i/layer_0/inst/u_core/smem_a_reg_bram_3/CASDOUTPB[0]
                         net (fo=1, routed)           0.031     5.072    bd_i/layer_0/inst/u_core/smem_a_reg_bram_3_n_139
    RAMB36_X7Y149                                                     r  bd_i/layer_0/inst/u_core/smem_a_reg_bram_4/CASDINPB[0]
    RAMB36_X7Y149        RAMB36E2 (Prop_RAMB36E2_RAMB36_CASDINPB[0]_CASDOUTPB[0])
                                                      0.210     5.282 r  bd_i/layer_0/inst/u_core/smem_a_reg_bram_4/CASDOUTPB[0]
                         net (fo=1, routed)           0.031     5.313    bd_i/layer_0/inst/u_core/smem_a_reg_bram_4_n_139
    RAMB36_X7Y150                                                     r  bd_i/layer_0/inst/u_core/smem_a_reg_bram_5/CASDINPB[0]
    RAMB36_X7Y150        RAMB36E2 (Prop_RAMB36E2_RAMB36_CASDINPB[0]_CASDOUTPB[0])
                                                      0.210     5.523 r  bd_i/layer_0/inst/u_core/smem_a_reg_bram_5/CASDOUTPB[0]
                         net (fo=1, routed)           0.031     5.554    bd_i/layer_0/inst/u_core/smem_a_reg_bram_5_n_139
    RAMB36_X7Y151                                                     r  bd_i/layer_0/inst/u_core/smem_a_reg_bram_6/CASDINPB[0]
    RAMB36_X7Y151        RAMB36E2 (Prop_RAMB36E2_RAMB36_CASDINPB[0]_CASDOUTPB[0])
                                                      0.210     5.764 r  bd_i/layer_0/inst/u_core/smem_a_reg_bram_6/CASDOUTPB[0]
                         net (fo=1, routed)           0.031     5.795    bd_i/layer_0/inst/u_core/smem_a_reg_bram_6_n_139
    RAMB36_X7Y152                                                     r  bd_i/layer_0/inst/u_core/smem_a_reg_bram_7/CASDINPB[0]
    RAMB36_X7Y152        RAMB36E2 (Prop_RAMB36E2_RAMB36_CASDINPB[0]_DOUTPBDOUTP[0])
                                                      0.117     5.912 r  bd_i/layer_0/inst/u_core/smem_a_reg_bram_7/DOUTPBDOUTP[0]
                         net (fo=11, routed)          1.058     6.970    bd_i/layer_0/inst/u_core/u_vn/vn_sdata_reg[8][0]
    SLICE_X79Y734                                                     r  bd_i/layer_0/inst/u_core/u_vn/ss_acc0_i_9_replica/I2
    SLICE_X79Y734        LUT6 (Prop_F6LUT_SLICEL_I2_O)
                                                      0.148     7.118 r  bd_i/layer_0/inst/u_core/u_vn/ss_acc0_i_9_replica/O
                         net (fo=2, routed)           0.200     7.317    bd_i/layer_0/inst/u_core/u_vn/B[8]_repN
    SLICE_X79Y732        FDRE                                         r  bd_i/layer_0/inst/u_core/u_vn/ss_acc0_i_9_replica_psdsp_1/D
  -------------------------------------------------------------------    -------------------

                         (clock xdma_0_axi_aclk rise edge)
                                                      4.000     4.000 r  
    GTYE4_CHANNEL_X1Y35  GTYE4_CHANNEL                0.000     4.000 r  bd_i/xdma_0/inst/pcie4_ip_i/inst/bd_xdma_0_0_pcie4_ip_gt_top_i/diablo_gt.diablo_gt_phy_wrapper/gt_wizard.gtwizard_top_i/bd_xdma_0_0_pcie4_ip_gt_i/inst/gen_gtwizard_gtye4_top.bd_xdma_0_0_pcie4_ip_gt_gtwizard_gtye4_inst/gen_gtwizard_gtye4.gen_channel_container[32].gen_enabled_channel.gtye4_channel_wrapper_inst/channel_inst/gtye4_channel_gen.gen_gtye4_channel_inst[3].GTYE4_CHANNEL_PRIM_INST/TXOUTCLK
                         net (fo=7, routed)           0.078     4.078    bd_i/xdma_0/inst/pcie4_ip_i/inst/bd_xdma_0_0_pcie4_ip_gt_top_i/diablo_gt.diablo_gt_phy_wrapper/phy_clk_i/GT_TXOUTCLK[0]
    BUFG_GT_X1Y198                                                    r  bd_i/xdma_0/inst/pcie4_ip_i/inst/bd_xdma_0_0_pcie4_ip_gt_top_i/diablo_gt.diablo_gt_phy_wrapper/phy_clk_i/bufg_gt_userclk/I
    BUFG_GT_X1Y198       BUFG_GT (Prop_BUFG_GT_I_O)
                                                      0.114     4.192 r  bd_i/xdma_0/inst/pcie4_ip_i/inst/bd_xdma_0_0_pcie4_ip_gt_top_i/diablo_gt.diablo_gt_phy_wrapper/phy_clk_i/bufg_gt_userclk/O
    X3Y9 (CLOCK_ROOT)    net (fo=148450, routed)      2.657     6.849    bd_i/layer_0/inst/u_core/u_vn/aclk
    SLR Crossing[1->2]   
    SLICE_X79Y732        FDRE                                         r  bd_i/layer_0/inst/u_core/u_vn/ss_acc0_i_9_replica_psdsp_1/C
                         clock pessimism              0.244     7.093    
                         clock uncertainty           -0.046     7.047    
    SLICE_X79Y732        FDRE (Setup_FFF2_SLICEL_C_D)
                                                      0.025     7.072    bd_i/layer_0/inst/u_core/u_vn/ss_acc0_i_9_replica_psdsp_1
  -------------------------------------------------------------------
                         required time                          7.072    
                         arrival time                          -7.317    
  -------------------------------------------------------------------
                         slack                                 -0.245    

Slack (VIOLATED) :        -0.244ns  (required time - arrival time)
  Source:                 bd_i/layer_0/inst/u_core/u_dn/vdata_q_reg[10]_rep__10/C
                            (rising edge-triggered cell FDRE clocked by xdma_0_axi_aclk  {rise@0.000ns fall@2.000ns period=4.000ns})
  Destination:            bd_i/layer_0/inst/u_core/u_dn/p_1_out__24__3/DSP_PREADD_DATA_INST/DIN[10]
                            (rising edge-triggered cell DSP_PREADD_DATA clocked by xdma_0_axi_aclk  {rise@0.000ns fall@2.000ns period=4.000ns})
  Path Group:             xdma_0_axi_aclk
  Path Type:              Setup (Max at Slow Process Corner)
  Requirement:            4.000ns  (xdma_0_axi_aclk rise@4.000ns - xdma_0_axi_aclk rise@0.000ns)
  Data Path Delay:        3.829ns  (logic 0.081ns (2.115%)  route 3.748ns (97.885%))
  Logic Levels:           0  
  Clock Path Skew:        -0.138ns (DCD - SCD + CPR)
    Destination Clock Delay (DCD):    2.890ns = ( 6.890 - 4.000 ) 
    Source Clock Delay      (SCD):    3.192ns
    Clock Pessimism Removal (CPR):    0.164ns
  Clock Uncertainty:      0.046ns  ((TSJ^2 + DJ^2)^1/2) / 2 + PE
    Total System Jitter     (TSJ):    0.071ns
    Discrete Jitter          (DJ):    0.060ns
    Phase Error              (PE):    0.000ns
  Clock Net Delay (Source):      2.977ns (routing 1.183ns, distribution 1.794ns)
  Clock Net Delay (Destination): 2.698ns (routing 1.071ns, distribution 1.627ns)

    Location             Delay type                Incr(ns)  Path(ns)    Netlist Resource(s)
  -------------------------------------------------------------------    -------------------
                         (clock xdma_0_axi_aclk rise edge)
                                                      0.000     0.000 r  
    GTYE4_CHANNEL_X1Y35  GTYE4_CHANNEL                0.000     0.000 r  bd_i/xdma_0/inst/pcie4_ip_i/inst/bd_xdma_0_0_pcie4_ip_gt_top_i/diablo_gt.diablo_gt_phy_wrapper/gt_wizard.gtwizard_top_i/bd_xdma_0_0_pcie4_ip_gt_i/inst/gen_gtwizard_gtye4_top.bd_xdma_0_0_pcie4_ip_gt_gtwizard_gtye4_inst/gen_gtwizard_gtye4.gen_channel_container[32].gen_enabled_channel.gtye4_channel_wrapper_inst/channel_inst/gtye4_channel_gen.gen_gtye4_channel_inst[3].GTYE4_CHANNEL_PRIM_INST/TXOUTCLK
                         net (fo=7, routed)           0.085     0.085    bd_i/xdma_0/inst/pcie4_ip_i/inst/bd_xdma_0_0_pcie4_ip_gt_top_i/diablo_gt.diablo_gt_phy_wrapper/phy_clk_i/GT_TXOUTCLK[0]
    BUFG_GT_X1Y198                                                    r  bd_i/xdma_0/inst/pcie4_ip_i/inst/bd_xdma_0_0_pcie4_ip_gt_top_i/diablo_gt.diablo_gt_phy_wrapper/phy_clk_i/bufg_gt_userclk/I
    BUFG_GT_X1Y198       BUFG_GT (Prop_BUFG_GT_I_O)
                                                      0.130     0.215 r  bd_i/xdma_0/inst/pcie4_ip_i/inst/bd_xdma_0_0_pcie4_ip_gt_top_i/diablo_gt.diablo_gt_phy_wrapper/phy_clk_i/bufg_gt_userclk/O
    X3Y9 (CLOCK_ROOT)    net (fo=148450, routed)      2.977     3.192    bd_i/layer_0/inst/u_core/u_dn/aclk
    SLR Crossing[1->2]   
    SLICE_X73Y821        FDRE                                         r  bd_i/layer_0/inst/u_core/u_dn/vdata_q_reg[10]_rep__10/C
  -------------------------------------------------------------------    -------------------
    SLICE_X73Y821        FDRE (Prop_EFF2_SLICEL_C_Q)
                                                      0.081     3.273 r  bd_i/layer_0/inst/u_core/u_dn/vdata_q_reg[10]_rep__10/Q
                         net (fo=27, routed)          3.748     7.021    bd_i/layer_0/inst/u_core/u_dn/p_1_out__24__3/D[10]
    DSP48E2_X14Y287      DSP_PREADD_DATA                              r  bd_i/layer_0/inst/u_core/u_dn/p_1_out__24__3/DSP_PREADD_DATA_INST/DIN[10]
  -------------------------------------------------------------------    -------------------

                         (clock xdma_0_axi_aclk rise edge)
                                                      4.000     4.000 r  
    GTYE4_CHANNEL_X1Y35  GTYE4_CHANNEL                0.000     4.000 r  bd_i/xdma_0/inst/pcie4_ip_i/inst/bd_xdma_0_0_pcie4_ip_gt_top_i/diablo_gt.diablo_gt_phy_wrapper/gt_wizard.gtwizard_top_i/bd_xdma_0_0_pcie4_ip_gt_i/inst/gen_gtwizard_gtye4_top.bd_xdma_0_0_pcie4_ip_gt_gtwizard_gtye4_inst/gen_gtwizard_gtye4.gen_channel_container[32].gen_enabled_channel.gtye4_channel_wrapper_inst/channel_inst/gtye4_channel_gen.gen_gtye4_channel_inst[3].GTYE4_CHANNEL_PRIM_INST/TXOUTCLK
                         net (fo=7, routed)           0.078     4.078    bd_i/xdma_0/inst/pcie4_ip_i/inst/bd_xdma_0_0_pcie4_ip_gt_top_i/diablo_gt.diablo_gt_phy_wrapper/phy_clk_i/GT_TXOUTCLK[0]
    BUFG_GT_X1Y198                                                    r  bd_i/xdma_0/inst/pcie4_ip_i/inst/bd_xdma_0_0_pcie4_ip_gt_top_i/diablo_gt.diablo_gt_phy_wrapper/phy_clk_i/bufg_gt_userclk/I
    BUFG_GT_X1Y198       BUFG_GT (Prop_BUFG_GT_I_O)
                                                      0.114     4.192 r  bd_i/xdma_0/inst/pcie4_ip_i/inst/bd_xdma_0_0_pcie4_ip_gt_top_i/diablo_gt.diablo_gt_phy_wrapper/phy_clk_i/bufg_gt_userclk/O
    X3Y9 (CLOCK_ROOT)    net (fo=148450, routed)      2.698     6.890    bd_i/layer_0/inst/u_core/u_dn/p_1_out__24__3/CLK
    SLR Crossing[1->2]   
    DSP48E2_X14Y287      DSP_PREADD_DATA                              r  bd_i/layer_0/inst/u_core/u_dn/p_1_out__24__3/DSP_PREADD_DATA_INST/CLK
                         clock pessimism              0.164     7.054    
                         clock uncertainty           -0.046     7.007    
    DSP48E2_X14Y287      DSP_PREADD_DATA (Setup_DSP_PREADD_DATA_DSP48E2_CLK_DIN[10])
                                                     -0.230     6.777    bd_i/layer_0/inst/u_core/u_dn/p_1_out__24__3/DSP_PREADD_DATA_INST
  -------------------------------------------------------------------
                         required time                          6.777    
                         arrival time                          -7.021    
  -------------------------------------------------------------------
                         slack                                 -0.244    

Slack (VIOLATED) :        -0.244ns  (required time - arrival time)
  Source:                 bd_i/layer_0/inst/u_core/dma_kind_reg[1]_rep__6/C
                            (rising edge-triggered cell FDRE clocked by xdma_0_axi_aclk  {rise@0.000ns fall@2.000ns period=4.000ns})
  Destination:            bd_i/layer_0/inst/u_core/u_dma/fmem_reg_0_255_220_220/DP.D/I
                            (rising edge-triggered cell RAMD64E clocked by xdma_0_axi_aclk  {rise@0.000ns fall@2.000ns period=4.000ns})
  Path Group:             xdma_0_axi_aclk
  Path Type:              Setup (Max at Slow Process Corner)
  Requirement:            4.000ns  (xdma_0_axi_aclk rise@4.000ns - xdma_0_axi_aclk rise@0.000ns)
  Data Path Delay:        4.104ns  (logic 0.482ns (11.745%)  route 3.622ns (88.255%))
  Logic Levels:           4  (LUT4=2 LUT6=2)
  Clock Path Skew:        -0.038ns (DCD - SCD + CPR)
    Destination Clock Delay (DCD):    2.861ns = ( 6.861 - 4.000 ) 
    Source Clock Delay      (SCD):    3.144ns
    Clock Pessimism Removal (CPR):    0.245ns
  Clock Uncertainty:      0.046ns  ((TSJ^2 + DJ^2)^1/2) / 2 + PE
    Total System Jitter     (TSJ):    0.071ns
    Discrete Jitter          (DJ):    0.060ns
    Phase Error              (PE):    0.000ns
  Clock Net Delay (Source):      2.929ns (routing 1.183ns, distribution 1.746ns)
  Clock Net Delay (Destination): 2.669ns (routing 1.071ns, distribution 1.598ns)

    Location             Delay type                Incr(ns)  Path(ns)    Netlist Resource(s)
  -------------------------------------------------------------------    -------------------
                         (clock xdma_0_axi_aclk rise edge)
                                                      0.000     0.000 r  
    GTYE4_CHANNEL_X1Y35  GTYE4_CHANNEL                0.000     0.000 r  bd_i/xdma_0/inst/pcie4_ip_i/inst/bd_xdma_0_0_pcie4_ip_gt_top_i/diablo_gt.diablo_gt_phy_wrapper/gt_wizard.gtwizard_top_i/bd_xdma_0_0_pcie4_ip_gt_i/inst/gen_gtwizard_gtye4_top.bd_xdma_0_0_pcie4_ip_gt_gtwizard_gtye4_inst/gen_gtwizard_gtye4.gen_channel_container[32].gen_enabled_channel.gtye4_channel_wrapper_inst/channel_inst/gtye4_channel_gen.gen_gtye4_channel_inst[3].GTYE4_CHANNEL_PRIM_INST/TXOUTCLK
                         net (fo=7, routed)           0.085     0.085    bd_i/xdma_0/inst/pcie4_ip_i/inst/bd_xdma_0_0_pcie4_ip_gt_top_i/diablo_gt.diablo_gt_phy_wrapper/phy_clk_i/GT_TXOUTCLK[0]
    BUFG_GT_X1Y198                                                    r  bd_i/xdma_0/inst/pcie4_ip_i/inst/bd_xdma_0_0_pcie4_ip_gt_top_i/diablo_gt.diablo_gt_phy_wrapper/phy_clk_i/bufg_gt_userclk/I
    BUFG_GT_X1Y198       BUFG_GT (Prop_BUFG_GT_I_O)
                                                      0.130     0.215 r  bd_i/xdma_0/inst/pcie4_ip_i/inst/bd_xdma_0_0_pcie4_ip_gt_top_i/diablo_gt.diablo_gt_phy_wrapper/phy_clk_i/bufg_gt_userclk/O
    X3Y9 (CLOCK_ROOT)    net (fo=148450, routed)      2.929     3.144    bd_i/layer_0/inst/u_core/aclk
    SLR Crossing[1->2]   
    SLICE_X81Y771        FDRE                                         r  bd_i/layer_0/inst/u_core/dma_kind_reg[1]_rep__6/C
  -------------------------------------------------------------------    -------------------
    SLICE_X81Y771        FDRE (Prop_EFF_SLICEM_C_Q)
                                                      0.076     3.220 f  bd_i/layer_0/inst/u_core/dma_kind_reg[1]_rep__6/Q
                         net (fo=227, routed)         1.415     4.635    bd_i/layer_0/inst/u_core/u_dma/fmem_reg_0_255_242_242_i_8_0
    SLICE_X47Y776                                                     f  bd_i/layer_0/inst/u_core/u_dma/fmem_reg_0_255_220_220_i_11/I3
    SLICE_X47Y776        LUT4 (Prop_F6LUT_SLICEM_I3_O)
                                                      0.098     4.733 r  bd_i/layer_0/inst/u_core/u_dma/fmem_reg_0_255_220_220_i_11/O
                         net (fo=1, routed)           1.054     5.787    bd_i/layer_0/inst/u_core/u_dma/fmem_reg_0_255_220_220_i_11_n_0
    SLICE_X63Y776                                                     r  bd_i/layer_0/inst/u_core/u_dma/fmem_reg_0_255_220_220_i_8/I3
    SLICE_X63Y776        LUT4 (Prop_A6LUT_SLICEL_I3_O)
                                                      0.035     5.822 r  bd_i/layer_0/inst/u_core/u_dma/fmem_reg_0_255_220_220_i_8/O
                         net (fo=1, routed)           0.492     6.314    bd_i/layer_0/inst/u_core/u_dma/fmem_reg_0_255_220_220_i_8_n_0
    SLICE_X74Y765                                                     r  bd_i/layer_0/inst/u_core/u_dma/fmem_reg_0_255_220_220_i_2/I4
    SLICE_X74Y765        LUT6 (Prop_C6LUT_SLICEM_I4_O)
                                                      0.123     6.437 f  bd_i/layer_0/inst/u_core/u_dma/fmem_reg_0_255_220_220_i_2/O
                         net (fo=1, routed)           0.220     6.657    bd_i/layer_0/inst/u_core/u_dma/fmem_reg_0_255_220_220_i_2_n_0
    SLICE_X75Y759                                                     f  bd_i/layer_0/inst/u_core/u_dma/fmem_reg_0_255_220_220_i_1/I0
    SLICE_X75Y759        LUT6 (Prop_H6LUT_SLICEL_I0_O)
                                                      0.150     6.807 r  bd_i/layer_0/inst/u_core/u_dma/fmem_reg_0_255_220_220_i_1/O
                         net (fo=8, routed)           0.441     7.248    bd_i/layer_0/inst/u_core/u_dma/fmem_reg_0_255_220_220/D
    SLICE_X74Y755        RAMD64E                                      r  bd_i/layer_0/inst/u_core/u_dma/fmem_reg_0_255_220_220/DP.D/I
  -------------------------------------------------------------------    -------------------

                         (clock xdma_0_axi_aclk rise edge)
                                                      4.000     4.000 r  
    GTYE4_CHANNEL_X1Y35  GTYE4_CHANNEL                0.000     4.000 r  bd_i/xdma_0/inst/pcie4_ip_i/inst/bd_xdma_0_0_pcie4_ip_gt_top_i/diablo_gt.diablo_gt_phy_wrapper/gt_wizard.gtwizard_top_i/bd_xdma_0_0_pcie4_ip_gt_i/inst/gen_gtwizard_gtye4_top.bd_xdma_0_0_pcie4_ip_gt_gtwizard_gtye4_inst/gen_gtwizard_gtye4.gen_channel_container[32].gen_enabled_channel.gtye4_channel_wrapper_inst/channel_inst/gtye4_channel_gen.gen_gtye4_channel_inst[3].GTYE4_CHANNEL_PRIM_INST/TXOUTCLK
                         net (fo=7, routed)           0.078     4.078    bd_i/xdma_0/inst/pcie4_ip_i/inst/bd_xdma_0_0_pcie4_ip_gt_top_i/diablo_gt.diablo_gt_phy_wrapper/phy_clk_i/GT_TXOUTCLK[0]
    BUFG_GT_X1Y198                                                    r  bd_i/xdma_0/inst/pcie4_ip_i/inst/bd_xdma_0_0_pcie4_ip_gt_top_i/diablo_gt.diablo_gt_phy_wrapper/phy_clk_i/bufg_gt_userclk/I
    BUFG_GT_X1Y198       BUFG_GT (Prop_BUFG_GT_I_O)
                                                      0.114     4.192 r  bd_i/xdma_0/inst/pcie4_ip_i/inst/bd_xdma_0_0_pcie4_ip_gt_top_i/diablo_gt.diablo_gt_phy_wrapper/phy_clk_i/bufg_gt_userclk/O
    X3Y9 (CLOCK_ROOT)    net (fo=148450, routed)      2.669     6.861    bd_i/layer_0/inst/u_core/u_dma/fmem_reg_0_255_220_220/WCLK
    SLR Crossing[1->2]   
    SLICE_X74Y755        RAMD64E                                      r  bd_i/layer_0/inst/u_core/u_dma/fmem_reg_0_255_220_220/DP.D/CLK
                         clock pessimism              0.245     7.106    
                         clock uncertainty           -0.046     7.060    
    SLICE_X74Y755        RAMD64E (Setup_A6LUT_SLICEM_CLK_I)
                                                     -0.056     7.004    bd_i/layer_0/inst/u_core/u_dma/fmem_reg_0_255_220_220/DP.D
  -------------------------------------------------------------------
                         required time                          7.004    
                         arrival time                          -7.248    
  -------------------------------------------------------------------
                         slack                                 -0.244    

Slack (VIOLATED) :        -0.244ns  (required time - arrival time)
  Source:                 bd_i/layer_0/inst/u_core/kb_i_reg[4]_rep__0/C
                            (rising edge-triggered cell FDRE clocked by xdma_0_axi_aclk  {rise@0.000ns fall@2.000ns period=4.000ns})
  Destination:            bd_i/layer_0/inst/u_core/krow_reg[1059]/R
                            (rising edge-triggered cell FDRE clocked by xdma_0_axi_aclk  {rise@0.000ns fall@2.000ns period=4.000ns})
  Path Group:             xdma_0_axi_aclk
  Path Type:              Setup (Max at Slow Process Corner)
  Requirement:            4.000ns  (xdma_0_axi_aclk rise@4.000ns - xdma_0_axi_aclk rise@0.000ns)
  Data Path Delay:        4.342ns  (logic 0.512ns (11.793%)  route 3.830ns (88.207%))
  Logic Levels:           4  (LUT2=1 LUT4=1 LUT6=2)
  Clock Path Skew:        0.218ns (DCD - SCD + CPR)
    Destination Clock Delay (DCD):    3.152ns = ( 7.152 - 4.000 ) 
    Source Clock Delay      (SCD):    3.187ns
    Clock Pessimism Removal (CPR):    0.253ns
  Clock Uncertainty:      0.046ns  ((TSJ^2 + DJ^2)^1/2) / 2 + PE
    Total System Jitter     (TSJ):    0.071ns
    Discrete Jitter          (DJ):    0.060ns
    Phase Error              (PE):    0.000ns
  Clock Net Delay (Source):      2.972ns (routing 1.183ns, distribution 1.789ns)
  Clock Net Delay (Destination): 2.960ns (routing 1.071ns, distribution 1.889ns)

    Location             Delay type                Incr(ns)  Path(ns)    Netlist Resource(s)
  -------------------------------------------------------------------    -------------------
                         (clock xdma_0_axi_aclk rise edge)
                                                      0.000     0.000 r  
    GTYE4_CHANNEL_X1Y35  GTYE4_CHANNEL                0.000     0.000 r  bd_i/xdma_0/inst/pcie4_ip_i/inst/bd_xdma_0_0_pcie4_ip_gt_top_i/diablo_gt.diablo_gt_phy_wrapper/gt_wizard.gtwizard_top_i/bd_xdma_0_0_pcie4_ip_gt_i/inst/gen_gtwizard_gtye4_top.bd_xdma_0_0_pcie4_ip_gt_gtwizard_gtye4_inst/gen_gtwizard_gtye4.gen_channel_container[32].gen_enabled_channel.gtye4_channel_wrapper_inst/channel_inst/gtye4_channel_gen.gen_gtye4_channel_inst[3].GTYE4_CHANNEL_PRIM_INST/TXOUTCLK
                         net (fo=7, routed)           0.085     0.085    bd_i/xdma_0/inst/pcie4_ip_i/inst/bd_xdma_0_0_pcie4_ip_gt_top_i/diablo_gt.diablo_gt_phy_wrapper/phy_clk_i/GT_TXOUTCLK[0]
    BUFG_GT_X1Y198                                                    r  bd_i/xdma_0/inst/pcie4_ip_i/inst/bd_xdma_0_0_pcie4_ip_gt_top_i/diablo_gt.diablo_gt_phy_wrapper/phy_clk_i/bufg_gt_userclk/I
    BUFG_GT_X1Y198       BUFG_GT (Prop_BUFG_GT_I_O)
                                                      0.130     0.215 r  bd_i/xdma_0/inst/pcie4_ip_i/inst/bd_xdma_0_0_pcie4_ip_gt_top_i/diablo_gt.diablo_gt_phy_wrapper/phy_clk_i/bufg_gt_userclk/O
    X3Y9 (CLOCK_ROOT)    net (fo=148450, routed)      2.972     3.187    bd_i/layer_0/inst/u_core/aclk
    SLR Crossing[1->2]   
    SLICE_X84Y788        FDRE                                         r  bd_i/layer_0/inst/u_core/kb_i_reg[4]_rep__0/C
  -------------------------------------------------------------------    -------------------
    SLICE_X84Y788        FDRE (Prop_FFF_SLICEM_C_Q)
                                                      0.076     3.263 f  bd_i/layer_0/inst/u_core/kb_i_reg[4]_rep__0/Q
                         net (fo=207, routed)         0.773     4.036    bd_i/layer_0/inst/u_core/kb_i_reg[4]_rep__0_n_0
    SLICE_X88Y781                                                     f  bd_i/layer_0/inst/u_core/krow[1151]_i_3/I0
    SLICE_X88Y781        LUT4 (Prop_F6LUT_SLICEM_I0_O)
                                                      0.098     4.134 r  bd_i/layer_0/inst/u_core/krow[1151]_i_3/O
                         net (fo=64, routed)          1.664     5.798    bd_i/layer_0/inst/u_core/krow[1151]_i_3_n_0
    SLICE_X40Y788                                                     r  bd_i/layer_0/inst/u_core/krow[1062]_i_4/I5
    SLICE_X40Y788        LUT6 (Prop_H6LUT_SLICEM_I5_O)
                                                      0.125     5.923 r  bd_i/layer_0/inst/u_core/krow[1062]_i_4/O
                         net (fo=1, routed)           0.160     6.083    bd_i/layer_0/inst/u_core/krow[1062]_i_4_n_0
    SLICE_X41Y788                                                     r  bd_i/layer_0/inst/u_core/krow[1062]_i_3/I1
    SLICE_X41Y788        LUT2 (Prop_E6LUT_SLICEL_I1_O)
                                                      0.123     6.206 r  bd_i/layer_0/inst/u_core/krow[1062]_i_3/O
                         net (fo=4, routed)           0.781     6.987    bd_i/layer_0/inst/u_core/krow[1062]
    SLICE_X29Y792                                                     r  bd_i/layer_0/inst/u_core/krow[1062]_i_1/I0
    SLICE_X29Y792        LUT6 (Prop_H6LUT_SLICEL_I0_O)
                                                      0.090     7.077 r  bd_i/layer_0/inst/u_core/krow[1062]_i_1/O
                         net (fo=4, routed)           0.452     7.529    bd_i/layer_0/inst/u_core/krow[1062]_i_1_n_0
    SLICE_X22Y793        FDRE                                         r  bd_i/layer_0/inst/u_core/krow_reg[1059]/R
  -------------------------------------------------------------------    -------------------

                         (clock xdma_0_axi_aclk rise edge)
                                                      4.000     4.000 r  
    GTYE4_CHANNEL_X1Y35  GTYE4_CHANNEL                0.000     4.000 r  bd_i/xdma_0/inst/pcie4_ip_i/inst/bd_xdma_0_0_pcie4_ip_gt_top_i/diablo_gt.diablo_gt_phy_wrapper/gt_wizard.gtwizard_top_i/bd_xdma_0_0_pcie4_ip_gt_i/inst/gen_gtwizard_gtye4_top.bd_xdma_0_0_pcie4_ip_gt_gtwizard_gtye4_inst/gen_gtwizard_gtye4.gen_channel_container[32].gen_enabled_channel.gtye4_channel_wrapper_inst/channel_inst/gtye4_channel_gen.gen_gtye4_channel_inst[3].GTYE4_CHANNEL_PRIM_INST/TXOUTCLK
                         net (fo=7, routed)           0.078     4.078    bd_i/xdma_0/inst/pcie4_ip_i/inst/bd_xdma_0_0_pcie4_ip_gt_top_i/diablo_gt.diablo_gt_phy_wrapper/phy_clk_i/GT_TXOUTCLK[0]
    BUFG_GT_X1Y198                                                    r  bd_i/xdma_0/inst/pcie4_ip_i/inst/bd_xdma_0_0_pcie4_ip_gt_top_i/diablo_gt.diablo_gt_phy_wrapper/phy_clk_i/bufg_gt_userclk/I
    BUFG_GT_X1Y198       BUFG_GT (Prop_BUFG_GT_I_O)
                                                      0.114     4.192 r  bd_i/xdma_0/inst/pcie4_ip_i/inst/bd_xdma_0_0_pcie4_ip_gt_top_i/diablo_gt.diablo_gt_phy_wrapper/phy_clk_i/bufg_gt_userclk/O
    X3Y9 (CLOCK_ROOT)    net (fo=148450, routed)      2.960     7.152    bd_i/layer_0/inst/u_core/aclk
    SLR Crossing[1->2]   
    SLICE_X22Y793        FDRE                                         r  bd_i/layer_0/inst/u_core/krow_reg[1059]/C
                         clock pessimism              0.253     7.405    
                         clock uncertainty           -0.046     7.359    
    SLICE_X22Y793        FDRE (Setup_EFF_SLICEM_C_R)
                                                     -0.074     7.285    bd_i/layer_0/inst/u_core/krow_reg[1059]
  -------------------------------------------------------------------
                         required time                          7.285    
                         arrival time                          -7.529    
  -------------------------------------------------------------------
                         slack                                 -0.244    

Slack (VIOLATED) :        -0.244ns  (required time - arrival time)
  Source:                 bd_i/layer_0/inst/u_core/kb_i_reg[4]_rep__0/C
                            (rising edge-triggered cell FDRE clocked by xdma_0_axi_aclk  {rise@0.000ns fall@2.000ns period=4.000ns})
  Destination:            bd_i/layer_0/inst/u_core/krow_reg[1061]/R
                            (rising edge-triggered cell FDRE clocked by xdma_0_axi_aclk  {rise@0.000ns fall@2.000ns period=4.000ns})
  Path Group:             xdma_0_axi_aclk
  Path Type:              Setup (Max at Slow Process Corner)
  Requirement:            4.000ns  (xdma_0_axi_aclk rise@4.000ns - xdma_0_axi_aclk rise@0.000ns)
  Data Path Delay:        4.342ns  (logic 0.512ns (11.793%)  route 3.830ns (88.207%))
  Logic Levels:           4  (LUT2=1 LUT4=1 LUT6=2)
  Clock Path Skew:        0.218ns (DCD - SCD + CPR)
    Destination Clock Delay (DCD):    3.152ns = ( 7.152 - 4.000 ) 
    Source Clock Delay      (SCD):    3.187ns
    Clock Pessimism Removal (CPR):    0.253ns
  Clock Uncertainty:      0.046ns  ((TSJ^2 + DJ^2)^1/2) / 2 + PE
    Total System Jitter     (TSJ):    0.071ns
    Discrete Jitter          (DJ):    0.060ns
    Phase Error              (PE):    0.000ns
  Clock Net Delay (Source):      2.972ns (routing 1.183ns, distribution 1.789ns)
  Clock Net Delay (Destination): 2.960ns (routing 1.071ns, distribution 1.889ns)

    Location             Delay type                Incr(ns)  Path(ns)    Netlist Resource(s)
  -------------------------------------------------------------------    -------------------
                         (clock xdma_0_axi_aclk rise edge)
                                                      0.000     0.000 r  
    GTYE4_CHANNEL_X1Y35  GTYE4_CHANNEL                0.000     0.000 r  bd_i/xdma_0/inst/pcie4_ip_i/inst/bd_xdma_0_0_pcie4_ip_gt_top_i/diablo_gt.diablo_gt_phy_wrapper/gt_wizard.gtwizard_top_i/bd_xdma_0_0_pcie4_ip_gt_i/inst/gen_gtwizard_gtye4_top.bd_xdma_0_0_pcie4_ip_gt_gtwizard_gtye4_inst/gen_gtwizard_gtye4.gen_channel_container[32].gen_enabled_channel.gtye4_channel_wrapper_inst/channel_inst/gtye4_channel_gen.gen_gtye4_channel_inst[3].GTYE4_CHANNEL_PRIM_INST/TXOUTCLK
                         net (fo=7, routed)           0.085     0.085    bd_i/xdma_0/inst/pcie4_ip_i/inst/bd_xdma_0_0_pcie4_ip_gt_top_i/diablo_gt.diablo_gt_phy_wrapper/phy_clk_i/GT_TXOUTCLK[0]
    BUFG_GT_X1Y198                                                    r  bd_i/xdma_0/inst/pcie4_ip_i/inst/bd_xdma_0_0_pcie4_ip_gt_top_i/diablo_gt.diablo_gt_phy_wrapper/phy_clk_i/bufg_gt_userclk/I
    BUFG_GT_X1Y198       BUFG_GT (Prop_BUFG_GT_I_O)
                                                      0.130     0.215 r  bd_i/xdma_0/inst/pcie4_ip_i/inst/bd_xdma_0_0_pcie4_ip_gt_top_i/diablo_gt.diablo_gt_phy_wrapper/phy_clk_i/bufg_gt_userclk/O
    X3Y9 (CLOCK_ROOT)    net (fo=148450, routed)      2.972     3.187    bd_i/layer_0/inst/u_core/aclk
    SLR Crossing[1->2]   
    SLICE_X84Y788        FDRE                                         r  bd_i/layer_0/inst/u_core/kb_i_reg[4]_rep__0/C
  -------------------------------------------------------------------    -------------------
    SLICE_X84Y788        FDRE (Prop_FFF_SLICEM_C_Q)
                                                      0.076     3.263 f  bd_i/layer_0/inst/u_core/kb_i_reg[4]_rep__0/Q
                         net (fo=207, routed)         0.773     4.036    bd_i/layer_0/inst/u_core/kb_i_reg[4]_rep__0_n_0
    SLICE_X88Y781                                                     f  bd_i/layer_0/inst/u_core/krow[1151]_i_3/I0
    SLICE_X88Y781        LUT4 (Prop_F6LUT_SLICEM_I0_O)
                                                      0.098     4.134 r  bd_i/layer_0/inst/u_core/krow[1151]_i_3/O
                         net (fo=64, routed)          1.664     5.798    bd_i/layer_0/inst/u_core/krow[1151]_i_3_n_0
    SLICE_X40Y788                                                     r  bd_i/layer_0/inst/u_core/krow[1062]_i_4/I5
    SLICE_X40Y788        LUT6 (Prop_H6LUT_SLICEM_I5_O)
                                                      0.125     5.923 r  bd_i/layer_0/inst/u_core/krow[1062]_i_4/O
                         net (fo=1, routed)           0.160     6.083    bd_i/layer_0/inst/u_core/krow[1062]_i_4_n_0
    SLICE_X41Y788                                                     r  bd_i/layer_0/inst/u_core/krow[1062]_i_3/I1
    SLICE_X41Y788        LUT2 (Prop_E6LUT_SLICEL_I1_O)
                                                      0.123     6.206 r  bd_i/layer_0/inst/u_core/krow[1062]_i_3/O
                         net (fo=4, routed)           0.781     6.987    bd_i/layer_0/inst/u_core/krow[1062]
    SLICE_X29Y792                                                     r  bd_i/layer_0/inst/u_core/krow[1062]_i_1/I0
    SLICE_X29Y792        LUT6 (Prop_H6LUT_SLICEL_I0_O)
                                                      0.090     7.077 r  bd_i/layer_0/inst/u_core/krow[1062]_i_1/O
                         net (fo=4, routed)           0.452     7.529    bd_i/layer_0/inst/u_core/krow[1062]_i_1_n_0
    SLICE_X22Y793        FDRE                                         r  bd_i/layer_0/inst/u_core/krow_reg[1061]/R
  -------------------------------------------------------------------    -------------------

                         (clock xdma_0_axi_aclk rise edge)
                                                      4.000     4.000 r  
    GTYE4_CHANNEL_X1Y35  GTYE4_CHANNEL                0.000     4.000 r  bd_i/xdma_0/inst/pcie4_ip_i/inst/bd_xdma_0_0_pcie4_ip_gt_top_i/diablo_gt.diablo_gt_phy_wrapper/gt_wizard.gtwizard_top_i/bd_xdma_0_0_pcie4_ip_gt_i/inst/gen_gtwizard_gtye4_top.bd_xdma_0_0_pcie4_ip_gt_gtwizard_gtye4_inst/gen_gtwizard_gtye4.gen_channel_container[32].gen_enabled_channel.gtye4_channel_wrapper_inst/channel_inst/gtye4_channel_gen.gen_gtye4_channel_inst[3].GTYE4_CHANNEL_PRIM_INST/TXOUTCLK
                         net (fo=7, routed)           0.078     4.078    bd_i/xdma_0/inst/pcie4_ip_i/inst/bd_xdma_0_0_pcie4_ip_gt_top_i/diablo_gt.diablo_gt_phy_wrapper/phy_clk_i/GT_TXOUTCLK[0]
    BUFG_GT_X1Y198                                                    r  bd_i/xdma_0/inst/pcie4_ip_i/inst/bd_xdma_0_0_pcie4_ip_gt_top_i/diablo_gt.diablo_gt_phy_wrapper/phy_clk_i/bufg_gt_userclk/I
    BUFG_GT_X1Y198       BUFG_GT (Prop_BUFG_GT_I_O)
                                                      0.114     4.192 r  bd_i/xdma_0/inst/pcie4_ip_i/inst/bd_xdma_0_0_pcie4_ip_gt_top_i/diablo_gt.diablo_gt_phy_wrapper/phy_clk_i/bufg_gt_userclk/O
    X3Y9 (CLOCK_ROOT)    net (fo=148450, routed)      2.960     7.152    bd_i/layer_0/inst/u_core/aclk
    SLR Crossing[1->2]   
    SLICE_X22Y793        FDRE                                         r  bd_i/layer_0/inst/u_core/krow_reg[1061]/C
                         clock pessimism              0.253     7.405    
                         clock uncertainty           -0.046     7.359    
    SLICE_X22Y793        FDRE (Setup_EFF2_SLICEM_C_R)
                                                     -0.074     7.285    bd_i/layer_0/inst/u_core/krow_reg[1061]
  -------------------------------------------------------------------
                         required time                          7.285    
                         arrival time                          -7.529    
  -------------------------------------------------------------------
                         slack                                 -0.244    

Slack (VIOLATED) :        -0.244ns  (required time - arrival time)
  Source:                 bd_i/layer_0/inst/u_core/kb_i_reg[4]_rep__0/C
                            (rising edge-triggered cell FDRE clocked by xdma_0_axi_aclk  {rise@0.000ns fall@2.000ns period=4.000ns})
  Destination:            bd_i/layer_0/inst/u_core/krow_reg[1062]/R
                            (rising edge-triggered cell FDRE clocked by xdma_0_axi_aclk  {rise@0.000ns fall@2.000ns period=4.000ns})
  Path Group:             xdma_0_axi_aclk
  Path Type:              Setup (Max at Slow Process Corner)
  Requirement:            4.000ns  (xdma_0_axi_aclk rise@4.000ns - xdma_0_axi_aclk rise@0.000ns)
  Data Path Delay:        4.342ns  (logic 0.512ns (11.793%)  route 3.830ns (88.207%))
  Logic Levels:           4  (LUT2=1 LUT4=1 LUT6=2)
  Clock Path Skew:        0.218ns (DCD - SCD + CPR)
    Destination Clock Delay (DCD):    3.152ns = ( 7.152 - 4.000 ) 
    Source Clock Delay      (SCD):    3.187ns
    Clock Pessimism Removal (CPR):    0.253ns
  Clock Uncertainty:      0.046ns  ((TSJ^2 + DJ^2)^1/2) / 2 + PE
    Total System Jitter     (TSJ):    0.071ns
    Discrete Jitter          (DJ):    0.060ns
    Phase Error              (PE):    0.000ns
  Clock Net Delay (Source):      2.972ns (routing 1.183ns, distribution 1.789ns)
  Clock Net Delay (Destination): 2.960ns (routing 1.071ns, distribution 1.889ns)

    Location             Delay type                Incr(ns)  Path(ns)    Netlist Resource(s)
  -------------------------------------------------------------------    -------------------
                         (clock xdma_0_axi_aclk rise edge)
                                                      0.000     0.000 r  
    GTYE4_CHANNEL_X1Y35  GTYE4_CHANNEL                0.000     0.000 r  bd_i/xdma_0/inst/pcie4_ip_i/inst/bd_xdma_0_0_pcie4_ip_gt_top_i/diablo_gt.diablo_gt_phy_wrapper/gt_wizard.gtwizard_top_i/bd_xdma_0_0_pcie4_ip_gt_i/inst/gen_gtwizard_gtye4_top.bd_xdma_0_0_pcie4_ip_gt_gtwizard_gtye4_inst/gen_gtwizard_gtye4.gen_channel_container[32].gen_enabled_channel.gtye4_channel_wrapper_inst/channel_inst/gtye4_channel_gen.gen_gtye4_channel_inst[3].GTYE4_CHANNEL_PRIM_INST/TXOUTCLK
                         net (fo=7, routed)           0.085     0.085    bd_i/xdma_0/inst/pcie4_ip_i/inst/bd_xdma_0_0_pcie4_ip_gt_top_i/diablo_gt.diablo_gt_phy_wrapper/phy_clk_i/GT_TXOUTCLK[0]
    BUFG_GT_X1Y198                                                    r  bd_i/xdma_0/inst/pcie4_ip_i/inst/bd_xdma_0_0_pcie4_ip_gt_top_i/diablo_gt.diablo_gt_phy_wrapper/phy_clk_i/bufg_gt_userclk/I
    BUFG_GT_X1Y198       BUFG_GT (Prop_BUFG_GT_I_O)
                                                      0.130     0.215 r  bd_i/xdma_0/inst/pcie4_ip_i/inst/bd_xdma_0_0_pcie4_ip_gt_top_i/diablo_gt.diablo_gt_phy_wrapper/phy_clk_i/bufg_gt_userclk/O
    X3Y9 (CLOCK_ROOT)    net (fo=148450, routed)      2.972     3.187    bd_i/layer_0/inst/u_core/aclk
    SLR Crossing[1->2]   
    SLICE_X84Y788        FDRE                                         r  bd_i/layer_0/inst/u_core/kb_i_reg[4]_rep__0/C
  -------------------------------------------------------------------    -------------------
    SLICE_X84Y788        FDRE (Prop_FFF_SLICEM_C_Q)
                                                      0.076     3.263 f  bd_i/layer_0/inst/u_core/kb_i_reg[4]_rep__0/Q
                         net (fo=207, routed)         0.773     4.036    bd_i/layer_0/inst/u_core/kb_i_reg[4]_rep__0_n_0
    SLICE_X88Y781                                                     f  bd_i/layer_0/inst/u_core/krow[1151]_i_3/I0
    SLICE_X88Y781        LUT4 (Prop_F6LUT_SLICEM_I0_O)
                                                      0.098     4.134 r  bd_i/layer_0/inst/u_core/krow[1151]_i_3/O
                         net (fo=64, routed)          1.664     5.798    bd_i/layer_0/inst/u_core/krow[1151]_i_3_n_0
    SLICE_X40Y788                                                     r  bd_i/layer_0/inst/u_core/krow[1062]_i_4/I5
    SLICE_X40Y788        LUT6 (Prop_H6LUT_SLICEM_I5_O)
                                                      0.125     5.923 r  bd_i/layer_0/inst/u_core/krow[1062]_i_4/O
                         net (fo=1, routed)           0.160     6.083    bd_i/layer_0/inst/u_core/krow[1062]_i_4_n_0
    SLICE_X41Y788                                                     r  bd_i/layer_0/inst/u_core/krow[1062]_i_3/I1
    SLICE_X41Y788        LUT2 (Prop_E6LUT_SLICEL_I1_O)
                                                      0.123     6.206 r  bd_i/layer_0/inst/u_core/krow[1062]_i_3/O
                         net (fo=4, routed)           0.781     6.987    bd_i/layer_0/inst/u_core/krow[1062]
    SLICE_X29Y792                                                     r  bd_i/layer_0/inst/u_core/krow[1062]_i_1/I0
    SLICE_X29Y792        LUT6 (Prop_H6LUT_SLICEL_I0_O)
                                                      0.090     7.077 r  bd_i/layer_0/inst/u_core/krow[1062]_i_1/O
                         net (fo=4, routed)           0.452     7.529    bd_i/layer_0/inst/u_core/krow[1062]_i_1_n_0
    SLICE_X22Y793        FDRE                                         r  bd_i/layer_0/inst/u_core/krow_reg[1062]/R
  -------------------------------------------------------------------    -------------------

                         (clock xdma_0_axi_aclk rise edge)
                                                      4.000     4.000 r  
    GTYE4_CHANNEL_X1Y35  GTYE4_CHANNEL                0.000     4.000 r  bd_i/xdma_0/inst/pcie4_ip_i/inst/bd_xdma_0_0_pcie4_ip_gt_top_i/diablo_gt.diablo_gt_phy_wrapper/gt_wizard.gtwizard_top_i/bd_xdma_0_0_pcie4_ip_gt_i/inst/gen_gtwizard_gtye4_top.bd_xdma_0_0_pcie4_ip_gt_gtwizard_gtye4_inst/gen_gtwizard_gtye4.gen_channel_container[32].gen_enabled_channel.gtye4_channel_wrapper_inst/channel_inst/gtye4_channel_gen.gen_gtye4_channel_inst[3].GTYE4_CHANNEL_PRIM_INST/TXOUTCLK
                         net (fo=7, routed)           0.078     4.078    bd_i/xdma_0/inst/pcie4_ip_i/inst/bd_xdma_0_0_pcie4_ip_gt_top_i/diablo_gt.diablo_gt_phy_wrapper/phy_clk_i/GT_TXOUTCLK[0]
    BUFG_GT_X1Y198                                                    r  bd_i/xdma_0/inst/pcie4_ip_i/inst/bd_xdma_0_0_pcie4_ip_gt_top_i/diablo_gt.diablo_gt_phy_wrapper/phy_clk_i/bufg_gt_userclk/I
    BUFG_GT_X1Y198       BUFG_GT (Prop_BUFG_GT_I_O)
                                                      0.114     4.192 r  bd_i/xdma_0/inst/pcie4_ip_i/inst/bd_xdma_0_0_pcie4_ip_gt_top_i/diablo_gt.diablo_gt_phy_wrapper/phy_clk_i/bufg_gt_userclk/O
    X3Y9 (CLOCK_ROOT)    net (fo=148450, routed)      2.960     7.152    bd_i/layer_0/inst/u_core/aclk
    SLR Crossing[1->2]   
    SLICE_X22Y793        FDRE                                         r  bd_i/layer_0/inst/u_core/krow_reg[1062]/C
                         clock pessimism              0.253     7.405    
                         clock uncertainty           -0.046     7.359    
    SLICE_X22Y793        FDRE (Setup_FFF_SLICEM_C_R)
                                                     -0.074     7.285    bd_i/layer_0/inst/u_core/krow_reg[1062]
  -------------------------------------------------------------------
                         required time                          7.285    
                         arrival time                          -7.529    
  -------------------------------------------------------------------
                         slack                                 -0.244    

Slack (VIOLATED) :        -0.243ns  (required time - arrival time)
  Source:                 bd_i/layer_0/inst/u_core/u_dn/row_reg[1]/C
                            (rising edge-triggered cell FDRE clocked by xdma_0_axi_aclk  {rise@0.000ns fall@2.000ns period=4.000ns})
  Destination:            bd_i/layer_0/inst/u_core/u_dn/p_0_out__13__4/DSP_A_B_DATA_INST/B[14]
                            (rising edge-triggered cell DSP_A_B_DATA clocked by xdma_0_axi_aclk  {rise@0.000ns fall@2.000ns period=4.000ns})
  Path Group:             xdma_0_axi_aclk
  Path Type:              Setup (Max at Slow Process Corner)
  Requirement:            4.000ns  (xdma_0_axi_aclk rise@4.000ns - xdma_0_axi_aclk rise@0.000ns)
  Data Path Delay:        4.158ns  (logic 0.351ns (8.441%)  route 3.807ns (91.559%))
  Logic Levels:           2  (LUT3=1 RAMD64E=1)
  Clock Path Skew:        0.221ns (DCD - SCD + CPR)
    Destination Clock Delay (DCD):    3.131ns = ( 7.131 - 4.000 ) 
    Source Clock Delay      (SCD):    3.157ns
    Clock Pessimism Removal (CPR):    0.247ns
  Clock Uncertainty:      0.046ns  ((TSJ^2 + DJ^2)^1/2) / 2 + PE
    Total System Jitter     (TSJ):    0.071ns
    Discrete Jitter          (DJ):    0.060ns
    Phase Error              (PE):    0.000ns
  Clock Net Delay (Source):      2.942ns (routing 1.183ns, distribution 1.759ns)
  Clock Net Delay (Destination): 2.939ns (routing 1.071ns, distribution 1.868ns)

    Location             Delay type                Incr(ns)  Path(ns)    Netlist Resource(s)
  -------------------------------------------------------------------    -------------------
                         (clock xdma_0_axi_aclk rise edge)
                                                      0.000     0.000 r  
    GTYE4_CHANNEL_X1Y35  GTYE4_CHANNEL                0.000     0.000 r  bd_i/xdma_0/inst/pcie4_ip_i/inst/bd_xdma_0_0_pcie4_ip_gt_top_i/diablo_gt.diablo_gt_phy_wrapper/gt_wizard.gtwizard_top_i/bd_xdma_0_0_pcie4_ip_gt_i/inst/gen_gtwizard_gtye4_top.bd_xdma_0_0_pcie4_ip_gt_gtwizard_gtye4_inst/gen_gtwizard_gtye4.gen_channel_container[32].gen_enabled_channel.gtye4_channel_wrapper_inst/channel_inst/gtye4_channel_gen.gen_gtye4_channel_inst[3].GTYE4_CHANNEL_PRIM_INST/TXOUTCLK
                         net (fo=7, routed)           0.085     0.085    bd_i/xdma_0/inst/pcie4_ip_i/inst/bd_xdma_0_0_pcie4_ip_gt_top_i/diablo_gt.diablo_gt_phy_wrapper/phy_clk_i/GT_TXOUTCLK[0]
    BUFG_GT_X1Y198                                                    r  bd_i/xdma_0/inst/pcie4_ip_i/inst/bd_xdma_0_0_pcie4_ip_gt_top_i/diablo_gt.diablo_gt_phy_wrapper/phy_clk_i/bufg_gt_userclk/I
    BUFG_GT_X1Y198       BUFG_GT (Prop_BUFG_GT_I_O)
                                                      0.130     0.215 r  bd_i/xdma_0/inst/pcie4_ip_i/inst/bd_xdma_0_0_pcie4_ip_gt_top_i/diablo_gt.diablo_gt_phy_wrapper/phy_clk_i/bufg_gt_userclk/O
    X3Y9 (CLOCK_ROOT)    net (fo=148450, routed)      2.942     3.157    bd_i/layer_0/inst/u_core/u_dn/aclk
    SLR Crossing[1->2]   
    SLICE_X82Y751        FDRE                                         r  bd_i/layer_0/inst/u_core/u_dn/row_reg[1]/C
  -------------------------------------------------------------------    -------------------
    SLICE_X82Y751        FDRE (Prop_EFF_SLICEL_C_Q)
                                                      0.079     3.236 r  bd_i/layer_0/inst/u_core/u_dn/row_reg[1]/Q
                         net (fo=75, routed)          0.715     3.951    bd_i/layer_0/inst/u_core/u_dn/kn_reg_64_127_14_15/ADDRA1
    SLICE_X90Y755                                                     r  bd_i/layer_0/inst/u_core/u_dn/kn_reg_64_127_14_15/RAMA/RADR1
    SLICE_X90Y755        RAMD64E (Prop_E6LUT_SLICEM_RADR1_O)
                                                      0.124     4.075 r  bd_i/layer_0/inst/u_core/u_dn/kn_reg_64_127_14_15/RAMA/O
                         net (fo=16, routed)          0.569     4.643    bd_i/layer_0/inst/u_core/u_dn/kn_reg_64_127_14_15_n_0
    SLICE_X99Y774                                                     r  bd_i/layer_0/inst/u_core/u_dn/g_lane[17].kvm_acc_reg[17]_i_2/I0
    SLICE_X99Y774        LUT3 (Prop_F6LUT_SLICEM_I0_O)
                                                      0.148     4.791 r  bd_i/layer_0/inst/u_core/u_dn/g_lane[17].kvm_acc_reg[17]_i_2/O
                         net (fo=32, routed)          2.524     7.315    bd_i/layer_0/inst/u_core/u_dn/p_0_out__13__4/B[14]
    DSP48E2_X2Y300       DSP_A_B_DATA                                 r  bd_i/layer_0/inst/u_core/u_dn/p_0_out__13__4/DSP_A_B_DATA_INST/B[14]
  -------------------------------------------------------------------    -------------------

                         (clock xdma_0_axi_aclk rise edge)
                                                      4.000     4.000 r  
    GTYE4_CHANNEL_X1Y35  GTYE4_CHANNEL                0.000     4.000 r  bd_i/xdma_0/inst/pcie4_ip_i/inst/bd_xdma_0_0_pcie4_ip_gt_top_i/diablo_gt.diablo_gt_phy_wrapper/gt_wizard.gtwizard_top_i/bd_xdma_0_0_pcie4_ip_gt_i/inst/gen_gtwizard_gtye4_top.bd_xdma_0_0_pcie4_ip_gt_gtwizard_gtye4_inst/gen_gtwizard_gtye4.gen_channel_container[32].gen_enabled_channel.gtye4_channel_wrapper_inst/channel_inst/gtye4_channel_gen.gen_gtye4_channel_inst[3].GTYE4_CHANNEL_PRIM_INST/TXOUTCLK
                         net (fo=7, routed)           0.078     4.078    bd_i/xdma_0/inst/pcie4_ip_i/inst/bd_xdma_0_0_pcie4_ip_gt_top_i/diablo_gt.diablo_gt_phy_wrapper/phy_clk_i/GT_TXOUTCLK[0]
    BUFG_GT_X1Y198                                                    r  bd_i/xdma_0/inst/pcie4_ip_i/inst/bd_xdma_0_0_pcie4_ip_gt_top_i/diablo_gt.diablo_gt_phy_wrapper/phy_clk_i/bufg_gt_userclk/I
    BUFG_GT_X1Y198       BUFG_GT (Prop_BUFG_GT_I_O)
                                                      0.114     4.192 r  bd_i/xdma_0/inst/pcie4_ip_i/inst/bd_xdma_0_0_pcie4_ip_gt_top_i/diablo_gt.diablo_gt_phy_wrapper/phy_clk_i/bufg_gt_userclk/O
    X3Y9 (CLOCK_ROOT)    net (fo=148450, routed)      2.939     7.131    bd_i/layer_0/inst/u_core/u_dn/p_0_out__13__4/CLK
    SLR Crossing[1->2]   
    DSP48E2_X2Y300       DSP_A_B_DATA                                 r  bd_i/layer_0/inst/u_core/u_dn/p_0_out__13__4/DSP_A_B_DATA_INST/CLK
                         clock pessimism              0.247     7.378    
                         clock uncertainty           -0.046     7.332    
    DSP48E2_X2Y300       DSP_A_B_DATA (Setup_DSP_A_B_DATA_DSP48E2_CLK_B[14])
                                                     -0.260     7.072    bd_i/layer_0/inst/u_core/u_dn/p_0_out__13__4/DSP_A_B_DATA_INST
  -------------------------------------------------------------------
                         required time                          7.072    
                         arrival time                          -7.315    
  -------------------------------------------------------------------
                         slack                                 -0.243    

Slack (VIOLATED) :        -0.243ns  (required time - arrival time)
  Source:                 bd_i/layer_0/inst/u_core/g_dnslot[1].mem_reg_uram_10/CLK
                            (rising edge-triggered cell URAM288 clocked by xdma_0_axi_aclk  {rise@0.000ns fall@2.000ns period=4.000ns})
  Destination:            bd_i/layer_0/inst/u_core/u_dn/p_1_out__12__2/DSP_A_B_DATA_INST/A[13]
                            (rising edge-triggered cell DSP_A_B_DATA clocked by xdma_0_axi_aclk  {rise@0.000ns fall@2.000ns period=4.000ns})
  Path Group:             xdma_0_axi_aclk
  Path Type:              Setup (Max at Slow Process Corner)
  Requirement:            4.000ns  (xdma_0_axi_aclk rise@4.000ns - xdma_0_axi_aclk rise@0.000ns)
  Data Path Delay:        4.013ns  (logic 1.268ns (31.595%)  route 2.745ns (68.405%))
  Logic Levels:           1  (LUT3=1)
  Clock Path Skew:        0.088ns (DCD - SCD + CPR)
    Destination Clock Delay (DCD):    3.176ns = ( 7.176 - 4.000 ) 
    Source Clock Delay      (SCD):    3.341ns
    Clock Pessimism Removal (CPR):    0.253ns
  Clock Uncertainty:      0.046ns  ((TSJ^2 + DJ^2)^1/2) / 2 + PE
    Total System Jitter     (TSJ):    0.071ns
    Discrete Jitter          (DJ):    0.060ns
    Phase Error              (PE):    0.000ns
  Clock Net Delay (Source):      3.126ns (routing 1.183ns, distribution 1.943ns)
  Clock Net Delay (Destination): 2.984ns (routing 1.071ns, distribution 1.913ns)

    Location             Delay type                Incr(ns)  Path(ns)    Netlist Resource(s)
  -------------------------------------------------------------------    -------------------
                         (clock xdma_0_axi_aclk rise edge)
                                                      0.000     0.000 r  
    GTYE4_CHANNEL_X1Y35  GTYE4_CHANNEL                0.000     0.000 r  bd_i/xdma_0/inst/pcie4_ip_i/inst/bd_xdma_0_0_pcie4_ip_gt_top_i/diablo_gt.diablo_gt_phy_wrapper/gt_wizard.gtwizard_top_i/bd_xdma_0_0_pcie4_ip_gt_i/inst/gen_gtwizard_gtye4_top.bd_xdma_0_0_pcie4_ip_gt_gtwizard_gtye4_inst/gen_gtwizard_gtye4.gen_channel_container[32].gen_enabled_channel.gtye4_channel_wrapper_inst/channel_inst/gtye4_channel_gen.gen_gtye4_channel_inst[3].GTYE4_CHANNEL_PRIM_INST/TXOUTCLK
                         net (fo=7, routed)           0.085     0.085    bd_i/xdma_0/inst/pcie4_ip_i/inst/bd_xdma_0_0_pcie4_ip_gt_top_i/diablo_gt.diablo_gt_phy_wrapper/phy_clk_i/GT_TXOUTCLK[0]
    BUFG_GT_X1Y198                                                    r  bd_i/xdma_0/inst/pcie4_ip_i/inst/bd_xdma_0_0_pcie4_ip_gt_top_i/diablo_gt.diablo_gt_phy_wrapper/phy_clk_i/bufg_gt_userclk/I
    BUFG_GT_X1Y198       BUFG_GT (Prop_BUFG_GT_I_O)
                                                      0.130     0.215 r  bd_i/xdma_0/inst/pcie4_ip_i/inst/bd_xdma_0_0_pcie4_ip_gt_top_i/diablo_gt.diablo_gt_phy_wrapper/phy_clk_i/bufg_gt_userclk/O
    X3Y9 (CLOCK_ROOT)    net (fo=148450, routed)      3.126     3.341    bd_i/layer_0/inst/u_core/aclk
    SLR Crossing[1->2]   
    URAM288_X1Y209       URAM288                                      r  bd_i/layer_0/inst/u_core/g_dnslot[1].mem_reg_uram_10/CLK
  -------------------------------------------------------------------    -------------------
    URAM288_X1Y209       URAM288 (Prop_URAM_288K_INST_URAM288_CLK_DOUT_A[61])
                                                      1.200     4.541 r  bd_i/layer_0/inst/u_core/g_dnslot[1].mem_reg_uram_10/DOUT_A[61]
                         net (fo=2, routed)           1.281     5.822    bd_i/layer_0/inst/u_core/u_dn/g_dnslot[1].dn_rdq_b_reg[1][781]
    SLICE_X47Y786                                                     r  bd_i/layer_0/inst/u_core/u_dn/p_1_out__12__2_i_3/I0
    SLICE_X47Y786        LUT3 (Prop_C5LUT_SLICEM_I0_O)
                                                      0.068     5.890 r  bd_i/layer_0/inst/u_core/u_dn/p_1_out__12__2_i_3/O
                         net (fo=3, routed)           1.464     7.354    bd_i/layer_0/inst/u_core/u_dn/p_1_out__12__2/A[13]
    DSP48E2_X2Y335       DSP_A_B_DATA                                 r  bd_i/layer_0/inst/u_core/u_dn/p_1_out__12__2/DSP_A_B_DATA_INST/A[13]
  -------------------------------------------------------------------    -------------------

                         (clock xdma_0_axi_aclk rise edge)
                                                      4.000     4.000 r  
    GTYE4_CHANNEL_X1Y35  GTYE4_CHANNEL                0.000     4.000 r  bd_i/xdma_0/inst/pcie4_ip_i/inst/bd_xdma_0_0_pcie4_ip_gt_top_i/diablo_gt.diablo_gt_phy_wrapper/gt_wizard.gtwizard_top_i/bd_xdma_0_0_pcie4_ip_gt_i/inst/gen_gtwizard_gtye4_top.bd_xdma_0_0_pcie4_ip_gt_gtwizard_gtye4_inst/gen_gtwizard_gtye4.gen_channel_container[32].gen_enabled_channel.gtye4_channel_wrapper_inst/channel_inst/gtye4_channel_gen.gen_gtye4_channel_inst[3].GTYE4_CHANNEL_PRIM_INST/TXOUTCLK
                         net (fo=7, routed)           0.078     4.078    bd_i/xdma_0/inst/pcie4_ip_i/inst/bd_xdma_0_0_pcie4_ip_gt_top_i/diablo_gt.diablo_gt_phy_wrapper/phy_clk_i/GT_TXOUTCLK[0]
    BUFG_GT_X1Y198                                                    r  bd_i/xdma_0/inst/pcie4_ip_i/inst/bd_xdma_0_0_pcie4_ip_gt_top_i/diablo_gt.diablo_gt_phy_wrapper/phy_clk_i/bufg_gt_userclk/I
    BUFG_GT_X1Y198       BUFG_GT (Prop_BUFG_GT_I_O)
                                                      0.114     4.192 r  bd_i/xdma_0/inst/pcie4_ip_i/inst/bd_xdma_0_0_pcie4_ip_gt_top_i/diablo_gt.diablo_gt_phy_wrapper/phy_clk_i/bufg_gt_userclk/O
    X3Y9 (CLOCK_ROOT)    net (fo=148450, routed)      2.984     7.176    bd_i/layer_0/inst/u_core/u_dn/p_1_out__12__2/CLK
    SLR Crossing[1->2]   
    DSP48E2_X2Y335       DSP_A_B_DATA                                 r  bd_i/layer_0/inst/u_core/u_dn/p_1_out__12__2/DSP_A_B_DATA_INST/CLK
                         clock pessimism              0.253     7.429    
                         clock uncertainty           -0.046     7.383    
    DSP48E2_X2Y335       DSP_A_B_DATA (Setup_DSP_A_B_DATA_DSP48E2_CLK_A[13])
                                                     -0.272     7.111    bd_i/layer_0/inst/u_core/u_dn/p_1_out__12__2/DSP_A_B_DATA_INST
  -------------------------------------------------------------------
                         required time                          7.111    
                         arrival time                          -7.354    
  -------------------------------------------------------------------
                         slack                                 -0.243    

Slack (VIOLATED) :        -0.243ns  (required time - arrival time)
  Source:                 bd_i/layer_0/inst/u_core/u_attn/oi_reg[1]_rep__15/C
                            (rising edge-triggered cell FDRE clocked by xdma_0_axi_aclk  {rise@0.000ns fall@2.000ns period=4.000ns})
  Destination:            bd_i/layer_0/inst/u_core/u_attn/o_g4_reg[2][20]/D
                            (rising edge-triggered cell FDRE clocked by xdma_0_axi_aclk  {rise@0.000ns fall@2.000ns period=4.000ns})
  Path Group:             xdma_0_axi_aclk
  Path Type:              Setup (Max at Slow Process Corner)
  Requirement:            4.000ns  (xdma_0_axi_aclk rise@4.000ns - xdma_0_axi_aclk rise@0.000ns)
  Data Path Delay:        4.505ns  (logic 0.368ns (8.168%)  route 4.137ns (91.832%))
  Logic Levels:           4  (LUT6=2 MUXF7=1 MUXF8=1)
  Clock Path Skew:        0.284ns (DCD - SCD + CPR)
    Destination Clock Delay (DCD):    3.109ns = ( 7.109 - 4.000 ) 
    Source Clock Delay      (SCD):    3.064ns
    Clock Pessimism Removal (CPR):    0.238ns
  Clock Uncertainty:      0.046ns  ((TSJ^2 + DJ^2)^1/2) / 2 + PE
    Total System Jitter     (TSJ):    0.071ns
    Discrete Jitter          (DJ):    0.060ns
    Phase Error              (PE):    0.000ns
  Clock Net Delay (Source):      2.849ns (routing 1.183ns, distribution 1.666ns)
  Clock Net Delay (Destination): 2.917ns (routing 1.071ns, distribution 1.846ns)

    Location             Delay type                Incr(ns)  Path(ns)    Netlist Resource(s)
  -------------------------------------------------------------------    -------------------
                         (clock xdma_0_axi_aclk rise edge)
                                                      0.000     0.000 r  
    GTYE4_CHANNEL_X1Y35  GTYE4_CHANNEL                0.000     0.000 r  bd_i/xdma_0/inst/pcie4_ip_i/inst/bd_xdma_0_0_pcie4_ip_gt_top_i/diablo_gt.diablo_gt_phy_wrapper/gt_wizard.gtwizard_top_i/bd_xdma_0_0_pcie4_ip_gt_i/inst/gen_gtwizard_gtye4_top.bd_xdma_0_0_pcie4_ip_gt_gtwizard_gtye4_inst/gen_gtwizard_gtye4.gen_channel_container[32].gen_enabled_channel.gtye4_channel_wrapper_inst/channel_inst/gtye4_channel_gen.gen_gtye4_channel_inst[3].GTYE4_CHANNEL_PRIM_INST/TXOUTCLK
                         net (fo=7, routed)           0.085     0.085    bd_i/xdma_0/inst/pcie4_ip_i/inst/bd_xdma_0_0_pcie4_ip_gt_top_i/diablo_gt.diablo_gt_phy_wrapper/phy_clk_i/GT_TXOUTCLK[0]
    BUFG_GT_X1Y198                                                    r  bd_i/xdma_0/inst/pcie4_ip_i/inst/bd_xdma_0_0_pcie4_ip_gt_top_i/diablo_gt.diablo_gt_phy_wrapper/phy_clk_i/bufg_gt_userclk/I
    BUFG_GT_X1Y198       BUFG_GT (Prop_BUFG_GT_I_O)
                                                      0.130     0.215 r  bd_i/xdma_0/inst/pcie4_ip_i/inst/bd_xdma_0_0_pcie4_ip_gt_top_i/diablo_gt.diablo_gt_phy_wrapper/phy_clk_i/bufg_gt_userclk/O
    X3Y9 (CLOCK_ROOT)    net (fo=148450, routed)      2.849     3.064    bd_i/layer_0/inst/u_core/u_attn/aclk
    SLR Crossing[1->2]   
    SLICE_X103Y685       FDRE                                         r  bd_i/layer_0/inst/u_core/u_attn/oi_reg[1]_rep__15/C
  -------------------------------------------------------------------    -------------------
    SLICE_X103Y685       FDRE (Prop_EFF_SLICEL_C_Q)
                                                      0.079     3.143 r  bd_i/layer_0/inst/u_core/u_attn/oi_reg[1]_rep__15/Q
                         net (fo=122, routed)         2.608     5.751    bd_i/layer_0/inst/u_core/u_attn/oi_reg[1]_rep__15_n_0
    SLICE_X51Y825                                                     r  bd_i/layer_0/inst/u_core/u_attn/o_g4[2][20]_i_21/I2
    SLICE_X51Y825        LUT6 (Prop_A6LUT_SLICEM_I2_O)
                                                      0.150     5.901 r  bd_i/layer_0/inst/u_core/u_attn/o_g4[2][20]_i_21/O
                         net (fo=1, routed)           0.011     5.912    bd_i/layer_0/inst/u_core/u_attn/o_g4[2][20]_i_21_n_0
    SLICE_X51Y825                                                     r  bd_i/layer_0/inst/u_core/u_attn/o_g4_reg[2][20]_i_9/I1
    SLICE_X51Y825        MUXF7 (Prop_F7MUX_AB_SLICEM_I1_O)
                                                      0.058     5.970 r  bd_i/layer_0/inst/u_core/u_attn/o_g4_reg[2][20]_i_9/O
                         net (fo=1, routed)           0.000     5.970    bd_i/layer_0/inst/u_core/u_attn/o_g4_reg[2][20]_i_9_n_0
    SLICE_X51Y825                                                     r  bd_i/layer_0/inst/u_core/u_attn/o_g4_reg[2][20]_i_3/I1
    SLICE_X51Y825        MUXF8 (Prop_F8MUX_BOT_SLICEM_I1_O)
                                                      0.028     5.998 r  bd_i/layer_0/inst/u_core/u_attn/o_g4_reg[2][20]_i_3/O
                         net (fo=1, routed)           1.460     7.458    bd_i/layer_0/inst/u_core/u_attn/o_g4_reg[2][20]_i_3_n_0
    SLICE_X25Y713                                                     r  bd_i/layer_0/inst/u_core/u_attn/o_g4[2][20]_i_1/I1
    SLICE_X25Y713        LUT6 (Prop_H6LUT_SLICEM_I1_O)
                                                      0.053     7.511 r  bd_i/layer_0/inst/u_core/u_attn/o_g4[2][20]_i_1/O
                         net (fo=1, routed)           0.058     7.569    bd_i/layer_0/inst/u_core/u_attn/o_g4[2][20]_i_1_n_0
    SLICE_X25Y713        FDRE                                         r  bd_i/layer_0/inst/u_core/u_attn/o_g4_reg[2][20]/D
  -------------------------------------------------------------------    -------------------

                         (clock xdma_0_axi_aclk rise edge)
                                                      4.000     4.000 r  
    GTYE4_CHANNEL_X1Y35  GTYE4_CHANNEL                0.000     4.000 r  bd_i/xdma_0/inst/pcie4_ip_i/inst/bd_xdma_0_0_pcie4_ip_gt_top_i/diablo_gt.diablo_gt_phy_wrapper/gt_wizard.gtwizard_top_i/bd_xdma_0_0_pcie4_ip_gt_i/inst/gen_gtwizard_gtye4_top.bd_xdma_0_0_pcie4_ip_gt_gtwizard_gtye4_inst/gen_gtwizard_gtye4.gen_channel_container[32].gen_enabled_channel.gtye4_channel_wrapper_inst/channel_inst/gtye4_channel_gen.gen_gtye4_channel_inst[3].GTYE4_CHANNEL_PRIM_INST/TXOUTCLK
                         net (fo=7, routed)           0.078     4.078    bd_i/xdma_0/inst/pcie4_ip_i/inst/bd_xdma_0_0_pcie4_ip_gt_top_i/diablo_gt.diablo_gt_phy_wrapper/phy_clk_i/GT_TXOUTCLK[0]
    BUFG_GT_X1Y198                                                    r  bd_i/xdma_0/inst/pcie4_ip_i/inst/bd_xdma_0_0_pcie4_ip_gt_top_i/diablo_gt.diablo_gt_phy_wrapper/phy_clk_i/bufg_gt_userclk/I
    BUFG_GT_X1Y198       BUFG_GT (Prop_BUFG_GT_I_O)
                                                      0.114     4.192 r  bd_i/xdma_0/inst/pcie4_ip_i/inst/bd_xdma_0_0_pcie4_ip_gt_top_i/diablo_gt.diablo_gt_phy_wrapper/phy_clk_i/bufg_gt_userclk/O
    X3Y9 (CLOCK_ROOT)    net (fo=148450, routed)      2.917     7.109    bd_i/layer_0/inst/u_core/u_attn/aclk
    SLR Crossing[1->2]   
    SLICE_X25Y713        FDRE                                         r  bd_i/layer_0/inst/u_core/u_attn/o_g4_reg[2][20]/C
                         clock pessimism              0.238     7.348    
                         clock uncertainty           -0.046     7.301    
    SLICE_X25Y713        FDRE (Setup_HFF_SLICEM_C_D)
                                                      0.025     7.326    bd_i/layer_0/inst/u_core/u_attn/o_g4_reg[2][20]
  -------------------------------------------------------------------
                         required time                          7.326    
                         arrival time                          -7.569    
  -------------------------------------------------------------------
                         slack                                 -0.243    

Slack (VIOLATED) :        -0.242ns  (required time - arrival time)
  Source:                 bd_i/layer_0/inst/u_core/g_kvslot[1].mem_reg_uram_26/CLK
                            (rising edge-triggered cell URAM288 clocked by xdma_0_axi_aclk  {rise@0.000ns fall@2.000ns period=4.000ns})
  Destination:            bd_i/layer_0/inst/u_core/u_attn/g_lane[117].prod_reg[117]/DSP_A_B_DATA_INST/B[0]
                            (rising edge-triggered cell DSP_A_B_DATA clocked by xdma_0_axi_aclk  {rise@0.000ns fall@2.000ns period=4.000ns})
  Path Group:             xdma_0_axi_aclk
  Path Type:              Setup (Max at Slow Process Corner)
  Requirement:            4.000ns  (xdma_0_axi_aclk rise@4.000ns - xdma_0_axi_aclk rise@0.000ns)
  Data Path Delay:        3.805ns  (logic 1.660ns (43.629%)  route 2.145ns (56.371%))
  Logic Levels:           2  (LUT3=1 URAM288=1)
  Clock Path Skew:        -0.118ns (DCD - SCD + CPR)
    Destination Clock Delay (DCD):    3.040ns = ( 7.040 - 4.000 ) 
    Source Clock Delay      (SCD):    3.304ns
    Clock Pessimism Removal (CPR):    0.146ns
  Clock Uncertainty:      0.046ns  ((TSJ^2 + DJ^2)^1/2) / 2 + PE
    Total System Jitter     (TSJ):    0.071ns
    Discrete Jitter          (DJ):    0.060ns
    Phase Error              (PE):    0.000ns
  Clock Net Delay (Source):      3.089ns (routing 1.183ns, distribution 1.906ns)
  Clock Net Delay (Destination): 2.848ns (routing 1.071ns, distribution 1.777ns)

    Location             Delay type                Incr(ns)  Path(ns)    Netlist Resource(s)
  -------------------------------------------------------------------    -------------------
                         (clock xdma_0_axi_aclk rise edge)
                                                      0.000     0.000 r  
    GTYE4_CHANNEL_X1Y35  GTYE4_CHANNEL                0.000     0.000 r  bd_i/xdma_0/inst/pcie4_ip_i/inst/bd_xdma_0_0_pcie4_ip_gt_top_i/diablo_gt.diablo_gt_phy_wrapper/gt_wizard.gtwizard_top_i/bd_xdma_0_0_pcie4_ip_gt_i/inst/gen_gtwizard_gtye4_top.bd_xdma_0_0_pcie4_ip_gt_gtwizard_gtye4_inst/gen_gtwizard_gtye4.gen_channel_container[32].gen_enabled_channel.gtye4_channel_wrapper_inst/channel_inst/gtye4_channel_gen.gen_gtye4_channel_inst[3].GTYE4_CHANNEL_PRIM_INST/TXOUTCLK
                         net (fo=7, routed)           0.085     0.085    bd_i/xdma_0/inst/pcie4_ip_i/inst/bd_xdma_0_0_pcie4_ip_gt_top_i/diablo_gt.diablo_gt_phy_wrapper/phy_clk_i/GT_TXOUTCLK[0]
    BUFG_GT_X1Y198                                                    r  bd_i/xdma_0/inst/pcie4_ip_i/inst/bd_xdma_0_0_pcie4_ip_gt_top_i/diablo_gt.diablo_gt_phy_wrapper/phy_clk_i/bufg_gt_userclk/I
    BUFG_GT_X1Y198       BUFG_GT (Prop_BUFG_GT_I_O)
                                                      0.130     0.215 r  bd_i/xdma_0/inst/pcie4_ip_i/inst/bd_xdma_0_0_pcie4_ip_gt_top_i/diablo_gt.diablo_gt_phy_wrapper/phy_clk_i/bufg_gt_userclk/O
    X3Y9 (CLOCK_ROOT)    net (fo=148450, routed)      3.089     3.304    bd_i/layer_0/inst/u_core/aclk
    SLR Crossing[1->2]   
    URAM288_X1Y173       URAM288                                      r  bd_i/layer_0/inst/u_core/g_kvslot[1].mem_reg_uram_26/CLK
  -------------------------------------------------------------------    -------------------
    URAM288_X1Y173       URAM288 (Prop_URAM_288K_INST_URAM288_CLK_CAS_OUT_DOUT_A[0])
                                                      1.401     4.705 r  bd_i/layer_0/inst/u_core/g_kvslot[1].mem_reg_uram_26/CAS_OUT_DOUT_A[0]
                         net (fo=1, routed)           0.001     4.706    bd_i/layer_0/inst/u_core/g_kvslot[1].mem_reg_uram_27_Cas_DoutA_1[0]
    URAM288_X1Y174                                                    r  bd_i/layer_0/inst/u_core/g_kvslot[1].mem_reg_uram_27/CAS_IN_DOUT_A[0]
    URAM288_X1Y174       URAM288 (Prop_URAM_288K_INST_URAM288_CAS_IN_DOUT_A[0]_DOUT_A[0])
                                                      0.193     4.899 r  bd_i/layer_0/inst/u_core/g_kvslot[1].mem_reg_uram_27/DOUT_A[0]
                         net (fo=2, routed)           0.771     5.670    bd_i/layer_0/inst/u_core/u_attn/g_kvslot[1].kv_rdq_b_reg[1][936]
    SLICE_X61Y697                                                     r  bd_i/layer_0/inst/u_core/u_attn/g_lane[117].prod_reg[117]_i_9/I0
    SLICE_X61Y697        LUT3 (Prop_D5LUT_SLICEL_I0_O)
                                                      0.066     5.736 r  bd_i/layer_0/inst/u_core/u_attn/g_lane[117].prod_reg[117]_i_9/O
                         net (fo=2, routed)           1.373     7.109    bd_i/layer_0/inst/u_core/u_attn/g_lane[117].prod_reg[117]/B[0]
    DSP48E2_X5Y274       DSP_A_B_DATA                                 r  bd_i/layer_0/inst/u_core/u_attn/g_lane[117].prod_reg[117]/DSP_A_B_DATA_INST/B[0]
  -------------------------------------------------------------------    -------------------

                         (clock xdma_0_axi_aclk rise edge)
                                                      4.000     4.000 r  
    GTYE4_CHANNEL_X1Y35  GTYE4_CHANNEL                0.000     4.000 r  bd_i/xdma_0/inst/pcie4_ip_i/inst/bd_xdma_0_0_pcie4_ip_gt_top_i/diablo_gt.diablo_gt_phy_wrapper/gt_wizard.gtwizard_top_i/bd_xdma_0_0_pcie4_ip_gt_i/inst/gen_gtwizard_gtye4_top.bd_xdma_0_0_pcie4_ip_gt_gtwizard_gtye4_inst/gen_gtwizard_gtye4.gen_channel_container[32].gen_enabled_channel.gtye4_channel_wrapper_inst/channel_inst/gtye4_channel_gen.gen_gtye4_channel_inst[3].GTYE4_CHANNEL_PRIM_INST/TXOUTCLK
                         net (fo=7, routed)           0.078     4.078    bd_i/xdma_0/inst/pcie4_ip_i/inst/bd_xdma_0_0_pcie4_ip_gt_top_i/diablo_gt.diablo_gt_phy_wrapper/phy_clk_i/GT_TXOUTCLK[0]
    BUFG_GT_X1Y198                                                    r  bd_i/xdma_0/inst/pcie4_ip_i/inst/bd_xdma_0_0_pcie4_ip_gt_top_i/diablo_gt.diablo_gt_phy_wrapper/phy_clk_i/bufg_gt_userclk/I
    BUFG_GT_X1Y198       BUFG_GT (Prop_BUFG_GT_I_O)
                                                      0.114     4.192 r  bd_i/xdma_0/inst/pcie4_ip_i/inst/bd_xdma_0_0_pcie4_ip_gt_top_i/diablo_gt.diablo_gt_phy_wrapper/phy_clk_i/bufg_gt_userclk/O
    X3Y9 (CLOCK_ROOT)    net (fo=148450, routed)      2.848     7.040    bd_i/layer_0/inst/u_core/u_attn/g_lane[117].prod_reg[117]/CLK
    SLR Crossing[1->2]   
    DSP48E2_X5Y274       DSP_A_B_DATA                                 r  bd_i/layer_0/inst/u_core/u_attn/g_lane[117].prod_reg[117]/DSP_A_B_DATA_INST/CLK
                         clock pessimism              0.146     7.186    
                         clock uncertainty           -0.046     7.140    
    DSP48E2_X5Y274       DSP_A_B_DATA (Setup_DSP_A_B_DATA_DSP48E2_CLK_B[0])
                                                     -0.273     6.867    bd_i/layer_0/inst/u_core/u_attn/g_lane[117].prod_reg[117]/DSP_A_B_DATA_INST
  -------------------------------------------------------------------
                         required time                          6.867    
                         arrival time                          -7.109    
  -------------------------------------------------------------------
                         slack                                 -0.242    

Slack (VIOLATED) :        -0.242ns  (required time - arrival time)
  Source:                 bd_i/layer_0/inst/u_core/u_attn/qwaddr_q_reg[0]/C
                            (rising edge-triggered cell FDRE clocked by xdma_0_axi_aclk  {rise@0.000ns fall@2.000ns period=4.000ns})
  Destination:            bd_i/layer_0/inst/u_core/u_attn/g_lane[121].prod_reg[121]/DSP_A_B_DATA_INST/CEA2
                            (rising edge-triggered cell DSP_A_B_DATA clocked by xdma_0_axi_aclk  {rise@0.000ns fall@2.000ns period=4.000ns})
  Path Group:             xdma_0_axi_aclk
  Path Type:              Setup (Max at Slow Process Corner)
  Requirement:            4.000ns  (xdma_0_axi_aclk rise@4.000ns - xdma_0_axi_aclk rise@0.000ns)
  Data Path Delay:        4.216ns  (logic 0.167ns (3.961%)  route 4.049ns (96.039%))
  Logic Levels:           1  (LUT4=1)
  Clock Path Skew:        0.179ns (DCD - SCD + CPR)
    Destination Clock Delay (DCD):    3.065ns = ( 7.065 - 4.000 ) 
    Source Clock Delay      (SCD):    3.050ns
    Clock Pessimism Removal (CPR):    0.164ns
  Clock Uncertainty:      0.046ns  ((TSJ^2 + DJ^2)^1/2) / 2 + PE
    Total System Jitter     (TSJ):    0.071ns
    Discrete Jitter          (DJ):    0.060ns
    Phase Error              (PE):    0.000ns
  Clock Net Delay (Source):      2.835ns (routing 1.183ns, distribution 1.652ns)
  Clock Net Delay (Destination): 2.873ns (routing 1.071ns, distribution 1.802ns)

    Location             Delay type                Incr(ns)  Path(ns)    Netlist Resource(s)
  -------------------------------------------------------------------    -------------------
                         (clock xdma_0_axi_aclk rise edge)
                                                      0.000     0.000 r  
    GTYE4_CHANNEL_X1Y35  GTYE4_CHANNEL                0.000     0.000 r  bd_i/xdma_0/inst/pcie4_ip_i/inst/bd_xdma_0_0_pcie4_ip_gt_top_i/diablo_gt.diablo_gt_phy_wrapper/gt_wizard.gtwizard_top_i/bd_xdma_0_0_pcie4_ip_gt_i/inst/gen_gtwizard_gtye4_top.bd_xdma_0_0_pcie4_ip_gt_gtwizard_gtye4_inst/gen_gtwizard_gtye4.gen_channel_container[32].gen_enabled_channel.gtye4_channel_wrapper_inst/channel_inst/gtye4_channel_gen.gen_gtye4_channel_inst[3].GTYE4_CHANNEL_PRIM_INST/TXOUTCLK
                         net (fo=7, routed)           0.085     0.085    bd_i/xdma_0/inst/pcie4_ip_i/inst/bd_xdma_0_0_pcie4_ip_gt_top_i/diablo_gt.diablo_gt_phy_wrapper/phy_clk_i/GT_TXOUTCLK[0]
    BUFG_GT_X1Y198                                                    r  bd_i/xdma_0/inst/pcie4_ip_i/inst/bd_xdma_0_0_pcie4_ip_gt_top_i/diablo_gt.diablo_gt_phy_wrapper/phy_clk_i/bufg_gt_userclk/I
    BUFG_GT_X1Y198       BUFG_GT (Prop_BUFG_GT_I_O)
                                                      0.130     0.215 r  bd_i/xdma_0/inst/pcie4_ip_i/inst/bd_xdma_0_0_pcie4_ip_gt_top_i/diablo_gt.diablo_gt_phy_wrapper/phy_clk_i/bufg_gt_userclk/O
    X3Y9 (CLOCK_ROOT)    net (fo=148450, routed)      2.835     3.050    bd_i/layer_0/inst/u_core/u_attn/aclk
    SLR Crossing[1->2]   
    SLICE_X89Y769        FDRE                                         r  bd_i/layer_0/inst/u_core/u_attn/qwaddr_q_reg[0]/C
  -------------------------------------------------------------------    -------------------
    SLICE_X89Y769        FDRE (Prop_AFF_SLICEL_C_Q)
                                                      0.079     3.129 r  bd_i/layer_0/inst/u_core/u_attn/qwaddr_q_reg[0]/Q
                         net (fo=232, routed)         3.745     6.874    bd_i/layer_0/inst/u_core/u_attn/qwaddr_q[0]
    SLICE_X32Y670                                                     r  bd_i/layer_0/inst/u_core/u_attn/g_lane[121].prod_reg[121]_i_1/I2
    SLICE_X32Y670        LUT4 (Prop_C6LUT_SLICEL_I2_O)
                                                      0.088     6.962 r  bd_i/layer_0/inst/u_core/u_attn/g_lane[121].prod_reg[121]_i_1/O
                         net (fo=1, routed)           0.304     7.266    bd_i/layer_0/inst/u_core/u_attn/g_lane[121].prod_reg[121]/CEA2
    DSP48E2_X5Y266       DSP_A_B_DATA                                 r  bd_i/layer_0/inst/u_core/u_attn/g_lane[121].prod_reg[121]/DSP_A_B_DATA_INST/CEA2
  -------------------------------------------------------------------    -------------------

                         (clock xdma_0_axi_aclk rise edge)
                                                      4.000     4.000 r  
    GTYE4_CHANNEL_X1Y35  GTYE4_CHANNEL                0.000     4.000 r  bd_i/xdma_0/inst/pcie4_ip_i/inst/bd_xdma_0_0_pcie4_ip_gt_top_i/diablo_gt.diablo_gt_phy_wrapper/gt_wizard.gtwizard_top_i/bd_xdma_0_0_pcie4_ip_gt_i/inst/gen_gtwizard_gtye4_top.bd_xdma_0_0_pcie4_ip_gt_gtwizard_gtye4_inst/gen_gtwizard_gtye4.gen_channel_container[32].gen_enabled_channel.gtye4_channel_wrapper_inst/channel_inst/gtye4_channel_gen.gen_gtye4_channel_inst[3].GTYE4_CHANNEL_PRIM_INST/TXOUTCLK
                         net (fo=7, routed)           0.078     4.078    bd_i/xdma_0/inst/pcie4_ip_i/inst/bd_xdma_0_0_pcie4_ip_gt_top_i/diablo_gt.diablo_gt_phy_wrapper/phy_clk_i/GT_TXOUTCLK[0]
    BUFG_GT_X1Y198                                                    r  bd_i/xdma_0/inst/pcie4_ip_i/inst/bd_xdma_0_0_pcie4_ip_gt_top_i/diablo_gt.diablo_gt_phy_wrapper/phy_clk_i/bufg_gt_userclk/I
    BUFG_GT_X1Y198       BUFG_GT (Prop_BUFG_GT_I_O)
                                                      0.114     4.192 r  bd_i/xdma_0/inst/pcie4_ip_i/inst/bd_xdma_0_0_pcie4_ip_gt_top_i/diablo_gt.diablo_gt_phy_wrapper/phy_clk_i/bufg_gt_userclk/O
    X3Y9 (CLOCK_ROOT)    net (fo=148450, routed)      2.873     7.065    bd_i/layer_0/inst/u_core/u_attn/g_lane[121].prod_reg[121]/CLK
    SLR Crossing[1->2]   
    DSP48E2_X5Y266       DSP_A_B_DATA                                 r  bd_i/layer_0/inst/u_core/u_attn/g_lane[121].prod_reg[121]/DSP_A_B_DATA_INST/CLK
                         clock pessimism              0.164     7.229    
                         clock uncertainty           -0.046     7.183    
    DSP48E2_X5Y266       DSP_A_B_DATA (Setup_DSP_A_B_DATA_DSP48E2_CLK_CEA2)
                                                     -0.159     7.024    bd_i/layer_0/inst/u_core/u_attn/g_lane[121].prod_reg[121]/DSP_A_B_DATA_INST
  -------------------------------------------------------------------
                         required time                          7.024    
                         arrival time                          -7.266    
  -------------------------------------------------------------------
                         slack                                 -0.242    

Slack (VIOLATED) :        -0.241ns  (required time - arrival time)
  Source:                 bd_i/layer_0/inst/u_core/u_dn/row_reg[5]/C
                            (rising edge-triggered cell FDRE clocked by xdma_0_axi_aclk  {rise@0.000ns fall@2.000ns period=4.000ns})
  Destination:            bd_i/layer_0/inst/u_core/u_dn/p_0_out__11__2/DSP_A_B_DATA_INST/B[7]
                            (rising edge-triggered cell DSP_A_B_DATA clocked by xdma_0_axi_aclk  {rise@0.000ns fall@2.000ns period=4.000ns})
  Path Group:             xdma_0_axi_aclk
  Path Type:              Setup (Max at Slow Process Corner)
  Requirement:            4.000ns  (xdma_0_axi_aclk rise@4.000ns - xdma_0_axi_aclk rise@0.000ns)
  Data Path Delay:        4.181ns  (logic 0.207ns (4.951%)  route 3.974ns (95.049%))
  Logic Levels:           2  (LUT3=1 RAMD64E=1)
  Clock Path Skew:        0.234ns (DCD - SCD + CPR)
    Destination Clock Delay (DCD):    3.144ns = ( 7.144 - 4.000 ) 
    Source Clock Delay      (SCD):    3.157ns
    Clock Pessimism Removal (CPR):    0.247ns
  Clock Uncertainty:      0.046ns  ((TSJ^2 + DJ^2)^1/2) / 2 + PE
    Total System Jitter     (TSJ):    0.071ns
    Discrete Jitter          (DJ):    0.060ns
    Phase Error              (PE):    0.000ns
  Clock Net Delay (Source):      2.942ns (routing 1.183ns, distribution 1.759ns)
  Clock Net Delay (Destination): 2.952ns (routing 1.071ns, distribution 1.881ns)

    Location             Delay type                Incr(ns)  Path(ns)    Netlist Resource(s)
  -------------------------------------------------------------------    -------------------
                         (clock xdma_0_axi_aclk rise edge)
                                                      0.000     0.000 r  
    GTYE4_CHANNEL_X1Y35  GTYE4_CHANNEL                0.000     0.000 r  bd_i/xdma_0/inst/pcie4_ip_i/inst/bd_xdma_0_0_pcie4_ip_gt_top_i/diablo_gt.diablo_gt_phy_wrapper/gt_wizard.gtwizard_top_i/bd_xdma_0_0_pcie4_ip_gt_i/inst/gen_gtwizard_gtye4_top.bd_xdma_0_0_pcie4_ip_gt_gtwizard_gtye4_inst/gen_gtwizard_gtye4.gen_channel_container[32].gen_enabled_channel.gtye4_channel_wrapper_inst/channel_inst/gtye4_channel_gen.gen_gtye4_channel_inst[3].GTYE4_CHANNEL_PRIM_INST/TXOUTCLK
                         net (fo=7, routed)           0.085     0.085    bd_i/xdma_0/inst/pcie4_ip_i/inst/bd_xdma_0_0_pcie4_ip_gt_top_i/diablo_gt.diablo_gt_phy_wrapper/phy_clk_i/GT_TXOUTCLK[0]
    BUFG_GT_X1Y198                                                    r  bd_i/xdma_0/inst/pcie4_ip_i/inst/bd_xdma_0_0_pcie4_ip_gt_top_i/diablo_gt.diablo_gt_phy_wrapper/phy_clk_i/bufg_gt_userclk/I
    BUFG_GT_X1Y198       BUFG_GT (Prop_BUFG_GT_I_O)
                                                      0.130     0.215 r  bd_i/xdma_0/inst/pcie4_ip_i/inst/bd_xdma_0_0_pcie4_ip_gt_top_i/diablo_gt.diablo_gt_phy_wrapper/phy_clk_i/bufg_gt_userclk/O
    X3Y9 (CLOCK_ROOT)    net (fo=148450, routed)      2.942     3.157    bd_i/layer_0/inst/u_core/u_dn/aclk
    SLR Crossing[1->2]   
    SLICE_X82Y751        FDRE                                         r  bd_i/layer_0/inst/u_core/u_dn/row_reg[5]/C
  -------------------------------------------------------------------    -------------------
    SLICE_X82Y751        FDRE (Prop_GFF_SLICEL_C_Q)
                                                      0.079     3.236 r  bd_i/layer_0/inst/u_core/u_dn/row_reg[5]/Q
                         net (fo=71, routed)          0.680     3.916    bd_i/layer_0/inst/u_core/u_dn/kn_reg_0_63_7_13/ADDRA5
    SLICE_X81Y743                                                     r  bd_i/layer_0/inst/u_core/u_dn/kn_reg_0_63_7_13/RAMA/RADR5
    SLICE_X81Y743        RAMD64E (Prop_A6LUT_SLICEM_RADR5_O)
                                                      0.038     3.954 r  bd_i/layer_0/inst/u_core/u_dn/kn_reg_0_63_7_13/RAMA/O
                         net (fo=16, routed)          0.856     4.810    bd_i/layer_0/inst/u_core/u_dn/kn_reg_0_63_7_13_n_0
    SLICE_X89Y769                                                     r  bd_i/layer_0/inst/u_core/u_dn/g_lane[72].p2_p_reg[72]_i_9/I2
    SLICE_X89Y769        LUT3 (Prop_A6LUT_SLICEL_I2_O)
                                                      0.090     4.900 r  bd_i/layer_0/inst/u_core/u_dn/g_lane[72].p2_p_reg[72]_i_9/O
                         net (fo=32, routed)          2.438     7.338    bd_i/layer_0/inst/u_core/u_dn/p_0_out__11__2/B[7]
    DSP48E2_X3Y288       DSP_A_B_DATA                                 r  bd_i/layer_0/inst/u_core/u_dn/p_0_out__11__2/DSP_A_B_DATA_INST/B[7]
  -------------------------------------------------------------------    -------------------

                         (clock xdma_0_axi_aclk rise edge)
                                                      4.000     4.000 r  
    GTYE4_CHANNEL_X1Y35  GTYE4_CHANNEL                0.000     4.000 r  bd_i/xdma_0/inst/pcie4_ip_i/inst/bd_xdma_0_0_pcie4_ip_gt_top_i/diablo_gt.diablo_gt_phy_wrapper/gt_wizard.gtwizard_top_i/bd_xdma_0_0_pcie4_ip_gt_i/inst/gen_gtwizard_gtye4_top.bd_xdma_0_0_pcie4_ip_gt_gtwizard_gtye4_inst/gen_gtwizard_gtye4.gen_channel_container[32].gen_enabled_channel.gtye4_channel_wrapper_inst/channel_inst/gtye4_channel_gen.gen_gtye4_channel_inst[3].GTYE4_CHANNEL_PRIM_INST/TXOUTCLK
                         net (fo=7, routed)           0.078     4.078    bd_i/xdma_0/inst/pcie4_ip_i/inst/bd_xdma_0_0_pcie4_ip_gt_top_i/diablo_gt.diablo_gt_phy_wrapper/phy_clk_i/GT_TXOUTCLK[0]
    BUFG_GT_X1Y198                                                    r  bd_i/xdma_0/inst/pcie4_ip_i/inst/bd_xdma_0_0_pcie4_ip_gt_top_i/diablo_gt.diablo_gt_phy_wrapper/phy_clk_i/bufg_gt_userclk/I
    BUFG_GT_X1Y198       BUFG_GT (Prop_BUFG_GT_I_O)
                                                      0.114     4.192 r  bd_i/xdma_0/inst/pcie4_ip_i/inst/bd_xdma_0_0_pcie4_ip_gt_top_i/diablo_gt.diablo_gt_phy_wrapper/phy_clk_i/bufg_gt_userclk/O
    X3Y9 (CLOCK_ROOT)    net (fo=148450, routed)      2.952     7.144    bd_i/layer_0/inst/u_core/u_dn/p_0_out__11__2/CLK
    SLR Crossing[1->2]   
    DSP48E2_X3Y288       DSP_A_B_DATA                                 r  bd_i/layer_0/inst/u_core/u_dn/p_0_out__11__2/DSP_A_B_DATA_INST/CLK
                         clock pessimism              0.247     7.391    
                         clock uncertainty           -0.046     7.345    
    DSP48E2_X3Y288       DSP_A_B_DATA (Setup_DSP_A_B_DATA_DSP48E2_CLK_B[7])
                                                     -0.248     7.097    bd_i/layer_0/inst/u_core/u_dn/p_0_out__11__2/DSP_A_B_DATA_INST
  -------------------------------------------------------------------
                         required time                          7.097    
                         arrival time                          -7.338    
  -------------------------------------------------------------------
                         slack                                 -0.241    

Slack (VIOLATED) :        -0.241ns  (required time - arrival time)
  Source:                 bd_i/layer_0/inst/u_core/smem_a_reg_bram_0/CLKBWRCLK
                            (rising edge-triggered cell RAMB36E2 clocked by xdma_0_axi_aclk  {rise@0.000ns fall@2.000ns period=4.000ns})
  Destination:            bd_i/layer_0/inst/u_core/cs_wd_reg[32]/D
                            (rising edge-triggered cell FDRE clocked by xdma_0_axi_aclk  {rise@0.000ns fall@2.000ns period=4.000ns})
  Path Group:             xdma_0_axi_aclk
  Path Type:              Setup (Max at Slow Process Corner)
  Requirement:            4.000ns  (xdma_0_axi_aclk rise@4.000ns - xdma_0_axi_aclk rise@0.000ns)
  Data Path Delay:        4.087ns  (logic 2.607ns (63.781%)  route 1.480ns (36.219%))
  Logic Levels:           9  (LUT3=2 RAMB36E2=7)
  Clock Path Skew:        -0.132ns (DCD - SCD + CPR)
    Destination Clock Delay (DCD):    2.860ns = ( 6.860 - 4.000 ) 
    Source Clock Delay      (SCD):    3.236ns
    Clock Pessimism Removal (CPR):    0.244ns
  Clock Uncertainty:      0.046ns  ((TSJ^2 + DJ^2)^1/2) / 2 + PE
    Total System Jitter     (TSJ):    0.071ns
    Discrete Jitter          (DJ):    0.060ns
    Phase Error              (PE):    0.000ns
  Clock Net Delay (Source):      3.021ns (routing 1.183ns, distribution 1.838ns)
  Clock Net Delay (Destination): 2.668ns (routing 1.071ns, distribution 1.597ns)

    Location             Delay type                Incr(ns)  Path(ns)    Netlist Resource(s)
  -------------------------------------------------------------------    -------------------
                         (clock xdma_0_axi_aclk rise edge)
                                                      0.000     0.000 r  
    GTYE4_CHANNEL_X1Y35  GTYE4_CHANNEL                0.000     0.000 r  bd_i/xdma_0/inst/pcie4_ip_i/inst/bd_xdma_0_0_pcie4_ip_gt_top_i/diablo_gt.diablo_gt_phy_wrapper/gt_wizard.gtwizard_top_i/bd_xdma_0_0_pcie4_ip_gt_i/inst/gen_gtwizard_gtye4_top.bd_xdma_0_0_pcie4_ip_gt_gtwizard_gtye4_inst/gen_gtwizard_gtye4.gen_channel_container[32].gen_enabled_channel.gtye4_channel_wrapper_inst/channel_inst/gtye4_channel_gen.gen_gtye4_channel_inst[3].GTYE4_CHANNEL_PRIM_INST/TXOUTCLK
                         net (fo=7, routed)           0.085     0.085    bd_i/xdma_0/inst/pcie4_ip_i/inst/bd_xdma_0_0_pcie4_ip_gt_top_i/diablo_gt.diablo_gt_phy_wrapper/phy_clk_i/GT_TXOUTCLK[0]
    BUFG_GT_X1Y198                                                    r  bd_i/xdma_0/inst/pcie4_ip_i/inst/bd_xdma_0_0_pcie4_ip_gt_top_i/diablo_gt.diablo_gt_phy_wrapper/phy_clk_i/bufg_gt_userclk/I
    BUFG_GT_X1Y198       BUFG_GT (Prop_BUFG_GT_I_O)
                                                      0.130     0.215 r  bd_i/xdma_0/inst/pcie4_ip_i/inst/bd_xdma_0_0_pcie4_ip_gt_top_i/diablo_gt.diablo_gt_phy_wrapper/phy_clk_i/bufg_gt_userclk/O
    X3Y9 (CLOCK_ROOT)    net (fo=148450, routed)      3.021     3.236    bd_i/layer_0/inst/u_core/aclk
    SLR Crossing[1->2]   
    RAMB36_X7Y145        RAMB36E2                                     r  bd_i/layer_0/inst/u_core/smem_a_reg_bram_0/CLKBWRCLK
  -------------------------------------------------------------------    -------------------
    RAMB36_X7Y145        RAMB36E2 (Prop_RAMB36E2_RAMB36_CLKBWRCLK_CASDOUTB[0])
                                                      1.145     4.381 r  bd_i/layer_0/inst/u_core/smem_a_reg_bram_0/CASDOUTB[0]
                         net (fo=1, routed)           0.028     4.409    bd_i/layer_0/inst/u_core/smem_a_reg_bram_0_n_67
    RAMB36_X7Y146                                                     r  bd_i/layer_0/inst/u_core/smem_a_reg_bram_1/CASDINB[0]
    RAMB36_X7Y146        RAMB36E2 (Prop_RAMB36E2_RAMB36_CASDINB[0]_CASDOUTB[0])
                                                      0.210     4.619 r  bd_i/layer_0/inst/u_core/smem_a_reg_bram_1/CASDOUTB[0]
                         net (fo=1, routed)           0.028     4.647    bd_i/layer_0/inst/u_core/smem_a_reg_bram_1_n_67
    RAMB36_X7Y147                                                     r  bd_i/layer_0/inst/u_core/smem_a_reg_bram_2/CASDINB[0]
    RAMB36_X7Y147        RAMB36E2 (Prop_RAMB36E2_RAMB36_CASDINB[0]_CASDOUTB[0])
                                                      0.210     4.857 r  bd_i/layer_0/inst/u_core/smem_a_reg_bram_2/CASDOUTB[0]
                         net (fo=1, routed)           0.028     4.885    bd_i/layer_0/inst/u_core/smem_a_reg_bram_2_n_67
    RAMB36_X7Y148                                                     r  bd_i/layer_0/inst/u_core/smem_a_reg_bram_3/CASDINB[0]
    RAMB36_X7Y148        RAMB36E2 (Prop_RAMB36E2_RAMB36_CASDINB[0]_CASDOUTB[0])
                                                      0.210     5.095 r  bd_i/layer_0/inst/u_core/smem_a_reg_bram_3/CASDOUTB[0]
                         net (fo=1, routed)           0.028     5.123    bd_i/layer_0/inst/u_core/smem_a_reg_bram_3_n_67
    RAMB36_X7Y149                                                     r  bd_i/layer_0/inst/u_core/smem_a_reg_bram_4/CASDINB[0]
    RAMB36_X7Y149        RAMB36E2 (Prop_RAMB36E2_RAMB36_CASDINB[0]_CASDOUTB[0])
                                                      0.210     5.333 r  bd_i/layer_0/inst/u_core/smem_a_reg_bram_4/CASDOUTB[0]
                         net (fo=1, routed)           0.028     5.361    bd_i/layer_0/inst/u_core/smem_a_reg_bram_4_n_67
    RAMB36_X7Y150                                                     r  bd_i/layer_0/inst/u_core/smem_a_reg_bram_5/CASDINB[0]
    RAMB36_X7Y150        RAMB36E2 (Prop_RAMB36E2_RAMB36_CASDINB[0]_CASDOUTB[0])
                                                      0.210     5.571 r  bd_i/layer_0/inst/u_core/smem_a_reg_bram_5/CASDOUTB[0]
                         net (fo=1, routed)           0.028     5.599    bd_i/layer_0/inst/u_core/smem_a_reg_bram_5_n_67
    RAMB36_X7Y151                                                     r  bd_i/layer_0/inst/u_core/smem_a_reg_bram_6/CASDINB[0]
    RAMB36_X7Y151        RAMB36E2 (Prop_RAMB36E2_RAMB36_CASDINB[0]_CASDOUTB[0])
                                                      0.210     5.809 r  bd_i/layer_0/inst/u_core/smem_a_reg_bram_6/CASDOUTB[0]
                         net (fo=1, routed)           0.028     5.837    bd_i/layer_0/inst/u_core/smem_a_reg_bram_6_n_67
    RAMB36_X7Y152                                                     r  bd_i/layer_0/inst/u_core/smem_a_reg_bram_7/CASDINB[0]
    RAMB36_X7Y152        RAMB36E2 (Prop_RAMB36E2_RAMB36_CASDINB[0]_DOUTBDOUT[0])
                                                      0.117     5.954 r  bd_i/layer_0/inst/u_core/smem_a_reg_bram_7/DOUTBDOUT[0]
                         net (fo=5, routed)           0.691     6.645    bd_i/layer_0/inst/u_core/u_alu/cp_v32_reg[7]_0[0]
    SLICE_X89Y744                                                     r  bd_i/layer_0/inst/u_core/u_alu/fdat_reg_0_3_0_13_i_2/I2
    SLICE_X89Y744        LUT3 (Prop_C6LUT_SLICEL_I2_O)
                                                      0.035     6.680 r  bd_i/layer_0/inst/u_core/u_alu/fdat_reg_0_3_0_13_i_2/O
                         net (fo=32, routed)          0.544     7.224    bd_i/layer_0/inst/u_core/sa_q[0]
    SLICE_X83Y736                                                     r  bd_i/layer_0/inst/u_core/cs_wd[32]_i_1/I2
    SLICE_X83Y736        LUT3 (Prop_D6LUT_SLICEL_I2_O)
                                                      0.050     7.274 r  bd_i/layer_0/inst/u_core/cs_wd[32]_i_1/O
                         net (fo=1, routed)           0.049     7.323    bd_i/layer_0/inst/u_core/cs_wd[32]
    SLICE_X83Y736        FDRE                                         r  bd_i/layer_0/inst/u_core/cs_wd_reg[32]/D
  -------------------------------------------------------------------    -------------------

                         (clock xdma_0_axi_aclk rise edge)
                                                      4.000     4.000 r  
    GTYE4_CHANNEL_X1Y35  GTYE4_CHANNEL                0.000     4.000 r  bd_i/xdma_0/inst/pcie4_ip_i/inst/bd_xdma_0_0_pcie4_ip_gt_top_i/diablo_gt.diablo_gt_phy_wrapper/gt_wizard.gtwizard_top_i/bd_xdma_0_0_pcie4_ip_gt_i/inst/gen_gtwizard_gtye4_top.bd_xdma_0_0_pcie4_ip_gt_gtwizard_gtye4_inst/gen_gtwizard_gtye4.gen_channel_container[32].gen_enabled_channel.gtye4_channel_wrapper_inst/channel_inst/gtye4_channel_gen.gen_gtye4_channel_inst[3].GTYE4_CHANNEL_PRIM_INST/TXOUTCLK
                         net (fo=7, routed)           0.078     4.078    bd_i/xdma_0/inst/pcie4_ip_i/inst/bd_xdma_0_0_pcie4_ip_gt_top_i/diablo_gt.diablo_gt_phy_wrapper/phy_clk_i/GT_TXOUTCLK[0]
    BUFG_GT_X1Y198                                                    r  bd_i/xdma_0/inst/pcie4_ip_i/inst/bd_xdma_0_0_pcie4_ip_gt_top_i/diablo_gt.diablo_gt_phy_wrapper/phy_clk_i/bufg_gt_userclk/I
    BUFG_GT_X1Y198       BUFG_GT (Prop_BUFG_GT_I_O)
                                                      0.114     4.192 r  bd_i/xdma_0/inst/pcie4_ip_i/inst/bd_xdma_0_0_pcie4_ip_gt_top_i/diablo_gt.diablo_gt_phy_wrapper/phy_clk_i/bufg_gt_userclk/O
    X3Y9 (CLOCK_ROOT)    net (fo=148450, routed)      2.668     6.860    bd_i/layer_0/inst/u_core/aclk
    SLR Crossing[1->2]   
    SLICE_X83Y736        FDRE                                         r  bd_i/layer_0/inst/u_core/cs_wd_reg[32]/C
                         clock pessimism              0.244     7.104    
                         clock uncertainty           -0.046     7.057    
    SLICE_X83Y736        FDRE (Setup_DFF_SLICEL_C_D)
                                                      0.025     7.082    bd_i/layer_0/inst/u_core/cs_wd_reg[32]
  -------------------------------------------------------------------
                         required time                          7.082    
                         arrival time                          -7.323    
  -------------------------------------------------------------------
                         slack                                 -0.241    

Slack (VIOLATED) :        -0.240ns  (required time - arrival time)
  Source:                 <hidden>
                            (rising edge-triggered cell FDRE clocked by xdma_0_axi_aclk  {rise@0.000ns fall@2.000ns period=4.000ns})
  Destination:            bd_i/axil_slice_5/inst/w.w_pipe/m_payload_i_reg[12]/D
                            (rising edge-triggered cell FDRE clocked by xdma_0_axi_aclk  {rise@0.000ns fall@2.000ns period=4.000ns})
  Path Group:             xdma_0_axi_aclk
  Path Type:              Setup (Max at Slow Process Corner)
  Requirement:            4.000ns  (xdma_0_axi_aclk rise@4.000ns - xdma_0_axi_aclk rise@0.000ns)
  Data Path Delay:        3.653ns  (logic 0.079ns (2.163%)  route 3.574ns (97.837%))
  Logic Levels:           0  
  Clock Path Skew:        -0.353ns (DCD - SCD + CPR)
    Destination Clock Delay (DCD):    2.678ns = ( 6.678 - 4.000 ) 
    Source Clock Delay      (SCD):    3.166ns
    Clock Pessimism Removal (CPR):    0.135ns
  Clock Uncertainty:      0.046ns  ((TSJ^2 + DJ^2)^1/2) / 2 + PE
    Total System Jitter     (TSJ):    0.071ns
    Discrete Jitter          (DJ):    0.060ns
    Phase Error              (PE):    0.000ns
  Inter-SLR Compensation: 0.212ns  ((DCD - CCD) * PF)
    Destination Clock Delay (DCD):    2.678ns
    Common Clock Delay      (CCD):    1.263ns
    Prorating Factor         (PF):    0.150
  Clock Net Delay (Source):      2.951ns (routing 1.183ns, distribution 1.768ns)
  Clock Net Delay (Destination): 2.486ns (routing 1.071ns, distribution 1.415ns)

    Location             Delay type                Incr(ns)  Path(ns)    Netlist Resource(s)
  -------------------------------------------------------------------    -------------------
                         (clock xdma_0_axi_aclk rise edge)
                                                      0.000     0.000 r  
    GTYE4_CHANNEL_X1Y35  GTYE4_CHANNEL                0.000     0.000 r  bd_i/xdma_0/inst/pcie4_ip_i/inst/bd_xdma_0_0_pcie4_ip_gt_top_i/diablo_gt.diablo_gt_phy_wrapper/gt_wizard.gtwizard_top_i/bd_xdma_0_0_pcie4_ip_gt_i/inst/gen_gtwizard_gtye4_top.bd_xdma_0_0_pcie4_ip_gt_gtwizard_gtye4_inst/gen_gtwizard_gtye4.gen_channel_container[32].gen_enabled_channel.gtye4_channel_wrapper_inst/channel_inst/gtye4_channel_gen.gen_gtye4_channel_inst[3].GTYE4_CHANNEL_PRIM_INST/TXOUTCLK
                         net (fo=7, routed)           0.085     0.085    bd_i/xdma_0/inst/pcie4_ip_i/inst/bd_xdma_0_0_pcie4_ip_gt_top_i/diablo_gt.diablo_gt_phy_wrapper/phy_clk_i/GT_TXOUTCLK[0]
    BUFG_GT_X1Y198                                                    r  bd_i/xdma_0/inst/pcie4_ip_i/inst/bd_xdma_0_0_pcie4_ip_gt_top_i/diablo_gt.diablo_gt_phy_wrapper/phy_clk_i/bufg_gt_userclk/I
    BUFG_GT_X1Y198       BUFG_GT (Prop_BUFG_GT_I_O)
                                                      0.130     0.215 r  bd_i/xdma_0/inst/pcie4_ip_i/inst/bd_xdma_0_0_pcie4_ip_gt_top_i/diablo_gt.diablo_gt_phy_wrapper/phy_clk_i/bufg_gt_userclk/O
    X3Y9 (CLOCK_ROOT)    net (fo=148450, routed)      2.951     3.166    <hidden>
    SLICE_X76Y352        FDRE                                         r  <hidden>
  -------------------------------------------------------------------    -------------------
    SLICE_X76Y352        FDRE (Prop_HFF_SLICEM_C_Q)
                                                      0.079     3.245 r  <hidden>
                         net (fo=7, routed)           3.574     6.819    bd_i/axil_slice_5/inst/w.w_pipe/D[12]
    SLR Crossing[1->2]   
    SLICE_X91Y624        FDRE                                         r  bd_i/axil_slice_5/inst/w.w_pipe/m_payload_i_reg[12]/D
  -------------------------------------------------------------------    -------------------

                         (clock xdma_0_axi_aclk rise edge)
                                                      4.000     4.000 r  
    GTYE4_CHANNEL_X1Y35  GTYE4_CHANNEL                0.000     4.000 r  bd_i/xdma_0/inst/pcie4_ip_i/inst/bd_xdma_0_0_pcie4_ip_gt_top_i/diablo_gt.diablo_gt_phy_wrapper/gt_wizard.gtwizard_top_i/bd_xdma_0_0_pcie4_ip_gt_i/inst/gen_gtwizard_gtye4_top.bd_xdma_0_0_pcie4_ip_gt_gtwizard_gtye4_inst/gen_gtwizard_gtye4.gen_channel_container[32].gen_enabled_channel.gtye4_channel_wrapper_inst/channel_inst/gtye4_channel_gen.gen_gtye4_channel_inst[3].GTYE4_CHANNEL_PRIM_INST/TXOUTCLK
                         net (fo=7, routed)           0.078     4.078    bd_i/xdma_0/inst/pcie4_ip_i/inst/bd_xdma_0_0_pcie4_ip_gt_top_i/diablo_gt.diablo_gt_phy_wrapper/phy_clk_i/GT_TXOUTCLK[0]
    BUFG_GT_X1Y198                                                    r  bd_i/xdma_0/inst/pcie4_ip_i/inst/bd_xdma_0_0_pcie4_ip_gt_top_i/diablo_gt.diablo_gt_phy_wrapper/phy_clk_i/bufg_gt_userclk/I
    BUFG_GT_X1Y198       BUFG_GT (Prop_BUFG_GT_I_O)
                                                      0.114     4.192 r  bd_i/xdma_0/inst/pcie4_ip_i/inst/bd_xdma_0_0_pcie4_ip_gt_top_i/diablo_gt.diablo_gt_phy_wrapper/phy_clk_i/bufg_gt_userclk/O
    X3Y9 (CLOCK_ROOT)    net (fo=148450, routed)      2.486     6.678    bd_i/axil_slice_5/inst/w.w_pipe/aclk
    SLR Crossing[1->2]   
    SLICE_X91Y624        FDRE                                         r  bd_i/axil_slice_5/inst/w.w_pipe/m_payload_i_reg[12]/C
                         clock pessimism              0.135     6.813    
                         inter-SLR compensation      -0.212     6.600    
                         clock uncertainty           -0.046     6.554    
    SLICE_X91Y624        FDRE (Setup_HFF_SLICEL_C_D)
                                                      0.025     6.579    bd_i/axil_slice_5/inst/w.w_pipe/m_payload_i_reg[12]
  -------------------------------------------------------------------
                         required time                          6.579    
                         arrival time                          -6.819    
  -------------------------------------------------------------------
                         slack                                 -0.240    

Slack (VIOLATED) :        -0.239ns  (required time - arrival time)
  Source:                 bd_i/layer_0/inst/u_core/u_dn/row_reg[1]/C
                            (rising edge-triggered cell FDRE clocked by xdma_0_axi_aclk  {rise@0.000ns fall@2.000ns period=4.000ns})
  Destination:            bd_i/layer_0/inst/u_core/u_dn/g_lane[94].kvm_acc_reg[94]/DSP_A_B_DATA_INST/B[14]
                            (rising edge-triggered cell DSP_A_B_DATA clocked by xdma_0_axi_aclk  {rise@0.000ns fall@2.000ns period=4.000ns})
  Path Group:             xdma_0_axi_aclk
  Path Type:              Setup (Max at Slow Process Corner)
  Requirement:            4.000ns  (xdma_0_axi_aclk rise@4.000ns - xdma_0_axi_aclk rise@0.000ns)
  Data Path Delay:        3.744ns  (logic 0.254ns (6.785%)  route 3.490ns (93.215%))
  Logic Levels:           2  (LUT3=1 RAMD64E=1)
  Clock Path Skew:        -0.189ns (DCD - SCD + CPR)
    Destination Clock Delay (DCD):    2.822ns = ( 6.822 - 4.000 ) 
    Source Clock Delay      (SCD):    3.157ns
    Clock Pessimism Removal (CPR):    0.146ns
  Clock Uncertainty:      0.046ns  ((TSJ^2 + DJ^2)^1/2) / 2 + PE
    Total System Jitter     (TSJ):    0.071ns
    Discrete Jitter          (DJ):    0.060ns
    Phase Error              (PE):    0.000ns
  Clock Net Delay (Source):      2.942ns (routing 1.183ns, distribution 1.759ns)
  Clock Net Delay (Destination): 2.630ns (routing 1.071ns, distribution 1.559ns)

    Location             Delay type                Incr(ns)  Path(ns)    Netlist Resource(s)
  -------------------------------------------------------------------    -------------------
                         (clock xdma_0_axi_aclk rise edge)
                                                      0.000     0.000 r  
    GTYE4_CHANNEL_X1Y35  GTYE4_CHANNEL                0.000     0.000 r  bd_i/xdma_0/inst/pcie4_ip_i/inst/bd_xdma_0_0_pcie4_ip_gt_top_i/diablo_gt.diablo_gt_phy_wrapper/gt_wizard.gtwizard_top_i/bd_xdma_0_0_pcie4_ip_gt_i/inst/gen_gtwizard_gtye4_top.bd_xdma_0_0_pcie4_ip_gt_gtwizard_gtye4_inst/gen_gtwizard_gtye4.gen_channel_container[32].gen_enabled_channel.gtye4_channel_wrapper_inst/channel_inst/gtye4_channel_gen.gen_gtye4_channel_inst[3].GTYE4_CHANNEL_PRIM_INST/TXOUTCLK
                         net (fo=7, routed)           0.085     0.085    bd_i/xdma_0/inst/pcie4_ip_i/inst/bd_xdma_0_0_pcie4_ip_gt_top_i/diablo_gt.diablo_gt_phy_wrapper/phy_clk_i/GT_TXOUTCLK[0]
    BUFG_GT_X1Y198                                                    r  bd_i/xdma_0/inst/pcie4_ip_i/inst/bd_xdma_0_0_pcie4_ip_gt_top_i/diablo_gt.diablo_gt_phy_wrapper/phy_clk_i/bufg_gt_userclk/I
    BUFG_GT_X1Y198       BUFG_GT (Prop_BUFG_GT_I_O)
                                                      0.130     0.215 r  bd_i/xdma_0/inst/pcie4_ip_i/inst/bd_xdma_0_0_pcie4_ip_gt_top_i/diablo_gt.diablo_gt_phy_wrapper/phy_clk_i/bufg_gt_userclk/O
    X3Y9 (CLOCK_ROOT)    net (fo=148450, routed)      2.942     3.157    bd_i/layer_0/inst/u_core/u_dn/aclk
    SLR Crossing[1->2]   
    SLICE_X82Y751        FDRE                                         r  bd_i/layer_0/inst/u_core/u_dn/row_reg[1]/C
  -------------------------------------------------------------------    -------------------
    SLICE_X82Y751        FDRE (Prop_EFF_SLICEL_C_Q)
                                                      0.079     3.236 r  bd_i/layer_0/inst/u_core/u_dn/row_reg[1]/Q
                         net (fo=75, routed)          0.715     3.951    bd_i/layer_0/inst/u_core/u_dn/kn_reg_64_127_14_15/ADDRA1
    SLICE_X90Y755                                                     r  bd_i/layer_0/inst/u_core/u_dn/kn_reg_64_127_14_15/RAMA/RADR1
    SLICE_X90Y755        RAMD64E (Prop_E6LUT_SLICEM_RADR1_O)
                                                      0.124     4.075 r  bd_i/layer_0/inst/u_core/u_dn/kn_reg_64_127_14_15/RAMA/O
                         net (fo=16, routed)          0.481     4.556    bd_i/layer_0/inst/u_core/u_dn/kn_reg_64_127_14_15_n_0
    SLICE_X92Y781                                                     r  bd_i/layer_0/inst/u_core/u_dn/g_lane[100].p2_p_reg[100]_i_2/I0
    SLICE_X92Y781        LUT3 (Prop_D6LUT_SLICEM_I0_O)
                                                      0.051     4.607 r  bd_i/layer_0/inst/u_core/u_dn/g_lane[100].p2_p_reg[100]_i_2/O
                         net (fo=34, routed)          2.294     6.901    bd_i/layer_0/inst/u_core/u_dn/g_lane[94].kvm_acc_reg[94]/B[14]
    DSP48E2_X10Y245      DSP_A_B_DATA                                 r  bd_i/layer_0/inst/u_core/u_dn/g_lane[94].kvm_acc_reg[94]/DSP_A_B_DATA_INST/B[14]
  -------------------------------------------------------------------    -------------------

                         (clock xdma_0_axi_aclk rise edge)
                                                      4.000     4.000 r  
    GTYE4_CHANNEL_X1Y35  GTYE4_CHANNEL                0.000     4.000 r  bd_i/xdma_0/inst/pcie4_ip_i/inst/bd_xdma_0_0_pcie4_ip_gt_top_i/diablo_gt.diablo_gt_phy_wrapper/gt_wizard.gtwizard_top_i/bd_xdma_0_0_pcie4_ip_gt_i/inst/gen_gtwizard_gtye4_top.bd_xdma_0_0_pcie4_ip_gt_gtwizard_gtye4_inst/gen_gtwizard_gtye4.gen_channel_container[32].gen_enabled_channel.gtye4_channel_wrapper_inst/channel_inst/gtye4_channel_gen.gen_gtye4_channel_inst[3].GTYE4_CHANNEL_PRIM_INST/TXOUTCLK
                         net (fo=7, routed)           0.078     4.078    bd_i/xdma_0/inst/pcie4_ip_i/inst/bd_xdma_0_0_pcie4_ip_gt_top_i/diablo_gt.diablo_gt_phy_wrapper/phy_clk_i/GT_TXOUTCLK[0]
    BUFG_GT_X1Y198                                                    r  bd_i/xdma_0/inst/pcie4_ip_i/inst/bd_xdma_0_0_pcie4_ip_gt_top_i/diablo_gt.diablo_gt_phy_wrapper/phy_clk_i/bufg_gt_userclk/I
    BUFG_GT_X1Y198       BUFG_GT (Prop_BUFG_GT_I_O)
                                                      0.114     4.192 r  bd_i/xdma_0/inst/pcie4_ip_i/inst/bd_xdma_0_0_pcie4_ip_gt_top_i/diablo_gt.diablo_gt_phy_wrapper/phy_clk_i/bufg_gt_userclk/O
    X3Y9 (CLOCK_ROOT)    net (fo=148450, routed)      2.630     6.822    bd_i/layer_0/inst/u_core/u_dn/g_lane[94].kvm_acc_reg[94]/CLK
    SLR Crossing[1->2]   
    DSP48E2_X10Y245      DSP_A_B_DATA                                 r  bd_i/layer_0/inst/u_core/u_dn/g_lane[94].kvm_acc_reg[94]/DSP_A_B_DATA_INST/CLK
                         clock pessimism              0.146     6.968    
                         clock uncertainty           -0.046     6.922    
    DSP48E2_X10Y245      DSP_A_B_DATA (Setup_DSP_A_B_DATA_DSP48E2_CLK_B[14])
                                                     -0.260     6.662    bd_i/layer_0/inst/u_core/u_dn/g_lane[94].kvm_acc_reg[94]/DSP_A_B_DATA_INST
  -------------------------------------------------------------------
                         required time                          6.662    
                         arrival time                          -6.901    
  -------------------------------------------------------------------
                         slack                                 -0.239    

Slack (VIOLATED) :        -0.239ns  (required time - arrival time)
  Source:                 bd_i/layer_0/inst/u_core/u_dn/row_reg[5]/C
                            (rising edge-triggered cell FDRE clocked by xdma_0_axi_aclk  {rise@0.000ns fall@2.000ns period=4.000ns})
  Destination:            bd_i/layer_0/inst/u_core/u_dn/g_lane[9].kvm_acc_reg[9]/DSP_A_B_DATA_INST/B[1]
                            (rising edge-triggered cell DSP_A_B_DATA clocked by xdma_0_axi_aclk  {rise@0.000ns fall@2.000ns period=4.000ns})
  Path Group:             xdma_0_axi_aclk
  Path Type:              Setup (Max at Slow Process Corner)
  Requirement:            4.000ns  (xdma_0_axi_aclk rise@4.000ns - xdma_0_axi_aclk rise@0.000ns)
  Data Path Delay:        4.135ns  (logic 0.239ns (5.779%)  route 3.896ns (94.221%))
  Logic Levels:           2  (LUT3=1 RAMD64E=1)
  Clock Path Skew:        0.207ns (DCD - SCD + CPR)
    Destination Clock Delay (DCD):    3.117ns = ( 7.117 - 4.000 ) 
    Source Clock Delay      (SCD):    3.157ns
    Clock Pessimism Removal (CPR):    0.247ns
  Clock Uncertainty:      0.046ns  ((TSJ^2 + DJ^2)^1/2) / 2 + PE
    Total System Jitter     (TSJ):    0.071ns
    Discrete Jitter          (DJ):    0.060ns
    Phase Error              (PE):    0.000ns
  Clock Net Delay (Source):      2.942ns (routing 1.183ns, distribution 1.759ns)
  Clock Net Delay (Destination): 2.925ns (routing 1.071ns, distribution 1.854ns)

    Location             Delay type                Incr(ns)  Path(ns)    Netlist Resource(s)
  -------------------------------------------------------------------    -------------------
                         (clock xdma_0_axi_aclk rise edge)
                                                      0.000     0.000 r  
    GTYE4_CHANNEL_X1Y35  GTYE4_CHANNEL                0.000     0.000 r  bd_i/xdma_0/inst/pcie4_ip_i/inst/bd_xdma_0_0_pcie4_ip_gt_top_i/diablo_gt.diablo_gt_phy_wrapper/gt_wizard.gtwizard_top_i/bd_xdma_0_0_pcie4_ip_gt_i/inst/gen_gtwizard_gtye4_top.bd_xdma_0_0_pcie4_ip_gt_gtwizard_gtye4_inst/gen_gtwizard_gtye4.gen_channel_container[32].gen_enabled_channel.gtye4_channel_wrapper_inst/channel_inst/gtye4_channel_gen.gen_gtye4_channel_inst[3].GTYE4_CHANNEL_PRIM_INST/TXOUTCLK
                         net (fo=7, routed)           0.085     0.085    bd_i/xdma_0/inst/pcie4_ip_i/inst/bd_xdma_0_0_pcie4_ip_gt_top_i/diablo_gt.diablo_gt_phy_wrapper/phy_clk_i/GT_TXOUTCLK[0]
    BUFG_GT_X1Y198                                                    r  bd_i/xdma_0/inst/pcie4_ip_i/inst/bd_xdma_0_0_pcie4_ip_gt_top_i/diablo_gt.diablo_gt_phy_wrapper/phy_clk_i/bufg_gt_userclk/I
    BUFG_GT_X1Y198       BUFG_GT (Prop_BUFG_GT_I_O)
                                                      0.130     0.215 r  bd_i/xdma_0/inst/pcie4_ip_i/inst/bd_xdma_0_0_pcie4_ip_gt_top_i/diablo_gt.diablo_gt_phy_wrapper/phy_clk_i/bufg_gt_userclk/O
    X3Y9 (CLOCK_ROOT)    net (fo=148450, routed)      2.942     3.157    bd_i/layer_0/inst/u_core/u_dn/aclk
    SLR Crossing[1->2]   
    SLICE_X82Y751        FDRE                                         r  bd_i/layer_0/inst/u_core/u_dn/row_reg[5]/C
  -------------------------------------------------------------------    -------------------
    SLICE_X82Y751        FDRE (Prop_GFF_SLICEL_C_Q)
                                                      0.079     3.236 r  bd_i/layer_0/inst/u_core/u_dn/row_reg[5]/Q
                         net (fo=71, routed)          0.636     3.872    bd_i/layer_0/inst/u_core/u_dn/kn_reg_64_127_0_6/ADDRB5
    SLICE_X81Y745                                                     r  bd_i/layer_0/inst/u_core/u_dn/kn_reg_64_127_0_6/RAMB/RADR5
    SLICE_X81Y745        RAMD64E (Prop_B6LUT_SLICEM_RADR5_O)
                                                      0.037     3.909 r  bd_i/layer_0/inst/u_core/u_dn/kn_reg_64_127_0_6/RAMB/O
                         net (fo=16, routed)          0.949     4.858    bd_i/layer_0/inst/u_core/u_dn/kn_reg_64_127_0_6_n_1
    SLICE_X109Y758                                                    r  bd_i/layer_0/inst/u_core/u_dn/g_lane[123].kvm_acc_reg[123]_i_16/I0
    SLICE_X109Y758       LUT3 (Prop_C6LUT_SLICEL_I0_O)
                                                      0.123     4.981 r  bd_i/layer_0/inst/u_core/u_dn/g_lane[123].kvm_acc_reg[123]_i_16/O
                         net (fo=34, routed)          2.311     7.292    bd_i/layer_0/inst/u_core/u_dn/g_lane[9].kvm_acc_reg[9]/B[1]
    DSP48E2_X4Y303       DSP_A_B_DATA                                 r  bd_i/layer_0/inst/u_core/u_dn/g_lane[9].kvm_acc_reg[9]/DSP_A_B_DATA_INST/B[1]
  -------------------------------------------------------------------    -------------------

                         (clock xdma_0_axi_aclk rise edge)
                                                      4.000     4.000 r  
    GTYE4_CHANNEL_X1Y35  GTYE4_CHANNEL                0.000     4.000 r  bd_i/xdma_0/inst/pcie4_ip_i/inst/bd_xdma_0_0_pcie4_ip_gt_top_i/diablo_gt.diablo_gt_phy_wrapper/gt_wizard.gtwizard_top_i/bd_xdma_0_0_pcie4_ip_gt_i/inst/gen_gtwizard_gtye4_top.bd_xdma_0_0_pcie4_ip_gt_gtwizard_gtye4_inst/gen_gtwizard_gtye4.gen_channel_container[32].gen_enabled_channel.gtye4_channel_wrapper_inst/channel_inst/gtye4_channel_gen.gen_gtye4_channel_inst[3].GTYE4_CHANNEL_PRIM_INST/TXOUTCLK
                         net (fo=7, routed)           0.078     4.078    bd_i/xdma_0/inst/pcie4_ip_i/inst/bd_xdma_0_0_pcie4_ip_gt_top_i/diablo_gt.diablo_gt_phy_wrapper/phy_clk_i/GT_TXOUTCLK[0]
    BUFG_GT_X1Y198                                                    r  bd_i/xdma_0/inst/pcie4_ip_i/inst/bd_xdma_0_0_pcie4_ip_gt_top_i/diablo_gt.diablo_gt_phy_wrapper/phy_clk_i/bufg_gt_userclk/I
    BUFG_GT_X1Y198       BUFG_GT (Prop_BUFG_GT_I_O)
                                                      0.114     4.192 r  bd_i/xdma_0/inst/pcie4_ip_i/inst/bd_xdma_0_0_pcie4_ip_gt_top_i/diablo_gt.diablo_gt_phy_wrapper/phy_clk_i/bufg_gt_userclk/O
    X3Y9 (CLOCK_ROOT)    net (fo=148450, routed)      2.925     7.117    bd_i/layer_0/inst/u_core/u_dn/g_lane[9].kvm_acc_reg[9]/CLK
    SLR Crossing[1->2]   
    DSP48E2_X4Y303       DSP_A_B_DATA                                 r  bd_i/layer_0/inst/u_core/u_dn/g_lane[9].kvm_acc_reg[9]/DSP_A_B_DATA_INST/CLK
                         clock pessimism              0.247     7.364    
                         clock uncertainty           -0.046     7.318    
    DSP48E2_X4Y303       DSP_A_B_DATA (Setup_DSP_A_B_DATA_DSP48E2_CLK_B[1])
                                                     -0.264     7.054    bd_i/layer_0/inst/u_core/u_dn/g_lane[9].kvm_acc_reg[9]/DSP_A_B_DATA_INST
  -------------------------------------------------------------------
                         required time                          7.054    
                         arrival time                          -7.292    
  -------------------------------------------------------------------
                         slack                                 -0.239    

Slack (VIOLATED) :        -0.238ns  (required time - arrival time)
  Source:                 bd_i/layer_0/inst/u_core/u_conv/u_silu/sig20_carry_i_3_psbram/C
                            (rising edge-triggered cell FDRE clocked by xdma_0_axi_aclk  {rise@0.000ns fall@2.000ns period=4.000ns})
  Destination:            bd_i/layer_0/inst/u_core/u_conv/u_silu/m3_reg/DSP_A_B_DATA_INST/B[15]
                            (rising edge-triggered cell DSP_A_B_DATA clocked by xdma_0_axi_aclk  {rise@0.000ns fall@2.000ns period=4.000ns})
  Path Group:             xdma_0_axi_aclk
  Path Type:              Setup (Max at Slow Process Corner)
  Requirement:            4.000ns  (xdma_0_axi_aclk rise@4.000ns - xdma_0_axi_aclk rise@0.000ns)
  Data Path Delay:        3.869ns  (logic 2.289ns (59.162%)  route 1.580ns (40.838%))
  Logic Levels:           12  (CARRY8=4 DSP_A_B_DATA=1 DSP_ALU=1 DSP_M_DATA=1 DSP_MULTIPLIER=1 DSP_OUTPUT=1 DSP_PREADD_DATA=1 LUT2=2)
  Clock Path Skew:        -0.074ns (DCD - SCD + CPR)
    Destination Clock Delay (DCD):    3.008ns = ( 7.008 - 4.000 ) 
    Source Clock Delay      (SCD):    3.339ns
    Clock Pessimism Removal (CPR):    0.257ns
  Clock Uncertainty:      0.046ns  ((TSJ^2 + DJ^2)^1/2) / 2 + PE
    Total System Jitter     (TSJ):    0.071ns
    Discrete Jitter          (DJ):    0.060ns
    Phase Error              (PE):    0.000ns
  Clock Net Delay (Source):      3.124ns (routing 1.183ns, distribution 1.941ns)
  Clock Net Delay (Destination): 2.816ns (routing 1.071ns, distribution 1.745ns)

    Location             Delay type                Incr(ns)  Path(ns)    Netlist Resource(s)
  -------------------------------------------------------------------    -------------------
                         (clock xdma_0_axi_aclk rise edge)
                                                      0.000     0.000 r  
    GTYE4_CHANNEL_X1Y35  GTYE4_CHANNEL                0.000     0.000 r  bd_i/xdma_0/inst/pcie4_ip_i/inst/bd_xdma_0_0_pcie4_ip_gt_top_i/diablo_gt.diablo_gt_phy_wrapper/gt_wizard.gtwizard_top_i/bd_xdma_0_0_pcie4_ip_gt_i/inst/gen_gtwizard_gtye4_top.bd_xdma_0_0_pcie4_ip_gt_gtwizard_gtye4_inst/gen_gtwizard_gtye4.gen_channel_container[32].gen_enabled_channel.gtye4_channel_wrapper_inst/channel_inst/gtye4_channel_gen.gen_gtye4_channel_inst[3].GTYE4_CHANNEL_PRIM_INST/TXOUTCLK
                         net (fo=7, routed)           0.085     0.085    bd_i/xdma_0/inst/pcie4_ip_i/inst/bd_xdma_0_0_pcie4_ip_gt_top_i/diablo_gt.diablo_gt_phy_wrapper/phy_clk_i/GT_TXOUTCLK[0]
    BUFG_GT_X1Y198                                                    r  bd_i/xdma_0/inst/pcie4_ip_i/inst/bd_xdma_0_0_pcie4_ip_gt_top_i/diablo_gt.diablo_gt_phy_wrapper/phy_clk_i/bufg_gt_userclk/I
    BUFG_GT_X1Y198       BUFG_GT (Prop_BUFG_GT_I_O)
                                                      0.130     0.215 r  bd_i/xdma_0/inst/pcie4_ip_i/inst/bd_xdma_0_0_pcie4_ip_gt_top_i/diablo_gt.diablo_gt_phy_wrapper/phy_clk_i/bufg_gt_userclk/O
    X3Y9 (CLOCK_ROOT)    net (fo=148450, routed)      3.124     3.339    bd_i/layer_0/inst/u_core/u_conv/u_silu/aclk
    SLR Crossing[1->2]   
    SLICE_X49Y705        FDRE                                         r  bd_i/layer_0/inst/u_core/u_conv/u_silu/sig20_carry_i_3_psbram/C
  -------------------------------------------------------------------    -------------------
    SLICE_X49Y705        FDRE (Prop_BFF2_SLICEL_C_Q)
                                                      0.080     3.419 r  bd_i/layer_0/inst/u_core/u_conv/u_silu/sig20_carry_i_3_psbram/Q
                         net (fo=3, routed)           0.196     3.615    bd_i/layer_0/inst/u_core/u_conv/u_silu/idx0_reg_n_42
    SLICE_X49Y706                                                     r  bd_i/layer_0/inst/u_core/u_conv/u_silu/sig24_carry_i_3/I1
    SLICE_X49Y706        LUT2 (Prop_F6LUT_SLICEL_I1_O)
                                                      0.089     3.704 r  bd_i/layer_0/inst/u_core/u_conv/u_silu/sig24_carry_i_3/O
                         net (fo=1, routed)           0.011     3.715    bd_i/layer_0/inst/u_core/u_conv/u_silu/sig24_carry_i_3_n_0
    SLICE_X49Y706                                                     r  bd_i/layer_0/inst/u_core/u_conv/u_silu/sig24_carry/S[5]
    SLICE_X49Y706        CARRY8 (Prop_CARRY8_SLICEL_S[5]_CO[7])
                                                      0.155     3.870 r  bd_i/layer_0/inst/u_core/u_conv/u_silu/sig24_carry/CO[7]
                         net (fo=1, routed)           0.026     3.896    bd_i/layer_0/inst/u_core/u_conv/u_silu/sig24_carry_n_0
    SLICE_X49Y707                                                     r  bd_i/layer_0/inst/u_core/u_conv/u_silu/sig24_carry__0/CI
    SLICE_X49Y707        CARRY8 (Prop_CARRY8_SLICEL_CI_O[0])
                                                      0.056     3.952 f  bd_i/layer_0/inst/u_core/u_conv/u_silu/sig24_carry__0/O[0]
                         net (fo=1, routed)           0.471     4.423    bd_i/layer_0/inst/u_core/u_conv/u_silu/sig23/A[8]
    DSP48E2_X6Y283                                                    f  bd_i/layer_0/inst/u_core/u_conv/u_silu/sig23/DSP_A_B_DATA_INST/A[8]
    DSP48E2_X6Y283       DSP_A_B_DATA (Prop_DSP_A_B_DATA_DSP48E2_A[8]_A2_DATA[8])
                                                      0.192     4.615 r  bd_i/layer_0/inst/u_core/u_conv/u_silu/sig23/DSP_A_B_DATA_INST/A2_DATA[8]
                         net (fo=1, routed)           0.000     4.615    bd_i/layer_0/inst/u_core/u_conv/u_silu/sig23/DSP_A_B_DATA.A2_DATA<8>
    DSP48E2_X6Y283                                                    r  bd_i/layer_0/inst/u_core/u_conv/u_silu/sig23/DSP_PREADD_DATA_INST/A2_DATA[8]
    DSP48E2_X6Y283       DSP_PREADD_DATA (Prop_DSP_PREADD_DATA_DSP48E2_A2_DATA[8]_A2A1[8])
                                                      0.076     4.691 r  bd_i/layer_0/inst/u_core/u_conv/u_silu/sig23/DSP_PREADD_DATA_INST/A2A1[8]
                         net (fo=1, routed)           0.000     4.691    bd_i/layer_0/inst/u_core/u_conv/u_silu/sig23/DSP_PREADD_DATA.A2A1<8>
    DSP48E2_X6Y283                                                    r  bd_i/layer_0/inst/u_core/u_conv/u_silu/sig23/DSP_MULTIPLIER_INST/A2A1[8]
    DSP48E2_X6Y283       DSP_MULTIPLIER (Prop_DSP_MULTIPLIER_DSP48E2_A2A1[8]_U[10])
                                                      0.505     5.196 f  bd_i/layer_0/inst/u_core/u_conv/u_silu/sig23/DSP_MULTIPLIER_INST/U[10]
                         net (fo=1, routed)           0.000     5.196    bd_i/layer_0/inst/u_core/u_conv/u_silu/sig23/DSP_MULTIPLIER.U<10>
    DSP48E2_X6Y283                                                    f  bd_i/layer_0/inst/u_core/u_conv/u_silu/sig23/DSP_M_DATA_INST/U[10]
    DSP48E2_X6Y283       DSP_M_DATA (Prop_DSP_M_DATA_DSP48E2_U[10]_U_DATA[10])
                                                      0.047     5.243 r  bd_i/layer_0/inst/u_core/u_conv/u_silu/sig23/DSP_M_DATA_INST/U_DATA[10]
                         net (fo=1, routed)           0.000     5.243    bd_i/layer_0/inst/u_core/u_conv/u_silu/sig23/DSP_M_DATA.U_DATA<10>
    DSP48E2_X6Y283                                                    r  bd_i/layer_0/inst/u_core/u_conv/u_silu/sig23/DSP_ALU_INST/U_DATA[10]
    DSP48E2_X6Y283       DSP_ALU (Prop_DSP_ALU_DSP48E2_U_DATA[10]_ALU_OUT[10])
                                                      0.585     5.828 f  bd_i/layer_0/inst/u_core/u_conv/u_silu/sig23/DSP_ALU_INST/ALU_OUT[10]
                         net (fo=1, routed)           0.000     5.828    bd_i/layer_0/inst/u_core/u_conv/u_silu/sig23/DSP_ALU.ALU_OUT<10>
    DSP48E2_X6Y283                                                    f  bd_i/layer_0/inst/u_core/u_conv/u_silu/sig23/DSP_OUTPUT_INST/ALU_OUT[10]
    DSP48E2_X6Y283       DSP_OUTPUT (Prop_DSP_OUTPUT_DSP48E2_ALU_OUT[10]_P[10])
                                                      0.109     5.937 r  bd_i/layer_0/inst/u_core/u_conv/u_silu/sig23/DSP_OUTPUT_INST/P[10]
                         net (fo=1, routed)           0.461     6.398    bd_i/layer_0/inst/u_core/u_conv/u_silu/sig21[1]
    SLICE_X50Y706                                                     r  bd_i/layer_0/inst/u_core/u_conv/u_silu/sig20_carry_i_7/I1
    SLICE_X50Y706        LUT2 (Prop_B6LUT_SLICEM_I1_O)
                                                      0.089     6.487 r  bd_i/layer_0/inst/u_core/u_conv/u_silu/sig20_carry_i_7/O
                         net (fo=1, routed)           0.016     6.503    bd_i/layer_0/inst/u_core/u_conv/u_silu/sig20_carry_i_7_n_0
    SLICE_X50Y706                                                     r  bd_i/layer_0/inst/u_core/u_conv/u_silu/sig20_carry/S[1]
    SLICE_X50Y706        CARRY8 (Prop_CARRY8_SLICEM_S[1]_CO[7])
                                                      0.190     6.693 r  bd_i/layer_0/inst/u_core/u_conv/u_silu/sig20_carry/CO[7]
                         net (fo=1, routed)           0.026     6.719    bd_i/layer_0/inst/u_core/u_conv/u_silu/sig20_carry_n_0
    SLICE_X50Y707                                                     r  bd_i/layer_0/inst/u_core/u_conv/u_silu/sig20_carry__0/CI
    SLICE_X50Y707        CARRY8 (Prop_CARRY8_SLICEM_CI_O[7])
                                                      0.116     6.835 r  bd_i/layer_0/inst/u_core/u_conv/u_silu/sig20_carry__0/O[7]
                         net (fo=1, routed)           0.373     7.208    bd_i/layer_0/inst/u_core/u_conv/u_silu/m3_reg/B[15]
    DSP48E2_X7Y282       DSP_A_B_DATA                                 r  bd_i/layer_0/inst/u_core/u_conv/u_silu/m3_reg/DSP_A_B_DATA_INST/B[15]
  -------------------------------------------------------------------    -------------------

                         (clock xdma_0_axi_aclk rise edge)
                                                      4.000     4.000 r  
    GTYE4_CHANNEL_X1Y35  GTYE4_CHANNEL                0.000     4.000 r  bd_i/xdma_0/inst/pcie4_ip_i/inst/bd_xdma_0_0_pcie4_ip_gt_top_i/diablo_gt.diablo_gt_phy_wrapper/gt_wizard.gtwizard_top_i/bd_xdma_0_0_pcie4_ip_gt_i/inst/gen_gtwizard_gtye4_top.bd_xdma_0_0_pcie4_ip_gt_gtwizard_gtye4_inst/gen_gtwizard_gtye4.gen_channel_container[32].gen_enabled_channel.gtye4_channel_wrapper_inst/channel_inst/gtye4_channel_gen.gen_gtye4_channel_inst[3].GTYE4_CHANNEL_PRIM_INST/TXOUTCLK
                         net (fo=7, routed)           0.078     4.078    bd_i/xdma_0/inst/pcie4_ip_i/inst/bd_xdma_0_0_pcie4_ip_gt_top_i/diablo_gt.diablo_gt_phy_wrapper/phy_clk_i/GT_TXOUTCLK[0]
    BUFG_GT_X1Y198                                                    r  bd_i/xdma_0/inst/pcie4_ip_i/inst/bd_xdma_0_0_pcie4_ip_gt_top_i/diablo_gt.diablo_gt_phy_wrapper/phy_clk_i/bufg_gt_userclk/I
    BUFG_GT_X1Y198       BUFG_GT (Prop_BUFG_GT_I_O)
                                                      0.114     4.192 r  bd_i/xdma_0/inst/pcie4_ip_i/inst/bd_xdma_0_0_pcie4_ip_gt_top_i/diablo_gt.diablo_gt_phy_wrapper/phy_clk_i/bufg_gt_userclk/O
    X3Y9 (CLOCK_ROOT)    net (fo=148450, routed)      2.816     7.008    bd_i/layer_0/inst/u_core/u_conv/u_silu/m3_reg/CLK
    SLR Crossing[1->2]   
    DSP48E2_X7Y282       DSP_A_B_DATA                                 r  bd_i/layer_0/inst/u_core/u_conv/u_silu/m3_reg/DSP_A_B_DATA_INST/CLK
                         clock pessimism              0.257     7.265    
                         clock uncertainty           -0.046     7.219    
    DSP48E2_X7Y282       DSP_A_B_DATA (Setup_DSP_A_B_DATA_DSP48E2_CLK_B[15])
                                                     -0.249     6.970    bd_i/layer_0/inst/u_core/u_conv/u_silu/m3_reg/DSP_A_B_DATA_INST
  -------------------------------------------------------------------
                         required time                          6.970    
                         arrival time                          -7.208    
  -------------------------------------------------------------------
                         slack                                 -0.238    

Slack (VIOLATED) :        -0.238ns  (required time - arrival time)
  Source:                 bd_i/layer_0/inst/u_core/u_alu/op_q_reg[3]/C
                            (rising edge-triggered cell FDRE clocked by xdma_0_axi_aclk  {rise@0.000ns fall@2.000ns period=4.000ns})
  Destination:            bd_i/layer_0/inst/u_core/u_alu/ps_rnd_reg[4]/D
                            (rising edge-triggered cell FDRE clocked by xdma_0_axi_aclk  {rise@0.000ns fall@2.000ns period=4.000ns})
  Path Group:             xdma_0_axi_aclk
  Path Type:              Setup (Max at Slow Process Corner)
  Requirement:            4.000ns  (xdma_0_axi_aclk rise@4.000ns - xdma_0_axi_aclk rise@0.000ns)
  Data Path Delay:        4.158ns  (logic 1.237ns (29.747%)  route 2.921ns (70.253%))
  Logic Levels:           11  (LUT4=1 LUT5=2 LUT6=8)
  Clock Path Skew:        -0.058ns (DCD - SCD + CPR)
    Destination Clock Delay (DCD):    2.925ns = ( 6.925 - 4.000 ) 
    Source Clock Delay      (SCD):    3.234ns
    Clock Pessimism Removal (CPR):    0.250ns
  Clock Uncertainty:      0.046ns  ((TSJ^2 + DJ^2)^1/2) / 2 + PE
    Total System Jitter     (TSJ):    0.071ns
    Discrete Jitter          (DJ):    0.060ns
    Phase Error              (PE):    0.000ns
  Clock Net Delay (Source):      3.019ns (routing 1.183ns, distribution 1.836ns)
  Clock Net Delay (Destination): 2.733ns (routing 1.071ns, distribution 1.662ns)

    Location             Delay type                Incr(ns)  Path(ns)    Netlist Resource(s)
  -------------------------------------------------------------------    -------------------
                         (clock xdma_0_axi_aclk rise edge)
                                                      0.000     0.000 r  
    GTYE4_CHANNEL_X1Y35  GTYE4_CHANNEL                0.000     0.000 r  bd_i/xdma_0/inst/pcie4_ip_i/inst/bd_xdma_0_0_pcie4_ip_gt_top_i/diablo_gt.diablo_gt_phy_wrapper/gt_wizard.gtwizard_top_i/bd_xdma_0_0_pcie4_ip_gt_i/inst/gen_gtwizard_gtye4_top.bd_xdma_0_0_pcie4_ip_gt_gtwizard_gtye4_inst/gen_gtwizard_gtye4.gen_channel_container[32].gen_enabled_channel.gtye4_channel_wrapper_inst/channel_inst/gtye4_channel_gen.gen_gtye4_channel_inst[3].GTYE4_CHANNEL_PRIM_INST/TXOUTCLK
                         net (fo=7, routed)           0.085     0.085    bd_i/xdma_0/inst/pcie4_ip_i/inst/bd_xdma_0_0_pcie4_ip_gt_top_i/diablo_gt.diablo_gt_phy_wrapper/phy_clk_i/GT_TXOUTCLK[0]
    BUFG_GT_X1Y198                                                    r  bd_i/xdma_0/inst/pcie4_ip_i/inst/bd_xdma_0_0_pcie4_ip_gt_top_i/diablo_gt.diablo_gt_phy_wrapper/phy_clk_i/bufg_gt_userclk/I
    BUFG_GT_X1Y198       BUFG_GT (Prop_BUFG_GT_I_O)
                                                      0.130     0.215 r  bd_i/xdma_0/inst/pcie4_ip_i/inst/bd_xdma_0_0_pcie4_ip_gt_top_i/diablo_gt.diablo_gt_phy_wrapper/phy_clk_i/bufg_gt_userclk/O
    X3Y9 (CLOCK_ROOT)    net (fo=148450, routed)      3.019     3.234    bd_i/layer_0/inst/u_core/u_alu/aclk
    SLR Crossing[1->2]   
    SLICE_X66Y805        FDRE                                         r  bd_i/layer_0/inst/u_core/u_alu/op_q_reg[3]/C
  -------------------------------------------------------------------    -------------------
    SLICE_X66Y805        FDRE (Prop_AFF_SLICEM_C_Q)
                                                      0.077     3.311 r  bd_i/layer_0/inst/u_core/u_alu/op_q_reg[3]/Q
                         net (fo=92, routed)          0.666     3.976    bd_i/layer_0/inst/u_core/u_alu/op_q_reg_n_0_[3]
    SLICE_X73Y797                                                     r  bd_i/layer_0/inst/u_core/u_alu/k_out[3]_i_52/I1
    SLICE_X73Y797        LUT6 (Prop_C6LUT_SLICEL_I1_O)
                                                      0.088     4.064 r  bd_i/layer_0/inst/u_core/u_alu/k_out[3]_i_52/O
                         net (fo=4, routed)           0.262     4.326    bd_i/layer_0/inst/u_core/u_alu/k_out[3]_i_52_n_0
    SLICE_X72Y803                                                     r  bd_i/layer_0/inst/u_core/u_alu/k_out[3]_i_23/I0
    SLICE_X72Y803        LUT6 (Prop_G6LUT_SLICEM_I0_O)
                                                      0.123     4.449 r  bd_i/layer_0/inst/u_core/u_alu/k_out[3]_i_23/O
                         net (fo=4, routed)           0.180     4.629    bd_i/layer_0/inst/u_core/u_alu/k_out[3]_i_23_n_0
    SLICE_X72Y804                                                     r  bd_i/layer_0/inst/u_core/u_alu/k_out[5]_i_31/I0
    SLICE_X72Y804        LUT6 (Prop_G6LUT_SLICEM_I0_O)
                                                      0.150     4.779 r  bd_i/layer_0/inst/u_core/u_alu/k_out[5]_i_31/O
                         net (fo=1, routed)           0.155     4.934    bd_i/layer_0/inst/u_core/u_alu/k_out[5]_i_31_n_0
    SLICE_X72Y806                                                     r  bd_i/layer_0/inst/u_core/u_alu/k_out[5]_i_13/I4
    SLICE_X72Y806        LUT5 (Prop_E6LUT_SLICEM_I4_O)
                                                      0.124     5.058 r  bd_i/layer_0/inst/u_core/u_alu/k_out[5]_i_13/O
                         net (fo=28, routed)          0.512     5.570    bd_i/layer_0/inst/u_core/u_alu/k_out[5]_i_13_n_0
    SLICE_X69Y809                                                     r  bd_i/layer_0/inst/u_core/u_alu/k_out[3]_i_50/I5
    SLICE_X69Y809        LUT6 (Prop_E6LUT_SLICEL_I5_O)
                                                      0.090     5.660 r  bd_i/layer_0/inst/u_core/u_alu/k_out[3]_i_50/O
                         net (fo=1, routed)           0.108     5.768    bd_i/layer_0/inst/u_core/u_alu/k_out[3]_i_50_n_0
    SLICE_X69Y809                                                     r  bd_i/layer_0/inst/u_core/u_alu/k_out[3]_i_15/I4
    SLICE_X69Y809        LUT6 (Prop_G6LUT_SLICEL_I4_O)
                                                      0.149     5.917 r  bd_i/layer_0/inst/u_core/u_alu/k_out[3]_i_15/O
                         net (fo=1, routed)           0.184     6.101    bd_i/layer_0/inst/u_core/u_alu/k_out[3]_i_15_n_0
    SLICE_X69Y810                                                     r  bd_i/layer_0/inst/u_core/u_alu/k_out[3]_i_4/I5
    SLICE_X69Y810        LUT6 (Prop_B6LUT_SLICEL_I5_O)
                                                      0.098     6.199 r  bd_i/layer_0/inst/u_core/u_alu/k_out[3]_i_4/O
                         net (fo=11, routed)          0.216     6.416    bd_i/layer_0/inst/u_core/u_alu/k_out[3]_i_4_n_0
    SLICE_X68Y807                                                     r  bd_i/layer_0/inst/u_core/u_alu/ps_rnd[31]_i_2/I1
    SLICE_X68Y807        LUT6 (Prop_H6LUT_SLICEM_I1_O)
                                                      0.101     6.517 r  bd_i/layer_0/inst/u_core/u_alu/ps_rnd[31]_i_2/O
                         net (fo=10, routed)          0.210     6.727    bd_i/layer_0/inst/u_core/u_alu/ps_rnd[31]_i_2_n_0
    SLICE_X68Y804                                                     r  bd_i/layer_0/inst/u_core/u_alu/ps_rnd[23]_i_3/I2
    SLICE_X68Y804        LUT4 (Prop_F6LUT_SLICEM_I2_O)
                                                      0.037     6.764 r  bd_i/layer_0/inst/u_core/u_alu/ps_rnd[23]_i_3/O
                         net (fo=18, routed)          0.068     6.832    bd_i/layer_0/inst/u_core/u_alu/ps_rnd[23]_i_3_n_0
    SLICE_X68Y804                                                     r  bd_i/layer_0/inst/u_core/u_alu/ps_rnd[7]_i_2/I3
    SLICE_X68Y804        LUT6 (Prop_B6LUT_SLICEM_I3_O)
                                                      0.149     6.981 f  bd_i/layer_0/inst/u_core/u_alu/ps_rnd[7]_i_2/O
                         net (fo=8, routed)           0.309     7.290    bd_i/layer_0/inst/u_core/u_alu/ps_rnd[7]_i_2_n_0
    SLICE_X69Y796                                                     f  bd_i/layer_0/inst/u_core/u_alu/ps_rnd[4]_i_1/I2
    SLICE_X69Y796        LUT5 (Prop_H6LUT_SLICEL_I2_O)
                                                      0.051     7.341 r  bd_i/layer_0/inst/u_core/u_alu/ps_rnd[4]_i_1/O
                         net (fo=1, routed)           0.051     7.392    bd_i/layer_0/inst/u_core/u_alu/ps_rnd[4]_i_1_n_0
    SLICE_X69Y796        FDRE                                         r  bd_i/layer_0/inst/u_core/u_alu/ps_rnd_reg[4]/D
  -------------------------------------------------------------------    -------------------

                         (clock xdma_0_axi_aclk rise edge)
                                                      4.000     4.000 r  
    GTYE4_CHANNEL_X1Y35  GTYE4_CHANNEL                0.000     4.000 r  bd_i/xdma_0/inst/pcie4_ip_i/inst/bd_xdma_0_0_pcie4_ip_gt_top_i/diablo_gt.diablo_gt_phy_wrapper/gt_wizard.gtwizard_top_i/bd_xdma_0_0_pcie4_ip_gt_i/inst/gen_gtwizard_gtye4_top.bd_xdma_0_0_pcie4_ip_gt_gtwizard_gtye4_inst/gen_gtwizard_gtye4.gen_channel_container[32].gen_enabled_channel.gtye4_channel_wrapper_inst/channel_inst/gtye4_channel_gen.gen_gtye4_channel_inst[3].GTYE4_CHANNEL_PRIM_INST/TXOUTCLK
                         net (fo=7, routed)           0.078     4.078    bd_i/xdma_0/inst/pcie4_ip_i/inst/bd_xdma_0_0_pcie4_ip_gt_top_i/diablo_gt.diablo_gt_phy_wrapper/phy_clk_i/GT_TXOUTCLK[0]
    BUFG_GT_X1Y198                                                    r  bd_i/xdma_0/inst/pcie4_ip_i/inst/bd_xdma_0_0_pcie4_ip_gt_top_i/diablo_gt.diablo_gt_phy_wrapper/phy_clk_i/bufg_gt_userclk/I
    BUFG_GT_X1Y198       BUFG_GT (Prop_BUFG_GT_I_O)
                                                      0.114     4.192 r  bd_i/xdma_0/inst/pcie4_ip_i/inst/bd_xdma_0_0_pcie4_ip_gt_top_i/diablo_gt.diablo_gt_phy_wrapper/phy_clk_i/bufg_gt_userclk/O
    X3Y9 (CLOCK_ROOT)    net (fo=148450, routed)      2.733     6.925    bd_i/layer_0/inst/u_core/u_alu/aclk
    SLR Crossing[1->2]   
    SLICE_X69Y796        FDRE                                         r  bd_i/layer_0/inst/u_core/u_alu/ps_rnd_reg[4]/C
                         clock pessimism              0.250     7.175    
                         clock uncertainty           -0.046     7.129    
    SLICE_X69Y796        FDRE (Setup_HFF_SLICEL_C_D)
                                                      0.025     7.154    bd_i/layer_0/inst/u_core/u_alu/ps_rnd_reg[4]
  -------------------------------------------------------------------
                         required time                          7.154    
                         arrival time                          -7.392    
  -------------------------------------------------------------------
                         slack                                 -0.238    

Slack (VIOLATED) :        -0.238ns  (required time - arrival time)
  Source:                 bd_i/layer_0/inst/u_core/u_alu/op_q_reg[3]/C
                            (rising edge-triggered cell FDRE clocked by xdma_0_axi_aclk  {rise@0.000ns fall@2.000ns period=4.000ns})
  Destination:            bd_i/layer_0/inst/u_core/u_alu/ps_rnd_reg[20]/D
                            (rising edge-triggered cell FDRE clocked by xdma_0_axi_aclk  {rise@0.000ns fall@2.000ns period=4.000ns})
  Path Group:             xdma_0_axi_aclk
  Path Type:              Setup (Max at Slow Process Corner)
  Requirement:            4.000ns  (xdma_0_axi_aclk rise@4.000ns - xdma_0_axi_aclk rise@0.000ns)
  Data Path Delay:        4.157ns  (logic 1.271ns (30.572%)  route 2.886ns (69.428%))
  Logic Levels:           10  (LUT4=1 LUT5=1 LUT6=8)
  Clock Path Skew:        -0.059ns (DCD - SCD + CPR)
    Destination Clock Delay (DCD):    2.924ns = ( 6.924 - 4.000 ) 
    Source Clock Delay      (SCD):    3.234ns
    Clock Pessimism Removal (CPR):    0.250ns
  Clock Uncertainty:      0.046ns  ((TSJ^2 + DJ^2)^1/2) / 2 + PE
    Total System Jitter     (TSJ):    0.071ns
    Discrete Jitter          (DJ):    0.060ns
    Phase Error              (PE):    0.000ns
  Clock Net Delay (Source):      3.019ns (routing 1.183ns, distribution 1.836ns)
  Clock Net Delay (Destination): 2.732ns (routing 1.071ns, distribution 1.661ns)

    Location             Delay type                Incr(ns)  Path(ns)    Netlist Resource(s)
  -------------------------------------------------------------------    -------------------
                         (clock xdma_0_axi_aclk rise edge)
                                                      0.000     0.000 r  
    GTYE4_CHANNEL_X1Y35  GTYE4_CHANNEL                0.000     0.000 r  bd_i/xdma_0/inst/pcie4_ip_i/inst/bd_xdma_0_0_pcie4_ip_gt_top_i/diablo_gt.diablo_gt_phy_wrapper/gt_wizard.gtwizard_top_i/bd_xdma_0_0_pcie4_ip_gt_i/inst/gen_gtwizard_gtye4_top.bd_xdma_0_0_pcie4_ip_gt_gtwizard_gtye4_inst/gen_gtwizard_gtye4.gen_channel_container[32].gen_enabled_channel.gtye4_channel_wrapper_inst/channel_inst/gtye4_channel_gen.gen_gtye4_channel_inst[3].GTYE4_CHANNEL_PRIM_INST/TXOUTCLK
                         net (fo=7, routed)           0.085     0.085    bd_i/xdma_0/inst/pcie4_ip_i/inst/bd_xdma_0_0_pcie4_ip_gt_top_i/diablo_gt.diablo_gt_phy_wrapper/phy_clk_i/GT_TXOUTCLK[0]
    BUFG_GT_X1Y198                                                    r  bd_i/xdma_0/inst/pcie4_ip_i/inst/bd_xdma_0_0_pcie4_ip_gt_top_i/diablo_gt.diablo_gt_phy_wrapper/phy_clk_i/bufg_gt_userclk/I
    BUFG_GT_X1Y198       BUFG_GT (Prop_BUFG_GT_I_O)
                                                      0.130     0.215 r  bd_i/xdma_0/inst/pcie4_ip_i/inst/bd_xdma_0_0_pcie4_ip_gt_top_i/diablo_gt.diablo_gt_phy_wrapper/phy_clk_i/bufg_gt_userclk/O
    X3Y9 (CLOCK_ROOT)    net (fo=148450, routed)      3.019     3.234    bd_i/layer_0/inst/u_core/u_alu/aclk
    SLR Crossing[1->2]   
    SLICE_X66Y805        FDRE                                         r  bd_i/layer_0/inst/u_core/u_alu/op_q_reg[3]/C
  -------------------------------------------------------------------    -------------------
    SLICE_X66Y805        FDRE (Prop_AFF_SLICEM_C_Q)
                                                      0.077     3.311 r  bd_i/layer_0/inst/u_core/u_alu/op_q_reg[3]/Q
                         net (fo=92, routed)          0.666     3.976    bd_i/layer_0/inst/u_core/u_alu/op_q_reg_n_0_[3]
    SLICE_X73Y797                                                     r  bd_i/layer_0/inst/u_core/u_alu/k_out[3]_i_52/I1
    SLICE_X73Y797        LUT6 (Prop_C6LUT_SLICEL_I1_O)
                                                      0.088     4.064 r  bd_i/layer_0/inst/u_core/u_alu/k_out[3]_i_52/O
                         net (fo=4, routed)           0.262     4.326    bd_i/layer_0/inst/u_core/u_alu/k_out[3]_i_52_n_0
    SLICE_X72Y803                                                     r  bd_i/layer_0/inst/u_core/u_alu/k_out[3]_i_23/I0
    SLICE_X72Y803        LUT6 (Prop_G6LUT_SLICEM_I0_O)
                                                      0.123     4.449 r  bd_i/layer_0/inst/u_core/u_alu/k_out[3]_i_23/O
                         net (fo=4, routed)           0.180     4.629    bd_i/layer_0/inst/u_core/u_alu/k_out[3]_i_23_n_0
    SLICE_X72Y804                                                     r  bd_i/layer_0/inst/u_core/u_alu/k_out[5]_i_31/I0
    SLICE_X72Y804        LUT6 (Prop_G6LUT_SLICEM_I0_O)
                                                      0.150     4.779 r  bd_i/layer_0/inst/u_core/u_alu/k_out[5]_i_31/O
                         net (fo=1, routed)           0.155     4.934    bd_i/layer_0/inst/u_core/u_alu/k_out[5]_i_31_n_0
    SLICE_X72Y806                                                     r  bd_i/layer_0/inst/u_core/u_alu/k_out[5]_i_13/I4
    SLICE_X72Y806        LUT5 (Prop_E6LUT_SLICEM_I4_O)
                                                      0.124     5.058 r  bd_i/layer_0/inst/u_core/u_alu/k_out[5]_i_13/O
                         net (fo=28, routed)          0.512     5.570    bd_i/layer_0/inst/u_core/u_alu/k_out[5]_i_13_n_0
    SLICE_X69Y809                                                     r  bd_i/layer_0/inst/u_core/u_alu/k_out[3]_i_50/I5
    SLICE_X69Y809        LUT6 (Prop_E6LUT_SLICEL_I5_O)
                                                      0.090     5.660 r  bd_i/layer_0/inst/u_core/u_alu/k_out[3]_i_50/O
                         net (fo=1, routed)           0.108     5.768    bd_i/layer_0/inst/u_core/u_alu/k_out[3]_i_50_n_0
    SLICE_X69Y809                                                     r  bd_i/layer_0/inst/u_core/u_alu/k_out[3]_i_15/I4
    SLICE_X69Y809        LUT6 (Prop_G6LUT_SLICEL_I4_O)
                                                      0.149     5.917 r  bd_i/layer_0/inst/u_core/u_alu/k_out[3]_i_15/O
                         net (fo=1, routed)           0.184     6.101    bd_i/layer_0/inst/u_core/u_alu/k_out[3]_i_15_n_0
    SLICE_X69Y810                                                     r  bd_i/layer_0/inst/u_core/u_alu/k_out[3]_i_4/I5
    SLICE_X69Y810        LUT6 (Prop_B6LUT_SLICEL_I5_O)
                                                      0.098     6.199 r  bd_i/layer_0/inst/u_core/u_alu/k_out[3]_i_4/O
                         net (fo=11, routed)          0.216     6.416    bd_i/layer_0/inst/u_core/u_alu/k_out[3]_i_4_n_0
    SLICE_X68Y807                                                     r  bd_i/layer_0/inst/u_core/u_alu/ps_rnd[31]_i_2/I1
    SLICE_X68Y807        LUT6 (Prop_H6LUT_SLICEM_I1_O)
                                                      0.101     6.517 r  bd_i/layer_0/inst/u_core/u_alu/ps_rnd[31]_i_2/O
                         net (fo=10, routed)          0.232     6.749    bd_i/layer_0/inst/u_core/u_alu/ps_rnd[31]_i_2_n_0
    SLICE_X69Y804                                                     r  bd_i/layer_0/inst/u_core/u_alu/ps_rnd[23]_i_2/I0
    SLICE_X69Y804        LUT4 (Prop_B6LUT_SLICEL_I0_O)
                                                      0.148     6.897 r  bd_i/layer_0/inst/u_core/u_alu/ps_rnd[23]_i_2/O
                         net (fo=16, routed)          0.304     7.201    bd_i/layer_0/inst/u_core/u_alu/ps_rnd[23]_i_2_n_0
    SLICE_X68Y798                                                     r  bd_i/layer_0/inst/u_core/u_alu/ps_rnd[20]_i_1/I2
    SLICE_X68Y798        LUT6 (Prop_F6LUT_SLICEM_I2_O)
                                                      0.123     7.324 r  bd_i/layer_0/inst/u_core/u_alu/ps_rnd[20]_i_1/O
                         net (fo=1, routed)           0.067     7.391    bd_i/layer_0/inst/u_core/u_alu/ps_rnd[20]_i_1_n_0
    SLICE_X68Y798        FDRE                                         r  bd_i/layer_0/inst/u_core/u_alu/ps_rnd_reg[20]/D
  -------------------------------------------------------------------    -------------------

                         (clock xdma_0_axi_aclk rise edge)
                                                      4.000     4.000 r  
    GTYE4_CHANNEL_X1Y35  GTYE4_CHANNEL                0.000     4.000 r  bd_i/xdma_0/inst/pcie4_ip_i/inst/bd_xdma_0_0_pcie4_ip_gt_top_i/diablo_gt.diablo_gt_phy_wrapper/gt_wizard.gtwizard_top_i/bd_xdma_0_0_pcie4_ip_gt_i/inst/gen_gtwizard_gtye4_top.bd_xdma_0_0_pcie4_ip_gt_gtwizard_gtye4_inst/gen_gtwizard_gtye4.gen_channel_container[32].gen_enabled_channel.gtye4_channel_wrapper_inst/channel_inst/gtye4_channel_gen.gen_gtye4_channel_inst[3].GTYE4_CHANNEL_PRIM_INST/TXOUTCLK
                         net (fo=7, routed)           0.078     4.078    bd_i/xdma_0/inst/pcie4_ip_i/inst/bd_xdma_0_0_pcie4_ip_gt_top_i/diablo_gt.diablo_gt_phy_wrapper/phy_clk_i/GT_TXOUTCLK[0]
    BUFG_GT_X1Y198                                                    r  bd_i/xdma_0/inst/pcie4_ip_i/inst/bd_xdma_0_0_pcie4_ip_gt_top_i/diablo_gt.diablo_gt_phy_wrapper/phy_clk_i/bufg_gt_userclk/I
    BUFG_GT_X1Y198       BUFG_GT (Prop_BUFG_GT_I_O)
                                                      0.114     4.192 r  bd_i/xdma_0/inst/pcie4_ip_i/inst/bd_xdma_0_0_pcie4_ip_gt_top_i/diablo_gt.diablo_gt_phy_wrapper/phy_clk_i/bufg_gt_userclk/O
    X3Y9 (CLOCK_ROOT)    net (fo=148450, routed)      2.732     6.924    bd_i/layer_0/inst/u_core/u_alu/aclk
    SLR Crossing[1->2]   
    SLICE_X68Y798        FDRE                                         r  bd_i/layer_0/inst/u_core/u_alu/ps_rnd_reg[20]/C
                         clock pessimism              0.250     7.174    
                         clock uncertainty           -0.046     7.128    
    SLICE_X68Y798        FDRE (Setup_FFF_SLICEM_C_D)
                                                      0.025     7.153    bd_i/layer_0/inst/u_core/u_alu/ps_rnd_reg[20]
  -------------------------------------------------------------------
                         required time                          7.153    
                         arrival time                          -7.391    
  -------------------------------------------------------------------
                         slack                                 -0.238    

Slack (VIOLATED) :        -0.238ns  (required time - arrival time)
  Source:                 bd_i/layer_0/inst/u_core/smem_a_reg_bram_0/CLKBWRCLK
                            (rising edge-triggered cell RAMB36E2 clocked by xdma_0_axi_aclk  {rise@0.000ns fall@2.000ns period=4.000ns})
  Destination:            bd_i/layer_0/inst/u_core/u_alu/pre_lo_reg[6]/D
                            (rising edge-triggered cell FDRE clocked by xdma_0_axi_aclk  {rise@0.000ns fall@2.000ns period=4.000ns})
  Path Group:             xdma_0_axi_aclk
  Path Type:              Setup (Max at Slow Process Corner)
  Requirement:            4.000ns  (xdma_0_axi_aclk rise@4.000ns - xdma_0_axi_aclk rise@0.000ns)
  Data Path Delay:        4.054ns  (logic 2.535ns (62.526%)  route 1.519ns (37.474%))
  Logic Levels:           8  (LUT3=1 RAMB36E2=7)
  Clock Path Skew:        -0.162ns (DCD - SCD + CPR)
    Destination Clock Delay (DCD):    2.830ns = ( 6.830 - 4.000 ) 
    Source Clock Delay      (SCD):    3.236ns
    Clock Pessimism Removal (CPR):    0.244ns
  Clock Uncertainty:      0.046ns  ((TSJ^2 + DJ^2)^1/2) / 2 + PE
    Total System Jitter     (TSJ):    0.071ns
    Discrete Jitter          (DJ):    0.060ns
    Phase Error              (PE):    0.000ns
  Clock Net Delay (Source):      3.021ns (routing 1.183ns, distribution 1.838ns)
  Clock Net Delay (Destination): 2.638ns (routing 1.071ns, distribution 1.567ns)

    Location             Delay type                Incr(ns)  Path(ns)    Netlist Resource(s)
  -------------------------------------------------------------------    -------------------
                         (clock xdma_0_axi_aclk rise edge)
                                                      0.000     0.000 r  
    GTYE4_CHANNEL_X1Y35  GTYE4_CHANNEL                0.000     0.000 r  bd_i/xdma_0/inst/pcie4_ip_i/inst/bd_xdma_0_0_pcie4_ip_gt_top_i/diablo_gt.diablo_gt_phy_wrapper/gt_wizard.gtwizard_top_i/bd_xdma_0_0_pcie4_ip_gt_i/inst/gen_gtwizard_gtye4_top.bd_xdma_0_0_pcie4_ip_gt_gtwizard_gtye4_inst/gen_gtwizard_gtye4.gen_channel_container[32].gen_enabled_channel.gtye4_channel_wrapper_inst/channel_inst/gtye4_channel_gen.gen_gtye4_channel_inst[3].GTYE4_CHANNEL_PRIM_INST/TXOUTCLK
                         net (fo=7, routed)           0.085     0.085    bd_i/xdma_0/inst/pcie4_ip_i/inst/bd_xdma_0_0_pcie4_ip_gt_top_i/diablo_gt.diablo_gt_phy_wrapper/phy_clk_i/GT_TXOUTCLK[0]
    BUFG_GT_X1Y198                                                    r  bd_i/xdma_0/inst/pcie4_ip_i/inst/bd_xdma_0_0_pcie4_ip_gt_top_i/diablo_gt.diablo_gt_phy_wrapper/phy_clk_i/bufg_gt_userclk/I
    BUFG_GT_X1Y198       BUFG_GT (Prop_BUFG_GT_I_O)
                                                      0.130     0.215 r  bd_i/xdma_0/inst/pcie4_ip_i/inst/bd_xdma_0_0_pcie4_ip_gt_top_i/diablo_gt.diablo_gt_phy_wrapper/phy_clk_i/bufg_gt_userclk/O
    X3Y9 (CLOCK_ROOT)    net (fo=148450, routed)      3.021     3.236    bd_i/layer_0/inst/u_core/aclk
    SLR Crossing[1->2]   
    RAMB36_X7Y145        RAMB36E2                                     r  bd_i/layer_0/inst/u_core/smem_a_reg_bram_0/CLKBWRCLK
  -------------------------------------------------------------------    -------------------
    RAMB36_X7Y145        RAMB36E2 (Prop_RAMB36E2_RAMB36_CLKBWRCLK_CASDOUTB[6])
                                                      1.068     4.304 r  bd_i/layer_0/inst/u_core/smem_a_reg_bram_0/CASDOUTB[6]
                         net (fo=1, routed)           0.027     4.331    bd_i/layer_0/inst/u_core/smem_a_reg_bram_0_n_61
    RAMB36_X7Y146                                                     r  bd_i/layer_0/inst/u_core/smem_a_reg_bram_1/CASDINB[6]
    RAMB36_X7Y146        RAMB36E2 (Prop_RAMB36E2_RAMB36_CASDINB[6]_CASDOUTB[6])
                                                      0.210     4.541 r  bd_i/layer_0/inst/u_core/smem_a_reg_bram_1/CASDOUTB[6]
                         net (fo=1, routed)           0.027     4.568    bd_i/layer_0/inst/u_core/smem_a_reg_bram_1_n_61
    RAMB36_X7Y147                                                     r  bd_i/layer_0/inst/u_core/smem_a_reg_bram_2/CASDINB[6]
    RAMB36_X7Y147        RAMB36E2 (Prop_RAMB36E2_RAMB36_CASDINB[6]_CASDOUTB[6])
                                                      0.210     4.778 r  bd_i/layer_0/inst/u_core/smem_a_reg_bram_2/CASDOUTB[6]
                         net (fo=1, routed)           0.027     4.805    bd_i/layer_0/inst/u_core/smem_a_reg_bram_2_n_61
    RAMB36_X7Y148                                                     r  bd_i/layer_0/inst/u_core/smem_a_reg_bram_3/CASDINB[6]
    RAMB36_X7Y148        RAMB36E2 (Prop_RAMB36E2_RAMB36_CASDINB[6]_CASDOUTB[6])
                                                      0.210     5.015 r  bd_i/layer_0/inst/u_core/smem_a_reg_bram_3/CASDOUTB[6]
                         net (fo=1, routed)           0.027     5.042    bd_i/layer_0/inst/u_core/smem_a_reg_bram_3_n_61
    RAMB36_X7Y149                                                     r  bd_i/layer_0/inst/u_core/smem_a_reg_bram_4/CASDINB[6]
    RAMB36_X7Y149        RAMB36E2 (Prop_RAMB36E2_RAMB36_CASDINB[6]_CASDOUTB[6])
                                                      0.210     5.252 r  bd_i/layer_0/inst/u_core/smem_a_reg_bram_4/CASDOUTB[6]
                         net (fo=1, routed)           0.027     5.279    bd_i/layer_0/inst/u_core/smem_a_reg_bram_4_n_61
    RAMB36_X7Y150                                                     r  bd_i/layer_0/inst/u_core/smem_a_reg_bram_5/CASDINB[6]
    RAMB36_X7Y150        RAMB36E2 (Prop_RAMB36E2_RAMB36_CASDINB[6]_CASDOUTB[6])
                                                      0.210     5.489 r  bd_i/layer_0/inst/u_core/smem_a_reg_bram_5/CASDOUTB[6]
                         net (fo=1, routed)           0.027     5.516    bd_i/layer_0/inst/u_core/smem_a_reg_bram_5_n_61
    RAMB36_X7Y151                                                     r  bd_i/layer_0/inst/u_core/smem_a_reg_bram_6/CASDINB[6]
    RAMB36_X7Y151        RAMB36E2 (Prop_RAMB36E2_RAMB36_CASDINB[6]_CASDOUTB[6])
                                                      0.210     5.726 r  bd_i/layer_0/inst/u_core/smem_a_reg_bram_6/CASDOUTB[6]
                         net (fo=1, routed)           0.027     5.753    bd_i/layer_0/inst/u_core/smem_a_reg_bram_6_n_61
    RAMB36_X7Y152                                                     r  bd_i/layer_0/inst/u_core/smem_a_reg_bram_7/CASDINB[6]
    RAMB36_X7Y152        RAMB36E2 (Prop_RAMB36E2_RAMB36_CASDINB[6]_DOUTBDOUT[6])
                                                      0.117     5.870 r  bd_i/layer_0/inst/u_core/smem_a_reg_bram_7/DOUTBDOUT[6]
                         net (fo=10, routed)          0.698     6.568    bd_i/layer_0/inst/u_core/u_alu/cp_v32_reg[7]_0[6]
    SLICE_X83Y749                                                     r  bd_i/layer_0/inst/u_core/u_alu/fdat_reg_0_3_0_13_i_8/I2
    SLICE_X83Y749        LUT3 (Prop_B6LUT_SLICEL_I2_O)
                                                      0.090     6.658 r  bd_i/layer_0/inst/u_core/u_alu/fdat_reg_0_3_0_13_i_8/O
                         net (fo=28, routed)          0.633     7.290    bd_i/layer_0/inst/u_core/u_alu/sa_q[6]
    SLICE_X87Y745        FDRE                                         r  bd_i/layer_0/inst/u_core/u_alu/pre_lo_reg[6]/D
  -------------------------------------------------------------------    -------------------

                         (clock xdma_0_axi_aclk rise edge)
                                                      4.000     4.000 r  
    GTYE4_CHANNEL_X1Y35  GTYE4_CHANNEL                0.000     4.000 r  bd_i/xdma_0/inst/pcie4_ip_i/inst/bd_xdma_0_0_pcie4_ip_gt_top_i/diablo_gt.diablo_gt_phy_wrapper/gt_wizard.gtwizard_top_i/bd_xdma_0_0_pcie4_ip_gt_i/inst/gen_gtwizard_gtye4_top.bd_xdma_0_0_pcie4_ip_gt_gtwizard_gtye4_inst/gen_gtwizard_gtye4.gen_channel_container[32].gen_enabled_channel.gtye4_channel_wrapper_inst/channel_inst/gtye4_channel_gen.gen_gtye4_channel_inst[3].GTYE4_CHANNEL_PRIM_INST/TXOUTCLK
                         net (fo=7, routed)           0.078     4.078    bd_i/xdma_0/inst/pcie4_ip_i/inst/bd_xdma_0_0_pcie4_ip_gt_top_i/diablo_gt.diablo_gt_phy_wrapper/phy_clk_i/GT_TXOUTCLK[0]
    BUFG_GT_X1Y198                                                    r  bd_i/xdma_0/inst/pcie4_ip_i/inst/bd_xdma_0_0_pcie4_ip_gt_top_i/diablo_gt.diablo_gt_phy_wrapper/phy_clk_i/bufg_gt_userclk/I
    BUFG_GT_X1Y198       BUFG_GT (Prop_BUFG_GT_I_O)
                                                      0.114     4.192 r  bd_i/xdma_0/inst/pcie4_ip_i/inst/bd_xdma_0_0_pcie4_ip_gt_top_i/diablo_gt.diablo_gt_phy_wrapper/phy_clk_i/bufg_gt_userclk/O
    X3Y9 (CLOCK_ROOT)    net (fo=148450, routed)      2.638     6.830    bd_i/layer_0/inst/u_core/u_alu/aclk
    SLR Crossing[1->2]   
    SLICE_X87Y745        FDRE                                         r  bd_i/layer_0/inst/u_core/u_alu/pre_lo_reg[6]/C
                         clock pessimism              0.244     7.074    
                         clock uncertainty           -0.046     7.028    
    SLICE_X87Y745        FDRE (Setup_DFF_SLICEM_C_D)
                                                      0.025     7.053    bd_i/layer_0/inst/u_core/u_alu/pre_lo_reg[6]
  -------------------------------------------------------------------
                         required time                          7.053    
                         arrival time                          -7.290    
  -------------------------------------------------------------------
                         slack                                 -0.238    

Slack (VIOLATED) :        -0.237ns  (required time - arrival time)
  Source:                 bd_i/layer_0/inst/u_core/u_dn/oi_reg[2]/C
                            (rising edge-triggered cell FDRE clocked by xdma_0_axi_aclk  {rise@0.000ns fall@2.000ns period=4.000ns})
  Destination:            bd_i/layer_0/inst/u_core/u_dn/o_sel_reg[34]/D
                            (rising edge-triggered cell FDRE clocked by xdma_0_axi_aclk  {rise@0.000ns fall@2.000ns period=4.000ns})
  Path Group:             xdma_0_axi_aclk
  Path Type:              Setup (Max at Slow Process Corner)
  Requirement:            4.000ns  (xdma_0_axi_aclk rise@4.000ns - xdma_0_axi_aclk rise@0.000ns)
  Data Path Delay:        4.277ns  (logic 0.326ns (7.621%)  route 3.951ns (92.379%))
  Logic Levels:           4  (LUT6=1 MUXF7=2 MUXF8=1)
  Clock Path Skew:        0.062ns (DCD - SCD + CPR)
    Destination Clock Delay (DCD):    2.899ns = ( 6.899 - 4.000 ) 
    Source Clock Delay      (SCD):    3.085ns
    Clock Pessimism Removal (CPR):    0.248ns
  Clock Uncertainty:      0.046ns  ((TSJ^2 + DJ^2)^1/2) / 2 + PE
    Total System Jitter     (TSJ):    0.071ns
    Discrete Jitter          (DJ):    0.060ns
    Phase Error              (PE):    0.000ns
  Clock Net Delay (Source):      2.870ns (routing 1.183ns, distribution 1.687ns)
  Clock Net Delay (Destination): 2.707ns (routing 1.071ns, distribution 1.636ns)

    Location             Delay type                Incr(ns)  Path(ns)    Netlist Resource(s)
  -------------------------------------------------------------------    -------------------
                         (clock xdma_0_axi_aclk rise edge)
                                                      0.000     0.000 r  
    GTYE4_CHANNEL_X1Y35  GTYE4_CHANNEL                0.000     0.000 r  bd_i/xdma_0/inst/pcie4_ip_i/inst/bd_xdma_0_0_pcie4_ip_gt_top_i/diablo_gt.diablo_gt_phy_wrapper/gt_wizard.gtwizard_top_i/bd_xdma_0_0_pcie4_ip_gt_i/inst/gen_gtwizard_gtye4_top.bd_xdma_0_0_pcie4_ip_gt_gtwizard_gtye4_inst/gen_gtwizard_gtye4.gen_channel_container[32].gen_enabled_channel.gtye4_channel_wrapper_inst/channel_inst/gtye4_channel_gen.gen_gtye4_channel_inst[3].GTYE4_CHANNEL_PRIM_INST/TXOUTCLK
                         net (fo=7, routed)           0.085     0.085    bd_i/xdma_0/inst/pcie4_ip_i/inst/bd_xdma_0_0_pcie4_ip_gt_top_i/diablo_gt.diablo_gt_phy_wrapper/phy_clk_i/GT_TXOUTCLK[0]
    BUFG_GT_X1Y198                                                    r  bd_i/xdma_0/inst/pcie4_ip_i/inst/bd_xdma_0_0_pcie4_ip_gt_top_i/diablo_gt.diablo_gt_phy_wrapper/phy_clk_i/bufg_gt_userclk/I
    BUFG_GT_X1Y198       BUFG_GT (Prop_BUFG_GT_I_O)
                                                      0.130     0.215 r  bd_i/xdma_0/inst/pcie4_ip_i/inst/bd_xdma_0_0_pcie4_ip_gt_top_i/diablo_gt.diablo_gt_phy_wrapper/phy_clk_i/bufg_gt_userclk/O
    X3Y9 (CLOCK_ROOT)    net (fo=148450, routed)      2.870     3.085    bd_i/layer_0/inst/u_core/u_dn/aclk
    SLR Crossing[1->2]   
    SLICE_X91Y799        FDRE                                         r  bd_i/layer_0/inst/u_core/u_dn/oi_reg[2]/C
  -------------------------------------------------------------------    -------------------
    SLICE_X91Y799        FDRE (Prop_HFF_SLICEL_C_Q)
                                                      0.079     3.164 r  bd_i/layer_0/inst/u_core/u_dn/oi_reg[2]/Q
                         net (fo=646, routed)         2.412     5.576    bd_i/layer_0/inst/u_core/u_dn/oi_reg_n_0_[2]
    SLICE_X44Y844                                                     r  bd_i/layer_0/inst/u_core/u_dn/o_sel_reg[34]_i_27/S
    SLICE_X44Y844        MUXF7 (Prop_F7MUX_AB_SLICEL_S_O)
                                                      0.065     5.641 r  bd_i/layer_0/inst/u_core/u_dn/o_sel_reg[34]_i_27/O
                         net (fo=1, routed)           0.000     5.641    bd_i/layer_0/inst/u_core/u_dn/o_sel_reg[34]_i_27_n_0
    SLICE_X44Y844                                                     r  bd_i/layer_0/inst/u_core/u_dn/o_sel_reg[34]_i_11/I1
    SLICE_X44Y844        MUXF8 (Prop_F8MUX_BOT_SLICEL_I1_O)
                                                      0.026     5.667 r  bd_i/layer_0/inst/u_core/u_dn/o_sel_reg[34]_i_11/O
                         net (fo=1, routed)           1.486     7.153    bd_i/layer_0/inst/u_core/u_dn/o_sel_reg[34]_i_11_n_0
    SLICE_X76Y802                                                     r  bd_i/layer_0/inst/u_core/u_dn/o_sel[34]_i_3/I5
    SLICE_X76Y802        LUT6 (Prop_C6LUT_SLICEM_I5_O)
                                                      0.088     7.241 r  bd_i/layer_0/inst/u_core/u_dn/o_sel[34]_i_3/O
                         net (fo=1, routed)           0.021     7.262    bd_i/layer_0/inst/u_core/u_dn/o_sel[34]_i_3_n_0
    SLICE_X76Y802                                                     r  bd_i/layer_0/inst/u_core/u_dn/o_sel_reg[34]_i_1/I1
    SLICE_X76Y802        MUXF7 (Prop_F7MUX_CD_SLICEM_I1_O)
                                                      0.068     7.330 r  bd_i/layer_0/inst/u_core/u_dn/o_sel_reg[34]_i_1/O
                         net (fo=1, routed)           0.032     7.362    bd_i/layer_0/inst/u_core/u_dn/o_acc[34]
    SLICE_X76Y802        FDRE                                         r  bd_i/layer_0/inst/u_core/u_dn/o_sel_reg[34]/D
  -------------------------------------------------------------------    -------------------

                         (clock xdma_0_axi_aclk rise edge)
                                                      4.000     4.000 r  
    GTYE4_CHANNEL_X1Y35  GTYE4_CHANNEL                0.000     4.000 r  bd_i/xdma_0/inst/pcie4_ip_i/inst/bd_xdma_0_0_pcie4_ip_gt_top_i/diablo_gt.diablo_gt_phy_wrapper/gt_wizard.gtwizard_top_i/bd_xdma_0_0_pcie4_ip_gt_i/inst/gen_gtwizard_gtye4_top.bd_xdma_0_0_pcie4_ip_gt_gtwizard_gtye4_inst/gen_gtwizard_gtye4.gen_channel_container[32].gen_enabled_channel.gtye4_channel_wrapper_inst/channel_inst/gtye4_channel_gen.gen_gtye4_channel_inst[3].GTYE4_CHANNEL_PRIM_INST/TXOUTCLK
                         net (fo=7, routed)           0.078     4.078    bd_i/xdma_0/inst/pcie4_ip_i/inst/bd_xdma_0_0_pcie4_ip_gt_top_i/diablo_gt.diablo_gt_phy_wrapper/phy_clk_i/GT_TXOUTCLK[0]
    BUFG_GT_X1Y198                                                    r  bd_i/xdma_0/inst/pcie4_ip_i/inst/bd_xdma_0_0_pcie4_ip_gt_top_i/diablo_gt.diablo_gt_phy_wrapper/phy_clk_i/bufg_gt_userclk/I
    BUFG_GT_X1Y198       BUFG_GT (Prop_BUFG_GT_I_O)
                                                      0.114     4.192 r  bd_i/xdma_0/inst/pcie4_ip_i/inst/bd_xdma_0_0_pcie4_ip_gt_top_i/diablo_gt.diablo_gt_phy_wrapper/phy_clk_i/bufg_gt_userclk/O
    X3Y9 (CLOCK_ROOT)    net (fo=148450, routed)      2.707     6.899    bd_i/layer_0/inst/u_core/u_dn/aclk
    SLR Crossing[1->2]   
    SLICE_X76Y802        FDRE                                         r  bd_i/layer_0/inst/u_core/u_dn/o_sel_reg[34]/C
                         clock pessimism              0.248     7.147    
                         clock uncertainty           -0.046     7.100    
    SLICE_X76Y802        FDRE (Setup_DFF_SLICEM_C_D)
                                                      0.025     7.125    bd_i/layer_0/inst/u_core/u_dn/o_sel_reg[34]
  -------------------------------------------------------------------
                         required time                          7.125    
                         arrival time                          -7.362    
  -------------------------------------------------------------------
                         slack                                 -0.237    

Slack (VIOLATED) :        -0.237ns  (required time - arrival time)
  Source:                 bd_i/layer_0/inst/u_core/arg0_reg[1]/C
                            (rising edge-triggered cell FDRE clocked by xdma_0_axi_aclk  {rise@0.000ns fall@2.000ns period=4.000ns})
  Destination:            bd_i/layer_0/inst/u_core/u_topk/ent_reg[29][21]/CE
                            (rising edge-triggered cell FDRE clocked by xdma_0_axi_aclk  {rise@0.000ns fall@2.000ns period=4.000ns})
  Path Group:             xdma_0_axi_aclk
  Path Type:              Setup (Max at Slow Process Corner)
  Requirement:            4.000ns  (xdma_0_axi_aclk rise@4.000ns - xdma_0_axi_aclk rise@0.000ns)
  Data Path Delay:        4.182ns  (logic 0.279ns (6.672%)  route 3.903ns (93.328%))
  Logic Levels:           2  (LUT4=1 LUT6=1)
  Clock Path Skew:        0.052ns (DCD - SCD + CPR)
    Destination Clock Delay (DCD):    3.068ns = ( 7.068 - 4.000 ) 
    Source Clock Delay      (SCD):    3.198ns
    Clock Pessimism Removal (CPR):    0.182ns
  Clock Uncertainty:      0.046ns  ((TSJ^2 + DJ^2)^1/2) / 2 + PE
    Total System Jitter     (TSJ):    0.071ns
    Discrete Jitter          (DJ):    0.060ns
    Phase Error              (PE):    0.000ns
  Clock Net Delay (Source):      2.983ns (routing 1.183ns, distribution 1.800ns)
  Clock Net Delay (Destination): 2.876ns (routing 1.071ns, distribution 1.805ns)

    Location             Delay type                Incr(ns)  Path(ns)    Netlist Resource(s)
  -------------------------------------------------------------------    -------------------
                         (clock xdma_0_axi_aclk rise edge)
                                                      0.000     0.000 r  
    GTYE4_CHANNEL_X1Y35  GTYE4_CHANNEL                0.000     0.000 r  bd_i/xdma_0/inst/pcie4_ip_i/inst/bd_xdma_0_0_pcie4_ip_gt_top_i/diablo_gt.diablo_gt_phy_wrapper/gt_wizard.gtwizard_top_i/bd_xdma_0_0_pcie4_ip_gt_i/inst/gen_gtwizard_gtye4_top.bd_xdma_0_0_pcie4_ip_gt_gtwizard_gtye4_inst/gen_gtwizard_gtye4.gen_channel_container[32].gen_enabled_channel.gtye4_channel_wrapper_inst/channel_inst/gtye4_channel_gen.gen_gtye4_channel_inst[3].GTYE4_CHANNEL_PRIM_INST/TXOUTCLK
                         net (fo=7, routed)           0.085     0.085    bd_i/xdma_0/inst/pcie4_ip_i/inst/bd_xdma_0_0_pcie4_ip_gt_top_i/diablo_gt.diablo_gt_phy_wrapper/phy_clk_i/GT_TXOUTCLK[0]
    BUFG_GT_X1Y198                                                    r  bd_i/xdma_0/inst/pcie4_ip_i/inst/bd_xdma_0_0_pcie4_ip_gt_top_i/diablo_gt.diablo_gt_phy_wrapper/phy_clk_i/bufg_gt_userclk/I
    BUFG_GT_X1Y198       BUFG_GT (Prop_BUFG_GT_I_O)
                                                      0.130     0.215 r  bd_i/xdma_0/inst/pcie4_ip_i/inst/bd_xdma_0_0_pcie4_ip_gt_top_i/diablo_gt.diablo_gt_phy_wrapper/phy_clk_i/bufg_gt_userclk/O
    X3Y9 (CLOCK_ROOT)    net (fo=148450, routed)      2.983     3.198    bd_i/layer_0/inst/u_core/aclk
    SLR Crossing[1->2]   
    SLICE_X65Y769        FDRE                                         r  bd_i/layer_0/inst/u_core/arg0_reg[1]/C
  -------------------------------------------------------------------    -------------------
    SLICE_X65Y769        FDRE (Prop_FFF2_SLICEL_C_Q)
                                                      0.081     3.279 r  bd_i/layer_0/inst/u_core/arg0_reg[1]/Q
                         net (fo=177, routed)         1.683     4.962    bd_i/layer_0/inst/u_core/u_topk/ptr_reg[0]_0[1]
    SLICE_X39Y821                                                     r  bd_i/layer_0/inst/u_core/u_topk/ent[1][49]_i_2/I2
    SLICE_X39Y821        LUT6 (Prop_E6LUT_SLICEL_I2_O)
                                                      0.099     5.061 r  bd_i/layer_0/inst/u_core/u_topk/ent[1][49]_i_2/O
                         net (fo=95, routed)          0.969     6.030    bd_i/layer_0/inst/u_core/u_alu/ent_reg[1][14]_0
    SLICE_X32Y826                                                     r  bd_i/layer_0/inst/u_core/u_alu/ent[29][50]_i_1/I3
    SLICE_X32Y826        LUT4 (Prop_E6LUT_SLICEL_I3_O)
                                                      0.099     6.129 r  bd_i/layer_0/inst/u_core/u_alu/ent[29][50]_i_1/O
                         net (fo=51, routed)          1.251     7.380    bd_i/layer_0/inst/u_core/u_topk/ent_reg[29][50]_1
    SLICE_X51Y801        FDRE                                         r  bd_i/layer_0/inst/u_core/u_topk/ent_reg[29][21]/CE
  -------------------------------------------------------------------    -------------------

                         (clock xdma_0_axi_aclk rise edge)
                                                      4.000     4.000 r  
    GTYE4_CHANNEL_X1Y35  GTYE4_CHANNEL                0.000     4.000 r  bd_i/xdma_0/inst/pcie4_ip_i/inst/bd_xdma_0_0_pcie4_ip_gt_top_i/diablo_gt.diablo_gt_phy_wrapper/gt_wizard.gtwizard_top_i/bd_xdma_0_0_pcie4_ip_gt_i/inst/gen_gtwizard_gtye4_top.bd_xdma_0_0_pcie4_ip_gt_gtwizard_gtye4_inst/gen_gtwizard_gtye4.gen_channel_container[32].gen_enabled_channel.gtye4_channel_wrapper_inst/channel_inst/gtye4_channel_gen.gen_gtye4_channel_inst[3].GTYE4_CHANNEL_PRIM_INST/TXOUTCLK
                         net (fo=7, routed)           0.078     4.078    bd_i/xdma_0/inst/pcie4_ip_i/inst/bd_xdma_0_0_pcie4_ip_gt_top_i/diablo_gt.diablo_gt_phy_wrapper/phy_clk_i/GT_TXOUTCLK[0]
    BUFG_GT_X1Y198                                                    r  bd_i/xdma_0/inst/pcie4_ip_i/inst/bd_xdma_0_0_pcie4_ip_gt_top_i/diablo_gt.diablo_gt_phy_wrapper/phy_clk_i/bufg_gt_userclk/I
    BUFG_GT_X1Y198       BUFG_GT (Prop_BUFG_GT_I_O)
                                                      0.114     4.192 r  bd_i/xdma_0/inst/pcie4_ip_i/inst/bd_xdma_0_0_pcie4_ip_gt_top_i/diablo_gt.diablo_gt_phy_wrapper/phy_clk_i/bufg_gt_userclk/O
    X3Y9 (CLOCK_ROOT)    net (fo=148450, routed)      2.876     7.068    bd_i/layer_0/inst/u_core/u_topk/aclk
    SLR Crossing[1->2]   
    SLICE_X51Y801        FDRE                                         r  bd_i/layer_0/inst/u_core/u_topk/ent_reg[29][21]/C
                         clock pessimism              0.182     7.250    
                         clock uncertainty           -0.046     7.204    
    SLICE_X51Y801        FDRE (Setup_HFF_SLICEM_C_CE)
                                                     -0.061     7.143    bd_i/layer_0/inst/u_core/u_topk/ent_reg[29][21]
  -------------------------------------------------------------------
                         required time                          7.143    
                         arrival time                          -7.380    
  -------------------------------------------------------------------
                         slack                                 -0.237    

Slack (VIOLATED) :        -0.237ns  (required time - arrival time)
  Source:                 bd_i/layer_0/inst/u_core/arg0_reg[1]/C
                            (rising edge-triggered cell FDRE clocked by xdma_0_axi_aclk  {rise@0.000ns fall@2.000ns period=4.000ns})
  Destination:            bd_i/layer_0/inst/u_core/u_topk/ent_reg[29][27]/CE
                            (rising edge-triggered cell FDRE clocked by xdma_0_axi_aclk  {rise@0.000ns fall@2.000ns period=4.000ns})
  Path Group:             xdma_0_axi_aclk
  Path Type:              Setup (Max at Slow Process Corner)
  Requirement:            4.000ns  (xdma_0_axi_aclk rise@4.000ns - xdma_0_axi_aclk rise@0.000ns)
  Data Path Delay:        4.182ns  (logic 0.279ns (6.672%)  route 3.903ns (93.328%))
  Logic Levels:           2  (LUT4=1 LUT6=1)
  Clock Path Skew:        0.052ns (DCD - SCD + CPR)
    Destination Clock Delay (DCD):    3.068ns = ( 7.068 - 4.000 ) 
    Source Clock Delay      (SCD):    3.198ns
    Clock Pessimism Removal (CPR):    0.182ns
  Clock Uncertainty:      0.046ns  ((TSJ^2 + DJ^2)^1/2) / 2 + PE
    Total System Jitter     (TSJ):    0.071ns
    Discrete Jitter          (DJ):    0.060ns
    Phase Error              (PE):    0.000ns
  Clock Net Delay (Source):      2.983ns (routing 1.183ns, distribution 1.800ns)
  Clock Net Delay (Destination): 2.876ns (routing 1.071ns, distribution 1.805ns)

    Location             Delay type                Incr(ns)  Path(ns)    Netlist Resource(s)
  -------------------------------------------------------------------    -------------------
                         (clock xdma_0_axi_aclk rise edge)
                                                      0.000     0.000 r  
    GTYE4_CHANNEL_X1Y35  GTYE4_CHANNEL                0.000     0.000 r  bd_i/xdma_0/inst/pcie4_ip_i/inst/bd_xdma_0_0_pcie4_ip_gt_top_i/diablo_gt.diablo_gt_phy_wrapper/gt_wizard.gtwizard_top_i/bd_xdma_0_0_pcie4_ip_gt_i/inst/gen_gtwizard_gtye4_top.bd_xdma_0_0_pcie4_ip_gt_gtwizard_gtye4_inst/gen_gtwizard_gtye4.gen_channel_container[32].gen_enabled_channel.gtye4_channel_wrapper_inst/channel_inst/gtye4_channel_gen.gen_gtye4_channel_inst[3].GTYE4_CHANNEL_PRIM_INST/TXOUTCLK
                         net (fo=7, routed)           0.085     0.085    bd_i/xdma_0/inst/pcie4_ip_i/inst/bd_xdma_0_0_pcie4_ip_gt_top_i/diablo_gt.diablo_gt_phy_wrapper/phy_clk_i/GT_TXOUTCLK[0]
    BUFG_GT_X1Y198                                                    r  bd_i/xdma_0/inst/pcie4_ip_i/inst/bd_xdma_0_0_pcie4_ip_gt_top_i/diablo_gt.diablo_gt_phy_wrapper/phy_clk_i/bufg_gt_userclk/I
    BUFG_GT_X1Y198       BUFG_GT (Prop_BUFG_GT_I_O)
                                                      0.130     0.215 r  bd_i/xdma_0/inst/pcie4_ip_i/inst/bd_xdma_0_0_pcie4_ip_gt_top_i/diablo_gt.diablo_gt_phy_wrapper/phy_clk_i/bufg_gt_userclk/O
    X3Y9 (CLOCK_ROOT)    net (fo=148450, routed)      2.983     3.198    bd_i/layer_0/inst/u_core/aclk
    SLR Crossing[1->2]   
    SLICE_X65Y769        FDRE                                         r  bd_i/layer_0/inst/u_core/arg0_reg[1]/C
  -------------------------------------------------------------------    -------------------
    SLICE_X65Y769        FDRE (Prop_FFF2_SLICEL_C_Q)
                                                      0.081     3.279 r  bd_i/layer_0/inst/u_core/arg0_reg[1]/Q
                         net (fo=177, routed)         1.683     4.962    bd_i/layer_0/inst/u_core/u_topk/ptr_reg[0]_0[1]
    SLICE_X39Y821                                                     r  bd_i/layer_0/inst/u_core/u_topk/ent[1][49]_i_2/I2
    SLICE_X39Y821        LUT6 (Prop_E6LUT_SLICEL_I2_O)
                                                      0.099     5.061 r  bd_i/layer_0/inst/u_core/u_topk/ent[1][49]_i_2/O
                         net (fo=95, routed)          0.969     6.030    bd_i/layer_0/inst/u_core/u_alu/ent_reg[1][14]_0
    SLICE_X32Y826                                                     r  bd_i/layer_0/inst/u_core/u_alu/ent[29][50]_i_1/I3
    SLICE_X32Y826        LUT4 (Prop_E6LUT_SLICEL_I3_O)
                                                      0.099     6.129 r  bd_i/layer_0/inst/u_core/u_alu/ent[29][50]_i_1/O
                         net (fo=51, routed)          1.251     7.380    bd_i/layer_0/inst/u_core/u_topk/ent_reg[29][50]_1
    SLICE_X51Y801        FDRE                                         r  bd_i/layer_0/inst/u_core/u_topk/ent_reg[29][27]/CE
  -------------------------------------------------------------------    -------------------

                         (clock xdma_0_axi_aclk rise edge)
                                                      4.000     4.000 r  
    GTYE4_CHANNEL_X1Y35  GTYE4_CHANNEL                0.000     4.000 r  bd_i/xdma_0/inst/pcie4_ip_i/inst/bd_xdma_0_0_pcie4_ip_gt_top_i/diablo_gt.diablo_gt_phy_wrapper/gt_wizard.gtwizard_top_i/bd_xdma_0_0_pcie4_ip_gt_i/inst/gen_gtwizard_gtye4_top.bd_xdma_0_0_pcie4_ip_gt_gtwizard_gtye4_inst/gen_gtwizard_gtye4.gen_channel_container[32].gen_enabled_channel.gtye4_channel_wrapper_inst/channel_inst/gtye4_channel_gen.gen_gtye4_channel_inst[3].GTYE4_CHANNEL_PRIM_INST/TXOUTCLK
                         net (fo=7, routed)           0.078     4.078    bd_i/xdma_0/inst/pcie4_ip_i/inst/bd_xdma_0_0_pcie4_ip_gt_top_i/diablo_gt.diablo_gt_phy_wrapper/phy_clk_i/GT_TXOUTCLK[0]
    BUFG_GT_X1Y198                                                    r  bd_i/xdma_0/inst/pcie4_ip_i/inst/bd_xdma_0_0_pcie4_ip_gt_top_i/diablo_gt.diablo_gt_phy_wrapper/phy_clk_i/bufg_gt_userclk/I
    BUFG_GT_X1Y198       BUFG_GT (Prop_BUFG_GT_I_O)
                                                      0.114     4.192 r  bd_i/xdma_0/inst/pcie4_ip_i/inst/bd_xdma_0_0_pcie4_ip_gt_top_i/diablo_gt.diablo_gt_phy_wrapper/phy_clk_i/bufg_gt_userclk/O
    X3Y9 (CLOCK_ROOT)    net (fo=148450, routed)      2.876     7.068    bd_i/layer_0/inst/u_core/u_topk/aclk
    SLR Crossing[1->2]   
    SLICE_X51Y801        FDRE                                         r  bd_i/layer_0/inst/u_core/u_topk/ent_reg[29][27]/C
                         clock pessimism              0.182     7.250    
                         clock uncertainty           -0.046     7.204    
    SLICE_X51Y801        FDRE (Setup_GFF_SLICEM_C_CE)
                                                     -0.061     7.143    bd_i/layer_0/inst/u_core/u_topk/ent_reg[29][27]
  -------------------------------------------------------------------
                         required time                          7.143    
                         arrival time                          -7.380    
  -------------------------------------------------------------------
                         slack                                 -0.237    

Slack (VIOLATED) :        -0.237ns  (required time - arrival time)
  Source:                 bd_i/layer_0/inst/u_core/arg0_reg[1]/C
                            (rising edge-triggered cell FDRE clocked by xdma_0_axi_aclk  {rise@0.000ns fall@2.000ns period=4.000ns})
  Destination:            bd_i/layer_0/inst/u_core/u_topk/ent_reg[29][30]/CE
                            (rising edge-triggered cell FDRE clocked by xdma_0_axi_aclk  {rise@0.000ns fall@2.000ns period=4.000ns})
  Path Group:             xdma_0_axi_aclk
  Path Type:              Setup (Max at Slow Process Corner)
  Requirement:            4.000ns  (xdma_0_axi_aclk rise@4.000ns - xdma_0_axi_aclk rise@0.000ns)
  Data Path Delay:        4.182ns  (logic 0.279ns (6.672%)  route 3.903ns (93.328%))
  Logic Levels:           2  (LUT4=1 LUT6=1)
  Clock Path Skew:        0.052ns (DCD - SCD + CPR)
    Destination Clock Delay (DCD):    3.068ns = ( 7.068 - 4.000 ) 
    Source Clock Delay      (SCD):    3.198ns
    Clock Pessimism Removal (CPR):    0.182ns
  Clock Uncertainty:      0.046ns  ((TSJ^2 + DJ^2)^1/2) / 2 + PE
    Total System Jitter     (TSJ):    0.071ns
    Discrete Jitter          (DJ):    0.060ns
    Phase Error              (PE):    0.000ns
  Clock Net Delay (Source):      2.983ns (routing 1.183ns, distribution 1.800ns)
  Clock Net Delay (Destination): 2.876ns (routing 1.071ns, distribution 1.805ns)

    Location             Delay type                Incr(ns)  Path(ns)    Netlist Resource(s)
  -------------------------------------------------------------------    -------------------
                         (clock xdma_0_axi_aclk rise edge)
                                                      0.000     0.000 r  
    GTYE4_CHANNEL_X1Y35  GTYE4_CHANNEL                0.000     0.000 r  bd_i/xdma_0/inst/pcie4_ip_i/inst/bd_xdma_0_0_pcie4_ip_gt_top_i/diablo_gt.diablo_gt_phy_wrapper/gt_wizard.gtwizard_top_i/bd_xdma_0_0_pcie4_ip_gt_i/inst/gen_gtwizard_gtye4_top.bd_xdma_0_0_pcie4_ip_gt_gtwizard_gtye4_inst/gen_gtwizard_gtye4.gen_channel_container[32].gen_enabled_channel.gtye4_channel_wrapper_inst/channel_inst/gtye4_channel_gen.gen_gtye4_channel_inst[3].GTYE4_CHANNEL_PRIM_INST/TXOUTCLK
                         net (fo=7, routed)           0.085     0.085    bd_i/xdma_0/inst/pcie4_ip_i/inst/bd_xdma_0_0_pcie4_ip_gt_top_i/diablo_gt.diablo_gt_phy_wrapper/phy_clk_i/GT_TXOUTCLK[0]
    BUFG_GT_X1Y198                                                    r  bd_i/xdma_0/inst/pcie4_ip_i/inst/bd_xdma_0_0_pcie4_ip_gt_top_i/diablo_gt.diablo_gt_phy_wrapper/phy_clk_i/bufg_gt_userclk/I
    BUFG_GT_X1Y198       BUFG_GT (Prop_BUFG_GT_I_O)
                                                      0.130     0.215 r  bd_i/xdma_0/inst/pcie4_ip_i/inst/bd_xdma_0_0_pcie4_ip_gt_top_i/diablo_gt.diablo_gt_phy_wrapper/phy_clk_i/bufg_gt_userclk/O
    X3Y9 (CLOCK_ROOT)    net (fo=148450, routed)      2.983     3.198    bd_i/layer_0/inst/u_core/aclk
    SLR Crossing[1->2]   
    SLICE_X65Y769        FDRE                                         r  bd_i/layer_0/inst/u_core/arg0_reg[1]/C
  -------------------------------------------------------------------    -------------------
    SLICE_X65Y769        FDRE (Prop_FFF2_SLICEL_C_Q)
                                                      0.081     3.279 r  bd_i/layer_0/inst/u_core/arg0_reg[1]/Q
                         net (fo=177, routed)         1.683     4.962    bd_i/layer_0/inst/u_core/u_topk/ptr_reg[0]_0[1]
    SLICE_X39Y821                                                     r  bd_i/layer_0/inst/u_core/u_topk/ent[1][49]_i_2/I2
    SLICE_X39Y821        LUT6 (Prop_E6LUT_SLICEL_I2_O)
                                                      0.099     5.061 r  bd_i/layer_0/inst/u_core/u_topk/ent[1][49]_i_2/O
                         net (fo=95, routed)          0.969     6.030    bd_i/layer_0/inst/u_core/u_alu/ent_reg[1][14]_0
    SLICE_X32Y826                                                     r  bd_i/layer_0/inst/u_core/u_alu/ent[29][50]_i_1/I3
    SLICE_X32Y826        LUT4 (Prop_E6LUT_SLICEL_I3_O)
                                                      0.099     6.129 r  bd_i/layer_0/inst/u_core/u_alu/ent[29][50]_i_1/O
                         net (fo=51, routed)          1.251     7.380    bd_i/layer_0/inst/u_core/u_topk/ent_reg[29][50]_1
    SLICE_X51Y801        FDRE                                         r  bd_i/layer_0/inst/u_core/u_topk/ent_reg[29][30]/CE
  -------------------------------------------------------------------    -------------------

                         (clock xdma_0_axi_aclk rise edge)
                                                      4.000     4.000 r  
    GTYE4_CHANNEL_X1Y35  GTYE4_CHANNEL                0.000     4.000 r  bd_i/xdma_0/inst/pcie4_ip_i/inst/bd_xdma_0_0_pcie4_ip_gt_top_i/diablo_gt.diablo_gt_phy_wrapper/gt_wizard.gtwizard_top_i/bd_xdma_0_0_pcie4_ip_gt_i/inst/gen_gtwizard_gtye4_top.bd_xdma_0_0_pcie4_ip_gt_gtwizard_gtye4_inst/gen_gtwizard_gtye4.gen_channel_container[32].gen_enabled_channel.gtye4_channel_wrapper_inst/channel_inst/gtye4_channel_gen.gen_gtye4_channel_inst[3].GTYE4_CHANNEL_PRIM_INST/TXOUTCLK
                         net (fo=7, routed)           0.078     4.078    bd_i/xdma_0/inst/pcie4_ip_i/inst/bd_xdma_0_0_pcie4_ip_gt_top_i/diablo_gt.diablo_gt_phy_wrapper/phy_clk_i/GT_TXOUTCLK[0]
    BUFG_GT_X1Y198                                                    r  bd_i/xdma_0/inst/pcie4_ip_i/inst/bd_xdma_0_0_pcie4_ip_gt_top_i/diablo_gt.diablo_gt_phy_wrapper/phy_clk_i/bufg_gt_userclk/I
    BUFG_GT_X1Y198       BUFG_GT (Prop_BUFG_GT_I_O)
                                                      0.114     4.192 r  bd_i/xdma_0/inst/pcie4_ip_i/inst/bd_xdma_0_0_pcie4_ip_gt_top_i/diablo_gt.diablo_gt_phy_wrapper/phy_clk_i/bufg_gt_userclk/O
    X3Y9 (CLOCK_ROOT)    net (fo=148450, routed)      2.876     7.068    bd_i/layer_0/inst/u_core/u_topk/aclk
    SLR Crossing[1->2]   
    SLICE_X51Y801        FDRE                                         r  bd_i/layer_0/inst/u_core/u_topk/ent_reg[29][30]/C
                         clock pessimism              0.182     7.250    
                         clock uncertainty           -0.046     7.204    
    SLICE_X51Y801        FDRE (Setup_FFF_SLICEM_C_CE)
                                                     -0.061     7.143    bd_i/layer_0/inst/u_core/u_topk/ent_reg[29][30]
  -------------------------------------------------------------------
                         required time                          7.143    
                         arrival time                          -7.380    
  -------------------------------------------------------------------
                         slack                                 -0.237    

Slack (VIOLATED) :        -0.237ns  (required time - arrival time)
  Source:                 bd_i/layer_0/inst/u_core/arg0_reg[1]/C
                            (rising edge-triggered cell FDRE clocked by xdma_0_axi_aclk  {rise@0.000ns fall@2.000ns period=4.000ns})
  Destination:            bd_i/layer_0/inst/u_core/u_topk/ent_reg[29][31]/CE
                            (rising edge-triggered cell FDRE clocked by xdma_0_axi_aclk  {rise@0.000ns fall@2.000ns period=4.000ns})
  Path Group:             xdma_0_axi_aclk
  Path Type:              Setup (Max at Slow Process Corner)
  Requirement:            4.000ns  (xdma_0_axi_aclk rise@4.000ns - xdma_0_axi_aclk rise@0.000ns)
  Data Path Delay:        4.182ns  (logic 0.279ns (6.672%)  route 3.903ns (93.328%))
  Logic Levels:           2  (LUT4=1 LUT6=1)
  Clock Path Skew:        0.052ns (DCD - SCD + CPR)
    Destination Clock Delay (DCD):    3.068ns = ( 7.068 - 4.000 ) 
    Source Clock Delay      (SCD):    3.198ns
    Clock Pessimism Removal (CPR):    0.182ns
  Clock Uncertainty:      0.046ns  ((TSJ^2 + DJ^2)^1/2) / 2 + PE
    Total System Jitter     (TSJ):    0.071ns
    Discrete Jitter          (DJ):    0.060ns
    Phase Error              (PE):    0.000ns
  Clock Net Delay (Source):      2.983ns (routing 1.183ns, distribution 1.800ns)
  Clock Net Delay (Destination): 2.876ns (routing 1.071ns, distribution 1.805ns)

    Location             Delay type                Incr(ns)  Path(ns)    Netlist Resource(s)
  -------------------------------------------------------------------    -------------------
                         (clock xdma_0_axi_aclk rise edge)
                                                      0.000     0.000 r  
    GTYE4_CHANNEL_X1Y35  GTYE4_CHANNEL                0.000     0.000 r  bd_i/xdma_0/inst/pcie4_ip_i/inst/bd_xdma_0_0_pcie4_ip_gt_top_i/diablo_gt.diablo_gt_phy_wrapper/gt_wizard.gtwizard_top_i/bd_xdma_0_0_pcie4_ip_gt_i/inst/gen_gtwizard_gtye4_top.bd_xdma_0_0_pcie4_ip_gt_gtwizard_gtye4_inst/gen_gtwizard_gtye4.gen_channel_container[32].gen_enabled_channel.gtye4_channel_wrapper_inst/channel_inst/gtye4_channel_gen.gen_gtye4_channel_inst[3].GTYE4_CHANNEL_PRIM_INST/TXOUTCLK
                         net (fo=7, routed)           0.085     0.085    bd_i/xdma_0/inst/pcie4_ip_i/inst/bd_xdma_0_0_pcie4_ip_gt_top_i/diablo_gt.diablo_gt_phy_wrapper/phy_clk_i/GT_TXOUTCLK[0]
    BUFG_GT_X1Y198                                                    r  bd_i/xdma_0/inst/pcie4_ip_i/inst/bd_xdma_0_0_pcie4_ip_gt_top_i/diablo_gt.diablo_gt_phy_wrapper/phy_clk_i/bufg_gt_userclk/I
    BUFG_GT_X1Y198       BUFG_GT (Prop_BUFG_GT_I_O)
                                                      0.130     0.215 r  bd_i/xdma_0/inst/pcie4_ip_i/inst/bd_xdma_0_0_pcie4_ip_gt_top_i/diablo_gt.diablo_gt_phy_wrapper/phy_clk_i/bufg_gt_userclk/O
    X3Y9 (CLOCK_ROOT)    net (fo=148450, routed)      2.983     3.198    bd_i/layer_0/inst/u_core/aclk
    SLR Crossing[1->2]   
    SLICE_X65Y769        FDRE                                         r  bd_i/layer_0/inst/u_core/arg0_reg[1]/C
  -------------------------------------------------------------------    -------------------
    SLICE_X65Y769        FDRE (Prop_FFF2_SLICEL_C_Q)
                                                      0.081     3.279 r  bd_i/layer_0/inst/u_core/arg0_reg[1]/Q
                         net (fo=177, routed)         1.683     4.962    bd_i/layer_0/inst/u_core/u_topk/ptr_reg[0]_0[1]
    SLICE_X39Y821                                                     r  bd_i/layer_0/inst/u_core/u_topk/ent[1][49]_i_2/I2
    SLICE_X39Y821        LUT6 (Prop_E6LUT_SLICEL_I2_O)
                                                      0.099     5.061 r  bd_i/layer_0/inst/u_core/u_topk/ent[1][49]_i_2/O
                         net (fo=95, routed)          0.969     6.030    bd_i/layer_0/inst/u_core/u_alu/ent_reg[1][14]_0
    SLICE_X32Y826                                                     r  bd_i/layer_0/inst/u_core/u_alu/ent[29][50]_i_1/I3
    SLICE_X32Y826        LUT4 (Prop_E6LUT_SLICEL_I3_O)
                                                      0.099     6.129 r  bd_i/layer_0/inst/u_core/u_alu/ent[29][50]_i_1/O
                         net (fo=51, routed)          1.251     7.380    bd_i/layer_0/inst/u_core/u_topk/ent_reg[29][50]_1
    SLICE_X51Y801        FDRE                                         r  bd_i/layer_0/inst/u_core/u_topk/ent_reg[29][31]/CE
  -------------------------------------------------------------------    -------------------

                         (clock xdma_0_axi_aclk rise edge)
                                                      4.000     4.000 r  
    GTYE4_CHANNEL_X1Y35  GTYE4_CHANNEL                0.000     4.000 r  bd_i/xdma_0/inst/pcie4_ip_i/inst/bd_xdma_0_0_pcie4_ip_gt_top_i/diablo_gt.diablo_gt_phy_wrapper/gt_wizard.gtwizard_top_i/bd_xdma_0_0_pcie4_ip_gt_i/inst/gen_gtwizard_gtye4_top.bd_xdma_0_0_pcie4_ip_gt_gtwizard_gtye4_inst/gen_gtwizard_gtye4.gen_channel_container[32].gen_enabled_channel.gtye4_channel_wrapper_inst/channel_inst/gtye4_channel_gen.gen_gtye4_channel_inst[3].GTYE4_CHANNEL_PRIM_INST/TXOUTCLK
                         net (fo=7, routed)           0.078     4.078    bd_i/xdma_0/inst/pcie4_ip_i/inst/bd_xdma_0_0_pcie4_ip_gt_top_i/diablo_gt.diablo_gt_phy_wrapper/phy_clk_i/GT_TXOUTCLK[0]
    BUFG_GT_X1Y198                                                    r  bd_i/xdma_0/inst/pcie4_ip_i/inst/bd_xdma_0_0_pcie4_ip_gt_top_i/diablo_gt.diablo_gt_phy_wrapper/phy_clk_i/bufg_gt_userclk/I
    BUFG_GT_X1Y198       BUFG_GT (Prop_BUFG_GT_I_O)
                                                      0.114     4.192 r  bd_i/xdma_0/inst/pcie4_ip_i/inst/bd_xdma_0_0_pcie4_ip_gt_top_i/diablo_gt.diablo_gt_phy_wrapper/phy_clk_i/bufg_gt_userclk/O
    X3Y9 (CLOCK_ROOT)    net (fo=148450, routed)      2.876     7.068    bd_i/layer_0/inst/u_core/u_topk/aclk
    SLR Crossing[1->2]   
    SLICE_X51Y801        FDRE                                         r  bd_i/layer_0/inst/u_core/u_topk/ent_reg[29][31]/C
                         clock pessimism              0.182     7.250    
                         clock uncertainty           -0.046     7.204    
    SLICE_X51Y801        FDRE (Setup_EFF_SLICEM_C_CE)
                                                     -0.061     7.143    bd_i/layer_0/inst/u_core/u_topk/ent_reg[29][31]
  -------------------------------------------------------------------
                         required time                          7.143    
                         arrival time                          -7.380    
  -------------------------------------------------------------------
                         slack                                 -0.237    

Slack (VIOLATED) :        -0.237ns  (required time - arrival time)
  Source:                 bd_i/layer_0/inst/u_core/smem_a_reg_bram_16/CLKBWRCLK
                            (rising edge-triggered cell RAMB36E2 clocked by xdma_0_axi_aclk  {rise@0.000ns fall@2.000ns period=4.000ns})
  Destination:            bd_i/layer_0/inst/u_core/rp_sdata_reg[10]/D
                            (rising edge-triggered cell FDRE clocked by xdma_0_axi_aclk  {rise@0.000ns fall@2.000ns period=4.000ns})
  Path Group:             xdma_0_axi_aclk
  Path Type:              Setup (Max at Slow Process Corner)
  Requirement:            4.000ns  (xdma_0_axi_aclk rise@4.000ns - xdma_0_axi_aclk rise@0.000ns)
  Data Path Delay:        4.076ns  (logic 2.617ns (64.204%)  route 1.459ns (35.796%))
  Logic Levels:           8  (LUT4=1 RAMB36E2=7)
  Clock Path Skew:        -0.139ns (DCD - SCD + CPR)
    Destination Clock Delay (DCD):    2.869ns = ( 6.869 - 4.000 ) 
    Source Clock Delay      (SCD):    3.172ns
    Clock Pessimism Removal (CPR):    0.164ns
  Clock Uncertainty:      0.046ns  ((TSJ^2 + DJ^2)^1/2) / 2 + PE
    Total System Jitter     (TSJ):    0.071ns
    Discrete Jitter          (DJ):    0.060ns
    Phase Error              (PE):    0.000ns
  Clock Net Delay (Source):      2.957ns (routing 1.183ns, distribution 1.774ns)
  Clock Net Delay (Destination): 2.677ns (routing 1.071ns, distribution 1.606ns)

    Location             Delay type                Incr(ns)  Path(ns)    Netlist Resource(s)
  -------------------------------------------------------------------    -------------------
                         (clock xdma_0_axi_aclk rise edge)
                                                      0.000     0.000 r  
    GTYE4_CHANNEL_X1Y35  GTYE4_CHANNEL                0.000     0.000 r  bd_i/xdma_0/inst/pcie4_ip_i/inst/bd_xdma_0_0_pcie4_ip_gt_top_i/diablo_gt.diablo_gt_phy_wrapper/gt_wizard.gtwizard_top_i/bd_xdma_0_0_pcie4_ip_gt_i/inst/gen_gtwizard_gtye4_top.bd_xdma_0_0_pcie4_ip_gt_gtwizard_gtye4_inst/gen_gtwizard_gtye4.gen_channel_container[32].gen_enabled_channel.gtye4_channel_wrapper_inst/channel_inst/gtye4_channel_gen.gen_gtye4_channel_inst[3].GTYE4_CHANNEL_PRIM_INST/TXOUTCLK
                         net (fo=7, routed)           0.085     0.085    bd_i/xdma_0/inst/pcie4_ip_i/inst/bd_xdma_0_0_pcie4_ip_gt_top_i/diablo_gt.diablo_gt_phy_wrapper/phy_clk_i/GT_TXOUTCLK[0]
    BUFG_GT_X1Y198                                                    r  bd_i/xdma_0/inst/pcie4_ip_i/inst/bd_xdma_0_0_pcie4_ip_gt_top_i/diablo_gt.diablo_gt_phy_wrapper/phy_clk_i/bufg_gt_userclk/I
    BUFG_GT_X1Y198       BUFG_GT (Prop_BUFG_GT_I_O)
                                                      0.130     0.215 r  bd_i/xdma_0/inst/pcie4_ip_i/inst/bd_xdma_0_0_pcie4_ip_gt_top_i/diablo_gt.diablo_gt_phy_wrapper/phy_clk_i/bufg_gt_userclk/O
    X3Y9 (CLOCK_ROOT)    net (fo=148450, routed)      2.957     3.172    bd_i/layer_0/inst/u_core/aclk
    SLR Crossing[1->2]   
    RAMB36_X7Y136        RAMB36E2                                     r  bd_i/layer_0/inst/u_core/smem_a_reg_bram_16/CLKBWRCLK
  -------------------------------------------------------------------    -------------------
    RAMB36_X7Y136        RAMB36E2 (Prop_RAMB36E2_RAMB36_CLKBWRCLK_CASDOUTB[1])
                                                      1.141     4.313 r  bd_i/layer_0/inst/u_core/smem_a_reg_bram_16/CASDOUTB[1]
                         net (fo=1, routed)           0.026     4.339    bd_i/layer_0/inst/u_core/smem_a_reg_bram_16_n_66
    RAMB36_X7Y137                                                     r  bd_i/layer_0/inst/u_core/smem_a_reg_bram_17/CASDINB[1]
    RAMB36_X7Y137        RAMB36E2 (Prop_RAMB36E2_RAMB36_CASDINB[1]_CASDOUTB[1])
                                                      0.210     4.549 r  bd_i/layer_0/inst/u_core/smem_a_reg_bram_17/CASDOUTB[1]
                         net (fo=1, routed)           0.026     4.575    bd_i/layer_0/inst/u_core/smem_a_reg_bram_17_n_66
    RAMB36_X7Y138                                                     r  bd_i/layer_0/inst/u_core/smem_a_reg_bram_18/CASDINB[1]
    RAMB36_X7Y138        RAMB36E2 (Prop_RAMB36E2_RAMB36_CASDINB[1]_CASDOUTB[1])
                                                      0.210     4.785 r  bd_i/layer_0/inst/u_core/smem_a_reg_bram_18/CASDOUTB[1]
                         net (fo=1, routed)           0.026     4.811    bd_i/layer_0/inst/u_core/smem_a_reg_bram_18_n_66
    RAMB36_X7Y139                                                     r  bd_i/layer_0/inst/u_core/smem_a_reg_bram_19/CASDINB[1]
    RAMB36_X7Y139        RAMB36E2 (Prop_RAMB36E2_RAMB36_CASDINB[1]_CASDOUTB[1])
                                                      0.210     5.021 r  bd_i/layer_0/inst/u_core/smem_a_reg_bram_19/CASDOUTB[1]
                         net (fo=1, routed)           0.026     5.047    bd_i/layer_0/inst/u_core/smem_a_reg_bram_19_n_66
    RAMB36_X7Y140                                                     r  bd_i/layer_0/inst/u_core/smem_a_reg_bram_20/CASDINB[1]
    RAMB36_X7Y140        RAMB36E2 (Prop_RAMB36E2_RAMB36_CASDINB[1]_CASDOUTB[1])
                                                      0.210     5.257 r  bd_i/layer_0/inst/u_core/smem_a_reg_bram_20/CASDOUTB[1]
                         net (fo=1, routed)           0.026     5.283    bd_i/layer_0/inst/u_core/smem_a_reg_bram_20_n_66
    RAMB36_X7Y141                                                     r  bd_i/layer_0/inst/u_core/smem_a_reg_bram_21/CASDINB[1]
    RAMB36_X7Y141        RAMB36E2 (Prop_RAMB36E2_RAMB36_CASDINB[1]_CASDOUTB[1])
                                                      0.210     5.493 r  bd_i/layer_0/inst/u_core/smem_a_reg_bram_21/CASDOUTB[1]
                         net (fo=1, routed)           0.026     5.519    bd_i/layer_0/inst/u_core/smem_a_reg_bram_21_n_66
    RAMB36_X7Y142                                                     r  bd_i/layer_0/inst/u_core/smem_a_reg_bram_22/CASDINB[1]
    RAMB36_X7Y142        RAMB36E2 (Prop_RAMB36E2_RAMB36_CASDINB[1]_CASDOUTB[1])
                                                      0.210     5.729 r  bd_i/layer_0/inst/u_core/smem_a_reg_bram_22/CASDOUTB[1]
                         net (fo=1, routed)           0.026     5.755    bd_i/layer_0/inst/u_core/smem_a_reg_bram_22_n_66
    RAMB36_X7Y143                                                     r  bd_i/layer_0/inst/u_core/smem_a_reg_bram_23/CASDINB[1]
    RAMB36_X7Y143        RAMB36E2 (Prop_RAMB36E2_RAMB36_CASDINB[1]_DOUTBDOUT[1])
                                                      0.117     5.872 r  bd_i/layer_0/inst/u_core/smem_a_reg_bram_23/DOUTBDOUT[1]
                         net (fo=36, routed)          1.226     7.098    bd_i/layer_0/inst/u_core/u_vn/vn_sdata_reg[15]_0[1]
    SLICE_X71Y730                                                     r  bd_i/layer_0/inst/u_core/u_vn/ss_acc0_i_7_replica/I0
    SLICE_X71Y730        LUT4 (Prop_H6LUT_SLICEL_I0_O)
                                                      0.099     7.197 r  bd_i/layer_0/inst/u_core/u_vn/ss_acc0_i_7_replica/O
                         net (fo=1, routed)           0.051     7.248    bd_i/layer_0/inst/u_core/B[10]_repN_alias
    SLICE_X71Y730        FDRE                                         r  bd_i/layer_0/inst/u_core/rp_sdata_reg[10]/D
  -------------------------------------------------------------------    -------------------

                         (clock xdma_0_axi_aclk rise edge)
                                                      4.000     4.000 r  
    GTYE4_CHANNEL_X1Y35  GTYE4_CHANNEL                0.000     4.000 r  bd_i/xdma_0/inst/pcie4_ip_i/inst/bd_xdma_0_0_pcie4_ip_gt_top_i/diablo_gt.diablo_gt_phy_wrapper/gt_wizard.gtwizard_top_i/bd_xdma_0_0_pcie4_ip_gt_i/inst/gen_gtwizard_gtye4_top.bd_xdma_0_0_pcie4_ip_gt_gtwizard_gtye4_inst/gen_gtwizard_gtye4.gen_channel_container[32].gen_enabled_channel.gtye4_channel_wrapper_inst/channel_inst/gtye4_channel_gen.gen_gtye4_channel_inst[3].GTYE4_CHANNEL_PRIM_INST/TXOUTCLK
                         net (fo=7, routed)           0.078     4.078    bd_i/xdma_0/inst/pcie4_ip_i/inst/bd_xdma_0_0_pcie4_ip_gt_top_i/diablo_gt.diablo_gt_phy_wrapper/phy_clk_i/GT_TXOUTCLK[0]
    BUFG_GT_X1Y198                                                    r  bd_i/xdma_0/inst/pcie4_ip_i/inst/bd_xdma_0_0_pcie4_ip_gt_top_i/diablo_gt.diablo_gt_phy_wrapper/phy_clk_i/bufg_gt_userclk/I
    BUFG_GT_X1Y198       BUFG_GT (Prop_BUFG_GT_I_O)
                                                      0.114     4.192 r  bd_i/xdma_0/inst/pcie4_ip_i/inst/bd_xdma_0_0_pcie4_ip_gt_top_i/diablo_gt.diablo_gt_phy_wrapper/phy_clk_i/bufg_gt_userclk/O
    X3Y9 (CLOCK_ROOT)    net (fo=148450, routed)      2.677     6.869    bd_i/layer_0/inst/u_core/aclk
    SLR Crossing[1->2]   
    SLICE_X71Y730        FDRE                                         r  bd_i/layer_0/inst/u_core/rp_sdata_reg[10]/C
                         clock pessimism              0.164     7.033    
                         clock uncertainty           -0.046     6.986    
    SLICE_X71Y730        FDRE (Setup_HFF_SLICEL_C_D)
                                                      0.025     7.011    bd_i/layer_0/inst/u_core/rp_sdata_reg[10]
  -------------------------------------------------------------------
                         required time                          7.011    
                         arrival time                          -7.248    
  -------------------------------------------------------------------
                         slack                                 -0.237    

Slack (VIOLATED) :        -0.237ns  (required time - arrival time)
  Source:                 bd_i/layer_0/inst/u_core/u_dn/g_lane[43].kvm_acc_reg[43]/DSP_OUTPUT_INST/CLK
                            (rising edge-triggered cell DSP_OUTPUT clocked by xdma_0_axi_aclk  {rise@0.000ns fall@2.000ns period=4.000ns})
  Destination:            bd_i/layer_0/inst/u_core/u_dn/g_lane[43].dm_p_reg[43]/DSP_A_B_DATA_INST/A[21]
                            (rising edge-triggered cell DSP_A_B_DATA clocked by xdma_0_axi_aclk  {rise@0.000ns fall@2.000ns period=4.000ns})
  Path Group:             xdma_0_axi_aclk
  Path Type:              Setup (Max at Slow Process Corner)
  Requirement:            4.000ns  (xdma_0_axi_aclk rise@4.000ns - xdma_0_axi_aclk rise@0.000ns)
  Data Path Delay:        3.757ns  (logic 1.105ns (29.413%)  route 2.652ns (70.587%))
  Logic Levels:           8  (CARRY8=5 LUT1=2 LUT3=1)
  Clock Path Skew:        -0.170ns (DCD - SCD + CPR)
    Destination Clock Delay (DCD):    3.183ns = ( 7.183 - 4.000 ) 
    Source Clock Delay      (SCD):    3.535ns
    Clock Pessimism Removal (CPR):    0.182ns
  Clock Uncertainty:      0.046ns  ((TSJ^2 + DJ^2)^1/2) / 2 + PE
    Total System Jitter     (TSJ):    0.071ns
    Discrete Jitter          (DJ):    0.060ns
    Phase Error              (PE):    0.000ns
  Clock Net Delay (Source):      3.320ns (routing 1.183ns, distribution 2.137ns)
  Clock Net Delay (Destination): 2.991ns (routing 1.071ns, distribution 1.920ns)

    Location             Delay type                Incr(ns)  Path(ns)    Netlist Resource(s)
  -------------------------------------------------------------------    -------------------
                         (clock xdma_0_axi_aclk rise edge)
                                                      0.000     0.000 r  
    GTYE4_CHANNEL_X1Y35  GTYE4_CHANNEL                0.000     0.000 r  bd_i/xdma_0/inst/pcie4_ip_i/inst/bd_xdma_0_0_pcie4_ip_gt_top_i/diablo_gt.diablo_gt_phy_wrapper/gt_wizard.gtwizard_top_i/bd_xdma_0_0_pcie4_ip_gt_i/inst/gen_gtwizard_gtye4_top.bd_xdma_0_0_pcie4_ip_gt_gtwizard_gtye4_inst/gen_gtwizard_gtye4.gen_channel_container[32].gen_enabled_channel.gtye4_channel_wrapper_inst/channel_inst/gtye4_channel_gen.gen_gtye4_channel_inst[3].GTYE4_CHANNEL_PRIM_INST/TXOUTCLK
                         net (fo=7, routed)           0.085     0.085    bd_i/xdma_0/inst/pcie4_ip_i/inst/bd_xdma_0_0_pcie4_ip_gt_top_i/diablo_gt.diablo_gt_phy_wrapper/phy_clk_i/GT_TXOUTCLK[0]
    BUFG_GT_X1Y198                                                    r  bd_i/xdma_0/inst/pcie4_ip_i/inst/bd_xdma_0_0_pcie4_ip_gt_top_i/diablo_gt.diablo_gt_phy_wrapper/phy_clk_i/bufg_gt_userclk/I
    BUFG_GT_X1Y198       BUFG_GT (Prop_BUFG_GT_I_O)
                                                      0.130     0.215 r  bd_i/xdma_0/inst/pcie4_ip_i/inst/bd_xdma_0_0_pcie4_ip_gt_top_i/diablo_gt.diablo_gt_phy_wrapper/phy_clk_i/bufg_gt_userclk/O
    X3Y9 (CLOCK_ROOT)    net (fo=148450, routed)      3.320     3.535    bd_i/layer_0/inst/u_core/u_dn/g_lane[43].kvm_acc_reg[43]/CLK
    SLR Crossing[1->2]   
    DSP48E2_X3Y310       DSP_OUTPUT                                   r  bd_i/layer_0/inst/u_core/u_dn/g_lane[43].kvm_acc_reg[43]/DSP_OUTPUT_INST/CLK
  -------------------------------------------------------------------    -------------------
    DSP48E2_X3Y310       DSP_OUTPUT (Prop_DSP_OUTPUT_DSP48E2_CLK_P[0])
                                                      0.213     3.748 f  bd_i/layer_0/inst/u_core/u_dn/g_lane[43].kvm_acc_reg[43]/DSP_OUTPUT_INST/P[0]
                         net (fo=1, routed)           0.407     4.155    bd_i/layer_0/inst/u_core/u_dn/g_lane[43].kvm_acc_reg_n_105_[43]
    SLICE_X17Y776                                                     f  bd_i/layer_0/inst/u_core/u_dn/p_0_out__1__3_i_84/I0
    SLICE_X17Y776        LUT1 (Prop_G6LUT_SLICEM_I0_O)
                                                      0.123     4.278 r  bd_i/layer_0/inst/u_core/u_dn/p_0_out__1__3_i_84/O
                         net (fo=1, routed)           0.279     4.557    bd_i/layer_0/inst/u_core/u_dn/p_0_out__1__3_i_84_n_0
    SLICE_X15Y777                                                     r  bd_i/layer_0/inst/u_core/u_dn/p_0_out__1__3_i_66/CI
    SLICE_X15Y777        CARRY8 (Prop_CARRY8_SLICEL_CI_CO[7])
                                                      0.151     4.708 r  bd_i/layer_0/inst/u_core/u_dn/p_0_out__1__3_i_66/CO[7]
                         net (fo=1, routed)           0.026     4.734    bd_i/layer_0/inst/u_core/u_dn/p_0_out__1__3_i_66_n_0
    SLICE_X15Y778                                                     r  bd_i/layer_0/inst/u_core/u_dn/p_0_out__1__3_i_37/CI
    SLICE_X15Y778        CARRY8 (Prop_CARRY8_SLICEL_CI_O[5])
                                                      0.116     4.850 f  bd_i/layer_0/inst/u_core/u_dn/p_0_out__1__3_i_37/O[5]
                         net (fo=2, routed)           0.377     5.227    bd_i/layer_0/inst/u_core/u_dn/p_0_out__1__3_i_37_n_10
    SLICE_X13Y779                                                     f  bd_i/layer_0/inst/u_core/u_dn/p_0_out__1__3_i_56/I0
    SLICE_X13Y779        LUT1 (Prop_H6LUT_SLICEM_I0_O)
                                                      0.101     5.328 r  bd_i/layer_0/inst/u_core/u_dn/p_0_out__1__3_i_56/O
                         net (fo=1, routed)           0.251     5.579    bd_i/layer_0/inst/u_core/u_dn/p_0_out__1__3_i_56_n_0
    SLICE_X14Y779                                                     r  bd_i/layer_0/inst/u_core/u_dn/p_0_out__1__3_i_35/CI
    SLICE_X14Y779        CARRY8 (Prop_CARRY8_SLICEL_CI_CO[7])
                                                      0.151     5.730 r  bd_i/layer_0/inst/u_core/u_dn/p_0_out__1__3_i_35/CO[7]
                         net (fo=1, routed)           0.026     5.756    bd_i/layer_0/inst/u_core/u_dn/p_0_out__1__3_i_35_n_0
    SLICE_X14Y780                                                     r  bd_i/layer_0/inst/u_core/u_dn/p_0_out__1__3_i_33/CI
    SLICE_X14Y780        CARRY8 (Prop_CARRY8_SLICEL_CI_CO[7])
                                                      0.015     5.771 r  bd_i/layer_0/inst/u_core/u_dn/p_0_out__1__3_i_33/CO[7]
                         net (fo=1, routed)           0.026     5.797    bd_i/layer_0/inst/u_core/u_dn/p_0_out__1__3_i_33_n_0
    SLICE_X14Y781                                                     r  bd_i/layer_0/inst/u_core/u_dn/p_0_out__1__3_i_31/CI
    SLICE_X14Y781        CARRY8 (Prop_CARRY8_SLICEL_CI_O[4])
                                                      0.086     5.883 r  bd_i/layer_0/inst/u_core/u_dn/p_0_out__1__3_i_31/O[4]
                         net (fo=1, routed)           0.361     6.244    bd_i/layer_0/inst/u_core/u_dn/p_0_out__1__3_i_31_n_11
    SLICE_X18Y781                                                     r  bd_i/layer_0/inst/u_core/u_dn/p_0_out__1__3_i_7/I0
    SLICE_X18Y781        LUT3 (Prop_A6LUT_SLICEL_I0_O)
                                                      0.149     6.393 r  bd_i/layer_0/inst/u_core/u_dn/p_0_out__1__3_i_7/O
                         net (fo=3, routed)           0.899     7.292    bd_i/layer_0/inst/u_core/u_dn/g_lane[43].dm_p_reg[43]/A[21]
    DSP48E2_X1Y322       DSP_A_B_DATA                                 r  bd_i/layer_0/inst/u_core/u_dn/g_lane[43].dm_p_reg[43]/DSP_A_B_DATA_INST/A[21]
  -------------------------------------------------------------------    -------------------

                         (clock xdma_0_axi_aclk rise edge)
                                                      4.000     4.000 r  
    GTYE4_CHANNEL_X1Y35  GTYE4_CHANNEL                0.000     4.000 r  bd_i/xdma_0/inst/pcie4_ip_i/inst/bd_xdma_0_0_pcie4_ip_gt_top_i/diablo_gt.diablo_gt_phy_wrapper/gt_wizard.gtwizard_top_i/bd_xdma_0_0_pcie4_ip_gt_i/inst/gen_gtwizard_gtye4_top.bd_xdma_0_0_pcie4_ip_gt_gtwizard_gtye4_inst/gen_gtwizard_gtye4.gen_channel_container[32].gen_enabled_channel.gtye4_channel_wrapper_inst/channel_inst/gtye4_channel_gen.gen_gtye4_channel_inst[3].GTYE4_CHANNEL_PRIM_INST/TXOUTCLK
                         net (fo=7, routed)           0.078     4.078    bd_i/xdma_0/inst/pcie4_ip_i/inst/bd_xdma_0_0_pcie4_ip_gt_top_i/diablo_gt.diablo_gt_phy_wrapper/phy_clk_i/GT_TXOUTCLK[0]
    BUFG_GT_X1Y198                                                    r  bd_i/xdma_0/inst/pcie4_ip_i/inst/bd_xdma_0_0_pcie4_ip_gt_top_i/diablo_gt.diablo_gt_phy_wrapper/phy_clk_i/bufg_gt_userclk/I
    BUFG_GT_X1Y198       BUFG_GT (Prop_BUFG_GT_I_O)
                                                      0.114     4.192 r  bd_i/xdma_0/inst/pcie4_ip_i/inst/bd_xdma_0_0_pcie4_ip_gt_top_i/diablo_gt.diablo_gt_phy_wrapper/phy_clk_i/bufg_gt_userclk/O
    X3Y9 (CLOCK_ROOT)    net (fo=148450, routed)      2.991     7.183    bd_i/layer_0/inst/u_core/u_dn/g_lane[43].dm_p_reg[43]/CLK
    SLR Crossing[1->2]   
    DSP48E2_X1Y322       DSP_A_B_DATA                                 r  bd_i/layer_0/inst/u_core/u_dn/g_lane[43].dm_p_reg[43]/DSP_A_B_DATA_INST/CLK
                         clock pessimism              0.182     7.365    
                         clock uncertainty           -0.046     7.318    
    DSP48E2_X1Y322       DSP_A_B_DATA (Setup_DSP_A_B_DATA_DSP48E2_CLK_A[21])
                                                     -0.263     7.055    bd_i/layer_0/inst/u_core/u_dn/g_lane[43].dm_p_reg[43]/DSP_A_B_DATA_INST
  -------------------------------------------------------------------
                         required time                          7.055    
                         arrival time                          -7.292    
  -------------------------------------------------------------------
                         slack                                 -0.237    

Slack (VIOLATED) :        -0.237ns  (required time - arrival time)
  Source:                 bd_i/layer_0/inst/u_core/kb_i_reg[7]/C
                            (rising edge-triggered cell FDRE clocked by xdma_0_axi_aclk  {rise@0.000ns fall@2.000ns period=4.000ns})
  Destination:            bd_i/layer_0/inst/u_core/krow_reg[458]/CE
                            (rising edge-triggered cell FDRE clocked by xdma_0_axi_aclk  {rise@0.000ns fall@2.000ns period=4.000ns})
  Path Group:             xdma_0_axi_aclk
  Path Type:              Setup (Max at Slow Process Corner)
  Requirement:            4.000ns  (xdma_0_axi_aclk rise@4.000ns - xdma_0_axi_aclk rise@0.000ns)
  Data Path Delay:        4.195ns  (logic 0.481ns (11.465%)  route 3.714ns (88.535%))
  Logic Levels:           4  (LUT2=2 LUT3=1 LUT6=1)
  Clock Path Skew:        0.065ns (DCD - SCD + CPR)
    Destination Clock Delay (DCD):    2.890ns = ( 6.890 - 4.000 ) 
    Source Clock Delay      (SCD):    3.066ns
    Clock Pessimism Removal (CPR):    0.241ns
  Clock Uncertainty:      0.046ns  ((TSJ^2 + DJ^2)^1/2) / 2 + PE
    Total System Jitter     (TSJ):    0.071ns
    Discrete Jitter          (DJ):    0.060ns
    Phase Error              (PE):    0.000ns
  Clock Net Delay (Source):      2.851ns (routing 1.183ns, distribution 1.668ns)
  Clock Net Delay (Destination): 2.698ns (routing 1.071ns, distribution 1.627ns)

    Location             Delay type                Incr(ns)  Path(ns)    Netlist Resource(s)
  -------------------------------------------------------------------    -------------------
                         (clock xdma_0_axi_aclk rise edge)
                                                      0.000     0.000 r  
    GTYE4_CHANNEL_X1Y35  GTYE4_CHANNEL                0.000     0.000 r  bd_i/xdma_0/inst/pcie4_ip_i/inst/bd_xdma_0_0_pcie4_ip_gt_top_i/diablo_gt.diablo_gt_phy_wrapper/gt_wizard.gtwizard_top_i/bd_xdma_0_0_pcie4_ip_gt_i/inst/gen_gtwizard_gtye4_top.bd_xdma_0_0_pcie4_ip_gt_gtwizard_gtye4_inst/gen_gtwizard_gtye4.gen_channel_container[32].gen_enabled_channel.gtye4_channel_wrapper_inst/channel_inst/gtye4_channel_gen.gen_gtye4_channel_inst[3].GTYE4_CHANNEL_PRIM_INST/TXOUTCLK
                         net (fo=7, routed)           0.085     0.085    bd_i/xdma_0/inst/pcie4_ip_i/inst/bd_xdma_0_0_pcie4_ip_gt_top_i/diablo_gt.diablo_gt_phy_wrapper/phy_clk_i/GT_TXOUTCLK[0]
    BUFG_GT_X1Y198                                                    r  bd_i/xdma_0/inst/pcie4_ip_i/inst/bd_xdma_0_0_pcie4_ip_gt_top_i/diablo_gt.diablo_gt_phy_wrapper/phy_clk_i/bufg_gt_userclk/I
    BUFG_GT_X1Y198       BUFG_GT (Prop_BUFG_GT_I_O)
                                                      0.130     0.215 r  bd_i/xdma_0/inst/pcie4_ip_i/inst/bd_xdma_0_0_pcie4_ip_gt_top_i/diablo_gt.diablo_gt_phy_wrapper/phy_clk_i/bufg_gt_userclk/O
    X3Y9 (CLOCK_ROOT)    net (fo=148450, routed)      2.851     3.066    bd_i/layer_0/inst/u_core/aclk
    SLR Crossing[1->2]   
    SLICE_X94Y778        FDRE                                         r  bd_i/layer_0/inst/u_core/kb_i_reg[7]/C
  -------------------------------------------------------------------    -------------------
    SLICE_X94Y778        FDRE (Prop_HFF_SLICEL_C_Q)
                                                      0.079     3.145 f  bd_i/layer_0/inst/u_core/kb_i_reg[7]/Q
                         net (fo=144, routed)         1.015     4.160    bd_i/layer_0/inst/u_core/kb_i_reg_n_0_[7]
    SLICE_X108Y773                                                    f  bd_i/layer_0/inst/u_core/krow[510]_i_2/I1
    SLICE_X108Y773       LUT3 (Prop_H6LUT_SLICEM_I1_O)
                                                      0.090     4.250 r  bd_i/layer_0/inst/u_core/krow[510]_i_2/O
                         net (fo=57, routed)          0.851     5.101    bd_i/layer_0/inst/u_core/krow[510]_i_2_n_0
    SLICE_X88Y775                                                     r  bd_i/layer_0/inst/u_core/krow[460]_i_4/I0
    SLICE_X88Y775        LUT6 (Prop_H6LUT_SLICEM_I0_O)
                                                      0.090     5.191 r  bd_i/layer_0/inst/u_core/krow[460]_i_4/O
                         net (fo=1, routed)           0.097     5.288    bd_i/layer_0/inst/u_core/krow[460]_i_4_n_0
    SLICE_X88Y775                                                     r  bd_i/layer_0/inst/u_core/krow[460]_i_3/I1
    SLICE_X88Y775        LUT2 (Prop_D6LUT_SLICEM_I1_O)
                                                      0.122     5.410 r  bd_i/layer_0/inst/u_core/krow[460]_i_3/O
                         net (fo=4, routed)           0.797     6.207    bd_i/layer_0/inst/u_core/krow[462]
    SLICE_X108Y738                                                    r  bd_i/layer_0/inst/u_core/krow[460]_i_2/I1
    SLICE_X108Y738       LUT2 (Prop_E6LUT_SLICEM_I1_O)
                                                      0.100     6.307 r  bd_i/layer_0/inst/u_core/krow[460]_i_2/O
                         net (fo=5, routed)           0.954     7.261    bd_i/layer_0/inst/u_core/krow[460]_i_2_n_0
    SLICE_X115Y722       FDRE                                         r  bd_i/layer_0/inst/u_core/krow_reg[458]/CE
  -------------------------------------------------------------------    -------------------

                         (clock xdma_0_axi_aclk rise edge)
                                                      4.000     4.000 r  
    GTYE4_CHANNEL_X1Y35  GTYE4_CHANNEL                0.000     4.000 r  bd_i/xdma_0/inst/pcie4_ip_i/inst/bd_xdma_0_0_pcie4_ip_gt_top_i/diablo_gt.diablo_gt_phy_wrapper/gt_wizard.gtwizard_top_i/bd_xdma_0_0_pcie4_ip_gt_i/inst/gen_gtwizard_gtye4_top.bd_xdma_0_0_pcie4_ip_gt_gtwizard_gtye4_inst/gen_gtwizard_gtye4.gen_channel_container[32].gen_enabled_channel.gtye4_channel_wrapper_inst/channel_inst/gtye4_channel_gen.gen_gtye4_channel_inst[3].GTYE4_CHANNEL_PRIM_INST/TXOUTCLK
                         net (fo=7, routed)           0.078     4.078    bd_i/xdma_0/inst/pcie4_ip_i/inst/bd_xdma_0_0_pcie4_ip_gt_top_i/diablo_gt.diablo_gt_phy_wrapper/phy_clk_i/GT_TXOUTCLK[0]
    BUFG_GT_X1Y198                                                    r  bd_i/xdma_0/inst/pcie4_ip_i/inst/bd_xdma_0_0_pcie4_ip_gt_top_i/diablo_gt.diablo_gt_phy_wrapper/phy_clk_i/bufg_gt_userclk/I
    BUFG_GT_X1Y198       BUFG_GT (Prop_BUFG_GT_I_O)
                                                      0.114     4.192 r  bd_i/xdma_0/inst/pcie4_ip_i/inst/bd_xdma_0_0_pcie4_ip_gt_top_i/diablo_gt.diablo_gt_phy_wrapper/phy_clk_i/bufg_gt_userclk/O
    X3Y9 (CLOCK_ROOT)    net (fo=148450, routed)      2.698     6.890    bd_i/layer_0/inst/u_core/aclk
    SLR Crossing[1->2]   
    SLICE_X115Y722       FDRE                                         r  bd_i/layer_0/inst/u_core/krow_reg[458]/C
                         clock pessimism              0.241     7.131    
                         clock uncertainty           -0.046     7.085    
    SLICE_X115Y722       FDRE (Setup_EFF2_SLICEL_C_CE)
                                                     -0.060     7.025    bd_i/layer_0/inst/u_core/krow_reg[458]
  -------------------------------------------------------------------
                         required time                          7.025    
                         arrival time                          -7.261    
  -------------------------------------------------------------------
                         slack                                 -0.237    

Slack (VIOLATED) :        -0.236ns  (required time - arrival time)
  Source:                 bd_i/layer_0/inst/u_core/st_reg[1]/C
                            (rising edge-triggered cell FDRE clocked by xdma_0_axi_aclk  {rise@0.000ns fall@2.000ns period=4.000ns})
  Destination:            bd_i/layer_0/inst/u_core/kv_wrow_reg[687]/CE
                            (rising edge-triggered cell FDRE clocked by xdma_0_axi_aclk  {rise@0.000ns fall@2.000ns period=4.000ns})
  Path Group:             xdma_0_axi_aclk
  Path Type:              Setup (Max at Slow Process Corner)
  Requirement:            4.000ns  (xdma_0_axi_aclk rise@4.000ns - xdma_0_axi_aclk rise@0.000ns)
  Data Path Delay:        4.433ns  (logic 0.229ns (5.166%)  route 4.204ns (94.834%))
  Logic Levels:           2  (LUT2=1 LUT6=1)
  Clock Path Skew:        0.304ns (DCD - SCD + CPR)
    Destination Clock Delay (DCD):    3.209ns = ( 7.209 - 4.000 ) 
    Source Clock Delay      (SCD):    3.158ns
    Clock Pessimism Removal (CPR):    0.253ns
  Clock Uncertainty:      0.046ns  ((TSJ^2 + DJ^2)^1/2) / 2 + PE
    Total System Jitter     (TSJ):    0.071ns
    Discrete Jitter          (DJ):    0.060ns
    Phase Error              (PE):    0.000ns
  Clock Net Delay (Source):      2.943ns (routing 1.183ns, distribution 1.760ns)
  Clock Net Delay (Destination): 3.017ns (routing 1.071ns, distribution 1.946ns)

    Location             Delay type                Incr(ns)  Path(ns)    Netlist Resource(s)
  -------------------------------------------------------------------    -------------------
                         (clock xdma_0_axi_aclk rise edge)
                                                      0.000     0.000 r  
    GTYE4_CHANNEL_X1Y35  GTYE4_CHANNEL                0.000     0.000 r  bd_i/xdma_0/inst/pcie4_ip_i/inst/bd_xdma_0_0_pcie4_ip_gt_top_i/diablo_gt.diablo_gt_phy_wrapper/gt_wizard.gtwizard_top_i/bd_xdma_0_0_pcie4_ip_gt_i/inst/gen_gtwizard_gtye4_top.bd_xdma_0_0_pcie4_ip_gt_gtwizard_gtye4_inst/gen_gtwizard_gtye4.gen_channel_container[32].gen_enabled_channel.gtye4_channel_wrapper_inst/channel_inst/gtye4_channel_gen.gen_gtye4_channel_inst[3].GTYE4_CHANNEL_PRIM_INST/TXOUTCLK
                         net (fo=7, routed)           0.085     0.085    bd_i/xdma_0/inst/pcie4_ip_i/inst/bd_xdma_0_0_pcie4_ip_gt_top_i/diablo_gt.diablo_gt_phy_wrapper/phy_clk_i/GT_TXOUTCLK[0]
    BUFG_GT_X1Y198                                                    r  bd_i/xdma_0/inst/pcie4_ip_i/inst/bd_xdma_0_0_pcie4_ip_gt_top_i/diablo_gt.diablo_gt_phy_wrapper/phy_clk_i/bufg_gt_userclk/I
    BUFG_GT_X1Y198       BUFG_GT (Prop_BUFG_GT_I_O)
                                                      0.130     0.215 r  bd_i/xdma_0/inst/pcie4_ip_i/inst/bd_xdma_0_0_pcie4_ip_gt_top_i/diablo_gt.diablo_gt_phy_wrapper/phy_clk_i/bufg_gt_userclk/O
    X3Y9 (CLOCK_ROOT)    net (fo=148450, routed)      2.943     3.158    bd_i/layer_0/inst/u_core/aclk
    SLR Crossing[1->2]   
    SLICE_X85Y790        FDRE                                         r  bd_i/layer_0/inst/u_core/st_reg[1]/C
  -------------------------------------------------------------------    -------------------
    SLICE_X85Y790        FDRE (Prop_HFF2_SLICEL_C_Q)
                                                      0.080     3.238 r  bd_i/layer_0/inst/u_core/st_reg[1]/Q
                         net (fo=136, routed)         1.077     4.316    bd_i/layer_0/inst/u_core/u_conv/Q[1]
    SLICE_X105Y767                                                    r  bd_i/layer_0/inst/u_core/u_conv/p0_reg[3]_i_2/I0
    SLICE_X105Y767       LUT2 (Prop_E6LUT_SLICEL_I0_O)
                                                      0.099     4.415 f  bd_i/layer_0/inst/u_core/u_conv/p0_reg[3]_i_2/O
                         net (fo=9, routed)           1.610     6.024    bd_i/layer_0/inst/u_core/u_conv_n_2
    SLICE_X44Y785                                                     f  bd_i/layer_0/inst/u_core/kv_wrow[2047]_i_1_replica/I3
    SLICE_X44Y785        LUT6 (Prop_A6LUT_SLICEL_I3_O)
                                                      0.050     6.074 r  bd_i/layer_0/inst/u_core/kv_wrow[2047]_i_1_replica/O
                         net (fo=419, routed)         1.517     7.591    bd_i/layer_0/inst/u_core/kv_waddr_repN
    SLICE_X11Y819        FDRE                                         r  bd_i/layer_0/inst/u_core/kv_wrow_reg[687]/CE
  -------------------------------------------------------------------    -------------------

                         (clock xdma_0_axi_aclk rise edge)
                                                      4.000     4.000 r  
    GTYE4_CHANNEL_X1Y35  GTYE4_CHANNEL                0.000     4.000 r  bd_i/xdma_0/inst/pcie4_ip_i/inst/bd_xdma_0_0_pcie4_ip_gt_top_i/diablo_gt.diablo_gt_phy_wrapper/gt_wizard.gtwizard_top_i/bd_xdma_0_0_pcie4_ip_gt_i/inst/gen_gtwizard_gtye4_top.bd_xdma_0_0_pcie4_ip_gt_gtwizard_gtye4_inst/gen_gtwizard_gtye4.gen_channel_container[32].gen_enabled_channel.gtye4_channel_wrapper_inst/channel_inst/gtye4_channel_gen.gen_gtye4_channel_inst[3].GTYE4_CHANNEL_PRIM_INST/TXOUTCLK
                         net (fo=7, routed)           0.078     4.078    bd_i/xdma_0/inst/pcie4_ip_i/inst/bd_xdma_0_0_pcie4_ip_gt_top_i/diablo_gt.diablo_gt_phy_wrapper/phy_clk_i/GT_TXOUTCLK[0]
    BUFG_GT_X1Y198                                                    r  bd_i/xdma_0/inst/pcie4_ip_i/inst/bd_xdma_0_0_pcie4_ip_gt_top_i/diablo_gt.diablo_gt_phy_wrapper/phy_clk_i/bufg_gt_userclk/I
    BUFG_GT_X1Y198       BUFG_GT (Prop_BUFG_GT_I_O)
                                                      0.114     4.192 r  bd_i/xdma_0/inst/pcie4_ip_i/inst/bd_xdma_0_0_pcie4_ip_gt_top_i/diablo_gt.diablo_gt_phy_wrapper/phy_clk_i/bufg_gt_userclk/O
    X3Y9 (CLOCK_ROOT)    net (fo=148450, routed)      3.017     7.209    bd_i/layer_0/inst/u_core/aclk
    SLR Crossing[1->2]   
    SLICE_X11Y819        FDRE                                         r  bd_i/layer_0/inst/u_core/kv_wrow_reg[687]/C
                         clock pessimism              0.253     7.462    
                         clock uncertainty           -0.046     7.416    
    SLICE_X11Y819        FDRE (Setup_EFF2_SLICEM_C_CE)
                                                     -0.061     7.355    bd_i/layer_0/inst/u_core/kv_wrow_reg[687]
  -------------------------------------------------------------------
                         required time                          7.355    
                         arrival time                          -7.591    
  -------------------------------------------------------------------
                         slack                                 -0.236    

Slack (VIOLATED) :        -0.236ns  (required time - arrival time)
  Source:                 bd_i/layer_0/inst/u_core/smem_a_reg_bram_0/CLKBWRCLK
                            (rising edge-triggered cell RAMB36E2 clocked by xdma_0_axi_aclk  {rise@0.000ns fall@2.000ns period=4.000ns})
  Destination:            bd_i/layer_0/inst/u_core/u_axib/fdat_reg_0_3_0_13/RAMD_D1/I
                            (rising edge-triggered cell RAMD32 clocked by xdma_0_axi_aclk  {rise@0.000ns fall@2.000ns period=4.000ns})
  Path Group:             xdma_0_axi_aclk
  Path Type:              Setup (Max at Slow Process Corner)
  Requirement:            4.000ns  (xdma_0_axi_aclk rise@4.000ns - xdma_0_axi_aclk rise@0.000ns)
  Data Path Delay:        3.818ns  (logic 2.537ns (66.452%)  route 1.281ns (33.548%))
  Logic Levels:           8  (LUT3=1 RAMB36E2=7)
  Clock Path Skew:        -0.292ns (DCD - SCD + CPR)
    Destination Clock Delay (DCD):    2.780ns = ( 6.780 - 4.000 ) 
    Source Clock Delay      (SCD):    3.236ns
    Clock Pessimism Removal (CPR):    0.164ns
  Clock Uncertainty:      0.046ns  ((TSJ^2 + DJ^2)^1/2) / 2 + PE
    Total System Jitter     (TSJ):    0.071ns
    Discrete Jitter          (DJ):    0.060ns
    Phase Error              (PE):    0.000ns
  Clock Net Delay (Source):      3.021ns (routing 1.183ns, distribution 1.838ns)
  Clock Net Delay (Destination): 2.588ns (routing 1.071ns, distribution 1.517ns)

    Location             Delay type                Incr(ns)  Path(ns)    Netlist Resource(s)
  -------------------------------------------------------------------    -------------------
                         (clock xdma_0_axi_aclk rise edge)
                                                      0.000     0.000 r  
    GTYE4_CHANNEL_X1Y35  GTYE4_CHANNEL                0.000     0.000 r  bd_i/xdma_0/inst/pcie4_ip_i/inst/bd_xdma_0_0_pcie4_ip_gt_top_i/diablo_gt.diablo_gt_phy_wrapper/gt_wizard.gtwizard_top_i/bd_xdma_0_0_pcie4_ip_gt_i/inst/gen_gtwizard_gtye4_top.bd_xdma_0_0_pcie4_ip_gt_gtwizard_gtye4_inst/gen_gtwizard_gtye4.gen_channel_container[32].gen_enabled_channel.gtye4_channel_wrapper_inst/channel_inst/gtye4_channel_gen.gen_gtye4_channel_inst[3].GTYE4_CHANNEL_PRIM_INST/TXOUTCLK
                         net (fo=7, routed)           0.085     0.085    bd_i/xdma_0/inst/pcie4_ip_i/inst/bd_xdma_0_0_pcie4_ip_gt_top_i/diablo_gt.diablo_gt_phy_wrapper/phy_clk_i/GT_TXOUTCLK[0]
    BUFG_GT_X1Y198                                                    r  bd_i/xdma_0/inst/pcie4_ip_i/inst/bd_xdma_0_0_pcie4_ip_gt_top_i/diablo_gt.diablo_gt_phy_wrapper/phy_clk_i/bufg_gt_userclk/I
    BUFG_GT_X1Y198       BUFG_GT (Prop_BUFG_GT_I_O)
                                                      0.130     0.215 r  bd_i/xdma_0/inst/pcie4_ip_i/inst/bd_xdma_0_0_pcie4_ip_gt_top_i/diablo_gt.diablo_gt_phy_wrapper/phy_clk_i/bufg_gt_userclk/O
    X3Y9 (CLOCK_ROOT)    net (fo=148450, routed)      3.021     3.236    bd_i/layer_0/inst/u_core/aclk
    SLR Crossing[1->2]   
    RAMB36_X7Y145        RAMB36E2                                     r  bd_i/layer_0/inst/u_core/smem_a_reg_bram_0/CLKBWRCLK
  -------------------------------------------------------------------    -------------------
    RAMB36_X7Y145        RAMB36E2 (Prop_RAMB36E2_RAMB36_CLKBWRCLK_CASDOUTB[7])
                                                      1.070     4.306 r  bd_i/layer_0/inst/u_core/smem_a_reg_bram_0/CASDOUTB[7]
                         net (fo=1, routed)           0.028     4.334    bd_i/layer_0/inst/u_core/smem_a_reg_bram_0_n_60
    RAMB36_X7Y146                                                     r  bd_i/layer_0/inst/u_core/smem_a_reg_bram_1/CASDINB[7]
    RAMB36_X7Y146        RAMB36E2 (Prop_RAMB36E2_RAMB36_CASDINB[7]_CASDOUTB[7])
                                                      0.210     4.544 r  bd_i/layer_0/inst/u_core/smem_a_reg_bram_1/CASDOUTB[7]
                         net (fo=1, routed)           0.028     4.572    bd_i/layer_0/inst/u_core/smem_a_reg_bram_1_n_60
    RAMB36_X7Y147                                                     r  bd_i/layer_0/inst/u_core/smem_a_reg_bram_2/CASDINB[7]
    RAMB36_X7Y147        RAMB36E2 (Prop_RAMB36E2_RAMB36_CASDINB[7]_CASDOUTB[7])
                                                      0.210     4.782 r  bd_i/layer_0/inst/u_core/smem_a_reg_bram_2/CASDOUTB[7]
                         net (fo=1, routed)           0.028     4.810    bd_i/layer_0/inst/u_core/smem_a_reg_bram_2_n_60
    RAMB36_X7Y148                                                     r  bd_i/layer_0/inst/u_core/smem_a_reg_bram_3/CASDINB[7]
    RAMB36_X7Y148        RAMB36E2 (Prop_RAMB36E2_RAMB36_CASDINB[7]_CASDOUTB[7])
                                                      0.210     5.020 r  bd_i/layer_0/inst/u_core/smem_a_reg_bram_3/CASDOUTB[7]
                         net (fo=1, routed)           0.028     5.048    bd_i/layer_0/inst/u_core/smem_a_reg_bram_3_n_60
    RAMB36_X7Y149                                                     r  bd_i/layer_0/inst/u_core/smem_a_reg_bram_4/CASDINB[7]
    RAMB36_X7Y149        RAMB36E2 (Prop_RAMB36E2_RAMB36_CASDINB[7]_CASDOUTB[7])
                                                      0.210     5.258 r  bd_i/layer_0/inst/u_core/smem_a_reg_bram_4/CASDOUTB[7]
                         net (fo=1, routed)           0.028     5.286    bd_i/layer_0/inst/u_core/smem_a_reg_bram_4_n_60
    RAMB36_X7Y150                                                     r  bd_i/layer_0/inst/u_core/smem_a_reg_bram_5/CASDINB[7]
    RAMB36_X7Y150        RAMB36E2 (Prop_RAMB36E2_RAMB36_CASDINB[7]_CASDOUTB[7])
                                                      0.210     5.496 r  bd_i/layer_0/inst/u_core/smem_a_reg_bram_5/CASDOUTB[7]
                         net (fo=1, routed)           0.028     5.524    bd_i/layer_0/inst/u_core/smem_a_reg_bram_5_n_60
    RAMB36_X7Y151                                                     r  bd_i/layer_0/inst/u_core/smem_a_reg_bram_6/CASDINB[7]
    RAMB36_X7Y151        RAMB36E2 (Prop_RAMB36E2_RAMB36_CASDINB[7]_CASDOUTB[7])
                                                      0.210     5.734 r  bd_i/layer_0/inst/u_core/smem_a_reg_bram_6/CASDOUTB[7]
                         net (fo=1, routed)           0.028     5.762    bd_i/layer_0/inst/u_core/smem_a_reg_bram_6_n_60
    RAMB36_X7Y152                                                     r  bd_i/layer_0/inst/u_core/smem_a_reg_bram_7/CASDINB[7]
    RAMB36_X7Y152        RAMB36E2 (Prop_RAMB36E2_RAMB36_CASDINB[7]_DOUTBDOUT[7])
                                                      0.117     5.879 r  bd_i/layer_0/inst/u_core/smem_a_reg_bram_7/DOUTBDOUT[7]
                         net (fo=10, routed)          0.615     6.494    bd_i/layer_0/inst/u_core/u_alu/cp_v32_reg[7]_0[7]
    SLICE_X94Y738                                                     r  bd_i/layer_0/inst/u_core/u_alu/fdat_reg_0_3_0_13_i_7_replica_1/I2
    SLICE_X94Y738        LUT3 (Prop_E6LUT_SLICEL_I2_O)
                                                      0.090     6.584 r  bd_i/layer_0/inst/u_core/u_alu/fdat_reg_0_3_0_13_i_7_replica_1/O
                         net (fo=1, routed)           0.470     7.054    bd_i/layer_0/inst/u_core/u_axib/fdat_reg_0_3_0_13/DID1
    SLICE_X90Y716        RAMD32                                       r  bd_i/layer_0/inst/u_core/u_axib/fdat_reg_0_3_0_13/RAMD_D1/I
  -------------------------------------------------------------------    -------------------

                         (clock xdma_0_axi_aclk rise edge)
                                                      4.000     4.000 r  
    GTYE4_CHANNEL_X1Y35  GTYE4_CHANNEL                0.000     4.000 r  bd_i/xdma_0/inst/pcie4_ip_i/inst/bd_xdma_0_0_pcie4_ip_gt_top_i/diablo_gt.diablo_gt_phy_wrapper/gt_wizard.gtwizard_top_i/bd_xdma_0_0_pcie4_ip_gt_i/inst/gen_gtwizard_gtye4_top.bd_xdma_0_0_pcie4_ip_gt_gtwizard_gtye4_inst/gen_gtwizard_gtye4.gen_channel_container[32].gen_enabled_channel.gtye4_channel_wrapper_inst/channel_inst/gtye4_channel_gen.gen_gtye4_channel_inst[3].GTYE4_CHANNEL_PRIM_INST/TXOUTCLK
                         net (fo=7, routed)           0.078     4.078    bd_i/xdma_0/inst/pcie4_ip_i/inst/bd_xdma_0_0_pcie4_ip_gt_top_i/diablo_gt.diablo_gt_phy_wrapper/phy_clk_i/GT_TXOUTCLK[0]
    BUFG_GT_X1Y198                                                    r  bd_i/xdma_0/inst/pcie4_ip_i/inst/bd_xdma_0_0_pcie4_ip_gt_top_i/diablo_gt.diablo_gt_phy_wrapper/phy_clk_i/bufg_gt_userclk/I
    BUFG_GT_X1Y198       BUFG_GT (Prop_BUFG_GT_I_O)
                                                      0.114     4.192 r  bd_i/xdma_0/inst/pcie4_ip_i/inst/bd_xdma_0_0_pcie4_ip_gt_top_i/diablo_gt.diablo_gt_phy_wrapper/phy_clk_i/bufg_gt_userclk/O
    X3Y9 (CLOCK_ROOT)    net (fo=148450, routed)      2.588     6.780    bd_i/layer_0/inst/u_core/u_axib/fdat_reg_0_3_0_13/WCLK
    SLR Crossing[1->2]   
    SLICE_X90Y716        RAMD32                                       r  bd_i/layer_0/inst/u_core/u_axib/fdat_reg_0_3_0_13/RAMD_D1/CLK
                         clock pessimism              0.164     6.944    
                         clock uncertainty           -0.046     6.898    
    SLICE_X90Y716        RAMD32 (Setup_D6LUT_SLICEM_CLK_I)
                                                     -0.080     6.818    bd_i/layer_0/inst/u_core/u_axib/fdat_reg_0_3_0_13/RAMD_D1
  -------------------------------------------------------------------
                         required time                          6.818    
                         arrival time                          -7.054    
  -------------------------------------------------------------------
                         slack                                 -0.236    

Slack (VIOLATED) :        -0.236ns  (required time - arrival time)
  Source:                 bd_i/layer_0/inst/u_core/u_attn/oi_reg[1]_rep__10/C
                            (rising edge-triggered cell FDRE clocked by xdma_0_axi_aclk  {rise@0.000ns fall@2.000ns period=4.000ns})
  Destination:            bd_i/layer_0/inst/u_core/u_attn/o_g4_reg[1][12]/D
                            (rising edge-triggered cell FDRE clocked by xdma_0_axi_aclk  {rise@0.000ns fall@2.000ns period=4.000ns})
  Path Group:             xdma_0_axi_aclk
  Path Type:              Setup (Max at Slow Process Corner)
  Requirement:            4.000ns  (xdma_0_axi_aclk rise@4.000ns - xdma_0_axi_aclk rise@0.000ns)
  Data Path Delay:        4.440ns  (logic 0.341ns (7.680%)  route 4.099ns (92.320%))
  Logic Levels:           4  (LUT6=2 MUXF7=1 MUXF8=1)
  Clock Path Skew:        0.226ns (DCD - SCD + CPR)
    Destination Clock Delay (DCD):    3.110ns = ( 7.110 - 4.000 ) 
    Source Clock Delay      (SCD):    3.048ns
    Clock Pessimism Removal (CPR):    0.164ns
  Clock Uncertainty:      0.046ns  ((TSJ^2 + DJ^2)^1/2) / 2 + PE
    Total System Jitter     (TSJ):    0.071ns
    Discrete Jitter          (DJ):    0.060ns
    Phase Error              (PE):    0.000ns
  Clock Net Delay (Source):      2.833ns (routing 1.183ns, distribution 1.650ns)
  Clock Net Delay (Destination): 2.918ns (routing 1.071ns, distribution 1.847ns)

    Location             Delay type                Incr(ns)  Path(ns)    Netlist Resource(s)
  -------------------------------------------------------------------    -------------------
                         (clock xdma_0_axi_aclk rise edge)
                                                      0.000     0.000 r  
    GTYE4_CHANNEL_X1Y35  GTYE4_CHANNEL                0.000     0.000 r  bd_i/xdma_0/inst/pcie4_ip_i/inst/bd_xdma_0_0_pcie4_ip_gt_top_i/diablo_gt.diablo_gt_phy_wrapper/gt_wizard.gtwizard_top_i/bd_xdma_0_0_pcie4_ip_gt_i/inst/gen_gtwizard_gtye4_top.bd_xdma_0_0_pcie4_ip_gt_gtwizard_gtye4_inst/gen_gtwizard_gtye4.gen_channel_container[32].gen_enabled_channel.gtye4_channel_wrapper_inst/channel_inst/gtye4_channel_gen.gen_gtye4_channel_inst[3].GTYE4_CHANNEL_PRIM_INST/TXOUTCLK
                         net (fo=7, routed)           0.085     0.085    bd_i/xdma_0/inst/pcie4_ip_i/inst/bd_xdma_0_0_pcie4_ip_gt_top_i/diablo_gt.diablo_gt_phy_wrapper/phy_clk_i/GT_TXOUTCLK[0]
    BUFG_GT_X1Y198                                                    r  bd_i/xdma_0/inst/pcie4_ip_i/inst/bd_xdma_0_0_pcie4_ip_gt_top_i/diablo_gt.diablo_gt_phy_wrapper/phy_clk_i/bufg_gt_userclk/I
    BUFG_GT_X1Y198       BUFG_GT (Prop_BUFG_GT_I_O)
                                                      0.130     0.215 r  bd_i/xdma_0/inst/pcie4_ip_i/inst/bd_xdma_0_0_pcie4_ip_gt_top_i/diablo_gt.diablo_gt_phy_wrapper/phy_clk_i/bufg_gt_userclk/O
    X3Y9 (CLOCK_ROOT)    net (fo=148450, routed)      2.833     3.048    bd_i/layer_0/inst/u_core/u_attn/aclk
    SLR Crossing[1->2]   
    SLICE_X98Y706        FDRE                                         r  bd_i/layer_0/inst/u_core/u_attn/oi_reg[1]_rep__10/C
  -------------------------------------------------------------------    -------------------
    SLICE_X98Y706        FDRE (Prop_EFF_SLICEL_C_Q)
                                                      0.079     3.127 r  bd_i/layer_0/inst/u_core/u_attn/oi_reg[1]_rep__10/Q
                         net (fo=123, routed)         3.381     6.508    bd_i/layer_0/inst/u_core/u_attn/oi_reg[1]_rep__10_n_0
    SLICE_X8Y723                                                      r  bd_i/layer_0/inst/u_core/u_attn/o_g4[1][12]_i_28/I2
    SLICE_X8Y723         LUT6 (Prop_B6LUT_SLICEM_I2_O)
                                                      0.052     6.560 r  bd_i/layer_0/inst/u_core/u_attn/o_g4[1][12]_i_28/O
                         net (fo=1, routed)           0.017     6.577    bd_i/layer_0/inst/u_core/u_attn/o_g4[1][12]_i_28_n_0
    SLICE_X8Y723                                                      r  bd_i/layer_0/inst/u_core/u_attn/o_g4_reg[1][12]_i_13/I0
    SLICE_X8Y723         MUXF7 (Prop_F7MUX_AB_SLICEM_I0_O)
                                                      0.060     6.637 r  bd_i/layer_0/inst/u_core/u_attn/o_g4_reg[1][12]_i_13/O
                         net (fo=1, routed)           0.000     6.637    bd_i/layer_0/inst/u_core/u_attn/o_g4_reg[1][12]_i_13_n_0
    SLICE_X8Y723                                                      r  bd_i/layer_0/inst/u_core/u_attn/o_g4_reg[1][12]_i_5/I1
    SLICE_X8Y723         MUXF8 (Prop_F8MUX_BOT_SLICEM_I1_O)
                                                      0.028     6.665 r  bd_i/layer_0/inst/u_core/u_attn/o_g4_reg[1][12]_i_5/O
                         net (fo=1, routed)           0.652     7.317    bd_i/layer_0/inst/u_core/u_attn/o_g4_reg[1][12]_i_5_n_0
    SLICE_X29Y722                                                     r  bd_i/layer_0/inst/u_core/u_attn/o_g4[1][12]_i_1/I5
    SLICE_X29Y722        LUT6 (Prop_D6LUT_SLICEL_I5_O)
                                                      0.122     7.439 r  bd_i/layer_0/inst/u_core/u_attn/o_g4[1][12]_i_1/O
                         net (fo=1, routed)           0.049     7.488    bd_i/layer_0/inst/u_core/u_attn/o_g4[1][12]_i_1_n_0
    SLICE_X29Y722        FDRE                                         r  bd_i/layer_0/inst/u_core/u_attn/o_g4_reg[1][12]/D
  -------------------------------------------------------------------    -------------------

                         (clock xdma_0_axi_aclk rise edge)
                                                      4.000     4.000 r  
    GTYE4_CHANNEL_X1Y35  GTYE4_CHANNEL                0.000     4.000 r  bd_i/xdma_0/inst/pcie4_ip_i/inst/bd_xdma_0_0_pcie4_ip_gt_top_i/diablo_gt.diablo_gt_phy_wrapper/gt_wizard.gtwizard_top_i/bd_xdma_0_0_pcie4_ip_gt_i/inst/gen_gtwizard_gtye4_top.bd_xdma_0_0_pcie4_ip_gt_gtwizard_gtye4_inst/gen_gtwizard_gtye4.gen_channel_container[32].gen_enabled_channel.gtye4_channel_wrapper_inst/channel_inst/gtye4_channel_gen.gen_gtye4_channel_inst[3].GTYE4_CHANNEL_PRIM_INST/TXOUTCLK
                         net (fo=7, routed)           0.078     4.078    bd_i/xdma_0/inst/pcie4_ip_i/inst/bd_xdma_0_0_pcie4_ip_gt_top_i/diablo_gt.diablo_gt_phy_wrapper/phy_clk_i/GT_TXOUTCLK[0]
    BUFG_GT_X1Y198                                                    r  bd_i/xdma_0/inst/pcie4_ip_i/inst/bd_xdma_0_0_pcie4_ip_gt_top_i/diablo_gt.diablo_gt_phy_wrapper/phy_clk_i/bufg_gt_userclk/I
    BUFG_GT_X1Y198       BUFG_GT (Prop_BUFG_GT_I_O)
                                                      0.114     4.192 r  bd_i/xdma_0/inst/pcie4_ip_i/inst/bd_xdma_0_0_pcie4_ip_gt_top_i/diablo_gt.diablo_gt_phy_wrapper/phy_clk_i/bufg_gt_userclk/O
    X3Y9 (CLOCK_ROOT)    net (fo=148450, routed)      2.918     7.110    bd_i/layer_0/inst/u_core/u_attn/aclk
    SLR Crossing[1->2]   
    SLICE_X29Y722        FDRE                                         r  bd_i/layer_0/inst/u_core/u_attn/o_g4_reg[1][12]/C
                         clock pessimism              0.164     7.274    
                         clock uncertainty           -0.046     7.228    
    SLICE_X29Y722        FDRE (Setup_DFF_SLICEL_C_D)
                                                      0.025     7.253    bd_i/layer_0/inst/u_core/u_attn/o_g4_reg[1][12]
  -------------------------------------------------------------------
                         required time                          7.253    
                         arrival time                          -7.488    
  -------------------------------------------------------------------
                         slack                                 -0.236    

Slack (VIOLATED) :        -0.235ns  (required time - arrival time)
  Source:                 bd_i/layer_0/inst/u_core/st_reg[1]/C
                            (rising edge-triggered cell FDRE clocked by xdma_0_axi_aclk  {rise@0.000ns fall@2.000ns period=4.000ns})
  Destination:            bd_i/layer_0/inst/u_core/kv_wrow_reg[1219]/CE
                            (rising edge-triggered cell FDRE clocked by xdma_0_axi_aclk  {rise@0.000ns fall@2.000ns period=4.000ns})
  Path Group:             xdma_0_axi_aclk
  Path Type:              Setup (Max at Slow Process Corner)
  Requirement:            4.000ns  (xdma_0_axi_aclk rise@4.000ns - xdma_0_axi_aclk rise@0.000ns)
  Data Path Delay:        4.432ns  (logic 0.229ns (5.167%)  route 4.203ns (94.833%))
  Logic Levels:           2  (LUT2=1 LUT6=1)
  Clock Path Skew:        0.304ns (DCD - SCD + CPR)
    Destination Clock Delay (DCD):    3.209ns = ( 7.209 - 4.000 ) 
    Source Clock Delay      (SCD):    3.158ns
    Clock Pessimism Removal (CPR):    0.253ns
  Clock Uncertainty:      0.046ns  ((TSJ^2 + DJ^2)^1/2) / 2 + PE
    Total System Jitter     (TSJ):    0.071ns
    Discrete Jitter          (DJ):    0.060ns
    Phase Error              (PE):    0.000ns
  Clock Net Delay (Source):      2.943ns (routing 1.183ns, distribution 1.760ns)
  Clock Net Delay (Destination): 3.017ns (routing 1.071ns, distribution 1.946ns)

    Location             Delay type                Incr(ns)  Path(ns)    Netlist Resource(s)
  -------------------------------------------------------------------    -------------------
                         (clock xdma_0_axi_aclk rise edge)
                                                      0.000     0.000 r  
    GTYE4_CHANNEL_X1Y35  GTYE4_CHANNEL                0.000     0.000 r  bd_i/xdma_0/inst/pcie4_ip_i/inst/bd_xdma_0_0_pcie4_ip_gt_top_i/diablo_gt.diablo_gt_phy_wrapper/gt_wizard.gtwizard_top_i/bd_xdma_0_0_pcie4_ip_gt_i/inst/gen_gtwizard_gtye4_top.bd_xdma_0_0_pcie4_ip_gt_gtwizard_gtye4_inst/gen_gtwizard_gtye4.gen_channel_container[32].gen_enabled_channel.gtye4_channel_wrapper_inst/channel_inst/gtye4_channel_gen.gen_gtye4_channel_inst[3].GTYE4_CHANNEL_PRIM_INST/TXOUTCLK
                         net (fo=7, routed)           0.085     0.085    bd_i/xdma_0/inst/pcie4_ip_i/inst/bd_xdma_0_0_pcie4_ip_gt_top_i/diablo_gt.diablo_gt_phy_wrapper/phy_clk_i/GT_TXOUTCLK[0]
    BUFG_GT_X1Y198                                                    r  bd_i/xdma_0/inst/pcie4_ip_i/inst/bd_xdma_0_0_pcie4_ip_gt_top_i/diablo_gt.diablo_gt_phy_wrapper/phy_clk_i/bufg_gt_userclk/I
    BUFG_GT_X1Y198       BUFG_GT (Prop_BUFG_GT_I_O)
                                                      0.130     0.215 r  bd_i/xdma_0/inst/pcie4_ip_i/inst/bd_xdma_0_0_pcie4_ip_gt_top_i/diablo_gt.diablo_gt_phy_wrapper/phy_clk_i/bufg_gt_userclk/O
    X3Y9 (CLOCK_ROOT)    net (fo=148450, routed)      2.943     3.158    bd_i/layer_0/inst/u_core/aclk
    SLR Crossing[1->2]   
    SLICE_X85Y790        FDRE                                         r  bd_i/layer_0/inst/u_core/st_reg[1]/C
  -------------------------------------------------------------------    -------------------
    SLICE_X85Y790        FDRE (Prop_HFF2_SLICEL_C_Q)
                                                      0.080     3.238 r  bd_i/layer_0/inst/u_core/st_reg[1]/Q
                         net (fo=136, routed)         1.077     4.316    bd_i/layer_0/inst/u_core/u_conv/Q[1]
    SLICE_X105Y767                                                    r  bd_i/layer_0/inst/u_core/u_conv/p0_reg[3]_i_2/I0
    SLICE_X105Y767       LUT2 (Prop_E6LUT_SLICEL_I0_O)
                                                      0.099     4.415 f  bd_i/layer_0/inst/u_core/u_conv/p0_reg[3]_i_2/O
                         net (fo=9, routed)           1.610     6.024    bd_i/layer_0/inst/u_core/u_conv_n_2
    SLICE_X44Y785                                                     f  bd_i/layer_0/inst/u_core/kv_wrow[2047]_i_1_replica/I3
    SLICE_X44Y785        LUT6 (Prop_A6LUT_SLICEL_I3_O)
                                                      0.050     6.074 r  bd_i/layer_0/inst/u_core/kv_wrow[2047]_i_1_replica/O
                         net (fo=419, routed)         1.516     7.590    bd_i/layer_0/inst/u_core/kv_waddr_repN
    SLICE_X11Y819        FDRE                                         r  bd_i/layer_0/inst/u_core/kv_wrow_reg[1219]/CE
  -------------------------------------------------------------------    -------------------

                         (clock xdma_0_axi_aclk rise edge)
                                                      4.000     4.000 r  
    GTYE4_CHANNEL_X1Y35  GTYE4_CHANNEL                0.000     4.000 r  bd_i/xdma_0/inst/pcie4_ip_i/inst/bd_xdma_0_0_pcie4_ip_gt_top_i/diablo_gt.diablo_gt_phy_wrapper/gt_wizard.gtwizard_top_i/bd_xdma_0_0_pcie4_ip_gt_i/inst/gen_gtwizard_gtye4_top.bd_xdma_0_0_pcie4_ip_gt_gtwizard_gtye4_inst/gen_gtwizard_gtye4.gen_channel_container[32].gen_enabled_channel.gtye4_channel_wrapper_inst/channel_inst/gtye4_channel_gen.gen_gtye4_channel_inst[3].GTYE4_CHANNEL_PRIM_INST/TXOUTCLK
                         net (fo=7, routed)           0.078     4.078    bd_i/xdma_0/inst/pcie4_ip_i/inst/bd_xdma_0_0_pcie4_ip_gt_top_i/diablo_gt.diablo_gt_phy_wrapper/phy_clk_i/GT_TXOUTCLK[0]
    BUFG_GT_X1Y198                                                    r  bd_i/xdma_0/inst/pcie4_ip_i/inst/bd_xdma_0_0_pcie4_ip_gt_top_i/diablo_gt.diablo_gt_phy_wrapper/phy_clk_i/bufg_gt_userclk/I
    BUFG_GT_X1Y198       BUFG_GT (Prop_BUFG_GT_I_O)
                                                      0.114     4.192 r  bd_i/xdma_0/inst/pcie4_ip_i/inst/bd_xdma_0_0_pcie4_ip_gt_top_i/diablo_gt.diablo_gt_phy_wrapper/phy_clk_i/bufg_gt_userclk/O
    X3Y9 (CLOCK_ROOT)    net (fo=148450, routed)      3.017     7.209    bd_i/layer_0/inst/u_core/aclk
    SLR Crossing[1->2]   
    SLICE_X11Y819        FDRE                                         r  bd_i/layer_0/inst/u_core/kv_wrow_reg[1219]/C
                         clock pessimism              0.253     7.462    
                         clock uncertainty           -0.046     7.416    
    SLICE_X11Y819        FDRE (Setup_EFF_SLICEM_C_CE)
                                                     -0.061     7.355    bd_i/layer_0/inst/u_core/kv_wrow_reg[1219]
  -------------------------------------------------------------------
                         required time                          7.355    
                         arrival time                          -7.590    
  -------------------------------------------------------------------
                         slack                                 -0.235    

Slack (VIOLATED) :        -0.235ns  (required time - arrival time)
  Source:                 bd_i/layer_0/inst/u_core/g_dnslot[1].mem_reg_uram_10/CLK
                            (rising edge-triggered cell URAM288 clocked by xdma_0_axi_aclk  {rise@0.000ns fall@2.000ns period=4.000ns})
  Destination:            bd_i/layer_0/inst/u_core/u_dn/p_1_out__12__2/DSP_A_B_DATA_INST/A[17]
                            (rising edge-triggered cell DSP_A_B_DATA clocked by xdma_0_axi_aclk  {rise@0.000ns fall@2.000ns period=4.000ns})
  Path Group:             xdma_0_axi_aclk
  Path Type:              Setup (Max at Slow Process Corner)
  Requirement:            4.000ns  (xdma_0_axi_aclk rise@4.000ns - xdma_0_axi_aclk rise@0.000ns)
  Data Path Delay:        4.008ns  (logic 1.344ns (33.532%)  route 2.664ns (66.468%))
  Logic Levels:           1  (LUT3=1)
  Clock Path Skew:        0.088ns (DCD - SCD + CPR)
    Destination Clock Delay (DCD):    3.176ns = ( 7.176 - 4.000 ) 
    Source Clock Delay      (SCD):    3.341ns
    Clock Pessimism Removal (CPR):    0.253ns
  Clock Uncertainty:      0.046ns  ((TSJ^2 + DJ^2)^1/2) / 2 + PE
    Total System Jitter     (TSJ):    0.071ns
    Discrete Jitter          (DJ):    0.060ns
    Phase Error              (PE):    0.000ns
  Clock Net Delay (Source):      3.126ns (routing 1.183ns, distribution 1.943ns)
  Clock Net Delay (Destination): 2.984ns (routing 1.071ns, distribution 1.913ns)

    Location             Delay type                Incr(ns)  Path(ns)    Netlist Resource(s)
  -------------------------------------------------------------------    -------------------
                         (clock xdma_0_axi_aclk rise edge)
                                                      0.000     0.000 r  
    GTYE4_CHANNEL_X1Y35  GTYE4_CHANNEL                0.000     0.000 r  bd_i/xdma_0/inst/pcie4_ip_i/inst/bd_xdma_0_0_pcie4_ip_gt_top_i/diablo_gt.diablo_gt_phy_wrapper/gt_wizard.gtwizard_top_i/bd_xdma_0_0_pcie4_ip_gt_i/inst/gen_gtwizard_gtye4_top.bd_xdma_0_0_pcie4_ip_gt_gtwizard_gtye4_inst/gen_gtwizard_gtye4.gen_channel_container[32].gen_enabled_channel.gtye4_channel_wrapper_inst/channel_inst/gtye4_channel_gen.gen_gtye4_channel_inst[3].GTYE4_CHANNEL_PRIM_INST/TXOUTCLK
                         net (fo=7, routed)           0.085     0.085    bd_i/xdma_0/inst/pcie4_ip_i/inst/bd_xdma_0_0_pcie4_ip_gt_top_i/diablo_gt.diablo_gt_phy_wrapper/phy_clk_i/GT_TXOUTCLK[0]
    BUFG_GT_X1Y198                                                    r  bd_i/xdma_0/inst/pcie4_ip_i/inst/bd_xdma_0_0_pcie4_ip_gt_top_i/diablo_gt.diablo_gt_phy_wrapper/phy_clk_i/bufg_gt_userclk/I
    BUFG_GT_X1Y198       BUFG_GT (Prop_BUFG_GT_I_O)
                                                      0.130     0.215 r  bd_i/xdma_0/inst/pcie4_ip_i/inst/bd_xdma_0_0_pcie4_ip_gt_top_i/diablo_gt.diablo_gt_phy_wrapper/phy_clk_i/bufg_gt_userclk/O
    X3Y9 (CLOCK_ROOT)    net (fo=148450, routed)      3.126     3.341    bd_i/layer_0/inst/u_core/aclk
    SLR Crossing[1->2]   
    URAM288_X1Y209       URAM288                                      r  bd_i/layer_0/inst/u_core/g_dnslot[1].mem_reg_uram_10/CLK
  -------------------------------------------------------------------    -------------------
    URAM288_X1Y209       URAM288 (Prop_URAM_288K_INST_URAM288_CLK_DOUT_A[63])
                                                      1.195     4.536 r  bd_i/layer_0/inst/u_core/g_dnslot[1].mem_reg_uram_10/DOUT_A[63]
                         net (fo=2, routed)           1.076     5.612    bd_i/layer_0/inst/u_core/u_dn/g_dnslot[1].dn_rdq_b_reg[1][783]
    SLICE_X47Y786                                                     r  bd_i/layer_0/inst/u_core/u_dn/p_1_out__12__2_i_1/I0
    SLICE_X47Y786        LUT3 (Prop_B6LUT_SLICEM_I0_O)
                                                      0.149     5.761 r  bd_i/layer_0/inst/u_core/u_dn/p_1_out__12__2_i_1/O
                         net (fo=31, routed)          1.588     7.349    bd_i/layer_0/inst/u_core/u_dn/p_1_out__12__2/A[17]
    DSP48E2_X2Y335       DSP_A_B_DATA                                 r  bd_i/layer_0/inst/u_core/u_dn/p_1_out__12__2/DSP_A_B_DATA_INST/A[17]
  -------------------------------------------------------------------    -------------------

                         (clock xdma_0_axi_aclk rise edge)
                                                      4.000     4.000 r  
    GTYE4_CHANNEL_X1Y35  GTYE4_CHANNEL                0.000     4.000 r  bd_i/xdma_0/inst/pcie4_ip_i/inst/bd_xdma_0_0_pcie4_ip_gt_top_i/diablo_gt.diablo_gt_phy_wrapper/gt_wizard.gtwizard_top_i/bd_xdma_0_0_pcie4_ip_gt_i/inst/gen_gtwizard_gtye4_top.bd_xdma_0_0_pcie4_ip_gt_gtwizard_gtye4_inst/gen_gtwizard_gtye4.gen_channel_container[32].gen_enabled_channel.gtye4_channel_wrapper_inst/channel_inst/gtye4_channel_gen.gen_gtye4_channel_inst[3].GTYE4_CHANNEL_PRIM_INST/TXOUTCLK
                         net (fo=7, routed)           0.078     4.078    bd_i/xdma_0/inst/pcie4_ip_i/inst/bd_xdma_0_0_pcie4_ip_gt_top_i/diablo_gt.diablo_gt_phy_wrapper/phy_clk_i/GT_TXOUTCLK[0]
    BUFG_GT_X1Y198                                                    r  bd_i/xdma_0/inst/pcie4_ip_i/inst/bd_xdma_0_0_pcie4_ip_gt_top_i/diablo_gt.diablo_gt_phy_wrapper/phy_clk_i/bufg_gt_userclk/I
    BUFG_GT_X1Y198       BUFG_GT (Prop_BUFG_GT_I_O)
                                                      0.114     4.192 r  bd_i/xdma_0/inst/pcie4_ip_i/inst/bd_xdma_0_0_pcie4_ip_gt_top_i/diablo_gt.diablo_gt_phy_wrapper/phy_clk_i/bufg_gt_userclk/O
    X3Y9 (CLOCK_ROOT)    net (fo=148450, routed)      2.984     7.176    bd_i/layer_0/inst/u_core/u_dn/p_1_out__12__2/CLK
    SLR Crossing[1->2]   
    DSP48E2_X2Y335       DSP_A_B_DATA                                 r  bd_i/layer_0/inst/u_core/u_dn/p_1_out__12__2/DSP_A_B_DATA_INST/CLK
                         clock pessimism              0.253     7.429    
                         clock uncertainty           -0.046     7.383    
    DSP48E2_X2Y335       DSP_A_B_DATA (Setup_DSP_A_B_DATA_DSP48E2_CLK_A[17])
                                                     -0.269     7.114    bd_i/layer_0/inst/u_core/u_dn/p_1_out__12__2/DSP_A_B_DATA_INST
  -------------------------------------------------------------------
                         required time                          7.114    
                         arrival time                          -7.349    
  -------------------------------------------------------------------
                         slack                                 -0.235    

Slack (VIOLATED) :        -0.235ns  (required time - arrival time)
  Source:                 bd_i/layer_0/inst/u_core/u_attn/oi_reg[2]_rep__1/C
                            (rising edge-triggered cell FDRE clocked by xdma_0_axi_aclk  {rise@0.000ns fall@2.000ns period=4.000ns})
  Destination:            bd_i/layer_0/inst/u_core/u_attn/o_g4_reg[2][16]/D
                            (rising edge-triggered cell FDRE clocked by xdma_0_axi_aclk  {rise@0.000ns fall@2.000ns period=4.000ns})
  Path Group:             xdma_0_axi_aclk
  Path Type:              Setup (Max at Slow Process Corner)
  Requirement:            4.000ns  (xdma_0_axi_aclk rise@4.000ns - xdma_0_axi_aclk rise@0.000ns)
  Data Path Delay:        4.414ns  (logic 0.256ns (5.800%)  route 4.158ns (94.200%))
  Logic Levels:           3  (LUT6=1 MUXF7=1 MUXF8=1)
  Clock Path Skew:        0.201ns (DCD - SCD + CPR)
    Destination Clock Delay (DCD):    3.046ns = ( 7.046 - 4.000 ) 
    Source Clock Delay      (SCD):    3.084ns
    Clock Pessimism Removal (CPR):    0.238ns
  Clock Uncertainty:      0.046ns  ((TSJ^2 + DJ^2)^1/2) / 2 + PE
    Total System Jitter     (TSJ):    0.071ns
    Discrete Jitter          (DJ):    0.060ns
    Phase Error              (PE):    0.000ns
  Clock Net Delay (Source):      2.869ns (routing 1.183ns, distribution 1.686ns)
  Clock Net Delay (Destination): 2.854ns (routing 1.071ns, distribution 1.783ns)

    Location             Delay type                Incr(ns)  Path(ns)    Netlist Resource(s)
  -------------------------------------------------------------------    -------------------
                         (clock xdma_0_axi_aclk rise edge)
                                                      0.000     0.000 r  
    GTYE4_CHANNEL_X1Y35  GTYE4_CHANNEL                0.000     0.000 r  bd_i/xdma_0/inst/pcie4_ip_i/inst/bd_xdma_0_0_pcie4_ip_gt_top_i/diablo_gt.diablo_gt_phy_wrapper/gt_wizard.gtwizard_top_i/bd_xdma_0_0_pcie4_ip_gt_i/inst/gen_gtwizard_gtye4_top.bd_xdma_0_0_pcie4_ip_gt_gtwizard_gtye4_inst/gen_gtwizard_gtye4.gen_channel_container[32].gen_enabled_channel.gtye4_channel_wrapper_inst/channel_inst/gtye4_channel_gen.gen_gtye4_channel_inst[3].GTYE4_CHANNEL_PRIM_INST/TXOUTCLK
                         net (fo=7, routed)           0.085     0.085    bd_i/xdma_0/inst/pcie4_ip_i/inst/bd_xdma_0_0_pcie4_ip_gt_top_i/diablo_gt.diablo_gt_phy_wrapper/phy_clk_i/GT_TXOUTCLK[0]
    BUFG_GT_X1Y198                                                    r  bd_i/xdma_0/inst/pcie4_ip_i/inst/bd_xdma_0_0_pcie4_ip_gt_top_i/diablo_gt.diablo_gt_phy_wrapper/phy_clk_i/bufg_gt_userclk/I
    BUFG_GT_X1Y198       BUFG_GT (Prop_BUFG_GT_I_O)
                                                      0.130     0.215 r  bd_i/xdma_0/inst/pcie4_ip_i/inst/bd_xdma_0_0_pcie4_ip_gt_top_i/diablo_gt.diablo_gt_phy_wrapper/phy_clk_i/bufg_gt_userclk/O
    X3Y9 (CLOCK_ROOT)    net (fo=148450, routed)      2.869     3.084    bd_i/layer_0/inst/u_core/u_attn/aclk
    SLR Crossing[1->2]   
    SLICE_X108Y699       FDRE                                         r  bd_i/layer_0/inst/u_core/u_attn/oi_reg[2]_rep__1/C
  -------------------------------------------------------------------    -------------------
    SLICE_X108Y699       FDRE (Prop_EFF_SLICEM_C_Q)
                                                      0.076     3.160 r  bd_i/layer_0/inst/u_core/u_attn/oi_reg[2]_rep__1/Q
                         net (fo=130, routed)         2.665     5.825    bd_i/layer_0/inst/u_core/u_attn/oi_reg[2]_rep__1_n_0
    SLICE_X48Y832                                                     r  bd_i/layer_0/inst/u_core/u_attn/o_g4_reg[2][16]_i_9/S
    SLICE_X48Y832        MUXF7 (Prop_F7MUX_AB_SLICEL_S_O)
                                                      0.065     5.890 r  bd_i/layer_0/inst/u_core/u_attn/o_g4_reg[2][16]_i_9/O
                         net (fo=1, routed)           0.000     5.890    bd_i/layer_0/inst/u_core/u_attn/o_g4_reg[2][16]_i_9_n_0
    SLICE_X48Y832                                                     r  bd_i/layer_0/inst/u_core/u_attn/o_g4_reg[2][16]_i_3/I1
    SLICE_X48Y832        MUXF8 (Prop_F8MUX_BOT_SLICEL_I1_O)
                                                      0.026     5.916 r  bd_i/layer_0/inst/u_core/u_attn/o_g4_reg[2][16]_i_3/O
                         net (fo=1, routed)           1.434     7.350    bd_i/layer_0/inst/u_core/u_attn/o_g4_reg[2][16]_i_3_n_0
    SLICE_X33Y712                                                     r  bd_i/layer_0/inst/u_core/u_attn/o_g4[2][16]_i_1/I1
    SLICE_X33Y712        LUT6 (Prop_B6LUT_SLICEM_I1_O)
                                                      0.089     7.439 r  bd_i/layer_0/inst/u_core/u_attn/o_g4[2][16]_i_1/O
                         net (fo=1, routed)           0.059     7.498    bd_i/layer_0/inst/u_core/u_attn/o_g4[2][16]_i_1_n_0
    SLICE_X33Y712        FDRE                                         r  bd_i/layer_0/inst/u_core/u_attn/o_g4_reg[2][16]/D
  -------------------------------------------------------------------    -------------------

                         (clock xdma_0_axi_aclk rise edge)
                                                      4.000     4.000 r  
    GTYE4_CHANNEL_X1Y35  GTYE4_CHANNEL                0.000     4.000 r  bd_i/xdma_0/inst/pcie4_ip_i/inst/bd_xdma_0_0_pcie4_ip_gt_top_i/diablo_gt.diablo_gt_phy_wrapper/gt_wizard.gtwizard_top_i/bd_xdma_0_0_pcie4_ip_gt_i/inst/gen_gtwizard_gtye4_top.bd_xdma_0_0_pcie4_ip_gt_gtwizard_gtye4_inst/gen_gtwizard_gtye4.gen_channel_container[32].gen_enabled_channel.gtye4_channel_wrapper_inst/channel_inst/gtye4_channel_gen.gen_gtye4_channel_inst[3].GTYE4_CHANNEL_PRIM_INST/TXOUTCLK
                         net (fo=7, routed)           0.078     4.078    bd_i/xdma_0/inst/pcie4_ip_i/inst/bd_xdma_0_0_pcie4_ip_gt_top_i/diablo_gt.diablo_gt_phy_wrapper/phy_clk_i/GT_TXOUTCLK[0]
    BUFG_GT_X1Y198                                                    r  bd_i/xdma_0/inst/pcie4_ip_i/inst/bd_xdma_0_0_pcie4_ip_gt_top_i/diablo_gt.diablo_gt_phy_wrapper/phy_clk_i/bufg_gt_userclk/I
    BUFG_GT_X1Y198       BUFG_GT (Prop_BUFG_GT_I_O)
                                                      0.114     4.192 r  bd_i/xdma_0/inst/pcie4_ip_i/inst/bd_xdma_0_0_pcie4_ip_gt_top_i/diablo_gt.diablo_gt_phy_wrapper/phy_clk_i/bufg_gt_userclk/O
    X3Y9 (CLOCK_ROOT)    net (fo=148450, routed)      2.854     7.046    bd_i/layer_0/inst/u_core/u_attn/aclk
    SLR Crossing[1->2]   
    SLICE_X33Y712        FDRE                                         r  bd_i/layer_0/inst/u_core/u_attn/o_g4_reg[2][16]/C
                         clock pessimism              0.238     7.285    
                         clock uncertainty           -0.046     7.238    
    SLICE_X33Y712        FDRE (Setup_BFF_SLICEM_C_D)
                                                      0.025     7.263    bd_i/layer_0/inst/u_core/u_attn/o_g4_reg[2][16]
  -------------------------------------------------------------------
                         required time                          7.263    
                         arrival time                          -7.498    
  -------------------------------------------------------------------
                         slack                                 -0.235    

Slack (VIOLATED) :        -0.235ns  (required time - arrival time)
  Source:                 bd_i/layer_0/inst/u_core/u_dn/row_reg[5]/C
                            (rising edge-triggered cell FDRE clocked by xdma_0_axi_aclk  {rise@0.000ns fall@2.000ns period=4.000ns})
  Destination:            bd_i/layer_0/inst/u_core/u_dn/p_1_out__3__10/DSP_A_B_DATA_INST/B[8]
                            (rising edge-triggered cell DSP_A_B_DATA clocked by xdma_0_axi_aclk  {rise@0.000ns fall@2.000ns period=4.000ns})
  Path Group:             xdma_0_axi_aclk
  Path Type:              Setup (Max at Slow Process Corner)
  Requirement:            4.000ns  (xdma_0_axi_aclk rise@4.000ns - xdma_0_axi_aclk rise@0.000ns)
  Data Path Delay:        4.157ns  (logic 0.216ns (5.196%)  route 3.941ns (94.804%))
  Logic Levels:           2  (LUT3=1 RAMD64E=1)
  Clock Path Skew:        0.245ns (DCD - SCD + CPR)
    Destination Clock Delay (DCD):    3.154ns = ( 7.154 - 4.000 ) 
    Source Clock Delay      (SCD):    3.157ns
    Clock Pessimism Removal (CPR):    0.247ns
  Clock Uncertainty:      0.046ns  ((TSJ^2 + DJ^2)^1/2) / 2 + PE
    Total System Jitter     (TSJ):    0.071ns
    Discrete Jitter          (DJ):    0.060ns
    Phase Error              (PE):    0.000ns
  Clock Net Delay (Source):      2.942ns (routing 1.183ns, distribution 1.759ns)
  Clock Net Delay (Destination): 2.962ns (routing 1.071ns, distribution 1.891ns)

    Location             Delay type                Incr(ns)  Path(ns)    Netlist Resource(s)
  -------------------------------------------------------------------    -------------------
                         (clock xdma_0_axi_aclk rise edge)
                                                      0.000     0.000 r  
    GTYE4_CHANNEL_X1Y35  GTYE4_CHANNEL                0.000     0.000 r  bd_i/xdma_0/inst/pcie4_ip_i/inst/bd_xdma_0_0_pcie4_ip_gt_top_i/diablo_gt.diablo_gt_phy_wrapper/gt_wizard.gtwizard_top_i/bd_xdma_0_0_pcie4_ip_gt_i/inst/gen_gtwizard_gtye4_top.bd_xdma_0_0_pcie4_ip_gt_gtwizard_gtye4_inst/gen_gtwizard_gtye4.gen_channel_container[32].gen_enabled_channel.gtye4_channel_wrapper_inst/channel_inst/gtye4_channel_gen.gen_gtye4_channel_inst[3].GTYE4_CHANNEL_PRIM_INST/TXOUTCLK
                         net (fo=7, routed)           0.085     0.085    bd_i/xdma_0/inst/pcie4_ip_i/inst/bd_xdma_0_0_pcie4_ip_gt_top_i/diablo_gt.diablo_gt_phy_wrapper/phy_clk_i/GT_TXOUTCLK[0]
    BUFG_GT_X1Y198                                                    r  bd_i/xdma_0/inst/pcie4_ip_i/inst/bd_xdma_0_0_pcie4_ip_gt_top_i/diablo_gt.diablo_gt_phy_wrapper/phy_clk_i/bufg_gt_userclk/I
    BUFG_GT_X1Y198       BUFG_GT (Prop_BUFG_GT_I_O)
                                                      0.130     0.215 r  bd_i/xdma_0/inst/pcie4_ip_i/inst/bd_xdma_0_0_pcie4_ip_gt_top_i/diablo_gt.diablo_gt_phy_wrapper/phy_clk_i/bufg_gt_userclk/O
    X3Y9 (CLOCK_ROOT)    net (fo=148450, routed)      2.942     3.157    bd_i/layer_0/inst/u_core/u_dn/aclk
    SLR Crossing[1->2]   
    SLICE_X82Y751        FDRE                                         r  bd_i/layer_0/inst/u_core/u_dn/row_reg[5]/C
  -------------------------------------------------------------------    -------------------
    SLICE_X82Y751        FDRE (Prop_GFF_SLICEL_C_Q)
                                                      0.079     3.236 r  bd_i/layer_0/inst/u_core/u_dn/row_reg[5]/Q
                         net (fo=71, routed)          0.679     3.915    bd_i/layer_0/inst/u_core/u_dn/kn_reg_0_63_7_13/ADDRB5
    SLICE_X81Y743                                                     r  bd_i/layer_0/inst/u_core/u_dn/kn_reg_0_63_7_13/RAMB/RADR5
    SLICE_X81Y743        RAMD64E (Prop_B6LUT_SLICEM_RADR5_O)
                                                      0.037     3.952 r  bd_i/layer_0/inst/u_core/u_dn/kn_reg_0_63_7_13/RAMB/O
                         net (fo=16, routed)          0.590     4.543    bd_i/layer_0/inst/u_core/u_dn/kn_reg_0_63_7_13_n_1
    SLICE_X88Y740                                                     r  bd_i/layer_0/inst/u_core/u_dn/g_lane[104].kvm_acc_reg[104]_i_8/I2
    SLICE_X88Y740        LUT3 (Prop_G6LUT_SLICEM_I2_O)
                                                      0.100     4.643 r  bd_i/layer_0/inst/u_core/u_dn/g_lane[104].kvm_acc_reg[104]_i_8/O
                         net (fo=32, routed)          2.671     7.314    bd_i/layer_0/inst/u_core/u_dn/p_1_out__3__10/B[8]
    DSP48E2_X2Y305       DSP_A_B_DATA                                 r  bd_i/layer_0/inst/u_core/u_dn/p_1_out__3__10/DSP_A_B_DATA_INST/B[8]
  -------------------------------------------------------------------    -------------------

                         (clock xdma_0_axi_aclk rise edge)
                                                      4.000     4.000 r  
    GTYE4_CHANNEL_X1Y35  GTYE4_CHANNEL                0.000     4.000 r  bd_i/xdma_0/inst/pcie4_ip_i/inst/bd_xdma_0_0_pcie4_ip_gt_top_i/diablo_gt.diablo_gt_phy_wrapper/gt_wizard.gtwizard_top_i/bd_xdma_0_0_pcie4_ip_gt_i/inst/gen_gtwizard_gtye4_top.bd_xdma_0_0_pcie4_ip_gt_gtwizard_gtye4_inst/gen_gtwizard_gtye4.gen_channel_container[32].gen_enabled_channel.gtye4_channel_wrapper_inst/channel_inst/gtye4_channel_gen.gen_gtye4_channel_inst[3].GTYE4_CHANNEL_PRIM_INST/TXOUTCLK
                         net (fo=7, routed)           0.078     4.078    bd_i/xdma_0/inst/pcie4_ip_i/inst/bd_xdma_0_0_pcie4_ip_gt_top_i/diablo_gt.diablo_gt_phy_wrapper/phy_clk_i/GT_TXOUTCLK[0]
    BUFG_GT_X1Y198                                                    r  bd_i/xdma_0/inst/pcie4_ip_i/inst/bd_xdma_0_0_pcie4_ip_gt_top_i/diablo_gt.diablo_gt_phy_wrapper/phy_clk_i/bufg_gt_userclk/I
    BUFG_GT_X1Y198       BUFG_GT (Prop_BUFG_GT_I_O)
                                                      0.114     4.192 r  bd_i/xdma_0/inst/pcie4_ip_i/inst/bd_xdma_0_0_pcie4_ip_gt_top_i/diablo_gt.diablo_gt_phy_wrapper/phy_clk_i/bufg_gt_userclk/O
    X3Y9 (CLOCK_ROOT)    net (fo=148450, routed)      2.962     7.154    bd_i/layer_0/inst/u_core/u_dn/p_1_out__3__10/CLK
    SLR Crossing[1->2]   
    DSP48E2_X2Y305       DSP_A_B_DATA                                 r  bd_i/layer_0/inst/u_core/u_dn/p_1_out__3__10/DSP_A_B_DATA_INST/CLK
                         clock pessimism              0.247     7.402    
                         clock uncertainty           -0.046     7.355    
    DSP48E2_X2Y305       DSP_A_B_DATA (Setup_DSP_A_B_DATA_DSP48E2_CLK_B[8])
                                                     -0.276     7.079    bd_i/layer_0/inst/u_core/u_dn/p_1_out__3__10/DSP_A_B_DATA_INST
  -------------------------------------------------------------------
                         required time                          7.079    
                         arrival time                          -7.314    
  -------------------------------------------------------------------
                         slack                                 -0.235    

Slack (VIOLATED) :        -0.235ns  (required time - arrival time)
  Source:                 bd_i/layer_0/inst/u_core/kb_i_reg[7]/C
                            (rising edge-triggered cell FDRE clocked by xdma_0_axi_aclk  {rise@0.000ns fall@2.000ns period=4.000ns})
  Destination:            bd_i/layer_0/inst/u_core/krow_reg[457]/CE
                            (rising edge-triggered cell FDRE clocked by xdma_0_axi_aclk  {rise@0.000ns fall@2.000ns period=4.000ns})
  Path Group:             xdma_0_axi_aclk
  Path Type:              Setup (Max at Slow Process Corner)
  Requirement:            4.000ns  (xdma_0_axi_aclk rise@4.000ns - xdma_0_axi_aclk rise@0.000ns)
  Data Path Delay:        4.193ns  (logic 0.481ns (11.471%)  route 3.712ns (88.529%))
  Logic Levels:           4  (LUT2=2 LUT3=1 LUT6=1)
  Clock Path Skew:        0.065ns (DCD - SCD + CPR)
    Destination Clock Delay (DCD):    2.890ns = ( 6.890 - 4.000 ) 
    Source Clock Delay      (SCD):    3.066ns
    Clock Pessimism Removal (CPR):    0.241ns
  Clock Uncertainty:      0.046ns  ((TSJ^2 + DJ^2)^1/2) / 2 + PE
    Total System Jitter     (TSJ):    0.071ns
    Discrete Jitter          (DJ):    0.060ns
    Phase Error              (PE):    0.000ns
  Clock Net Delay (Source):      2.851ns (routing 1.183ns, distribution 1.668ns)
  Clock Net Delay (Destination): 2.698ns (routing 1.071ns, distribution 1.627ns)

    Location             Delay type                Incr(ns)  Path(ns)    Netlist Resource(s)
  -------------------------------------------------------------------    -------------------
                         (clock xdma_0_axi_aclk rise edge)
                                                      0.000     0.000 r  
    GTYE4_CHANNEL_X1Y35  GTYE4_CHANNEL                0.000     0.000 r  bd_i/xdma_0/inst/pcie4_ip_i/inst/bd_xdma_0_0_pcie4_ip_gt_top_i/diablo_gt.diablo_gt_phy_wrapper/gt_wizard.gtwizard_top_i/bd_xdma_0_0_pcie4_ip_gt_i/inst/gen_gtwizard_gtye4_top.bd_xdma_0_0_pcie4_ip_gt_gtwizard_gtye4_inst/gen_gtwizard_gtye4.gen_channel_container[32].gen_enabled_channel.gtye4_channel_wrapper_inst/channel_inst/gtye4_channel_gen.gen_gtye4_channel_inst[3].GTYE4_CHANNEL_PRIM_INST/TXOUTCLK
                         net (fo=7, routed)           0.085     0.085    bd_i/xdma_0/inst/pcie4_ip_i/inst/bd_xdma_0_0_pcie4_ip_gt_top_i/diablo_gt.diablo_gt_phy_wrapper/phy_clk_i/GT_TXOUTCLK[0]
    BUFG_GT_X1Y198                                                    r  bd_i/xdma_0/inst/pcie4_ip_i/inst/bd_xdma_0_0_pcie4_ip_gt_top_i/diablo_gt.diablo_gt_phy_wrapper/phy_clk_i/bufg_gt_userclk/I
    BUFG_GT_X1Y198       BUFG_GT (Prop_BUFG_GT_I_O)
                                                      0.130     0.215 r  bd_i/xdma_0/inst/pcie4_ip_i/inst/bd_xdma_0_0_pcie4_ip_gt_top_i/diablo_gt.diablo_gt_phy_wrapper/phy_clk_i/bufg_gt_userclk/O
    X3Y9 (CLOCK_ROOT)    net (fo=148450, routed)      2.851     3.066    bd_i/layer_0/inst/u_core/aclk
    SLR Crossing[1->2]   
    SLICE_X94Y778        FDRE                                         r  bd_i/layer_0/inst/u_core/kb_i_reg[7]/C
  -------------------------------------------------------------------    -------------------
    SLICE_X94Y778        FDRE (Prop_HFF_SLICEL_C_Q)
                                                      0.079     3.145 f  bd_i/layer_0/inst/u_core/kb_i_reg[7]/Q
                         net (fo=144, routed)         1.015     4.160    bd_i/layer_0/inst/u_core/kb_i_reg_n_0_[7]
    SLICE_X108Y773                                                    f  bd_i/layer_0/inst/u_core/krow[510]_i_2/I1
    SLICE_X108Y773       LUT3 (Prop_H6LUT_SLICEM_I1_O)
                                                      0.090     4.250 r  bd_i/layer_0/inst/u_core/krow[510]_i_2/O
                         net (fo=57, routed)          0.851     5.101    bd_i/layer_0/inst/u_core/krow[510]_i_2_n_0
    SLICE_X88Y775                                                     r  bd_i/layer_0/inst/u_core/krow[460]_i_4/I0
    SLICE_X88Y775        LUT6 (Prop_H6LUT_SLICEM_I0_O)
                                                      0.090     5.191 r  bd_i/layer_0/inst/u_core/krow[460]_i_4/O
                         net (fo=1, routed)           0.097     5.288    bd_i/layer_0/inst/u_core/krow[460]_i_4_n_0
    SLICE_X88Y775                                                     r  bd_i/layer_0/inst/u_core/krow[460]_i_3/I1
    SLICE_X88Y775        LUT2 (Prop_D6LUT_SLICEM_I1_O)
                                                      0.122     5.410 r  bd_i/layer_0/inst/u_core/krow[460]_i_3/O
                         net (fo=4, routed)           0.797     6.207    bd_i/layer_0/inst/u_core/krow[462]
    SLICE_X108Y738                                                    r  bd_i/layer_0/inst/u_core/krow[460]_i_2/I1
    SLICE_X108Y738       LUT2 (Prop_E6LUT_SLICEM_I1_O)
                                                      0.100     6.307 r  bd_i/layer_0/inst/u_core/krow[460]_i_2/O
                         net (fo=5, routed)           0.952     7.259    bd_i/layer_0/inst/u_core/krow[460]_i_2_n_0
    SLICE_X115Y722       FDRE                                         r  bd_i/layer_0/inst/u_core/krow_reg[457]/CE
  -------------------------------------------------------------------    -------------------

                         (clock xdma_0_axi_aclk rise edge)
                                                      4.000     4.000 r  
    GTYE4_CHANNEL_X1Y35  GTYE4_CHANNEL                0.000     4.000 r  bd_i/xdma_0/inst/pcie4_ip_i/inst/bd_xdma_0_0_pcie4_ip_gt_top_i/diablo_gt.diablo_gt_phy_wrapper/gt_wizard.gtwizard_top_i/bd_xdma_0_0_pcie4_ip_gt_i/inst/gen_gtwizard_gtye4_top.bd_xdma_0_0_pcie4_ip_gt_gtwizard_gtye4_inst/gen_gtwizard_gtye4.gen_channel_container[32].gen_enabled_channel.gtye4_channel_wrapper_inst/channel_inst/gtye4_channel_gen.gen_gtye4_channel_inst[3].GTYE4_CHANNEL_PRIM_INST/TXOUTCLK
                         net (fo=7, routed)           0.078     4.078    bd_i/xdma_0/inst/pcie4_ip_i/inst/bd_xdma_0_0_pcie4_ip_gt_top_i/diablo_gt.diablo_gt_phy_wrapper/phy_clk_i/GT_TXOUTCLK[0]
    BUFG_GT_X1Y198                                                    r  bd_i/xdma_0/inst/pcie4_ip_i/inst/bd_xdma_0_0_pcie4_ip_gt_top_i/diablo_gt.diablo_gt_phy_wrapper/phy_clk_i/bufg_gt_userclk/I
    BUFG_GT_X1Y198       BUFG_GT (Prop_BUFG_GT_I_O)
                                                      0.114     4.192 r  bd_i/xdma_0/inst/pcie4_ip_i/inst/bd_xdma_0_0_pcie4_ip_gt_top_i/diablo_gt.diablo_gt_phy_wrapper/phy_clk_i/bufg_gt_userclk/O
    X3Y9 (CLOCK_ROOT)    net (fo=148450, routed)      2.698     6.890    bd_i/layer_0/inst/u_core/aclk
    SLR Crossing[1->2]   
    SLICE_X115Y722       FDRE                                         r  bd_i/layer_0/inst/u_core/krow_reg[457]/C
                         clock pessimism              0.241     7.131    
                         clock uncertainty           -0.046     7.085    
    SLICE_X115Y722       FDRE (Setup_EFF_SLICEL_C_CE)
                                                     -0.060     7.025    bd_i/layer_0/inst/u_core/krow_reg[457]
  -------------------------------------------------------------------
                         required time                          7.025    
                         arrival time                          -7.259    
  -------------------------------------------------------------------
                         slack                                 -0.235    

Slack (VIOLATED) :        -0.235ns  (required time - arrival time)
  Source:                 bd_i/layer_0/inst/u_core/kb_i_reg[7]/C
                            (rising edge-triggered cell FDRE clocked by xdma_0_axi_aclk  {rise@0.000ns fall@2.000ns period=4.000ns})
  Destination:            bd_i/layer_0/inst/u_core/krow_reg[459]/CE
                            (rising edge-triggered cell FDRE clocked by xdma_0_axi_aclk  {rise@0.000ns fall@2.000ns period=4.000ns})
  Path Group:             xdma_0_axi_aclk
  Path Type:              Setup (Max at Slow Process Corner)
  Requirement:            4.000ns  (xdma_0_axi_aclk rise@4.000ns - xdma_0_axi_aclk rise@0.000ns)
  Data Path Delay:        4.193ns  (logic 0.481ns (11.471%)  route 3.712ns (88.529%))
  Logic Levels:           4  (LUT2=2 LUT3=1 LUT6=1)
  Clock Path Skew:        0.065ns (DCD - SCD + CPR)
    Destination Clock Delay (DCD):    2.890ns = ( 6.890 - 4.000 ) 
    Source Clock Delay      (SCD):    3.066ns
    Clock Pessimism Removal (CPR):    0.241ns
  Clock Uncertainty:      0.046ns  ((TSJ^2 + DJ^2)^1/2) / 2 + PE
    Total System Jitter     (TSJ):    0.071ns
    Discrete Jitter          (DJ):    0.060ns
    Phase Error              (PE):    0.000ns
  Clock Net Delay (Source):      2.851ns (routing 1.183ns, distribution 1.668ns)
  Clock Net Delay (Destination): 2.698ns (routing 1.071ns, distribution 1.627ns)

    Location             Delay type                Incr(ns)  Path(ns)    Netlist Resource(s)
  -------------------------------------------------------------------    -------------------
                         (clock xdma_0_axi_aclk rise edge)
                                                      0.000     0.000 r  
    GTYE4_CHANNEL_X1Y35  GTYE4_CHANNEL                0.000     0.000 r  bd_i/xdma_0/inst/pcie4_ip_i/inst/bd_xdma_0_0_pcie4_ip_gt_top_i/diablo_gt.diablo_gt_phy_wrapper/gt_wizard.gtwizard_top_i/bd_xdma_0_0_pcie4_ip_gt_i/inst/gen_gtwizard_gtye4_top.bd_xdma_0_0_pcie4_ip_gt_gtwizard_gtye4_inst/gen_gtwizard_gtye4.gen_channel_container[32].gen_enabled_channel.gtye4_channel_wrapper_inst/channel_inst/gtye4_channel_gen.gen_gtye4_channel_inst[3].GTYE4_CHANNEL_PRIM_INST/TXOUTCLK
                         net (fo=7, routed)           0.085     0.085    bd_i/xdma_0/inst/pcie4_ip_i/inst/bd_xdma_0_0_pcie4_ip_gt_top_i/diablo_gt.diablo_gt_phy_wrapper/phy_clk_i/GT_TXOUTCLK[0]
    BUFG_GT_X1Y198                                                    r  bd_i/xdma_0/inst/pcie4_ip_i/inst/bd_xdma_0_0_pcie4_ip_gt_top_i/diablo_gt.diablo_gt_phy_wrapper/phy_clk_i/bufg_gt_userclk/I
    BUFG_GT_X1Y198       BUFG_GT (Prop_BUFG_GT_I_O)
                                                      0.130     0.215 r  bd_i/xdma_0/inst/pcie4_ip_i/inst/bd_xdma_0_0_pcie4_ip_gt_top_i/diablo_gt.diablo_gt_phy_wrapper/phy_clk_i/bufg_gt_userclk/O
    X3Y9 (CLOCK_ROOT)    net (fo=148450, routed)      2.851     3.066    bd_i/layer_0/inst/u_core/aclk
    SLR Crossing[1->2]   
    SLICE_X94Y778        FDRE                                         r  bd_i/layer_0/inst/u_core/kb_i_reg[7]/C
  -------------------------------------------------------------------    -------------------
    SLICE_X94Y778        FDRE (Prop_HFF_SLICEL_C_Q)
                                                      0.079     3.145 f  bd_i/layer_0/inst/u_core/kb_i_reg[7]/Q
                         net (fo=144, routed)         1.015     4.160    bd_i/layer_0/inst/u_core/kb_i_reg_n_0_[7]
    SLICE_X108Y773                                                    f  bd_i/layer_0/inst/u_core/krow[510]_i_2/I1
    SLICE_X108Y773       LUT3 (Prop_H6LUT_SLICEM_I1_O)
                                                      0.090     4.250 r  bd_i/layer_0/inst/u_core/krow[510]_i_2/O
                         net (fo=57, routed)          0.851     5.101    bd_i/layer_0/inst/u_core/krow[510]_i_2_n_0
    SLICE_X88Y775                                                     r  bd_i/layer_0/inst/u_core/krow[460]_i_4/I0
    SLICE_X88Y775        LUT6 (Prop_H6LUT_SLICEM_I0_O)
                                                      0.090     5.191 r  bd_i/layer_0/inst/u_core/krow[460]_i_4/O
                         net (fo=1, routed)           0.097     5.288    bd_i/layer_0/inst/u_core/krow[460]_i_4_n_0
    SLICE_X88Y775                                                     r  bd_i/layer_0/inst/u_core/krow[460]_i_3/I1
    SLICE_X88Y775        LUT2 (Prop_D6LUT_SLICEM_I1_O)
                                                      0.122     5.410 r  bd_i/layer_0/inst/u_core/krow[460]_i_3/O
                         net (fo=4, routed)           0.797     6.207    bd_i/layer_0/inst/u_core/krow[462]
    SLICE_X108Y738                                                    r  bd_i/layer_0/inst/u_core/krow[460]_i_2/I1
    SLICE_X108Y738       LUT2 (Prop_E6LUT_SLICEM_I1_O)
                                                      0.100     6.307 r  bd_i/layer_0/inst/u_core/krow[460]_i_2/O
                         net (fo=5, routed)           0.952     7.259    bd_i/layer_0/inst/u_core/krow[460]_i_2_n_0
    SLICE_X115Y722       FDRE                                         r  bd_i/layer_0/inst/u_core/krow_reg[459]/CE
  -------------------------------------------------------------------    -------------------

                         (clock xdma_0_axi_aclk rise edge)
                                                      4.000     4.000 r  
    GTYE4_CHANNEL_X1Y35  GTYE4_CHANNEL                0.000     4.000 r  bd_i/xdma_0/inst/pcie4_ip_i/inst/bd_xdma_0_0_pcie4_ip_gt_top_i/diablo_gt.diablo_gt_phy_wrapper/gt_wizard.gtwizard_top_i/bd_xdma_0_0_pcie4_ip_gt_i/inst/gen_gtwizard_gtye4_top.bd_xdma_0_0_pcie4_ip_gt_gtwizard_gtye4_inst/gen_gtwizard_gtye4.gen_channel_container[32].gen_enabled_channel.gtye4_channel_wrapper_inst/channel_inst/gtye4_channel_gen.gen_gtye4_channel_inst[3].GTYE4_CHANNEL_PRIM_INST/TXOUTCLK
                         net (fo=7, routed)           0.078     4.078    bd_i/xdma_0/inst/pcie4_ip_i/inst/bd_xdma_0_0_pcie4_ip_gt_top_i/diablo_gt.diablo_gt_phy_wrapper/phy_clk_i/GT_TXOUTCLK[0]
    BUFG_GT_X1Y198                                                    r  bd_i/xdma_0/inst/pcie4_ip_i/inst/bd_xdma_0_0_pcie4_ip_gt_top_i/diablo_gt.diablo_gt_phy_wrapper/phy_clk_i/bufg_gt_userclk/I
    BUFG_GT_X1Y198       BUFG_GT (Prop_BUFG_GT_I_O)
                                                      0.114     4.192 r  bd_i/xdma_0/inst/pcie4_ip_i/inst/bd_xdma_0_0_pcie4_ip_gt_top_i/diablo_gt.diablo_gt_phy_wrapper/phy_clk_i/bufg_gt_userclk/O
    X3Y9 (CLOCK_ROOT)    net (fo=148450, routed)      2.698     6.890    bd_i/layer_0/inst/u_core/aclk
    SLR Crossing[1->2]   
    SLICE_X115Y722       FDRE                                         r  bd_i/layer_0/inst/u_core/krow_reg[459]/C
                         clock pessimism              0.241     7.131    
                         clock uncertainty           -0.046     7.085    
    SLICE_X115Y722       FDRE (Setup_FFF_SLICEL_C_CE)
                                                     -0.060     7.025    bd_i/layer_0/inst/u_core/krow_reg[459]
  -------------------------------------------------------------------
                         required time                          7.025    
                         arrival time                          -7.259    
  -------------------------------------------------------------------
                         slack                                 -0.235    

Slack (VIOLATED) :        -0.235ns  (required time - arrival time)
  Source:                 bd_i/layer_0/inst/u_core/u_dn/row_reg[1]/C
                            (rising edge-triggered cell FDRE clocked by xdma_0_axi_aclk  {rise@0.000ns fall@2.000ns period=4.000ns})
  Destination:            bd_i/layer_0/inst/u_core/u_dn/p_1_out__25__4/DSP_A_B_DATA_INST/B[2]
                            (rising edge-triggered cell DSP_A_B_DATA clocked by xdma_0_axi_aclk  {rise@0.000ns fall@2.000ns period=4.000ns})
  Path Group:             xdma_0_axi_aclk
  Path Type:              Setup (Max at Slow Process Corner)
  Requirement:            4.000ns  (xdma_0_axi_aclk rise@4.000ns - xdma_0_axi_aclk rise@0.000ns)
  Data Path Delay:        3.842ns  (logic 0.301ns (7.834%)  route 3.541ns (92.166%))
  Logic Levels:           2  (LUT3=1 RAMD64E=1)
  Clock Path Skew:        -0.084ns (DCD - SCD + CPR)
    Destination Clock Delay (DCD):    2.909ns = ( 6.909 - 4.000 ) 
    Source Clock Delay      (SCD):    3.157ns
    Clock Pessimism Removal (CPR):    0.164ns
  Clock Uncertainty:      0.046ns  ((TSJ^2 + DJ^2)^1/2) / 2 + PE
    Total System Jitter     (TSJ):    0.071ns
    Discrete Jitter          (DJ):    0.060ns
    Phase Error              (PE):    0.000ns
  Clock Net Delay (Source):      2.942ns (routing 1.183ns, distribution 1.759ns)
  Clock Net Delay (Destination): 2.717ns (routing 1.071ns, distribution 1.646ns)

    Location             Delay type                Incr(ns)  Path(ns)    Netlist Resource(s)
  -------------------------------------------------------------------    -------------------
                         (clock xdma_0_axi_aclk rise edge)
                                                      0.000     0.000 r  
    GTYE4_CHANNEL_X1Y35  GTYE4_CHANNEL                0.000     0.000 r  bd_i/xdma_0/inst/pcie4_ip_i/inst/bd_xdma_0_0_pcie4_ip_gt_top_i/diablo_gt.diablo_gt_phy_wrapper/gt_wizard.gtwizard_top_i/bd_xdma_0_0_pcie4_ip_gt_i/inst/gen_gtwizard_gtye4_top.bd_xdma_0_0_pcie4_ip_gt_gtwizard_gtye4_inst/gen_gtwizard_gtye4.gen_channel_container[32].gen_enabled_channel.gtye4_channel_wrapper_inst/channel_inst/gtye4_channel_gen.gen_gtye4_channel_inst[3].GTYE4_CHANNEL_PRIM_INST/TXOUTCLK
                         net (fo=7, routed)           0.085     0.085    bd_i/xdma_0/inst/pcie4_ip_i/inst/bd_xdma_0_0_pcie4_ip_gt_top_i/diablo_gt.diablo_gt_phy_wrapper/phy_clk_i/GT_TXOUTCLK[0]
    BUFG_GT_X1Y198                                                    r  bd_i/xdma_0/inst/pcie4_ip_i/inst/bd_xdma_0_0_pcie4_ip_gt_top_i/diablo_gt.diablo_gt_phy_wrapper/phy_clk_i/bufg_gt_userclk/I
    BUFG_GT_X1Y198       BUFG_GT (Prop_BUFG_GT_I_O)
                                                      0.130     0.215 r  bd_i/xdma_0/inst/pcie4_ip_i/inst/bd_xdma_0_0_pcie4_ip_gt_top_i/diablo_gt.diablo_gt_phy_wrapper/phy_clk_i/bufg_gt_userclk/O
    X3Y9 (CLOCK_ROOT)    net (fo=148450, routed)      2.942     3.157    bd_i/layer_0/inst/u_core/u_dn/aclk
    SLR Crossing[1->2]   
    SLICE_X82Y751        FDRE                                         r  bd_i/layer_0/inst/u_core/u_dn/row_reg[1]/C
  -------------------------------------------------------------------    -------------------
    SLICE_X82Y751        FDRE (Prop_EFF_SLICEL_C_Q)
                                                      0.079     3.236 r  bd_i/layer_0/inst/u_core/u_dn/row_reg[1]/Q
                         net (fo=75, routed)          0.414     3.650    bd_i/layer_0/inst/u_core/u_dn/kn_reg_0_63_0_6/ADDRC1
    SLICE_X81Y744                                                     r  bd_i/layer_0/inst/u_core/u_dn/kn_reg_0_63_0_6/RAMC/RADR1
    SLICE_X81Y744        RAMD64E (Prop_C6LUT_SLICEM_RADR1_O)
                                                      0.123     3.773 r  bd_i/layer_0/inst/u_core/u_dn/kn_reg_0_63_0_6/RAMC/O
                         net (fo=16, routed)          0.805     4.578    bd_i/layer_0/inst/u_core/u_dn/kn_reg_0_63_0_6_n_2
    SLICE_X89Y766                                                     r  bd_i/layer_0/inst/u_core/u_dn/g_lane[107].p2_p_reg[107]_i_14/I2
    SLICE_X89Y766        LUT3 (Prop_H6LUT_SLICEL_I2_O)
                                                      0.099     4.677 r  bd_i/layer_0/inst/u_core/u_dn/g_lane[107].p2_p_reg[107]_i_14/O
                         net (fo=33, routed)          2.322     6.999    bd_i/layer_0/inst/u_core/u_dn/p_1_out__25__4/B[2]
    DSP48E2_X15Y277      DSP_A_B_DATA                                 r  bd_i/layer_0/inst/u_core/u_dn/p_1_out__25__4/DSP_A_B_DATA_INST/B[2]
  -------------------------------------------------------------------    -------------------

                         (clock xdma_0_axi_aclk rise edge)
                                                      4.000     4.000 r  
    GTYE4_CHANNEL_X1Y35  GTYE4_CHANNEL                0.000     4.000 r  bd_i/xdma_0/inst/pcie4_ip_i/inst/bd_xdma_0_0_pcie4_ip_gt_top_i/diablo_gt.diablo_gt_phy_wrapper/gt_wizard.gtwizard_top_i/bd_xdma_0_0_pcie4_ip_gt_i/inst/gen_gtwizard_gtye4_top.bd_xdma_0_0_pcie4_ip_gt_gtwizard_gtye4_inst/gen_gtwizard_gtye4.gen_channel_container[32].gen_enabled_channel.gtye4_channel_wrapper_inst/channel_inst/gtye4_channel_gen.gen_gtye4_channel_inst[3].GTYE4_CHANNEL_PRIM_INST/TXOUTCLK
                         net (fo=7, routed)           0.078     4.078    bd_i/xdma_0/inst/pcie4_ip_i/inst/bd_xdma_0_0_pcie4_ip_gt_top_i/diablo_gt.diablo_gt_phy_wrapper/phy_clk_i/GT_TXOUTCLK[0]
    BUFG_GT_X1Y198                                                    r  bd_i/xdma_0/inst/pcie4_ip_i/inst/bd_xdma_0_0_pcie4_ip_gt_top_i/diablo_gt.diablo_gt_phy_wrapper/phy_clk_i/bufg_gt_userclk/I
    BUFG_GT_X1Y198       BUFG_GT (Prop_BUFG_GT_I_O)
                                                      0.114     4.192 r  bd_i/xdma_0/inst/pcie4_ip_i/inst/bd_xdma_0_0_pcie4_ip_gt_top_i/diablo_gt.diablo_gt_phy_wrapper/phy_clk_i/bufg_gt_userclk/O
    X3Y9 (CLOCK_ROOT)    net (fo=148450, routed)      2.717     6.909    bd_i/layer_0/inst/u_core/u_dn/p_1_out__25__4/CLK
    SLR Crossing[1->2]   
    DSP48E2_X15Y277      DSP_A_B_DATA                                 r  bd_i/layer_0/inst/u_core/u_dn/p_1_out__25__4/DSP_A_B_DATA_INST/CLK
                         clock pessimism              0.164     7.073    
                         clock uncertainty           -0.046     7.027    
    DSP48E2_X15Y277      DSP_A_B_DATA (Setup_DSP_A_B_DATA_DSP48E2_CLK_B[2])
                                                     -0.262     6.765    bd_i/layer_0/inst/u_core/u_dn/p_1_out__25__4/DSP_A_B_DATA_INST
  -------------------------------------------------------------------
                         required time                          6.765    
                         arrival time                          -6.999    
  -------------------------------------------------------------------
                         slack                                 -0.235    

Slack (VIOLATED) :        -0.234ns  (required time - arrival time)
  Source:                 bd_i/layer_0/inst/u_core/u_dn/row_reg[1]/C
                            (rising edge-triggered cell FDRE clocked by xdma_0_axi_aclk  {rise@0.000ns fall@2.000ns period=4.000ns})
  Destination:            bd_i/layer_0/inst/u_core/u_dn/p_0_out__12__7/DSP_A_B_DATA_INST/B[2]
                            (rising edge-triggered cell DSP_A_B_DATA clocked by xdma_0_axi_aclk  {rise@0.000ns fall@2.000ns period=4.000ns})
  Path Group:             xdma_0_axi_aclk
  Path Type:              Setup (Max at Slow Process Corner)
  Requirement:            4.000ns  (xdma_0_axi_aclk rise@4.000ns - xdma_0_axi_aclk rise@0.000ns)
  Data Path Delay:        3.680ns  (logic 0.301ns (8.180%)  route 3.379ns (91.820%))
  Logic Levels:           2  (LUT3=1 RAMD64E=1)
  Clock Path Skew:        -0.246ns (DCD - SCD + CPR)
    Destination Clock Delay (DCD):    2.765ns = ( 6.765 - 4.000 ) 
    Source Clock Delay      (SCD):    3.157ns
    Clock Pessimism Removal (CPR):    0.146ns
  Clock Uncertainty:      0.046ns  ((TSJ^2 + DJ^2)^1/2) / 2 + PE
    Total System Jitter     (TSJ):    0.071ns
    Discrete Jitter          (DJ):    0.060ns
    Phase Error              (PE):    0.000ns
  Clock Net Delay (Source):      2.942ns (routing 1.183ns, distribution 1.759ns)
  Clock Net Delay (Destination): 2.573ns (routing 1.071ns, distribution 1.502ns)

    Location             Delay type                Incr(ns)  Path(ns)    Netlist Resource(s)
  -------------------------------------------------------------------    -------------------
                         (clock xdma_0_axi_aclk rise edge)
                                                      0.000     0.000 r  
    GTYE4_CHANNEL_X1Y35  GTYE4_CHANNEL                0.000     0.000 r  bd_i/xdma_0/inst/pcie4_ip_i/inst/bd_xdma_0_0_pcie4_ip_gt_top_i/diablo_gt.diablo_gt_phy_wrapper/gt_wizard.gtwizard_top_i/bd_xdma_0_0_pcie4_ip_gt_i/inst/gen_gtwizard_gtye4_top.bd_xdma_0_0_pcie4_ip_gt_gtwizard_gtye4_inst/gen_gtwizard_gtye4.gen_channel_container[32].gen_enabled_channel.gtye4_channel_wrapper_inst/channel_inst/gtye4_channel_gen.gen_gtye4_channel_inst[3].GTYE4_CHANNEL_PRIM_INST/TXOUTCLK
                         net (fo=7, routed)           0.085     0.085    bd_i/xdma_0/inst/pcie4_ip_i/inst/bd_xdma_0_0_pcie4_ip_gt_top_i/diablo_gt.diablo_gt_phy_wrapper/phy_clk_i/GT_TXOUTCLK[0]
    BUFG_GT_X1Y198                                                    r  bd_i/xdma_0/inst/pcie4_ip_i/inst/bd_xdma_0_0_pcie4_ip_gt_top_i/diablo_gt.diablo_gt_phy_wrapper/phy_clk_i/bufg_gt_userclk/I
    BUFG_GT_X1Y198       BUFG_GT (Prop_BUFG_GT_I_O)
                                                      0.130     0.215 r  bd_i/xdma_0/inst/pcie4_ip_i/inst/bd_xdma_0_0_pcie4_ip_gt_top_i/diablo_gt.diablo_gt_phy_wrapper/phy_clk_i/bufg_gt_userclk/O
    X3Y9 (CLOCK_ROOT)    net (fo=148450, routed)      2.942     3.157    bd_i/layer_0/inst/u_core/u_dn/aclk
    SLR Crossing[1->2]   
    SLICE_X82Y751        FDRE                                         r  bd_i/layer_0/inst/u_core/u_dn/row_reg[1]/C
  -------------------------------------------------------------------    -------------------
    SLICE_X82Y751        FDRE (Prop_EFF_SLICEL_C_Q)
                                                      0.079     3.236 r  bd_i/layer_0/inst/u_core/u_dn/row_reg[1]/Q
                         net (fo=75, routed)          0.414     3.650    bd_i/layer_0/inst/u_core/u_dn/kn_reg_0_63_0_6/ADDRC1
    SLICE_X81Y744                                                     r  bd_i/layer_0/inst/u_core/u_dn/kn_reg_0_63_0_6/RAMC/RADR1
    SLICE_X81Y744        RAMD64E (Prop_C6LUT_SLICEM_RADR1_O)
                                                      0.123     3.773 r  bd_i/layer_0/inst/u_core/u_dn/kn_reg_0_63_0_6/RAMC/O
                         net (fo=16, routed)          0.805     4.578    bd_i/layer_0/inst/u_core/u_dn/kn_reg_0_63_0_6_n_2
    SLICE_X89Y766                                                     r  bd_i/layer_0/inst/u_core/u_dn/g_lane[107].p2_p_reg[107]_i_14/I2
    SLICE_X89Y766        LUT3 (Prop_H6LUT_SLICEL_I2_O)
                                                      0.099     4.677 r  bd_i/layer_0/inst/u_core/u_dn/g_lane[107].p2_p_reg[107]_i_14/O
                         net (fo=33, routed)          2.160     6.837    bd_i/layer_0/inst/u_core/u_dn/p_0_out__12__7/B[2]
    DSP48E2_X10Y256      DSP_A_B_DATA                                 r  bd_i/layer_0/inst/u_core/u_dn/p_0_out__12__7/DSP_A_B_DATA_INST/B[2]
  -------------------------------------------------------------------    -------------------

                         (clock xdma_0_axi_aclk rise edge)
                                                      4.000     4.000 r  
    GTYE4_CHANNEL_X1Y35  GTYE4_CHANNEL                0.000     4.000 r  bd_i/xdma_0/inst/pcie4_ip_i/inst/bd_xdma_0_0_pcie4_ip_gt_top_i/diablo_gt.diablo_gt_phy_wrapper/gt_wizard.gtwizard_top_i/bd_xdma_0_0_pcie4_ip_gt_i/inst/gen_gtwizard_gtye4_top.bd_xdma_0_0_pcie4_ip_gt_gtwizard_gtye4_inst/gen_gtwizard_gtye4.gen_channel_container[32].gen_enabled_channel.gtye4_channel_wrapper_inst/channel_inst/gtye4_channel_gen.gen_gtye4_channel_inst[3].GTYE4_CHANNEL_PRIM_INST/TXOUTCLK
                         net (fo=7, routed)           0.078     4.078    bd_i/xdma_0/inst/pcie4_ip_i/inst/bd_xdma_0_0_pcie4_ip_gt_top_i/diablo_gt.diablo_gt_phy_wrapper/phy_clk_i/GT_TXOUTCLK[0]
    BUFG_GT_X1Y198                                                    r  bd_i/xdma_0/inst/pcie4_ip_i/inst/bd_xdma_0_0_pcie4_ip_gt_top_i/diablo_gt.diablo_gt_phy_wrapper/phy_clk_i/bufg_gt_userclk/I
    BUFG_GT_X1Y198       BUFG_GT (Prop_BUFG_GT_I_O)
                                                      0.114     4.192 r  bd_i/xdma_0/inst/pcie4_ip_i/inst/bd_xdma_0_0_pcie4_ip_gt_top_i/diablo_gt.diablo_gt_phy_wrapper/phy_clk_i/bufg_gt_userclk/O
    X3Y9 (CLOCK_ROOT)    net (fo=148450, routed)      2.573     6.765    bd_i/layer_0/inst/u_core/u_dn/p_0_out__12__7/CLK
    SLR Crossing[1->2]   
    DSP48E2_X10Y256      DSP_A_B_DATA                                 r  bd_i/layer_0/inst/u_core/u_dn/p_0_out__12__7/DSP_A_B_DATA_INST/CLK
                         clock pessimism              0.146     6.911    
                         clock uncertainty           -0.046     6.865    
    DSP48E2_X10Y256      DSP_A_B_DATA (Setup_DSP_A_B_DATA_DSP48E2_CLK_B[2])
                                                     -0.262     6.603    bd_i/layer_0/inst/u_core/u_dn/p_0_out__12__7/DSP_A_B_DATA_INST
  -------------------------------------------------------------------
                         required time                          6.603    
                         arrival time                          -6.837    
  -------------------------------------------------------------------
                         slack                                 -0.234    




