=== host: snoke
=== date: 2026-09-07T14:55:17-06:00
=== tree: a945159
=== cmd:  bash -c source /home/cah/r2d2/sc2data/tools/Vivado/2024.2/settings64.sh >/dev/null && exec vivado -mode batch -nolog -nojournal -source synth/scripts/census_035.tcl -tclargs /home/cah/r2d2/code/fpga/fable5_llm/synth/out_build_041_po2_AltSpreadLogic_high
=== venv: /home/cah/.venv/bin/python (exists)
===       ref/.venv/bin/python (ABSENT)
===       uv: /home/cah/.local/bin/uv (exists)
=== cpu:  nproc=48 OMP_NUM_THREADS=unset MKL_NUM_THREADS=unset
=== env:  FABLE5_MODEL=unset FABLE5_DN_STATE=unset FABLE5_RS_F=unset
===       FABLE5_CALIB_STATS=unset FABLE5_CALIB_MODE=unset
=== ---

****** Vivado v2024.2 (64-bit)
  **** SW Build 5239630 on Fri Nov 08 22:34:34 MST 2024
  **** IP Build 5239520 on Sun Nov 10 16:12:51 MST 2024
  **** SharedData Build 5239561 on Fri Nov 08 14:39:27 MST 2024
  **** Start of session at: Mon Sep  7 14:55:20 2026
    ** Copyright 1986-2022 Xilinx, Inc. All Rights Reserved.
    ** Copyright 2022-2024 Advanced Micro Devices, Inc. All Rights Reserved.

source synth/scripts/census_035.tcl
# if {[llength $argv] < 1} { puts "FATAL: need <roll_dir>"; exit 1 }
# set D [lindex $argv 0]
# set dcp $D/proj/stage1.runs/impl_1/bd_wrapper_postroute_physopt.dcp
# if {![file exists $dcp]} {
#     # the base roll runs the default strategy: no post-route phys_opt stage
#     set dcp $D/proj/stage1.runs/impl_1/bd_wrapper_routed.dcp
# }
# if {![file exists $dcp]} { puts "FATAL: no routed checkpoint under $D"; exit 1 }
# puts "CENSUS_CHECKPOINT: $dcp"
CENSUS_CHECKPOINT: /home/cah/r2d2/code/fpga/fable5_llm/synth/out_build_041_po2_AltSpreadLogic_high/proj/stage1.runs/impl_1/bd_wrapper_postroute_physopt.dcp
# puts "CENSUS_CHECKPOINT_MTIME: [clock format [file mtime $dcp] -format {%Y-%m-%d %H:%M:%S}]"
CENSUS_CHECKPOINT_MTIME: 2026-09-07 13:51:35
# open_checkpoint $dcp
Command: open_checkpoint /home/cah/r2d2/code/fpga/fable5_llm/synth/out_build_041_po2_AltSpreadLogic_high/proj/stage1.runs/impl_1/bd_wrapper_postroute_physopt.dcp

Starting open_checkpoint Task

Time (s): cpu = 00:00:00.07 ; elapsed = 00:00:00.07 . Memory (MB): peak = 1409.668 ; gain = 0.000 ; free physical = 49833 ; free virtual = 355095
INFO: [Device 21-403] Loading part xcvu9p-fsgd2104-2L-e
Netlist sorting complete. Time (s): cpu = 00:00:08 ; elapsed = 00:00:08 . Memory (MB): peak = 3882.469 ; gain = 0.000 ; free physical = 36315 ; free virtual = 341849
INFO: [Netlist 29-17] Analyzing 31335 Unisim elements for replacement
INFO: [Netlist 29-28] Unisim Transformation completed in 26 CPU seconds
INFO: [Project 1-479] Netlist was created with Vivado 2024.2
INFO: [Project 1-570] Preparing netlist for logic optimization
WARNING: [Constraints 18-550] Could not create 'DRIVE' constraint because net 'bd_i/ddr4_0/inst/u_ddr4_mem_intfc/u_mig_ddr4_phy/cal_RESET_n[0]' is not directly connected to top level port. 'DRIVE' is ignored for synthesis but preserved for implementation.
WARNING: [Constraints 18-550] Could not create 'SLEW' constraint because net 'bd_i/ddr4_0/inst/u_ddr4_mem_intfc/u_mig_ddr4_phy/cal_RESET_n[0]' is not directly connected to top level port. 'SLEW' is ignored for synthesis but preserved for implementation.
WARNING: [Constraints 18-550] Could not create 'IBUF_LOW_PWR' constraint because net 'bd_i/ddr4_0/inst/u_ddr4_mem_intfc/u_mig_ddr4_phy/sys_clk_in' is not directly connected to top level port. 'IBUF_LOW_PWR' is ignored for synthesis but preserved for implementation.
WARNING: [Constraints 18-550] Could not create 'DRIVE' constraint because net 'bd_i/ddr4_1/inst/u_ddr4_mem_intfc/u_mig_ddr4_phy/cal_RESET_n[0]' is not directly connected to top level port. 'DRIVE' is ignored for synthesis but preserved for implementation.
WARNING: [Constraints 18-550] Could not create 'SLEW' constraint because net 'bd_i/ddr4_1/inst/u_ddr4_mem_intfc/u_mig_ddr4_phy/cal_RESET_n[0]' is not directly connected to top level port. 'SLEW' is ignored for synthesis but preserved for implementation.
WARNING: [Constraints 18-550] Could not create 'IBUF_LOW_PWR' constraint because net 'bd_i/ddr4_1/inst/u_ddr4_mem_intfc/u_mig_ddr4_phy/sys_clk_in' is not directly connected to top level port. 'IBUF_LOW_PWR' is ignored for synthesis but preserved for implementation.
WARNING: [Constraints 18-550] Could not create 'DRIVE' constraint because net 'bd_i/ddr4_2/inst/u_ddr4_mem_intfc/u_mig_ddr4_phy/cal_RESET_n[0]' is not directly connected to top level port. 'DRIVE' is ignored for synthesis but preserved for implementation.
WARNING: [Constraints 18-550] Could not create 'SLEW' constraint because net 'bd_i/ddr4_2/inst/u_ddr4_mem_intfc/u_mig_ddr4_phy/cal_RESET_n[0]' is not directly connected to top level port. 'SLEW' is ignored for synthesis but preserved for implementation.
WARNING: [Constraints 18-550] Could not create 'IBUF_LOW_PWR' constraint because net 'bd_i/ddr4_2/inst/u_ddr4_mem_intfc/u_mig_ddr4_phy/sys_clk_in' is not directly connected to top level port. 'IBUF_LOW_PWR' is ignored for synthesis but preserved for implementation.
WARNING: [Constraints 18-550] Could not create 'DRIVE' constraint because net 'bd_i/ddr4_3/inst/u_ddr4_mem_intfc/u_mig_ddr4_phy/cal_RESET_n[0]' is not directly connected to top level port. 'DRIVE' is ignored for synthesis but preserved for implementation.
WARNING: [Constraints 18-550] Could not create 'SLEW' constraint because net 'bd_i/ddr4_3/inst/u_ddr4_mem_intfc/u_mig_ddr4_phy/cal_RESET_n[0]' is not directly connected to top level port. 'SLEW' is ignored for synthesis but preserved for implementation.
WARNING: [Constraints 18-550] Could not create 'IBUF_LOW_PWR' constraint because net 'bd_i/ddr4_3/inst/u_ddr4_mem_intfc/u_mig_ddr4_phy/sys_clk_in' is not directly connected to top level port. 'IBUF_LOW_PWR' is ignored for synthesis but preserved for implementation.
Read ShapeDB Complete: Time (s): cpu = 00:00:02 ; elapsed = 00:00:02 . Memory (MB): peak = 5542.070 ; gain = 116.805 ; free physical = 28758 ; free virtual = 334294
INFO: [Timing 38-478] Restoring timing data from binary archive.
INFO: [Timing 38-479] Binary timing data restore complete.
INFO: [Project 1-856] Restoring constraints from binary archive.
INFO: [Power 33-23] Power model is not available for xiphy_riu_or
INFO: [Power 33-23] Power model is not available for genVref.u_hpio_vref
INFO: [Project 1-853] Binary constraint restore complete.
INFO: [Designutils 20-5722] Start Reading Physical Databases.
Reading placement.
Read Netlist Cache: Time (s): cpu = 00:00:01 ; elapsed = 00:00:01 . Memory (MB): peak = 9773.426 ; gain = 40.961 ; free physical = 6928 ; free virtual = 313926
Reading placer database...
Read Device Cache: Time (s): cpu = 00:00:00.04 ; elapsed = 00:00:00.04 . Memory (MB): peak = 9773.426 ; gain = 0.000 ; free physical = 6959 ; free virtual = 313957
Read PlaceDB: Time (s): cpu = 00:00:41 ; elapsed = 00:00:43 . Memory (MB): peak = 10359.551 ; gain = 586.125 ; free physical = 4854 ; free virtual = 310029
Read PulsedLatchDB: Time (s): cpu = 00:00:00 ; elapsed = 00:00:00 . Memory (MB): peak = 10359.551 ; gain = 0.000 ; free physical = 4854 ; free virtual = 310029
Reading routing.
Read RouteStorage: Time (s): cpu = 00:00:25 ; elapsed = 00:00:08 . Memory (MB): peak = 10779.895 ; gain = 420.344 ; free physical = 4241 ; free virtual = 308530
Read Physdb Files: Time (s): cpu = 00:01:08 ; elapsed = 00:00:52 . Memory (MB): peak = 10779.895 ; gain = 1047.430 ; free physical = 4220 ; free virtual = 308510
Restored from archive | CPU: 72.080000 secs | Memory: 934.355560 MB |
Finished XDEF File Restore: Time (s): cpu = 00:01:09 ; elapsed = 00:00:53 . Memory (MB): peak = 10779.895 ; gain = 1047.430 ; free physical = 4086 ; free virtual = 308375
INFO: [IP_Flow 19-234] Refreshing IP repositories
INFO: [IP_Flow 19-1704] No user IP repositories specified
INFO: [IP_Flow 19-2313] Loaded Vivado IP repository '/home/cah/r2d2/sc2data/tools/Vivado/2024.2/data/ip'.
Netlist sorting complete. Time (s): cpu = 00:00:00.11 ; elapsed = 00:00:00.11 . Memory (MB): peak = 10779.895 ; gain = 0.000 ; free physical = 3998 ; free virtual = 308289
INFO: [Project 1-111] Unisim Transformation Summary:
  A total of 8345 instances were transformed.
  DSP48E1 => DSP48E2 (DSP_ALU, DSP_A_B_DATA, DSP_C_DATA, DSP_MULTIPLIER, DSP_M_DATA, DSP_OUTPUT, DSP_PREADD, DSP_PREADD_DATA): 12 instances
  DSP48E2 => DSP48E2 (DSP_ALU, DSP_A_B_DATA, DSP_C_DATA, DSP_MULTIPLIER, DSP_M_DATA, DSP_OUTPUT, DSP_PREADD, DSP_PREADD_DATA): 1848 instances
  IBUF => IBUF (IBUFCTRL, INBUF): 1 instance 
  IBUFDS => IBUFDS (DIFFINBUF, IBUFCTRL): 4 instances
  IOBUFDS => IOBUFDS (DIFFINBUF, IBUFCTRL, INV, OBUFT(x2)): 32 instances
  IOBUFE3 => IOBUFE3 (IBUFCTRL, INBUF, OBUFT_DCIEN): 288 instances
  LUT6_2 => LUT6_2 (LUT5, LUT6): 124 instances
  OBUFDS => OBUFDS_DUAL_BUF (INV, OBUF(x2)): 4 instances
  RAM16X1D => RAM32X1D (RAMD32(x2)): 40 instances
  RAM256X1D => RAM256X1D (MUXF7(x4), MUXF8(x2), RAMD64E(x8)): 512 instances
  RAM256X1S => RAM256X1S (MUXF7(x2), MUXF8, RAMS64E(x4)): 9 instances
  RAM32M => RAM32M (RAMD32(x6), RAMS32(x2)): 866 instances
  RAM32M16 => RAM32M16 (RAMD32(x14), RAMS32(x2)): 1978 instances
  RAM32X1D => RAM32X1D (RAMD32(x2)): 80 instances
  RAM64M => RAM64M (RAMD64E(x4)): 16 instances
  RAM64M8 => RAM64M8 (RAMD64E(x8)): 2515 instances
  RAM64X1D => RAM64X1D (RAMD64E(x2)): 16 instances

INFO: [Project 1-604] Checkpoint was created with Vivado v2024.2 (64-bit) build 5239630
WARNING: [Vivado 12-23575] Critical violations of the methodology design rules detected. Critical violations may contribute to timing failures or cause functional issues in hardware. Run report_methodology for more information.
open_checkpoint: Time (s): cpu = 00:12:34 ; elapsed = 00:06:25 . Memory (MB): peak = 10779.895 ; gain = 9370.227 ; free physical = 3993 ; free virtual = 308284
# file mkdir $D/reports
get_timing_paths: Time (s): cpu = 00:13:15 ; elapsed = 00:02:18 . Memory (MB): peak = 11907.535 ; gain = 1127.641 ; free physical = 1269 ; free virtual = 303628
# set wns [get_property SLACK [get_timing_paths -max_paths 1 -nworst 1 -setup]]
get_timing_paths: Time (s): cpu = 00:00:49 ; elapsed = 00:00:06 . Memory (MB): peak = 11907.535 ; gain = 0.000 ; free physical = 1225 ; free virtual = 303710
# set whs [get_property SLACK [get_timing_paths -max_paths 1 -nworst 1 -hold]]
# puts "CENSUS_TIMING: WNS=$wns WHS=$whs"
CENSUS_TIMING: WNS=-0.156 WHS=0.010
get_timing_paths: Time (s): cpu = 00:00:39 ; elapsed = 00:00:07 . Memory (MB): peak = 11907.535 ; gain = 0.000 ; free physical = 1300 ; free virtual = 303657
# set paths [get_timing_paths -max_paths 5000 -nworst 1 -setup -slack_lesser_than 0]
# puts "CENSUS_COUNT: [llength $paths]"
CENSUS_COUNT: 2507
# puts "CENSUS_BEGIN"
CENSUS_BEGIN
# foreach p $paths {
#     puts [format "EP %7s %-22s lvl=%-3s %s <- %s" \
#         [get_property SLACK $p] [get_property GROUP $p] \
#         [get_property LOGIC_LEVELS $p] \
#         [get_property ENDPOINT_PIN $p] [get_property STARTPOINT_PIN $p]]
# }
EP  -0.156 xdma_0_axi_aclk        lvl=2   bd_i/layer_0/inst/u_core/u_attn/g_lane[38].pv_p_reg[38]_i_8_psdsp_1/D <- bd_i/layer_0/inst/u_core/g_kvslot[0].mem_reg_uram_8/CLK
EP  -0.155 xdma_0_axi_aclk        lvl=6   bd_i/layer_0/inst/u_core/u_attn/dot_reg[31]/D <- bd_i/layer_0/inst/u_core/u_attn/g_ps64[3].psum16_reg[3][13]/C
EP  -0.154 xdma_0_axi_aclk        lvl=6   bd_i/layer_0/inst/u_core/u_attn/dot_reg[29]/D <- bd_i/layer_0/inst/u_core/u_attn/g_ps64[3].psum16_reg[3][13]/C
EP  -0.154 xdma_0_axi_aclk        lvl=2   bd_i/layer_0/inst/u_core/u_attn/g_lane[76].pv_p_reg[76]/DSP_A_B_DATA_INST/A[3] <- bd_i/layer_0/inst/u_core/g_kvslot[1].mem_reg_uram_16/CLK
EP  -0.149 xdma_0_axi_aclk        lvl=2   bd_i/layer_0/inst/u_core/u_attn/g_lane[25].prod_reg[25]_i_8_psdsp_1/D <- bd_i/layer_0/inst/u_core/g_kvslot[1].mem_reg_uram_4/CLK
EP  -0.147 xdma_0_axi_aclk        lvl=1   bd_i/layer_0/inst/u_core/u_dn/p_1_out__2__13/DSP_A_B_DATA_INST/A[7] <- bd_i/layer_0/inst/u_core/g_dnslot[1].mem_reg_uram_12/CLK
EP  -0.146 xdma_0_axi_aclk        lvl=5   bd_i/layer_0/inst/u_core/u_dn/g_lane[122].dec_p_reg[122]/DSP_OUTPUT_INST/ALU_OUT[10] <- bd_i/layer_0/inst/u_core/u_dn/decay_r_reg[3][8]/C
EP  -0.146 xdma_0_axi_aclk        lvl=5   bd_i/layer_0/inst/u_core/u_dn/g_lane[122].dec_p_reg[122]/DSP_OUTPUT_INST/ALU_OUT[11] <- bd_i/layer_0/inst/u_core/u_dn/decay_r_reg[3][8]/C
EP  -0.146 xdma_0_axi_aclk        lvl=5   bd_i/layer_0/inst/u_core/u_dn/g_lane[122].dec_p_reg[122]/DSP_OUTPUT_INST/ALU_OUT[12] <- bd_i/layer_0/inst/u_core/u_dn/decay_r_reg[3][8]/C
EP  -0.146 xdma_0_axi_aclk        lvl=5   bd_i/layer_0/inst/u_core/u_dn/g_lane[122].dec_p_reg[122]/DSP_OUTPUT_INST/ALU_OUT[13] <- bd_i/layer_0/inst/u_core/u_dn/decay_r_reg[3][8]/C
EP  -0.146 xdma_0_axi_aclk        lvl=5   bd_i/layer_0/inst/u_core/u_dn/g_lane[122].dec_p_reg[122]/DSP_OUTPUT_INST/ALU_OUT[14] <- bd_i/layer_0/inst/u_core/u_dn/decay_r_reg[3][8]/C
EP  -0.146 xdma_0_axi_aclk        lvl=5   bd_i/layer_0/inst/u_core/u_dn/g_lane[122].dec_p_reg[122]/DSP_OUTPUT_INST/ALU_OUT[15] <- bd_i/layer_0/inst/u_core/u_dn/decay_r_reg[3][8]/C
EP  -0.146 xdma_0_axi_aclk        lvl=5   bd_i/layer_0/inst/u_core/u_dn/g_lane[122].dec_p_reg[122]/DSP_OUTPUT_INST/ALU_OUT[16] <- bd_i/layer_0/inst/u_core/u_dn/decay_r_reg[3][8]/C
EP  -0.146 xdma_0_axi_aclk        lvl=5   bd_i/layer_0/inst/u_core/u_dn/g_lane[122].dec_p_reg[122]/DSP_OUTPUT_INST/ALU_OUT[17] <- bd_i/layer_0/inst/u_core/u_dn/decay_r_reg[3][8]/C
EP  -0.146 xdma_0_axi_aclk        lvl=5   bd_i/layer_0/inst/u_core/u_dn/g_lane[122].dec_p_reg[122]/DSP_OUTPUT_INST/ALU_OUT[18] <- bd_i/layer_0/inst/u_core/u_dn/decay_r_reg[3][8]/C
EP  -0.146 xdma_0_axi_aclk        lvl=5   bd_i/layer_0/inst/u_core/u_dn/g_lane[122].dec_p_reg[122]/DSP_OUTPUT_INST/ALU_OUT[19] <- bd_i/layer_0/inst/u_core/u_dn/decay_r_reg[3][8]/C
EP  -0.146 xdma_0_axi_aclk        lvl=5   bd_i/layer_0/inst/u_core/u_dn/g_lane[122].dec_p_reg[122]/DSP_OUTPUT_INST/ALU_OUT[20] <- bd_i/layer_0/inst/u_core/u_dn/decay_r_reg[3][8]/C
EP  -0.146 xdma_0_axi_aclk        lvl=5   bd_i/layer_0/inst/u_core/u_dn/g_lane[122].dec_p_reg[122]/DSP_OUTPUT_INST/ALU_OUT[21] <- bd_i/layer_0/inst/u_core/u_dn/decay_r_reg[3][8]/C
EP  -0.146 xdma_0_axi_aclk        lvl=5   bd_i/layer_0/inst/u_core/u_dn/g_lane[122].dec_p_reg[122]/DSP_OUTPUT_INST/ALU_OUT[22] <- bd_i/layer_0/inst/u_core/u_dn/decay_r_reg[3][8]/C
EP  -0.146 xdma_0_axi_aclk        lvl=5   bd_i/layer_0/inst/u_core/u_dn/g_lane[122].dec_p_reg[122]/DSP_OUTPUT_INST/ALU_OUT[23] <- bd_i/layer_0/inst/u_core/u_dn/decay_r_reg[3][8]/C
EP  -0.146 xdma_0_axi_aclk        lvl=5   bd_i/layer_0/inst/u_core/u_dn/g_lane[122].dec_p_reg[122]/DSP_OUTPUT_INST/ALU_OUT[24] <- bd_i/layer_0/inst/u_core/u_dn/decay_r_reg[3][8]/C
EP  -0.146 xdma_0_axi_aclk        lvl=5   bd_i/layer_0/inst/u_core/u_dn/g_lane[122].dec_p_reg[122]/DSP_OUTPUT_INST/ALU_OUT[25] <- bd_i/layer_0/inst/u_core/u_dn/decay_r_reg[3][8]/C
EP  -0.146 xdma_0_axi_aclk        lvl=5   bd_i/layer_0/inst/u_core/u_dn/g_lane[122].dec_p_reg[122]/DSP_OUTPUT_INST/ALU_OUT[26] <- bd_i/layer_0/inst/u_core/u_dn/decay_r_reg[3][8]/C
EP  -0.146 xdma_0_axi_aclk        lvl=5   bd_i/layer_0/inst/u_core/u_dn/g_lane[122].dec_p_reg[122]/DSP_OUTPUT_INST/ALU_OUT[27] <- bd_i/layer_0/inst/u_core/u_dn/decay_r_reg[3][8]/C
EP  -0.146 xdma_0_axi_aclk        lvl=5   bd_i/layer_0/inst/u_core/u_dn/g_lane[122].dec_p_reg[122]/DSP_OUTPUT_INST/ALU_OUT[28] <- bd_i/layer_0/inst/u_core/u_dn/decay_r_reg[3][8]/C
EP  -0.146 xdma_0_axi_aclk        lvl=5   bd_i/layer_0/inst/u_core/u_dn/g_lane[122].dec_p_reg[122]/DSP_OUTPUT_INST/ALU_OUT[29] <- bd_i/layer_0/inst/u_core/u_dn/decay_r_reg[3][8]/C
EP  -0.146 xdma_0_axi_aclk        lvl=5   bd_i/layer_0/inst/u_core/u_dn/g_lane[122].dec_p_reg[122]/DSP_OUTPUT_INST/ALU_OUT[30] <- bd_i/layer_0/inst/u_core/u_dn/decay_r_reg[3][8]/C
EP  -0.146 xdma_0_axi_aclk        lvl=5   bd_i/layer_0/inst/u_core/u_dn/g_lane[122].dec_p_reg[122]/DSP_OUTPUT_INST/ALU_OUT[31] <- bd_i/layer_0/inst/u_core/u_dn/decay_r_reg[3][8]/C
EP  -0.146 xdma_0_axi_aclk        lvl=5   bd_i/layer_0/inst/u_core/u_dn/g_lane[122].dec_p_reg[122]/DSP_OUTPUT_INST/ALU_OUT[32] <- bd_i/layer_0/inst/u_core/u_dn/decay_r_reg[3][8]/C
EP  -0.146 xdma_0_axi_aclk        lvl=5   bd_i/layer_0/inst/u_core/u_dn/g_lane[122].dec_p_reg[122]/DSP_OUTPUT_INST/ALU_OUT[33] <- bd_i/layer_0/inst/u_core/u_dn/decay_r_reg[3][8]/C
EP  -0.146 xdma_0_axi_aclk        lvl=5   bd_i/layer_0/inst/u_core/u_dn/g_lane[122].dec_p_reg[122]/DSP_OUTPUT_INST/ALU_OUT[34] <- bd_i/layer_0/inst/u_core/u_dn/decay_r_reg[3][8]/C
EP  -0.146 xdma_0_axi_aclk        lvl=5   bd_i/layer_0/inst/u_core/u_dn/g_lane[122].dec_p_reg[122]/DSP_OUTPUT_INST/ALU_OUT[35] <- bd_i/layer_0/inst/u_core/u_dn/decay_r_reg[3][8]/C
EP  -0.146 xdma_0_axi_aclk        lvl=5   bd_i/layer_0/inst/u_core/u_dn/g_lane[122].dec_p_reg[122]/DSP_OUTPUT_INST/ALU_OUT[36] <- bd_i/layer_0/inst/u_core/u_dn/decay_r_reg[3][8]/C
EP  -0.146 xdma_0_axi_aclk        lvl=5   bd_i/layer_0/inst/u_core/u_dn/g_lane[122].dec_p_reg[122]/DSP_OUTPUT_INST/ALU_OUT[37] <- bd_i/layer_0/inst/u_core/u_dn/decay_r_reg[3][8]/C
EP  -0.146 xdma_0_axi_aclk        lvl=5   bd_i/layer_0/inst/u_core/u_dn/g_lane[122].dec_p_reg[122]/DSP_OUTPUT_INST/ALU_OUT[38] <- bd_i/layer_0/inst/u_core/u_dn/decay_r_reg[3][8]/C
EP  -0.146 xdma_0_axi_aclk        lvl=5   bd_i/layer_0/inst/u_core/u_dn/g_lane[122].dec_p_reg[122]/DSP_OUTPUT_INST/ALU_OUT[39] <- bd_i/layer_0/inst/u_core/u_dn/decay_r_reg[3][8]/C
EP  -0.146 xdma_0_axi_aclk        lvl=5   bd_i/layer_0/inst/u_core/u_dn/g_lane[122].dec_p_reg[122]/DSP_OUTPUT_INST/ALU_OUT[40] <- bd_i/layer_0/inst/u_core/u_dn/decay_r_reg[3][8]/C
EP  -0.146 xdma_0_axi_aclk        lvl=5   bd_i/layer_0/inst/u_core/u_dn/g_lane[122].dec_p_reg[122]/DSP_OUTPUT_INST/ALU_OUT[41] <- bd_i/layer_0/inst/u_core/u_dn/decay_r_reg[3][8]/C
EP  -0.146 xdma_0_axi_aclk        lvl=5   bd_i/layer_0/inst/u_core/u_dn/g_lane[122].dec_p_reg[122]/DSP_OUTPUT_INST/ALU_OUT[42] <- bd_i/layer_0/inst/u_core/u_dn/decay_r_reg[3][8]/C
EP  -0.146 xdma_0_axi_aclk        lvl=5   bd_i/layer_0/inst/u_core/u_dn/g_lane[122].dec_p_reg[122]/DSP_OUTPUT_INST/ALU_OUT[43] <- bd_i/layer_0/inst/u_core/u_dn/decay_r_reg[3][8]/C
EP  -0.146 xdma_0_axi_aclk        lvl=5   bd_i/layer_0/inst/u_core/u_dn/g_lane[122].dec_p_reg[122]/DSP_OUTPUT_INST/ALU_OUT[44] <- bd_i/layer_0/inst/u_core/u_dn/decay_r_reg[3][8]/C
EP  -0.146 xdma_0_axi_aclk        lvl=5   bd_i/layer_0/inst/u_core/u_dn/g_lane[122].dec_p_reg[122]/DSP_OUTPUT_INST/ALU_OUT[45] <- bd_i/layer_0/inst/u_core/u_dn/decay_r_reg[3][8]/C
EP  -0.146 xdma_0_axi_aclk        lvl=5   bd_i/layer_0/inst/u_core/u_dn/g_lane[122].dec_p_reg[122]/DSP_OUTPUT_INST/ALU_OUT[46] <- bd_i/layer_0/inst/u_core/u_dn/decay_r_reg[3][8]/C
EP  -0.146 xdma_0_axi_aclk        lvl=5   bd_i/layer_0/inst/u_core/u_dn/g_lane[122].dec_p_reg[122]/DSP_OUTPUT_INST/ALU_OUT[47] <- bd_i/layer_0/inst/u_core/u_dn/decay_r_reg[3][8]/C
EP  -0.146 xdma_0_axi_aclk        lvl=5   bd_i/layer_0/inst/u_core/u_dn/g_lane[122].dec_p_reg[122]/DSP_OUTPUT_INST/ALU_OUT[8] <- bd_i/layer_0/inst/u_core/u_dn/decay_r_reg[3][8]/C
EP  -0.146 xdma_0_axi_aclk        lvl=5   bd_i/layer_0/inst/u_core/u_dn/g_lane[122].dec_p_reg[122]/DSP_OUTPUT_INST/ALU_OUT[9] <- bd_i/layer_0/inst/u_core/u_dn/decay_r_reg[3][8]/C
EP  -0.145 xdma_0_axi_aclk        lvl=2   bd_i/layer_0/inst/u_core/krow_reg[370]/D <- bd_i/layer_0/inst/u_core/kbyte_reg[2]/C
EP  -0.145 xdma_0_axi_aclk        lvl=2   bd_i/layer_0/inst/u_core/u_attn/g_lane[39].pv_p_reg[39]_i_7_psdsp_1/D <- bd_i/layer_0/inst/u_core/g_kvslot[0].mem_reg_uram_8/CLK
EP  -0.144 xdma_0_axi_aclk        lvl=2   bd_i/layer_0/inst/u_core/u_attn/g_lane[37].pv_p_reg[37]_i_7_psdsp_1/D <- bd_i/layer_0/inst/u_core/g_kvslot[0].mem_reg_uram_8/CLK
EP  -0.144 xdma_0_axi_aclk        lvl=1   bd_i/layer_0/inst/u_core/u_dn/g_lane[108].dec_p_reg[108]/DSP_A_B_DATA_INST/A[4] <- bd_i/layer_0/inst/u_core/g_dnslot[0].mem_reg_uram_24/CLK
EP  -0.143 xdma_0_axi_aclk        lvl=2   bd_i/layer_0/inst/u_core/u_attn/g_lane[104].pv_p_reg[104]/DSP_A_B_DATA_INST/A[6] <- bd_i/layer_0/inst/u_core/g_kvslot[0].mem_reg_uram_22/CLK
EP  -0.143 xdma_0_axi_aclk        lvl=2   bd_i/layer_0/inst/u_core/g_dnslot[1].mem_reg_uram_18/ADDR_A[10] <- bd_i/layer_0/inst/u_core/dma_kind_reg[0]_replica_16/C
EP  -0.143 xdma_0_axi_aclk        lvl=2   bd_i/layer_0/inst/u_core/u_attn/g_lane[37].pv_p_reg[37]_i_7_psdsp/D <- bd_i/layer_0/inst/u_core/g_kvslot[0].mem_reg_uram_8/CLK
EP  -0.142 xdma_0_axi_aclk        lvl=2   bd_i/layer_0/inst/u_core/u_attn/g_lane[39].pv_p_reg[39]_i_4_psdsp_1/D <- bd_i/layer_0/inst/u_core/g_kvslot[0].mem_reg_uram_8/CLK
EP  -0.142 xdma_0_axi_aclk        lvl=6   bd_i/layer_0/inst/u_core/u_attn/dot_reg[30]/D <- bd_i/layer_0/inst/u_core/u_attn/g_ps64[3].psum16_reg[3][13]/C
EP  -0.142 xdma_0_axi_aclk        lvl=3   bd_i/layer_0/inst/u_core/smem_a_reg_bram_27/ADDRARDADDR[3] <- bd_i/layer_0/inst/u_core/cmd_op_reg[1]/C
EP  -0.142 xdma_0_axi_aclk        lvl=1   bd_i/layer_0/inst/u_core/u_dn/g_lane[69].dec_p_reg[69]/DSP_A_B_DATA_INST/A[7] <- bd_i/layer_0/inst/u_core/g_dnslot[0].mem_reg_uram_15/CLK
EP  -0.141 xdma_0_axi_aclk        lvl=9   bd_i/layer_0/inst/u_core/u_dn/p_0_out__6__10/DSP_A_B_DATA_INST/A[26] <- bd_i/layer_0/inst/u_core/u_dn/g_lane[63].kvm_acc_reg[63]/DSP_OUTPUT_INST/CLK
EP  -0.139 xdma_0_axi_aclk        lvl=2   bd_i/layer_0/inst/u_core/u_attn/g_lane[191].pv_p_reg[191]_i_1_psdsp_1/D <- bd_i/layer_0/inst/u_core/g_kvslot[0].mem_reg_uram_42/CLK
EP  -0.139 xdma_0_axi_aclk        lvl=2   bd_i/layer_0/inst/u_core/u_attn/g_lane[44].prod_reg[44]_i_6_psdsp_1/D <- bd_i/layer_0/inst/u_core/g_kvslot[0].mem_reg_uram_8/CLK
EP  -0.139 xdma_0_axi_aclk        lvl=2   bd_i/layer_0/inst/u_core/u_attn/g_lane[21].pv_p_reg[21]_i_4_psdsp_1/D <- bd_i/layer_0/inst/u_core/g_kvslot[1].mem_reg_uram_4/CLK
EP  -0.138 xdma_0_axi_aclk        lvl=2   bd_i/layer_0/inst/u_core/u_attn/g_lane[97].pv_p_reg[97]/DSP_A_B_DATA_INST/A[21] <- bd_i/layer_0/inst/u_core/g_kvslot[0].mem_reg_uram_20/CLK
EP  -0.138 xdma_0_axi_aclk        lvl=2   bd_i/layer_0/inst/u_core/u_attn/g_lane[190].pv_p_reg[190]_i_5_psdsp/D <- bd_i/layer_0/inst/u_core/g_kvslot[0].mem_reg_uram_42/CLK
EP  -0.138 xdma_0_axi_aclk        lvl=2   bd_i/layer_0/inst/u_core/g_kvslot[1].mem_reg_uram_15/CAS_IN_DIN_B[18] <- bd_i/layer_0/inst/u_core/dma_act_reg_rep__18/C
EP  -0.137 xdma_0_axi_aclk        lvl=2   bd_i/layer_0/inst/u_core/u_attn/g_lane[149].prod_reg[149]/DSP_A_B_DATA_INST/B[2] <- bd_i/layer_0/inst/u_core/g_kvslot[1].mem_reg_uram_32/CLK
EP  -0.137 xdma_0_axi_aclk        lvl=2   bd_i/layer_0/inst/u_core/u_attn/g_lane[19].pv_p_reg[19]_i_2_psdsp/D <- bd_i/layer_0/inst/u_core/g_kvslot[1].mem_reg_uram_4/CLK
EP  -0.137 xdma_0_axi_aclk        lvl=4   bd_i/layer_0/inst/u_core/smem_b_reg_bram_15/ENARDEN <- bd_i/layer_0/inst/u_core/cmd_op_reg[1]/C
EP  -0.137 xdma_0_axi_aclk        lvl=2   bd_i/layer_0/inst/u_core/g_dnslot[0].mem_reg_uram_27/ADDR_A[9] <- bd_i/layer_0/inst/u_core/dma_act_reg_rep__31/C
EP  -0.137 xdma_0_axi_aclk        lvl=2   bd_i/layer_0/inst/u_core/u_attn/g_lane[72].prod_reg[72]/DSP_A_B_DATA_INST/B[2] <- bd_i/layer_0/inst/u_core/g_kvslot[1].mem_reg_uram_16/CLK
EP  -0.136 xdma_0_axi_aclk        lvl=8   bd_i/layer_0/inst/u_core/u_dn/g_lane[26].dm_p_reg[26]/DSP_A_B_DATA_INST/A[24] <- bd_i/layer_0/inst/u_core/u_dn/g_lane[26].kvm_acc_reg[26]/DSP_OUTPUT_INST/CLK
EP  -0.136 xdma_0_axi_aclk        lvl=2   bd_i/layer_0/inst/u_core/u_attn/g_lane[183].prod_reg[183]/DSP_A_B_DATA_INST/B[4] <- bd_i/layer_0/inst/u_core/g_kvslot[1].mem_reg_uram_40/CLK
EP  -0.136 xdma_0_axi_aclk        lvl=8   bd_i/layer_0/inst/u_core/u_dn/g_lane[80].dm_p_reg[80]/DSP_A_B_DATA_INST/A[21] <- bd_i/layer_0/inst/u_core/u_dn/g_lane[80].kvm_acc_reg[80]/DSP_OUTPUT_INST/CLK
EP  -0.135 xdma_0_axi_aclk        lvl=1   bd_i/layer_0/inst/u_core/cw_wd_reg[54]/D <- bd_i/layer_0/inst/u_core/smem_a_reg_bram_12/CLKBWRCLK
EP  -0.135 xdma_0_axi_aclk        lvl=0   bd_i/layer_0/inst/u_core/u_attn/g_lane[199].prod_reg[199]/DSP_A_B_DATA_INST/A[25] <- bd_i/layer_0/inst/u_core/at_qdata_reg[15]_replica_17/C
EP  -0.134 xdma_0_axi_aclk        lvl=1   bd_i/layer_0/inst/u_core/s16q_reg[12]/D <- bd_i/layer_0/inst/u_core/smem_a_reg_bram_24/CLKBWRCLK
EP  -0.134 xdma_0_axi_aclk        lvl=4   bd_i/layer_0/inst/u_core/smem_b_reg_bram_7/ENARDEN <- bd_i/layer_0/inst/u_core/cmd_op_reg[1]/C
EP  -0.134 xdma_0_axi_aclk        lvl=0   bd_i/layer_0/inst/u_core/u_attn/g_lane[199].prod_reg[199]/DSP_A_B_DATA_INST/A[15] <- bd_i/layer_0/inst/u_core/at_qdata_reg[15]_replica_17/C
EP  -0.133 xdma_0_axi_aclk        lvl=2   bd_i/layer_0/inst/u_core/u_attn/g_lane[39].pv_p_reg[39]_i_5_psdsp_1/D <- bd_i/layer_0/inst/u_core/g_kvslot[0].mem_reg_uram_8/CLK
EP  -0.133 xdma_0_axi_aclk        lvl=0   bd_i/layer_0/inst/u_core/u_dn/g_lane[92].o_acc_reg[92]/DSP_OUTPUT_INST/RSTP <- bd_i/layer_0/inst/u_core/u_dn/clr_r_reg[2]/C
EP  -0.133 xdma_0_axi_aclk        lvl=2   bd_i/layer_0/inst/u_core/u_attn/g_lane[25].prod_reg[25]_i_3_psdsp_1/D <- bd_i/layer_0/inst/u_core/g_kvslot[1].mem_reg_uram_4/CLK
EP  -0.132 xdma_0_axi_aclk        lvl=8   bd_i/layer_0/inst/u_core/u_dn/g_lane[90].kvm_acc_reg[90]/DSP_A_B_DATA_INST/A[14] <- bd_i/layer_0/inst/u_core/u_dn/g_lane[90].dec_p_reg[90]/DSP_OUTPUT_INST/CLK
EP  -0.132 xdma_0_axi_aclk        lvl=1   bd_i/layer_0/inst/u_core/u_dn/p_1_out__5__12/DSP_A_B_DATA_INST/A[5] <- bd_i/layer_0/inst/u_core/g_dnslot[0].mem_reg_uram_21/CLK
EP  -0.132 xdma_0_axi_aclk        lvl=1   bd_i/layer_0/inst/u_core/u_dn/p_1_out__6__9/DSP_A_B_DATA_INST/A[8] <- bd_i/layer_0/inst/u_core/g_dnslot[1].mem_reg_uram_16/CLK
EP  -0.131 xdma_0_axi_aclk        lvl=4   bd_i/layer_0/inst/u_core/u_dn/p_1_out__7__15/DSP_A_B_DATA_INST/A[14] <- bd_i/layer_0/inst/u_core/u_dn/p_1_out__6__16/DSP_OUTPUT_INST/CLK
EP  -0.131 xdma_0_axi_aclk        lvl=2   bd_i/layer_0/inst/u_core/u_attn/g_lane[76].prod_reg[76]/DSP_A_B_DATA_INST/B[0] <- bd_i/layer_0/inst/u_core/g_kvslot[1].mem_reg_uram_16/CLK
EP  -0.131 xdma_0_axi_aclk        lvl=5   bd_i/layer_0/inst/u_core/u_dn/p_1_out__7__15/DSP_A_B_DATA_INST/A[23] <- bd_i/layer_0/inst/u_core/u_dn/p_1_out__6__16/DSP_OUTPUT_INST/CLK
EP  -0.131 xdma_0_axi_aclk        lvl=1   bd_i/layer_0/inst/u_core/u_dn/g_lane[75].dec_p_reg[75]/DSP_A_B_DATA_INST/A[2] <- bd_i/layer_0/inst/u_core/g_dnslot[1].mem_reg_uram_16/CLK
EP  -0.130 xdma_0_axi_aclk        lvl=7   bd_i/layer_0/inst/u_core/u_attn/dot_reg[35]/D <- bd_i/layer_0/inst/u_core/u_attn/g_ps64[3].psum16_reg[3][13]/C
EP  -0.129 xdma_0_axi_aclk        lvl=2   bd_i/layer_0/inst/u_core/u_attn/g_lane[101].pv_p_reg[101]/DSP_A_B_DATA_INST/A[10] <- bd_i/layer_0/inst/u_core/g_kvslot[0].mem_reg_uram_22/CLK
EP  -0.129 xdma_0_axi_aclk        lvl=2   bd_i/layer_0/inst/u_core/u_attn/g_lane[237].prod_reg[237]/DSP_A_B_DATA_INST/B[3] <- bd_i/layer_0/inst/u_core/g_kvslot[1].mem_reg_uram_52/CLK
EP  -0.129 xdma_0_axi_aclk        lvl=2   bd_i/layer_0/inst/u_core/u_attn/g_lane[182].prod_reg[182]/DSP_A_B_DATA_INST/B[17] <- bd_i/layer_0/inst/u_core/g_kvslot[1].mem_reg_uram_40/CLK
EP  -0.129 xdma_0_axi_aclk        lvl=1   bd_i/layer_0/inst/u_core/u_dn/p_1_out__0__9/DSP_A_B_DATA_INST/A[6] <- bd_i/layer_0/inst/u_core/g_dnslot[0].mem_reg_uram_15/CLK
EP  -0.129 xdma_0_axi_aclk        lvl=8   bd_i/layer_0/inst/u_core/u_dn/p_0_out__2__15/DSP_A_B_DATA_INST/A[24] <- bd_i/layer_0/inst/u_core/u_dn/g_lane[117].kvm_acc_reg[117]/DSP_OUTPUT_INST/CLK
EP  -0.129 xdma_0_axi_aclk        lvl=0   bd_i/layer_0/inst/u_core/u_dn/p_1_out__45/DSP_PREADD_DATA_INST/DIN[8] <- bd_i/layer_0/inst/u_core/u_dn/vdata_q_reg[8]_rep__9/C
EP  -0.128 xdma_0_axi_aclk        lvl=1   bd_i/layer_0/inst/u_core/dn_rdq_reg[1218]/D <- bd_i/layer_0/inst/u_core/g_dnslot[1].mem_reg_uram_16/CLK
EP  -0.128 xdma_0_axi_aclk        lvl=6   bd_i/layer_0/inst/u_core/u_dn/p_1_out__24__1/DSP_A_B_DATA_INST/A[7] <- bd_i/layer_0/inst/u_core/u_dn/g_lane[93].kvm_acc_reg[93]/DSP_OUTPUT_INST/CLK
EP  -0.127 xdma_0_axi_aclk        lvl=6   bd_i/axi_smc/inst/s02_entry_pipeline/s02_si_converter/inst/converter.wrap_narrow_inst/gen_thread_loop[0].r_payld_fifo/cmd_fifo/gen_pipelined.mesg_reg_reg[6]/D <- bd_i/axi_smc/inst/s02_entry_pipeline/s02_transaction_regulator/inst/gen_endpoint.gen_r_singleorder.r_singleorder/gen_cmd_reg.cmd_reg/m_vector_i_reg[1027]/C
EP  -0.127 xdma_0_axi_aclk        lvl=1   bd_i/layer_0/inst/u_core/u_dn/g_lane[111].dec_p_reg[111]/DSP_A_B_DATA_INST/A[14] <- bd_i/layer_0/inst/u_core/g_dnslot[0].mem_reg_uram_24/CLK
EP  -0.127 xdma_0_axi_aclk        lvl=4   bd_i/layer_0/inst/u_core/smem_b_reg_bram_13/WEA[0] <- bd_i/layer_0/inst/u_core/cmd_op_reg[1]/C
EP  -0.127 xdma_0_axi_aclk        lvl=0   bd_i/layer_0/inst/u_core/u_dn/p_1_out__2__17/DSP_PREADD_DATA_INST/DIN[6] <- bd_i/layer_0/inst/u_core/u_dn/vdata_q_reg[6]_rep__9/C
EP  -0.127 xdma_0_axi_aclk        lvl=2   bd_i/layer_0/inst/u_core/krow_reg[650]/CE <- bd_i/layer_0/inst/u_core/kb_i_reg[2]/C
EP  -0.127 xdma_0_axi_aclk        lvl=2   bd_i/layer_0/inst/u_core/krow_reg[652]/CE <- bd_i/layer_0/inst/u_core/kb_i_reg[2]/C
EP  -0.127 xdma_0_axi_aclk        lvl=4   bd_i/layer_0/inst/u_core/krow_reg[1879]/D <- bd_i/layer_0/inst/u_core/kb_i_reg[2]/C
EP  -0.127 xdma_0_axi_aclk        lvl=2   bd_i/layer_0/inst/u_core/u_attn/g_lane[189].pv_p_reg[189]_i_3_psdsp_1/D <- bd_i/layer_0/inst/u_core/g_kvslot[0].mem_reg_uram_42/CLK
EP  -0.127 xdma_0_axi_aclk        lvl=2   bd_i/layer_0/inst/u_core/u_dn/g_lane[30].o_acc_reg[30]/DSP_A_B_DATA_INST/B[15] <- bd_i/layer_0/inst/u_core/u_dn/row_reg[1]/C
EP  -0.126 xdma_0_axi_aclk        lvl=11  bd_i/layer_0/inst/u_core/u_alu/ps_rnd_reg[8]/D <- bd_i/layer_0/inst/u_core/u_alu/maxp_reg[36]/C
EP  -0.125 xdma_0_axi_aclk        lvl=2   bd_i/layer_0/inst/u_core/u_attn/g_lane[191].pv_p_reg[191]_i_7_psdsp_1/D <- bd_i/layer_0/inst/u_core/g_kvslot[0].mem_reg_uram_42/CLK
EP  -0.125 xdma_0_axi_aclk        lvl=5   bd_i/layer_0/inst/u_core/u_dn/p_0_out__3__13/DSP_A_B_DATA_INST/A[25] <- bd_i/layer_0/inst/u_core/u_dn/p_1_out__6__16/DSP_OUTPUT_INST/CLK
EP  -0.124 xdma_0_axi_aclk        lvl=4   bd_i/layer_0/inst/u_core/krow_reg[338]/D <- bd_i/layer_0/inst/u_core/kb_i_reg[2]/C
EP  -0.124 xdma_0_axi_aclk        lvl=3   bd_i/layer_0/inst/u_core/krow_reg[241]/CE <- bd_i/layer_0/inst/u_core/kb_i_reg[2]/C
EP  -0.124 xdma_0_axi_aclk        lvl=3   bd_i/layer_0/inst/u_core/krow_reg[243]/CE <- bd_i/layer_0/inst/u_core/kb_i_reg[2]/C
EP  -0.124 xdma_0_axi_aclk        lvl=3   bd_i/layer_0/inst/u_core/krow_reg[244]/CE <- bd_i/layer_0/inst/u_core/kb_i_reg[2]/C
EP  -0.124 xdma_0_axi_aclk        lvl=3   bd_i/layer_0/inst/u_core/krow_reg[245]/CE <- bd_i/layer_0/inst/u_core/kb_i_reg[2]/C
EP  -0.124 xdma_0_axi_aclk        lvl=3   bd_i/layer_0/inst/u_core/krow_reg[246]/CE <- bd_i/layer_0/inst/u_core/kb_i_reg[2]/C
EP  -0.124 xdma_0_axi_aclk        lvl=5   bd_i/layer_0/inst/u_core/u_dma/fmem_reg_0_255_42_42/SP.A/I <- bd_i/layer_0/inst/u_core/kv_dmaq_reg[42]/C
EP  -0.124 xdma_0_axi_aclk        lvl=6   bd_i/layer_0/inst/u_core/u_attn/dot_reg[28]/D <- bd_i/layer_0/inst/u_core/u_attn/g_ps64[3].psum16_reg[3][13]/C
EP  -0.123 xdma_0_axi_aclk        lvl=2   bd_i/layer_0/inst/u_core/u_attn/g_lane[63].pv_p_reg[63]/DSP_A_B_DATA_INST/A[12] <- bd_i/layer_0/inst/u_core/g_kvslot[1].mem_reg_uram_14/CLK
EP  -0.123 xdma_0_axi_aclk        lvl=7   bd_i/layer_0/inst/u_core/u_attn/dot_reg[33]/D <- bd_i/layer_0/inst/u_core/u_attn/g_ps64[3].psum16_reg[3][13]/C
EP  -0.123 xdma_0_axi_aclk        lvl=9   bd_i/layer_0/inst/u_core/u_dn/p_0_out__0__18/DSP_A_B_DATA_INST/A[22] <- bd_i/layer_0/inst/u_core/u_dn/g_lane[28].kvm_acc_reg[28]/DSP_OUTPUT_INST/CLK
EP  -0.123 xdma_0_axi_aclk        lvl=4   bd_i/layer_0/inst/u_core/krow_reg[55]/D <- bd_i/layer_0/inst/u_core/kb_i_reg[3]/C
EP  -0.123 xdma_0_axi_aclk        lvl=14  bd_i/layer_0/inst/u_core/u_alu/r_res_reg[6]/D <- bd_i/layer_0/inst/u_core/u_alu/op_q_reg[0]_rep__0/C
EP  -0.123 xdma_0_axi_aclk        lvl=2   bd_i/layer_0/inst/u_core/u_dn/g_lane[30].o_acc_reg[30]/DSP_A_B_DATA_INST/B[17] <- bd_i/layer_0/inst/u_core/u_dn/row_reg[1]/C
EP  -0.122 xdma_0_axi_aclk        lvl=2   bd_i/layer_0/inst/u_core/u_attn/g_lane[63].pv_p_reg[63]/DSP_A_B_DATA_INST/A[14] <- bd_i/layer_0/inst/u_core/g_kvslot[1].mem_reg_uram_14/CLK
EP  -0.121 xdma_0_axi_aclk        lvl=2   bd_i/layer_0/inst/u_core/u_dn/g_lane[4].o_acc_reg[4]/DSP_A_B_DATA_INST/B[10] <- bd_i/layer_0/inst/u_core/u_dn/row_reg[0]/C
EP  -0.121 xdma_0_axi_aclk        lvl=2   bd_i/layer_0/inst/u_core/u_dn/g_lane[3].o_acc_reg[3]/DSP_A_B_DATA_INST/B[15] <- bd_i/layer_0/inst/u_core/u_dn/row_reg[1]/C
EP  -0.121 xdma_0_axi_aclk        lvl=0   bd_i/layer_0/inst/u_core/u_dn/g_lane[127].dm_p_reg[127]/DSP_PREADD_DATA_INST/DIN[6] <- bd_i/layer_0/inst/u_core/u_dn/vdata_q_reg[6]_rep__9/C
EP  -0.121 xdma_0_axi_aclk        lvl=1   bd_i/layer_0/inst/u_core/u_attn/acc_en_r_reg[3]_replica_6/D <- bd_i/layer_0/inst/u_core/u_attn/st_reg[1]/C
EP  -0.121 xdma_0_axi_aclk        lvl=6   bd_i/layer_0/inst/u_core/eng_swd_reg[4]/D <- bd_i/layer_0/inst/u_core/gi_reg[1]/C
EP  -0.120 xdma_0_axi_aclk        lvl=2   bd_i/layer_0/inst/u_core/u_attn/g_lane[39].pv_p_reg[39]_i_6_psdsp_1/D <- bd_i/layer_0/inst/u_core/g_kvslot[0].mem_reg_uram_8/CLK
EP  -0.120 xdma_0_axi_aclk        lvl=2   bd_i/layer_0/inst/u_core/u_attn/g_lane[101].pv_p_reg[101]/DSP_A_B_DATA_INST/A[8] <- bd_i/layer_0/inst/u_core/g_kvslot[0].mem_reg_uram_22/CLK
EP  -0.120 xdma_0_axi_aclk        lvl=5   bd_i/layer_0/inst/u_core/u_dn/p_1_out__7__15/DSP_A_B_DATA_INST/A[24] <- bd_i/layer_0/inst/u_core/u_dn/p_1_out__6__16/DSP_OUTPUT_INST/CLK
EP  -0.120 xdma_0_axi_aclk        lvl=2   bd_i/layer_0/inst/u_core/u_attn/g_lane[39].pv_p_reg[39]_i_2_psdsp/D <- bd_i/layer_0/inst/u_core/g_kvslot[0].mem_reg_uram_8/CLK
EP  -0.120 xdma_0_axi_aclk        lvl=2   bd_i/layer_0/inst/u_core/u_attn/g_lane[39].pv_p_reg[39]_i_2_psdsp_1/D <- bd_i/layer_0/inst/u_core/g_kvslot[0].mem_reg_uram_8/CLK
EP  -0.120 xdma_0_axi_aclk        lvl=6   bd_i/layer_0/inst/u_core/u_attn/dot_reg[27]/D <- bd_i/layer_0/inst/u_core/u_attn/g_ps64[3].psum16_reg[3][13]/C
EP  -0.120 xdma_0_axi_aclk        lvl=0   bd_i/layer_0/inst/u_core/u_dn/g_lane[81].o_acc_reg[81]/DSP_OUTPUT_INST/RSTP <- bd_i/layer_0/inst/u_core/u_dn/clr_r_reg[2]/C
EP  -0.120 xdma_0_axi_aclk        lvl=2   bd_i/layer_0/inst/u_core/u_attn/g_lane[191].pv_p_reg[191]_i_7_psdsp/D <- bd_i/layer_0/inst/u_core/g_kvslot[0].mem_reg_uram_42/CLK
EP  -0.119 xdma_0_axi_aclk        lvl=5   bd_i/layer_0/inst/u_core/u_dn/g_lane[97].dm_p_reg[97]/DSP_OUTPUT_INST/ALU_OUT[14] <- bd_i/layer_0/inst/u_core/u_dn/beta_r_reg[3][15]/C
EP  -0.119 xdma_0_axi_aclk        lvl=5   bd_i/layer_0/inst/u_core/u_dn/g_lane[97].dm_p_reg[97]/DSP_OUTPUT_INST/ALU_OUT[15] <- bd_i/layer_0/inst/u_core/u_dn/beta_r_reg[3][15]/C
EP  -0.119 xdma_0_axi_aclk        lvl=5   bd_i/layer_0/inst/u_core/u_dn/g_lane[97].dm_p_reg[97]/DSP_OUTPUT_INST/ALU_OUT[16] <- bd_i/layer_0/inst/u_core/u_dn/beta_r_reg[3][15]/C
EP  -0.119 xdma_0_axi_aclk        lvl=5   bd_i/layer_0/inst/u_core/u_dn/g_lane[97].dm_p_reg[97]/DSP_OUTPUT_INST/ALU_OUT[17] <- bd_i/layer_0/inst/u_core/u_dn/beta_r_reg[3][15]/C
EP  -0.119 xdma_0_axi_aclk        lvl=5   bd_i/layer_0/inst/u_core/u_dn/g_lane[97].dm_p_reg[97]/DSP_OUTPUT_INST/ALU_OUT[18] <- bd_i/layer_0/inst/u_core/u_dn/beta_r_reg[3][15]/C
EP  -0.119 xdma_0_axi_aclk        lvl=5   bd_i/layer_0/inst/u_core/u_dn/g_lane[97].dm_p_reg[97]/DSP_OUTPUT_INST/ALU_OUT[19] <- bd_i/layer_0/inst/u_core/u_dn/beta_r_reg[3][15]/C
EP  -0.119 xdma_0_axi_aclk        lvl=5   bd_i/layer_0/inst/u_core/u_dn/g_lane[97].dm_p_reg[97]/DSP_OUTPUT_INST/ALU_OUT[20] <- bd_i/layer_0/inst/u_core/u_dn/beta_r_reg[3][15]/C
EP  -0.119 xdma_0_axi_aclk        lvl=5   bd_i/layer_0/inst/u_core/u_dn/g_lane[97].dm_p_reg[97]/DSP_OUTPUT_INST/ALU_OUT[21] <- bd_i/layer_0/inst/u_core/u_dn/beta_r_reg[3][15]/C
EP  -0.119 xdma_0_axi_aclk        lvl=5   bd_i/layer_0/inst/u_core/u_dn/g_lane[97].dm_p_reg[97]/DSP_OUTPUT_INST/ALU_OUT[22] <- bd_i/layer_0/inst/u_core/u_dn/beta_r_reg[3][15]/C
EP  -0.119 xdma_0_axi_aclk        lvl=5   bd_i/layer_0/inst/u_core/u_dn/g_lane[97].dm_p_reg[97]/DSP_OUTPUT_INST/ALU_OUT[23] <- bd_i/layer_0/inst/u_core/u_dn/beta_r_reg[3][15]/C
EP  -0.119 xdma_0_axi_aclk        lvl=5   bd_i/layer_0/inst/u_core/u_dn/g_lane[97].dm_p_reg[97]/DSP_OUTPUT_INST/ALU_OUT[24] <- bd_i/layer_0/inst/u_core/u_dn/beta_r_reg[3][15]/C
EP  -0.119 xdma_0_axi_aclk        lvl=5   bd_i/layer_0/inst/u_core/u_dn/g_lane[97].dm_p_reg[97]/DSP_OUTPUT_INST/ALU_OUT[25] <- bd_i/layer_0/inst/u_core/u_dn/beta_r_reg[3][15]/C
EP  -0.119 xdma_0_axi_aclk        lvl=5   bd_i/layer_0/inst/u_core/u_dn/g_lane[97].dm_p_reg[97]/DSP_OUTPUT_INST/ALU_OUT[26] <- bd_i/layer_0/inst/u_core/u_dn/beta_r_reg[3][15]/C
EP  -0.119 xdma_0_axi_aclk        lvl=5   bd_i/layer_0/inst/u_core/u_dn/g_lane[97].dm_p_reg[97]/DSP_OUTPUT_INST/ALU_OUT[27] <- bd_i/layer_0/inst/u_core/u_dn/beta_r_reg[3][15]/C
EP  -0.119 xdma_0_axi_aclk        lvl=5   bd_i/layer_0/inst/u_core/u_dn/g_lane[97].dm_p_reg[97]/DSP_OUTPUT_INST/ALU_OUT[28] <- bd_i/layer_0/inst/u_core/u_dn/beta_r_reg[3][15]/C
EP  -0.119 xdma_0_axi_aclk        lvl=5   bd_i/layer_0/inst/u_core/u_dn/g_lane[97].dm_p_reg[97]/DSP_OUTPUT_INST/ALU_OUT[29] <- bd_i/layer_0/inst/u_core/u_dn/beta_r_reg[3][15]/C
EP  -0.119 xdma_0_axi_aclk        lvl=5   bd_i/layer_0/inst/u_core/u_dn/g_lane[97].dm_p_reg[97]/DSP_OUTPUT_INST/ALU_OUT[30] <- bd_i/layer_0/inst/u_core/u_dn/beta_r_reg[3][15]/C
EP  -0.119 xdma_0_axi_aclk        lvl=5   bd_i/layer_0/inst/u_core/u_dn/g_lane[97].dm_p_reg[97]/DSP_OUTPUT_INST/ALU_OUT[31] <- bd_i/layer_0/inst/u_core/u_dn/beta_r_reg[3][15]/C
EP  -0.119 xdma_0_axi_aclk        lvl=5   bd_i/layer_0/inst/u_core/u_dn/g_lane[97].dm_p_reg[97]/DSP_OUTPUT_INST/ALU_OUT[32] <- bd_i/layer_0/inst/u_core/u_dn/beta_r_reg[3][15]/C
EP  -0.119 xdma_0_axi_aclk        lvl=5   bd_i/layer_0/inst/u_core/u_dn/g_lane[97].dm_p_reg[97]/DSP_OUTPUT_INST/ALU_OUT[33] <- bd_i/layer_0/inst/u_core/u_dn/beta_r_reg[3][15]/C
EP  -0.119 xdma_0_axi_aclk        lvl=5   bd_i/layer_0/inst/u_core/u_dn/g_lane[97].dm_p_reg[97]/DSP_OUTPUT_INST/ALU_OUT[34] <- bd_i/layer_0/inst/u_core/u_dn/beta_r_reg[3][15]/C
EP  -0.119 xdma_0_axi_aclk        lvl=5   bd_i/layer_0/inst/u_core/u_dn/g_lane[97].dm_p_reg[97]/DSP_OUTPUT_INST/ALU_OUT[35] <- bd_i/layer_0/inst/u_core/u_dn/beta_r_reg[3][15]/C
EP  -0.119 xdma_0_axi_aclk        lvl=5   bd_i/layer_0/inst/u_core/u_dn/g_lane[97].dm_p_reg[97]/DSP_OUTPUT_INST/ALU_OUT[36] <- bd_i/layer_0/inst/u_core/u_dn/beta_r_reg[3][15]/C
EP  -0.119 xdma_0_axi_aclk        lvl=5   bd_i/layer_0/inst/u_core/u_dn/g_lane[97].dm_p_reg[97]/DSP_OUTPUT_INST/ALU_OUT[37] <- bd_i/layer_0/inst/u_core/u_dn/beta_r_reg[3][15]/C
EP  -0.119 xdma_0_axi_aclk        lvl=5   bd_i/layer_0/inst/u_core/u_dn/g_lane[97].dm_p_reg[97]/DSP_OUTPUT_INST/ALU_OUT[38] <- bd_i/layer_0/inst/u_core/u_dn/beta_r_reg[3][15]/C
EP  -0.119 xdma_0_axi_aclk        lvl=5   bd_i/layer_0/inst/u_core/u_dn/g_lane[97].dm_p_reg[97]/DSP_OUTPUT_INST/ALU_OUT[39] <- bd_i/layer_0/inst/u_core/u_dn/beta_r_reg[3][15]/C
EP  -0.119 xdma_0_axi_aclk        lvl=5   bd_i/layer_0/inst/u_core/u_dn/g_lane[97].dm_p_reg[97]/DSP_OUTPUT_INST/ALU_OUT[40] <- bd_i/layer_0/inst/u_core/u_dn/beta_r_reg[3][15]/C
EP  -0.119 xdma_0_axi_aclk        lvl=5   bd_i/layer_0/inst/u_core/u_dn/g_lane[97].dm_p_reg[97]/DSP_OUTPUT_INST/ALU_OUT[41] <- bd_i/layer_0/inst/u_core/u_dn/beta_r_reg[3][15]/C
EP  -0.119 xdma_0_axi_aclk        lvl=5   bd_i/layer_0/inst/u_core/u_dn/g_lane[97].dm_p_reg[97]/DSP_OUTPUT_INST/ALU_OUT[42] <- bd_i/layer_0/inst/u_core/u_dn/beta_r_reg[3][15]/C
EP  -0.119 xdma_0_axi_aclk        lvl=5   bd_i/layer_0/inst/u_core/u_dn/g_lane[97].dm_p_reg[97]/DSP_OUTPUT_INST/ALU_OUT[43] <- bd_i/layer_0/inst/u_core/u_dn/beta_r_reg[3][15]/C
EP  -0.119 xdma_0_axi_aclk        lvl=5   bd_i/layer_0/inst/u_core/u_dn/g_lane[97].dm_p_reg[97]/DSP_OUTPUT_INST/ALU_OUT[44] <- bd_i/layer_0/inst/u_core/u_dn/beta_r_reg[3][15]/C
EP  -0.119 xdma_0_axi_aclk        lvl=5   bd_i/layer_0/inst/u_core/u_dn/g_lane[97].dm_p_reg[97]/DSP_OUTPUT_INST/ALU_OUT[45] <- bd_i/layer_0/inst/u_core/u_dn/beta_r_reg[3][15]/C
EP  -0.119 xdma_0_axi_aclk        lvl=5   bd_i/layer_0/inst/u_core/u_dn/g_lane[97].dm_p_reg[97]/DSP_OUTPUT_INST/ALU_OUT[46] <- bd_i/layer_0/inst/u_core/u_dn/beta_r_reg[3][15]/C
EP  -0.119 xdma_0_axi_aclk        lvl=5   bd_i/layer_0/inst/u_core/u_dn/g_lane[97].dm_p_reg[97]/DSP_OUTPUT_INST/ALU_OUT[47] <- bd_i/layer_0/inst/u_core/u_dn/beta_r_reg[3][15]/C
EP  -0.119 xdma_0_axi_aclk        lvl=2   bd_i/layer_0/inst/u_core/g_kvslot[1].mem_reg_uram_25/CAS_IN_ADDR_A[8] <- bd_i/layer_0/inst/u_core/u_dma/slot_addr_reg[8]/C
EP  -0.119 xdma_0_axi_aclk        lvl=4   bd_i/layer_0/inst/u_core/smem_b_reg_bram_23/WEA[0] <- bd_i/layer_0/inst/u_core/cmd_op_reg[1]/C
EP  -0.118 xdma_0_axi_aclk        lvl=9   bd_i/layer_0/inst/u_core/u_dn/p_0_out__7__11/DSP_A_B_DATA_INST/A[26] <- bd_i/layer_0/inst/u_core/u_dn/g_lane[26].kvm_acc_reg[26]/DSP_OUTPUT_INST/CLK
EP  -0.118 xdma_0_axi_aclk        lvl=1   bd_i/layer_0/inst/u_core/u_dn/g_lane[71].dec_p_reg[71]/DSP_A_B_DATA_INST/A[10] <- bd_i/layer_0/inst/u_core/g_dnslot[1].mem_reg_uram_15/CLK
EP  -0.118 xdma_0_axi_aclk        lvl=7   bd_i/layer_0/inst/u_core/ci_reg[15]/CE <- bd_i/layer_0/inst/u_core/ci_reg[1]/C
EP  -0.118 xdma_0_axi_aclk        lvl=0   bd_i/layer_0/inst/u_core/u_dn/g_lane[87].kvm_acc_reg[87]/DSP_OUTPUT_INST/RSTP <- bd_i/layer_0/inst/u_core/u_dn/clr_r_reg[2]/C
EP  -0.118 xdma_0_axi_aclk        lvl=2   bd_i/layer_0/inst/u_core/u_attn/g_lane[191].pv_p_reg[191]_i_4_psdsp_1/D <- bd_i/layer_0/inst/u_core/g_kvslot[1].mem_reg_uram_42/CLK
EP  -0.117 xdma_0_axi_aclk        lvl=2   bd_i/layer_0/inst/u_core/u_attn/g_lane[234].prod_reg[234]/DSP_A_B_DATA_INST/B[8] <- bd_i/layer_0/inst/u_core/g_kvslot[1].mem_reg_uram_52/CLK
EP  -0.117 xdma_0_axi_aclk        lvl=2   bd_i/layer_0/inst/u_core/u_attn/g_lane[189].pv_p_reg[189]_i_3_psdsp/D <- bd_i/layer_0/inst/u_core/g_kvslot[0].mem_reg_uram_42/CLK
EP  -0.117 xdma_0_axi_aclk        lvl=1   bd_i/layer_0/inst/u_core/g_dnslot[0].mem_reg_uram_27/ADDR_A[3] <- bd_i/layer_0/inst/u_core/u_dma/slot_addr_reg[3]/C
EP  -0.117 xdma_0_axi_aclk        lvl=8   bd_i/layer_0/inst/u_core/u_dn/g_lane[107].kvm_acc_reg[107]/DSP_A_B_DATA_INST/A[27] <- bd_i/layer_0/inst/u_core/u_dn/g_lane[107].dec_p_reg[107]/DSP_OUTPUT_INST/CLK
EP  -0.116 xdma_0_axi_aclk        lvl=2   bd_i/layer_0/inst/u_core/u_attn/g_lane[190].pv_p_reg[190]_i_7_psdsp/D <- bd_i/layer_0/inst/u_core/g_kvslot[0].mem_reg_uram_42/CLK
EP  -0.116 xdma_0_axi_aclk        lvl=2   bd_i/axi_smc/inst/s02_entry_pipeline/s02_mmu/inst/FSM_onehot_gen_endpoint.r_state_reg[3]_rep_replica_5/CE <- bd_i/axi_smc/inst/s02_entry_pipeline/s02_mmu/inst/r_sreg/state_reg[s_ready_i]/C
EP  -0.116 xdma_0_axi_aclk        lvl=5   bd_i/layer_0/inst/u_core/u_dn/p_1_out__7__15/DSP_A_B_DATA_INST/A[26] <- bd_i/layer_0/inst/u_core/u_dn/p_1_out__6__16/DSP_OUTPUT_INST/CLK
EP  -0.116 xdma_0_axi_aclk        lvl=2   bd_i/layer_0/inst/u_core/u_attn/g_lane[38].pv_p_reg[38]_i_8_psdsp/D <- bd_i/layer_0/inst/u_core/g_kvslot[0].mem_reg_uram_8/CLK
EP  -0.116 xdma_0_axi_aclk        lvl=9   bd_i/layer_0/inst/u_core/u_dn/p_1_out__5__11/DSP_A_B_DATA_INST/A[26] <- bd_i/layer_0/inst/u_core/u_dn/g_lane[111].kvm_acc_reg[111]/DSP_OUTPUT_INST/CLK
EP  -0.115 xdma_0_axi_aclk        lvl=2   bd_i/layer_0/inst/u_core/u_attn/g_lane[39].pv_p_reg[39]_i_6_psdsp/D <- bd_i/layer_0/inst/u_core/g_kvslot[0].mem_reg_uram_8/CLK
EP  -0.115 xdma_0_axi_aclk        lvl=7   bd_i/layer_0/inst/u_core/u_attn/dot_reg[34]/D <- bd_i/layer_0/inst/u_core/u_attn/g_ps64[3].psum16_reg[3][13]/C
EP  -0.115 xdma_0_axi_aclk        lvl=2   bd_i/layer_0/inst/u_core/u_attn/g_lane[39].pv_p_reg[39]_i_5_psdsp/D <- bd_i/layer_0/inst/u_core/g_kvslot[0].mem_reg_uram_8/CLK
EP  -0.115 xdma_0_axi_aclk        lvl=0   bd_i/layer_0/inst/u_core/u_dn/p_1_out__6__3/DSP_PREADD_DATA_INST/DIN[12] <- bd_i/layer_0/inst/u_core/u_dn/vdata_q_reg[12]_rep__1/C
EP  -0.115 xdma_0_axi_aclk        lvl=2   bd_i/layer_0/inst/u_core/u_attn/g_lane[18].pv_p_reg[18]_i_1_psdsp_1/D <- bd_i/layer_0/inst/u_core/g_kvslot[1].mem_reg_uram_4/CLK
EP  -0.115 xdma_0_axi_aclk        lvl=2   bd_i/layer_0/inst/u_core/u_dn/g_lane[28].o_acc_reg[28]/DSP_A_B_DATA_INST/B[9] <- bd_i/layer_0/inst/u_core/u_dn/row_reg[0]/C
EP  -0.114 xdma_0_axi_aclk        lvl=3   bd_i/layer_0/inst/u_core/smem_b_reg_bram_22/ADDRARDADDR[3] <- bd_i/layer_0/inst/u_core/cmd_op_reg[1]/C
EP  -0.114 xdma_0_axi_aclk        lvl=2   bd_i/layer_0/inst/u_core/u_dn/g_lane[27].o_acc_reg[27]/DSP_A_B_DATA_INST/B[2] <- bd_i/layer_0/inst/u_core/u_dn/row_reg[4]/C
EP  -0.114 xdma_0_axi_aclk        lvl=2   bd_i/layer_0/inst/u_core/u_attn/g_lane[23].pv_p_reg[23]_i_3_psdsp_1/D <- bd_i/layer_0/inst/u_core/g_kvslot[1].mem_reg_uram_4/CLK
EP  -0.114 xdma_0_axi_aclk        lvl=5   bd_i/layer_0/inst/u_core/u_attn/dot_reg[23]/D <- bd_i/layer_0/inst/u_core/u_attn/g_ps64[3].psum16_reg[3][13]/C
EP  -0.114 xdma_0_axi_aclk        lvl=0   bd_i/layer_0/inst/u_core/u_dn/p_1_out__7__4/DSP_PREADD_DATA_INST/DIN[18] <- bd_i/layer_0/inst/u_core/u_dn/vdata_q_reg[18]_rep__4/C
EP  -0.113 xdma_0_axi_aclk        lvl=2   bd_i/layer_0/inst/u_core/u_dn/g_lane[0].o_acc_reg[0]/DSP_A_B_DATA_INST/B[9] <- bd_i/layer_0/inst/u_core/u_dn/row_reg[0]/C
EP  -0.113 xdma_0_axi_aclk        lvl=2   bd_i/layer_0/inst/u_core/u_attn/g_lane[18].pv_p_reg[18]_i_1_psdsp/D <- bd_i/layer_0/inst/u_core/g_kvslot[1].mem_reg_uram_4/CLK
EP  -0.113 xdma_0_axi_aclk        lvl=0   bd_i/layer_0/inst/u_core/u_attn/g_lane[199].prod_reg[199]/DSP_A_B_DATA_INST/A[23] <- bd_i/layer_0/inst/u_core/at_qdata_reg[15]_replica_17/C
EP  -0.113 xdma_0_axi_aclk        lvl=2   bd_i/layer_0/inst/u_core/u_attn/g_lane[39].pv_p_reg[39]_i_4_psdsp/D <- bd_i/layer_0/inst/u_core/g_kvslot[0].mem_reg_uram_8/CLK
EP  -0.113 xdma_0_axi_aclk        lvl=2   bd_i/layer_0/inst/u_core/krow_reg[1278]/D <- bd_i/layer_0/inst/u_core/kb_i_reg[2]/C
EP  -0.113 xdma_0_axi_aclk        lvl=5   bd_i/layer_0/inst/u_core/u_attn/dot_reg[21]/D <- bd_i/layer_0/inst/u_core/u_attn/g_ps64[3].psum16_reg[3][13]/C
EP  -0.113 xdma_0_axi_aclk        lvl=6   bd_i/layer_0/inst/u_core/u_attn/dot_reg[25]/D <- bd_i/layer_0/inst/u_core/u_attn/g_ps64[3].psum16_reg[3][13]/C
EP  -0.113 xdma_0_axi_aclk        lvl=2   bd_i/layer_0/inst/u_core/u_attn/g_lane[126].prod_reg[126]/DSP_A_B_DATA_INST/B[5] <- bd_i/layer_0/inst/u_core/g_kvslot[1].mem_reg_uram_28/CLK
EP  -0.113 xdma_0_axi_aclk        lvl=2   bd_i/layer_0/inst/u_core/u_attn/g_lane[161].pv_p_reg[161]/DSP_A_B_DATA_INST/A[0] <- bd_i/layer_0/inst/u_core/g_kvslot[1].mem_reg_uram_34/CLK
EP  -0.112 xdma_0_axi_aclk        lvl=2   bd_i/layer_0/inst/u_core/u_attn/g_lane[70].pv_p_reg[70]/DSP_A_B_DATA_INST/A[9] <- bd_i/layer_0/inst/u_core/g_kvslot[0].mem_reg_uram_14/CLK
EP  -0.112 xdma_0_axi_aclk        lvl=6   bd_i/layer_0/inst/u_core/u_dn/p_0_out__23__0/DSP_A_B_DATA_INST/A[5] <- bd_i/layer_0/inst/u_core/u_dn/g_lane[93].kvm_acc_reg[93]/DSP_OUTPUT_INST/CLK
EP  -0.112 xdma_0_axi_aclk        lvl=2   bd_i/layer_0/inst/u_core/u_attn/g_lane[101].pv_p_reg[101]/DSP_A_B_DATA_INST/A[12] <- bd_i/layer_0/inst/u_core/g_kvslot[0].mem_reg_uram_22/CLK
EP  -0.112 xdma_0_axi_aclk        lvl=2   bd_i/layer_0/inst/u_core/u_attn/g_lane[41].pv_p_reg[41]_i_8_psdsp_1/D <- bd_i/layer_0/inst/u_core/g_kvslot[0].mem_reg_uram_8/CLK
EP  -0.112 xdma_0_axi_aclk        lvl=5   bd_i/layer_0/inst/u_core/u_dn/p_0_out__3__13/DSP_A_B_DATA_INST/A[23] <- bd_i/layer_0/inst/u_core/u_dn/p_1_out__6__16/DSP_OUTPUT_INST/CLK
EP  -0.111 xdma_0_axi_aclk        lvl=9   bd_i/layer_0/inst/u_core/u_dn/p_0_out__0__18/DSP_A_B_DATA_INST/A[21] <- bd_i/layer_0/inst/u_core/u_dn/g_lane[28].kvm_acc_reg[28]/DSP_OUTPUT_INST/CLK
EP  -0.111 xdma_0_axi_aclk        lvl=4   bd_i/layer_0/inst/u_core/u_dma/fmem_reg_0_255_462_462/SP.B/I <- bd_i/layer_0/inst/u_core/kv_dmaq_reg[1998]/C
EP  -0.111 xdma_0_axi_aclk        lvl=1   bd_i/layer_0/inst/u_core/cs_wd_reg[32]/D <- bd_i/layer_0/inst/u_core/smem_a_reg_bram_0/CLKBWRCLK
EP  -0.111 xdma_0_axi_aclk        lvl=2   bd_i/layer_0/inst/u_core/u_dn/g_lane[6].o_acc_reg[6]/DSP_A_B_DATA_INST/B[9] <- bd_i/layer_0/inst/u_core/u_dn/row_reg[0]/C
EP  -0.111 xdma_0_axi_aclk        lvl=4   bd_i/layer_0/inst/u_core/u_dma/fmem_reg_0_255_298_298/DP.D/I <- bd_i/layer_0/inst/u_core/u_dma/rp_esub_reg[2][1]__0/C
EP  -0.111 xdma_0_axi_aclk        lvl=2   bd_i/layer_0/inst/u_core/u_attn/g_lane[41].pv_p_reg[41]_i_8_psdsp/D <- bd_i/layer_0/inst/u_core/g_kvslot[0].mem_reg_uram_8/CLK
EP  -0.110 xdma_0_axi_aclk        lvl=2   bd_i/layer_0/inst/u_core/u_attn/g_lane[44].prod_reg[44]_i_7_psdsp_1/D <- bd_i/layer_0/inst/u_core/g_kvslot[0].mem_reg_uram_8/CLK
EP  -0.110 xdma_0_axi_aclk        lvl=2   bd_i/layer_0/inst/u_core/u_attn/g_lane[103].pv_p_reg[103]/DSP_A_B_DATA_INST/A[3] <- bd_i/layer_0/inst/u_core/g_kvslot[0].mem_reg_uram_22/CLK
EP  -0.110 xdma_0_axi_aclk        lvl=2   bd_i/layer_0/inst/u_core/u_attn/g_lane[82].pv_p_reg[82]/DSP_A_B_DATA_INST/A[13] <- bd_i/layer_0/inst/u_core/g_kvslot[0].mem_reg_uram_18/CLK
EP  -0.110 xdma_0_axi_aclk        lvl=2   bd_i/layer_0/inst/u_core/u_attn/g_lane[82].pv_p_reg[82]/DSP_A_B_DATA_INST/A[24] <- bd_i/layer_0/inst/u_core/g_kvslot[0].mem_reg_uram_18/CLK
EP  -0.110 xdma_0_axi_aclk        lvl=2   bd_i/layer_0/inst/u_core/u_attn/g_lane[36].pv_p_reg[36]_i_3_psdsp_1/D <- bd_i/layer_0/inst/u_core/g_kvslot[0].mem_reg_uram_8/CLK
EP  -0.110 xdma_0_axi_aclk        lvl=4   bd_i/axi_smc/inst/s02_entry_pipeline/s02_si_converter/inst/converter.wrap_narrow_inst/w_subst_mask_reg[63]/D <- bd_i/axi_smc/inst/s02_entry_pipeline/s02_si_converter/inst/converter.wrap_narrow_inst/w_pack_pointer_reg[1]/C
EP  -0.109 xdma_0_axi_aclk        lvl=2   bd_i/layer_0/inst/u_core/u_attn/g_lane[20].pv_p_reg[20]_i_3_psdsp_1/D <- bd_i/layer_0/inst/u_core/g_kvslot[1].mem_reg_uram_4/CLK
EP  -0.109 xdma_0_axi_aclk        lvl=2   bd_i/layer_0/inst/u_core/g_kvslot[1].mem_reg_uram_13/CAS_IN_DIN_B[12] <- bd_i/layer_0/inst/u_core/dma_act_reg_rep__18/C
EP  -0.109 xdma_0_axi_aclk        lvl=2   bd_i/layer_0/inst/u_core/u_dn/g_lane[5].o_acc_reg[5]/DSP_A_B_DATA_INST/B[16] <- bd_i/layer_0/inst/u_core/u_dn/row_reg[1]/C
EP  -0.109 xdma_0_axi_aclk        lvl=4   bd_i/layer_0/inst/u_core/krow_reg[1360]/D <- bd_i/layer_0/inst/u_core/kb_i_reg[2]/C
EP  -0.109 xdma_0_axi_aclk        lvl=5   bd_i/layer_0/inst/u_core/u_dn/p_0_out__14__2/DSP_OUTPUT_INST/ALU_OUT[14] <- bd_i/layer_0/inst/u_core/u_dn/beta_r_reg[3][15]/C
EP  -0.109 xdma_0_axi_aclk        lvl=5   bd_i/layer_0/inst/u_core/u_dn/p_0_out__14__2/DSP_OUTPUT_INST/ALU_OUT[15] <- bd_i/layer_0/inst/u_core/u_dn/beta_r_reg[3][15]/C
EP  -0.109 xdma_0_axi_aclk        lvl=5   bd_i/layer_0/inst/u_core/u_dn/p_0_out__14__2/DSP_OUTPUT_INST/ALU_OUT[16] <- bd_i/layer_0/inst/u_core/u_dn/beta_r_reg[3][15]/C
EP  -0.109 xdma_0_axi_aclk        lvl=5   bd_i/layer_0/inst/u_core/u_dn/p_0_out__14__2/DSP_OUTPUT_INST/ALU_OUT[17] <- bd_i/layer_0/inst/u_core/u_dn/beta_r_reg[3][15]/C
EP  -0.109 xdma_0_axi_aclk        lvl=5   bd_i/layer_0/inst/u_core/u_dn/p_0_out__14__2/DSP_OUTPUT_INST/ALU_OUT[18] <- bd_i/layer_0/inst/u_core/u_dn/beta_r_reg[3][15]/C
EP  -0.109 xdma_0_axi_aclk        lvl=5   bd_i/layer_0/inst/u_core/u_dn/p_0_out__14__2/DSP_OUTPUT_INST/ALU_OUT[19] <- bd_i/layer_0/inst/u_core/u_dn/beta_r_reg[3][15]/C
EP  -0.109 xdma_0_axi_aclk        lvl=5   bd_i/layer_0/inst/u_core/u_dn/p_0_out__14__2/DSP_OUTPUT_INST/ALU_OUT[20] <- bd_i/layer_0/inst/u_core/u_dn/beta_r_reg[3][15]/C
EP  -0.109 xdma_0_axi_aclk        lvl=5   bd_i/layer_0/inst/u_core/u_dn/p_0_out__14__2/DSP_OUTPUT_INST/ALU_OUT[21] <- bd_i/layer_0/inst/u_core/u_dn/beta_r_reg[3][15]/C
EP  -0.109 xdma_0_axi_aclk        lvl=5   bd_i/layer_0/inst/u_core/u_dn/p_0_out__14__2/DSP_OUTPUT_INST/ALU_OUT[22] <- bd_i/layer_0/inst/u_core/u_dn/beta_r_reg[3][15]/C
EP  -0.109 xdma_0_axi_aclk        lvl=5   bd_i/layer_0/inst/u_core/u_dn/p_0_out__14__2/DSP_OUTPUT_INST/ALU_OUT[23] <- bd_i/layer_0/inst/u_core/u_dn/beta_r_reg[3][15]/C
EP  -0.109 xdma_0_axi_aclk        lvl=5   bd_i/layer_0/inst/u_core/u_dn/p_0_out__14__2/DSP_OUTPUT_INST/ALU_OUT[24] <- bd_i/layer_0/inst/u_core/u_dn/beta_r_reg[3][15]/C
EP  -0.109 xdma_0_axi_aclk        lvl=5   bd_i/layer_0/inst/u_core/u_dn/p_0_out__14__2/DSP_OUTPUT_INST/ALU_OUT[25] <- bd_i/layer_0/inst/u_core/u_dn/beta_r_reg[3][15]/C
EP  -0.109 xdma_0_axi_aclk        lvl=5   bd_i/layer_0/inst/u_core/u_dn/p_0_out__14__2/DSP_OUTPUT_INST/ALU_OUT[26] <- bd_i/layer_0/inst/u_core/u_dn/beta_r_reg[3][15]/C
EP  -0.109 xdma_0_axi_aclk        lvl=5   bd_i/layer_0/inst/u_core/u_dn/p_0_out__14__2/DSP_OUTPUT_INST/ALU_OUT[27] <- bd_i/layer_0/inst/u_core/u_dn/beta_r_reg[3][15]/C
EP  -0.109 xdma_0_axi_aclk        lvl=5   bd_i/layer_0/inst/u_core/u_dn/p_0_out__14__2/DSP_OUTPUT_INST/ALU_OUT[28] <- bd_i/layer_0/inst/u_core/u_dn/beta_r_reg[3][15]/C
EP  -0.109 xdma_0_axi_aclk        lvl=5   bd_i/layer_0/inst/u_core/u_dn/p_0_out__14__2/DSP_OUTPUT_INST/ALU_OUT[29] <- bd_i/layer_0/inst/u_core/u_dn/beta_r_reg[3][15]/C
EP  -0.109 xdma_0_axi_aclk        lvl=5   bd_i/layer_0/inst/u_core/u_dn/p_0_out__14__2/DSP_OUTPUT_INST/ALU_OUT[30] <- bd_i/layer_0/inst/u_core/u_dn/beta_r_reg[3][15]/C
EP  -0.109 xdma_0_axi_aclk        lvl=5   bd_i/layer_0/inst/u_core/u_dn/p_0_out__14__2/DSP_OUTPUT_INST/ALU_OUT[31] <- bd_i/layer_0/inst/u_core/u_dn/beta_r_reg[3][15]/C
EP  -0.109 xdma_0_axi_aclk        lvl=5   bd_i/layer_0/inst/u_core/u_dn/p_0_out__14__2/DSP_OUTPUT_INST/ALU_OUT[32] <- bd_i/layer_0/inst/u_core/u_dn/beta_r_reg[3][15]/C
EP  -0.109 xdma_0_axi_aclk        lvl=5   bd_i/layer_0/inst/u_core/u_dn/p_0_out__14__2/DSP_OUTPUT_INST/ALU_OUT[33] <- bd_i/layer_0/inst/u_core/u_dn/beta_r_reg[3][15]/C
EP  -0.109 xdma_0_axi_aclk        lvl=5   bd_i/layer_0/inst/u_core/u_dn/p_0_out__14__2/DSP_OUTPUT_INST/ALU_OUT[34] <- bd_i/layer_0/inst/u_core/u_dn/beta_r_reg[3][15]/C
EP  -0.109 xdma_0_axi_aclk        lvl=5   bd_i/layer_0/inst/u_core/u_dn/p_0_out__14__2/DSP_OUTPUT_INST/ALU_OUT[35] <- bd_i/layer_0/inst/u_core/u_dn/beta_r_reg[3][15]/C
EP  -0.109 xdma_0_axi_aclk        lvl=5   bd_i/layer_0/inst/u_core/u_dn/p_0_out__14__2/DSP_OUTPUT_INST/ALU_OUT[36] <- bd_i/layer_0/inst/u_core/u_dn/beta_r_reg[3][15]/C
EP  -0.109 xdma_0_axi_aclk        lvl=5   bd_i/layer_0/inst/u_core/u_dn/p_0_out__14__2/DSP_OUTPUT_INST/ALU_OUT[37] <- bd_i/layer_0/inst/u_core/u_dn/beta_r_reg[3][15]/C
EP  -0.109 xdma_0_axi_aclk        lvl=5   bd_i/layer_0/inst/u_core/u_dn/p_0_out__14__2/DSP_OUTPUT_INST/ALU_OUT[38] <- bd_i/layer_0/inst/u_core/u_dn/beta_r_reg[3][15]/C
EP  -0.109 xdma_0_axi_aclk        lvl=5   bd_i/layer_0/inst/u_core/u_dn/p_0_out__14__2/DSP_OUTPUT_INST/ALU_OUT[39] <- bd_i/layer_0/inst/u_core/u_dn/beta_r_reg[3][15]/C
EP  -0.109 xdma_0_axi_aclk        lvl=5   bd_i/layer_0/inst/u_core/u_dn/p_0_out__14__2/DSP_OUTPUT_INST/ALU_OUT[40] <- bd_i/layer_0/inst/u_core/u_dn/beta_r_reg[3][15]/C
EP  -0.109 xdma_0_axi_aclk        lvl=5   bd_i/layer_0/inst/u_core/u_dn/p_0_out__14__2/DSP_OUTPUT_INST/ALU_OUT[41] <- bd_i/layer_0/inst/u_core/u_dn/beta_r_reg[3][15]/C
EP  -0.109 xdma_0_axi_aclk        lvl=5   bd_i/layer_0/inst/u_core/u_dn/p_0_out__14__2/DSP_OUTPUT_INST/ALU_OUT[42] <- bd_i/layer_0/inst/u_core/u_dn/beta_r_reg[3][15]/C
EP  -0.109 xdma_0_axi_aclk        lvl=5   bd_i/layer_0/inst/u_core/u_dn/p_0_out__14__2/DSP_OUTPUT_INST/ALU_OUT[43] <- bd_i/layer_0/inst/u_core/u_dn/beta_r_reg[3][15]/C
EP  -0.109 xdma_0_axi_aclk        lvl=5   bd_i/layer_0/inst/u_core/u_dn/p_0_out__14__2/DSP_OUTPUT_INST/ALU_OUT[44] <- bd_i/layer_0/inst/u_core/u_dn/beta_r_reg[3][15]/C
EP  -0.109 xdma_0_axi_aclk        lvl=5   bd_i/layer_0/inst/u_core/u_dn/p_0_out__14__2/DSP_OUTPUT_INST/ALU_OUT[45] <- bd_i/layer_0/inst/u_core/u_dn/beta_r_reg[3][15]/C
EP  -0.109 xdma_0_axi_aclk        lvl=5   bd_i/layer_0/inst/u_core/u_dn/p_0_out__14__2/DSP_OUTPUT_INST/ALU_OUT[46] <- bd_i/layer_0/inst/u_core/u_dn/beta_r_reg[3][15]/C
EP  -0.109 xdma_0_axi_aclk        lvl=5   bd_i/layer_0/inst/u_core/u_dn/p_0_out__14__2/DSP_OUTPUT_INST/ALU_OUT[47] <- bd_i/layer_0/inst/u_core/u_dn/beta_r_reg[3][15]/C
EP  -0.109 xdma_0_axi_aclk        lvl=4   bd_i/layer_0/inst/u_core/u_dma/fmem_reg_0_255_353_353/DP.D/I <- bd_i/layer_0/inst/u_core/u_dma/rp_esub_reg[2][1]__0/C
EP  -0.109 xdma_0_axi_aclk        lvl=4   bd_i/layer_0/inst/u_core/u_dn/p_0_out__3__13/DSP_A_B_DATA_INST/A[16] <- bd_i/layer_0/inst/u_core/u_dn/p_1_out__6__16/DSP_OUTPUT_INST/CLK
EP  -0.108 xdma_0_axi_aclk        lvl=2   bd_i/layer_0/inst/u_core/u_attn/g_lane[173].prod_reg[173]/DSP_A_B_DATA_INST/B[1] <- bd_i/layer_0/inst/u_core/g_kvslot[0].mem_reg_uram_38/CLK
EP  -0.108 xdma_0_axi_aclk        lvl=2   bd_i/layer_0/inst/u_core/u_dn/g_lane[5].o_acc_reg[5]/DSP_A_B_DATA_INST/B[17] <- bd_i/layer_0/inst/u_core/u_dn/row_reg[1]/C
EP  -0.108 xdma_0_axi_aclk        lvl=0   bd_i/layer_0/inst/u_core/u_dn/vdata_q_reg[11]_rep__2_replica/D <- bd_i/layer_0/inst/u_core/dn_vdata_reg[11]/C
EP  -0.108 xdma_0_axi_aclk        lvl=2   bd_i/layer_0/inst/u_core/u_attn/g_lane[43].prod_reg[43]_i_3_psdsp_1/D <- bd_i/layer_0/inst/u_core/g_kvslot[0].mem_reg_uram_8/CLK
EP  -0.108 xdma_0_axi_aclk        lvl=2   bd_i/layer_0/inst/u_core/krow_reg[1753]/CE <- bd_i/layer_0/inst/u_core/kb_i_reg[2]/C
EP  -0.108 xdma_0_axi_aclk        lvl=2   bd_i/layer_0/inst/u_core/krow_reg[1754]/CE <- bd_i/layer_0/inst/u_core/kb_i_reg[2]/C
EP  -0.108 xdma_0_axi_aclk        lvl=2   bd_i/layer_0/inst/u_core/u_attn/g_lane[187].pv_p_reg[187]/DSP_A_B_DATA_INST/A[1] <- bd_i/layer_0/inst/u_core/g_kvslot[1].mem_reg_uram_40/CLK
EP  -0.108 xdma_0_axi_aclk        lvl=4   bd_i/layer_0/inst/u_core/u_dma/fmem_reg_0_255_415_415/SP.C/I <- bd_i/layer_0/inst/u_core/u_dma/rp_esub_reg[2][1]__0/C
EP  -0.107 xdma_0_axi_aclk        lvl=2   bd_i/layer_0/inst/u_core/u_dn/g_lane[117].kvm_acc_reg[117]/DSP_A_B_DATA_INST/B[14] <- bd_i/layer_0/inst/u_core/u_dn/row_reg[3]/C
EP  -0.107 xdma_0_axi_aclk        lvl=1   bd_i/layer_0/inst/u_core/u_dn/g_lane[72].dec_p_reg[72]/DSP_A_B_DATA_INST/A[1] <- bd_i/layer_0/inst/u_core/g_dnslot[0].mem_reg_uram_16/CLK
EP  -0.107 xdma_0_axi_aclk        lvl=2   bd_i/layer_0/inst/u_core/u_attn/g_lane[101].pv_p_reg[101]/DSP_A_B_DATA_INST/A[13] <- bd_i/layer_0/inst/u_core/g_kvslot[0].mem_reg_uram_22/CLK
EP  -0.107 xdma_0_axi_aclk        lvl=8   bd_i/layer_0/inst/u_core/u_dn/g_lane[38].sf_row_reg[38][14]/R <- bd_i/layer_0/inst/u_core/u_dn/p_0_out__27/DSP_OUTPUT_INST/CLK
EP  -0.107 xdma_0_axi_aclk        lvl=8   bd_i/layer_0/inst/u_core/u_dn/g_lane[38].sf_row_reg[38][4]/R <- bd_i/layer_0/inst/u_core/u_dn/p_0_out__27/DSP_OUTPUT_INST/CLK
EP  -0.107 xdma_0_axi_aclk        lvl=8   bd_i/layer_0/inst/u_core/u_dn/g_lane[38].sf_row_reg[38][5]/R <- bd_i/layer_0/inst/u_core/u_dn/p_0_out__27/DSP_OUTPUT_INST/CLK
EP  -0.107 xdma_0_axi_aclk        lvl=8   bd_i/layer_0/inst/u_core/u_dn/g_lane[38].sf_row_reg[38][8]/R <- bd_i/layer_0/inst/u_core/u_dn/p_0_out__27/DSP_OUTPUT_INST/CLK
EP  -0.107 xdma_0_axi_aclk        lvl=8   bd_i/layer_0/inst/u_core/u_dn/g_lane[38].sf_row_reg[38][9]/R <- bd_i/layer_0/inst/u_core/u_dn/p_0_out__27/DSP_OUTPUT_INST/CLK
EP  -0.107 xdma_0_axi_aclk        lvl=2   bd_i/layer_0/inst/u_core/u_dn/g_lane[5].o_acc_reg[5]/DSP_A_B_DATA_INST/B[10] <- bd_i/layer_0/inst/u_core/u_dn/row_reg[0]/C
EP  -0.107 xdma_0_axi_aclk        lvl=2   bd_i/layer_0/inst/u_core/g_dnslot[0].mem_reg_uram_27/ADDR_A[1] <- bd_i/layer_0/inst/u_core/dma_kind_reg[0]_replica_16/C
EP  -0.107 xdma_0_axi_aclk        lvl=2   bd_i/layer_0/inst/u_core/u_attn/g_lane[64].prod_reg[64]/DSP_A_B_DATA_INST/B[17] <- bd_i/layer_0/inst/u_core/g_kvslot[0].mem_reg_uram_14/CLK
EP  -0.107 xdma_0_axi_aclk        lvl=4   bd_i/layer_0/inst/u_core/u_dma/fmem_reg_0_255_493_493/SP.A/I <- bd_i/layer_0/inst/u_core/kv_dmaq_reg[1005]/C
EP  -0.107 xdma_0_axi_aclk        lvl=14  bd_i/layer_0/inst/u_core/u_alu/r_res_reg[7]/D <- bd_i/layer_0/inst/u_core/u_alu/op_q_reg[0]_rep__0/C
EP  -0.107 xdma_0_axi_aclk        lvl=0   bd_i/layer_0/inst/u_core/u_dn/p_1_out__6__16/DSP_PREADD_DATA_INST/DIN[9] <- bd_i/layer_0/inst/u_core/u_dn/vdata_q_reg[9]_rep__9/C
EP  -0.106 xdma_0_axi_aclk        lvl=2   bd_i/layer_0/inst/u_core/u_attn/g_lane[182].pv_p_reg[182]/DSP_A_B_DATA_INST/A[7] <- bd_i/layer_0/inst/u_core/g_kvslot[1].mem_reg_uram_40/CLK
EP  -0.106 xdma_0_axi_aclk        lvl=2   bd_i/layer_0/inst/u_core/u_dn/g_lane[5].o_acc_reg[5]/DSP_A_B_DATA_INST/B[15] <- bd_i/layer_0/inst/u_core/u_dn/row_reg[1]/C
EP  -0.106 xdma_0_axi_aclk        lvl=14  bd_i/layer_0/inst/u_core/u_alu/r_res_reg[12]/D <- bd_i/layer_0/inst/u_core/u_alu/op_q_reg[0]_rep__0/C
EP  -0.106 xdma_0_axi_aclk        lvl=2   bd_i/layer_0/inst/u_core/g_dnslot[0].mem_reg_uram_27/ADDR_B[3] <- bd_i/layer_0/inst/u_core/dma_act_reg_rep__31/C
EP  -0.106 xdma_0_axi_aclk        lvl=4   bd_i/layer_0/inst/u_core/krow_reg[1506]/D <- bd_i/layer_0/inst/u_core/kb_i_reg[2]/C
EP  -0.105 xdma_0_axi_aclk        lvl=5   bd_i/layer_0/inst/u_core/u_dma/fmem_reg_0_255_359_359/SP.A/I <- bd_i/layer_0/inst/u_core/u_dma/x_store_reg/C
EP  -0.105 xdma_0_axi_aclk        lvl=2   bd_i/layer_0/inst/u_core/u_attn/g_lane[20].pv_p_reg[20]_i_3_psdsp/D <- bd_i/layer_0/inst/u_core/g_kvslot[1].mem_reg_uram_4/CLK
EP  -0.105 xdma_0_axi_aclk        lvl=2   bd_i/layer_0/inst/u_core/u_attn/g_lane[191].pv_p_reg[191]_i_4_psdsp/D <- bd_i/layer_0/inst/u_core/g_kvslot[1].mem_reg_uram_42/CLK
EP  -0.105 xdma_0_axi_aclk        lvl=8   bd_i/layer_0/inst/u_core/u_dn/g_lane[38].sf_row_reg[38][0]/R <- bd_i/layer_0/inst/u_core/u_dn/p_0_out__27/DSP_OUTPUT_INST/CLK
EP  -0.105 xdma_0_axi_aclk        lvl=8   bd_i/layer_0/inst/u_core/u_dn/g_lane[38].sf_row_reg[38][1]/R <- bd_i/layer_0/inst/u_core/u_dn/p_0_out__27/DSP_OUTPUT_INST/CLK
EP  -0.105 xdma_0_axi_aclk        lvl=6   bd_i/layer_0/inst/u_core/u_attn/dot_reg[26]/D <- bd_i/layer_0/inst/u_core/u_attn/g_ps64[3].psum16_reg[3][13]/C
EP  -0.105 xdma_0_axi_aclk        lvl=3   bd_i/layer_0/inst/u_core/krow_reg[718]/D <- bd_i/layer_0/inst/u_core/kb_i_reg[2]/C
EP  -0.105 xdma_0_axi_aclk        lvl=9   bd_i/layer_0/inst/u_core/u_dma/fmem_reg_0_255_434_434/SP.C/I <- bd_i/layer_0/inst/u_core/u_dma/f_rp_reg[0]/C
EP  -0.105 xdma_0_axi_aclk        lvl=4   bd_i/layer_0/inst/u_core/u_dma/fmem_reg_0_255_415_415/SP.B/I <- bd_i/layer_0/inst/u_core/u_dma/rp_esub_reg[2][1]__0/C
EP  -0.104 xdma_0_axi_aclk        lvl=9   bd_i/layer_0/inst/u_core/u_dn/p_0_out__3__11/DSP_A_B_DATA_INST/A[24] <- bd_i/layer_0/inst/u_core/u_dn/g_lane[34].kvm_acc_reg[34]/DSP_OUTPUT_INST/CLK
EP  -0.104 xdma_0_axi_aclk        lvl=11  bd_i/layer_0/inst/u_core/u_alu/ps_rnd_reg[27]/D <- bd_i/layer_0/inst/u_core/u_alu/maxp_reg[36]/C
EP  -0.104 xdma_0_axi_aclk        lvl=3   bd_i/layer_0/inst/u_core/smem_a_reg_bram_15/ADDRARDADDR[8] <- bd_i/layer_0/inst/u_core/cmd_op_reg[1]/C
EP  -0.104 xdma_0_axi_aclk        lvl=2   bd_i/layer_0/inst/u_core/u_attn/g_lane[67].prod_reg[67]/DSP_A_B_DATA_INST/B[6] <- bd_i/layer_0/inst/u_core/g_kvslot[0].mem_reg_uram_14/CLK
EP  -0.103 xdma_0_axi_aclk        lvl=5   bd_i/layer_0/inst/u_core/u_dn/g_lane[2].dec_p_reg[2]/DSP_OUTPUT_INST/ALU_OUT[10] <- bd_i/layer_0/inst/u_core/u_dn/decay_r_reg[0][11]/C
EP  -0.103 xdma_0_axi_aclk        lvl=5   bd_i/layer_0/inst/u_core/u_dn/g_lane[2].dec_p_reg[2]/DSP_OUTPUT_INST/ALU_OUT[11] <- bd_i/layer_0/inst/u_core/u_dn/decay_r_reg[0][11]/C
EP  -0.103 xdma_0_axi_aclk        lvl=5   bd_i/layer_0/inst/u_core/u_dn/g_lane[2].dec_p_reg[2]/DSP_OUTPUT_INST/ALU_OUT[12] <- bd_i/layer_0/inst/u_core/u_dn/decay_r_reg[0][11]/C
EP  -0.103 xdma_0_axi_aclk        lvl=5   bd_i/layer_0/inst/u_core/u_dn/g_lane[2].dec_p_reg[2]/DSP_OUTPUT_INST/ALU_OUT[13] <- bd_i/layer_0/inst/u_core/u_dn/decay_r_reg[0][11]/C
EP  -0.103 xdma_0_axi_aclk        lvl=5   bd_i/layer_0/inst/u_core/u_dn/g_lane[2].dec_p_reg[2]/DSP_OUTPUT_INST/ALU_OUT[14] <- bd_i/layer_0/inst/u_core/u_dn/decay_r_reg[0][11]/C
EP  -0.103 xdma_0_axi_aclk        lvl=5   bd_i/layer_0/inst/u_core/u_dn/g_lane[2].dec_p_reg[2]/DSP_OUTPUT_INST/ALU_OUT[15] <- bd_i/layer_0/inst/u_core/u_dn/decay_r_reg[0][11]/C
EP  -0.103 xdma_0_axi_aclk        lvl=5   bd_i/layer_0/inst/u_core/u_dn/g_lane[2].dec_p_reg[2]/DSP_OUTPUT_INST/ALU_OUT[16] <- bd_i/layer_0/inst/u_core/u_dn/decay_r_reg[0][11]/C
EP  -0.103 xdma_0_axi_aclk        lvl=5   bd_i/layer_0/inst/u_core/u_dn/g_lane[2].dec_p_reg[2]/DSP_OUTPUT_INST/ALU_OUT[17] <- bd_i/layer_0/inst/u_core/u_dn/decay_r_reg[0][11]/C
EP  -0.103 xdma_0_axi_aclk        lvl=5   bd_i/layer_0/inst/u_core/u_dn/g_lane[2].dec_p_reg[2]/DSP_OUTPUT_INST/ALU_OUT[18] <- bd_i/layer_0/inst/u_core/u_dn/decay_r_reg[0][11]/C
EP  -0.103 xdma_0_axi_aclk        lvl=5   bd_i/layer_0/inst/u_core/u_dn/g_lane[2].dec_p_reg[2]/DSP_OUTPUT_INST/ALU_OUT[19] <- bd_i/layer_0/inst/u_core/u_dn/decay_r_reg[0][11]/C
EP  -0.103 xdma_0_axi_aclk        lvl=5   bd_i/layer_0/inst/u_core/u_dn/g_lane[2].dec_p_reg[2]/DSP_OUTPUT_INST/ALU_OUT[20] <- bd_i/layer_0/inst/u_core/u_dn/decay_r_reg[0][11]/C
EP  -0.103 xdma_0_axi_aclk        lvl=5   bd_i/layer_0/inst/u_core/u_dn/g_lane[2].dec_p_reg[2]/DSP_OUTPUT_INST/ALU_OUT[21] <- bd_i/layer_0/inst/u_core/u_dn/decay_r_reg[0][11]/C
EP  -0.103 xdma_0_axi_aclk        lvl=5   bd_i/layer_0/inst/u_core/u_dn/g_lane[2].dec_p_reg[2]/DSP_OUTPUT_INST/ALU_OUT[22] <- bd_i/layer_0/inst/u_core/u_dn/decay_r_reg[0][11]/C
EP  -0.103 xdma_0_axi_aclk        lvl=5   bd_i/layer_0/inst/u_core/u_dn/g_lane[2].dec_p_reg[2]/DSP_OUTPUT_INST/ALU_OUT[23] <- bd_i/layer_0/inst/u_core/u_dn/decay_r_reg[0][11]/C
EP  -0.103 xdma_0_axi_aclk        lvl=5   bd_i/layer_0/inst/u_core/u_dn/g_lane[2].dec_p_reg[2]/DSP_OUTPUT_INST/ALU_OUT[24] <- bd_i/layer_0/inst/u_core/u_dn/decay_r_reg[0][11]/C
EP  -0.103 xdma_0_axi_aclk        lvl=5   bd_i/layer_0/inst/u_core/u_dn/g_lane[2].dec_p_reg[2]/DSP_OUTPUT_INST/ALU_OUT[25] <- bd_i/layer_0/inst/u_core/u_dn/decay_r_reg[0][11]/C
EP  -0.103 xdma_0_axi_aclk        lvl=5   bd_i/layer_0/inst/u_core/u_dn/g_lane[2].dec_p_reg[2]/DSP_OUTPUT_INST/ALU_OUT[26] <- bd_i/layer_0/inst/u_core/u_dn/decay_r_reg[0][11]/C
EP  -0.103 xdma_0_axi_aclk        lvl=5   bd_i/layer_0/inst/u_core/u_dn/g_lane[2].dec_p_reg[2]/DSP_OUTPUT_INST/ALU_OUT[27] <- bd_i/layer_0/inst/u_core/u_dn/decay_r_reg[0][11]/C
EP  -0.103 xdma_0_axi_aclk        lvl=5   bd_i/layer_0/inst/u_core/u_dn/g_lane[2].dec_p_reg[2]/DSP_OUTPUT_INST/ALU_OUT[28] <- bd_i/layer_0/inst/u_core/u_dn/decay_r_reg[0][11]/C
EP  -0.103 xdma_0_axi_aclk        lvl=5   bd_i/layer_0/inst/u_core/u_dn/g_lane[2].dec_p_reg[2]/DSP_OUTPUT_INST/ALU_OUT[29] <- bd_i/layer_0/inst/u_core/u_dn/decay_r_reg[0][11]/C
EP  -0.103 xdma_0_axi_aclk        lvl=5   bd_i/layer_0/inst/u_core/u_dn/g_lane[2].dec_p_reg[2]/DSP_OUTPUT_INST/ALU_OUT[30] <- bd_i/layer_0/inst/u_core/u_dn/decay_r_reg[0][11]/C
EP  -0.103 xdma_0_axi_aclk        lvl=5   bd_i/layer_0/inst/u_core/u_dn/g_lane[2].dec_p_reg[2]/DSP_OUTPUT_INST/ALU_OUT[31] <- bd_i/layer_0/inst/u_core/u_dn/decay_r_reg[0][11]/C
EP  -0.103 xdma_0_axi_aclk        lvl=5   bd_i/layer_0/inst/u_core/u_dn/g_lane[2].dec_p_reg[2]/DSP_OUTPUT_INST/ALU_OUT[32] <- bd_i/layer_0/inst/u_core/u_dn/decay_r_reg[0][11]/C
EP  -0.103 xdma_0_axi_aclk        lvl=5   bd_i/layer_0/inst/u_core/u_dn/g_lane[2].dec_p_reg[2]/DSP_OUTPUT_INST/ALU_OUT[33] <- bd_i/layer_0/inst/u_core/u_dn/decay_r_reg[0][11]/C
EP  -0.103 xdma_0_axi_aclk        lvl=5   bd_i/layer_0/inst/u_core/u_dn/g_lane[2].dec_p_reg[2]/DSP_OUTPUT_INST/ALU_OUT[34] <- bd_i/layer_0/inst/u_core/u_dn/decay_r_reg[0][11]/C
EP  -0.103 xdma_0_axi_aclk        lvl=5   bd_i/layer_0/inst/u_core/u_dn/g_lane[2].dec_p_reg[2]/DSP_OUTPUT_INST/ALU_OUT[35] <- bd_i/layer_0/inst/u_core/u_dn/decay_r_reg[0][11]/C
EP  -0.103 xdma_0_axi_aclk        lvl=5   bd_i/layer_0/inst/u_core/u_dn/g_lane[2].dec_p_reg[2]/DSP_OUTPUT_INST/ALU_OUT[36] <- bd_i/layer_0/inst/u_core/u_dn/decay_r_reg[0][11]/C
EP  -0.103 xdma_0_axi_aclk        lvl=5   bd_i/layer_0/inst/u_core/u_dn/g_lane[2].dec_p_reg[2]/DSP_OUTPUT_INST/ALU_OUT[37] <- bd_i/layer_0/inst/u_core/u_dn/decay_r_reg[0][11]/C
EP  -0.103 xdma_0_axi_aclk        lvl=5   bd_i/layer_0/inst/u_core/u_dn/g_lane[2].dec_p_reg[2]/DSP_OUTPUT_INST/ALU_OUT[38] <- bd_i/layer_0/inst/u_core/u_dn/decay_r_reg[0][11]/C
EP  -0.103 xdma_0_axi_aclk        lvl=5   bd_i/layer_0/inst/u_core/u_dn/g_lane[2].dec_p_reg[2]/DSP_OUTPUT_INST/ALU_OUT[39] <- bd_i/layer_0/inst/u_core/u_dn/decay_r_reg[0][11]/C
EP  -0.103 xdma_0_axi_aclk        lvl=5   bd_i/layer_0/inst/u_core/u_dn/g_lane[2].dec_p_reg[2]/DSP_OUTPUT_INST/ALU_OUT[40] <- bd_i/layer_0/inst/u_core/u_dn/decay_r_reg[0][11]/C
EP  -0.103 xdma_0_axi_aclk        lvl=5   bd_i/layer_0/inst/u_core/u_dn/g_lane[2].dec_p_reg[2]/DSP_OUTPUT_INST/ALU_OUT[41] <- bd_i/layer_0/inst/u_core/u_dn/decay_r_reg[0][11]/C
EP  -0.103 xdma_0_axi_aclk        lvl=5   bd_i/layer_0/inst/u_core/u_dn/g_lane[2].dec_p_reg[2]/DSP_OUTPUT_INST/ALU_OUT[42] <- bd_i/layer_0/inst/u_core/u_dn/decay_r_reg[0][11]/C
EP  -0.103 xdma_0_axi_aclk        lvl=5   bd_i/layer_0/inst/u_core/u_dn/g_lane[2].dec_p_reg[2]/DSP_OUTPUT_INST/ALU_OUT[43] <- bd_i/layer_0/inst/u_core/u_dn/decay_r_reg[0][11]/C
EP  -0.103 xdma_0_axi_aclk        lvl=5   bd_i/layer_0/inst/u_core/u_dn/g_lane[2].dec_p_reg[2]/DSP_OUTPUT_INST/ALU_OUT[44] <- bd_i/layer_0/inst/u_core/u_dn/decay_r_reg[0][11]/C
EP  -0.103 xdma_0_axi_aclk        lvl=5   bd_i/layer_0/inst/u_core/u_dn/g_lane[2].dec_p_reg[2]/DSP_OUTPUT_INST/ALU_OUT[45] <- bd_i/layer_0/inst/u_core/u_dn/decay_r_reg[0][11]/C
EP  -0.103 xdma_0_axi_aclk        lvl=5   bd_i/layer_0/inst/u_core/u_dn/g_lane[2].dec_p_reg[2]/DSP_OUTPUT_INST/ALU_OUT[46] <- bd_i/layer_0/inst/u_core/u_dn/decay_r_reg[0][11]/C
EP  -0.103 xdma_0_axi_aclk        lvl=5   bd_i/layer_0/inst/u_core/u_dn/g_lane[2].dec_p_reg[2]/DSP_OUTPUT_INST/ALU_OUT[47] <- bd_i/layer_0/inst/u_core/u_dn/decay_r_reg[0][11]/C
EP  -0.103 xdma_0_axi_aclk        lvl=8   bd_i/layer_0/inst/u_core/u_dn/g_lane[120].kvm_acc_reg[120]/DSP_A_B_DATA_INST/A[25] <- bd_i/layer_0/inst/u_core/u_dn/g_lane[120].dec_p_reg[120]/DSP_OUTPUT_INST/CLK
EP  -0.103 xdma_0_axi_aclk        lvl=7   bd_i/layer_0/inst/u_core/u_attn/dot_reg[32]/D <- bd_i/layer_0/inst/u_core/u_attn/g_ps64[3].psum16_reg[3][13]/C
EP  -0.103 xdma_0_axi_aclk        lvl=2   bd_i/layer_0/inst/u_core/u_attn/g_lane[238].prod_reg[238]/DSP_A_B_DATA_INST/B[12] <- bd_i/layer_0/inst/u_core/g_kvslot[1].mem_reg_uram_52/CLK
EP  -0.103 xdma_0_axi_aclk        lvl=2   bd_i/layer_0/inst/u_core/krow_reg[1320]/CE <- bd_i/layer_0/inst/u_core/kb_i_reg[2]/C
EP  -0.103 xdma_0_axi_aclk        lvl=2   bd_i/layer_0/inst/u_core/krow_reg[1321]/CE <- bd_i/layer_0/inst/u_core/kb_i_reg[2]/C
EP  -0.103 xdma_0_axi_aclk        lvl=2   bd_i/layer_0/inst/u_core/krow_reg[1322]/CE <- bd_i/layer_0/inst/u_core/kb_i_reg[2]/C
EP  -0.103 xdma_0_axi_aclk        lvl=2   bd_i/layer_0/inst/u_core/krow_reg[1323]/CE <- bd_i/layer_0/inst/u_core/kb_i_reg[2]/C
EP  -0.103 xdma_0_axi_aclk        lvl=0   bd_i/layer_0/inst/u_core/u_dn/p_0_out__35/DSP_PREADD_DATA_INST/DIN[13] <- bd_i/layer_0/inst/u_core/u_dn/vdata_q_reg[13]_rep__8/C
EP  -0.103 xdma_0_axi_aclk        lvl=5   bd_i/layer_0/inst/u_core/u_dn/p_1_out__3__9/DSP_OUTPUT_INST/ALU_OUT[10] <- bd_i/layer_0/inst/u_core/u_dn/decay_r_reg[3][8]/C
EP  -0.103 xdma_0_axi_aclk        lvl=5   bd_i/layer_0/inst/u_core/u_dn/p_1_out__3__9/DSP_OUTPUT_INST/ALU_OUT[11] <- bd_i/layer_0/inst/u_core/u_dn/decay_r_reg[3][8]/C
EP  -0.103 xdma_0_axi_aclk        lvl=5   bd_i/layer_0/inst/u_core/u_dn/p_1_out__3__9/DSP_OUTPUT_INST/ALU_OUT[12] <- bd_i/layer_0/inst/u_core/u_dn/decay_r_reg[3][8]/C
EP  -0.103 xdma_0_axi_aclk        lvl=5   bd_i/layer_0/inst/u_core/u_dn/p_1_out__3__9/DSP_OUTPUT_INST/ALU_OUT[13] <- bd_i/layer_0/inst/u_core/u_dn/decay_r_reg[3][8]/C
EP  -0.103 xdma_0_axi_aclk        lvl=5   bd_i/layer_0/inst/u_core/u_dn/p_1_out__3__9/DSP_OUTPUT_INST/ALU_OUT[14] <- bd_i/layer_0/inst/u_core/u_dn/decay_r_reg[3][8]/C
EP  -0.103 xdma_0_axi_aclk        lvl=5   bd_i/layer_0/inst/u_core/u_dn/p_1_out__3__9/DSP_OUTPUT_INST/ALU_OUT[15] <- bd_i/layer_0/inst/u_core/u_dn/decay_r_reg[3][8]/C
EP  -0.103 xdma_0_axi_aclk        lvl=5   bd_i/layer_0/inst/u_core/u_dn/p_1_out__3__9/DSP_OUTPUT_INST/ALU_OUT[16] <- bd_i/layer_0/inst/u_core/u_dn/decay_r_reg[3][8]/C
EP  -0.103 xdma_0_axi_aclk        lvl=5   bd_i/layer_0/inst/u_core/u_dn/p_1_out__3__9/DSP_OUTPUT_INST/ALU_OUT[17] <- bd_i/layer_0/inst/u_core/u_dn/decay_r_reg[3][8]/C
EP  -0.103 xdma_0_axi_aclk        lvl=5   bd_i/layer_0/inst/u_core/u_dn/p_1_out__3__9/DSP_OUTPUT_INST/ALU_OUT[18] <- bd_i/layer_0/inst/u_core/u_dn/decay_r_reg[3][8]/C
EP  -0.103 xdma_0_axi_aclk        lvl=5   bd_i/layer_0/inst/u_core/u_dn/p_1_out__3__9/DSP_OUTPUT_INST/ALU_OUT[19] <- bd_i/layer_0/inst/u_core/u_dn/decay_r_reg[3][8]/C
EP  -0.103 xdma_0_axi_aclk        lvl=5   bd_i/layer_0/inst/u_core/u_dn/p_1_out__3__9/DSP_OUTPUT_INST/ALU_OUT[20] <- bd_i/layer_0/inst/u_core/u_dn/decay_r_reg[3][8]/C
EP  -0.103 xdma_0_axi_aclk        lvl=5   bd_i/layer_0/inst/u_core/u_dn/p_1_out__3__9/DSP_OUTPUT_INST/ALU_OUT[21] <- bd_i/layer_0/inst/u_core/u_dn/decay_r_reg[3][8]/C
EP  -0.103 xdma_0_axi_aclk        lvl=5   bd_i/layer_0/inst/u_core/u_dn/p_1_out__3__9/DSP_OUTPUT_INST/ALU_OUT[22] <- bd_i/layer_0/inst/u_core/u_dn/decay_r_reg[3][8]/C
EP  -0.103 xdma_0_axi_aclk        lvl=5   bd_i/layer_0/inst/u_core/u_dn/p_1_out__3__9/DSP_OUTPUT_INST/ALU_OUT[23] <- bd_i/layer_0/inst/u_core/u_dn/decay_r_reg[3][8]/C
EP  -0.103 xdma_0_axi_aclk        lvl=5   bd_i/layer_0/inst/u_core/u_dn/p_1_out__3__9/DSP_OUTPUT_INST/ALU_OUT[24] <- bd_i/layer_0/inst/u_core/u_dn/decay_r_reg[3][8]/C
EP  -0.103 xdma_0_axi_aclk        lvl=5   bd_i/layer_0/inst/u_core/u_dn/p_1_out__3__9/DSP_OUTPUT_INST/ALU_OUT[25] <- bd_i/layer_0/inst/u_core/u_dn/decay_r_reg[3][8]/C
EP  -0.103 xdma_0_axi_aclk        lvl=5   bd_i/layer_0/inst/u_core/u_dn/p_1_out__3__9/DSP_OUTPUT_INST/ALU_OUT[26] <- bd_i/layer_0/inst/u_core/u_dn/decay_r_reg[3][8]/C
EP  -0.103 xdma_0_axi_aclk        lvl=5   bd_i/layer_0/inst/u_core/u_dn/p_1_out__3__9/DSP_OUTPUT_INST/ALU_OUT[27] <- bd_i/layer_0/inst/u_core/u_dn/decay_r_reg[3][8]/C
EP  -0.103 xdma_0_axi_aclk        lvl=5   bd_i/layer_0/inst/u_core/u_dn/p_1_out__3__9/DSP_OUTPUT_INST/ALU_OUT[28] <- bd_i/layer_0/inst/u_core/u_dn/decay_r_reg[3][8]/C
EP  -0.103 xdma_0_axi_aclk        lvl=5   bd_i/layer_0/inst/u_core/u_dn/p_1_out__3__9/DSP_OUTPUT_INST/ALU_OUT[29] <- bd_i/layer_0/inst/u_core/u_dn/decay_r_reg[3][8]/C
EP  -0.103 xdma_0_axi_aclk        lvl=5   bd_i/layer_0/inst/u_core/u_dn/p_1_out__3__9/DSP_OUTPUT_INST/ALU_OUT[30] <- bd_i/layer_0/inst/u_core/u_dn/decay_r_reg[3][8]/C
EP  -0.103 xdma_0_axi_aclk        lvl=5   bd_i/layer_0/inst/u_core/u_dn/p_1_out__3__9/DSP_OUTPUT_INST/ALU_OUT[31] <- bd_i/layer_0/inst/u_core/u_dn/decay_r_reg[3][8]/C
EP  -0.103 xdma_0_axi_aclk        lvl=5   bd_i/layer_0/inst/u_core/u_dn/p_1_out__3__9/DSP_OUTPUT_INST/ALU_OUT[32] <- bd_i/layer_0/inst/u_core/u_dn/decay_r_reg[3][8]/C
EP  -0.103 xdma_0_axi_aclk        lvl=5   bd_i/layer_0/inst/u_core/u_dn/p_1_out__3__9/DSP_OUTPUT_INST/ALU_OUT[33] <- bd_i/layer_0/inst/u_core/u_dn/decay_r_reg[3][8]/C
EP  -0.103 xdma_0_axi_aclk        lvl=5   bd_i/layer_0/inst/u_core/u_dn/p_1_out__3__9/DSP_OUTPUT_INST/ALU_OUT[34] <- bd_i/layer_0/inst/u_core/u_dn/decay_r_reg[3][8]/C
EP  -0.103 xdma_0_axi_aclk        lvl=5   bd_i/layer_0/inst/u_core/u_dn/p_1_out__3__9/DSP_OUTPUT_INST/ALU_OUT[35] <- bd_i/layer_0/inst/u_core/u_dn/decay_r_reg[3][8]/C
EP  -0.103 xdma_0_axi_aclk        lvl=5   bd_i/layer_0/inst/u_core/u_dn/p_1_out__3__9/DSP_OUTPUT_INST/ALU_OUT[36] <- bd_i/layer_0/inst/u_core/u_dn/decay_r_reg[3][8]/C
EP  -0.103 xdma_0_axi_aclk        lvl=5   bd_i/layer_0/inst/u_core/u_dn/p_1_out__3__9/DSP_OUTPUT_INST/ALU_OUT[37] <- bd_i/layer_0/inst/u_core/u_dn/decay_r_reg[3][8]/C
EP  -0.103 xdma_0_axi_aclk        lvl=5   bd_i/layer_0/inst/u_core/u_dn/p_1_out__3__9/DSP_OUTPUT_INST/ALU_OUT[38] <- bd_i/layer_0/inst/u_core/u_dn/decay_r_reg[3][8]/C
EP  -0.103 xdma_0_axi_aclk        lvl=5   bd_i/layer_0/inst/u_core/u_dn/p_1_out__3__9/DSP_OUTPUT_INST/ALU_OUT[39] <- bd_i/layer_0/inst/u_core/u_dn/decay_r_reg[3][8]/C
EP  -0.103 xdma_0_axi_aclk        lvl=5   bd_i/layer_0/inst/u_core/u_dn/p_1_out__3__9/DSP_OUTPUT_INST/ALU_OUT[40] <- bd_i/layer_0/inst/u_core/u_dn/decay_r_reg[3][8]/C
EP  -0.103 xdma_0_axi_aclk        lvl=5   bd_i/layer_0/inst/u_core/u_dn/p_1_out__3__9/DSP_OUTPUT_INST/ALU_OUT[41] <- bd_i/layer_0/inst/u_core/u_dn/decay_r_reg[3][8]/C
EP  -0.103 xdma_0_axi_aclk        lvl=5   bd_i/layer_0/inst/u_core/u_dn/p_1_out__3__9/DSP_OUTPUT_INST/ALU_OUT[42] <- bd_i/layer_0/inst/u_core/u_dn/decay_r_reg[3][8]/C
EP  -0.103 xdma_0_axi_aclk        lvl=5   bd_i/layer_0/inst/u_core/u_dn/p_1_out__3__9/DSP_OUTPUT_INST/ALU_OUT[43] <- bd_i/layer_0/inst/u_core/u_dn/decay_r_reg[3][8]/C
EP  -0.103 xdma_0_axi_aclk        lvl=5   bd_i/layer_0/inst/u_core/u_dn/p_1_out__3__9/DSP_OUTPUT_INST/ALU_OUT[44] <- bd_i/layer_0/inst/u_core/u_dn/decay_r_reg[3][8]/C
EP  -0.103 xdma_0_axi_aclk        lvl=5   bd_i/layer_0/inst/u_core/u_dn/p_1_out__3__9/DSP_OUTPUT_INST/ALU_OUT[45] <- bd_i/layer_0/inst/u_core/u_dn/decay_r_reg[3][8]/C
EP  -0.103 xdma_0_axi_aclk        lvl=5   bd_i/layer_0/inst/u_core/u_dn/p_1_out__3__9/DSP_OUTPUT_INST/ALU_OUT[46] <- bd_i/layer_0/inst/u_core/u_dn/decay_r_reg[3][8]/C
EP  -0.103 xdma_0_axi_aclk        lvl=5   bd_i/layer_0/inst/u_core/u_dn/p_1_out__3__9/DSP_OUTPUT_INST/ALU_OUT[47] <- bd_i/layer_0/inst/u_core/u_dn/decay_r_reg[3][8]/C
EP  -0.103 xdma_0_axi_aclk        lvl=5   bd_i/layer_0/inst/u_core/u_dn/p_1_out__3__9/DSP_OUTPUT_INST/ALU_OUT[8] <- bd_i/layer_0/inst/u_core/u_dn/decay_r_reg[3][8]/C
EP  -0.103 xdma_0_axi_aclk        lvl=5   bd_i/layer_0/inst/u_core/u_dn/p_1_out__3__9/DSP_OUTPUT_INST/ALU_OUT[9] <- bd_i/layer_0/inst/u_core/u_dn/decay_r_reg[3][8]/C
EP  -0.103 xdma_0_axi_aclk        lvl=2   bd_i/layer_0/inst/u_core/u_attn/g_lane[32].prod_reg[32]/DSP_A_B_DATA_INST/B[7] <- bd_i/layer_0/inst/u_core/g_kvslot[1].mem_reg_uram_6/CLK
EP  -0.103 xdma_0_axi_aclk        lvl=0   bd_i/layer_0/inst/u_core/u_dn/p_1_out__0__20/DSP_PREADD_DATA_INST/DIN[16] <- bd_i/layer_0/inst/u_core/u_dn/vdata_q_reg[16]/C
EP  -0.103 xdma_0_axi_aclk        lvl=1   bd_i/layer_0/inst/u_core/u_dn/g_lane[69].dec_p_reg[69]/DSP_A_B_DATA_INST/A[3] <- bd_i/layer_0/inst/u_core/g_dnslot[0].mem_reg_uram_15/CLK
EP  -0.102 xdma_0_axi_aclk        lvl=2   bd_i/layer_0/inst/u_core/g_kvslot[0].mem_reg_uram_13/CAS_IN_DIN_B[32] <- bd_i/layer_0/inst/u_core/dma_act_reg_rep__10/C
EP  -0.102 xdma_0_axi_aclk        lvl=2   bd_i/layer_0/inst/u_core/u_attn/g_lane[38].pv_p_reg[38]_i_1_psdsp/D <- bd_i/layer_0/inst/u_core/g_kvslot[0].mem_reg_uram_8/CLK
EP  -0.102 xdma_0_axi_aclk        lvl=2   bd_i/layer_0/inst/u_core/u_attn/g_lane[38].pv_p_reg[38]_i_1_psdsp_1/D <- bd_i/layer_0/inst/u_core/g_kvslot[0].mem_reg_uram_8/CLK
EP  -0.102 xdma_0_axi_aclk        lvl=2   bd_i/layer_0/inst/u_core/u_attn/g_lane[101].pv_p_reg[101]/DSP_A_B_DATA_INST/A[15] <- bd_i/layer_0/inst/u_core/g_kvslot[0].mem_reg_uram_22/CLK
EP  -0.102 xdma_0_axi_aclk        lvl=1   bd_i/layer_0/inst/u_core/u_dn/g_lane[108].dec_p_reg[108]/DSP_A_B_DATA_INST/A[14] <- bd_i/layer_0/inst/u_core/g_dnslot[0].mem_reg_uram_24/CLK
EP  -0.102 xdma_0_axi_aclk        lvl=9   bd_i/layer_0/inst/u_core/u_dma/fmem_reg_0_255_434_434/SP.B/I <- bd_i/layer_0/inst/u_core/u_dma/f_rp_reg[0]/C
EP  -0.102 xdma_0_axi_aclk        lvl=4   bd_i/layer_0/inst/u_core/krow_reg[951]/D <- bd_i/layer_0/inst/u_core/kb_i_reg[3]/C
EP  -0.101 xdma_0_axi_aclk        lvl=2   bd_i/layer_0/inst/u_core/u_dn/g_lane[6].o_acc_reg[6]/DSP_A_B_DATA_INST/B[16] <- bd_i/layer_0/inst/u_core/u_dn/row_reg[1]/C
EP  -0.101 xdma_0_axi_aclk        lvl=2   bd_i/layer_0/inst/u_core/krow_reg[460]/D <- bd_i/layer_0/inst/u_core/kb_i_reg[2]/C
EP  -0.101 xdma_0_axi_aclk        lvl=2   bd_i/layer_0/inst/u_core/u_attn/g_lane[182].pv_p_reg[182]/DSP_A_B_DATA_INST/A[9] <- bd_i/layer_0/inst/u_core/g_kvslot[1].mem_reg_uram_40/CLK
EP  -0.101 xdma_0_axi_aclk        lvl=1   bd_i/layer_0/inst/u_core/u_dn/p_1_out__14__3/DSP_A_B_DATA_INST/A[27] <- bd_i/layer_0/inst/u_core/g_dnslot[0].mem_reg_uram_5/CLK
EP  -0.101 xdma_0_axi_aclk        lvl=4   bd_i/layer_0/inst/u_core/u_dma/fmem_reg_0_255_75_75/SP.A/I <- bd_i/layer_0/inst/u_core/u_dma/rp_esub_reg[2][0]__0/C
EP  -0.101 xdma_0_axi_aclk        lvl=5   bd_i/layer_0/inst/u_core/u_attn/dot_reg[22]/D <- bd_i/layer_0/inst/u_core/u_attn/g_ps64[3].psum16_reg[3][13]/C
EP  -0.101 xdma_0_axi_aclk        lvl=1   bd_i/layer_0/inst/u_core/u_dn/g_lane[69].dec_p_reg[69]/DSP_A_B_DATA_INST/A[13] <- bd_i/layer_0/inst/u_core/g_dnslot[0].mem_reg_uram_15/CLK
EP  -0.101 xdma_0_axi_aclk        lvl=2   bd_i/layer_0/inst/u_core/u_attn/g_lane[82].pv_p_reg[82]/DSP_A_B_DATA_INST/A[22] <- bd_i/layer_0/inst/u_core/g_kvslot[0].mem_reg_uram_18/CLK
EP  -0.100 xdma_0_axi_aclk        lvl=2   bd_i/layer_0/inst/u_core/u_attn/g_lane[182].pv_p_reg[182]/DSP_A_B_DATA_INST/A[8] <- bd_i/layer_0/inst/u_core/g_kvslot[1].mem_reg_uram_40/CLK
EP  -0.100 xdma_0_axi_aclk        lvl=2   bd_i/layer_0/inst/u_core/u_attn/g_lane[173].prod_reg[173]/DSP_A_B_DATA_INST/B[5] <- bd_i/layer_0/inst/u_core/g_kvslot[0].mem_reg_uram_38/CLK
EP  -0.100 xdma_0_axi_aclk        lvl=2   bd_i/layer_0/inst/u_core/u_attn/g_lane[32].pv_p_reg[32]/DSP_A_B_DATA_INST/A[17] <- bd_i/layer_0/inst/u_core/g_kvslot[1].mem_reg_uram_6/CLK
EP  -0.100 xdma_0_axi_aclk        lvl=4   bd_i/layer_0/inst/u_core/krow_reg[1504]/D <- bd_i/layer_0/inst/u_core/kb_i_reg[2]/C
EP  -0.100 xdma_0_axi_aclk        lvl=0   bd_i/layer_0/inst/u_core/u_attn/g_lane[246].prod_reg[246]/DSP_A_B_DATA_INST/A[15] <- bd_i/layer_0/inst/u_core/at_qdata_reg[15]_replica_17/C
EP  -0.099 xdma_0_axi_aclk        lvl=0   bd_i/layer_0/inst/u_core/u_attn/g_lane[199].prod_reg[199]/DSP_A_B_DATA_INST/A[24] <- bd_i/layer_0/inst/u_core/at_qdata_reg[15]_replica_17/C
EP  -0.099 xdma_0_axi_aclk        lvl=8   bd_i/layer_0/inst/u_core/u_dn/g_lane[107].kvm_acc_reg[107]/DSP_A_B_DATA_INST/A[28] <- bd_i/layer_0/inst/u_core/u_dn/g_lane[107].dec_p_reg[107]/DSP_OUTPUT_INST/CLK
EP  -0.098 xdma_0_axi_aclk        lvl=2   bd_i/layer_0/inst/u_core/u_attn/g_lane[21].pv_p_reg[21]_i_1_psdsp_1/D <- bd_i/layer_0/inst/u_core/g_kvslot[1].mem_reg_uram_4/CLK
EP  -0.098 xdma_0_axi_aclk        lvl=1   bd_i/layer_0/inst/u_core/u_dn/g_lane[72].dec_p_reg[72]/DSP_A_B_DATA_INST/A[4] <- bd_i/layer_0/inst/u_core/g_dnslot[0].mem_reg_uram_16/CLK
EP  -0.098 xdma_0_axi_aclk        lvl=0   bd_i/layer_0/inst/u_core/u_dn/p_1_out__18__4/DSP_PREADD_DATA_INST/DIN[17] <- bd_i/layer_0/inst/u_core/u_dn/vdata_q_reg[17]_rep__2/C
EP  -0.098 xdma_0_axi_aclk        lvl=2   bd_i/layer_0/inst/u_core/u_attn/g_lane[82].pv_p_reg[82]/DSP_A_B_DATA_INST/A[14] <- bd_i/layer_0/inst/u_core/g_kvslot[0].mem_reg_uram_18/CLK
EP  -0.098 xdma_0_axi_aclk        lvl=2   bd_i/layer_0/inst/u_core/u_attn/g_lane[177].pv_p_reg[177]/DSP_A_B_DATA_INST/A[23] <- bd_i/layer_0/inst/u_core/g_kvslot[0].mem_reg_uram_38/CLK
EP  -0.098 xdma_0_axi_aclk        lvl=2   bd_i/layer_0/inst/u_core/u_attn/g_lane[32].pv_p_reg[32]/DSP_A_B_DATA_INST/A[15] <- bd_i/layer_0/inst/u_core/g_kvslot[1].mem_reg_uram_6/CLK
EP  -0.098 xdma_0_axi_aclk        lvl=2   bd_i/layer_0/inst/u_core/u_attn/g_lane[21].pv_p_reg[21]_i_4_psdsp/D <- bd_i/layer_0/inst/u_core/g_kvslot[1].mem_reg_uram_4/CLK
EP  -0.098 xdma_0_axi_aclk        lvl=8   bd_i/layer_0/inst/u_core/u_dn/p_0_out__15__2/DSP_A_B_DATA_INST/A[20] <- bd_i/layer_0/inst/u_core/u_dn/g_lane[120].kvm_acc_reg[120]/DSP_OUTPUT_INST/CLK
EP  -0.097 xdma_0_axi_aclk        lvl=2   bd_i/layer_0/inst/u_core/u_attn/g_lane[173].prod_reg[173]/DSP_A_B_DATA_INST/B[4] <- bd_i/layer_0/inst/u_core/g_kvslot[0].mem_reg_uram_38/CLK
EP  -0.097 xdma_0_axi_aclk        lvl=7   bd_i/layer_0/inst/u_core/eng_sa_reg[6]/CE <- bd_i/layer_0/inst/u_core/cmd_op_reg[0]/C
EP  -0.097 xdma_0_axi_aclk        lvl=2   bd_i/layer_0/inst/u_core/u_dn/g_lane[2].o_acc_reg[2]/DSP_A_B_DATA_INST/B[13] <- bd_i/layer_0/inst/u_core/u_dn/row_reg[0]/C
EP  -0.097 xdma_0_axi_aclk        lvl=2   bd_i/layer_0/inst/u_core/cw_wd_reg[20]/CE <- bd_i/layer_0/inst/u_core/rstn_i_reg_replica_21/C
EP  -0.097 xdma_0_axi_aclk        lvl=2   bd_i/layer_0/inst/u_core/u_attn/g_lane[190].pv_p_reg[190]_i_7_psdsp_1/D <- bd_i/layer_0/inst/u_core/g_kvslot[0].mem_reg_uram_42/CLK
EP  -0.097 xdma_0_axi_aclk        lvl=1   bd_i/layer_0/inst/u_core/u_attn/o_g8_reg[30][31]/D <- bd_i/layer_0/inst/u_core/u_attn/og_i_reg[2]/C
EP  -0.097 xdma_0_axi_aclk        lvl=3   bd_i/layer_0/inst/u_core/krow_reg[717]/D <- bd_i/layer_0/inst/u_core/kb_i_reg[2]/C
EP  -0.097 xdma_0_axi_aclk        lvl=2   bd_i/layer_0/inst/u_core/u_dn/p_1_out__9__7/DSP_A_B_DATA_INST/B[8] <- bd_i/layer_0/inst/u_core/u_dn/row_reg[1]/C
EP  -0.097 xdma_0_axi_aclk        lvl=5   bd_i/layer_0/inst/u_core/u_dn/p_0_out__3__13/DSP_A_B_DATA_INST/A[24] <- bd_i/layer_0/inst/u_core/u_dn/p_1_out__6__16/DSP_OUTPUT_INST/CLK
EP  -0.096 xdma_0_axi_aclk        lvl=4   bd_i/layer_0/inst/u_core/u_dma/fmem_reg_0_255_265_265/SP.A/I <- bd_i/layer_0/inst/u_core/u_dma/rp_esub_reg[2][1]__0/C
EP  -0.096 xdma_0_axi_aclk        lvl=2   bd_i/layer_0/inst/u_core/u_attn/g_lane[26].prod_reg[26]_i_5_psdsp_1/D <- bd_i/layer_0/inst/u_core/g_kvslot[1].mem_reg_uram_4/CLK
EP  -0.096 xdma_0_axi_aclk        lvl=2   bd_i/layer_0/inst/u_core/u_attn/g_lane[238].prod_reg[238]/DSP_A_B_DATA_INST/B[14] <- bd_i/layer_0/inst/u_core/g_kvslot[1].mem_reg_uram_52/CLK
EP  -0.096 xdma_0_axi_aclk        lvl=2   bd_i/layer_0/inst/u_core/g_kvslot[1].mem_reg_uram_57/CAS_IN_ADDR_B[11] <- bd_i/layer_0/inst/u_core/u_dma/slot_addr_reg[11]/C
EP  -0.096 xdma_0_axi_aclk        lvl=1   bd_i/layer_0/inst/u_core/u_dn/g_lane[110].dec_p_reg[110]/DSP_A_B_DATA_INST/A[12] <- bd_i/layer_0/inst/u_core/g_dnslot[0].mem_reg_uram_24/CLK
EP  -0.096 xdma_0_axi_aclk        lvl=2   bd_i/layer_0/inst/u_core/u_attn/g_lane[103].pv_p_reg[103]/DSP_A_B_DATA_INST/A[6] <- bd_i/layer_0/inst/u_core/g_kvslot[0].mem_reg_uram_22/CLK
EP  -0.095 xdma_0_axi_aclk        lvl=6   bd_i/layer_0/inst/u_core/eng_swd_reg[6]/D <- bd_i/layer_0/inst/u_core/gi_reg[1]/C
EP  -0.095 xdma_0_axi_aclk        lvl=2   bd_i/layer_0/inst/u_core/u_attn/g_lane[44].prod_reg[44]_i_6_psdsp/D <- bd_i/layer_0/inst/u_core/g_kvslot[0].mem_reg_uram_8/CLK
EP  -0.095 xdma_0_axi_aclk        lvl=7   bd_i/layer_0/inst/u_core/u_dn/g_lane[73].kvm_acc_reg[73]/DSP_A_B_DATA_INST/A[24] <- bd_i/layer_0/inst/u_core/u_dn/g_lane[73].dec_p_reg[73]/DSP_OUTPUT_INST/CLK
EP  -0.095 xdma_0_axi_aclk        lvl=4   bd_i/layer_0/inst/u_core/smem_a_reg_bram_7/WEA[0] <- bd_i/layer_0/inst/u_core/cmd_op_reg[1]/C
EP  -0.094 xdma_0_axi_aclk        lvl=2   bd_i/layer_0/inst/u_core/u_dn/g_lane[2].o_acc_reg[2]/DSP_A_B_DATA_INST/B[10] <- bd_i/layer_0/inst/u_core/u_dn/row_reg[0]/C
EP  -0.094 xdma_0_axi_aclk        lvl=2   bd_i/layer_0/inst/u_core/u_topk/ent_reg[21][10]/CE <- bd_i/layer_0/inst/u_core/arg2_reg[0]/C
EP  -0.094 xdma_0_axi_aclk        lvl=2   bd_i/layer_0/inst/u_core/g_kvslot[1].mem_reg_uram_13/CAS_IN_DIN_B[5] <- bd_i/layer_0/inst/u_core/dma_act_reg_rep__18/C
EP  -0.094 xdma_0_axi_aclk        lvl=4   bd_i/layer_0/inst/u_core/u_dma/fmem_reg_0_255_431_431/SP.A/I <- bd_i/layer_0/inst/u_core/kv_dmaq_reg[943]/C
EP  -0.094 xdma_0_axi_aclk        lvl=4   bd_i/layer_0/inst/u_core/smem_b_reg_bram_13/ENARDEN <- bd_i/layer_0/inst/u_core/cmd_op_reg[1]/C
EP  -0.094 xdma_0_axi_aclk        lvl=7   bd_i/layer_0/inst/u_core/u_dn/g_lane[126].kvm_acc_reg[126]/DSP_A_B_DATA_INST/A[20] <- bd_i/layer_0/inst/u_core/u_dn/g_lane[126].dec_p_reg[126]/DSP_OUTPUT_INST/CLK
EP  -0.094 xdma_0_axi_aclk        lvl=2   bd_i/layer_0/inst/u_core/u_attn/g_lane[80].prod_reg[80]/DSP_A_B_DATA_INST/B[3] <- bd_i/layer_0/inst/u_core/g_kvslot[0].mem_reg_uram_16/CLK
EP  -0.094 xdma_0_axi_aclk        lvl=5   bd_i/layer_0/inst/u_core/u_dn/p_1_out__5__6/DSP_OUTPUT_INST/ALU_OUT[10] <- bd_i/layer_0/inst/u_core/u_dn/decay_r_reg[3][8]/C
EP  -0.094 xdma_0_axi_aclk        lvl=5   bd_i/layer_0/inst/u_core/u_dn/p_1_out__5__6/DSP_OUTPUT_INST/ALU_OUT[11] <- bd_i/layer_0/inst/u_core/u_dn/decay_r_reg[3][8]/C
EP  -0.094 xdma_0_axi_aclk        lvl=5   bd_i/layer_0/inst/u_core/u_dn/p_1_out__5__6/DSP_OUTPUT_INST/ALU_OUT[12] <- bd_i/layer_0/inst/u_core/u_dn/decay_r_reg[3][8]/C
EP  -0.094 xdma_0_axi_aclk        lvl=5   bd_i/layer_0/inst/u_core/u_dn/p_1_out__5__6/DSP_OUTPUT_INST/ALU_OUT[13] <- bd_i/layer_0/inst/u_core/u_dn/decay_r_reg[3][8]/C
EP  -0.094 xdma_0_axi_aclk        lvl=5   bd_i/layer_0/inst/u_core/u_dn/p_1_out__5__6/DSP_OUTPUT_INST/ALU_OUT[14] <- bd_i/layer_0/inst/u_core/u_dn/decay_r_reg[3][8]/C
EP  -0.094 xdma_0_axi_aclk        lvl=5   bd_i/layer_0/inst/u_core/u_dn/p_1_out__5__6/DSP_OUTPUT_INST/ALU_OUT[15] <- bd_i/layer_0/inst/u_core/u_dn/decay_r_reg[3][8]/C
EP  -0.094 xdma_0_axi_aclk        lvl=5   bd_i/layer_0/inst/u_core/u_dn/p_1_out__5__6/DSP_OUTPUT_INST/ALU_OUT[16] <- bd_i/layer_0/inst/u_core/u_dn/decay_r_reg[3][8]/C
EP  -0.094 xdma_0_axi_aclk        lvl=5   bd_i/layer_0/inst/u_core/u_dn/p_1_out__5__6/DSP_OUTPUT_INST/ALU_OUT[17] <- bd_i/layer_0/inst/u_core/u_dn/decay_r_reg[3][8]/C
EP  -0.094 xdma_0_axi_aclk        lvl=5   bd_i/layer_0/inst/u_core/u_dn/p_1_out__5__6/DSP_OUTPUT_INST/ALU_OUT[18] <- bd_i/layer_0/inst/u_core/u_dn/decay_r_reg[3][8]/C
EP  -0.094 xdma_0_axi_aclk        lvl=5   bd_i/layer_0/inst/u_core/u_dn/p_1_out__5__6/DSP_OUTPUT_INST/ALU_OUT[19] <- bd_i/layer_0/inst/u_core/u_dn/decay_r_reg[3][8]/C
EP  -0.094 xdma_0_axi_aclk        lvl=5   bd_i/layer_0/inst/u_core/u_dn/p_1_out__5__6/DSP_OUTPUT_INST/ALU_OUT[20] <- bd_i/layer_0/inst/u_core/u_dn/decay_r_reg[3][8]/C
EP  -0.094 xdma_0_axi_aclk        lvl=5   bd_i/layer_0/inst/u_core/u_dn/p_1_out__5__6/DSP_OUTPUT_INST/ALU_OUT[21] <- bd_i/layer_0/inst/u_core/u_dn/decay_r_reg[3][8]/C
EP  -0.094 xdma_0_axi_aclk        lvl=5   bd_i/layer_0/inst/u_core/u_dn/p_1_out__5__6/DSP_OUTPUT_INST/ALU_OUT[22] <- bd_i/layer_0/inst/u_core/u_dn/decay_r_reg[3][8]/C
EP  -0.094 xdma_0_axi_aclk        lvl=5   bd_i/layer_0/inst/u_core/u_dn/p_1_out__5__6/DSP_OUTPUT_INST/ALU_OUT[23] <- bd_i/layer_0/inst/u_core/u_dn/decay_r_reg[3][8]/C
EP  -0.094 xdma_0_axi_aclk        lvl=5   bd_i/layer_0/inst/u_core/u_dn/p_1_out__5__6/DSP_OUTPUT_INST/ALU_OUT[24] <- bd_i/layer_0/inst/u_core/u_dn/decay_r_reg[3][8]/C
EP  -0.094 xdma_0_axi_aclk        lvl=5   bd_i/layer_0/inst/u_core/u_dn/p_1_out__5__6/DSP_OUTPUT_INST/ALU_OUT[25] <- bd_i/layer_0/inst/u_core/u_dn/decay_r_reg[3][8]/C
EP  -0.094 xdma_0_axi_aclk        lvl=5   bd_i/layer_0/inst/u_core/u_dn/p_1_out__5__6/DSP_OUTPUT_INST/ALU_OUT[26] <- bd_i/layer_0/inst/u_core/u_dn/decay_r_reg[3][8]/C
EP  -0.094 xdma_0_axi_aclk        lvl=5   bd_i/layer_0/inst/u_core/u_dn/p_1_out__5__6/DSP_OUTPUT_INST/ALU_OUT[27] <- bd_i/layer_0/inst/u_core/u_dn/decay_r_reg[3][8]/C
EP  -0.094 xdma_0_axi_aclk        lvl=5   bd_i/layer_0/inst/u_core/u_dn/p_1_out__5__6/DSP_OUTPUT_INST/ALU_OUT[28] <- bd_i/layer_0/inst/u_core/u_dn/decay_r_reg[3][8]/C
EP  -0.094 xdma_0_axi_aclk        lvl=5   bd_i/layer_0/inst/u_core/u_dn/p_1_out__5__6/DSP_OUTPUT_INST/ALU_OUT[29] <- bd_i/layer_0/inst/u_core/u_dn/decay_r_reg[3][8]/C
EP  -0.094 xdma_0_axi_aclk        lvl=5   bd_i/layer_0/inst/u_core/u_dn/p_1_out__5__6/DSP_OUTPUT_INST/ALU_OUT[30] <- bd_i/layer_0/inst/u_core/u_dn/decay_r_reg[3][8]/C
EP  -0.094 xdma_0_axi_aclk        lvl=5   bd_i/layer_0/inst/u_core/u_dn/p_1_out__5__6/DSP_OUTPUT_INST/ALU_OUT[31] <- bd_i/layer_0/inst/u_core/u_dn/decay_r_reg[3][8]/C
EP  -0.094 xdma_0_axi_aclk        lvl=5   bd_i/layer_0/inst/u_core/u_dn/p_1_out__5__6/DSP_OUTPUT_INST/ALU_OUT[32] <- bd_i/layer_0/inst/u_core/u_dn/decay_r_reg[3][8]/C
EP  -0.094 xdma_0_axi_aclk        lvl=5   bd_i/layer_0/inst/u_core/u_dn/p_1_out__5__6/DSP_OUTPUT_INST/ALU_OUT[33] <- bd_i/layer_0/inst/u_core/u_dn/decay_r_reg[3][8]/C
EP  -0.094 xdma_0_axi_aclk        lvl=5   bd_i/layer_0/inst/u_core/u_dn/p_1_out__5__6/DSP_OUTPUT_INST/ALU_OUT[34] <- bd_i/layer_0/inst/u_core/u_dn/decay_r_reg[3][8]/C
EP  -0.094 xdma_0_axi_aclk        lvl=5   bd_i/layer_0/inst/u_core/u_dn/p_1_out__5__6/DSP_OUTPUT_INST/ALU_OUT[35] <- bd_i/layer_0/inst/u_core/u_dn/decay_r_reg[3][8]/C
EP  -0.094 xdma_0_axi_aclk        lvl=5   bd_i/layer_0/inst/u_core/u_dn/p_1_out__5__6/DSP_OUTPUT_INST/ALU_OUT[36] <- bd_i/layer_0/inst/u_core/u_dn/decay_r_reg[3][8]/C
EP  -0.094 xdma_0_axi_aclk        lvl=5   bd_i/layer_0/inst/u_core/u_dn/p_1_out__5__6/DSP_OUTPUT_INST/ALU_OUT[37] <- bd_i/layer_0/inst/u_core/u_dn/decay_r_reg[3][8]/C
EP  -0.094 xdma_0_axi_aclk        lvl=5   bd_i/layer_0/inst/u_core/u_dn/p_1_out__5__6/DSP_OUTPUT_INST/ALU_OUT[38] <- bd_i/layer_0/inst/u_core/u_dn/decay_r_reg[3][8]/C
EP  -0.094 xdma_0_axi_aclk        lvl=5   bd_i/layer_0/inst/u_core/u_dn/p_1_out__5__6/DSP_OUTPUT_INST/ALU_OUT[39] <- bd_i/layer_0/inst/u_core/u_dn/decay_r_reg[3][8]/C
EP  -0.094 xdma_0_axi_aclk        lvl=5   bd_i/layer_0/inst/u_core/u_dn/p_1_out__5__6/DSP_OUTPUT_INST/ALU_OUT[40] <- bd_i/layer_0/inst/u_core/u_dn/decay_r_reg[3][8]/C
EP  -0.094 xdma_0_axi_aclk        lvl=5   bd_i/layer_0/inst/u_core/u_dn/p_1_out__5__6/DSP_OUTPUT_INST/ALU_OUT[41] <- bd_i/layer_0/inst/u_core/u_dn/decay_r_reg[3][8]/C
EP  -0.094 xdma_0_axi_aclk        lvl=5   bd_i/layer_0/inst/u_core/u_dn/p_1_out__5__6/DSP_OUTPUT_INST/ALU_OUT[42] <- bd_i/layer_0/inst/u_core/u_dn/decay_r_reg[3][8]/C
EP  -0.094 xdma_0_axi_aclk        lvl=5   bd_i/layer_0/inst/u_core/u_dn/p_1_out__5__6/DSP_OUTPUT_INST/ALU_OUT[43] <- bd_i/layer_0/inst/u_core/u_dn/decay_r_reg[3][8]/C
EP  -0.094 xdma_0_axi_aclk        lvl=5   bd_i/layer_0/inst/u_core/u_dn/p_1_out__5__6/DSP_OUTPUT_INST/ALU_OUT[44] <- bd_i/layer_0/inst/u_core/u_dn/decay_r_reg[3][8]/C
EP  -0.094 xdma_0_axi_aclk        lvl=5   bd_i/layer_0/inst/u_core/u_dn/p_1_out__5__6/DSP_OUTPUT_INST/ALU_OUT[45] <- bd_i/layer_0/inst/u_core/u_dn/decay_r_reg[3][8]/C
EP  -0.094 xdma_0_axi_aclk        lvl=5   bd_i/layer_0/inst/u_core/u_dn/p_1_out__5__6/DSP_OUTPUT_INST/ALU_OUT[46] <- bd_i/layer_0/inst/u_core/u_dn/decay_r_reg[3][8]/C
EP  -0.094 xdma_0_axi_aclk        lvl=5   bd_i/layer_0/inst/u_core/u_dn/p_1_out__5__6/DSP_OUTPUT_INST/ALU_OUT[47] <- bd_i/layer_0/inst/u_core/u_dn/decay_r_reg[3][8]/C
EP  -0.094 xdma_0_axi_aclk        lvl=5   bd_i/layer_0/inst/u_core/u_dn/p_1_out__5__6/DSP_OUTPUT_INST/ALU_OUT[8] <- bd_i/layer_0/inst/u_core/u_dn/decay_r_reg[3][8]/C
EP  -0.094 xdma_0_axi_aclk        lvl=5   bd_i/layer_0/inst/u_core/u_dn/p_1_out__5__6/DSP_OUTPUT_INST/ALU_OUT[9] <- bd_i/layer_0/inst/u_core/u_dn/decay_r_reg[3][8]/C
EP  -0.093 xdma_0_axi_aclk        lvl=2   bd_i/layer_0/inst/u_core/u_attn/g_lane[37].pv_p_reg[37]_i_8_psdsp/D <- bd_i/layer_0/inst/u_core/g_kvslot[0].mem_reg_uram_8/CLK
EP  -0.093 xdma_0_axi_aclk        lvl=2   bd_i/layer_0/inst/u_core/u_attn/g_lane[82].pv_p_reg[82]/DSP_A_B_DATA_INST/A[2] <- bd_i/layer_0/inst/u_core/g_kvslot[0].mem_reg_uram_18/CLK
EP  -0.093 xdma_0_axi_aclk        lvl=6   bd_i/layer_0/inst/u_core/u_attn/dot_reg[24]/D <- bd_i/layer_0/inst/u_core/u_attn/g_ps64[3].psum16_reg[3][13]/C
EP  -0.093 xdma_0_axi_aclk        lvl=6   bd_i/layer_0/inst/u_core/eng_swd_reg[7]/D <- bd_i/layer_0/inst/u_core/gi_reg[1]/C
EP  -0.093 xdma_0_axi_aclk        lvl=3   bd_i/layer_0/inst/u_core/g_kvslot[1].mem_reg_uram_57/CAS_IN_ADDR_A[9] <- bd_i/layer_0/inst/u_core/dma_slot_reg_replica/C
EP  -0.093 xdma_0_axi_aclk        lvl=2   bd_i/layer_0/inst/u_core/u_attn/g_lane[234].prod_reg[234]/DSP_A_B_DATA_INST/B[6] <- bd_i/layer_0/inst/u_core/g_kvslot[1].mem_reg_uram_52/CLK
EP  -0.092 xdma_0_axi_aclk        lvl=2   bd_i/layer_0/inst/u_core/u_attn/g_lane[229].pv_p_reg[229]/DSP_A_B_DATA_INST/A[9] <- bd_i/layer_0/inst/u_core/g_kvslot[0].mem_reg_uram_50/CLK
EP  -0.092 xdma_0_axi_aclk        lvl=2   bd_i/layer_0/inst/u_core/u_dn/g_lane[30].o_acc_reg[30]/DSP_A_B_DATA_INST/B[9] <- bd_i/layer_0/inst/u_core/u_dn/row_reg[0]/C
EP  -0.092 xdma_0_axi_aclk        lvl=3   bd_i/layer_0/inst/u_core/krow_reg[1252]/CE <- bd_i/layer_0/inst/u_core/kb_i_reg[2]/C
EP  -0.092 xdma_0_axi_aclk        lvl=2   bd_i/layer_0/inst/u_core/krow_reg[830]/D <- bd_i/layer_0/inst/u_core/kb_i_reg[2]/C
EP  -0.092 xdma_0_axi_aclk        lvl=1   bd_i/layer_0/inst/u_core/u_dn/p_1_out__9__11/DSP_A_B_DATA_INST/A[11] <- bd_i/layer_0/inst/u_core/g_dnslot[0].mem_reg_uram_15/CLK
EP  -0.091 xdma_0_axi_aclk        lvl=2   bd_i/layer_0/inst/u_core/u_attn/g_lane[82].pv_p_reg[82]/DSP_A_B_DATA_INST/A[21] <- bd_i/layer_0/inst/u_core/g_kvslot[0].mem_reg_uram_18/CLK
EP  -0.090 xdma_0_axi_aclk        lvl=2   bd_i/layer_0/inst/u_core/u_topk/ent_reg[21][7]/CE <- bd_i/layer_0/inst/u_core/arg2_reg[0]/C
EP  -0.090 xdma_0_axi_aclk        lvl=2   bd_i/layer_0/inst/u_core/u_topk/ent_reg[21][9]/CE <- bd_i/layer_0/inst/u_core/arg2_reg[0]/C
EP  -0.090 xdma_0_axi_aclk        lvl=8   bd_i/layer_0/inst/u_core/u_dn/g_lane[120].kvm_acc_reg[120]/DSP_A_B_DATA_INST/A[23] <- bd_i/layer_0/inst/u_core/u_dn/g_lane[120].dec_p_reg[120]/DSP_OUTPUT_INST/CLK
EP  -0.090 xdma_0_axi_aclk        lvl=2   bd_i/layer_0/inst/u_core/u_dn/p_1_out__9__7/DSP_A_B_DATA_INST/B[7] <- bd_i/layer_0/inst/u_core/u_dn/row_reg[0]/C
EP  -0.090 xdma_0_axi_aclk        lvl=5   bd_i/layer_0/inst/u_core/u_dma/fmem_reg_0_255_2_2/DP.D/I <- bd_i/layer_0/inst/u_core/kv_dmaq_reg[2]/C
EP  -0.090 xdma_0_axi_aclk        lvl=2   bd_i/layer_0/inst/u_core/u_attn/g_lane[238].prod_reg[238]/DSP_A_B_DATA_INST/B[13] <- bd_i/layer_0/inst/u_core/g_kvslot[1].mem_reg_uram_52/CLK
EP  -0.090 xdma_0_axi_aclk        lvl=2   bd_i/layer_0/inst/u_core/u_attn/g_lane[82].pv_p_reg[82]/DSP_A_B_DATA_INST/A[10] <- bd_i/layer_0/inst/u_core/g_kvslot[0].mem_reg_uram_18/CLK
EP  -0.090 xdma_0_axi_aclk        lvl=1   bd_i/layer_0/inst/u_core/u_dn/g_lane[111].dec_p_reg[111]/DSP_A_B_DATA_INST/A[3] <- bd_i/layer_0/inst/u_core/g_dnslot[0].mem_reg_uram_24/CLK
EP  -0.090 xdma_0_axi_aclk        lvl=3   bd_i/layer_0/inst/u_core/krow_reg[1251]/CE <- bd_i/layer_0/inst/u_core/kb_i_reg[2]/C
EP  -0.090 xdma_0_axi_aclk        lvl=3   bd_i/layer_0/inst/u_core/krow_reg[1254]/CE <- bd_i/layer_0/inst/u_core/kb_i_reg[2]/C
EP  -0.090 xdma_0_axi_aclk        lvl=9   bd_i/layer_0/inst/u_core/u_dma/fmem_reg_0_255_70_70/SP.A/I <- bd_i/layer_0/inst/u_core/u_dma/f_rp_reg[0]/C
EP  -0.090 xdma_0_axi_aclk        lvl=2   bd_i/layer_0/inst/u_core/u_attn/g_lane[64].prod_reg[64]/DSP_A_B_DATA_INST/B[12] <- bd_i/layer_0/inst/u_core/g_kvslot[0].mem_reg_uram_14/CLK
EP  -0.090 xdma_0_axi_aclk        lvl=7   bd_i/layer_0/inst/u_core/u_dn/g_lane[26].kvm_acc_reg[26]/DSP_A_B_DATA_INST/A[28] <- bd_i/layer_0/inst/u_core/u_dn/g_lane[26].dec_p_reg[26]/DSP_OUTPUT_INST/CLK
EP  -0.089 xdma_0_axi_aclk        lvl=0   bd_i/layer_0/inst/u_core/u_dn/g_lane[77].kvm_acc_reg[77]/DSP_OUTPUT_INST/RSTP <- bd_i/layer_0/inst/u_core/u_dn/clr_r_reg[2]/C
EP  -0.089 xdma_0_axi_aclk        lvl=2   bd_i/layer_0/inst/u_core/cw_wd_reg[23]/CE <- bd_i/layer_0/inst/u_core/rstn_i_reg_replica_21/C
EP  -0.089 xdma_0_axi_aclk        lvl=2   bd_i/layer_0/inst/u_core/cw_wd_reg[4]/CE <- bd_i/layer_0/inst/u_core/rstn_i_reg_replica_21/C
EP  -0.089 xdma_0_axi_aclk        lvl=10  bd_i/layer_0/inst/u_core/u_dn/p_0_out__0__18/DSP_A_B_DATA_INST/A[28] <- bd_i/layer_0/inst/u_core/u_dn/g_lane[28].kvm_acc_reg[28]/DSP_OUTPUT_INST/CLK
EP  -0.089 xdma_0_axi_aclk        lvl=2   bd_i/layer_0/inst/u_core/u_attn/g_lane[191].pv_p_reg[191]_i_1_psdsp/D <- bd_i/layer_0/inst/u_core/g_kvslot[0].mem_reg_uram_42/CLK
EP  -0.089 xdma_0_axi_aclk        lvl=0   bd_i/layer_0/inst/u_core/u_dn/g_lane[80].kvm_acc_reg[80]/DSP_OUTPUT_INST/CEP <- bd_i/layer_0/inst/u_core/u_dn/kvm_en_r_reg[2]/C
EP  -0.089 xdma_0_axi_aclk        lvl=2   bd_i/layer_0/inst/u_core/u_attn/g_lane[183].prod_reg[183]/DSP_A_B_DATA_INST/B[5] <- bd_i/layer_0/inst/u_core/g_kvslot[0].mem_reg_uram_40/CLK
EP  -0.089 xdma_0_axi_aclk        lvl=2   bd_i/layer_0/inst/u_core/u_dn/g_lane[126].kvm_acc_reg[126]/DSP_A_B_DATA_INST/B[9] <- bd_i/layer_0/inst/u_core/u_dn/row_reg[1]/C
EP  -0.089 xdma_0_axi_aclk        lvl=2   bd_i/layer_0/inst/u_core/u_attn/g_lane[191].pv_p_reg[191]_i_8_psdsp/D <- bd_i/layer_0/inst/u_core/g_kvslot[1].mem_reg_uram_42/CLK
EP  -0.088 xdma_0_axi_aclk        lvl=4   bd_i/layer_0/inst/u_core/u_dma/fmem_reg_0_255_241_241/SP.A/I <- bd_i/layer_0/inst/u_core/u_dma/rp_esub_reg[2][1]__0/C
EP  -0.088 xdma_0_axi_aclk        lvl=0   bd_i/layer_0/inst/u_core/u_dn/g_lane[31].o_acc_reg[31]/DSP_OUTPUT_INST/RSTP <- bd_i/layer_0/inst/u_core/u_dn/clr_r_reg[0]/C
EP  -0.088 xdma_0_axi_aclk        lvl=7   bd_i/layer_0/inst/u_core/u_dn/p_1_out__24__1/DSP_A_B_DATA_INST/A[13] <- bd_i/layer_0/inst/u_core/u_dn/g_lane[93].kvm_acc_reg[93]/DSP_OUTPUT_INST/CLK
EP  -0.088 xdma_0_axi_aclk        lvl=2   bd_i/layer_0/inst/u_core/u_dn/g_lane[89].p2_p_reg[89]/DSP_A_B_DATA_INST/B[8] <- bd_i/layer_0/inst/u_core/u_dn/row_reg[1]/C
EP  -0.088 xdma_0_axi_aclk        lvl=2   bd_i/layer_0/inst/u_core/u_attn/g_lane[22].pv_p_reg[22]_i_7_psdsp/D <- bd_i/layer_0/inst/u_core/g_kvslot[1].mem_reg_uram_4/CLK
EP  -0.088 xdma_0_axi_aclk        lvl=2   bd_i/layer_0/inst/u_core/u_attn/g_lane[82].pv_p_reg[82]/DSP_A_B_DATA_INST/A[25] <- bd_i/layer_0/inst/u_core/g_kvslot[0].mem_reg_uram_18/CLK
EP  -0.087 xdma_0_axi_aclk        lvl=10  bd_i/layer_0/inst/u_core/u_dn/g_lane[28].dm_p_reg[28]/DSP_A_B_DATA_INST/A[26] <- bd_i/layer_0/inst/u_core/u_dn/g_lane[28].kvm_acc_reg[28]/DSP_OUTPUT_INST/CLK
EP  -0.087 xdma_0_axi_aclk        lvl=1   bd_i/layer_0/inst/u_core/u_dn/g_lane[110].dec_p_reg[110]/DSP_A_B_DATA_INST/A[1] <- bd_i/layer_0/inst/u_core/g_dnslot[0].mem_reg_uram_24/CLK
EP  -0.087 xdma_0_axi_aclk        lvl=2   bd_i/layer_0/inst/u_core/u_attn/g_lane[181].pv_p_reg[181]/DSP_A_B_DATA_INST/A[2] <- bd_i/layer_0/inst/u_core/g_kvslot[0].mem_reg_uram_40/CLK
EP  -0.087 xdma_0_axi_aclk        lvl=2   bd_i/layer_0/inst/u_core/cw_wd_reg[14]/CE <- bd_i/layer_0/inst/u_core/rstn_i_reg_replica_21/C
EP  -0.087 xdma_0_axi_aclk        lvl=2   bd_i/layer_0/inst/u_core/cw_wd_reg[24]/CE <- bd_i/layer_0/inst/u_core/rstn_i_reg_replica_21/C
EP  -0.087 xdma_0_axi_aclk        lvl=2   bd_i/layer_0/inst/u_core/cw_wd_reg[28]/CE <- bd_i/layer_0/inst/u_core/rstn_i_reg_replica_21/C
EP  -0.086 xdma_0_axi_aclk        lvl=2   bd_i/layer_0/inst/u_core/u_attn/g_lane[24].prod_reg[24]_i_3_psdsp_1/D <- bd_i/layer_0/inst/u_core/g_kvslot[1].mem_reg_uram_4/CLK
EP  -0.086 xdma_0_axi_aclk        lvl=7   bd_i/layer_0/inst/u_core/u_dn/g_lane[115].kvm_acc_reg[115]/DSP_A_B_DATA_INST/A[18] <- bd_i/layer_0/inst/u_core/u_dn/g_lane[115].dec_p_reg[115]/DSP_OUTPUT_INST/CLK
EP  -0.086 xdma_0_axi_aclk        lvl=2   bd_i/layer_0/inst/u_core/u_attn/g_lane[23].pv_p_reg[23]_i_4_psdsp_1/D <- bd_i/layer_0/inst/u_core/g_kvslot[1].mem_reg_uram_4/CLK
EP  -0.086 xdma_0_axi_aclk        lvl=8   bd_i/layer_0/inst/u_core/u_dn/p_0_out__2__14/DSP_A_B_DATA_INST/A[24] <- bd_i/layer_0/inst/u_core/u_dn/g_lane[46].kvm_acc_reg[46]/DSP_OUTPUT_INST/CLK
EP  -0.086 xdma_0_axi_aclk        lvl=2   bd_i/layer_0/inst/u_core/u_attn/g_lane[154].pv_p_reg[154]/DSP_A_B_DATA_INST/A[21] <- bd_i/layer_0/inst/u_core/g_kvslot[1].mem_reg_uram_34/CLK
EP  -0.086 xdma_0_axi_aclk        lvl=2   bd_i/layer_0/inst/u_core/u_attn/g_lane[191].pv_p_reg[191]_i_8_psdsp_1/D <- bd_i/layer_0/inst/u_core/g_kvslot[1].mem_reg_uram_42/CLK
EP  -0.085 xdma_0_axi_aclk        lvl=3   bd_i/layer_0/inst/u_core/krow_reg[221]/D <- bd_i/layer_0/inst/u_core/kb_i_reg[2]/C
EP  -0.085 xdma_0_axi_aclk        lvl=2   bd_i/layer_0/inst/u_core/u_attn/g_lane[39].pv_p_reg[39]_i_3_psdsp_1/D <- bd_i/layer_0/inst/u_core/g_kvslot[0].mem_reg_uram_8/CLK
EP  -0.085 xdma_0_axi_aclk        lvl=9   bd_i/layer_0/inst/u_core/u_dn/g_lane[28].dm_p_reg[28]/DSP_A_B_DATA_INST/A[22] <- bd_i/layer_0/inst/u_core/u_dn/g_lane[28].kvm_acc_reg[28]/DSP_OUTPUT_INST/CLK
EP  -0.085 xdma_0_axi_aclk        lvl=1   bd_i/layer_0/inst/u_core/u_dn/g_lane[72].dec_p_reg[72]/DSP_A_B_DATA_INST/A[0] <- bd_i/layer_0/inst/u_core/g_dnslot[0].mem_reg_uram_16/CLK
EP  -0.085 xdma_0_axi_aclk        lvl=4   bd_i/layer_0/inst/u_core/krow_reg[415]/D <- bd_i/layer_0/inst/u_core/kb_i_reg[0]/C
EP  -0.085 xdma_0_axi_aclk        lvl=11  bd_i/layer_0/inst/u_core/u_alu/ps_rnd_reg[7]/D <- bd_i/layer_0/inst/u_core/u_alu/maxp_reg[36]/C
EP  -0.085 xdma_0_axi_aclk        lvl=2   bd_i/layer_0/inst/u_core/u_dn/p_1_out__9__7/DSP_A_B_DATA_INST/B[2] <- bd_i/layer_0/inst/u_core/u_dn/row_reg[3]/C
EP  -0.085 xdma_0_axi_aclk        lvl=4   bd_i/layer_0/inst/u_core/u_dma/fmem_reg_0_255_214_214/DP.A/I <- bd_i/layer_0/inst/u_core/dma_kind_reg[0]_replica_13/C
EP  -0.085 xdma_0_axi_aclk        lvl=2   bd_i/layer_0/inst/u_core/u_attn/g_lane[41].pv_p_reg[41]_i_7_psdsp_1/D <- bd_i/layer_0/inst/u_core/g_kvslot[0].mem_reg_uram_8/CLK
EP  -0.084 xdma_0_axi_aclk        lvl=3   bd_i/layer_0/inst/u_core/smem_b_reg_bram_15/ADDRARDADDR[1] <- bd_i/layer_0/inst/u_core/cmd_op_reg[1]/C
EP  -0.084 xdma_0_axi_aclk        lvl=2   bd_i/layer_0/inst/u_core/u_attn/g_lane[39].pv_p_reg[39]_i_3_psdsp/D <- bd_i/layer_0/inst/u_core/g_kvslot[0].mem_reg_uram_8/CLK
EP  -0.084 xdma_0_axi_aclk        lvl=2   bd_i/layer_0/inst/u_core/u_attn/g_lane[23].pv_p_reg[23]_i_4_psdsp/D <- bd_i/layer_0/inst/u_core/g_kvslot[1].mem_reg_uram_4/CLK
EP  -0.084 xdma_0_axi_aclk        lvl=0   bd_i/layer_0/inst/u_core/u_dn/p_1_out__42/DSP_PREADD_DATA_INST/DIN[13] <- bd_i/layer_0/inst/u_core/u_dn/vdata_q_reg[13]_rep__8/C
EP  -0.084 xdma_0_axi_aclk        lvl=2   bd_i/layer_0/inst/u_core/u_attn/g_lane[101].pv_p_reg[101]/DSP_A_B_DATA_INST/A[16] <- bd_i/layer_0/inst/u_core/g_kvslot[0].mem_reg_uram_22/CLK
EP  -0.084 xdma_0_axi_aclk        lvl=5   bd_i/layer_0/inst/u_core/u_dn/p_0_out__3__13/DSP_A_B_DATA_INST/A[21] <- bd_i/layer_0/inst/u_core/u_dn/p_1_out__6__16/DSP_OUTPUT_INST/CLK
EP  -0.083 xdma_0_axi_aclk        lvl=4   bd_i/layer_0/inst/u_core/krow_reg[786]/D <- bd_i/layer_0/inst/u_core/kb_i_reg[2]/C
EP  -0.083 xdma_0_axi_aclk        lvl=8   bd_i/layer_0/inst/u_core/u_dn/p_1_out__6__16/DSP_A_B_DATA_INST/A[24] <- bd_i/layer_0/inst/u_core/u_dn/g_lane[117].kvm_acc_reg[117]/DSP_OUTPUT_INST/CLK
EP  -0.083 xdma_0_axi_aclk        lvl=2   bd_i/layer_0/inst/u_core/u_attn/g_lane[145].pv_p_reg[145]/DSP_A_B_DATA_INST/A[21] <- bd_i/layer_0/inst/u_core/g_kvslot[0].mem_reg_uram_32/CLK
EP  -0.083 xdma_0_axi_aclk        lvl=11  bd_i/layer_0/inst/u_core/u_alu/ps_rnd_reg[18]/D <- bd_i/layer_0/inst/u_core/u_alu/maxp_reg[36]/C
EP  -0.083 xdma_0_axi_aclk        lvl=5   bd_i/layer_0/inst/u_core/u_attn/dot_reg[20]/D <- bd_i/layer_0/inst/u_core/u_attn/g_ps64[3].psum16_reg[3][13]/C
EP  -0.083 xdma_0_axi_aclk        lvl=0   bd_i/layer_0/inst/u_core/u_attn/g_lane[221].prod_reg[221]/DSP_A_B_DATA_INST/A[8] <- bd_i/layer_0/inst/u_core/at_qdata_reg[8]_rep__3/C
EP  -0.083 xdma_0_axi_aclk        lvl=9   bd_i/layer_0/inst/u_core/u_dn/p_1_out__5__14/DSP_A_B_DATA_INST/A[18] <- bd_i/layer_0/inst/u_core/u_dn/g_lane[34].kvm_acc_reg[34]/DSP_OUTPUT_INST/CLK
EP  -0.083 xdma_0_axi_aclk        lvl=0   bd_i/layer_0/inst/u_core/u_dn/g_lane[58].dm_p_reg[58]/DSP_PREADD_DATA_INST/DIN[12] <- bd_i/layer_0/inst/u_core/u_dn/vdata_q_reg[12]/C
EP  -0.082 xdma_0_axi_aclk        lvl=2   bd_i/layer_0/inst/u_core/u_attn/g_lane[101].pv_p_reg[101]/DSP_A_B_DATA_INST/A[7] <- bd_i/layer_0/inst/u_core/g_kvslot[0].mem_reg_uram_22/CLK
EP  -0.082 xdma_0_axi_aclk        lvl=2   bd_i/layer_0/inst/u_core/u_attn/g_lane[186].pv_p_reg[186]/DSP_A_B_DATA_INST/A[1] <- bd_i/layer_0/inst/u_core/g_kvslot[0].mem_reg_uram_40/CLK
EP  -0.082 xdma_0_axi_aclk        lvl=8   bd_i/layer_0/inst/u_core/n_elems_reg[4]/R <- bd_i/layer_0/inst/u_core/sld_pend_reg[1][1][2]/C
EP  -0.082 xdma_0_axi_aclk        lvl=8   bd_i/layer_0/inst/u_core/n_elems_reg[5]/R <- bd_i/layer_0/inst/u_core/sld_pend_reg[1][1][2]/C
EP  -0.082 xdma_0_axi_aclk        lvl=8   bd_i/layer_0/inst/u_core/n_elems_reg[6]/R <- bd_i/layer_0/inst/u_core/sld_pend_reg[1][1][2]/C
EP  -0.082 xdma_0_axi_aclk        lvl=8   bd_i/layer_0/inst/u_core/n_elems_reg[7]/R <- bd_i/layer_0/inst/u_core/sld_pend_reg[1][1][2]/C
EP  -0.082 xdma_0_axi_aclk        lvl=5   bd_i/layer_0/inst/u_core/u_dn/p_0_out__4__5/DSP_OUTPUT_INST/ALU_OUT[0] <- bd_i/layer_0/inst/u_core/u_dn/beta_r_reg[2][1]/C
EP  -0.082 xdma_0_axi_aclk        lvl=5   bd_i/layer_0/inst/u_core/u_dn/p_0_out__4__5/DSP_OUTPUT_INST/ALU_OUT[10] <- bd_i/layer_0/inst/u_core/u_dn/beta_r_reg[2][1]/C
EP  -0.082 xdma_0_axi_aclk        lvl=5   bd_i/layer_0/inst/u_core/u_dn/p_0_out__4__5/DSP_OUTPUT_INST/ALU_OUT[11] <- bd_i/layer_0/inst/u_core/u_dn/beta_r_reg[2][1]/C
EP  -0.082 xdma_0_axi_aclk        lvl=5   bd_i/layer_0/inst/u_core/u_dn/p_0_out__4__5/DSP_OUTPUT_INST/ALU_OUT[12] <- bd_i/layer_0/inst/u_core/u_dn/beta_r_reg[2][1]/C
EP  -0.082 xdma_0_axi_aclk        lvl=5   bd_i/layer_0/inst/u_core/u_dn/p_0_out__4__5/DSP_OUTPUT_INST/ALU_OUT[13] <- bd_i/layer_0/inst/u_core/u_dn/beta_r_reg[2][1]/C
EP  -0.082 xdma_0_axi_aclk        lvl=5   bd_i/layer_0/inst/u_core/u_dn/p_0_out__4__5/DSP_OUTPUT_INST/ALU_OUT[14] <- bd_i/layer_0/inst/u_core/u_dn/beta_r_reg[2][1]/C
EP  -0.082 xdma_0_axi_aclk        lvl=5   bd_i/layer_0/inst/u_core/u_dn/p_0_out__4__5/DSP_OUTPUT_INST/ALU_OUT[15] <- bd_i/layer_0/inst/u_core/u_dn/beta_r_reg[2][1]/C
EP  -0.082 xdma_0_axi_aclk        lvl=5   bd_i/layer_0/inst/u_core/u_dn/p_0_out__4__5/DSP_OUTPUT_INST/ALU_OUT[16] <- bd_i/layer_0/inst/u_core/u_dn/beta_r_reg[2][1]/C
EP  -0.082 xdma_0_axi_aclk        lvl=5   bd_i/layer_0/inst/u_core/u_dn/p_0_out__4__5/DSP_OUTPUT_INST/ALU_OUT[17] <- bd_i/layer_0/inst/u_core/u_dn/beta_r_reg[2][1]/C
EP  -0.082 xdma_0_axi_aclk        lvl=5   bd_i/layer_0/inst/u_core/u_dn/p_0_out__4__5/DSP_OUTPUT_INST/ALU_OUT[18] <- bd_i/layer_0/inst/u_core/u_dn/beta_r_reg[2][1]/C
EP  -0.082 xdma_0_axi_aclk        lvl=5   bd_i/layer_0/inst/u_core/u_dn/p_0_out__4__5/DSP_OUTPUT_INST/ALU_OUT[19] <- bd_i/layer_0/inst/u_core/u_dn/beta_r_reg[2][1]/C
EP  -0.082 xdma_0_axi_aclk        lvl=5   bd_i/layer_0/inst/u_core/u_dn/p_0_out__4__5/DSP_OUTPUT_INST/ALU_OUT[1] <- bd_i/layer_0/inst/u_core/u_dn/beta_r_reg[2][1]/C
EP  -0.082 xdma_0_axi_aclk        lvl=5   bd_i/layer_0/inst/u_core/u_dn/p_0_out__4__5/DSP_OUTPUT_INST/ALU_OUT[20] <- bd_i/layer_0/inst/u_core/u_dn/beta_r_reg[2][1]/C
EP  -0.082 xdma_0_axi_aclk        lvl=5   bd_i/layer_0/inst/u_core/u_dn/p_0_out__4__5/DSP_OUTPUT_INST/ALU_OUT[21] <- bd_i/layer_0/inst/u_core/u_dn/beta_r_reg[2][1]/C
EP  -0.082 xdma_0_axi_aclk        lvl=5   bd_i/layer_0/inst/u_core/u_dn/p_0_out__4__5/DSP_OUTPUT_INST/ALU_OUT[22] <- bd_i/layer_0/inst/u_core/u_dn/beta_r_reg[2][1]/C
EP  -0.082 xdma_0_axi_aclk        lvl=5   bd_i/layer_0/inst/u_core/u_dn/p_0_out__4__5/DSP_OUTPUT_INST/ALU_OUT[23] <- bd_i/layer_0/inst/u_core/u_dn/beta_r_reg[2][1]/C
EP  -0.082 xdma_0_axi_aclk        lvl=5   bd_i/layer_0/inst/u_core/u_dn/p_0_out__4__5/DSP_OUTPUT_INST/ALU_OUT[24] <- bd_i/layer_0/inst/u_core/u_dn/beta_r_reg[2][1]/C
EP  -0.082 xdma_0_axi_aclk        lvl=5   bd_i/layer_0/inst/u_core/u_dn/p_0_out__4__5/DSP_OUTPUT_INST/ALU_OUT[25] <- bd_i/layer_0/inst/u_core/u_dn/beta_r_reg[2][1]/C
EP  -0.082 xdma_0_axi_aclk        lvl=5   bd_i/layer_0/inst/u_core/u_dn/p_0_out__4__5/DSP_OUTPUT_INST/ALU_OUT[26] <- bd_i/layer_0/inst/u_core/u_dn/beta_r_reg[2][1]/C
EP  -0.082 xdma_0_axi_aclk        lvl=5   bd_i/layer_0/inst/u_core/u_dn/p_0_out__4__5/DSP_OUTPUT_INST/ALU_OUT[27] <- bd_i/layer_0/inst/u_core/u_dn/beta_r_reg[2][1]/C
EP  -0.082 xdma_0_axi_aclk        lvl=5   bd_i/layer_0/inst/u_core/u_dn/p_0_out__4__5/DSP_OUTPUT_INST/ALU_OUT[28] <- bd_i/layer_0/inst/u_core/u_dn/beta_r_reg[2][1]/C
EP  -0.082 xdma_0_axi_aclk        lvl=5   bd_i/layer_0/inst/u_core/u_dn/p_0_out__4__5/DSP_OUTPUT_INST/ALU_OUT[29] <- bd_i/layer_0/inst/u_core/u_dn/beta_r_reg[2][1]/C
EP  -0.082 xdma_0_axi_aclk        lvl=5   bd_i/layer_0/inst/u_core/u_dn/p_0_out__4__5/DSP_OUTPUT_INST/ALU_OUT[2] <- bd_i/layer_0/inst/u_core/u_dn/beta_r_reg[2][1]/C
EP  -0.082 xdma_0_axi_aclk        lvl=5   bd_i/layer_0/inst/u_core/u_dn/p_0_out__4__5/DSP_OUTPUT_INST/ALU_OUT[30] <- bd_i/layer_0/inst/u_core/u_dn/beta_r_reg[2][1]/C
EP  -0.082 xdma_0_axi_aclk        lvl=5   bd_i/layer_0/inst/u_core/u_dn/p_0_out__4__5/DSP_OUTPUT_INST/ALU_OUT[31] <- bd_i/layer_0/inst/u_core/u_dn/beta_r_reg[2][1]/C
EP  -0.082 xdma_0_axi_aclk        lvl=5   bd_i/layer_0/inst/u_core/u_dn/p_0_out__4__5/DSP_OUTPUT_INST/ALU_OUT[32] <- bd_i/layer_0/inst/u_core/u_dn/beta_r_reg[2][1]/C
EP  -0.082 xdma_0_axi_aclk        lvl=5   bd_i/layer_0/inst/u_core/u_dn/p_0_out__4__5/DSP_OUTPUT_INST/ALU_OUT[33] <- bd_i/layer_0/inst/u_core/u_dn/beta_r_reg[2][1]/C
EP  -0.082 xdma_0_axi_aclk        lvl=5   bd_i/layer_0/inst/u_core/u_dn/p_0_out__4__5/DSP_OUTPUT_INST/ALU_OUT[34] <- bd_i/layer_0/inst/u_core/u_dn/beta_r_reg[2][1]/C
EP  -0.082 xdma_0_axi_aclk        lvl=5   bd_i/layer_0/inst/u_core/u_dn/p_0_out__4__5/DSP_OUTPUT_INST/ALU_OUT[35] <- bd_i/layer_0/inst/u_core/u_dn/beta_r_reg[2][1]/C
EP  -0.082 xdma_0_axi_aclk        lvl=5   bd_i/layer_0/inst/u_core/u_dn/p_0_out__4__5/DSP_OUTPUT_INST/ALU_OUT[36] <- bd_i/layer_0/inst/u_core/u_dn/beta_r_reg[2][1]/C
EP  -0.082 xdma_0_axi_aclk        lvl=5   bd_i/layer_0/inst/u_core/u_dn/p_0_out__4__5/DSP_OUTPUT_INST/ALU_OUT[37] <- bd_i/layer_0/inst/u_core/u_dn/beta_r_reg[2][1]/C
EP  -0.082 xdma_0_axi_aclk        lvl=5   bd_i/layer_0/inst/u_core/u_dn/p_0_out__4__5/DSP_OUTPUT_INST/ALU_OUT[38] <- bd_i/layer_0/inst/u_core/u_dn/beta_r_reg[2][1]/C
EP  -0.082 xdma_0_axi_aclk        lvl=5   bd_i/layer_0/inst/u_core/u_dn/p_0_out__4__5/DSP_OUTPUT_INST/ALU_OUT[39] <- bd_i/layer_0/inst/u_core/u_dn/beta_r_reg[2][1]/C
EP  -0.082 xdma_0_axi_aclk        lvl=5   bd_i/layer_0/inst/u_core/u_dn/p_0_out__4__5/DSP_OUTPUT_INST/ALU_OUT[3] <- bd_i/layer_0/inst/u_core/u_dn/beta_r_reg[2][1]/C
EP  -0.082 xdma_0_axi_aclk        lvl=5   bd_i/layer_0/inst/u_core/u_dn/p_0_out__4__5/DSP_OUTPUT_INST/ALU_OUT[40] <- bd_i/layer_0/inst/u_core/u_dn/beta_r_reg[2][1]/C
EP  -0.082 xdma_0_axi_aclk        lvl=5   bd_i/layer_0/inst/u_core/u_dn/p_0_out__4__5/DSP_OUTPUT_INST/ALU_OUT[41] <- bd_i/layer_0/inst/u_core/u_dn/beta_r_reg[2][1]/C
EP  -0.082 xdma_0_axi_aclk        lvl=5   bd_i/layer_0/inst/u_core/u_dn/p_0_out__4__5/DSP_OUTPUT_INST/ALU_OUT[42] <- bd_i/layer_0/inst/u_core/u_dn/beta_r_reg[2][1]/C
EP  -0.082 xdma_0_axi_aclk        lvl=5   bd_i/layer_0/inst/u_core/u_dn/p_0_out__4__5/DSP_OUTPUT_INST/ALU_OUT[43] <- bd_i/layer_0/inst/u_core/u_dn/beta_r_reg[2][1]/C
EP  -0.082 xdma_0_axi_aclk        lvl=5   bd_i/layer_0/inst/u_core/u_dn/p_0_out__4__5/DSP_OUTPUT_INST/ALU_OUT[44] <- bd_i/layer_0/inst/u_core/u_dn/beta_r_reg[2][1]/C
EP  -0.082 xdma_0_axi_aclk        lvl=5   bd_i/layer_0/inst/u_core/u_dn/p_0_out__4__5/DSP_OUTPUT_INST/ALU_OUT[45] <- bd_i/layer_0/inst/u_core/u_dn/beta_r_reg[2][1]/C
EP  -0.082 xdma_0_axi_aclk        lvl=5   bd_i/layer_0/inst/u_core/u_dn/p_0_out__4__5/DSP_OUTPUT_INST/ALU_OUT[46] <- bd_i/layer_0/inst/u_core/u_dn/beta_r_reg[2][1]/C
EP  -0.082 xdma_0_axi_aclk        lvl=5   bd_i/layer_0/inst/u_core/u_dn/p_0_out__4__5/DSP_OUTPUT_INST/ALU_OUT[47] <- bd_i/layer_0/inst/u_core/u_dn/beta_r_reg[2][1]/C
EP  -0.082 xdma_0_axi_aclk        lvl=5   bd_i/layer_0/inst/u_core/u_dn/p_0_out__4__5/DSP_OUTPUT_INST/ALU_OUT[4] <- bd_i/layer_0/inst/u_core/u_dn/beta_r_reg[2][1]/C
EP  -0.082 xdma_0_axi_aclk        lvl=5   bd_i/layer_0/inst/u_core/u_dn/p_0_out__4__5/DSP_OUTPUT_INST/ALU_OUT[5] <- bd_i/layer_0/inst/u_core/u_dn/beta_r_reg[2][1]/C
EP  -0.082 xdma_0_axi_aclk        lvl=5   bd_i/layer_0/inst/u_core/u_dn/p_0_out__4__5/DSP_OUTPUT_INST/ALU_OUT[6] <- bd_i/layer_0/inst/u_core/u_dn/beta_r_reg[2][1]/C
EP  -0.082 xdma_0_axi_aclk        lvl=5   bd_i/layer_0/inst/u_core/u_dn/p_0_out__4__5/DSP_OUTPUT_INST/ALU_OUT[7] <- bd_i/layer_0/inst/u_core/u_dn/beta_r_reg[2][1]/C
EP  -0.082 xdma_0_axi_aclk        lvl=5   bd_i/layer_0/inst/u_core/u_dn/p_0_out__4__5/DSP_OUTPUT_INST/ALU_OUT[8] <- bd_i/layer_0/inst/u_core/u_dn/beta_r_reg[2][1]/C
EP  -0.082 xdma_0_axi_aclk        lvl=5   bd_i/layer_0/inst/u_core/u_dn/p_0_out__4__5/DSP_OUTPUT_INST/ALU_OUT[9] <- bd_i/layer_0/inst/u_core/u_dn/beta_r_reg[2][1]/C
EP  -0.082 xdma_0_axi_aclk        lvl=5   bd_i/layer_0/inst/u_core/u_dn/p_1_out__3__17/DSP_A_B_DATA_INST/A[29] <- bd_i/layer_0/inst/u_core/u_dn/p_1_out__2__17/DSP_OUTPUT_INST/CLK
EP  -0.082 xdma_0_axi_aclk        lvl=2   bd_i/layer_0/inst/u_core/u_attn/g_lane[67].prod_reg[67]/DSP_A_B_DATA_INST/B[3] <- bd_i/layer_0/inst/u_core/g_kvslot[0].mem_reg_uram_14/CLK
EP  -0.082 xdma_0_axi_aclk        lvl=4   bd_i/layer_0/inst/u_core/u_dma/fmem_reg_0_255_507_507/SP.A/I <- bd_i/layer_0/inst/u_core/u_dma/rp_esub_reg[2][0]__0/C
EP  -0.082 xdma_0_axi_aclk        lvl=7   bd_i/layer_0/inst/u_core/u_dn/g_lane[26].kvm_acc_reg[26]/DSP_A_B_DATA_INST/A[19] <- bd_i/layer_0/inst/u_core/u_dn/g_lane[26].dec_p_reg[26]/DSP_OUTPUT_INST/CLK
EP  -0.082 xdma_0_axi_aclk        lvl=11  bd_i/layer_0/inst/u_core/u_alu/ps_rnd_reg[17]/D <- bd_i/layer_0/inst/u_core/u_alu/maxp_reg[36]/C
EP  -0.082 xdma_0_axi_aclk        lvl=1   bd_i/layer_0/inst/u_core/cw_wd_reg[53]/D <- bd_i/layer_0/inst/u_core/smem_a_reg_bram_10/CLKBWRCLK
EP  -0.081 xdma_0_axi_aclk        lvl=2   bd_i/layer_0/inst/u_core/u_attn/g_lane[21].pv_p_reg[21]_i_3_psdsp_1/D <- bd_i/layer_0/inst/u_core/g_kvslot[1].mem_reg_uram_4/CLK
EP  -0.081 xdma_0_axi_aclk        lvl=9   bd_i/layer_0/inst/u_core/st_reg[0]/CE <- bd_i/layer_0/inst/u_core/eq_reg[2]/C
EP  -0.081 xdma_0_axi_aclk        lvl=9   bd_i/layer_0/inst/u_core/st_reg[5]/CE <- bd_i/layer_0/inst/u_core/eq_reg[2]/C
EP  -0.081 xdma_0_axi_aclk        lvl=2   bd_i/layer_0/inst/u_core/u_dn/g_lane[29].kvm_acc_reg[29]/DSP_A_B_DATA_INST/B[9] <- bd_i/layer_0/inst/u_core/u_dn/row_reg[1]/C
EP  -0.081 xdma_0_axi_aclk        lvl=9   bd_i/layer_0/inst/u_core/u_dma/fmem_reg_0_255_91_91/SP.A/I <- bd_i/layer_0/inst/u_core/u_dma/f_rp_reg[0]/C
EP  -0.081 xdma_0_axi_aclk        lvl=9   bd_i/layer_0/inst/u_core/u_dma/fmem_reg_0_255_91_91/SP.D/I <- bd_i/layer_0/inst/u_core/u_dma/f_rp_reg[0]/C
EP  -0.081 xdma_0_axi_aclk        lvl=2   bd_i/layer_0/inst/u_core/u_attn/g_lane[32].pv_p_reg[32]/DSP_A_B_DATA_INST/A[16] <- bd_i/layer_0/inst/u_core/g_kvslot[1].mem_reg_uram_6/CLK
EP  -0.081 xdma_0_axi_aclk        lvl=1   bd_i/layer_0/inst/u_core/u_dn/p_1_out__8__0/DSP_A_B_DATA_INST/A[9] <- bd_i/layer_0/inst/u_core/g_dnslot[0].mem_reg_uram_4/CLK
EP  -0.081 xdma_0_axi_aclk        lvl=2   bd_i/layer_0/inst/u_core/u_attn/g_lane[141].prod_reg[141]/DSP_A_B_DATA_INST/B[6] <- bd_i/layer_0/inst/u_core/g_kvslot[1].mem_reg_uram_30/CLK
EP  -0.081 xdma_0_axi_aclk        lvl=2   bd_i/layer_0/inst/u_core/u_attn/g_lane[190].pv_p_reg[190]_i_5_psdsp_1/D <- bd_i/layer_0/inst/u_core/g_kvslot[0].mem_reg_uram_42/CLK
EP  -0.080 xdma_0_axi_aclk        lvl=4   bd_i/layer_0/inst/u_core/krow_reg[1463]/D <- bd_i/layer_0/inst/u_core/kb_i_reg[3]/C
EP  -0.080 xdma_0_axi_aclk        lvl=2   bd_i/layer_0/inst/u_core/u_attn/g_lane[63].pv_p_reg[63]/DSP_A_B_DATA_INST/A[21] <- bd_i/layer_0/inst/u_core/g_kvslot[1].mem_reg_uram_14/CLK
EP  -0.080 xdma_0_axi_aclk        lvl=7   bd_i/layer_0/inst/u_core/u_dn/g_lane[127].kvm_acc_reg[127]/DSP_A_B_DATA_INST/A[18] <- bd_i/layer_0/inst/u_core/u_dn/g_lane[127].dec_p_reg[127]/DSP_OUTPUT_INST/CLK
EP  -0.080 xdma_0_axi_aclk        lvl=2   bd_i/layer_0/inst/u_core/u_attn/g_lane[44].prod_reg[44]_i_9_psdsp/D <- bd_i/layer_0/inst/u_core/g_kvslot[0].mem_reg_uram_8/CLK
EP  -0.080 xdma_0_axi_aclk        lvl=2   bd_i/layer_0/inst/u_core/u_attn/g_lane[44].prod_reg[44]_i_9_psdsp_1/D <- bd_i/layer_0/inst/u_core/g_kvslot[0].mem_reg_uram_8/CLK
EP  -0.080 xdma_0_axi_aclk        lvl=7   bd_i/layer_0/inst/u_core/u_dn/g_lane[26].kvm_acc_reg[26]/DSP_A_B_DATA_INST/A[20] <- bd_i/layer_0/inst/u_core/u_dn/g_lane[26].dec_p_reg[26]/DSP_OUTPUT_INST/CLK
EP  -0.079 xdma_0_axi_aclk        lvl=10  bd_i/layer_0/inst/u_core/u_dn/g_lane[28].dm_p_reg[28]/DSP_A_B_DATA_INST/A[27] <- bd_i/layer_0/inst/u_core/u_dn/g_lane[28].kvm_acc_reg[28]/DSP_OUTPUT_INST/CLK
EP  -0.079 xdma_0_axi_aclk        lvl=2   bd_i/layer_0/inst/u_core/u_attn/g_lane[83].pv_p_reg[83]/DSP_A_B_DATA_INST/A[3] <- bd_i/layer_0/inst/u_core/g_kvslot[0].mem_reg_uram_18/CLK
EP  -0.079 xdma_0_axi_aclk        lvl=1   bd_i/layer_0/inst/u_core/u_dn/g_lane[37].p2_p_reg[37]_i_12_psdsp_4/CE <- bd_i/layer_0/inst/u_core/u_dn/st_reg[4]/C
EP  -0.079 xdma_0_axi_aclk        lvl=1   bd_i/layer_0/inst/u_core/u_dn/g_lane[37].p2_p_reg[37]_i_9_psdsp_4/CE <- bd_i/layer_0/inst/u_core/u_dn/st_reg[4]/C
EP  -0.079 xdma_0_axi_aclk        lvl=5   bd_i/layer_0/inst/u_core/u_attn/dot_reg[19]/D <- bd_i/layer_0/inst/u_core/u_attn/g_ps64[3].psum16_reg[3][13]/C
EP  -0.079 xdma_0_axi_aclk        lvl=0   bd_i/layer_0/inst/u_core/u_dn/p_1_out__0__20/DSP_PREADD_DATA_INST/DIN[0] <- bd_i/layer_0/inst/u_core/u_dn/vdata_q_reg[0]_rep__10/C
EP  -0.078 xdma_0_axi_aclk        lvl=2   bd_i/axi_smc/inst/s02_entry_pipeline/s02_mmu/inst/FSM_onehot_gen_endpoint.r_state_reg[3]_rep_replica_1/CE <- bd_i/axi_smc/inst/s02_entry_pipeline/s02_mmu/inst/r_sreg/state_reg[s_ready_i]/C
EP  -0.078 xdma_0_axi_aclk        lvl=3   bd_i/layer_0/inst/u_core/smem_a_reg_bram_27/ADDRARDADDR[4] <- bd_i/layer_0/inst/u_core/cmd_op_reg[1]/C
EP  -0.078 xdma_0_axi_aclk        lvl=4   bd_i/layer_0/inst/u_core/u_dma/fmem_reg_0_255_430_430/DP.D/I <- bd_i/layer_0/inst/u_core/u_dma/rp_esub_reg[2][3]__0/C
EP  -0.078 xdma_0_axi_aclk        lvl=2   bd_i/layer_0/inst/u_core/u_attn/g_lane[181].prod_reg[181]/DSP_A_B_DATA_INST/B[5] <- bd_i/layer_0/inst/u_core/g_kvslot[0].mem_reg_uram_40/CLK
EP  -0.078 xdma_0_axi_aclk        lvl=8   bd_i/layer_0/inst/u_core/u_dma/fmem_reg_0_255_456_456/SP.A/I <- bd_i/layer_0/inst/u_core/u_dma/f_rp_reg[0]/C
EP  -0.078 xdma_0_axi_aclk        lvl=2   bd_i/layer_0/inst/u_core/g_dnslot[1].mem_reg_uram_27/ADDR_A[10] <- bd_i/layer_0/inst/u_core/dma_kind_reg[0]_replica_16/C
EP  -0.078 xdma_0_axi_aclk        lvl=2   bd_i/layer_0/inst/u_core/u_attn/g_lane[32].pv_p_reg[32]/DSP_A_B_DATA_INST/A[18] <- bd_i/layer_0/inst/u_core/g_kvslot[1].mem_reg_uram_6/CLK
EP  -0.077 xdma_0_axi_aclk        lvl=1   bd_i/layer_0/inst/u_core/u_dn/g_lane[37].p2_p_reg[37]_i_10_psdsp_4/CE <- bd_i/layer_0/inst/u_core/u_dn/st_reg[4]/C
EP  -0.077 xdma_0_axi_aclk        lvl=1   bd_i/layer_0/inst/u_core/u_dn/g_lane[76].kvm_acc_reg[76]_i_2_psdsp_27/CE <- bd_i/layer_0/inst/u_core/u_dn/st_reg[4]/C
EP  -0.077 xdma_0_axi_aclk        lvl=5   bd_i/layer_0/inst/u_core/u_dn/g_lane[115].dm_p_reg[115]/DSP_OUTPUT_INST/ALU_OUT[0] <- bd_i/layer_0/inst/u_core/u_dn/beta_r_reg[3][0]/C
EP  -0.077 xdma_0_axi_aclk        lvl=5   bd_i/layer_0/inst/u_core/u_dn/g_lane[115].dm_p_reg[115]/DSP_OUTPUT_INST/ALU_OUT[10] <- bd_i/layer_0/inst/u_core/u_dn/beta_r_reg[3][0]/C
EP  -0.077 xdma_0_axi_aclk        lvl=5   bd_i/layer_0/inst/u_core/u_dn/g_lane[115].dm_p_reg[115]/DSP_OUTPUT_INST/ALU_OUT[11] <- bd_i/layer_0/inst/u_core/u_dn/beta_r_reg[3][0]/C
EP  -0.077 xdma_0_axi_aclk        lvl=5   bd_i/layer_0/inst/u_core/u_dn/g_lane[115].dm_p_reg[115]/DSP_OUTPUT_INST/ALU_OUT[12] <- bd_i/layer_0/inst/u_core/u_dn/beta_r_reg[3][0]/C
EP  -0.077 xdma_0_axi_aclk        lvl=5   bd_i/layer_0/inst/u_core/u_dn/g_lane[115].dm_p_reg[115]/DSP_OUTPUT_INST/ALU_OUT[13] <- bd_i/layer_0/inst/u_core/u_dn/beta_r_reg[3][0]/C
EP  -0.077 xdma_0_axi_aclk        lvl=5   bd_i/layer_0/inst/u_core/u_dn/g_lane[115].dm_p_reg[115]/DSP_OUTPUT_INST/ALU_OUT[14] <- bd_i/layer_0/inst/u_core/u_dn/beta_r_reg[3][0]/C
EP  -0.077 xdma_0_axi_aclk        lvl=5   bd_i/layer_0/inst/u_core/u_dn/g_lane[115].dm_p_reg[115]/DSP_OUTPUT_INST/ALU_OUT[15] <- bd_i/layer_0/inst/u_core/u_dn/beta_r_reg[3][0]/C
EP  -0.077 xdma_0_axi_aclk        lvl=5   bd_i/layer_0/inst/u_core/u_dn/g_lane[115].dm_p_reg[115]/DSP_OUTPUT_INST/ALU_OUT[16] <- bd_i/layer_0/inst/u_core/u_dn/beta_r_reg[3][0]/C
EP  -0.077 xdma_0_axi_aclk        lvl=5   bd_i/layer_0/inst/u_core/u_dn/g_lane[115].dm_p_reg[115]/DSP_OUTPUT_INST/ALU_OUT[17] <- bd_i/layer_0/inst/u_core/u_dn/beta_r_reg[3][0]/C
EP  -0.077 xdma_0_axi_aclk        lvl=5   bd_i/layer_0/inst/u_core/u_dn/g_lane[115].dm_p_reg[115]/DSP_OUTPUT_INST/ALU_OUT[18] <- bd_i/layer_0/inst/u_core/u_dn/beta_r_reg[3][0]/C
EP  -0.077 xdma_0_axi_aclk        lvl=5   bd_i/layer_0/inst/u_core/u_dn/g_lane[115].dm_p_reg[115]/DSP_OUTPUT_INST/ALU_OUT[19] <- bd_i/layer_0/inst/u_core/u_dn/beta_r_reg[3][0]/C
EP  -0.077 xdma_0_axi_aclk        lvl=5   bd_i/layer_0/inst/u_core/u_dn/g_lane[115].dm_p_reg[115]/DSP_OUTPUT_INST/ALU_OUT[1] <- bd_i/layer_0/inst/u_core/u_dn/beta_r_reg[3][0]/C
EP  -0.077 xdma_0_axi_aclk        lvl=5   bd_i/layer_0/inst/u_core/u_dn/g_lane[115].dm_p_reg[115]/DSP_OUTPUT_INST/ALU_OUT[20] <- bd_i/layer_0/inst/u_core/u_dn/beta_r_reg[3][0]/C
EP  -0.077 xdma_0_axi_aclk        lvl=5   bd_i/layer_0/inst/u_core/u_dn/g_lane[115].dm_p_reg[115]/DSP_OUTPUT_INST/ALU_OUT[21] <- bd_i/layer_0/inst/u_core/u_dn/beta_r_reg[3][0]/C
EP  -0.077 xdma_0_axi_aclk        lvl=5   bd_i/layer_0/inst/u_core/u_dn/g_lane[115].dm_p_reg[115]/DSP_OUTPUT_INST/ALU_OUT[22] <- bd_i/layer_0/inst/u_core/u_dn/beta_r_reg[3][0]/C
EP  -0.077 xdma_0_axi_aclk        lvl=5   bd_i/layer_0/inst/u_core/u_dn/g_lane[115].dm_p_reg[115]/DSP_OUTPUT_INST/ALU_OUT[23] <- bd_i/layer_0/inst/u_core/u_dn/beta_r_reg[3][0]/C
EP  -0.077 xdma_0_axi_aclk        lvl=5   bd_i/layer_0/inst/u_core/u_dn/g_lane[115].dm_p_reg[115]/DSP_OUTPUT_INST/ALU_OUT[24] <- bd_i/layer_0/inst/u_core/u_dn/beta_r_reg[3][0]/C
EP  -0.077 xdma_0_axi_aclk        lvl=5   bd_i/layer_0/inst/u_core/u_dn/g_lane[115].dm_p_reg[115]/DSP_OUTPUT_INST/ALU_OUT[25] <- bd_i/layer_0/inst/u_core/u_dn/beta_r_reg[3][0]/C
EP  -0.077 xdma_0_axi_aclk        lvl=5   bd_i/layer_0/inst/u_core/u_dn/g_lane[115].dm_p_reg[115]/DSP_OUTPUT_INST/ALU_OUT[26] <- bd_i/layer_0/inst/u_core/u_dn/beta_r_reg[3][0]/C
EP  -0.077 xdma_0_axi_aclk        lvl=5   bd_i/layer_0/inst/u_core/u_dn/g_lane[115].dm_p_reg[115]/DSP_OUTPUT_INST/ALU_OUT[27] <- bd_i/layer_0/inst/u_core/u_dn/beta_r_reg[3][0]/C
EP  -0.077 xdma_0_axi_aclk        lvl=5   bd_i/layer_0/inst/u_core/u_dn/g_lane[115].dm_p_reg[115]/DSP_OUTPUT_INST/ALU_OUT[28] <- bd_i/layer_0/inst/u_core/u_dn/beta_r_reg[3][0]/C
EP  -0.077 xdma_0_axi_aclk        lvl=5   bd_i/layer_0/inst/u_core/u_dn/g_lane[115].dm_p_reg[115]/DSP_OUTPUT_INST/ALU_OUT[29] <- bd_i/layer_0/inst/u_core/u_dn/beta_r_reg[3][0]/C
EP  -0.077 xdma_0_axi_aclk        lvl=5   bd_i/layer_0/inst/u_core/u_dn/g_lane[115].dm_p_reg[115]/DSP_OUTPUT_INST/ALU_OUT[2] <- bd_i/layer_0/inst/u_core/u_dn/beta_r_reg[3][0]/C
EP  -0.077 xdma_0_axi_aclk        lvl=5   bd_i/layer_0/inst/u_core/u_dn/g_lane[115].dm_p_reg[115]/DSP_OUTPUT_INST/ALU_OUT[30] <- bd_i/layer_0/inst/u_core/u_dn/beta_r_reg[3][0]/C
EP  -0.077 xdma_0_axi_aclk        lvl=5   bd_i/layer_0/inst/u_core/u_dn/g_lane[115].dm_p_reg[115]/DSP_OUTPUT_INST/ALU_OUT[31] <- bd_i/layer_0/inst/u_core/u_dn/beta_r_reg[3][0]/C
EP  -0.077 xdma_0_axi_aclk        lvl=5   bd_i/layer_0/inst/u_core/u_dn/g_lane[115].dm_p_reg[115]/DSP_OUTPUT_INST/ALU_OUT[32] <- bd_i/layer_0/inst/u_core/u_dn/beta_r_reg[3][0]/C
EP  -0.077 xdma_0_axi_aclk        lvl=5   bd_i/layer_0/inst/u_core/u_dn/g_lane[115].dm_p_reg[115]/DSP_OUTPUT_INST/ALU_OUT[33] <- bd_i/layer_0/inst/u_core/u_dn/beta_r_reg[3][0]/C
EP  -0.077 xdma_0_axi_aclk        lvl=5   bd_i/layer_0/inst/u_core/u_dn/g_lane[115].dm_p_reg[115]/DSP_OUTPUT_INST/ALU_OUT[34] <- bd_i/layer_0/inst/u_core/u_dn/beta_r_reg[3][0]/C
EP  -0.077 xdma_0_axi_aclk        lvl=5   bd_i/layer_0/inst/u_core/u_dn/g_lane[115].dm_p_reg[115]/DSP_OUTPUT_INST/ALU_OUT[35] <- bd_i/layer_0/inst/u_core/u_dn/beta_r_reg[3][0]/C
EP  -0.077 xdma_0_axi_aclk        lvl=5   bd_i/layer_0/inst/u_core/u_dn/g_lane[115].dm_p_reg[115]/DSP_OUTPUT_INST/ALU_OUT[36] <- bd_i/layer_0/inst/u_core/u_dn/beta_r_reg[3][0]/C
EP  -0.077 xdma_0_axi_aclk        lvl=5   bd_i/layer_0/inst/u_core/u_dn/g_lane[115].dm_p_reg[115]/DSP_OUTPUT_INST/ALU_OUT[37] <- bd_i/layer_0/inst/u_core/u_dn/beta_r_reg[3][0]/C
EP  -0.077 xdma_0_axi_aclk        lvl=5   bd_i/layer_0/inst/u_core/u_dn/g_lane[115].dm_p_reg[115]/DSP_OUTPUT_INST/ALU_OUT[38] <- bd_i/layer_0/inst/u_core/u_dn/beta_r_reg[3][0]/C
EP  -0.077 xdma_0_axi_aclk        lvl=5   bd_i/layer_0/inst/u_core/u_dn/g_lane[115].dm_p_reg[115]/DSP_OUTPUT_INST/ALU_OUT[39] <- bd_i/layer_0/inst/u_core/u_dn/beta_r_reg[3][0]/C
EP  -0.077 xdma_0_axi_aclk        lvl=5   bd_i/layer_0/inst/u_core/u_dn/g_lane[115].dm_p_reg[115]/DSP_OUTPUT_INST/ALU_OUT[3] <- bd_i/layer_0/inst/u_core/u_dn/beta_r_reg[3][0]/C
EP  -0.077 xdma_0_axi_aclk        lvl=5   bd_i/layer_0/inst/u_core/u_dn/g_lane[115].dm_p_reg[115]/DSP_OUTPUT_INST/ALU_OUT[40] <- bd_i/layer_0/inst/u_core/u_dn/beta_r_reg[3][0]/C
EP  -0.077 xdma_0_axi_aclk        lvl=5   bd_i/layer_0/inst/u_core/u_dn/g_lane[115].dm_p_reg[115]/DSP_OUTPUT_INST/ALU_OUT[41] <- bd_i/layer_0/inst/u_core/u_dn/beta_r_reg[3][0]/C
EP  -0.077 xdma_0_axi_aclk        lvl=5   bd_i/layer_0/inst/u_core/u_dn/g_lane[115].dm_p_reg[115]/DSP_OUTPUT_INST/ALU_OUT[42] <- bd_i/layer_0/inst/u_core/u_dn/beta_r_reg[3][0]/C
EP  -0.077 xdma_0_axi_aclk        lvl=5   bd_i/layer_0/inst/u_core/u_dn/g_lane[115].dm_p_reg[115]/DSP_OUTPUT_INST/ALU_OUT[43] <- bd_i/layer_0/inst/u_core/u_dn/beta_r_reg[3][0]/C
EP  -0.077 xdma_0_axi_aclk        lvl=5   bd_i/layer_0/inst/u_core/u_dn/g_lane[115].dm_p_reg[115]/DSP_OUTPUT_INST/ALU_OUT[44] <- bd_i/layer_0/inst/u_core/u_dn/beta_r_reg[3][0]/C
EP  -0.077 xdma_0_axi_aclk        lvl=5   bd_i/layer_0/inst/u_core/u_dn/g_lane[115].dm_p_reg[115]/DSP_OUTPUT_INST/ALU_OUT[45] <- bd_i/layer_0/inst/u_core/u_dn/beta_r_reg[3][0]/C
EP  -0.077 xdma_0_axi_aclk        lvl=5   bd_i/layer_0/inst/u_core/u_dn/g_lane[115].dm_p_reg[115]/DSP_OUTPUT_INST/ALU_OUT[46] <- bd_i/layer_0/inst/u_core/u_dn/beta_r_reg[3][0]/C
EP  -0.077 xdma_0_axi_aclk        lvl=5   bd_i/layer_0/inst/u_core/u_dn/g_lane[115].dm_p_reg[115]/DSP_OUTPUT_INST/ALU_OUT[47] <- bd_i/layer_0/inst/u_core/u_dn/beta_r_reg[3][0]/C
EP  -0.077 xdma_0_axi_aclk        lvl=5   bd_i/layer_0/inst/u_core/u_dn/g_lane[115].dm_p_reg[115]/DSP_OUTPUT_INST/ALU_OUT[4] <- bd_i/layer_0/inst/u_core/u_dn/beta_r_reg[3][0]/C
EP  -0.077 xdma_0_axi_aclk        lvl=5   bd_i/layer_0/inst/u_core/u_dn/g_lane[115].dm_p_reg[115]/DSP_OUTPUT_INST/ALU_OUT[5] <- bd_i/layer_0/inst/u_core/u_dn/beta_r_reg[3][0]/C
EP  -0.077 xdma_0_axi_aclk        lvl=5   bd_i/layer_0/inst/u_core/u_dn/g_lane[115].dm_p_reg[115]/DSP_OUTPUT_INST/ALU_OUT[6] <- bd_i/layer_0/inst/u_core/u_dn/beta_r_reg[3][0]/C
EP  -0.077 xdma_0_axi_aclk        lvl=5   bd_i/layer_0/inst/u_core/u_dn/g_lane[115].dm_p_reg[115]/DSP_OUTPUT_INST/ALU_OUT[7] <- bd_i/layer_0/inst/u_core/u_dn/beta_r_reg[3][0]/C
EP  -0.077 xdma_0_axi_aclk        lvl=5   bd_i/layer_0/inst/u_core/u_dn/g_lane[115].dm_p_reg[115]/DSP_OUTPUT_INST/ALU_OUT[8] <- bd_i/layer_0/inst/u_core/u_dn/beta_r_reg[3][0]/C
EP  -0.077 xdma_0_axi_aclk        lvl=5   bd_i/layer_0/inst/u_core/u_dn/g_lane[115].dm_p_reg[115]/DSP_OUTPUT_INST/ALU_OUT[9] <- bd_i/layer_0/inst/u_core/u_dn/beta_r_reg[3][0]/C
EP  -0.077 xdma_0_axi_aclk        lvl=3   bd_i/layer_0/inst/u_core/smem_a_reg_bram_21/ADDRARDADDR[3] <- bd_i/layer_0/inst/u_core/cmd_op_reg[1]/C
EP  -0.077 xdma_0_axi_aclk        lvl=1   bd_i/layer_0/inst/u_core/u_dn/p_1_out__0__6/DSP_A_B_DATA_INST/A[1] <- bd_i/layer_0/inst/u_core/g_dnslot[0].mem_reg_uram_15/CLK
EP  -0.077 xdma_0_axi_aclk        lvl=7   bd_i/layer_0/inst/u_core/u_dn/p_0_out__23__0/DSP_A_B_DATA_INST/A[14] <- bd_i/layer_0/inst/u_core/u_dn/g_lane[93].kvm_acc_reg[93]/DSP_OUTPUT_INST/CLK
EP  -0.077 xdma_0_axi_aclk        lvl=2   bd_i/layer_0/inst/u_core/u_attn/g_lane[32].pv_p_reg[32]/DSP_A_B_DATA_INST/A[3] <- bd_i/layer_0/inst/u_core/g_kvslot[0].mem_reg_uram_6/CLK
EP  -0.077 xdma_0_axi_aclk        lvl=14  bd_i/layer_0/inst/u_core/u_alu/r_res_reg[20]/D <- bd_i/layer_0/inst/u_core/u_alu/op_q_reg[0]_rep__0/C
EP  -0.077 xdma_0_axi_aclk        lvl=9   bd_i/layer_0/inst/u_core/u_dn/p_0_out__8__3/DSP_A_B_DATA_INST/A[25] <- bd_i/layer_0/inst/u_core/u_dn/g_lane[24].kvm_acc_reg[24]/DSP_OUTPUT_INST/CLK
EP  -0.077 xdma_0_axi_aclk        lvl=14  bd_i/layer_0/inst/u_core/u_alu/r_res_reg[5]/D <- bd_i/layer_0/inst/u_core/u_alu/op_q_reg[0]_rep__0/C
EP  -0.076 xdma_0_axi_aclk        lvl=5   bd_i/layer_0/inst/u_core/u_dn/p_0_out__3__13/DSP_A_B_DATA_INST/A[28] <- bd_i/layer_0/inst/u_core/u_dn/p_1_out__6__16/DSP_OUTPUT_INST/CLK
EP  -0.076 xdma_0_axi_aclk        lvl=5   bd_i/layer_0/inst/u_core/s_axil_rdata_reg[4]/D <- bd_i/layer_0/inst/u_core/smem_a_reg_bram_8/CLKBWRCLK
EP  -0.076 xdma_0_axi_aclk        lvl=0   bd_i/layer_0/inst/u_core/u_dn/g_lane[25].o_acc_reg[25]/DSP_OUTPUT_INST/RSTP <- bd_i/layer_0/inst/u_core/u_dn/clr_r_reg[0]/C
EP  -0.076 xdma_0_axi_aclk        lvl=1   bd_i/layer_0/inst/u_core/u_attn/g_lane[115].prod_reg[115]/DSP_A_B_DATA_INST/CEA2 <- bd_i/layer_0/inst/u_core/u_attn/qwaddr_q_reg[1]/C
EP  -0.076 xdma_0_axi_aclk        lvl=2   bd_i/layer_0/inst/u_core/krow_reg[1336]/D <- bd_i/layer_0/inst/u_core/kb_i_reg[2]/C
EP  -0.076 xdma_0_axi_aclk        lvl=1   bd_i/layer_0/inst/u_core/u_dn/g_lane[67].dec_p_reg[67]/DSP_A_B_DATA_INST/A[3] <- bd_i/layer_0/inst/u_core/g_dnslot[0].mem_reg_uram_14/CLK
EP  -0.076 xdma_0_axi_aclk        lvl=2   bd_i/layer_0/inst/u_core/u_topk/ent_reg[14][5]/CE <- bd_i/layer_0/inst/u_core/arg2_reg[0]/C
EP  -0.076 xdma_0_axi_aclk        lvl=2   bd_i/layer_0/inst/u_core/u_topk/ent_reg[14][7]/CE <- bd_i/layer_0/inst/u_core/arg2_reg[0]/C
EP  -0.076 xdma_0_axi_aclk        lvl=2   bd_i/layer_0/inst/u_core/u_dn/p_1_out__10__1/DSP_A_B_DATA_INST/B[11] <- bd_i/layer_0/inst/u_core/u_dn/row_reg[3]/C
EP  -0.075 xdma_0_axi_aclk        lvl=8   bd_i/layer_0/inst/u_core/u_dn/g_lane[120].kvm_acc_reg[120]/DSP_A_B_DATA_INST/A[24] <- bd_i/layer_0/inst/u_core/u_dn/g_lane[120].dec_p_reg[120]/DSP_OUTPUT_INST/CLK
EP  -0.075 xdma_0_axi_aclk        lvl=4   bd_i/layer_0/inst/u_core/smem_a_reg_bram_15/WEA[0] <- bd_i/layer_0/inst/u_core/cmd_op_reg[1]/C
EP  -0.075 xdma_0_axi_aclk        lvl=2   bd_i/layer_0/inst/u_core/u_attn/g_lane[150].prod_reg[150]/DSP_A_B_DATA_INST/B[4] <- bd_i/layer_0/inst/u_core/g_kvslot[1].mem_reg_uram_32/CLK
EP  -0.075 xdma_0_axi_aclk        lvl=3   bd_i/layer_0/inst/u_core/krow_reg[1757]/D <- bd_i/layer_0/inst/u_core/kb_i_reg[2]/C
EP  -0.075 xdma_0_axi_aclk        lvl=2   bd_i/layer_0/inst/u_core/u_dn/g_lane[13].o_acc_reg[13]/DSP_A_B_DATA_INST/B[9] <- bd_i/layer_0/inst/u_core/u_dn/row_reg[0]/C
EP  -0.075 xdma_0_axi_aclk        lvl=2   bd_i/layer_0/inst/u_core/u_attn/g_lane[173].prod_reg[173]/DSP_A_B_DATA_INST/B[3] <- bd_i/layer_0/inst/u_core/g_kvslot[0].mem_reg_uram_38/CLK
EP  -0.075 xdma_0_axi_aclk        lvl=8   bd_i/layer_0/inst/u_core/u_dn/p_1_out__2__17/DSP_A_B_DATA_INST/A[26] <- bd_i/layer_0/inst/u_core/u_dn/g_lane[127].kvm_acc_reg[127]/DSP_OUTPUT_INST/CLK
EP  -0.075 xdma_0_axi_aclk        lvl=0   bd_i/layer_0/inst/u_core/u_dn/p_0_out__3__14/DSP_PREADD_DATA_INST/DIN[13] <- bd_i/layer_0/inst/u_core/u_dn/vdata_q_reg[13]_rep__9/C
EP  -0.074 xdma_0_axi_aclk        lvl=2   bd_i/layer_0/inst/u_core/u_attn/g_lane[159].prod_reg[159]/DSP_A_B_DATA_INST/CEA2 <- bd_i/layer_0/inst/u_core/u_attn/qwaddr_q_reg[3]/C
EP  -0.074 xdma_0_axi_aclk        lvl=4   bd_i/layer_0/inst/u_core/u_dma/fmem_reg_0_255_462_462/DP.A/I <- bd_i/layer_0/inst/u_core/kv_dmaq_reg[1998]/C
EP  -0.074 xdma_0_axi_aclk        lvl=0   bd_i/layer_0/inst/u_core/u_dn/g_lane[38].dm_p_reg[38]/DSP_PREADD_DATA_INST/DIN[1] <- bd_i/layer_0/inst/u_core/u_dn/vdata_q_reg[1]_rep__1/C
EP  -0.074 xdma_0_axi_aclk        lvl=11  bd_i/layer_0/inst/u_core/u_alu/ps_rnd_reg[19]/D <- bd_i/layer_0/inst/u_core/u_alu/maxp_reg[36]/C
EP  -0.074 xdma_0_axi_aclk        lvl=8   bd_i/layer_0/inst/u_core/u_dn/g_lane[123].kvm_acc_reg[123]/DSP_A_B_DATA_INST/A[28] <- bd_i/layer_0/inst/u_core/u_dn/g_lane[123].dec_p_reg[123]/DSP_OUTPUT_INST/CLK
EP  -0.074 xdma_0_axi_aclk        lvl=4   bd_i/layer_0/inst/u_core/u_dma/fmem_reg_0_255_421_421/SP.A/I <- bd_i/layer_0/inst/u_core/dma_kind_reg[1]_replica_3/C
EP  -0.074 xdma_0_axi_aclk        lvl=4   bd_i/layer_0/inst/u_core/u_dma/fmem_reg_0_255_214_214/DP.D/I <- bd_i/layer_0/inst/u_core/dma_kind_reg[0]_replica_13/C
EP  -0.074 xdma_0_axi_aclk        lvl=7   bd_i/layer_0/inst/u_core/u_dn/p_1_out__6__16/DSP_A_B_DATA_INST/A[14] <- bd_i/layer_0/inst/u_core/u_dn/g_lane[117].kvm_acc_reg[117]/DSP_OUTPUT_INST/CLK
EP  -0.074 xdma_0_axi_aclk        lvl=14  bd_i/layer_0/inst/u_core/u_alu/r_res_reg[3]/D <- bd_i/layer_0/inst/u_core/u_alu/op_q_reg[0]_rep__0/C
EP  -0.073 xdma_0_axi_aclk        lvl=9   bd_i/layer_0/inst/u_core/u_dn/p_0_out__3__11/DSP_A_B_DATA_INST/A[18] <- bd_i/layer_0/inst/u_core/u_dn/g_lane[34].kvm_acc_reg[34]/DSP_OUTPUT_INST/CLK
EP  -0.073 xdma_0_axi_aclk        lvl=6   bd_i/layer_0/inst/u_core/u_dn/g_lane[43].kvm_acc_reg[43]/DSP_A_B_DATA_INST/A[8] <- bd_i/layer_0/inst/u_core/u_dn/g_lane[43].dec_p_reg[43]/DSP_OUTPUT_INST/CLK
EP  -0.073 xdma_0_axi_aclk        lvl=2   bd_i/layer_0/inst/u_core/u_attn/g_lane[154].pv_p_reg[154]/DSP_A_B_DATA_INST/A[20] <- bd_i/layer_0/inst/u_core/g_kvslot[1].mem_reg_uram_34/CLK
EP  -0.073 xdma_0_axi_aclk        lvl=2   bd_i/layer_0/inst/u_core/u_attn/g_lane[160].pv_p_reg[160]/DSP_A_B_DATA_INST/A[1] <- bd_i/layer_0/inst/u_core/g_kvslot[1].mem_reg_uram_34/CLK
EP  -0.072 xdma_0_axi_aclk        lvl=2   bd_i/layer_0/inst/u_core/u_attn/g_lane[83].pv_p_reg[83]/DSP_A_B_DATA_INST/A[4] <- bd_i/layer_0/inst/u_core/g_kvslot[1].mem_reg_uram_18/CLK
EP  -0.072 xdma_0_axi_aclk        lvl=0   bd_i/layer_0/inst/u_core/u_dn/p_1_out__18__4/DSP_PREADD_DATA_INST/DIN[7] <- bd_i/layer_0/inst/u_core/u_dn/vdata_q_reg[7]_rep__6/C
EP  -0.072 xdma_0_axi_aclk        lvl=5   bd_i/layer_0/inst/u_core/u_dma/fmem_reg_0_255_42_42/SP.C/I <- bd_i/layer_0/inst/u_core/kv_dmaq_reg[42]/C
EP  -0.072 xdma_0_axi_aclk        lvl=8   bd_i/layer_0/inst/u_core/u_dn/p_0_out__6__10/DSP_A_B_DATA_INST/A[24] <- bd_i/layer_0/inst/u_core/u_dn/g_lane[63].kvm_acc_reg[63]/DSP_OUTPUT_INST/CLK
EP  -0.072 xdma_0_axi_aclk        lvl=2   bd_i/layer_0/inst/u_core/u_attn/g_lane[101].pv_p_reg[101]/DSP_A_B_DATA_INST/A[9] <- bd_i/layer_0/inst/u_core/g_kvslot[0].mem_reg_uram_22/CLK
EP  -0.072 xdma_0_axi_aclk        lvl=5   bd_i/layer_0/inst/u_core/u_attn/dot_reg[17]/D <- bd_i/layer_0/inst/u_core/u_attn/g_ps64[3].psum16_reg[3][13]/C
EP  -0.072 xdma_0_axi_aclk        lvl=2   bd_i/layer_0/inst/u_core/u_attn/g_lane[82].pv_p_reg[82]/DSP_A_B_DATA_INST/A[3] <- bd_i/layer_0/inst/u_core/g_kvslot[0].mem_reg_uram_18/CLK
EP  -0.072 xdma_0_axi_aclk        lvl=8   bd_i/layer_0/inst/u_core/u_dn/g_lane[123].kvm_acc_reg[123]/DSP_A_B_DATA_INST/A[25] <- bd_i/layer_0/inst/u_core/u_dn/g_lane[123].dec_p_reg[123]/DSP_OUTPUT_INST/CLK
EP  -0.072 xdma_0_axi_aclk        lvl=2   bd_i/layer_0/inst/u_core/u_attn/g_lane[238].prod_reg[238]/DSP_A_B_DATA_INST/B[10] <- bd_i/layer_0/inst/u_core/g_kvslot[1].mem_reg_uram_52/CLK
EP  -0.072 xdma_0_axi_aclk        lvl=3   bd_i/layer_0/inst/u_core/krow_reg[241]/R <- bd_i/layer_0/inst/u_core/kb_i_reg[2]/C
EP  -0.072 xdma_0_axi_aclk        lvl=3   bd_i/layer_0/inst/u_core/krow_reg[243]/R <- bd_i/layer_0/inst/u_core/kb_i_reg[2]/C
EP  -0.072 xdma_0_axi_aclk        lvl=3   bd_i/layer_0/inst/u_core/krow_reg[244]/R <- bd_i/layer_0/inst/u_core/kb_i_reg[2]/C
EP  -0.072 xdma_0_axi_aclk        lvl=3   bd_i/layer_0/inst/u_core/krow_reg[245]/R <- bd_i/layer_0/inst/u_core/kb_i_reg[2]/C
EP  -0.072 xdma_0_axi_aclk        lvl=3   bd_i/layer_0/inst/u_core/krow_reg[246]/R <- bd_i/layer_0/inst/u_core/kb_i_reg[2]/C
EP  -0.072 xdma_0_axi_aclk        lvl=2   bd_i/layer_0/inst/u_core/u_attn/g_lane[82].pv_p_reg[82]/DSP_A_B_DATA_INST/A[23] <- bd_i/layer_0/inst/u_core/g_kvslot[0].mem_reg_uram_18/CLK
EP  -0.072 xdma_0_axi_aclk        lvl=0   bd_i/layer_0/inst/u_core/u_dn/p_1_out__19/DSP_PREADD_DATA_INST/DIN[12] <- bd_i/layer_0/inst/u_core/u_dn/vdata_q_reg[12]/C
EP  -0.072 xdma_0_axi_aclk        lvl=3   bd_i/layer_0/inst/u_core/smem_b_reg_bram_22/ADDRARDADDR[13] <- bd_i/layer_0/inst/u_core/cmd_op_reg[1]/C
EP  -0.072 xdma_0_axi_aclk        lvl=2   bd_i/layer_0/inst/u_core/u_attn/g_lane[81].pv_p_reg[81]/DSP_A_B_DATA_INST/A[8] <- bd_i/layer_0/inst/u_core/g_kvslot[1].mem_reg_uram_18/CLK
EP  -0.071 xdma_0_axi_aclk        lvl=2   bd_i/layer_0/inst/u_core/u_attn/g_lane[182].prod_reg[182]/DSP_A_B_DATA_INST/B[4] <- bd_i/layer_0/inst/u_core/g_kvslot[0].mem_reg_uram_40/CLK
EP  -0.071 xdma_0_axi_aclk        lvl=2   bd_i/layer_0/inst/u_core/u_dn/g_lane[25].o_acc_reg[25]/DSP_A_B_DATA_INST/B[9] <- bd_i/layer_0/inst/u_core/u_dn/row_reg[0]/C
EP  -0.071 xdma_0_axi_aclk        lvl=4   bd_i/layer_0/inst/u_core/smem_b_reg_bram_11/WEA[0] <- bd_i/layer_0/inst/u_core/cmd_op_reg[1]/C
EP  -0.071 xdma_0_axi_aclk        lvl=2   bd_i/layer_0/inst/u_core/krow_reg[1394]/D <- bd_i/layer_0/inst/u_core/kbyte_reg[2]/C
EP  -0.071 xdma_0_axi_aclk        lvl=2   bd_i/layer_0/inst/u_core/u_dn/g_lane[30].o_acc_reg[30]/DSP_A_B_DATA_INST/B[3] <- bd_i/layer_0/inst/u_core/u_dn/row_reg[3]/C
EP  -0.071 xdma_0_axi_aclk        lvl=2   bd_i/layer_0/inst/u_core/u_attn/g_lane[32].pv_p_reg[32]/DSP_A_B_DATA_INST/A[0] <- bd_i/layer_0/inst/u_core/g_kvslot[0].mem_reg_uram_6/CLK
EP  -0.071 xdma_0_axi_aclk        lvl=2   bd_i/layer_0/inst/u_core/u_attn/g_lane[154].pv_p_reg[154]/DSP_A_B_DATA_INST/A[23] <- bd_i/layer_0/inst/u_core/g_kvslot[1].mem_reg_uram_34/CLK
EP  -0.071 xdma_0_axi_aclk        lvl=8   bd_i/layer_0/inst/u_core/u_dn/g_lane[117].dm_p_reg[117]/DSP_A_B_DATA_INST/A[24] <- bd_i/layer_0/inst/u_core/u_dn/g_lane[117].kvm_acc_reg[117]/DSP_OUTPUT_INST/CLK
EP  -0.071 xdma_0_axi_aclk        lvl=2   bd_i/layer_0/inst/u_core/u_dn/g_lane[29].o_acc_reg[29]/DSP_A_B_DATA_INST/B[9] <- bd_i/layer_0/inst/u_core/u_dn/row_reg[0]/C
EP  -0.070 xdma_0_axi_aclk        lvl=2   bd_i/layer_0/inst/u_core/u_attn/g_lane[122].pv_p_reg[122]/DSP_A_B_DATA_INST/A[0] <- bd_i/layer_0/inst/u_core/g_kvslot[0].mem_reg_uram_26/CLK
EP  -0.070 xdma_0_axi_aclk        lvl=2   bd_i/layer_0/inst/u_core/u_attn/g_lane[177].pv_p_reg[177]/DSP_A_B_DATA_INST/A[21] <- bd_i/layer_0/inst/u_core/g_kvslot[0].mem_reg_uram_38/CLK
EP  -0.070 xdma_0_axi_aclk        lvl=2   bd_i/layer_0/inst/u_core/u_attn/g_lane[82].pv_p_reg[82]/DSP_A_B_DATA_INST/A[15] <- bd_i/layer_0/inst/u_core/g_kvslot[0].mem_reg_uram_18/CLK
EP  -0.070 xdma_0_axi_aclk        lvl=2   bd_i/layer_0/inst/u_core/u_attn/g_lane[190].pv_p_reg[190]_i_6_psdsp/D <- bd_i/layer_0/inst/u_core/g_kvslot[0].mem_reg_uram_42/CLK
EP  -0.070 xdma_0_axi_aclk        lvl=2   bd_i/layer_0/inst/u_core/u_attn/g_lane[32].prod_reg[32]/DSP_A_B_DATA_INST/B[15] <- bd_i/layer_0/inst/u_core/g_kvslot[1].mem_reg_uram_6/CLK
EP  -0.070 xdma_0_axi_aclk        lvl=2   bd_i/layer_0/inst/u_core/u_attn/g_lane[32].pv_p_reg[32]/DSP_A_B_DATA_INST/A[11] <- bd_i/layer_0/inst/u_core/g_kvslot[1].mem_reg_uram_6/CLK
EP  -0.070 xdma_0_axi_aclk        lvl=4   bd_i/layer_0/inst/u_core/krow_reg[895]/D <- bd_i/layer_0/inst/u_core/kb_i_reg[3]/C
EP  -0.069 xdma_0_axi_aclk        lvl=2   bd_i/layer_0/inst/u_core/u_dn/g_lane[7].o_acc_reg[7]/DSP_A_B_DATA_INST/B[2] <- bd_i/layer_0/inst/u_core/u_dn/row_reg[4]/C
EP  -0.069 xdma_0_axi_aclk        lvl=5   bd_i/layer_0/inst/u_core/u_dma/fmem_reg_0_255_42_42/SP.B/I <- bd_i/layer_0/inst/u_core/kv_dmaq_reg[42]/C
EP  -0.069 xdma_0_axi_aclk        lvl=1   bd_i/layer_0/inst/u_core/u_dn/p_1_out__12__2/DSP_A_B_DATA_INST/A[0] <- bd_i/layer_0/inst/u_core/g_dnslot[1].mem_reg_uram_19/CLK
EP  -0.069 xdma_0_axi_aclk        lvl=2   bd_i/layer_0/inst/u_core/u_attn/g_lane[190].pv_p_reg[190]_i_6_psdsp_1/D <- bd_i/layer_0/inst/u_core/g_kvslot[0].mem_reg_uram_42/CLK
EP  -0.069 xdma_0_axi_aclk        lvl=4   bd_i/layer_0/inst/u_core/u_dma/fmem_reg_0_255_345_345/SP.A/I <- bd_i/layer_0/inst/u_core/u_dma/rp_esub_reg[2][1]__0/C
EP  -0.069 xdma_0_axi_aclk        lvl=2   bd_i/layer_0/inst/u_core/u_attn/g_lane[177].pv_p_reg[177]/DSP_A_B_DATA_INST/A[1] <- bd_i/layer_0/inst/u_core/g_kvslot[0].mem_reg_uram_38/CLK
EP  -0.069 xdma_0_axi_aclk        lvl=3   bd_i/layer_0/inst/u_core/smem_b_reg_bram_23/ADDRARDADDR[1] <- bd_i/layer_0/inst/u_core/cmd_op_reg[1]/C
EP  -0.069 xdma_0_axi_aclk        lvl=4   bd_i/layer_0/inst/u_core/krow_reg[480]/D <- bd_i/layer_0/inst/u_core/kb_i_reg[2]/C
EP  -0.069 xdma_0_axi_aclk        lvl=1   bd_i/layer_0/inst/u_core/u_dn/g_lane[15].dec_p_reg[15]/DSP_A_B_DATA_INST/A[4] <- bd_i/layer_0/inst/u_core/g_dnslot[0].mem_reg_uram_3/CLK
EP  -0.068 xdma_0_axi_aclk        lvl=2   bd_i/layer_0/inst/u_core/u_dn/g_lane[2].o_acc_reg[2]/DSP_A_B_DATA_INST/B[9] <- bd_i/layer_0/inst/u_core/u_dn/row_reg[0]/C
EP  -0.068 xdma_0_axi_aclk        lvl=14  bd_i/layer_0/inst/u_core/u_alu/r_res_reg[10]/D <- bd_i/layer_0/inst/u_core/u_alu/op_q_reg[0]_rep__0/C
EP  -0.068 xdma_0_axi_aclk        lvl=5   bd_i/layer_0/inst/u_core/u_dma/fmem_reg_0_255_63_63/DP.D/I <- bd_i/layer_0/inst/u_core/dma_slot_reg_replica_22/C
EP  -0.068 xdma_0_axi_aclk        lvl=2   bd_i/layer_0/inst/u_core/u_attn/g_lane[39].pv_p_reg[39]_i_1_psdsp_1/D <- bd_i/layer_0/inst/u_core/g_kvslot[0].mem_reg_uram_8/CLK
EP  -0.068 xdma_0_axi_aclk        lvl=4   bd_i/layer_0/inst/u_core/u_dma/fmem_reg_0_255_348_348/DP.D/I <- bd_i/layer_0/inst/u_core/u_dma/rp_esub_reg[2][1]__0/C
EP  -0.068 xdma_0_axi_aclk        lvl=8   bd_i/layer_0/inst/u_core/u_dn/g_lane[117].dm_p_reg[117]/DSP_A_B_DATA_INST/A[22] <- bd_i/layer_0/inst/u_core/u_dn/g_lane[117].kvm_acc_reg[117]/DSP_OUTPUT_INST/CLK
EP  -0.068 xdma_0_axi_aclk        lvl=7   bd_i/layer_0/inst/u_core/u_dn/g_lane[26].kvm_acc_reg[26]/DSP_A_B_DATA_INST/A[29] <- bd_i/layer_0/inst/u_core/u_dn/g_lane[26].dec_p_reg[26]/DSP_OUTPUT_INST/CLK
EP  -0.067 xdma_0_axi_aclk        lvl=2   bd_i/layer_0/inst/u_core/u_dn/g_lane[3].o_acc_reg[3]/DSP_A_B_DATA_INST/B[9] <- bd_i/layer_0/inst/u_core/u_dn/row_reg[0]/C
EP  -0.067 xdma_0_axi_aclk        lvl=2   bd_i/layer_0/inst/u_core/u_attn/g_lane[155].pv_p_reg[155]/DSP_A_B_DATA_INST/A[6] <- bd_i/layer_0/inst/u_core/g_kvslot[1].mem_reg_uram_34/CLK
EP  -0.067 xdma_0_axi_aclk        lvl=3   bd_i/layer_0/inst/u_core/smem_a_reg_bram_22/ADDRARDADDR[1] <- bd_i/layer_0/inst/u_core/cmd_op_reg[1]/C
EP  -0.067 xdma_0_axi_aclk        lvl=1   bd_i/layer_0/inst/u_core/u_dn/g_lane[72].dec_p_reg[72]/DSP_A_B_DATA_INST/A[28] <- bd_i/layer_0/inst/u_core/g_dnslot[1].mem_reg_uram_16/CLK
EP  -0.067 xdma_0_axi_aclk        lvl=2   bd_i/layer_0/inst/u_core/u_attn/g_lane[22].pv_p_reg[22]_i_2_psdsp_1/D <- bd_i/layer_0/inst/u_core/g_kvslot[1].mem_reg_uram_4/CLK
EP  -0.067 xdma_0_axi_aclk        lvl=0   bd_i/layer_0/inst/u_core/u_dn/p_1_out__18__1/DSP_PREADD_DATA_INST/DIN[16] <- bd_i/layer_0/inst/u_core/u_dn/vdata_q_reg[16]_rep__5/C
EP  -0.067 xdma_0_axi_aclk        lvl=3   bd_i/layer_0/inst/u_core/smem_a_reg_bram_14/ENARDEN <- bd_i/layer_0/inst/u_core/cmd_op_reg[1]/C
EP  -0.067 xdma_0_axi_aclk        lvl=2   bd_i/layer_0/inst/u_core/u_attn/g_lane[32].prod_reg[32]/DSP_A_B_DATA_INST/B[16] <- bd_i/layer_0/inst/u_core/g_kvslot[1].mem_reg_uram_6/CLK
EP  -0.067 xdma_0_axi_aclk        lvl=7   bd_i/layer_0/inst/u_core/eng_sa_reg[8]/CE <- bd_i/layer_0/inst/u_core/cmd_op_reg[0]/C
EP  -0.067 xdma_0_axi_aclk        lvl=4   bd_i/layer_0/inst/u_core/u_dma/fmem_reg_0_255_383_383/DP.D/I <- bd_i/layer_0/inst/u_core/u_dma/rp_esub_reg[2][1]__0/C
EP  -0.066 xdma_0_axi_aclk        lvl=2   bd_i/layer_0/inst/u_core/krow_reg[1346]/D <- bd_i/layer_0/inst/u_core/kb_i_reg[2]/C
EP  -0.066 xdma_0_axi_aclk        lvl=2   bd_i/layer_0/inst/u_core/u_attn/g_lane[103].pv_p_reg[103]/DSP_A_B_DATA_INST/A[17] <- bd_i/layer_0/inst/u_core/g_kvslot[0].mem_reg_uram_22/CLK
EP  -0.066 xdma_0_axi_aclk        lvl=11  bd_i/layer_0/inst/u_core/u_alu/ps_rnd_reg[30]/D <- bd_i/layer_0/inst/u_core/u_alu/maxp_reg[36]/C
EP  -0.066 xdma_0_axi_aclk        lvl=11  bd_i/layer_0/inst/u_core/u_alu/ps_rnd_reg[5]/D <- bd_i/layer_0/inst/u_core/u_alu/maxp_reg[36]/C
EP  -0.066 xdma_0_axi_aclk        lvl=0   bd_i/layer_0/inst/u_core/u_dn/g_lane[26].dm_p_reg[26]/DSP_PREADD_DATA_INST/DIN[9] <- bd_i/layer_0/inst/u_core/u_dn/vdata_q_reg[9]_rep__9/C
EP  -0.066 xdma_0_axi_aclk        lvl=2   bd_i/layer_0/inst/u_core/u_attn/g_lane[32].prod_reg[32]/DSP_A_B_DATA_INST/B[17] <- bd_i/layer_0/inst/u_core/g_kvslot[1].mem_reg_uram_6/CLK
EP  -0.066 xdma_0_axi_aclk        lvl=2   bd_i/layer_0/inst/u_core/u_attn/g_lane[173].prod_reg[173]/DSP_A_B_DATA_INST/B[0] <- bd_i/layer_0/inst/u_core/g_kvslot[0].mem_reg_uram_38/CLK
EP  -0.066 xdma_0_axi_aclk        lvl=1   bd_i/layer_0/inst/u_core/u_dn/p_1_out__14__3/DSP_A_B_DATA_INST/A[26] <- bd_i/layer_0/inst/u_core/g_dnslot[0].mem_reg_uram_5/CLK
EP  -0.066 xdma_0_axi_aclk        lvl=0   bd_i/layer_0/inst/u_core/u_attn/g_lane[209].prod_reg[209]/DSP_A_B_DATA_INST/A[8] <- bd_i/layer_0/inst/u_core/at_qdata_reg[8]_rep__3/C
EP  -0.066 xdma_0_axi_aclk        lvl=2   bd_i/layer_0/inst/u_core/u_attn/g_lane[189].prod_reg[189]/DSP_A_B_DATA_INST/CEA2 <- bd_i/layer_0/inst/u_core/u_attn/qwaddr_q_reg[5]/C
EP  -0.065 xdma_0_axi_aclk        lvl=2   bd_i/layer_0/inst/u_core/g_kvslot[0].mem_reg_uram_1/CAS_IN_ADDR_A[3] <- bd_i/layer_0/inst/u_core/u_dma/slot_addr_reg[3]/C
EP  -0.065 xdma_0_axi_aclk        lvl=16  bd_i/layer_0/inst/u_core/u_rope/m_data_reg[15]/D <- bd_i/layer_0/inst/u_core/u_rope/m_data[5]_i_15_psdsp_1/C
EP  -0.065 xdma_0_axi_aclk        lvl=14  bd_i/layer_0/inst/u_core/u_alu/r_res_reg[16]/D <- bd_i/layer_0/inst/u_core/u_alu/op_q_reg[0]_rep__0/C
EP  -0.065 xdma_0_axi_aclk        lvl=9   bd_i/layer_0/inst/u_core/u_dma/fmem_reg_0_255_480_480/SP.A/I <- bd_i/layer_0/inst/u_core/u_dma/f_rp_reg[0]/C
EP  -0.065 xdma_0_axi_aclk        lvl=4   bd_i/layer_0/inst/u_core/u_dma/fmem_reg_0_255_255_255/SP.C/I <- bd_i/layer_0/inst/u_core/u_dma/rp_esub_reg[2][1]__0/C
EP  -0.065 xdma_0_axi_aclk        lvl=2   bd_i/layer_0/inst/u_core/u_dn/g_lane[2].o_acc_reg[2]/DSP_A_B_DATA_INST/B[17] <- bd_i/layer_0/inst/u_core/u_dn/row_reg[1]/C
EP  -0.065 xdma_0_axi_aclk        lvl=4   bd_i/layer_0/inst/u_core/u_dma/fmem_reg_0_255_298_298/DP.A/I <- bd_i/layer_0/inst/u_core/u_dma/rp_esub_reg[2][1]__0/C
EP  -0.065 xdma_0_axi_aclk        lvl=4   bd_i/layer_0/inst/u_core/u_dma/fmem_reg_0_255_401_401/DP.B/I <- bd_i/layer_0/inst/u_core/u_dma/rp_esub_reg[2][1]__0/C
EP  -0.065 xdma_0_axi_aclk        lvl=1   bd_i/layer_0/inst/u_core/u_dn/g_lane[98].dec_p_reg[98]/DSP_A_B_DATA_INST/A[5] <- bd_i/layer_0/inst/u_core/g_dnslot[0].mem_reg_uram_21/CLK
EP  -0.065 xdma_0_axi_aclk        lvl=1   bd_i/layer_0/inst/u_core/cw_wd_reg[60]/D <- bd_i/layer_0/inst/u_core/smem_a_reg_bram_24/CLKBWRCLK
EP  -0.065 xdma_0_axi_aclk        lvl=0   bd_i/layer_0/inst/u_core/u_dn/p_1_out__18__1/DSP_PREADD_DATA_INST/DIN[5] <- bd_i/layer_0/inst/u_core/u_dn/vdata_q_reg[5]_rep__2/C
EP  -0.064 xdma_0_axi_aclk        lvl=3   bd_i/layer_0/inst/u_core/u_dn/p_0_out__10__2/DSP_A_B_DATA_INST/A[3] <- bd_i/layer_0/inst/u_core/u_dn/p_1_out__42/DSP_OUTPUT_INST/CLK
EP  -0.064 xdma_0_axi_aclk        lvl=1   bd_i/layer_0/inst/u_core/u_dn/g_lane[111].dec_p_reg[111]/DSP_A_B_DATA_INST/A[9] <- bd_i/layer_0/inst/u_core/g_dnslot[0].mem_reg_uram_24/CLK
EP  -0.064 xdma_0_axi_aclk        lvl=7   bd_i/layer_0/inst/u_core/u_dn/p_0_out__1/DSP_A_B_DATA_INST/A[26] <- bd_i/layer_0/inst/u_core/u_dn/g_lane[52].kvm_acc_reg[52]/DSP_OUTPUT_INST/CLK
EP  -0.064 xdma_0_axi_aclk        lvl=1   bd_i/layer_0/inst/u_core/tmp64_reg[5]/D <- bd_i/layer_0/inst/u_core/smem_a_reg_bram_10/CLKBWRCLK
EP  -0.064 xdma_0_axi_aclk        lvl=5   bd_i/layer_0/inst/u_core/u_attn/dot_reg[18]/D <- bd_i/layer_0/inst/u_core/u_attn/g_ps64[3].psum16_reg[3][13]/C
EP  -0.064 xdma_0_axi_aclk        lvl=4   bd_i/layer_0/inst/u_core/krow_reg[447]/D <- bd_i/layer_0/inst/u_core/kb_i_reg[0]/C
EP  -0.064 xdma_0_axi_aclk        lvl=7   bd_i/layer_0/inst/u_core/u_dn/p_0_out__15__2/DSP_A_B_DATA_INST/A[11] <- bd_i/layer_0/inst/u_core/u_dn/g_lane[120].kvm_acc_reg[120]/DSP_OUTPUT_INST/CLK
EP  -0.064 xdma_0_axi_aclk        lvl=4   bd_i/layer_0/inst/u_core/u_dma/fmem_reg_0_255_6_6/SP.A/I <- bd_i/layer_0/inst/u_core/kv_dmaq_reg[6]/C
EP  -0.064 xdma_0_axi_aclk        lvl=2   bd_i/layer_0/inst/u_core/u_attn/g_lane[181].prod_reg[181]/DSP_A_B_DATA_INST/B[4] <- bd_i/layer_0/inst/u_core/g_kvslot[0].mem_reg_uram_40/CLK
EP  -0.064 xdma_0_axi_aclk        lvl=2   bd_i/layer_0/inst/u_core/u_attn/g_lane[32].prod_reg[32]/DSP_A_B_DATA_INST/B[12] <- bd_i/layer_0/inst/u_core/g_kvslot[1].mem_reg_uram_6/CLK
EP  -0.064 xdma_0_axi_aclk        lvl=3   bd_i/axi_smc/inst/s02_entry_pipeline/s02_si_converter/inst/converter.wrap_narrow_inst/w_accum_reg[data][443]/CE <- bd_i/axi_smc/inst/s02_entry_pipeline/s02_mmu/inst/w_sreg/state_reg[m_valid_i]/C
EP  -0.064 xdma_0_axi_aclk        lvl=3   bd_i/axi_smc/inst/s02_entry_pipeline/s02_si_converter/inst/converter.wrap_narrow_inst/w_accum_reg[data][444]/CE <- bd_i/axi_smc/inst/s02_entry_pipeline/s02_mmu/inst/w_sreg/state_reg[m_valid_i]/C
EP  -0.064 xdma_0_axi_aclk        lvl=3   bd_i/axi_smc/inst/s02_entry_pipeline/s02_si_converter/inst/converter.wrap_narrow_inst/w_accum_reg[data][447]/CE <- bd_i/axi_smc/inst/s02_entry_pipeline/s02_mmu/inst/w_sreg/state_reg[m_valid_i]/C
EP  -0.064 xdma_0_axi_aclk        lvl=4   bd_i/layer_0/inst/u_core/u_dma/fmem_reg_0_255_255_255/SP.D/I <- bd_i/layer_0/inst/u_core/u_dma/rp_esub_reg[2][1]__0/C
EP  -0.064 xdma_0_axi_aclk        lvl=2   bd_i/layer_0/inst/u_core/u_attn/g_lane[158].prod_reg[158]/DSP_A_B_DATA_INST/B[2] <- bd_i/layer_0/inst/u_core/g_kvslot[1].mem_reg_uram_34/CLK
EP  -0.063 xdma_0_axi_aclk        lvl=4   bd_i/layer_0/inst/u_core/u_dma/fmem_reg_0_255_401_401/DP.A/I <- bd_i/layer_0/inst/u_core/u_dma/rp_esub_reg[2][1]__0/C
EP  -0.063 xdma_0_axi_aclk        lvl=2   bd_i/layer_0/inst/u_core/g_kvslot[0].mem_reg_uram_55/CAS_IN_DIN_B[58] <- bd_i/layer_0/inst/u_core/dma_act_reg/C
EP  -0.063 xdma_0_axi_aclk        lvl=1   bd_i/layer_0/inst/u_core/u_dn/g_lane[72].dec_p_reg[72]/DSP_A_B_DATA_INST/A[7] <- bd_i/layer_0/inst/u_core/g_dnslot[1].mem_reg_uram_16/CLK
EP  -0.063 xdma_0_axi_aclk        lvl=11  bd_i/layer_0/inst/u_core/u_alu/ps_rnd_reg[16]/D <- bd_i/layer_0/inst/u_core/u_alu/maxp_reg[36]/C
EP  -0.063 xdma_0_axi_aclk        lvl=4   bd_i/layer_0/inst/u_core/u_dma/fmem_reg_0_255_298_298/DP.B/I <- bd_i/layer_0/inst/u_core/u_dma/rp_esub_reg[2][1]__0/C
EP  -0.063 xdma_0_axi_aclk        lvl=1   bd_i/layer_0/inst/u_core/u_dn/g_lane[72].dec_p_reg[72]/DSP_A_B_DATA_INST/A[10] <- bd_i/layer_0/inst/u_core/g_dnslot[0].mem_reg_uram_16/CLK
EP  -0.063 xdma_0_axi_aclk        lvl=7   bd_i/layer_0/inst/u_core/u_dn/p_1_out__13__4/DSP_A_B_DATA_INST/A[15] <- bd_i/layer_0/inst/u_core/u_dn/g_lane[126].kvm_acc_reg[126]/DSP_OUTPUT_INST/CLK
EP  -0.063 xdma_0_axi_aclk        lvl=4   bd_i/layer_0/inst/u_core/u_dn/oi_reg[0]/CE <- bd_i/layer_0/inst/u_core/u_dn/row_reg[0]/C
EP  -0.063 xdma_0_axi_aclk        lvl=4   bd_i/layer_0/inst/u_core/u_dma/fmem_reg_0_255_225_225/SP.A/I <- bd_i/layer_0/inst/u_core/u_dma/rp_esub_reg[2][1]__0/C
EP  -0.062 xdma_0_axi_aclk        lvl=8   bd_i/layer_0/inst/u_core/u_dn/g_lane[119].kvm_acc_reg[119]/DSP_A_B_DATA_INST/A[14] <- bd_i/layer_0/inst/u_core/u_dn/g_lane[119].dec_p_reg[119]/DSP_OUTPUT_INST/CLK
EP  -0.062 xdma_0_axi_aclk        lvl=1   bd_i/layer_0/inst/u_core/u_dn/p_1_out__11__3/DSP_A_B_DATA_INST/A[11] <- bd_i/layer_0/inst/u_core/g_dnslot[0].mem_reg_uram_18/CLK
EP  -0.062 xdma_0_axi_aclk        lvl=4   bd_i/layer_0/inst/u_core/u_dma/fmem_reg_0_255_255_255/SP.B/I <- bd_i/layer_0/inst/u_core/u_dma/rp_esub_reg[2][1]__0/C
EP  -0.062 xdma_0_axi_aclk        lvl=4   bd_i/layer_0/inst/u_core/u_dma/fmem_reg_0_255_401_401/DP.C/I <- bd_i/layer_0/inst/u_core/u_dma/rp_esub_reg[2][1]__0/C
EP  -0.062 xdma_0_axi_aclk        lvl=5   bd_i/layer_0/inst/u_core/u_dn/p_0_out__12__0/DSP_OUTPUT_INST/ALU_OUT[0] <- bd_i/layer_0/inst/u_core/u_dn/beta_r_reg[0][1]/C
EP  -0.062 xdma_0_axi_aclk        lvl=5   bd_i/layer_0/inst/u_core/u_dn/p_0_out__12__0/DSP_OUTPUT_INST/ALU_OUT[10] <- bd_i/layer_0/inst/u_core/u_dn/beta_r_reg[0][1]/C
EP  -0.062 xdma_0_axi_aclk        lvl=5   bd_i/layer_0/inst/u_core/u_dn/p_0_out__12__0/DSP_OUTPUT_INST/ALU_OUT[11] <- bd_i/layer_0/inst/u_core/u_dn/beta_r_reg[0][1]/C
EP  -0.062 xdma_0_axi_aclk        lvl=5   bd_i/layer_0/inst/u_core/u_dn/p_0_out__12__0/DSP_OUTPUT_INST/ALU_OUT[12] <- bd_i/layer_0/inst/u_core/u_dn/beta_r_reg[0][1]/C
EP  -0.062 xdma_0_axi_aclk        lvl=5   bd_i/layer_0/inst/u_core/u_dn/p_0_out__12__0/DSP_OUTPUT_INST/ALU_OUT[13] <- bd_i/layer_0/inst/u_core/u_dn/beta_r_reg[0][1]/C
EP  -0.062 xdma_0_axi_aclk        lvl=5   bd_i/layer_0/inst/u_core/u_dn/p_0_out__12__0/DSP_OUTPUT_INST/ALU_OUT[14] <- bd_i/layer_0/inst/u_core/u_dn/beta_r_reg[0][1]/C
EP  -0.062 xdma_0_axi_aclk        lvl=5   bd_i/layer_0/inst/u_core/u_dn/p_0_out__12__0/DSP_OUTPUT_INST/ALU_OUT[15] <- bd_i/layer_0/inst/u_core/u_dn/beta_r_reg[0][1]/C
EP  -0.062 xdma_0_axi_aclk        lvl=5   bd_i/layer_0/inst/u_core/u_dn/p_0_out__12__0/DSP_OUTPUT_INST/ALU_OUT[16] <- bd_i/layer_0/inst/u_core/u_dn/beta_r_reg[0][1]/C
EP  -0.062 xdma_0_axi_aclk        lvl=5   bd_i/layer_0/inst/u_core/u_dn/p_0_out__12__0/DSP_OUTPUT_INST/ALU_OUT[17] <- bd_i/layer_0/inst/u_core/u_dn/beta_r_reg[0][1]/C
EP  -0.062 xdma_0_axi_aclk        lvl=5   bd_i/layer_0/inst/u_core/u_dn/p_0_out__12__0/DSP_OUTPUT_INST/ALU_OUT[18] <- bd_i/layer_0/inst/u_core/u_dn/beta_r_reg[0][1]/C
EP  -0.062 xdma_0_axi_aclk        lvl=5   bd_i/layer_0/inst/u_core/u_dn/p_0_out__12__0/DSP_OUTPUT_INST/ALU_OUT[19] <- bd_i/layer_0/inst/u_core/u_dn/beta_r_reg[0][1]/C
EP  -0.062 xdma_0_axi_aclk        lvl=5   bd_i/layer_0/inst/u_core/u_dn/p_0_out__12__0/DSP_OUTPUT_INST/ALU_OUT[1] <- bd_i/layer_0/inst/u_core/u_dn/beta_r_reg[0][1]/C
EP  -0.062 xdma_0_axi_aclk        lvl=5   bd_i/layer_0/inst/u_core/u_dn/p_0_out__12__0/DSP_OUTPUT_INST/ALU_OUT[20] <- bd_i/layer_0/inst/u_core/u_dn/beta_r_reg[0][1]/C
EP  -0.062 xdma_0_axi_aclk        lvl=5   bd_i/layer_0/inst/u_core/u_dn/p_0_out__12__0/DSP_OUTPUT_INST/ALU_OUT[21] <- bd_i/layer_0/inst/u_core/u_dn/beta_r_reg[0][1]/C
EP  -0.062 xdma_0_axi_aclk        lvl=5   bd_i/layer_0/inst/u_core/u_dn/p_0_out__12__0/DSP_OUTPUT_INST/ALU_OUT[22] <- bd_i/layer_0/inst/u_core/u_dn/beta_r_reg[0][1]/C
EP  -0.062 xdma_0_axi_aclk        lvl=5   bd_i/layer_0/inst/u_core/u_dn/p_0_out__12__0/DSP_OUTPUT_INST/ALU_OUT[23] <- bd_i/layer_0/inst/u_core/u_dn/beta_r_reg[0][1]/C
EP  -0.062 xdma_0_axi_aclk        lvl=5   bd_i/layer_0/inst/u_core/u_dn/p_0_out__12__0/DSP_OUTPUT_INST/ALU_OUT[24] <- bd_i/layer_0/inst/u_core/u_dn/beta_r_reg[0][1]/C
EP  -0.062 xdma_0_axi_aclk        lvl=5   bd_i/layer_0/inst/u_core/u_dn/p_0_out__12__0/DSP_OUTPUT_INST/ALU_OUT[25] <- bd_i/layer_0/inst/u_core/u_dn/beta_r_reg[0][1]/C
EP  -0.062 xdma_0_axi_aclk        lvl=5   bd_i/layer_0/inst/u_core/u_dn/p_0_out__12__0/DSP_OUTPUT_INST/ALU_OUT[26] <- bd_i/layer_0/inst/u_core/u_dn/beta_r_reg[0][1]/C
EP  -0.062 xdma_0_axi_aclk        lvl=5   bd_i/layer_0/inst/u_core/u_dn/p_0_out__12__0/DSP_OUTPUT_INST/ALU_OUT[27] <- bd_i/layer_0/inst/u_core/u_dn/beta_r_reg[0][1]/C
EP  -0.062 xdma_0_axi_aclk        lvl=5   bd_i/layer_0/inst/u_core/u_dn/p_0_out__12__0/DSP_OUTPUT_INST/ALU_OUT[28] <- bd_i/layer_0/inst/u_core/u_dn/beta_r_reg[0][1]/C
EP  -0.062 xdma_0_axi_aclk        lvl=5   bd_i/layer_0/inst/u_core/u_dn/p_0_out__12__0/DSP_OUTPUT_INST/ALU_OUT[29] <- bd_i/layer_0/inst/u_core/u_dn/beta_r_reg[0][1]/C
EP  -0.062 xdma_0_axi_aclk        lvl=5   bd_i/layer_0/inst/u_core/u_dn/p_0_out__12__0/DSP_OUTPUT_INST/ALU_OUT[2] <- bd_i/layer_0/inst/u_core/u_dn/beta_r_reg[0][1]/C
EP  -0.062 xdma_0_axi_aclk        lvl=5   bd_i/layer_0/inst/u_core/u_dn/p_0_out__12__0/DSP_OUTPUT_INST/ALU_OUT[30] <- bd_i/layer_0/inst/u_core/u_dn/beta_r_reg[0][1]/C
EP  -0.062 xdma_0_axi_aclk        lvl=5   bd_i/layer_0/inst/u_core/u_dn/p_0_out__12__0/DSP_OUTPUT_INST/ALU_OUT[31] <- bd_i/layer_0/inst/u_core/u_dn/beta_r_reg[0][1]/C
EP  -0.062 xdma_0_axi_aclk        lvl=5   bd_i/layer_0/inst/u_core/u_dn/p_0_out__12__0/DSP_OUTPUT_INST/ALU_OUT[32] <- bd_i/layer_0/inst/u_core/u_dn/beta_r_reg[0][1]/C
EP  -0.062 xdma_0_axi_aclk        lvl=5   bd_i/layer_0/inst/u_core/u_dn/p_0_out__12__0/DSP_OUTPUT_INST/ALU_OUT[33] <- bd_i/layer_0/inst/u_core/u_dn/beta_r_reg[0][1]/C
EP  -0.062 xdma_0_axi_aclk        lvl=5   bd_i/layer_0/inst/u_core/u_dn/p_0_out__12__0/DSP_OUTPUT_INST/ALU_OUT[34] <- bd_i/layer_0/inst/u_core/u_dn/beta_r_reg[0][1]/C
EP  -0.062 xdma_0_axi_aclk        lvl=5   bd_i/layer_0/inst/u_core/u_dn/p_0_out__12__0/DSP_OUTPUT_INST/ALU_OUT[35] <- bd_i/layer_0/inst/u_core/u_dn/beta_r_reg[0][1]/C
EP  -0.062 xdma_0_axi_aclk        lvl=5   bd_i/layer_0/inst/u_core/u_dn/p_0_out__12__0/DSP_OUTPUT_INST/ALU_OUT[36] <- bd_i/layer_0/inst/u_core/u_dn/beta_r_reg[0][1]/C
EP  -0.062 xdma_0_axi_aclk        lvl=5   bd_i/layer_0/inst/u_core/u_dn/p_0_out__12__0/DSP_OUTPUT_INST/ALU_OUT[37] <- bd_i/layer_0/inst/u_core/u_dn/beta_r_reg[0][1]/C
EP  -0.062 xdma_0_axi_aclk        lvl=5   bd_i/layer_0/inst/u_core/u_dn/p_0_out__12__0/DSP_OUTPUT_INST/ALU_OUT[38] <- bd_i/layer_0/inst/u_core/u_dn/beta_r_reg[0][1]/C
EP  -0.062 xdma_0_axi_aclk        lvl=5   bd_i/layer_0/inst/u_core/u_dn/p_0_out__12__0/DSP_OUTPUT_INST/ALU_OUT[39] <- bd_i/layer_0/inst/u_core/u_dn/beta_r_reg[0][1]/C
EP  -0.062 xdma_0_axi_aclk        lvl=5   bd_i/layer_0/inst/u_core/u_dn/p_0_out__12__0/DSP_OUTPUT_INST/ALU_OUT[3] <- bd_i/layer_0/inst/u_core/u_dn/beta_r_reg[0][1]/C
EP  -0.062 xdma_0_axi_aclk        lvl=5   bd_i/layer_0/inst/u_core/u_dn/p_0_out__12__0/DSP_OUTPUT_INST/ALU_OUT[40] <- bd_i/layer_0/inst/u_core/u_dn/beta_r_reg[0][1]/C
EP  -0.062 xdma_0_axi_aclk        lvl=5   bd_i/layer_0/inst/u_core/u_dn/p_0_out__12__0/DSP_OUTPUT_INST/ALU_OUT[41] <- bd_i/layer_0/inst/u_core/u_dn/beta_r_reg[0][1]/C
EP  -0.062 xdma_0_axi_aclk        lvl=5   bd_i/layer_0/inst/u_core/u_dn/p_0_out__12__0/DSP_OUTPUT_INST/ALU_OUT[42] <- bd_i/layer_0/inst/u_core/u_dn/beta_r_reg[0][1]/C
EP  -0.062 xdma_0_axi_aclk        lvl=5   bd_i/layer_0/inst/u_core/u_dn/p_0_out__12__0/DSP_OUTPUT_INST/ALU_OUT[43] <- bd_i/layer_0/inst/u_core/u_dn/beta_r_reg[0][1]/C
EP  -0.062 xdma_0_axi_aclk        lvl=5   bd_i/layer_0/inst/u_core/u_dn/p_0_out__12__0/DSP_OUTPUT_INST/ALU_OUT[44] <- bd_i/layer_0/inst/u_core/u_dn/beta_r_reg[0][1]/C
EP  -0.062 xdma_0_axi_aclk        lvl=5   bd_i/layer_0/inst/u_core/u_dn/p_0_out__12__0/DSP_OUTPUT_INST/ALU_OUT[45] <- bd_i/layer_0/inst/u_core/u_dn/beta_r_reg[0][1]/C
EP  -0.062 xdma_0_axi_aclk        lvl=5   bd_i/layer_0/inst/u_core/u_dn/p_0_out__12__0/DSP_OUTPUT_INST/ALU_OUT[46] <- bd_i/layer_0/inst/u_core/u_dn/beta_r_reg[0][1]/C
EP  -0.062 xdma_0_axi_aclk        lvl=5   bd_i/layer_0/inst/u_core/u_dn/p_0_out__12__0/DSP_OUTPUT_INST/ALU_OUT[47] <- bd_i/layer_0/inst/u_core/u_dn/beta_r_reg[0][1]/C
EP  -0.062 xdma_0_axi_aclk        lvl=5   bd_i/layer_0/inst/u_core/u_dn/p_0_out__12__0/DSP_OUTPUT_INST/ALU_OUT[4] <- bd_i/layer_0/inst/u_core/u_dn/beta_r_reg[0][1]/C
EP  -0.062 xdma_0_axi_aclk        lvl=5   bd_i/layer_0/inst/u_core/u_dn/p_0_out__12__0/DSP_OUTPUT_INST/ALU_OUT[5] <- bd_i/layer_0/inst/u_core/u_dn/beta_r_reg[0][1]/C
EP  -0.062 xdma_0_axi_aclk        lvl=5   bd_i/layer_0/inst/u_core/u_dn/p_0_out__12__0/DSP_OUTPUT_INST/ALU_OUT[6] <- bd_i/layer_0/inst/u_core/u_dn/beta_r_reg[0][1]/C
EP  -0.062 xdma_0_axi_aclk        lvl=5   bd_i/layer_0/inst/u_core/u_dn/p_0_out__12__0/DSP_OUTPUT_INST/ALU_OUT[7] <- bd_i/layer_0/inst/u_core/u_dn/beta_r_reg[0][1]/C
EP  -0.062 xdma_0_axi_aclk        lvl=5   bd_i/layer_0/inst/u_core/u_dn/p_0_out__12__0/DSP_OUTPUT_INST/ALU_OUT[8] <- bd_i/layer_0/inst/u_core/u_dn/beta_r_reg[0][1]/C
EP  -0.062 xdma_0_axi_aclk        lvl=5   bd_i/layer_0/inst/u_core/u_dn/p_0_out__12__0/DSP_OUTPUT_INST/ALU_OUT[9] <- bd_i/layer_0/inst/u_core/u_dn/beta_r_reg[0][1]/C
EP  -0.061 xdma_0_axi_aclk        lvl=7   bd_i/layer_0/inst/u_core/u_dn/p_0_out__1/DSP_A_B_DATA_INST/A[27] <- bd_i/layer_0/inst/u_core/u_dn/g_lane[52].kvm_acc_reg[52]/DSP_OUTPUT_INST/CLK
EP  -0.061 xdma_0_axi_aclk        lvl=9   bd_i/layer_0/inst/u_core/u_dn/g_lane[117].dm_p_reg[117]/DSP_A_B_DATA_INST/A[26] <- bd_i/layer_0/inst/u_core/u_dn/g_lane[117].kvm_acc_reg[117]/DSP_OUTPUT_INST/CLK
EP  -0.061 xdma_0_axi_aclk        lvl=0   bd_i/layer_0/inst/u_core/u_dn/p_0_out__6__4/DSP_PREADD_DATA_INST/DIN[18] <- bd_i/layer_0/inst/u_core/u_dn/vdata_q_reg[18]_rep__4/C
EP  -0.061 xdma_0_axi_aclk        lvl=7   bd_i/layer_0/inst/u_core/u_dn/p_0_out__0__18/DSP_A_B_DATA_INST/A[9] <- bd_i/layer_0/inst/u_core/u_dn/g_lane[28].kvm_acc_reg[28]/DSP_OUTPUT_INST/CLK
EP  -0.061 xdma_0_axi_aclk        lvl=4   bd_i/layer_0/inst/u_core/u_dma/fmem_reg_0_255_355_355/SP.A/I <- bd_i/layer_0/inst/u_core/u_dma/rp_esub_reg[2][1]__0/C
EP  -0.061 xdma_0_axi_aclk        lvl=9   bd_i/layer_0/inst/u_core/u_dn/p_1_out__4__4/DSP_A_B_DATA_INST/A[20] <- bd_i/layer_0/inst/u_core/u_dn/g_lane[38].kvm_acc_reg[38]/DSP_OUTPUT_INST/CLK
EP  -0.061 xdma_0_axi_aclk        lvl=2   bd_i/layer_0/inst/u_core/u_dn/g_lane[2].o_acc_reg[2]/DSP_A_B_DATA_INST/B[16] <- bd_i/layer_0/inst/u_core/u_dn/row_reg[1]/C
EP  -0.061 xdma_0_axi_aclk        lvl=4   bd_i/layer_0/inst/u_core/u_dma/fmem_reg_0_255_353_353/DP.B/I <- bd_i/layer_0/inst/u_core/u_dma/rp_esub_reg[2][1]__0/C
EP  -0.061 xdma_0_axi_aclk        lvl=2   bd_i/layer_0/inst/u_core/u_attn/g_lane[32].pv_p_reg[32]/DSP_A_B_DATA_INST/A[12] <- bd_i/layer_0/inst/u_core/g_kvslot[1].mem_reg_uram_6/CLK
EP  -0.061 xdma_0_axi_aclk        lvl=10  bd_i/layer_0/inst/u_core/u_dn/g_lane[28].dm_p_reg[28]/DSP_A_B_DATA_INST/A[28] <- bd_i/layer_0/inst/u_core/u_dn/g_lane[28].kvm_acc_reg[28]/DSP_OUTPUT_INST/CLK
EP  -0.060 xdma_0_axi_aclk        lvl=4   bd_i/layer_0/inst/u_core/u_dma/fmem_reg_0_255_415_415/DP.A/I <- bd_i/layer_0/inst/u_core/u_dma/rp_esub_reg[2][1]__0/C
EP  -0.060 xdma_0_axi_aclk        lvl=11  bd_i/layer_0/inst/u_core/u_alu/ps_rnd_reg[31]/D <- bd_i/layer_0/inst/u_core/u_alu/maxp_reg[36]/C
EP  -0.060 xdma_0_axi_aclk        lvl=8   bd_i/layer_0/inst/u_core/cmd_cnt_reg[1]/CE <- bd_i/layer_0/inst/u_core/arg0_reg[6]/C
EP  -0.060 xdma_0_axi_aclk        lvl=8   bd_i/layer_0/inst/u_core/cmd_cnt_reg[2]/CE <- bd_i/layer_0/inst/u_core/arg0_reg[6]/C
EP  -0.060 xdma_0_axi_aclk        lvl=8   bd_i/layer_0/inst/u_core/cmd_cnt_reg[3]/CE <- bd_i/layer_0/inst/u_core/arg0_reg[6]/C
EP  -0.060 xdma_0_axi_aclk        lvl=8   bd_i/layer_0/inst/u_core/cmd_cnt_reg[4]/CE <- bd_i/layer_0/inst/u_core/arg0_reg[6]/C
EP  -0.060 xdma_0_axi_aclk        lvl=2   bd_i/layer_0/inst/u_core/u_attn/g_lane[154].pv_p_reg[154]/DSP_A_B_DATA_INST/A[10] <- bd_i/layer_0/inst/u_core/g_kvslot[1].mem_reg_uram_34/CLK
EP  -0.060 xdma_0_axi_aclk        lvl=4   bd_i/layer_0/inst/u_core/u_dma/fmem_reg_0_255_298_298/DP.C/I <- bd_i/layer_0/inst/u_core/u_dma/rp_esub_reg[2][1]__0/C
EP  -0.060 xdma_0_axi_aclk        lvl=2   bd_i/layer_0/inst/u_core/u_attn/g_lane[238].prod_reg[238]/DSP_A_B_DATA_INST/B[8] <- bd_i/layer_0/inst/u_core/g_kvslot[1].mem_reg_uram_52/CLK
EP  -0.060 xdma_0_axi_aclk        lvl=9   bd_i/layer_0/inst/u_core/u_dma/fmem_reg_0_255_102_102/SP.A/I <- bd_i/layer_0/inst/u_core/u_dma/f_rp_reg[0]/C
EP  -0.060 xdma_0_axi_aclk        lvl=4   bd_i/layer_0/inst/u_core/u_dma/fmem_reg_0_255_421_421/DP.C/I <- bd_i/layer_0/inst/u_core/dma_kind_reg[1]_replica_3/C
EP  -0.059 xdma_0_axi_aclk        lvl=2   bd_i/layer_0/inst/u_core/u_dn/g_lane[29].o_acc_reg[29]/DSP_A_B_DATA_INST/B[10] <- bd_i/layer_0/inst/u_core/u_dn/row_reg[0]/C
EP  -0.059 xdma_0_axi_aclk        lvl=2   bd_i/layer_0/inst/u_core/u_attn/g_lane[18].pv_p_reg[18]_i_2_psdsp_1/D <- bd_i/layer_0/inst/u_core/g_kvslot[1].mem_reg_uram_4/CLK
EP  -0.059 xdma_0_axi_aclk        lvl=7   bd_i/layer_0/inst/u_core/u_dn/p_0_out__1/DSP_A_B_DATA_INST/A[29] <- bd_i/layer_0/inst/u_core/u_dn/g_lane[52].kvm_acc_reg[52]/DSP_OUTPUT_INST/CLK
EP  -0.059 xdma_0_axi_aclk        lvl=14  bd_i/layer_0/inst/u_core/u_alu/r_res_reg[0]/D <- bd_i/layer_0/inst/u_core/u_alu/op_q_reg[0]_rep__0/C
EP  -0.059 xdma_0_axi_aclk        lvl=8   bd_i/layer_0/inst/u_core/u_dn/p_0_out__8__3/DSP_A_B_DATA_INST/A[24] <- bd_i/layer_0/inst/u_core/u_dn/g_lane[24].kvm_acc_reg[24]/DSP_OUTPUT_INST/CLK
EP  -0.059 xdma_0_axi_aclk        lvl=10  bd_i/layer_0/inst/u_core/u_dn/p_1_out__4__4/DSP_A_B_DATA_INST/A[29] <- bd_i/layer_0/inst/u_core/u_dn/g_lane[38].kvm_acc_reg[38]/DSP_OUTPUT_INST/CLK
EP  -0.059 xdma_0_axi_aclk        lvl=0   bd_i/layer_0/inst/u_core/u_dn/p_0_out__6__4/DSP_PREADD_DATA_INST/DIN[8] <- bd_i/layer_0/inst/u_core/u_dn/vdata_q_reg[8]_rep__3/C
EP  -0.059 xdma_0_axi_aclk        lvl=8   bd_i/layer_0/inst/u_core/u_dn/g_lane[123].kvm_acc_reg[123]/DSP_A_B_DATA_INST/A[27] <- bd_i/layer_0/inst/u_core/u_dn/g_lane[123].dec_p_reg[123]/DSP_OUTPUT_INST/CLK
EP  -0.059 xdma_0_axi_aclk        lvl=2   bd_i/layer_0/inst/u_core/at_qdata_reg[14]_rep__4/CE <- bd_i/layer_0/inst/u_core/st_reg[2]/C
EP  -0.059 xdma_0_axi_aclk        lvl=2   bd_i/layer_0/inst/u_core/at_qdata_reg[7]_rep__4/CE <- bd_i/layer_0/inst/u_core/st_reg[2]/C
EP  -0.059 xdma_0_axi_aclk        lvl=2   bd_i/layer_0/inst/u_core/u_attn/g_lane[82].pv_p_reg[82]/DSP_A_B_DATA_INST/A[17] <- bd_i/layer_0/inst/u_core/g_kvslot[0].mem_reg_uram_18/CLK
EP  -0.059 xdma_0_axi_aclk        lvl=10  bd_i/layer_0/inst/u_core/u_dn/p_0_out__0__18/DSP_A_B_DATA_INST/A[26] <- bd_i/layer_0/inst/u_core/u_dn/g_lane[28].kvm_acc_reg[28]/DSP_OUTPUT_INST/CLK
EP  -0.059 xdma_0_axi_aclk        lvl=8   bd_i/layer_0/inst/u_core/u_dn/g_lane[123].kvm_acc_reg[123]/DSP_A_B_DATA_INST/A[23] <- bd_i/layer_0/inst/u_core/u_dn/g_lane[123].dec_p_reg[123]/DSP_OUTPUT_INST/CLK
EP  -0.059 xdma_0_axi_aclk        lvl=8   bd_i/layer_0/inst/u_core/dma_slot_reg_replica_12/CE <- bd_i/layer_0/inst/u_core/sld_pend_reg[1][1][2]/C
EP  -0.059 xdma_0_axi_aclk        lvl=1   bd_i/layer_0/inst/u_core/u_dn/g_lane[106].dec_p_reg[106]/DSP_A_B_DATA_INST/A[21] <- bd_i/layer_0/inst/u_core/g_dnslot[1].mem_reg_uram_23/CLK
EP  -0.059 xdma_0_axi_aclk        lvl=8   bd_i/layer_0/inst/u_core/u_dma/fmem_reg_0_255_477_477/DP.D/I <- bd_i/layer_0/inst/u_core/u_dma/f_rp_reg[0]/C
EP  -0.059 xdma_0_axi_aclk        lvl=5   bd_i/layer_0/inst/u_core/sd_rows_reg[12]/D <- bd_i/layer_0/inst/u_core/dq_rp_reg[1]/C
EP  -0.059 xdma_0_axi_aclk        lvl=2   bd_i/layer_0/inst/u_core/u_dn/g_lane[24].o_acc_reg[24]/DSP_A_B_DATA_INST/B[9] <- bd_i/layer_0/inst/u_core/u_dn/row_reg[0]/C
EP  -0.058 xdma_0_axi_aclk        lvl=2   bd_i/layer_0/inst/u_core/u_attn/g_lane[158].prod_reg[158]/DSP_A_B_DATA_INST/B[0] <- bd_i/layer_0/inst/u_core/g_kvslot[1].mem_reg_uram_34/CLK
EP  -0.058 xdma_0_axi_aclk        lvl=2   bd_i/layer_0/inst/u_core/u_attn/g_lane[63].pv_p_reg[63]/DSP_A_B_DATA_INST/A[22] <- bd_i/layer_0/inst/u_core/g_kvslot[1].mem_reg_uram_14/CLK
EP  -0.058 xdma_0_axi_aclk        lvl=8   bd_i/layer_0/inst/u_core/u_dn/p_0_out__23__0/DSP_A_B_DATA_INST/A[23] <- bd_i/layer_0/inst/u_core/u_dn/g_lane[93].kvm_acc_reg[93]/DSP_OUTPUT_INST/CLK
EP  -0.058 xdma_0_axi_aclk        lvl=9   bd_i/layer_0/inst/u_core/u_dn/g_lane[28].dm_p_reg[28]/DSP_A_B_DATA_INST/A[19] <- bd_i/layer_0/inst/u_core/u_dn/g_lane[28].kvm_acc_reg[28]/DSP_OUTPUT_INST/CLK
EP  -0.058 xdma_0_axi_aclk        lvl=2   bd_i/layer_0/inst/u_core/u_attn/g_lane[43].prod_reg[43]_i_3_psdsp/D <- bd_i/layer_0/inst/u_core/g_kvslot[0].mem_reg_uram_8/CLK
EP  -0.058 xdma_0_axi_aclk        lvl=2   bd_i/layer_0/inst/u_core/u_dn/g_lane[30].o_acc_reg[30]/DSP_A_B_DATA_INST/B[13] <- bd_i/layer_0/inst/u_core/u_dn/row_reg[0]/C
EP  -0.058 xdma_0_axi_aclk        lvl=2   bd_i/layer_0/inst/u_core/u_attn/g_lane[82].pv_p_reg[82]/DSP_A_B_DATA_INST/A[4] <- bd_i/layer_0/inst/u_core/g_kvslot[0].mem_reg_uram_18/CLK
EP  -0.058 xdma_0_axi_aclk        lvl=0   bd_i/layer_0/inst/u_core/u_attn/g_lane[250].prod_reg[250]/DSP_A_B_DATA_INST/A[10] <- bd_i/layer_0/inst/u_core/at_qdata_reg[10]_rep__11/C
EP  -0.058 xdma_0_axi_aclk        lvl=4   bd_i/layer_0/inst/u_core/u_dma/fmem_reg_0_255_355_355/DP.D/I <- bd_i/layer_0/inst/u_core/u_dma/rp_esub_reg[2][1]__0/C
EP  -0.058 xdma_0_axi_aclk        lvl=2   bd_i/layer_0/inst/u_core/u_attn/g_lane[32].prod_reg[32]/DSP_A_B_DATA_INST/B[14] <- bd_i/layer_0/inst/u_core/g_kvslot[1].mem_reg_uram_6/CLK
EP  -0.058 xdma_0_axi_aclk        lvl=2   bd_i/layer_0/inst/u_core/u_attn/g_lane[24].prod_reg[24]_i_9_psdsp_1/D <- bd_i/layer_0/inst/u_core/g_kvslot[1].mem_reg_uram_4/CLK
EP  -0.058 xdma_0_axi_aclk        lvl=4   bd_i/layer_0/inst/u_core/u_dma/fmem_reg_0_255_353_353/DP.C/I <- bd_i/layer_0/inst/u_core/u_dma/rp_esub_reg[2][1]__0/C
EP  -0.058 xdma_0_axi_aclk        lvl=9   bd_i/layer_0/inst/u_core/u_dma/fmem_reg_0_255_434_434/DP.A/I <- bd_i/layer_0/inst/u_core/u_dma/f_rp_reg[0]/C
EP  -0.057 xdma_0_axi_aclk        lvl=11  bd_i/layer_0/inst/u_core/u_alu/ps_rnd_reg[21]/D <- bd_i/layer_0/inst/u_core/u_alu/maxp_reg[36]/C
EP  -0.057 xdma_0_axi_aclk        lvl=4   bd_i/layer_0/inst/u_core/u_dma/fmem_reg_0_255_321_321/DP.C/I <- bd_i/layer_0/inst/u_core/dma_kind_reg[1]_replica_9/C
EP  -0.057 xdma_0_axi_aclk        lvl=8   bd_i/layer_0/inst/u_core/u_dn/g_lane[43].kvm_acc_reg[43]/DSP_A_B_DATA_INST/A[20] <- bd_i/layer_0/inst/u_core/u_dn/g_lane[43].dec_p_reg[43]/DSP_OUTPUT_INST/CLK
EP  -0.057 xdma_0_axi_aclk        lvl=2   bd_i/layer_0/inst/u_core/krow_reg[772]/D <- bd_i/layer_0/inst/u_core/kb_i_reg[2]/C
EP  -0.057 xdma_0_axi_aclk        lvl=10  bd_i/layer_0/inst/u_core/u_dn/p_0_out__0__18/DSP_A_B_DATA_INST/A[27] <- bd_i/layer_0/inst/u_core/u_dn/g_lane[28].kvm_acc_reg[28]/DSP_OUTPUT_INST/CLK
EP  -0.057 xdma_0_axi_aclk        lvl=2   bd_i/layer_0/inst/u_core/u_attn/g_lane[37].pv_p_reg[37]_i_5_psdsp_1/D <- bd_i/layer_0/inst/u_core/g_kvslot[0].mem_reg_uram_8/CLK
EP  -0.057 xdma_0_axi_aclk        lvl=1   bd_i/layer_0/inst/u_core/u_dn/g_lane[13].dec_p_reg[13]/DSP_A_B_DATA_INST/A[1] <- bd_i/layer_0/inst/u_core/g_dnslot[0].mem_reg_uram_2/CLK
EP  -0.057 xdma_0_axi_aclk        lvl=11  bd_i/layer_0/inst/u_core/u_alu/ps_rnd_reg[32]/D <- bd_i/layer_0/inst/u_core/u_alu/maxp_reg[36]/C
EP  -0.057 xdma_0_axi_aclk        lvl=2   bd_i/layer_0/inst/u_core/krow_reg[847]/D <- bd_i/layer_0/inst/u_core/kb_i_reg[2]/C
EP  -0.057 xdma_0_axi_aclk        lvl=9   bd_i/layer_0/inst/u_core/u_dma/fmem_reg_0_255_102_102/DP.D/I <- bd_i/layer_0/inst/u_core/u_dma/f_rp_reg[0]/C
EP  -0.057 xdma_0_axi_aclk        lvl=4   bd_i/layer_0/inst/u_core/u_dma/fmem_reg_0_255_332_332/DP.D/I <- bd_i/layer_0/inst/u_core/u_dma/rp_esub_reg[2][1]__0/C
EP  -0.056 xdma_0_axi_aclk        lvl=3   bd_i/axi_smc/inst/s02_entry_pipeline/s02_si_converter/inst/converter.wrap_narrow_inst/w_accum_reg[data][425]/CE <- bd_i/axi_smc/inst/s02_entry_pipeline/s02_mmu/inst/w_sreg/state_reg[m_valid_i]/C
EP  -0.056 xdma_0_axi_aclk        lvl=3   bd_i/axi_smc/inst/s02_entry_pipeline/s02_si_converter/inst/converter.wrap_narrow_inst/w_accum_reg[data][427]/CE <- bd_i/axi_smc/inst/s02_entry_pipeline/s02_mmu/inst/w_sreg/state_reg[m_valid_i]/C
EP  -0.056 xdma_0_axi_aclk        lvl=3   bd_i/axi_smc/inst/s02_entry_pipeline/s02_si_converter/inst/converter.wrap_narrow_inst/w_accum_reg[data][431]/CE <- bd_i/axi_smc/inst/s02_entry_pipeline/s02_mmu/inst/w_sreg/state_reg[m_valid_i]/C
EP  -0.056 xdma_0_axi_aclk        lvl=2   bd_i/layer_0/inst/u_core/cs_wd_reg[10]/CE <- bd_i/layer_0/inst/u_core/st_reg[5]/C
EP  -0.056 xdma_0_axi_aclk        lvl=2   bd_i/layer_0/inst/u_core/cs_wd_reg[4]/CE <- bd_i/layer_0/inst/u_core/st_reg[5]/C
EP  -0.056 xdma_0_axi_aclk        lvl=2   bd_i/layer_0/inst/u_core/at_qdata_reg[11]/CE <- bd_i/layer_0/inst/u_core/st_reg[2]/C
EP  -0.056 xdma_0_axi_aclk        lvl=8   bd_i/layer_0/inst/u_core/u_dn/g_lane[121].dm_p_reg[121]/DSP_A_B_DATA_INST/A[25] <- bd_i/layer_0/inst/u_core/u_dn/g_lane[121].kvm_acc_reg[121]/DSP_OUTPUT_INST/CLK
EP  -0.056 xdma_0_axi_aclk        lvl=7   bd_i/layer_0/inst/u_core/u_dn/g_lane[26].kvm_acc_reg[26]/DSP_A_B_DATA_INST/A[23] <- bd_i/layer_0/inst/u_core/u_dn/g_lane[26].dec_p_reg[26]/DSP_OUTPUT_INST/CLK
EP  -0.056 xdma_0_axi_aclk        lvl=1   bd_i/layer_0/inst/u_core/u_dn/g_lane[69].dec_p_reg[69]/DSP_A_B_DATA_INST/A[6] <- bd_i/layer_0/inst/u_core/g_dnslot[0].mem_reg_uram_15/CLK
EP  -0.056 xdma_0_axi_aclk        lvl=1   bd_i/layer_0/inst/u_core/cw_wd_reg[51]/D <- bd_i/layer_0/inst/u_core/smem_a_reg_bram_6/CLKBWRCLK
EP  -0.056 xdma_0_axi_aclk        lvl=2   bd_i/layer_0/inst/u_core/u_dn/g_lane[2].o_acc_reg[2]/DSP_A_B_DATA_INST/B[15] <- bd_i/layer_0/inst/u_core/u_dn/row_reg[1]/C
EP  -0.056 xdma_0_axi_aclk        lvl=1   bd_i/layer_0/inst/u_core/u_attn/g_lane[120].prod_reg[120]/DSP_A_B_DATA_INST/CEA2 <- bd_i/layer_0/inst/u_core/u_attn/qwaddr_q_reg[1]/C
EP  -0.055 xdma_0_axi_aclk        lvl=5   bd_i/layer_0/inst/u_core/u_dn/p_1_out__12/DSP_OUTPUT_INST/ALU_OUT[10] <- bd_i/layer_0/inst/u_core/u_dn/beta_r_reg[1][2]/C
EP  -0.055 xdma_0_axi_aclk        lvl=5   bd_i/layer_0/inst/u_core/u_dn/p_1_out__12/DSP_OUTPUT_INST/ALU_OUT[11] <- bd_i/layer_0/inst/u_core/u_dn/beta_r_reg[1][2]/C
EP  -0.055 xdma_0_axi_aclk        lvl=5   bd_i/layer_0/inst/u_core/u_dn/p_1_out__12/DSP_OUTPUT_INST/ALU_OUT[12] <- bd_i/layer_0/inst/u_core/u_dn/beta_r_reg[1][2]/C
EP  -0.055 xdma_0_axi_aclk        lvl=5   bd_i/layer_0/inst/u_core/u_dn/p_1_out__12/DSP_OUTPUT_INST/ALU_OUT[13] <- bd_i/layer_0/inst/u_core/u_dn/beta_r_reg[1][2]/C
EP  -0.055 xdma_0_axi_aclk        lvl=5   bd_i/layer_0/inst/u_core/u_dn/p_1_out__12/DSP_OUTPUT_INST/ALU_OUT[14] <- bd_i/layer_0/inst/u_core/u_dn/beta_r_reg[1][2]/C
EP  -0.055 xdma_0_axi_aclk        lvl=5   bd_i/layer_0/inst/u_core/u_dn/p_1_out__12/DSP_OUTPUT_INST/ALU_OUT[15] <- bd_i/layer_0/inst/u_core/u_dn/beta_r_reg[1][2]/C
EP  -0.055 xdma_0_axi_aclk        lvl=5   bd_i/layer_0/inst/u_core/u_dn/p_1_out__12/DSP_OUTPUT_INST/ALU_OUT[16] <- bd_i/layer_0/inst/u_core/u_dn/beta_r_reg[1][2]/C
EP  -0.055 xdma_0_axi_aclk        lvl=5   bd_i/layer_0/inst/u_core/u_dn/p_1_out__12/DSP_OUTPUT_INST/ALU_OUT[17] <- bd_i/layer_0/inst/u_core/u_dn/beta_r_reg[1][2]/C
EP  -0.055 xdma_0_axi_aclk        lvl=5   bd_i/layer_0/inst/u_core/u_dn/p_1_out__12/DSP_OUTPUT_INST/ALU_OUT[18] <- bd_i/layer_0/inst/u_core/u_dn/beta_r_reg[1][2]/C
EP  -0.055 xdma_0_axi_aclk        lvl=5   bd_i/layer_0/inst/u_core/u_dn/p_1_out__12/DSP_OUTPUT_INST/ALU_OUT[19] <- bd_i/layer_0/inst/u_core/u_dn/beta_r_reg[1][2]/C
EP  -0.055 xdma_0_axi_aclk        lvl=5   bd_i/layer_0/inst/u_core/u_dn/p_1_out__12/DSP_OUTPUT_INST/ALU_OUT[20] <- bd_i/layer_0/inst/u_core/u_dn/beta_r_reg[1][2]/C
EP  -0.055 xdma_0_axi_aclk        lvl=5   bd_i/layer_0/inst/u_core/u_dn/p_1_out__12/DSP_OUTPUT_INST/ALU_OUT[21] <- bd_i/layer_0/inst/u_core/u_dn/beta_r_reg[1][2]/C
EP  -0.055 xdma_0_axi_aclk        lvl=5   bd_i/layer_0/inst/u_core/u_dn/p_1_out__12/DSP_OUTPUT_INST/ALU_OUT[22] <- bd_i/layer_0/inst/u_core/u_dn/beta_r_reg[1][2]/C
EP  -0.055 xdma_0_axi_aclk        lvl=5   bd_i/layer_0/inst/u_core/u_dn/p_1_out__12/DSP_OUTPUT_INST/ALU_OUT[23] <- bd_i/layer_0/inst/u_core/u_dn/beta_r_reg[1][2]/C
EP  -0.055 xdma_0_axi_aclk        lvl=5   bd_i/layer_0/inst/u_core/u_dn/p_1_out__12/DSP_OUTPUT_INST/ALU_OUT[24] <- bd_i/layer_0/inst/u_core/u_dn/beta_r_reg[1][2]/C
EP  -0.055 xdma_0_axi_aclk        lvl=5   bd_i/layer_0/inst/u_core/u_dn/p_1_out__12/DSP_OUTPUT_INST/ALU_OUT[25] <- bd_i/layer_0/inst/u_core/u_dn/beta_r_reg[1][2]/C
EP  -0.055 xdma_0_axi_aclk        lvl=5   bd_i/layer_0/inst/u_core/u_dn/p_1_out__12/DSP_OUTPUT_INST/ALU_OUT[26] <- bd_i/layer_0/inst/u_core/u_dn/beta_r_reg[1][2]/C
EP  -0.055 xdma_0_axi_aclk        lvl=5   bd_i/layer_0/inst/u_core/u_dn/p_1_out__12/DSP_OUTPUT_INST/ALU_OUT[27] <- bd_i/layer_0/inst/u_core/u_dn/beta_r_reg[1][2]/C
EP  -0.055 xdma_0_axi_aclk        lvl=5   bd_i/layer_0/inst/u_core/u_dn/p_1_out__12/DSP_OUTPUT_INST/ALU_OUT[28] <- bd_i/layer_0/inst/u_core/u_dn/beta_r_reg[1][2]/C
EP  -0.055 xdma_0_axi_aclk        lvl=5   bd_i/layer_0/inst/u_core/u_dn/p_1_out__12/DSP_OUTPUT_INST/ALU_OUT[29] <- bd_i/layer_0/inst/u_core/u_dn/beta_r_reg[1][2]/C
EP  -0.055 xdma_0_axi_aclk        lvl=5   bd_i/layer_0/inst/u_core/u_dn/p_1_out__12/DSP_OUTPUT_INST/ALU_OUT[30] <- bd_i/layer_0/inst/u_core/u_dn/beta_r_reg[1][2]/C
EP  -0.055 xdma_0_axi_aclk        lvl=5   bd_i/layer_0/inst/u_core/u_dn/p_1_out__12/DSP_OUTPUT_INST/ALU_OUT[31] <- bd_i/layer_0/inst/u_core/u_dn/beta_r_reg[1][2]/C
EP  -0.055 xdma_0_axi_aclk        lvl=5   bd_i/layer_0/inst/u_core/u_dn/p_1_out__12/DSP_OUTPUT_INST/ALU_OUT[32] <- bd_i/layer_0/inst/u_core/u_dn/beta_r_reg[1][2]/C
EP  -0.055 xdma_0_axi_aclk        lvl=5   bd_i/layer_0/inst/u_core/u_dn/p_1_out__12/DSP_OUTPUT_INST/ALU_OUT[33] <- bd_i/layer_0/inst/u_core/u_dn/beta_r_reg[1][2]/C
EP  -0.055 xdma_0_axi_aclk        lvl=5   bd_i/layer_0/inst/u_core/u_dn/p_1_out__12/DSP_OUTPUT_INST/ALU_OUT[34] <- bd_i/layer_0/inst/u_core/u_dn/beta_r_reg[1][2]/C
EP  -0.055 xdma_0_axi_aclk        lvl=5   bd_i/layer_0/inst/u_core/u_dn/p_1_out__12/DSP_OUTPUT_INST/ALU_OUT[35] <- bd_i/layer_0/inst/u_core/u_dn/beta_r_reg[1][2]/C
EP  -0.055 xdma_0_axi_aclk        lvl=5   bd_i/layer_0/inst/u_core/u_dn/p_1_out__12/DSP_OUTPUT_INST/ALU_OUT[36] <- bd_i/layer_0/inst/u_core/u_dn/beta_r_reg[1][2]/C
EP  -0.055 xdma_0_axi_aclk        lvl=5   bd_i/layer_0/inst/u_core/u_dn/p_1_out__12/DSP_OUTPUT_INST/ALU_OUT[37] <- bd_i/layer_0/inst/u_core/u_dn/beta_r_reg[1][2]/C
EP  -0.055 xdma_0_axi_aclk        lvl=5   bd_i/layer_0/inst/u_core/u_dn/p_1_out__12/DSP_OUTPUT_INST/ALU_OUT[38] <- bd_i/layer_0/inst/u_core/u_dn/beta_r_reg[1][2]/C
EP  -0.055 xdma_0_axi_aclk        lvl=5   bd_i/layer_0/inst/u_core/u_dn/p_1_out__12/DSP_OUTPUT_INST/ALU_OUT[39] <- bd_i/layer_0/inst/u_core/u_dn/beta_r_reg[1][2]/C
EP  -0.055 xdma_0_axi_aclk        lvl=5   bd_i/layer_0/inst/u_core/u_dn/p_1_out__12/DSP_OUTPUT_INST/ALU_OUT[40] <- bd_i/layer_0/inst/u_core/u_dn/beta_r_reg[1][2]/C
EP  -0.055 xdma_0_axi_aclk        lvl=5   bd_i/layer_0/inst/u_core/u_dn/p_1_out__12/DSP_OUTPUT_INST/ALU_OUT[41] <- bd_i/layer_0/inst/u_core/u_dn/beta_r_reg[1][2]/C
EP  -0.055 xdma_0_axi_aclk        lvl=5   bd_i/layer_0/inst/u_core/u_dn/p_1_out__12/DSP_OUTPUT_INST/ALU_OUT[42] <- bd_i/layer_0/inst/u_core/u_dn/beta_r_reg[1][2]/C
EP  -0.055 xdma_0_axi_aclk        lvl=5   bd_i/layer_0/inst/u_core/u_dn/p_1_out__12/DSP_OUTPUT_INST/ALU_OUT[43] <- bd_i/layer_0/inst/u_core/u_dn/beta_r_reg[1][2]/C
EP  -0.055 xdma_0_axi_aclk        lvl=5   bd_i/layer_0/inst/u_core/u_dn/p_1_out__12/DSP_OUTPUT_INST/ALU_OUT[44] <- bd_i/layer_0/inst/u_core/u_dn/beta_r_reg[1][2]/C
EP  -0.055 xdma_0_axi_aclk        lvl=5   bd_i/layer_0/inst/u_core/u_dn/p_1_out__12/DSP_OUTPUT_INST/ALU_OUT[45] <- bd_i/layer_0/inst/u_core/u_dn/beta_r_reg[1][2]/C
EP  -0.055 xdma_0_axi_aclk        lvl=5   bd_i/layer_0/inst/u_core/u_dn/p_1_out__12/DSP_OUTPUT_INST/ALU_OUT[46] <- bd_i/layer_0/inst/u_core/u_dn/beta_r_reg[1][2]/C
EP  -0.055 xdma_0_axi_aclk        lvl=5   bd_i/layer_0/inst/u_core/u_dn/p_1_out__12/DSP_OUTPUT_INST/ALU_OUT[47] <- bd_i/layer_0/inst/u_core/u_dn/beta_r_reg[1][2]/C
EP  -0.055 xdma_0_axi_aclk        lvl=5   bd_i/layer_0/inst/u_core/u_dn/p_1_out__12/DSP_OUTPUT_INST/ALU_OUT[4] <- bd_i/layer_0/inst/u_core/u_dn/beta_r_reg[1][2]/C
EP  -0.055 xdma_0_axi_aclk        lvl=5   bd_i/layer_0/inst/u_core/u_dn/p_1_out__12/DSP_OUTPUT_INST/ALU_OUT[5] <- bd_i/layer_0/inst/u_core/u_dn/beta_r_reg[1][2]/C
EP  -0.055 xdma_0_axi_aclk        lvl=5   bd_i/layer_0/inst/u_core/u_dn/p_1_out__12/DSP_OUTPUT_INST/ALU_OUT[6] <- bd_i/layer_0/inst/u_core/u_dn/beta_r_reg[1][2]/C
EP  -0.055 xdma_0_axi_aclk        lvl=5   bd_i/layer_0/inst/u_core/u_dn/p_1_out__12/DSP_OUTPUT_INST/ALU_OUT[7] <- bd_i/layer_0/inst/u_core/u_dn/beta_r_reg[1][2]/C
EP  -0.055 xdma_0_axi_aclk        lvl=5   bd_i/layer_0/inst/u_core/u_dn/p_1_out__12/DSP_OUTPUT_INST/ALU_OUT[8] <- bd_i/layer_0/inst/u_core/u_dn/beta_r_reg[1][2]/C
EP  -0.055 xdma_0_axi_aclk        lvl=5   bd_i/layer_0/inst/u_core/u_dn/p_1_out__12/DSP_OUTPUT_INST/ALU_OUT[9] <- bd_i/layer_0/inst/u_core/u_dn/beta_r_reg[1][2]/C
EP  -0.055 xdma_0_axi_aclk        lvl=4   bd_i/layer_0/inst/u_core/u_dma/fmem_reg_0_255_255_255/SP.A/I <- bd_i/layer_0/inst/u_core/u_dma/rp_esub_reg[2][1]__0/C
EP  -0.055 xdma_0_axi_aclk        lvl=2   bd_i/layer_0/inst/u_core/u_attn/g_lane[64].prod_reg[64]/DSP_A_B_DATA_INST/B[1] <- bd_i/layer_0/inst/u_core/g_kvslot[0].mem_reg_uram_14/CLK
EP  -0.055 xdma_0_axi_aclk        lvl=2   bd_i/layer_0/inst/u_core/u_attn/g_lane[101].pv_p_reg[101]/DSP_A_B_DATA_INST/A[25] <- bd_i/layer_0/inst/u_core/g_kvslot[0].mem_reg_uram_22/CLK
EP  -0.055 xdma_0_axi_aclk        lvl=2   bd_i/layer_0/inst/u_core/u_attn/g_lane[82].pv_p_reg[82]/DSP_A_B_DATA_INST/A[11] <- bd_i/layer_0/inst/u_core/g_kvslot[0].mem_reg_uram_18/CLK
EP  -0.055 xdma_0_axi_aclk        lvl=1   bd_i/layer_0/inst/u_core/u_dn/p_1_out__9__11/DSP_A_B_DATA_INST/A[10] <- bd_i/layer_0/inst/u_core/g_dnslot[1].mem_reg_uram_15/CLK
EP  -0.055 xdma_0_axi_aclk        lvl=2   bd_i/layer_0/inst/u_core/u_dn/g_lane[30].o_acc_reg[30]/DSP_A_B_DATA_INST/B[16] <- bd_i/layer_0/inst/u_core/u_dn/row_reg[1]/C
EP  -0.055 xdma_0_axi_aclk        lvl=1   bd_i/layer_0/inst/u_core/u_dn/g_lane[110].dec_p_reg[110]/DSP_A_B_DATA_INST/A[15] <- bd_i/layer_0/inst/u_core/g_dnslot[1].mem_reg_uram_24/CLK
EP  -0.055 xdma_0_axi_aclk        lvl=2   bd_i/layer_0/inst/u_core/u_attn/g_lane[44].prod_reg[44]_i_2_psdsp_1/D <- bd_i/layer_0/inst/u_core/g_kvslot[0].mem_reg_uram_8/CLK
EP  -0.055 xdma_0_axi_aclk        lvl=3   bd_i/layer_0/inst/u_core/u_dn/p_0_out__3__13/DSP_A_B_DATA_INST/A[6] <- bd_i/layer_0/inst/u_core/u_dn/p_1_out__6__16/DSP_OUTPUT_INST/CLK
EP  -0.055 xdma_0_axi_aclk        lvl=4   bd_i/layer_0/inst/u_core/u_dma/fmem_reg_0_255_493_493/SP.C/I <- bd_i/layer_0/inst/u_core/kv_dmaq_reg[1005]/C
EP  -0.055 xdma_0_axi_aclk        lvl=1   bd_i/layer_0/inst/u_core/u_dn/g_lane[111].dec_p_reg[111]/DSP_A_B_DATA_INST/A[12] <- bd_i/layer_0/inst/u_core/g_dnslot[0].mem_reg_uram_24/CLK
EP  -0.055 xdma_0_axi_aclk        lvl=2   bd_i/layer_0/inst/u_core/u_attn/g_lane[32].prod_reg[32]/DSP_A_B_DATA_INST/B[13] <- bd_i/layer_0/inst/u_core/g_kvslot[1].mem_reg_uram_6/CLK
EP  -0.054 xdma_0_axi_aclk        lvl=0   bd_i/layer_0/inst/u_core/u_dn/p_0_out__3__2/DSP_PREADD_DATA_INST/DIN[12] <- bd_i/layer_0/inst/u_core/u_dn/vdata_q_reg[12]_rep__1/C
EP  -0.054 xdma_0_axi_aclk        lvl=9   bd_i/layer_0/inst/u_core/u_dn/g_lane[117].dm_p_reg[117]/DSP_A_B_DATA_INST/A[25] <- bd_i/layer_0/inst/u_core/u_dn/g_lane[117].kvm_acc_reg[117]/DSP_OUTPUT_INST/CLK
EP  -0.054 xdma_0_axi_aclk        lvl=1   bd_i/layer_0/inst/u_core/u_dn/p_1_out__25__5/DSP_A_B_DATA_INST/A[10] <- bd_i/layer_0/inst/u_core/g_dnslot[0].mem_reg_uram_21/CLK
EP  -0.054 xdma_0_axi_aclk        lvl=14  bd_i/layer_0/inst/u_core/u_alu/r_res_reg[1]/D <- bd_i/layer_0/inst/u_core/u_alu/op_q_reg[0]_rep__0/C
EP  -0.054 xdma_0_axi_aclk        lvl=1   bd_i/layer_0/inst/u_core/u_dn/p_1_out__9__11/DSP_A_B_DATA_INST/A[3] <- bd_i/layer_0/inst/u_core/g_dnslot[0].mem_reg_uram_14/CLK
EP  -0.054 xdma_0_axi_aclk        lvl=8   bd_i/layer_0/inst/u_core/dma_kind_reg[1]_replica_7/CE <- bd_i/layer_0/inst/u_core/sld_pend_reg[1][1][2]/C
EP  -0.054 xdma_0_axi_aclk        lvl=8   bd_i/layer_0/inst/u_core/dma_slot_reg_replica_9/CE <- bd_i/layer_0/inst/u_core/sld_pend_reg[1][1][2]/C
EP  -0.054 xdma_0_axi_aclk        lvl=8   bd_i/layer_0/inst/u_core/u_dn/g_lane[123].kvm_acc_reg[123]/DSP_A_B_DATA_INST/A[29] <- bd_i/layer_0/inst/u_core/u_dn/g_lane[123].dec_p_reg[123]/DSP_OUTPUT_INST/CLK
EP  -0.054 xdma_0_axi_aclk        lvl=8   bd_i/layer_0/inst/u_core/u_dn/p_0_out__10__6/DSP_A_B_DATA_INST/A[24] <- bd_i/layer_0/inst/u_core/u_dn/g_lane[78].kvm_acc_reg[78]/DSP_OUTPUT_INST/CLK
EP  -0.054 xdma_0_axi_aclk        lvl=1   bd_i/layer_0/inst/u_core/u_dn/p_1_out__0__9/DSP_A_B_DATA_INST/A[14] <- bd_i/layer_0/inst/u_core/g_dnslot[0].mem_reg_uram_15/CLK
EP  -0.054 xdma_0_axi_aclk        lvl=4   bd_i/layer_0/inst/u_core/u_dma/fmem_reg_0_255_493_493/DP.D/I <- bd_i/layer_0/inst/u_core/kv_dmaq_reg[1005]/C
EP  -0.054 xdma_0_axi_aclk        lvl=2   bd_i/layer_0/inst/u_core/u_attn/g_lane[155].pv_p_reg[155]/DSP_A_B_DATA_INST/A[2] <- bd_i/layer_0/inst/u_core/g_kvslot[1].mem_reg_uram_34/CLK
EP  -0.054 xdma_0_axi_aclk        lvl=8   bd_i/layer_0/inst/u_core/u_dn/g_lane[108].kvm_acc_reg[108]/DSP_A_B_DATA_INST/A[27] <- bd_i/layer_0/inst/u_core/u_dn/g_lane[108].dec_p_reg[108]/DSP_OUTPUT_INST/CLK
EP  -0.054 xdma_0_axi_aclk        lvl=2   bd_i/layer_0/inst/u_core/u_attn/g_lane[238].prod_reg[238]/DSP_A_B_DATA_INST/B[11] <- bd_i/layer_0/inst/u_core/g_kvslot[1].mem_reg_uram_52/CLK
EP  -0.054 xdma_0_axi_aclk        lvl=2   bd_i/layer_0/inst/u_core/g_kvslot[1].mem_reg_uram_13/CAS_IN_DIN_B[50] <- bd_i/layer_0/inst/u_core/dma_act_reg_rep__18/C
EP  -0.053 xdma_0_axi_aclk        lvl=5   bd_i/layer_0/inst/u_core/u_dn/p_0_out__3__13/DSP_A_B_DATA_INST/A[26] <- bd_i/layer_0/inst/u_core/u_dn/p_1_out__6__16/DSP_OUTPUT_INST/CLK
EP  -0.053 xdma_0_axi_aclk        lvl=5   bd_i/layer_0/inst/u_core/u_dma/fmem_reg_0_255_359_359/SP.C/I <- bd_i/layer_0/inst/u_core/u_dma/x_store_reg/C
EP  -0.053 xdma_0_axi_aclk        lvl=0   bd_i/layer_0/inst/u_core/u_dn/p_0_out__4__3/DSP_PREADD_DATA_INST/DIN[24] <- bd_i/layer_0/inst/u_core/u_dn/vdata_q_reg[20]_replica_17/C
EP  -0.053 xdma_0_axi_aclk        lvl=2   bd_i/layer_0/inst/u_core/u_attn/g_lane[25].prod_reg[25]_i_8_psdsp/D <- bd_i/layer_0/inst/u_core/g_kvslot[1].mem_reg_uram_4/CLK
EP  -0.053 xdma_0_axi_aclk        lvl=1   bd_i/layer_0/inst/u_core/u_dn/g_lane[88].dec_p_reg[88]/DSP_A_B_DATA_INST/A[28] <- bd_i/layer_0/inst/u_core/g_dnslot[1].mem_reg_uram_19/CLK
EP  -0.053 xdma_0_axi_aclk        lvl=4   bd_i/layer_0/inst/u_core/u_dma/fmem_reg_0_255_8_8/SP.A/I <- bd_i/layer_0/inst/u_core/kv_dmaq_reg[8]/C
EP  -0.053 xdma_0_axi_aclk        lvl=1   bd_i/layer_0/inst/u_core/u_attn/acc_en_r_reg[3]_replica/D <- bd_i/layer_0/inst/u_core/u_attn/st_reg[1]/C
EP  -0.053 xdma_0_axi_aclk        lvl=7   bd_i/layer_0/inst/u_core/u_dn/g_lane[26].kvm_acc_reg[26]/DSP_A_B_DATA_INST/A[26] <- bd_i/layer_0/inst/u_core/u_dn/g_lane[26].dec_p_reg[26]/DSP_OUTPUT_INST/CLK
EP  -0.053 xdma_0_axi_aclk        lvl=2   bd_i/layer_0/inst/u_core/u_attn/g_lane[137].pv_p_reg[137]/DSP_A_B_DATA_INST/A[1] <- bd_i/layer_0/inst/u_core/g_kvslot[1].mem_reg_uram_30/CLK
EP  -0.053 xdma_0_axi_aclk        lvl=4   bd_i/layer_0/inst/u_core/u_dma/fmem_reg_0_255_415_415/SP.A/I <- bd_i/layer_0/inst/u_core/u_dma/rp_esub_reg[2][1]__0/C
EP  -0.053 xdma_0_axi_aclk        lvl=4   bd_i/layer_0/inst/u_core/u_dma/fmem_reg_0_255_415_415/SP.D/I <- bd_i/layer_0/inst/u_core/u_dma/rp_esub_reg[2][1]__0/C
EP  -0.053 xdma_0_axi_aclk        lvl=2   bd_i/layer_0/inst/u_core/u_attn/g_lane[64].prod_reg[64]/DSP_A_B_DATA_INST/B[11] <- bd_i/layer_0/inst/u_core/g_kvslot[0].mem_reg_uram_14/CLK
EP  -0.053 xdma_0_axi_aclk        lvl=8   bd_i/layer_0/inst/u_core/u_dma/fmem_reg_0_255_119_119/DP.A/I <- bd_i/layer_0/inst/u_core/u_dma/f_rp_reg[0]/C
EP  -0.053 xdma_0_axi_aclk        lvl=2   bd_i/layer_0/inst/u_core/krow_reg[530]/D <- bd_i/layer_0/inst/u_core/kb_i_reg[2]/C
EP  -0.052 xdma_0_axi_aclk        lvl=2   bd_i/layer_0/inst/u_core/u_attn/g_lane[154].pv_p_reg[154]/DSP_A_B_DATA_INST/A[6] <- bd_i/layer_0/inst/u_core/g_kvslot[1].mem_reg_uram_34/CLK
EP  -0.052 xdma_0_axi_aclk        lvl=0   bd_i/layer_0/inst/u_core/u_dn/p_0_out__2__7/DSP_PREADD_DATA_INST/DIN[19] <- bd_i/layer_0/inst/u_core/u_dn/vdata_q_reg[19]_rep__3/C
EP  -0.052 xdma_0_axi_aclk        lvl=5   bd_i/layer_0/inst/u_core/u_dn/g_lane[121].dm_p_reg[121]/DSP_A_B_DATA_INST/A[6] <- bd_i/layer_0/inst/u_core/u_dn/g_lane[121].kvm_acc_reg[121]/DSP_OUTPUT_INST/CLK
EP  -0.052 xdma_0_axi_aclk        lvl=7   bd_i/layer_0/inst/u_core/u_dn/g_lane[17].kvm_acc_reg[17]/DSP_A_B_DATA_INST/A[24] <- bd_i/layer_0/inst/u_core/u_dn/g_lane[17].dec_p_reg[17]/DSP_OUTPUT_INST/CLK
EP  -0.052 xdma_0_axi_aclk        lvl=1   bd_i/layer_0/inst/u_core/u_attn/o_g8_reg[30][25]/D <- bd_i/layer_0/inst/u_core/u_attn/og_i_reg[2]/C
EP  -0.052 xdma_0_axi_aclk        lvl=2   bd_i/layer_0/inst/u_core/cs_wd_reg[22]/CE <- bd_i/layer_0/inst/u_core/st_reg[5]/C
EP  -0.052 xdma_0_axi_aclk        lvl=2   bd_i/layer_0/inst/u_core/cs_wd_reg[26]/CE <- bd_i/layer_0/inst/u_core/st_reg[5]/C
EP  -0.052 xdma_0_axi_aclk        lvl=2   bd_i/layer_0/inst/u_core/u_attn/g_lane[70].pv_p_reg[70]/DSP_A_B_DATA_INST/A[25] <- bd_i/layer_0/inst/u_core/g_kvslot[0].mem_reg_uram_14/CLK
EP  -0.052 xdma_0_axi_aclk        lvl=5   bd_i/layer_0/inst/u_core/u_attn/dot_reg[16]/D <- bd_i/layer_0/inst/u_core/u_attn/g_ps64[3].psum16_reg[3][13]/C
EP  -0.052 xdma_0_axi_aclk        lvl=8   bd_i/layer_0/inst/u_core/u_dma/fmem_reg_0_255_354_354/DP.D/I <- bd_i/layer_0/inst/u_core/u_dma/f_rp_reg[0]/C
EP  -0.052 xdma_0_axi_aclk        lvl=0   bd_i/layer_0/inst/u_core/u_dn/p_1_out__4__18/DSP_PREADD_DATA_INST/DIN[8] <- bd_i/layer_0/inst/u_core/u_dn/vdata_q_reg[8]_rep__3/C
EP  -0.052 xdma_0_axi_aclk        lvl=4   bd_i/layer_0/inst/u_core/u_dma/fmem_reg_0_255_401_401/DP.D/I <- bd_i/layer_0/inst/u_core/u_dma/rp_esub_reg[2][1]__0/C
EP  -0.052 xdma_0_axi_aclk        lvl=4   bd_i/layer_0/inst/u_core/u_dma/fmem_reg_0_255_493_493/SP.B/I <- bd_i/layer_0/inst/u_core/kv_dmaq_reg[1005]/C
EP  -0.052 xdma_0_axi_aclk        lvl=11  bd_i/layer_0/inst/u_core/u_alu/ps_rnd_reg[33]/D <- bd_i/layer_0/inst/u_core/u_alu/maxp_reg[36]/C
EP  -0.052 xdma_0_axi_aclk        lvl=2   bd_i/layer_0/inst/u_core/u_attn/g_lane[64].prod_reg[64]/DSP_A_B_DATA_INST/B[4] <- bd_i/layer_0/inst/u_core/g_kvslot[1].mem_reg_uram_14/CLK
EP  -0.052 xdma_0_axi_aclk        lvl=5   bd_i/layer_0/inst/u_core/u_dma/fmem_reg_0_255_43_43/SP.A/I <- bd_i/layer_0/inst/u_core/dma_slot_reg_replica_5/C
EP  -0.051 xdma_0_axi_aclk        lvl=2   bd_i/layer_0/inst/u_core/u_attn/g_lane[228].pv_p_reg[228]/DSP_A_B_DATA_INST/A[14] <- bd_i/layer_0/inst/u_core/g_kvslot[1].mem_reg_uram_50/CLK
EP  -0.051 xdma_0_axi_aclk        lvl=1   bd_i/layer_0/inst/u_core/u_dn/p_1_out__8__6/DSP_A_B_DATA_INST/A[1] <- bd_i/layer_0/inst/u_core/g_dnslot[1].mem_reg_uram_8/CLK
EP  -0.051 xdma_0_axi_aclk        lvl=2   bd_i/layer_0/inst/u_core/u_attn/g_lane[189].pv_p_reg[189]_i_1_psdsp_1/D <- bd_i/layer_0/inst/u_core/g_kvslot[1].mem_reg_uram_42/CLK
EP  -0.051 xdma_0_axi_aclk        lvl=1   bd_i/layer_0/inst/u_core/u_dn/g_lane[72].dec_p_reg[72]/DSP_A_B_DATA_INST/A[22] <- bd_i/layer_0/inst/u_core/g_dnslot[1].mem_reg_uram_16/CLK
EP  -0.051 xdma_0_axi_aclk        lvl=4   bd_i/layer_0/inst/u_core/u_dn/p_1_out__7__15/DSP_A_B_DATA_INST/A[16] <- bd_i/layer_0/inst/u_core/u_dn/p_1_out__6__16/DSP_OUTPUT_INST/CLK
EP  -0.051 xdma_0_axi_aclk        lvl=4   bd_i/layer_0/inst/u_core/u_dma/fmem_reg_0_255_483_483/DP.C/I <- bd_i/layer_0/inst/u_core/kv_dmaq_reg[483]/C
EP  -0.051 xdma_0_axi_aclk        lvl=5   bd_i/layer_0/inst/u_core/u_attn/dot_reg[15]/D <- bd_i/layer_0/inst/u_core/u_attn/g_ps64[3].psum16_reg[3][2]/C
EP  -0.051 xdma_0_axi_aclk        lvl=7   bd_i/layer_0/inst/u_core/u_topk/sel_reg[40]/D <- bd_i/layer_0/inst/u_core/aw_got_reg/C
EP  -0.051 xdma_0_axi_aclk        lvl=2   bd_i/layer_0/inst/u_core/u_dn/g_lane[1].o_acc_reg[1]/DSP_A_B_DATA_INST/B[0] <- bd_i/layer_0/inst/u_core/u_dn/row_reg[1]/C
EP  -0.051 xdma_0_axi_aclk        lvl=2   bd_i/layer_0/inst/u_core/u_topk/ent_reg[20][11]/CE <- bd_i/layer_0/inst/u_core/arg2_reg[0]/C
EP  -0.051 xdma_0_axi_aclk        lvl=2   bd_i/layer_0/inst/u_core/u_topk/ent_reg[20][15]/CE <- bd_i/layer_0/inst/u_core/arg2_reg[0]/C
EP  -0.050 xdma_0_axi_aclk        lvl=4   bd_i/layer_0/inst/u_core/u_dma/fmem_reg_0_255_273_273/DP.A/I <- bd_i/layer_0/inst/u_core/u_dma/rp_esub_reg[2][1]__0/C
EP  -0.050 xdma_0_axi_aclk        lvl=2   bd_i/layer_0/inst/u_core/u_attn/g_lane[26].prod_reg[26]_i_6_psdsp_1/D <- bd_i/layer_0/inst/u_core/g_kvslot[1].mem_reg_uram_4/CLK
EP  -0.050 xdma_0_axi_aclk        lvl=5   bd_i/layer_0/inst/u_core/u_dma/fmem_reg_0_255_359_359/SP.B/I <- bd_i/layer_0/inst/u_core/u_dma/x_store_reg/C
EP  -0.050 xdma_0_axi_aclk        lvl=2   bd_i/layer_0/inst/u_core/g_kvslot[1].mem_reg_uram_13/CAS_IN_DIN_B[32] <- bd_i/layer_0/inst/u_core/dma_act_reg_rep__18/C
EP  -0.050 xdma_0_axi_aclk        lvl=0   bd_i/layer_0/inst/u_core/u_dn/p_1_out__4__8/DSP_PREADD_DATA_INST/DIN[19] <- bd_i/layer_0/inst/u_core/u_dn/vdata_q_reg[19]_rep__3/C
EP  -0.050 xdma_0_axi_aclk        lvl=2   bd_i/layer_0/inst/u_core/u_attn/g_lane[25].prod_reg[25]_i_2_psdsp_1/D <- bd_i/layer_0/inst/u_core/g_kvslot[1].mem_reg_uram_4/CLK
EP  -0.050 xdma_0_axi_aclk        lvl=2   bd_i/layer_0/inst/u_core/u_attn/g_lane[82].pv_p_reg[82]/DSP_A_B_DATA_INST/A[16] <- bd_i/layer_0/inst/u_core/g_kvslot[0].mem_reg_uram_18/CLK
EP  -0.050 xdma_0_axi_aclk        lvl=2   bd_i/layer_0/inst/u_core/krow_reg[706]/D <- bd_i/layer_0/inst/u_core/kb_i_reg[2]/C
EP  -0.050 xdma_0_axi_aclk        lvl=5   bd_i/layer_0/inst/u_core/u_attn/dot_reg[13]/D <- bd_i/layer_0/inst/u_core/u_attn/g_ps64[3].psum16_reg[3][2]/C
EP  -0.050 xdma_0_axi_aclk        lvl=2   bd_i/layer_0/inst/u_core/krow_reg[528]/D <- bd_i/layer_0/inst/u_core/kb_i_reg[2]/C
EP  -0.050 xdma_0_axi_aclk        lvl=2   bd_i/layer_0/inst/u_core/u_attn/g_lane[51].pv_p_reg[51]/DSP_A_B_DATA_INST/A[22] <- bd_i/layer_0/inst/u_core/g_kvslot[0].mem_reg_uram_10/CLK
EP  -0.050 xdma_0_axi_aclk        lvl=4   bd_i/layer_0/inst/u_core/krow_reg[1975]/D <- bd_i/layer_0/inst/u_core/kb_i_reg[3]/C
EP  -0.050 xdma_0_axi_aclk        lvl=4   bd_i/layer_0/inst/u_core/krow_reg[815]/D <- bd_i/layer_0/inst/u_core/kb_i_reg[2]/C
EP  -0.050 xdma_0_axi_aclk        lvl=2   bd_i/layer_0/inst/u_core/u_attn/g_lane[234].prod_reg[234]/DSP_A_B_DATA_INST/B[16] <- bd_i/layer_0/inst/u_core/g_kvslot[1].mem_reg_uram_52/CLK
EP  -0.049 xdma_0_axi_aclk        lvl=3   bd_i/layer_0/inst/u_core/krow_reg[433]/R <- bd_i/layer_0/inst/u_core/kb_i_reg[2]/C
EP  -0.049 xdma_0_axi_aclk        lvl=3   bd_i/layer_0/inst/u_core/krow_reg[435]/R <- bd_i/layer_0/inst/u_core/kb_i_reg[2]/C
EP  -0.049 xdma_0_axi_aclk        lvl=3   bd_i/layer_0/inst/u_core/krow_reg[436]/R <- bd_i/layer_0/inst/u_core/kb_i_reg[2]/C
EP  -0.049 xdma_0_axi_aclk        lvl=3   bd_i/layer_0/inst/u_core/krow_reg[437]/R <- bd_i/layer_0/inst/u_core/kb_i_reg[2]/C
EP  -0.049 xdma_0_axi_aclk        lvl=3   bd_i/layer_0/inst/u_core/krow_reg[438]/R <- bd_i/layer_0/inst/u_core/kb_i_reg[2]/C
EP  -0.049 xdma_0_axi_aclk        lvl=1   bd_i/layer_0/inst/u_core/u_dn/g_lane[108].dec_p_reg[108]/DSP_A_B_DATA_INST/A[13] <- bd_i/layer_0/inst/u_core/g_dnslot[0].mem_reg_uram_24/CLK
EP  -0.049 xdma_0_axi_aclk        lvl=2   bd_i/layer_0/inst/u_core/u_attn/g_lane[26].prod_reg[26]_i_6_psdsp/D <- bd_i/layer_0/inst/u_core/g_kvslot[1].mem_reg_uram_4/CLK
EP  -0.049 xdma_0_axi_aclk        lvl=1   bd_i/layer_0/inst/u_core/u_dn/g_lane[110].dec_p_reg[110]/DSP_A_B_DATA_INST/A[20] <- bd_i/layer_0/inst/u_core/g_dnslot[1].mem_reg_uram_24/CLK
EP  -0.049 xdma_0_axi_aclk        lvl=4   bd_i/layer_0/inst/u_core/u_dma/fmem_reg_0_255_75_75/SP.C/I <- bd_i/layer_0/inst/u_core/u_dma/rp_esub_reg[2][0]__0/C
EP  -0.049 xdma_0_axi_aclk        lvl=4   bd_i/layer_0/inst/u_core/u_dma/fmem_reg_0_255_401_401/SP.D/I <- bd_i/layer_0/inst/u_core/u_dma/rp_esub_reg[2][1]__0/C
EP  -0.049 xdma_0_axi_aclk        lvl=0   bd_i/layer_0/inst/u_core/u_dn/g_lane[94].o_acc_reg[94]/DSP_OUTPUT_INST/RSTP <- bd_i/layer_0/inst/u_core/u_dn/clr_r_reg[2]/C
EP  -0.049 xdma_0_axi_aclk        lvl=2   bd_i/layer_0/inst/u_core/u_attn/g_lane[25].prod_reg[25]_i_2_psdsp/D <- bd_i/layer_0/inst/u_core/g_kvslot[1].mem_reg_uram_4/CLK
EP  -0.049 xdma_0_axi_aclk        lvl=8   bd_i/layer_0/inst/u_core/u_dma/fmem_reg_0_255_400_400/DP.D/I <- bd_i/layer_0/inst/u_core/u_dma/f_rp_reg[0]/C
EP  -0.049 xdma_0_axi_aclk        lvl=1   bd_i/layer_0/inst/u_core/u_dn/p_1_out__0__6/DSP_A_B_DATA_INST/A[7] <- bd_i/layer_0/inst/u_core/g_dnslot[0].mem_reg_uram_15/CLK
EP  -0.049 xdma_0_axi_aclk        lvl=1   bd_i/layer_0/inst/u_core/u_dn/g_lane[76].kvm_acc_reg[76]_i_2_psdsp_54/CE <- bd_i/layer_0/inst/u_core/u_dn/st_reg[4]/C
EP  -0.049 xdma_0_axi_aclk        lvl=2   bd_i/layer_0/inst/u_core/u_attn/g_lane[41].pv_p_reg[41]_i_3_psdsp_1/D <- bd_i/layer_0/inst/u_core/g_kvslot[0].mem_reg_uram_8/CLK
EP  -0.049 xdma_0_axi_aclk        lvl=2   bd_i/layer_0/inst/u_core/u_attn/g_lane[185].pv_p_reg[185]/DSP_A_B_DATA_INST/A[2] <- bd_i/layer_0/inst/u_core/g_kvslot[0].mem_reg_uram_40/CLK
EP  -0.048 xdma_0_axi_aclk        lvl=8   bd_i/layer_0/inst/u_core/u_dn/g_lane[38].sf_row_reg[38][10]/R <- bd_i/layer_0/inst/u_core/u_dn/p_0_out__27/DSP_OUTPUT_INST/CLK
EP  -0.048 xdma_0_axi_aclk        lvl=8   bd_i/layer_0/inst/u_core/u_dn/g_lane[38].sf_row_reg[38][11]/R <- bd_i/layer_0/inst/u_core/u_dn/p_0_out__27/DSP_OUTPUT_INST/CLK
EP  -0.048 xdma_0_axi_aclk        lvl=7   bd_i/layer_0/inst/u_core/u_topk/sel_reg[39]/D <- bd_i/layer_0/inst/u_core/aw_got_reg/C
EP  -0.048 xdma_0_axi_aclk        lvl=5   bd_i/layer_0/inst/u_core/u_dma/fmem_reg_0_255_359_359/SP.D/I <- bd_i/layer_0/inst/u_core/u_dma/x_store_reg/C
EP  -0.048 xdma_0_axi_aclk        lvl=2   bd_i/layer_0/inst/u_core/u_dn/g_lane[9].o_acc_reg[9]/DSP_A_B_DATA_INST/B[9] <- bd_i/layer_0/inst/u_core/u_dn/row_reg[0]/C
EP  -0.048 xdma_0_axi_aclk        lvl=7   bd_i/layer_0/inst/u_core/u_dn/g_lane[26].kvm_acc_reg[26]/DSP_A_B_DATA_INST/A[27] <- bd_i/layer_0/inst/u_core/u_dn/g_lane[26].dec_p_reg[26]/DSP_OUTPUT_INST/CLK
EP  -0.048 xdma_0_axi_aclk        lvl=4   bd_i/layer_0/inst/u_core/krow_reg[544]/D <- bd_i/layer_0/inst/u_core/st_reg[3]/C
EP  -0.048 xdma_0_axi_aclk        lvl=2   bd_i/layer_0/inst/u_core/u_attn/g_lane[154].pv_p_reg[154]/DSP_A_B_DATA_INST/A[22] <- bd_i/layer_0/inst/u_core/g_kvslot[1].mem_reg_uram_34/CLK
EP  -0.048 xdma_0_axi_aclk        lvl=4   bd_i/layer_0/inst/u_core/u_dma/fmem_reg_0_255_499_499/DP.A/I <- bd_i/layer_0/inst/u_core/u_dma/rp_esub_reg[2][1]__0/C
EP  -0.048 xdma_0_axi_aclk        lvl=2   bd_i/layer_0/inst/u_core/u_attn/g_lane[41].pv_p_reg[41]_i_3_psdsp/D <- bd_i/layer_0/inst/u_core/g_kvslot[0].mem_reg_uram_8/CLK
EP  -0.048 xdma_0_axi_aclk        lvl=0   bd_i/layer_0/inst/u_core/u_dn/p_0_out__8__1/DSP_PREADD_DATA_INST/DIN[19] <- bd_i/layer_0/inst/u_core/u_dn/vdata_q_reg[19]_rep__4/C
EP  -0.047 xdma_0_axi_aclk        lvl=7   bd_i/layer_0/inst/u_core/u_dn/p_0_out__23__0/DSP_A_B_DATA_INST/A[11] <- bd_i/layer_0/inst/u_core/u_dn/g_lane[93].kvm_acc_reg[93]/DSP_OUTPUT_INST/CLK
EP  -0.047 xdma_0_axi_aclk        lvl=3   bd_i/layer_0/inst/u_core/smem_b_reg_bram_22/ADDRARDADDR[4] <- bd_i/layer_0/inst/u_core/cmd_op_reg[1]/C
EP  -0.047 xdma_0_axi_aclk        lvl=2   bd_i/layer_0/inst/u_core/u_attn/g_lane[77].prod_reg[77]/DSP_A_B_DATA_INST/B[1] <- bd_i/layer_0/inst/u_core/g_kvslot[1].mem_reg_uram_16/CLK
EP  -0.047 xdma_0_axi_aclk        lvl=1   bd_i/layer_0/inst/u_core/u_dn/p_1_out__26/DSP_A_B_DATA_INST/A[12] <- bd_i/layer_0/inst/u_core/g_dnslot[0].mem_reg_uram_24/CLK
EP  -0.047 xdma_0_axi_aclk        lvl=8   bd_i/layer_0/inst/u_core/u_dn/g_lane[107].kvm_acc_reg[107]/DSP_A_B_DATA_INST/A[25] <- bd_i/layer_0/inst/u_core/u_dn/g_lane[107].dec_p_reg[107]/DSP_OUTPUT_INST/CLK
EP  -0.047 xdma_0_axi_aclk        lvl=2   bd_i/layer_0/inst/u_core/u_attn/g_lane[138].pv_p_reg[138]/DSP_A_B_DATA_INST/A[17] <- bd_i/layer_0/inst/u_core/g_kvslot[1].mem_reg_uram_30/CLK
EP  -0.047 xdma_0_axi_aclk        lvl=2   bd_i/layer_0/inst/u_core/u_attn/g_lane[36].pv_p_reg[36]_i_5_psdsp_1/D <- bd_i/layer_0/inst/u_core/g_kvslot[0].mem_reg_uram_8/CLK
EP  -0.047 xdma_0_axi_aclk        lvl=1   bd_i/layer_0/inst/u_core/u_dn/g_lane[57].p2_p_reg[57]_i_10_psdsp_2/CE <- bd_i/layer_0/inst/u_core/u_dn/st_reg[4]/C
EP  -0.047 xdma_0_axi_aclk        lvl=1   bd_i/layer_0/inst/u_core/u_dn/g_lane[57].p2_p_reg[57]_i_6_psdsp_2/CE <- bd_i/layer_0/inst/u_core/u_dn/st_reg[4]/C
EP  -0.047 xdma_0_axi_aclk        lvl=1   bd_i/layer_0/inst/u_core/u_dn/g_lane[57].p2_p_reg[57]_i_8_psdsp_2/CE <- bd_i/layer_0/inst/u_core/u_dn/st_reg[4]/C
EP  -0.047 xdma_0_axi_aclk        lvl=8   bd_i/layer_0/inst/u_core/dma_slot_reg_replica_19/CE <- bd_i/layer_0/inst/u_core/sld_pend_reg[1][1][2]/C
EP  -0.047 xdma_0_axi_aclk        lvl=14  bd_i/layer_0/inst/u_core/u_alu/r_res_reg[18]/D <- bd_i/layer_0/inst/u_core/u_alu/op_q_reg[0]_rep__0/C
EP  -0.047 xdma_0_axi_aclk        lvl=2   bd_i/layer_0/inst/u_core/u_attn/g_lane[145].pv_p_reg[145]/DSP_A_B_DATA_INST/A[5] <- bd_i/layer_0/inst/u_core/g_kvslot[0].mem_reg_uram_32/CLK
EP  -0.047 xdma_0_axi_aclk        lvl=7   bd_i/seq_0/inst/u_seq/pc_reg[4]/CE <- bd_i/axil_smc/inst/s01_entry_pipeline/s01_mmu/inst/FSM_sequential_gen_endpoint.r_state_reg[1]/C
EP  -0.047 xdma_0_axi_aclk        lvl=7   bd_i/seq_0/inst/u_seq/pc_reg[8]/CE <- bd_i/axil_smc/inst/s01_entry_pipeline/s01_mmu/inst/FSM_sequential_gen_endpoint.r_state_reg[1]/C
EP  -0.047 xdma_0_axi_aclk        lvl=3   bd_i/axi_smc/inst/s02_entry_pipeline/s02_si_converter/inst/converter.wrap_narrow_inst/w_accum_reg[data][421]/CE <- bd_i/axi_smc/inst/s02_entry_pipeline/s02_mmu/inst/w_sreg/state_reg[m_valid_i]/C
EP  -0.047 xdma_0_axi_aclk        lvl=3   bd_i/axi_smc/inst/s02_entry_pipeline/s02_si_converter/inst/converter.wrap_narrow_inst/w_accum_reg[data][423]/CE <- bd_i/axi_smc/inst/s02_entry_pipeline/s02_mmu/inst/w_sreg/state_reg[m_valid_i]/C
EP  -0.046 xdma_0_axi_aclk        lvl=2   bd_i/layer_0/inst/u_core/u_dn/g_lane[5].o_acc_reg[5]/DSP_A_B_DATA_INST/B[13] <- bd_i/layer_0/inst/u_core/u_dn/row_reg[0]/C
EP  -0.046 xdma_0_axi_aclk        lvl=8   bd_i/layer_0/inst/u_core/u_dn/g_lane[38].sf_row_reg[38][12]/R <- bd_i/layer_0/inst/u_core/u_dn/p_0_out__27/DSP_OUTPUT_INST/CLK
EP  -0.046 xdma_0_axi_aclk        lvl=8   bd_i/layer_0/inst/u_core/u_dn/g_lane[38].sf_row_reg[38][13]/R <- bd_i/layer_0/inst/u_core/u_dn/p_0_out__27/DSP_OUTPUT_INST/CLK
EP  -0.046 xdma_0_axi_aclk        lvl=8   bd_i/layer_0/inst/u_core/u_dn/g_lane[38].sf_row_reg[38][15]/S <- bd_i/layer_0/inst/u_core/u_dn/p_0_out__27/DSP_OUTPUT_INST/CLK
EP  -0.046 xdma_0_axi_aclk        lvl=8   bd_i/layer_0/inst/u_core/u_dn/g_lane[38].sf_row_reg[38][2]/R <- bd_i/layer_0/inst/u_core/u_dn/p_0_out__27/DSP_OUTPUT_INST/CLK
EP  -0.046 xdma_0_axi_aclk        lvl=8   bd_i/layer_0/inst/u_core/u_dn/g_lane[38].sf_row_reg[38][3]/R <- bd_i/layer_0/inst/u_core/u_dn/p_0_out__27/DSP_OUTPUT_INST/CLK
EP  -0.046 xdma_0_axi_aclk        lvl=0   bd_i/layer_0/inst/u_core/u_dn/vdata_q_reg[7]_rep__10/D <- bd_i/layer_0/inst/u_core/dn_vdata_reg[7]/C
EP  -0.046 xdma_0_axi_aclk        lvl=2   bd_i/layer_0/inst/u_core/u_attn/g_lane[82].pv_p_reg[82]/DSP_A_B_DATA_INST/A[12] <- bd_i/layer_0/inst/u_core/g_kvslot[0].mem_reg_uram_18/CLK
EP  -0.046 xdma_0_axi_aclk        lvl=2   bd_i/layer_0/inst/u_core/u_attn/g_lane[155].pv_p_reg[155]/DSP_A_B_DATA_INST/A[5] <- bd_i/layer_0/inst/u_core/g_kvslot[1].mem_reg_uram_34/CLK
EP  -0.046 xdma_0_axi_aclk        lvl=2   bd_i/layer_0/inst/u_core/u_attn/g_lane[97].pv_p_reg[97]/DSP_A_B_DATA_INST/A[25] <- bd_i/layer_0/inst/u_core/g_kvslot[0].mem_reg_uram_20/CLK
EP  -0.046 xdma_0_axi_aclk        lvl=4   bd_i/layer_0/inst/u_core/u_dma/fmem_reg_0_255_75_75/SP.B/I <- bd_i/layer_0/inst/u_core/u_dma/rp_esub_reg[2][0]__0/C
EP  -0.046 xdma_0_axi_aclk        lvl=4   bd_i/layer_0/inst/u_core/krow_reg[432]/D <- bd_i/layer_0/inst/u_core/kb_i_reg[2]/C
EP  -0.046 xdma_0_axi_aclk        lvl=2   bd_i/layer_0/inst/u_core/u_attn/g_lane[39].pv_p_reg[39]_i_7_psdsp/D <- bd_i/layer_0/inst/u_core/g_kvslot[0].mem_reg_uram_8/CLK
EP  -0.046 xdma_0_axi_aclk        lvl=1   bd_i/layer_0/inst/u_core/u_dn/g_lane[81].dec_p_reg[81]/DSP_A_B_DATA_INST/A[11] <- bd_i/layer_0/inst/u_core/g_dnslot[0].mem_reg_uram_18/CLK
EP  -0.046 xdma_0_axi_aclk        lvl=2   bd_i/layer_0/inst/u_core/u_attn/g_lane[154].pv_p_reg[154]/DSP_A_B_DATA_INST/A[25] <- bd_i/layer_0/inst/u_core/g_kvslot[1].mem_reg_uram_34/CLK
EP  -0.046 xdma_0_axi_aclk        lvl=2   bd_i/layer_0/inst/u_core/u_attn/g_lane[187].pv_p_reg[187]/DSP_A_B_DATA_INST/A[9] <- bd_i/layer_0/inst/u_core/g_kvslot[0].mem_reg_uram_40/CLK
EP  -0.046 xdma_0_axi_aclk        lvl=0   bd_i/layer_0/inst/u_core/u_dn/p_1_out__42/DSP_PREADD_DATA_INST/DIN[3] <- bd_i/layer_0/inst/u_core/u_dn/vdata_q_reg[3]_rep__8/C
EP  -0.046 xdma_0_axi_aclk        lvl=3   bd_i/layer_0/inst/u_core/smem_b_reg_bram_23/ADDRARDADDR[2] <- bd_i/layer_0/inst/u_core/cmd_op_reg[1]/C
EP  -0.046 xdma_0_axi_aclk        lvl=11  bd_i/layer_0/inst/u_core/u_alu/ps_rnd_reg[25]/D <- bd_i/layer_0/inst/u_core/u_alu/maxp_reg[36]/C
EP  -0.046 xdma_0_axi_aclk        lvl=4   bd_i/layer_0/inst/u_core/u_dma/fmem_reg_0_255_499_499/DP.B/I <- bd_i/layer_0/inst/u_core/u_dma/rp_esub_reg[2][1]__0/C
EP  -0.046 xdma_0_axi_aclk        lvl=2   bd_i/layer_0/inst/u_core/u_attn/aclr_r_reg[3]_replica_5/D <- bd_i/layer_0/inst/u_core/u_attn/st_reg[0]/C
EP  -0.046 xdma_0_axi_aclk        lvl=3   bd_i/layer_0/inst/u_core/smem_b_reg_bram_22/ADDRARDADDR[6] <- bd_i/layer_0/inst/u_core/cmd_op_reg[1]/C
EP  -0.046 xdma_0_axi_aclk        lvl=2   bd_i/layer_0/inst/u_core/u_attn/g_lane[103].pv_p_reg[103]/DSP_A_B_DATA_INST/A[5] <- bd_i/layer_0/inst/u_core/g_kvslot[0].mem_reg_uram_22/CLK
EP  -0.046 xdma_0_axi_aclk        lvl=2   bd_i/layer_0/inst/u_core/u_attn/g_lane[32].pv_p_reg[32]/DSP_A_B_DATA_INST/A[7] <- bd_i/layer_0/inst/u_core/g_kvslot[1].mem_reg_uram_6/CLK
EP  -0.045 xdma_0_axi_aclk        lvl=3   bd_i/layer_0/inst/u_core/u_dma/fmem_reg_0_255_352_352/SP.A/I <- bd_i/layer_0/inst/u_core/u_dma/rp_esub_reg[2][1]__0/C
EP  -0.045 xdma_0_axi_aclk        lvl=1   bd_i/layer_0/inst/u_core/u_dn/g_lane[57].p2_p_reg[57]_i_5_psdsp_2/CE <- bd_i/layer_0/inst/u_core/u_dn/st_reg[4]/C
EP  -0.045 xdma_0_axi_aclk        lvl=1   bd_i/layer_0/inst/u_core/u_dn/g_lane[57].p2_p_reg[57]_i_7_psdsp_2/CE <- bd_i/layer_0/inst/u_core/u_dn/st_reg[4]/C
EP  -0.045 xdma_0_axi_aclk        lvl=1   bd_i/layer_0/inst/u_core/u_dn/g_lane[57].p2_p_reg[57]_i_9_psdsp_2/CE <- bd_i/layer_0/inst/u_core/u_dn/st_reg[4]/C
EP  -0.045 xdma_0_axi_aclk        lvl=11  bd_i/layer_0/inst/u_core/u_alu/ps_rnd_reg[12]/D <- bd_i/layer_0/inst/u_core/u_alu/maxp_reg[36]/C
EP  -0.045 xdma_0_axi_aclk        lvl=7   bd_i/layer_0/inst/u_core/u_dn/g_lane[73].kvm_acc_reg[73]/DSP_A_B_DATA_INST/A[25] <- bd_i/layer_0/inst/u_core/u_dn/g_lane[73].dec_p_reg[73]/DSP_OUTPUT_INST/CLK
EP  -0.045 xdma_0_axi_aclk        lvl=2   bd_i/layer_0/inst/u_core/u_attn/g_lane[24].prod_reg[24]_i_7_psdsp_1/D <- bd_i/layer_0/inst/u_core/g_kvslot[1].mem_reg_uram_4/CLK
EP  -0.045 xdma_0_axi_aclk        lvl=3   bd_i/layer_0/inst/u_core/u_dma/fmem_reg_0_255_488_488/DP.D/I <- bd_i/layer_0/inst/u_core/kv_dmaq_reg[1000]/C
EP  -0.045 xdma_0_axi_aclk        lvl=0   bd_i/layer_0/inst/u_core/u_dn/g_lane[60].dm_p_reg[60]/DSP_PREADD_DATA_INST/DIN[8] <- bd_i/layer_0/inst/u_core/u_dn/vdata_q_reg[8]_rep__3/C
EP  -0.045 xdma_0_axi_aclk        lvl=8   bd_i/layer_0/inst/u_core/u_dma/fmem_reg_0_255_92_92/SP.A/I <- bd_i/layer_0/inst/u_core/u_dma/f_rp_reg[0]/C
EP  -0.044 xdma_0_axi_aclk        lvl=4   bd_i/layer_0/inst/u_core/u_dma/fmem_reg_0_255_265_265/SP.C/I <- bd_i/layer_0/inst/u_core/u_dma/rp_esub_reg[2][1]__0/C
EP  -0.044 xdma_0_axi_aclk        lvl=5   bd_i/layer_0/inst/u_core/u_dn/p_0_out__3__13/DSP_A_B_DATA_INST/A[27] <- bd_i/layer_0/inst/u_core/u_dn/p_1_out__6__16/DSP_OUTPUT_INST/CLK
EP  -0.044 xdma_0_axi_aclk        lvl=2   bd_i/layer_0/inst/u_core/g_kvslot[0].mem_reg_uram_13/CAS_IN_DIN_B[29] <- bd_i/layer_0/inst/u_core/dma_act_reg_rep__10/C
EP  -0.044 xdma_0_axi_aclk        lvl=2   bd_i/layer_0/inst/u_core/u_attn/g_lane[103].pv_p_reg[103]/DSP_A_B_DATA_INST/A[18] <- bd_i/layer_0/inst/u_core/g_kvslot[0].mem_reg_uram_22/CLK
EP  -0.044 xdma_0_axi_aclk        lvl=0   bd_i/layer_0/inst/u_core/u_dn/p_0_out__4__14/DSP_PREADD_DATA_INST/DIN[18] <- bd_i/layer_0/inst/u_core/u_dn/vdata_q_reg[18]_rep__4/C
EP  -0.044 xdma_0_axi_aclk        lvl=11  bd_i/layer_0/inst/u_core/u_alu/ps_c4_reg[3]/D <- bd_i/layer_0/inst/u_core/u_alu/maxp_reg[36]/C
EP  -0.044 xdma_0_axi_aclk        lvl=5   bd_i/layer_0/inst/u_core/u_dma/fmem_reg_0_255_2_2/DP.A/I <- bd_i/layer_0/inst/u_core/kv_dmaq_reg[2]/C
EP  -0.044 xdma_0_axi_aclk        lvl=1   bd_i/layer_0/inst/u_core/u_dn/g_lane[110].dec_p_reg[110]/DSP_A_B_DATA_INST/A[17] <- bd_i/layer_0/inst/u_core/g_dnslot[1].mem_reg_uram_24/CLK
EP  -0.044 xdma_0_axi_aclk        lvl=11  bd_i/layer_0/inst/u_core/u_alu/ps_rnd_reg[1]/D <- bd_i/layer_0/inst/u_core/u_alu/maxp_reg[36]/C
EP  -0.044 xdma_0_axi_aclk        lvl=4   bd_i/layer_0/inst/u_core/u_dma/fmem_reg_0_255_16_16/DP.D/I <- bd_i/layer_0/inst/u_core/u_dma/rp_esub_reg[2][1]__0/C
EP  -0.044 xdma_0_axi_aclk        lvl=8   bd_i/layer_0/inst/u_core/u_dn/g_lane[123].kvm_acc_reg[123]/DSP_A_B_DATA_INST/A[24] <- bd_i/layer_0/inst/u_core/u_dn/g_lane[123].dec_p_reg[123]/DSP_OUTPUT_INST/CLK
EP  -0.044 xdma_0_axi_aclk        lvl=2   bd_i/layer_0/inst/u_core/u_attn/g_lane[24].prod_reg[24]_i_7_psdsp/D <- bd_i/layer_0/inst/u_core/g_kvslot[1].mem_reg_uram_4/CLK
EP  -0.044 xdma_0_axi_aclk        lvl=7   bd_i/layer_0/inst/u_core/u_dn/p_1_out__18__1/DSP_A_B_DATA_INST/A[17] <- bd_i/layer_0/inst/u_core/u_dn/g_lane[121].kvm_acc_reg[121]/DSP_OUTPUT_INST/CLK
EP  -0.044 xdma_0_axi_aclk        lvl=2   bd_i/layer_0/inst/u_core/cs_wd_reg[27]/CE <- bd_i/layer_0/inst/u_core/st_reg[5]/C
EP  -0.044 xdma_0_axi_aclk        lvl=2   bd_i/layer_0/inst/u_core/cs_wd_reg[3]/CE <- bd_i/layer_0/inst/u_core/st_reg[5]/C
EP  -0.043 xdma_0_axi_aclk        lvl=8   bd_i/layer_0/inst/u_core/u_dn/p_0_out__6__4/DSP_A_B_DATA_INST/A[23] <- bd_i/layer_0/inst/u_core/u_dn/g_lane[119].kvm_acc_reg[119]/DSP_OUTPUT_INST/CLK
EP  -0.043 xdma_0_axi_aclk        lvl=4   bd_i/layer_0/inst/u_core/u_dma/fmem_reg_0_255_509_509/SP.A/I <- bd_i/layer_0/inst/u_core/u_dma/rp_esub_reg[2][0]__0/C
EP  -0.043 xdma_0_axi_aclk        lvl=0   bd_i/layer_0/inst/u_core/u_dn/p_1_out__12__8/DSP_PREADD_DATA_INST/DIN[9] <- bd_i/layer_0/inst/u_core/u_dn/vdata_q_reg[9]_rep__9/C
EP  -0.043 xdma_0_axi_aclk        lvl=4   bd_i/layer_0/inst/u_core/u_dma/fmem_reg_0_255_499_499/DP.C/I <- bd_i/layer_0/inst/u_core/u_dma/rp_esub_reg[2][1]__0/C
EP  -0.043 xdma_0_axi_aclk        lvl=0   bd_i/layer_0/inst/u_core/u_dn/g_lane[85].kvm_acc_reg[85]/DSP_OUTPUT_INST/RSTP <- bd_i/layer_0/inst/u_core/u_dn/clr_r_reg[2]/C
EP  -0.043 xdma_0_axi_aclk        lvl=11  bd_i/layer_0/inst/u_core/u_alu/ps_c4_reg[2]/D <- bd_i/layer_0/inst/u_core/u_alu/maxp_reg[36]/C
EP  -0.043 xdma_0_axi_aclk        lvl=0   bd_i/layer_0/inst/u_core/u_dn/g_lane[121].dm_p_reg[121]/DSP_PREADD_DATA_INST/DIN[19] <- bd_i/layer_0/inst/u_core/u_dn/vdata_q_reg[19]_rep__5/C
EP  -0.043 xdma_0_axi_aclk        lvl=2   bd_i/layer_0/inst/u_core/u_dn/g_lane[110].p2_p_reg[110]/DSP_A_B_DATA_INST/B[0] <- bd_i/layer_0/inst/u_core/u_dn/row_reg[3]/C
EP  -0.043 xdma_0_axi_aclk        lvl=7   bd_i/layer_0/inst/u_core/u_dn/g_lane[61].kvm_acc_reg[61]/DSP_A_B_DATA_INST/A[25] <- bd_i/layer_0/inst/u_core/u_dn/g_lane[61].dec_p_reg[61]/DSP_OUTPUT_INST/CLK
EP  -0.043 xdma_0_axi_aclk        lvl=7   bd_i/layer_0/inst/u_core/u_dn/g_lane[73].kvm_acc_reg[73]/DSP_A_B_DATA_INST/A[18] <- bd_i/layer_0/inst/u_core/u_dn/g_lane[73].dec_p_reg[73]/DSP_OUTPUT_INST/CLK
EP  -0.042 xdma_0_axi_aclk        lvl=2   bd_i/layer_0/inst/u_core/u_attn/g_lane[101].pv_p_reg[101]/DSP_A_B_DATA_INST/A[17] <- bd_i/layer_0/inst/u_core/g_kvslot[0].mem_reg_uram_22/CLK
EP  -0.042 xdma_0_axi_aclk        lvl=2   bd_i/layer_0/inst/u_core/krow_reg[1342]/D <- bd_i/layer_0/inst/u_core/kb_i_reg[2]/C
EP  -0.042 xdma_0_axi_aclk        lvl=5   bd_i/layer_0/inst/u_core/u_dma/fmem_reg_0_255_2_2/DP.B/I <- bd_i/layer_0/inst/u_core/kv_dmaq_reg[2]/C
EP  -0.042 xdma_0_axi_aclk        lvl=7   bd_i/layer_0/inst/u_core/u_dn/g_lane[127].dm_p_reg[127]/DSP_A_B_DATA_INST/A[19] <- bd_i/layer_0/inst/u_core/u_dn/g_lane[127].kvm_acc_reg[127]/DSP_OUTPUT_INST/CLK
EP  -0.042 xdma_0_axi_aclk        lvl=4   bd_i/layer_0/inst/u_core/u_dma/fmem_reg_0_255_431_431/SP.C/I <- bd_i/layer_0/inst/u_core/kv_dmaq_reg[943]/C
EP  -0.042 xdma_0_axi_aclk        lvl=2   bd_i/layer_0/inst/u_core/g_dnslot[0].mem_reg_uram_27/ADDR_B[5] <- bd_i/layer_0/inst/u_core/dma_kind_reg[0]_replica_16/C
EP  -0.042 xdma_0_axi_aclk        lvl=2   bd_i/layer_0/inst/u_core/g_dnslot[0].mem_reg_uram_27/DIN_B[12] <- bd_i/layer_0/inst/u_core/dma_act_reg_rep__31/C
EP  -0.042 xdma_0_axi_aclk        lvl=2   bd_i/layer_0/inst/u_core/u_attn/g_lane[81].pv_p_reg[81]/DSP_A_B_DATA_INST/A[14] <- bd_i/layer_0/inst/u_core/g_kvslot[1].mem_reg_uram_18/CLK
EP  -0.042 xdma_0_axi_aclk        lvl=2   bd_i/layer_0/inst/u_core/u_attn/g_lane[133].prod_reg[133]/DSP_A_B_DATA_INST/B[4] <- bd_i/layer_0/inst/u_core/g_kvslot[1].mem_reg_uram_28/CLK
EP  -0.042 xdma_0_axi_aclk        lvl=1   bd_i/layer_0/inst/u_core/u_dn/p_1_out__2__6/DSP_A_B_DATA_INST/A[2] <- bd_i/layer_0/inst/u_core/g_dnslot[1].mem_reg_uram_16/CLK
EP  -0.042 xdma_0_axi_aclk        lvl=4   bd_i/layer_0/inst/u_core/u_dma/fmem_reg_0_255_8_8/DP.B/I <- bd_i/layer_0/inst/u_core/kv_dmaq_reg[8]/C
EP  -0.042 xdma_0_axi_aclk        lvl=0   bd_i/layer_0/inst/u_core/u_dn/g_lane[30].o_acc_reg[30]/DSP_OUTPUT_INST/RSTP <- bd_i/layer_0/inst/u_core/u_dn/clr_r_reg[0]/C
EP  -0.042 xdma_0_axi_aclk        lvl=8   bd_i/layer_0/inst/u_core/u_dma/fmem_reg_0_255_119_119/DP.D/I <- bd_i/layer_0/inst/u_core/u_dma/f_rp_reg[0]/C
EP  -0.042 xdma_0_axi_aclk        lvl=2   bd_i/layer_0/inst/u_core/u_attn/g_lane[83].pv_p_reg[83]/DSP_A_B_DATA_INST/A[18] <- bd_i/layer_0/inst/u_core/g_kvslot[1].mem_reg_uram_18/CLK
EP  -0.041 xdma_0_axi_aclk        lvl=4   bd_i/layer_0/inst/u_core/u_dma/fmem_reg_0_255_265_265/SP.B/I <- bd_i/layer_0/inst/u_core/u_dma/rp_esub_reg[2][1]__0/C
EP  -0.041 xdma_0_axi_aclk        lvl=1   bd_i/layer_0/inst/u_core/u_dn/g_lane[71].dec_p_reg[71]/DSP_A_B_DATA_INST/A[6] <- bd_i/layer_0/inst/u_core/g_dnslot[0].mem_reg_uram_15/CLK
EP  -0.041 xdma_0_axi_aclk        lvl=8   bd_i/layer_0/inst/u_core/u_dn/p_0_out__12__4/DSP_A_B_DATA_INST/A[21] <- bd_i/layer_0/inst/u_core/u_dn/g_lane[80].kvm_acc_reg[80]/DSP_OUTPUT_INST/CLK
EP  -0.041 xdma_0_axi_aclk        lvl=8   bd_i/layer_0/inst/u_core/u_dn/g_lane[63].dm_p_reg[63]/DSP_A_B_DATA_INST/A[24] <- bd_i/layer_0/inst/u_core/u_dn/g_lane[63].kvm_acc_reg[63]/DSP_OUTPUT_INST/CLK
EP  -0.041 xdma_0_axi_aclk        lvl=0   bd_i/layer_0/inst/u_core/u_dn/g_lane[36].dm_p_reg[36]/DSP_PREADD_DATA_INST/DIN[21] <- bd_i/layer_0/inst/u_core/u_dn/vdata_q_reg[20]_replica_17/C
EP  -0.041 xdma_0_axi_aclk        lvl=2   bd_i/layer_0/inst/u_core/u_attn/g_lane[82].pv_p_reg[82]/DSP_A_B_DATA_INST/A[5] <- bd_i/layer_0/inst/u_core/g_kvslot[0].mem_reg_uram_18/CLK
EP  -0.041 xdma_0_axi_aclk        lvl=2   bd_i/layer_0/inst/u_core/u_attn/g_lane[105].prod_reg[105]/DSP_A_B_DATA_INST/B[5] <- bd_i/layer_0/inst/u_core/g_kvslot[0].mem_reg_uram_22/CLK
EP  -0.041 xdma_0_axi_aclk        lvl=2   bd_i/layer_0/inst/u_core/u_attn/g_lane[34].prod_reg[34]/DSP_A_B_DATA_INST/B[7] <- bd_i/layer_0/inst/u_core/g_kvslot[0].mem_reg_uram_6/CLK
EP  -0.041 xdma_0_axi_aclk        lvl=7   bd_i/layer_0/inst/u_core/u_dn/p_1_out__6__16/DSP_A_B_DATA_INST/A[12] <- bd_i/layer_0/inst/u_core/u_dn/g_lane[117].kvm_acc_reg[117]/DSP_OUTPUT_INST/CLK
EP  -0.041 xdma_0_axi_aclk        lvl=2   bd_i/layer_0/inst/u_core/u_attn/g_lane[32].pv_p_reg[32]/DSP_A_B_DATA_INST/A[10] <- bd_i/layer_0/inst/u_core/g_kvslot[1].mem_reg_uram_6/CLK
EP  -0.040 xdma_0_axi_aclk        lvl=2   bd_i/layer_0/inst/u_core/u_attn/g_lane[234].prod_reg[234]/DSP_A_B_DATA_INST/B[7] <- bd_i/layer_0/inst/u_core/g_kvslot[1].mem_reg_uram_52/CLK
EP  -0.040 xdma_0_axi_aclk        lvl=3   bd_i/layer_0/inst/u_core/u_dma/fmem_reg_0_255_500_500/DP.D/I <- bd_i/layer_0/inst/u_core/kv_dmaq_reg[2036]/C
EP  -0.040 xdma_0_axi_aclk        lvl=2   bd_i/layer_0/inst/u_core/g_kvslot[0].mem_reg_uram_27/CAS_IN_DIN_B[44] <- bd_i/layer_0/inst/u_core/dma_act_reg_rep__6/C
EP  -0.040 xdma_0_axi_aclk        lvl=14  bd_i/layer_0/inst/u_core/u_alu/r_res_reg[26]/D <- bd_i/layer_0/inst/u_core/u_alu/op_q_reg[0]_rep__0/C
EP  -0.040 xdma_0_axi_aclk        lvl=2   bd_i/layer_0/inst/u_core/u_attn/g_lane[232].pv_p_reg[232]/DSP_A_B_DATA_INST/A[5] <- bd_i/layer_0/inst/u_core/g_kvslot[0].mem_reg_uram_50/CLK
EP  -0.040 xdma_0_axi_aclk        lvl=4   bd_i/layer_0/inst/u_core/krow_reg[434]/D <- bd_i/layer_0/inst/u_core/kb_i_reg[2]/C
EP  -0.040 xdma_0_axi_aclk        lvl=4   bd_i/layer_0/inst/u_core/u_dma/fmem_reg_0_255_509_509/DP.D/I <- bd_i/layer_0/inst/u_core/u_dma/rp_esub_reg[2][0]__0/C
EP  -0.040 xdma_0_axi_aclk        lvl=11  bd_i/layer_0/inst/u_core/u_alu/ps_rnd_reg[20]/D <- bd_i/layer_0/inst/u_core/u_alu/maxp_reg[36]/C
EP  -0.040 xdma_0_axi_aclk        lvl=2   bd_i/layer_0/inst/u_core/u_attn/g_lane[154].pv_p_reg[154]/DSP_A_B_DATA_INST/A[2] <- bd_i/layer_0/inst/u_core/g_kvslot[1].mem_reg_uram_34/CLK
EP  -0.040 xdma_0_axi_aclk        lvl=2   bd_i/layer_0/inst/u_core/g_kvslot[0].mem_reg_uram_27/CAS_IN_DIN_B[19] <- bd_i/layer_0/inst/u_core/dma_act_reg_rep__6/C
EP  -0.040 xdma_0_axi_aclk        lvl=2   bd_i/layer_0/inst/u_core/u_attn/g_lane[101].pv_p_reg[101]/DSP_A_B_DATA_INST/A[11] <- bd_i/layer_0/inst/u_core/g_kvslot[0].mem_reg_uram_22/CLK
EP  -0.040 xdma_0_axi_aclk        lvl=7   bd_i/layer_0/inst/u_core/u_dn/p_1_out__22__1/DSP_A_B_DATA_INST/A[11] <- bd_i/layer_0/inst/u_core/u_dn/g_lane[47].kvm_acc_reg[47]/DSP_OUTPUT_INST/CLK
EP  -0.040 xdma_0_axi_aclk        lvl=1   bd_i/layer_0/inst/u_core/u_attn/o_g8_reg[25][20]/D <- bd_i/layer_0/inst/u_core/u_attn/og_i_reg[2]/C
EP  -0.040 xdma_0_axi_aclk        lvl=3   bd_i/layer_0/inst/u_core/smem_b_reg_bram_22/ADDRARDADDR[0] <- bd_i/layer_0/inst/u_core/cmd_op_reg[1]/C
EP  -0.040 xdma_0_axi_aclk        lvl=3   bd_i/layer_0/inst/u_core/g_kvslot[1].mem_reg_uram_25/CAS_IN_ADDR_A[12] <- bd_i/layer_0/inst/u_core/dma_slot_reg_replica/C
EP  -0.039 xdma_0_axi_aclk        lvl=3   bd_i/layer_0/inst/u_core/g_kvslot[1].mem_reg_uram_53/CAS_IN_ADDR_B[6] <- bd_i/layer_0/inst/u_core/dma_slot_reg_replica/C
EP  -0.039 xdma_0_axi_aclk        lvl=4   bd_i/layer_0/inst/u_core/u_dma/fmem_reg_0_255_273_273/DP.D/I <- bd_i/layer_0/inst/u_core/u_dma/rp_esub_reg[2][1]__0/C
EP  -0.039 xdma_0_axi_aclk        lvl=5   bd_i/layer_0/inst/u_core/u_dma/fmem_reg_0_255_2_2/DP.C/I <- bd_i/layer_0/inst/u_core/kv_dmaq_reg[2]/C
EP  -0.039 xdma_0_axi_aclk        lvl=2   bd_i/layer_0/inst/u_core/u_attn/g_lane[64].prod_reg[64]/DSP_A_B_DATA_INST/B[9] <- bd_i/layer_0/inst/u_core/g_kvslot[0].mem_reg_uram_14/CLK
EP  -0.039 xdma_0_axi_aclk        lvl=2   bd_i/layer_0/inst/u_core/u_attn/g_lane[97].pv_p_reg[97]/DSP_A_B_DATA_INST/A[24] <- bd_i/layer_0/inst/u_core/g_kvslot[0].mem_reg_uram_20/CLK
EP  -0.039 xdma_0_axi_aclk        lvl=2   bd_i/layer_0/inst/u_core/at_qdata_reg[5]/CE <- bd_i/layer_0/inst/u_core/st_reg[2]/C
EP  -0.039 xdma_0_axi_aclk        lvl=4   bd_i/layer_0/inst/u_core/u_dma/fmem_reg_0_255_431_431/SP.B/I <- bd_i/layer_0/inst/u_core/kv_dmaq_reg[943]/C
EP  -0.039 xdma_0_axi_aclk        lvl=9   bd_i/layer_0/inst/u_core/u_dma/fmem_reg_0_255_118_118/DP.D/I <- bd_i/layer_0/inst/u_core/u_dma/f_rp_reg[0]/C
EP  -0.039 xdma_0_axi_aclk        lvl=1   bd_i/layer_0/inst/u_core/u_dn/g_lane[88].dec_p_reg[88]/DSP_A_B_DATA_INST/A[6] <- bd_i/layer_0/inst/u_core/g_dnslot[1].mem_reg_uram_19/CLK
EP  -0.039 xdma_0_axi_aclk        lvl=8   bd_i/layer_0/inst/u_core/u_dn/g_lane[121].kvm_acc_reg[121]/DSP_A_B_DATA_INST/A[26] <- bd_i/layer_0/inst/u_core/u_dn/g_lane[121].dec_p_reg[121]/DSP_OUTPUT_INST/CLK
EP  -0.039 xdma_0_axi_aclk        lvl=14  bd_i/layer_0/inst/u_core/u_alu/r_res_reg[8]/D <- bd_i/layer_0/inst/u_core/u_alu/op_q_reg[0]_rep__0/C
EP  -0.039 xdma_0_axi_aclk        lvl=5   bd_i/layer_0/inst/u_core/u_dn/g_lane[125].dec_p_reg[125]/DSP_OUTPUT_INST/ALU_OUT[10] <- bd_i/layer_0/inst/u_core/u_dn/decay_r_reg[3][8]/C
EP  -0.039 xdma_0_axi_aclk        lvl=5   bd_i/layer_0/inst/u_core/u_dn/g_lane[125].dec_p_reg[125]/DSP_OUTPUT_INST/ALU_OUT[11] <- bd_i/layer_0/inst/u_core/u_dn/decay_r_reg[3][8]/C
EP  -0.039 xdma_0_axi_aclk        lvl=5   bd_i/layer_0/inst/u_core/u_dn/g_lane[125].dec_p_reg[125]/DSP_OUTPUT_INST/ALU_OUT[12] <- bd_i/layer_0/inst/u_core/u_dn/decay_r_reg[3][8]/C
EP  -0.039 xdma_0_axi_aclk        lvl=5   bd_i/layer_0/inst/u_core/u_dn/g_lane[125].dec_p_reg[125]/DSP_OUTPUT_INST/ALU_OUT[13] <- bd_i/layer_0/inst/u_core/u_dn/decay_r_reg[3][8]/C
EP  -0.039 xdma_0_axi_aclk        lvl=5   bd_i/layer_0/inst/u_core/u_dn/g_lane[125].dec_p_reg[125]/DSP_OUTPUT_INST/ALU_OUT[14] <- bd_i/layer_0/inst/u_core/u_dn/decay_r_reg[3][8]/C
EP  -0.039 xdma_0_axi_aclk        lvl=5   bd_i/layer_0/inst/u_core/u_dn/g_lane[125].dec_p_reg[125]/DSP_OUTPUT_INST/ALU_OUT[15] <- bd_i/layer_0/inst/u_core/u_dn/decay_r_reg[3][8]/C
EP  -0.039 xdma_0_axi_aclk        lvl=5   bd_i/layer_0/inst/u_core/u_dn/g_lane[125].dec_p_reg[125]/DSP_OUTPUT_INST/ALU_OUT[16] <- bd_i/layer_0/inst/u_core/u_dn/decay_r_reg[3][8]/C
EP  -0.039 xdma_0_axi_aclk        lvl=5   bd_i/layer_0/inst/u_core/u_dn/g_lane[125].dec_p_reg[125]/DSP_OUTPUT_INST/ALU_OUT[17] <- bd_i/layer_0/inst/u_core/u_dn/decay_r_reg[3][8]/C
EP  -0.039 xdma_0_axi_aclk        lvl=5   bd_i/layer_0/inst/u_core/u_dn/g_lane[125].dec_p_reg[125]/DSP_OUTPUT_INST/ALU_OUT[18] <- bd_i/layer_0/inst/u_core/u_dn/decay_r_reg[3][8]/C
EP  -0.039 xdma_0_axi_aclk        lvl=5   bd_i/layer_0/inst/u_core/u_dn/g_lane[125].dec_p_reg[125]/DSP_OUTPUT_INST/ALU_OUT[19] <- bd_i/layer_0/inst/u_core/u_dn/decay_r_reg[3][8]/C
EP  -0.039 xdma_0_axi_aclk        lvl=5   bd_i/layer_0/inst/u_core/u_dn/g_lane[125].dec_p_reg[125]/DSP_OUTPUT_INST/ALU_OUT[20] <- bd_i/layer_0/inst/u_core/u_dn/decay_r_reg[3][8]/C
EP  -0.039 xdma_0_axi_aclk        lvl=5   bd_i/layer_0/inst/u_core/u_dn/g_lane[125].dec_p_reg[125]/DSP_OUTPUT_INST/ALU_OUT[21] <- bd_i/layer_0/inst/u_core/u_dn/decay_r_reg[3][8]/C
EP  -0.039 xdma_0_axi_aclk        lvl=5   bd_i/layer_0/inst/u_core/u_dn/g_lane[125].dec_p_reg[125]/DSP_OUTPUT_INST/ALU_OUT[22] <- bd_i/layer_0/inst/u_core/u_dn/decay_r_reg[3][8]/C
EP  -0.039 xdma_0_axi_aclk        lvl=5   bd_i/layer_0/inst/u_core/u_dn/g_lane[125].dec_p_reg[125]/DSP_OUTPUT_INST/ALU_OUT[23] <- bd_i/layer_0/inst/u_core/u_dn/decay_r_reg[3][8]/C
EP  -0.039 xdma_0_axi_aclk        lvl=5   bd_i/layer_0/inst/u_core/u_dn/g_lane[125].dec_p_reg[125]/DSP_OUTPUT_INST/ALU_OUT[24] <- bd_i/layer_0/inst/u_core/u_dn/decay_r_reg[3][8]/C
EP  -0.039 xdma_0_axi_aclk        lvl=5   bd_i/layer_0/inst/u_core/u_dn/g_lane[125].dec_p_reg[125]/DSP_OUTPUT_INST/ALU_OUT[25] <- bd_i/layer_0/inst/u_core/u_dn/decay_r_reg[3][8]/C
EP  -0.039 xdma_0_axi_aclk        lvl=5   bd_i/layer_0/inst/u_core/u_dn/g_lane[125].dec_p_reg[125]/DSP_OUTPUT_INST/ALU_OUT[26] <- bd_i/layer_0/inst/u_core/u_dn/decay_r_reg[3][8]/C
EP  -0.039 xdma_0_axi_aclk        lvl=5   bd_i/layer_0/inst/u_core/u_dn/g_lane[125].dec_p_reg[125]/DSP_OUTPUT_INST/ALU_OUT[27] <- bd_i/layer_0/inst/u_core/u_dn/decay_r_reg[3][8]/C
EP  -0.039 xdma_0_axi_aclk        lvl=5   bd_i/layer_0/inst/u_core/u_dn/g_lane[125].dec_p_reg[125]/DSP_OUTPUT_INST/ALU_OUT[28] <- bd_i/layer_0/inst/u_core/u_dn/decay_r_reg[3][8]/C
EP  -0.039 xdma_0_axi_aclk        lvl=5   bd_i/layer_0/inst/u_core/u_dn/g_lane[125].dec_p_reg[125]/DSP_OUTPUT_INST/ALU_OUT[29] <- bd_i/layer_0/inst/u_core/u_dn/decay_r_reg[3][8]/C
EP  -0.039 xdma_0_axi_aclk        lvl=5   bd_i/layer_0/inst/u_core/u_dn/g_lane[125].dec_p_reg[125]/DSP_OUTPUT_INST/ALU_OUT[30] <- bd_i/layer_0/inst/u_core/u_dn/decay_r_reg[3][8]/C
EP  -0.039 xdma_0_axi_aclk        lvl=5   bd_i/layer_0/inst/u_core/u_dn/g_lane[125].dec_p_reg[125]/DSP_OUTPUT_INST/ALU_OUT[31] <- bd_i/layer_0/inst/u_core/u_dn/decay_r_reg[3][8]/C
EP  -0.039 xdma_0_axi_aclk        lvl=5   bd_i/layer_0/inst/u_core/u_dn/g_lane[125].dec_p_reg[125]/DSP_OUTPUT_INST/ALU_OUT[32] <- bd_i/layer_0/inst/u_core/u_dn/decay_r_reg[3][8]/C
EP  -0.039 xdma_0_axi_aclk        lvl=5   bd_i/layer_0/inst/u_core/u_dn/g_lane[125].dec_p_reg[125]/DSP_OUTPUT_INST/ALU_OUT[33] <- bd_i/layer_0/inst/u_core/u_dn/decay_r_reg[3][8]/C
EP  -0.039 xdma_0_axi_aclk        lvl=5   bd_i/layer_0/inst/u_core/u_dn/g_lane[125].dec_p_reg[125]/DSP_OUTPUT_INST/ALU_OUT[34] <- bd_i/layer_0/inst/u_core/u_dn/decay_r_reg[3][8]/C
EP  -0.039 xdma_0_axi_aclk        lvl=5   bd_i/layer_0/inst/u_core/u_dn/g_lane[125].dec_p_reg[125]/DSP_OUTPUT_INST/ALU_OUT[35] <- bd_i/layer_0/inst/u_core/u_dn/decay_r_reg[3][8]/C
EP  -0.039 xdma_0_axi_aclk        lvl=5   bd_i/layer_0/inst/u_core/u_dn/g_lane[125].dec_p_reg[125]/DSP_OUTPUT_INST/ALU_OUT[36] <- bd_i/layer_0/inst/u_core/u_dn/decay_r_reg[3][8]/C
EP  -0.039 xdma_0_axi_aclk        lvl=5   bd_i/layer_0/inst/u_core/u_dn/g_lane[125].dec_p_reg[125]/DSP_OUTPUT_INST/ALU_OUT[37] <- bd_i/layer_0/inst/u_core/u_dn/decay_r_reg[3][8]/C
EP  -0.039 xdma_0_axi_aclk        lvl=5   bd_i/layer_0/inst/u_core/u_dn/g_lane[125].dec_p_reg[125]/DSP_OUTPUT_INST/ALU_OUT[38] <- bd_i/layer_0/inst/u_core/u_dn/decay_r_reg[3][8]/C
EP  -0.039 xdma_0_axi_aclk        lvl=5   bd_i/layer_0/inst/u_core/u_dn/g_lane[125].dec_p_reg[125]/DSP_OUTPUT_INST/ALU_OUT[39] <- bd_i/layer_0/inst/u_core/u_dn/decay_r_reg[3][8]/C
EP  -0.039 xdma_0_axi_aclk        lvl=5   bd_i/layer_0/inst/u_core/u_dn/g_lane[125].dec_p_reg[125]/DSP_OUTPUT_INST/ALU_OUT[40] <- bd_i/layer_0/inst/u_core/u_dn/decay_r_reg[3][8]/C
EP  -0.039 xdma_0_axi_aclk        lvl=5   bd_i/layer_0/inst/u_core/u_dn/g_lane[125].dec_p_reg[125]/DSP_OUTPUT_INST/ALU_OUT[41] <- bd_i/layer_0/inst/u_core/u_dn/decay_r_reg[3][8]/C
EP  -0.039 xdma_0_axi_aclk        lvl=5   bd_i/layer_0/inst/u_core/u_dn/g_lane[125].dec_p_reg[125]/DSP_OUTPUT_INST/ALU_OUT[42] <- bd_i/layer_0/inst/u_core/u_dn/decay_r_reg[3][8]/C
EP  -0.039 xdma_0_axi_aclk        lvl=5   bd_i/layer_0/inst/u_core/u_dn/g_lane[125].dec_p_reg[125]/DSP_OUTPUT_INST/ALU_OUT[43] <- bd_i/layer_0/inst/u_core/u_dn/decay_r_reg[3][8]/C
EP  -0.039 xdma_0_axi_aclk        lvl=5   bd_i/layer_0/inst/u_core/u_dn/g_lane[125].dec_p_reg[125]/DSP_OUTPUT_INST/ALU_OUT[44] <- bd_i/layer_0/inst/u_core/u_dn/decay_r_reg[3][8]/C
EP  -0.039 xdma_0_axi_aclk        lvl=5   bd_i/layer_0/inst/u_core/u_dn/g_lane[125].dec_p_reg[125]/DSP_OUTPUT_INST/ALU_OUT[45] <- bd_i/layer_0/inst/u_core/u_dn/decay_r_reg[3][8]/C
EP  -0.039 xdma_0_axi_aclk        lvl=5   bd_i/layer_0/inst/u_core/u_dn/g_lane[125].dec_p_reg[125]/DSP_OUTPUT_INST/ALU_OUT[46] <- bd_i/layer_0/inst/u_core/u_dn/decay_r_reg[3][8]/C
EP  -0.039 xdma_0_axi_aclk        lvl=5   bd_i/layer_0/inst/u_core/u_dn/g_lane[125].dec_p_reg[125]/DSP_OUTPUT_INST/ALU_OUT[47] <- bd_i/layer_0/inst/u_core/u_dn/decay_r_reg[3][8]/C
EP  -0.039 xdma_0_axi_aclk        lvl=5   bd_i/layer_0/inst/u_core/u_dn/g_lane[125].dec_p_reg[125]/DSP_OUTPUT_INST/ALU_OUT[8] <- bd_i/layer_0/inst/u_core/u_dn/decay_r_reg[3][8]/C
EP  -0.039 xdma_0_axi_aclk        lvl=5   bd_i/layer_0/inst/u_core/u_dn/g_lane[125].dec_p_reg[125]/DSP_OUTPUT_INST/ALU_OUT[9] <- bd_i/layer_0/inst/u_core/u_dn/decay_r_reg[3][8]/C
EP  -0.038 xdma_0_axi_aclk        lvl=2   bd_i/layer_0/inst/u_core/u_attn/g_lane[101].pv_p_reg[101]/DSP_A_B_DATA_INST/A[23] <- bd_i/layer_0/inst/u_core/g_kvslot[0].mem_reg_uram_22/CLK
EP  -0.038 xdma_0_axi_aclk        lvl=2   bd_i/layer_0/inst/u_core/u_attn/g_lane[64].prod_reg[64]/DSP_A_B_DATA_INST/B[10] <- bd_i/layer_0/inst/u_core/g_kvslot[0].mem_reg_uram_14/CLK
EP  -0.038 xdma_0_axi_aclk        lvl=4   bd_i/layer_0/inst/u_core/u_dma/fmem_reg_0_255_385_385/DP.D/I <- bd_i/layer_0/inst/u_core/u_dma/rp_esub_reg[2][1]__0/C
EP  -0.038 xdma_0_axi_aclk        lvl=2   bd_i/layer_0/inst/u_core/u_attn/g_lane[105].prod_reg[105]/DSP_A_B_DATA_INST/B[3] <- bd_i/layer_0/inst/u_core/g_kvslot[1].mem_reg_uram_22/CLK
EP  -0.038 xdma_0_axi_aclk        lvl=0   bd_i/layer_0/inst/u_core/u_dn/p_0_out__7__11/DSP_PREADD_DATA_INST/DIN[9] <- bd_i/layer_0/inst/u_core/u_dn/vdata_q_reg[9]_rep__9/C
EP  -0.038 xdma_0_axi_aclk        lvl=5   bd_i/layer_0/inst/u_core/u_dma/fmem_reg_0_255_2_2/SP.A/I <- bd_i/layer_0/inst/u_core/kv_dmaq_reg[2]/C
EP  -0.038 xdma_0_axi_aclk        lvl=2   bd_i/layer_0/inst/u_core/u_dn/g_lane[3].o_acc_reg[3]/DSP_A_B_DATA_INST/B[10] <- bd_i/layer_0/inst/u_core/u_dn/row_reg[0]/C
EP  -0.038 xdma_0_axi_aclk        lvl=5   bd_i/layer_0/inst/u_core/u_attn/dot_reg[14]/D <- bd_i/layer_0/inst/u_core/u_attn/g_ps64[3].psum16_reg[3][2]/C
EP  -0.038 xdma_0_axi_aclk        lvl=9   bd_i/layer_0/inst/u_core/u_dma/fmem_reg_0_255_70_70/SP.C/I <- bd_i/layer_0/inst/u_core/u_dma/f_rp_reg[0]/C
EP  -0.038 xdma_0_axi_aclk        lvl=2   bd_i/layer_0/inst/u_core/g_kvslot[0].mem_reg_uram_27/CAS_IN_DIN_B[38] <- bd_i/layer_0/inst/u_core/dma_act_reg_rep__6/C
EP  -0.038 xdma_0_axi_aclk        lvl=2   bd_i/layer_0/inst/u_core/u_attn/g_lane[32].pv_p_reg[32]/DSP_A_B_DATA_INST/A[19] <- bd_i/layer_0/inst/u_core/g_kvslot[1].mem_reg_uram_6/CLK
EP  -0.038 xdma_0_axi_aclk        lvl=9   bd_i/layer_0/inst/u_core/u_dn/p_1_out__25/DSP_A_B_DATA_INST/A[25] <- bd_i/layer_0/inst/u_core/u_dn/g_lane[25].kvm_acc_reg[25]/DSP_OUTPUT_INST/CLK
EP  -0.038 xdma_0_axi_aclk        lvl=1   bd_i/layer_0/inst/u_core/u_dn/p_1_out__0__6/DSP_A_B_DATA_INST/A[3] <- bd_i/layer_0/inst/u_core/g_dnslot[0].mem_reg_uram_15/CLK
EP  -0.037 xdma_0_axi_aclk        lvl=2   bd_i/layer_0/inst/u_core/g_kvslot[0].mem_reg_uram_27/CAS_IN_DIN_B[24] <- bd_i/layer_0/inst/u_core/dma_act_reg_rep__6/C
EP  -0.037 xdma_0_axi_aclk        lvl=3   bd_i/layer_0/inst/u_core/smem_a_reg_bram_26/ENARDEN <- bd_i/layer_0/inst/u_core/cmd_op_reg[1]/C
EP  -0.037 xdma_0_axi_aclk        lvl=14  bd_i/layer_0/inst/u_core/u_alu/r_res_reg[17]/D <- bd_i/layer_0/inst/u_core/u_alu/op_q_reg[0]_rep__0/C
EP  -0.037 xdma_0_axi_aclk        lvl=0   bd_i/layer_0/inst/u_core/u_dn/g_lane[124].o_acc_reg[124]/DSP_OUTPUT_INST/RSTP <- bd_i/layer_0/inst/u_core/u_dn/clr_r_reg[3]/C
EP  -0.037 xdma_0_axi_aclk        lvl=7   bd_i/layer_0/inst/u_core/u_dn/p_0_out__6__9/DSP_A_B_DATA_INST/A[15] <- bd_i/layer_0/inst/u_core/u_dn/g_lane[100].kvm_acc_reg[100]/DSP_OUTPUT_INST/CLK
EP  -0.037 xdma_0_axi_aclk        lvl=2   bd_i/layer_0/inst/u_core/u_attn/g_lane[97].pv_p_reg[97]/DSP_A_B_DATA_INST/A[23] <- bd_i/layer_0/inst/u_core/g_kvslot[0].mem_reg_uram_20/CLK
EP  -0.037 xdma_0_axi_aclk        lvl=1   bd_i/layer_0/inst/u_core/u_dn/p_1_out__25__5/DSP_A_B_DATA_INST/A[9] <- bd_i/layer_0/inst/u_core/g_dnslot[1].mem_reg_uram_21/CLK
EP  -0.037 xdma_0_axi_aclk        lvl=2   bd_i/layer_0/inst/u_core/u_attn/g_lane[32].prod_reg[32]/DSP_A_B_DATA_INST/B[10] <- bd_i/layer_0/inst/u_core/g_kvslot[1].mem_reg_uram_6/CLK
EP  -0.037 xdma_0_axi_aclk        lvl=5   bd_i/layer_0/inst/u_core/u_dma/fmem_reg_0_255_32_32/SP.C/I <- bd_i/layer_0/inst/u_core/dma_slot_reg_replica_5/C
EP  -0.037 xdma_0_axi_aclk        lvl=1   bd_i/layer_0/inst/u_core/u_dn/g_lane[110].dec_p_reg[110]/DSP_A_B_DATA_INST/A[10] <- bd_i/layer_0/inst/u_core/g_dnslot[0].mem_reg_uram_24/CLK
EP  -0.037 xdma_0_axi_aclk        lvl=2   bd_i/layer_0/inst/u_core/u_attn/g_lane[44].prod_reg[44]_i_4_psdsp_1/D <- bd_i/layer_0/inst/u_core/g_kvslot[0].mem_reg_uram_8/CLK
EP  -0.037 xdma_0_axi_aclk        lvl=8   bd_i/layer_0/inst/u_core/u_dn/g_lane[121].kvm_acc_reg[121]/DSP_A_B_DATA_INST/A[18] <- bd_i/layer_0/inst/u_core/u_dn/g_lane[121].dec_p_reg[121]/DSP_OUTPUT_INST/CLK
EP  -0.036 xdma_0_axi_aclk        lvl=1   bd_i/layer_0/inst/u_core/u_dn/p_1_out__14__3/DSP_A_B_DATA_INST/A[15] <- bd_i/layer_0/inst/u_core/g_dnslot[0].mem_reg_uram_5/CLK
EP  -0.036 xdma_0_axi_aclk        lvl=5   bd_i/layer_0/inst/u_core/u_dn/p_0_out__6__15/DSP_OUTPUT_INST/ALU_OUT[10] <- bd_i/layer_0/inst/u_core/u_dn/beta_r_reg[2][9]/C
EP  -0.036 xdma_0_axi_aclk        lvl=5   bd_i/layer_0/inst/u_core/u_dn/p_0_out__6__15/DSP_OUTPUT_INST/ALU_OUT[11] <- bd_i/layer_0/inst/u_core/u_dn/beta_r_reg[2][9]/C
EP  -0.036 xdma_0_axi_aclk        lvl=5   bd_i/layer_0/inst/u_core/u_dn/p_0_out__6__15/DSP_OUTPUT_INST/ALU_OUT[12] <- bd_i/layer_0/inst/u_core/u_dn/beta_r_reg[2][9]/C
EP  -0.036 xdma_0_axi_aclk        lvl=5   bd_i/layer_0/inst/u_core/u_dn/p_0_out__6__15/DSP_OUTPUT_INST/ALU_OUT[13] <- bd_i/layer_0/inst/u_core/u_dn/beta_r_reg[2][9]/C
EP  -0.036 xdma_0_axi_aclk        lvl=5   bd_i/layer_0/inst/u_core/u_dn/p_0_out__6__15/DSP_OUTPUT_INST/ALU_OUT[14] <- bd_i/layer_0/inst/u_core/u_dn/beta_r_reg[2][9]/C
EP  -0.036 xdma_0_axi_aclk        lvl=5   bd_i/layer_0/inst/u_core/u_dn/p_0_out__6__15/DSP_OUTPUT_INST/ALU_OUT[15] <- bd_i/layer_0/inst/u_core/u_dn/beta_r_reg[2][9]/C
EP  -0.036 xdma_0_axi_aclk        lvl=5   bd_i/layer_0/inst/u_core/u_dn/p_0_out__6__15/DSP_OUTPUT_INST/ALU_OUT[16] <- bd_i/layer_0/inst/u_core/u_dn/beta_r_reg[2][9]/C
EP  -0.036 xdma_0_axi_aclk        lvl=5   bd_i/layer_0/inst/u_core/u_dn/p_0_out__6__15/DSP_OUTPUT_INST/ALU_OUT[17] <- bd_i/layer_0/inst/u_core/u_dn/beta_r_reg[2][9]/C
EP  -0.036 xdma_0_axi_aclk        lvl=5   bd_i/layer_0/inst/u_core/u_dn/p_0_out__6__15/DSP_OUTPUT_INST/ALU_OUT[18] <- bd_i/layer_0/inst/u_core/u_dn/beta_r_reg[2][9]/C
EP  -0.036 xdma_0_axi_aclk        lvl=5   bd_i/layer_0/inst/u_core/u_dn/p_0_out__6__15/DSP_OUTPUT_INST/ALU_OUT[19] <- bd_i/layer_0/inst/u_core/u_dn/beta_r_reg[2][9]/C
EP  -0.036 xdma_0_axi_aclk        lvl=5   bd_i/layer_0/inst/u_core/u_dn/p_0_out__6__15/DSP_OUTPUT_INST/ALU_OUT[20] <- bd_i/layer_0/inst/u_core/u_dn/beta_r_reg[2][9]/C
EP  -0.036 xdma_0_axi_aclk        lvl=5   bd_i/layer_0/inst/u_core/u_dn/p_0_out__6__15/DSP_OUTPUT_INST/ALU_OUT[21] <- bd_i/layer_0/inst/u_core/u_dn/beta_r_reg[2][9]/C
EP  -0.036 xdma_0_axi_aclk        lvl=5   bd_i/layer_0/inst/u_core/u_dn/p_0_out__6__15/DSP_OUTPUT_INST/ALU_OUT[22] <- bd_i/layer_0/inst/u_core/u_dn/beta_r_reg[2][9]/C
EP  -0.036 xdma_0_axi_aclk        lvl=5   bd_i/layer_0/inst/u_core/u_dn/p_0_out__6__15/DSP_OUTPUT_INST/ALU_OUT[23] <- bd_i/layer_0/inst/u_core/u_dn/beta_r_reg[2][9]/C
EP  -0.036 xdma_0_axi_aclk        lvl=5   bd_i/layer_0/inst/u_core/u_dn/p_0_out__6__15/DSP_OUTPUT_INST/ALU_OUT[24] <- bd_i/layer_0/inst/u_core/u_dn/beta_r_reg[2][9]/C
EP  -0.036 xdma_0_axi_aclk        lvl=5   bd_i/layer_0/inst/u_core/u_dn/p_0_out__6__15/DSP_OUTPUT_INST/ALU_OUT[25] <- bd_i/layer_0/inst/u_core/u_dn/beta_r_reg[2][9]/C
EP  -0.036 xdma_0_axi_aclk        lvl=5   bd_i/layer_0/inst/u_core/u_dn/p_0_out__6__15/DSP_OUTPUT_INST/ALU_OUT[26] <- bd_i/layer_0/inst/u_core/u_dn/beta_r_reg[2][9]/C
EP  -0.036 xdma_0_axi_aclk        lvl=5   bd_i/layer_0/inst/u_core/u_dn/p_0_out__6__15/DSP_OUTPUT_INST/ALU_OUT[27] <- bd_i/layer_0/inst/u_core/u_dn/beta_r_reg[2][9]/C
EP  -0.036 xdma_0_axi_aclk        lvl=5   bd_i/layer_0/inst/u_core/u_dn/p_0_out__6__15/DSP_OUTPUT_INST/ALU_OUT[28] <- bd_i/layer_0/inst/u_core/u_dn/beta_r_reg[2][9]/C
EP  -0.036 xdma_0_axi_aclk        lvl=5   bd_i/layer_0/inst/u_core/u_dn/p_0_out__6__15/DSP_OUTPUT_INST/ALU_OUT[29] <- bd_i/layer_0/inst/u_core/u_dn/beta_r_reg[2][9]/C
EP  -0.036 xdma_0_axi_aclk        lvl=5   bd_i/layer_0/inst/u_core/u_dn/p_0_out__6__15/DSP_OUTPUT_INST/ALU_OUT[30] <- bd_i/layer_0/inst/u_core/u_dn/beta_r_reg[2][9]/C
EP  -0.036 xdma_0_axi_aclk        lvl=5   bd_i/layer_0/inst/u_core/u_dn/p_0_out__6__15/DSP_OUTPUT_INST/ALU_OUT[31] <- bd_i/layer_0/inst/u_core/u_dn/beta_r_reg[2][9]/C
EP  -0.036 xdma_0_axi_aclk        lvl=5   bd_i/layer_0/inst/u_core/u_dn/p_0_out__6__15/DSP_OUTPUT_INST/ALU_OUT[32] <- bd_i/layer_0/inst/u_core/u_dn/beta_r_reg[2][9]/C
EP  -0.036 xdma_0_axi_aclk        lvl=5   bd_i/layer_0/inst/u_core/u_dn/p_0_out__6__15/DSP_OUTPUT_INST/ALU_OUT[33] <- bd_i/layer_0/inst/u_core/u_dn/beta_r_reg[2][9]/C
EP  -0.036 xdma_0_axi_aclk        lvl=5   bd_i/layer_0/inst/u_core/u_dn/p_0_out__6__15/DSP_OUTPUT_INST/ALU_OUT[34] <- bd_i/layer_0/inst/u_core/u_dn/beta_r_reg[2][9]/C
EP  -0.036 xdma_0_axi_aclk        lvl=5   bd_i/layer_0/inst/u_core/u_dn/p_0_out__6__15/DSP_OUTPUT_INST/ALU_OUT[35] <- bd_i/layer_0/inst/u_core/u_dn/beta_r_reg[2][9]/C
EP  -0.036 xdma_0_axi_aclk        lvl=5   bd_i/layer_0/inst/u_core/u_dn/p_0_out__6__15/DSP_OUTPUT_INST/ALU_OUT[36] <- bd_i/layer_0/inst/u_core/u_dn/beta_r_reg[2][9]/C
EP  -0.036 xdma_0_axi_aclk        lvl=5   bd_i/layer_0/inst/u_core/u_dn/p_0_out__6__15/DSP_OUTPUT_INST/ALU_OUT[37] <- bd_i/layer_0/inst/u_core/u_dn/beta_r_reg[2][9]/C
EP  -0.036 xdma_0_axi_aclk        lvl=5   bd_i/layer_0/inst/u_core/u_dn/p_0_out__6__15/DSP_OUTPUT_INST/ALU_OUT[38] <- bd_i/layer_0/inst/u_core/u_dn/beta_r_reg[2][9]/C
EP  -0.036 xdma_0_axi_aclk        lvl=5   bd_i/layer_0/inst/u_core/u_dn/p_0_out__6__15/DSP_OUTPUT_INST/ALU_OUT[39] <- bd_i/layer_0/inst/u_core/u_dn/beta_r_reg[2][9]/C
EP  -0.036 xdma_0_axi_aclk        lvl=5   bd_i/layer_0/inst/u_core/u_dn/p_0_out__6__15/DSP_OUTPUT_INST/ALU_OUT[40] <- bd_i/layer_0/inst/u_core/u_dn/beta_r_reg[2][9]/C
EP  -0.036 xdma_0_axi_aclk        lvl=5   bd_i/layer_0/inst/u_core/u_dn/p_0_out__6__15/DSP_OUTPUT_INST/ALU_OUT[41] <- bd_i/layer_0/inst/u_core/u_dn/beta_r_reg[2][9]/C
EP  -0.036 xdma_0_axi_aclk        lvl=5   bd_i/layer_0/inst/u_core/u_dn/p_0_out__6__15/DSP_OUTPUT_INST/ALU_OUT[42] <- bd_i/layer_0/inst/u_core/u_dn/beta_r_reg[2][9]/C
EP  -0.036 xdma_0_axi_aclk        lvl=5   bd_i/layer_0/inst/u_core/u_dn/p_0_out__6__15/DSP_OUTPUT_INST/ALU_OUT[43] <- bd_i/layer_0/inst/u_core/u_dn/beta_r_reg[2][9]/C
EP  -0.036 xdma_0_axi_aclk        lvl=5   bd_i/layer_0/inst/u_core/u_dn/p_0_out__6__15/DSP_OUTPUT_INST/ALU_OUT[44] <- bd_i/layer_0/inst/u_core/u_dn/beta_r_reg[2][9]/C
EP  -0.036 xdma_0_axi_aclk        lvl=5   bd_i/layer_0/inst/u_core/u_dn/p_0_out__6__15/DSP_OUTPUT_INST/ALU_OUT[45] <- bd_i/layer_0/inst/u_core/u_dn/beta_r_reg[2][9]/C
EP  -0.036 xdma_0_axi_aclk        lvl=5   bd_i/layer_0/inst/u_core/u_dn/p_0_out__6__15/DSP_OUTPUT_INST/ALU_OUT[46] <- bd_i/layer_0/inst/u_core/u_dn/beta_r_reg[2][9]/C
EP  -0.036 xdma_0_axi_aclk        lvl=5   bd_i/layer_0/inst/u_core/u_dn/p_0_out__6__15/DSP_OUTPUT_INST/ALU_OUT[47] <- bd_i/layer_0/inst/u_core/u_dn/beta_r_reg[2][9]/C
EP  -0.036 xdma_0_axi_aclk        lvl=5   bd_i/layer_0/inst/u_core/u_dn/p_0_out__6__15/DSP_OUTPUT_INST/ALU_OUT[8] <- bd_i/layer_0/inst/u_core/u_dn/beta_r_reg[2][9]/C
EP  -0.036 xdma_0_axi_aclk        lvl=5   bd_i/layer_0/inst/u_core/u_dn/p_0_out__6__15/DSP_OUTPUT_INST/ALU_OUT[9] <- bd_i/layer_0/inst/u_core/u_dn/beta_r_reg[2][9]/C
EP  -0.036 xdma_0_axi_aclk        lvl=0   bd_i/layer_0/inst/u_core/u_dn/p_1_out__7__4/DSP_PREADD_DATA_INST/DIN[5] <- bd_i/layer_0/inst/u_core/u_dn/vdata_q_reg[5]_rep__3/C
EP  -0.036 xdma_0_axi_aclk        lvl=2   bd_i/layer_0/inst/u_core/cw_wd_reg[18]/CE <- bd_i/layer_0/inst/u_core/rstn_i_reg_replica_21/C
EP  -0.036 xdma_0_axi_aclk        lvl=5   bd_i/layer_0/inst/u_core/u_dma/fmem_reg_0_255_2_2/SP.B/I <- bd_i/layer_0/inst/u_core/kv_dmaq_reg[2]/C
EP  -0.036 xdma_0_axi_aclk        lvl=2   bd_i/layer_0/inst/u_core/u_attn/g_lane[188].pv_p_reg[188]/DSP_A_B_DATA_INST/A[20] <- bd_i/layer_0/inst/u_core/g_kvslot[0].mem_reg_uram_40/CLK
EP  -0.036 xdma_0_axi_aclk        lvl=2   bd_i/layer_0/inst/u_core/u_attn/g_lane[63].pv_p_reg[63]/DSP_A_B_DATA_INST/A[13] <- bd_i/layer_0/inst/u_core/g_kvslot[1].mem_reg_uram_14/CLK
EP  -0.036 xdma_0_axi_aclk        lvl=4   bd_i/layer_0/inst/u_core/u_dma/fmem_reg_0_255_241_241/SP.C/I <- bd_i/layer_0/inst/u_core/u_dma/rp_esub_reg[2][1]__0/C
EP  -0.036 xdma_0_axi_aclk        lvl=2   bd_i/layer_0/inst/u_core/u_attn/g_lane[173].prod_reg[173]/DSP_A_B_DATA_INST/B[6] <- bd_i/layer_0/inst/u_core/g_kvslot[0].mem_reg_uram_38/CLK
EP  -0.036 xdma_0_axi_aclk        lvl=3   bd_i/layer_0/inst/u_core/u_dma/fmem_reg_0_255_488_488/SP.B/I <- bd_i/layer_0/inst/u_core/kv_dmaq_reg[1000]/C
EP  -0.036 xdma_0_axi_aclk        lvl=3   bd_i/axi_smc/inst/s02_entry_pipeline/s02_si_converter/inst/converter.wrap_narrow_inst/w_accum_reg[data][492]/CE <- bd_i/axi_smc/inst/s02_entry_pipeline/s02_mmu/inst/w_sreg/state_reg[m_valid_i]/C
EP  -0.035 xdma_0_axi_aclk        lvl=5   bd_i/layer_0/inst/u_core/u_dn/p_1_out__18__3/DSP_OUTPUT_INST/ALU_OUT[14] <- bd_i/layer_0/inst/u_core/u_dn/beta_r_reg[3][15]/C
EP  -0.035 xdma_0_axi_aclk        lvl=5   bd_i/layer_0/inst/u_core/u_dn/p_1_out__18__3/DSP_OUTPUT_INST/ALU_OUT[15] <- bd_i/layer_0/inst/u_core/u_dn/beta_r_reg[3][15]/C
EP  -0.035 xdma_0_axi_aclk        lvl=5   bd_i/layer_0/inst/u_core/u_dn/p_1_out__18__3/DSP_OUTPUT_INST/ALU_OUT[16] <- bd_i/layer_0/inst/u_core/u_dn/beta_r_reg[3][15]/C
EP  -0.035 xdma_0_axi_aclk        lvl=5   bd_i/layer_0/inst/u_core/u_dn/p_1_out__18__3/DSP_OUTPUT_INST/ALU_OUT[17] <- bd_i/layer_0/inst/u_core/u_dn/beta_r_reg[3][15]/C
EP  -0.035 xdma_0_axi_aclk        lvl=5   bd_i/layer_0/inst/u_core/u_dn/p_1_out__18__3/DSP_OUTPUT_INST/ALU_OUT[18] <- bd_i/layer_0/inst/u_core/u_dn/beta_r_reg[3][15]/C
EP  -0.035 xdma_0_axi_aclk        lvl=5   bd_i/layer_0/inst/u_core/u_dn/p_1_out__18__3/DSP_OUTPUT_INST/ALU_OUT[19] <- bd_i/layer_0/inst/u_core/u_dn/beta_r_reg[3][15]/C
EP  -0.035 xdma_0_axi_aclk        lvl=5   bd_i/layer_0/inst/u_core/u_dn/p_1_out__18__3/DSP_OUTPUT_INST/ALU_OUT[20] <- bd_i/layer_0/inst/u_core/u_dn/beta_r_reg[3][15]/C
EP  -0.035 xdma_0_axi_aclk        lvl=5   bd_i/layer_0/inst/u_core/u_dn/p_1_out__18__3/DSP_OUTPUT_INST/ALU_OUT[21] <- bd_i/layer_0/inst/u_core/u_dn/beta_r_reg[3][15]/C
EP  -0.035 xdma_0_axi_aclk        lvl=5   bd_i/layer_0/inst/u_core/u_dn/p_1_out__18__3/DSP_OUTPUT_INST/ALU_OUT[22] <- bd_i/layer_0/inst/u_core/u_dn/beta_r_reg[3][15]/C
EP  -0.035 xdma_0_axi_aclk        lvl=5   bd_i/layer_0/inst/u_core/u_dn/p_1_out__18__3/DSP_OUTPUT_INST/ALU_OUT[23] <- bd_i/layer_0/inst/u_core/u_dn/beta_r_reg[3][15]/C
EP  -0.035 xdma_0_axi_aclk        lvl=5   bd_i/layer_0/inst/u_core/u_dn/p_1_out__18__3/DSP_OUTPUT_INST/ALU_OUT[24] <- bd_i/layer_0/inst/u_core/u_dn/beta_r_reg[3][15]/C
EP  -0.035 xdma_0_axi_aclk        lvl=5   bd_i/layer_0/inst/u_core/u_dn/p_1_out__18__3/DSP_OUTPUT_INST/ALU_OUT[25] <- bd_i/layer_0/inst/u_core/u_dn/beta_r_reg[3][15]/C
EP  -0.035 xdma_0_axi_aclk        lvl=5   bd_i/layer_0/inst/u_core/u_dn/p_1_out__18__3/DSP_OUTPUT_INST/ALU_OUT[26] <- bd_i/layer_0/inst/u_core/u_dn/beta_r_reg[3][15]/C
EP  -0.035 xdma_0_axi_aclk        lvl=5   bd_i/layer_0/inst/u_core/u_dn/p_1_out__18__3/DSP_OUTPUT_INST/ALU_OUT[27] <- bd_i/layer_0/inst/u_core/u_dn/beta_r_reg[3][15]/C
EP  -0.035 xdma_0_axi_aclk        lvl=5   bd_i/layer_0/inst/u_core/u_dn/p_1_out__18__3/DSP_OUTPUT_INST/ALU_OUT[28] <- bd_i/layer_0/inst/u_core/u_dn/beta_r_reg[3][15]/C
EP  -0.035 xdma_0_axi_aclk        lvl=5   bd_i/layer_0/inst/u_core/u_dn/p_1_out__18__3/DSP_OUTPUT_INST/ALU_OUT[29] <- bd_i/layer_0/inst/u_core/u_dn/beta_r_reg[3][15]/C
EP  -0.035 xdma_0_axi_aclk        lvl=5   bd_i/layer_0/inst/u_core/u_dn/p_1_out__18__3/DSP_OUTPUT_INST/ALU_OUT[30] <- bd_i/layer_0/inst/u_core/u_dn/beta_r_reg[3][15]/C
EP  -0.035 xdma_0_axi_aclk        lvl=5   bd_i/layer_0/inst/u_core/u_dn/p_1_out__18__3/DSP_OUTPUT_INST/ALU_OUT[31] <- bd_i/layer_0/inst/u_core/u_dn/beta_r_reg[3][15]/C
EP  -0.035 xdma_0_axi_aclk        lvl=5   bd_i/layer_0/inst/u_core/u_dn/p_1_out__18__3/DSP_OUTPUT_INST/ALU_OUT[32] <- bd_i/layer_0/inst/u_core/u_dn/beta_r_reg[3][15]/C
EP  -0.035 xdma_0_axi_aclk        lvl=5   bd_i/layer_0/inst/u_core/u_dn/p_1_out__18__3/DSP_OUTPUT_INST/ALU_OUT[33] <- bd_i/layer_0/inst/u_core/u_dn/beta_r_reg[3][15]/C
EP  -0.035 xdma_0_axi_aclk        lvl=5   bd_i/layer_0/inst/u_core/u_dn/p_1_out__18__3/DSP_OUTPUT_INST/ALU_OUT[34] <- bd_i/layer_0/inst/u_core/u_dn/beta_r_reg[3][15]/C
EP  -0.035 xdma_0_axi_aclk        lvl=5   bd_i/layer_0/inst/u_core/u_dn/p_1_out__18__3/DSP_OUTPUT_INST/ALU_OUT[35] <- bd_i/layer_0/inst/u_core/u_dn/beta_r_reg[3][15]/C
EP  -0.035 xdma_0_axi_aclk        lvl=5   bd_i/layer_0/inst/u_core/u_dn/p_1_out__18__3/DSP_OUTPUT_INST/ALU_OUT[36] <- bd_i/layer_0/inst/u_core/u_dn/beta_r_reg[3][15]/C
EP  -0.035 xdma_0_axi_aclk        lvl=5   bd_i/layer_0/inst/u_core/u_dn/p_1_out__18__3/DSP_OUTPUT_INST/ALU_OUT[37] <- bd_i/layer_0/inst/u_core/u_dn/beta_r_reg[3][15]/C
EP  -0.035 xdma_0_axi_aclk        lvl=5   bd_i/layer_0/inst/u_core/u_dn/p_1_out__18__3/DSP_OUTPUT_INST/ALU_OUT[38] <- bd_i/layer_0/inst/u_core/u_dn/beta_r_reg[3][15]/C
EP  -0.035 xdma_0_axi_aclk        lvl=5   bd_i/layer_0/inst/u_core/u_dn/p_1_out__18__3/DSP_OUTPUT_INST/ALU_OUT[39] <- bd_i/layer_0/inst/u_core/u_dn/beta_r_reg[3][15]/C
EP  -0.035 xdma_0_axi_aclk        lvl=5   bd_i/layer_0/inst/u_core/u_dn/p_1_out__18__3/DSP_OUTPUT_INST/ALU_OUT[40] <- bd_i/layer_0/inst/u_core/u_dn/beta_r_reg[3][15]/C
EP  -0.035 xdma_0_axi_aclk        lvl=5   bd_i/layer_0/inst/u_core/u_dn/p_1_out__18__3/DSP_OUTPUT_INST/ALU_OUT[41] <- bd_i/layer_0/inst/u_core/u_dn/beta_r_reg[3][15]/C
EP  -0.035 xdma_0_axi_aclk        lvl=5   bd_i/layer_0/inst/u_core/u_dn/p_1_out__18__3/DSP_OUTPUT_INST/ALU_OUT[42] <- bd_i/layer_0/inst/u_core/u_dn/beta_r_reg[3][15]/C
EP  -0.035 xdma_0_axi_aclk        lvl=5   bd_i/layer_0/inst/u_core/u_dn/p_1_out__18__3/DSP_OUTPUT_INST/ALU_OUT[43] <- bd_i/layer_0/inst/u_core/u_dn/beta_r_reg[3][15]/C
EP  -0.035 xdma_0_axi_aclk        lvl=5   bd_i/layer_0/inst/u_core/u_dn/p_1_out__18__3/DSP_OUTPUT_INST/ALU_OUT[44] <- bd_i/layer_0/inst/u_core/u_dn/beta_r_reg[3][15]/C
EP  -0.035 xdma_0_axi_aclk        lvl=5   bd_i/layer_0/inst/u_core/u_dn/p_1_out__18__3/DSP_OUTPUT_INST/ALU_OUT[45] <- bd_i/layer_0/inst/u_core/u_dn/beta_r_reg[3][15]/C
EP  -0.035 xdma_0_axi_aclk        lvl=5   bd_i/layer_0/inst/u_core/u_dn/p_1_out__18__3/DSP_OUTPUT_INST/ALU_OUT[46] <- bd_i/layer_0/inst/u_core/u_dn/beta_r_reg[3][15]/C
EP  -0.035 xdma_0_axi_aclk        lvl=5   bd_i/layer_0/inst/u_core/u_dn/p_1_out__18__3/DSP_OUTPUT_INST/ALU_OUT[47] <- bd_i/layer_0/inst/u_core/u_dn/beta_r_reg[3][15]/C
EP  -0.035 xdma_0_axi_aclk        lvl=5   bd_i/layer_0/inst/u_core/u_dn/p_1_out__12/DSP_OUTPUT_INST/ALU_OUT[2] <- bd_i/layer_0/inst/u_core/u_dn/beta_r_reg[1][2]/C
EP  -0.035 xdma_0_axi_aclk        lvl=5   bd_i/layer_0/inst/u_core/u_dn/p_1_out__12/DSP_OUTPUT_INST/ALU_OUT[3] <- bd_i/layer_0/inst/u_core/u_dn/beta_r_reg[1][2]/C
EP  -0.035 xdma_0_axi_aclk        lvl=9   bd_i/layer_0/inst/u_core/u_dn/g_lane[117].dm_p_reg[117]/DSP_A_B_DATA_INST/A[28] <- bd_i/layer_0/inst/u_core/u_dn/g_lane[117].kvm_acc_reg[117]/DSP_OUTPUT_INST/CLK
EP  -0.035 xdma_0_axi_aclk        lvl=7   bd_i/layer_0/inst/u_core/u_dn/g_lane[73].kvm_acc_reg[73]/DSP_A_B_DATA_INST/A[17] <- bd_i/layer_0/inst/u_core/u_dn/g_lane[73].dec_p_reg[73]/DSP_OUTPUT_INST/CLK
EP  -0.035 xdma_0_axi_aclk        lvl=1   bd_i/layer_0/inst/u_core/u_dn/g_lane[67].dec_p_reg[67]/DSP_A_B_DATA_INST/A[10] <- bd_i/layer_0/inst/u_core/g_dnslot[1].mem_reg_uram_15/CLK
EP  -0.035 xdma_0_axi_aclk        lvl=1   bd_i/layer_0/inst/u_core/u_dn/g_lane[110].dec_p_reg[110]/DSP_A_B_DATA_INST/A[16] <- bd_i/layer_0/inst/u_core/g_dnslot[1].mem_reg_uram_24/CLK
EP  -0.035 xdma_0_axi_aclk        lvl=7   bd_i/layer_0/inst/u_core/u_dn/g_lane[17].kvm_acc_reg[17]/DSP_A_B_DATA_INST/A[28] <- bd_i/layer_0/inst/u_core/u_dn/g_lane[17].dec_p_reg[17]/DSP_OUTPUT_INST/CLK
EP  -0.035 xdma_0_axi_aclk        lvl=9   bd_i/layer_0/inst/u_core/u_dma/fmem_reg_0_255_70_70/SP.B/I <- bd_i/layer_0/inst/u_core/u_dma/f_rp_reg[0]/C
EP  -0.035 xdma_0_axi_aclk        lvl=4   bd_i/layer_0/inst/u_core/u_dma/fmem_reg_0_255_16_16/SP.B/I <- bd_i/layer_0/inst/u_core/u_dma/rp_esub_reg[2][1]__0/C
EP  -0.035 xdma_0_axi_aclk        lvl=8   bd_i/layer_0/inst/u_core/u_dn/g_lane[121].kvm_acc_reg[121]/DSP_A_B_DATA_INST/A[19] <- bd_i/layer_0/inst/u_core/u_dn/g_lane[121].dec_p_reg[121]/DSP_OUTPUT_INST/CLK
EP  -0.034 xdma_0_axi_aclk        lvl=0   bd_i/layer_0/inst/u_core/u_dn/p_1_out__6__16/DSP_PREADD_DATA_INST/DIN[6] <- bd_i/layer_0/inst/u_core/u_dn/vdata_q_reg[6]_rep__9/C
EP  -0.034 xdma_0_axi_aclk        lvl=2   bd_i/layer_0/inst/u_core/u_attn/g_lane[101].pv_p_reg[101]/DSP_A_B_DATA_INST/A[22] <- bd_i/layer_0/inst/u_core/g_kvslot[0].mem_reg_uram_22/CLK
EP  -0.034 xdma_0_axi_aclk        lvl=3   bd_i/layer_0/inst/u_core/krow_reg[1869]/D <- bd_i/layer_0/inst/u_core/st_reg[3]/C
EP  -0.034 xdma_0_axi_aclk        lvl=8   bd_i/layer_0/inst/u_core/u_dn/g_lane[107].kvm_acc_reg[107]/DSP_A_B_DATA_INST/A[23] <- bd_i/layer_0/inst/u_core/u_dn/g_lane[107].dec_p_reg[107]/DSP_OUTPUT_INST/CLK
EP  -0.034 xdma_0_axi_aclk        lvl=0   bd_i/layer_0/inst/u_core/u_dn/g_lane[60].dm_p_reg[60]/DSP_PREADD_DATA_INST/DIN[18] <- bd_i/layer_0/inst/u_core/u_dn/vdata_q_reg[18]_rep__4/C
EP  -0.034 xdma_0_axi_aclk        lvl=5   bd_i/layer_0/inst/u_core/u_dma/fmem_reg_0_255_32_32/SP.B/I <- bd_i/layer_0/inst/u_core/dma_slot_reg_replica_5/C
EP  -0.034 xdma_0_axi_aclk        lvl=0   bd_i/layer_0/inst/u_core/u_dn/g_lane[71].kvm_acc_reg[71]/DSP_OUTPUT_INST/RSTP <- bd_i/layer_0/inst/u_core/u_dn/clr_r_reg[2]/C
EP  -0.034 xdma_0_axi_aclk        lvl=2   bd_i/layer_0/inst/u_core/u_attn/g_lane[70].pv_p_reg[70]/DSP_A_B_DATA_INST/A[24] <- bd_i/layer_0/inst/u_core/g_kvslot[0].mem_reg_uram_14/CLK
EP  -0.034 xdma_0_axi_aclk        lvl=1   bd_i/layer_0/inst/u_core/u_dn/g_lane[19].dec_p_reg[19]/DSP_A_B_DATA_INST/A[9] <- bd_i/layer_0/inst/u_core/g_dnslot[0].mem_reg_uram_4/CLK
EP  -0.034 xdma_0_axi_aclk        lvl=8   bd_i/layer_0/inst/u_core/u_dn/g_lane[120].kvm_acc_reg[120]/DSP_A_B_DATA_INST/A[26] <- bd_i/layer_0/inst/u_core/u_dn/g_lane[120].dec_p_reg[120]/DSP_OUTPUT_INST/CLK
EP  -0.033 xdma_0_axi_aclk        lvl=2   bd_i/layer_0/inst/u_core/u_dn/g_lane[1].o_acc_reg[1]/DSP_A_B_DATA_INST/B[9] <- bd_i/layer_0/inst/u_core/u_dn/row_reg[0]/C
EP  -0.033 xdma_0_axi_aclk        lvl=2   bd_i/layer_0/inst/u_core/u_dn/o_g8_reg[10][29]/D <- bd_i/layer_0/inst/u_core/u_dn/og_i_reg[1]_rep__0/C
EP  -0.033 xdma_0_axi_aclk        lvl=8   bd_i/layer_0/inst/u_core/u_dn/g_lane[121].kvm_acc_reg[121]/DSP_A_B_DATA_INST/A[27] <- bd_i/layer_0/inst/u_core/u_dn/g_lane[121].dec_p_reg[121]/DSP_OUTPUT_INST/CLK
EP  -0.033 xdma_0_axi_aclk        lvl=4   bd_i/layer_0/inst/u_core/u_dma/fmem_reg_0_255_391_391/DP.D/I <- bd_i/layer_0/inst/u_core/u_dma/rp_esub_reg[2][4]__0/C
EP  -0.033 xdma_0_axi_aclk        lvl=4   bd_i/layer_0/inst/u_core/u_dma/fmem_reg_0_255_241_241/SP.B/I <- bd_i/layer_0/inst/u_core/u_dma/rp_esub_reg[2][1]__0/C
EP  -0.033 xdma_0_axi_aclk        lvl=2   bd_i/layer_0/inst/u_core/u_attn/g_lane[242].prod_reg[242]/DSP_A_B_DATA_INST/B[1] <- bd_i/layer_0/inst/u_core/g_kvslot[1].mem_reg_uram_52/CLK
EP  -0.033 xdma_0_axi_aclk        lvl=1   bd_i/layer_0/inst/u_core/u_dn/g_lane[78].p2_p_reg[78]_i_4_psdsp/CE <- bd_i/layer_0/inst/u_core/u_dn/st_reg[2]/C
EP  -0.032 xdma_0_axi_aclk        lvl=0   bd_i/layer_0/inst/u_core/u_dn/p_1_out__11__2/DSP_PREADD_DATA_INST/DIN[4] <- bd_i/layer_0/inst/u_core/u_dn/vdata_q_reg[4]_rep__3/C
EP  -0.032 xdma_0_axi_aclk        lvl=4   bd_i/layer_0/inst/u_core/u_dma/fmem_reg_0_255_409_409/SP.C/I <- bd_i/layer_0/inst/u_core/u_dma/rp_esub_reg[2][0]__0/C
EP  -0.032 xdma_0_axi_aclk        lvl=7   bd_i/layer_0/inst/u_core/u_dn/g_lane[17].kvm_acc_reg[17]/DSP_A_B_DATA_INST/A[25] <- bd_i/layer_0/inst/u_core/u_dn/g_lane[17].dec_p_reg[17]/DSP_OUTPUT_INST/CLK
EP  -0.032 xdma_0_axi_aclk        lvl=4   bd_i/layer_0/inst/u_core/u_dma/fmem_reg_0_255_268_268/SP.A/I <- bd_i/layer_0/inst/u_core/u_dma/rp_esub_reg[2][1]__0/C
EP  -0.032 xdma_0_axi_aclk        lvl=4   bd_i/layer_0/inst/u_core/u_dma/fmem_reg_0_255_268_268/SP.D/I <- bd_i/layer_0/inst/u_core/u_dma/rp_esub_reg[2][1]__0/C
EP  -0.032 xdma_0_axi_aclk        lvl=7   bd_i/layer_0/inst/u_core/eng_sa_reg[12]/CE <- bd_i/layer_0/inst/u_core/cmd_op_reg[0]/C
EP  -0.032 xdma_0_axi_aclk        lvl=7   bd_i/layer_0/inst/u_core/eng_sa_reg[2]/CE <- bd_i/layer_0/inst/u_core/cmd_op_reg[0]/C
EP  -0.032 xdma_0_axi_aclk        lvl=2   bd_i/layer_0/inst/u_core/u_attn/g_lane[34].prod_reg[34]/DSP_A_B_DATA_INST/B[9] <- bd_i/layer_0/inst/u_core/g_kvslot[0].mem_reg_uram_6/CLK
EP  -0.032 xdma_0_axi_aclk        lvl=8   bd_i/layer_0/inst/u_core/u_dma/fmem_reg_0_255_456_456/DP.D/I <- bd_i/layer_0/inst/u_core/u_dma/f_rp_reg[0]/C
EP  -0.032 xdma_0_axi_aclk        lvl=8   bd_i/layer_0/inst/u_core/u_dma/fmem_reg_0_255_117_117/DP.D/I <- bd_i/layer_0/inst/u_core/u_dma/f_rp_reg[0]/C
EP  -0.032 xdma_0_axi_aclk        lvl=4   bd_i/layer_0/inst/u_core/u_dma/fmem_reg_0_255_348_348/DP.A/I <- bd_i/layer_0/inst/u_core/u_dma/rp_esub_reg[2][1]__0/C
EP  -0.032 xdma_0_axi_aclk        lvl=1   bd_i/layer_0/inst/u_core/u_dn/p_1_out__9__11/DSP_A_B_DATA_INST/A[8] <- bd_i/layer_0/inst/u_core/g_dnslot[0].mem_reg_uram_15/CLK
EP  -0.032 xdma_0_axi_aclk        lvl=1   bd_i/layer_0/inst/u_core/u_dn/g_lane[78].p2_p_reg[78]_i_3_psdsp/CE <- bd_i/layer_0/inst/u_core/u_dn/st_reg[2]/C
EP  -0.032 xdma_0_axi_aclk        lvl=2   bd_i/layer_0/inst/u_core/u_attn/g_lane[38].pv_p_reg[38]_i_4_psdsp_1/D <- bd_i/layer_0/inst/u_core/g_kvslot[0].mem_reg_uram_8/CLK
EP  -0.032 xdma_0_axi_aclk        lvl=5   bd_i/layer_0/inst/u_core/u_dn/p_1_out__9__6/DSP_OUTPUT_INST/ALU_OUT[10] <- bd_i/layer_0/inst/u_core/u_dn/decay_r_reg[3][8]/C
EP  -0.032 xdma_0_axi_aclk        lvl=5   bd_i/layer_0/inst/u_core/u_dn/p_1_out__9__6/DSP_OUTPUT_INST/ALU_OUT[11] <- bd_i/layer_0/inst/u_core/u_dn/decay_r_reg[3][8]/C
EP  -0.032 xdma_0_axi_aclk        lvl=5   bd_i/layer_0/inst/u_core/u_dn/p_1_out__9__6/DSP_OUTPUT_INST/ALU_OUT[12] <- bd_i/layer_0/inst/u_core/u_dn/decay_r_reg[3][8]/C
EP  -0.032 xdma_0_axi_aclk        lvl=5   bd_i/layer_0/inst/u_core/u_dn/p_1_out__9__6/DSP_OUTPUT_INST/ALU_OUT[13] <- bd_i/layer_0/inst/u_core/u_dn/decay_r_reg[3][8]/C
EP  -0.032 xdma_0_axi_aclk        lvl=5   bd_i/layer_0/inst/u_core/u_dn/p_1_out__9__6/DSP_OUTPUT_INST/ALU_OUT[14] <- bd_i/layer_0/inst/u_core/u_dn/decay_r_reg[3][8]/C
EP  -0.032 xdma_0_axi_aclk        lvl=5   bd_i/layer_0/inst/u_core/u_dn/p_1_out__9__6/DSP_OUTPUT_INST/ALU_OUT[15] <- bd_i/layer_0/inst/u_core/u_dn/decay_r_reg[3][8]/C
EP  -0.032 xdma_0_axi_aclk        lvl=5   bd_i/layer_0/inst/u_core/u_dn/p_1_out__9__6/DSP_OUTPUT_INST/ALU_OUT[16] <- bd_i/layer_0/inst/u_core/u_dn/decay_r_reg[3][8]/C
EP  -0.032 xdma_0_axi_aclk        lvl=5   bd_i/layer_0/inst/u_core/u_dn/p_1_out__9__6/DSP_OUTPUT_INST/ALU_OUT[17] <- bd_i/layer_0/inst/u_core/u_dn/decay_r_reg[3][8]/C
EP  -0.032 xdma_0_axi_aclk        lvl=5   bd_i/layer_0/inst/u_core/u_dn/p_1_out__9__6/DSP_OUTPUT_INST/ALU_OUT[18] <- bd_i/layer_0/inst/u_core/u_dn/decay_r_reg[3][8]/C
EP  -0.032 xdma_0_axi_aclk        lvl=5   bd_i/layer_0/inst/u_core/u_dn/p_1_out__9__6/DSP_OUTPUT_INST/ALU_OUT[19] <- bd_i/layer_0/inst/u_core/u_dn/decay_r_reg[3][8]/C
EP  -0.032 xdma_0_axi_aclk        lvl=5   bd_i/layer_0/inst/u_core/u_dn/p_1_out__9__6/DSP_OUTPUT_INST/ALU_OUT[20] <- bd_i/layer_0/inst/u_core/u_dn/decay_r_reg[3][8]/C
EP  -0.032 xdma_0_axi_aclk        lvl=5   bd_i/layer_0/inst/u_core/u_dn/p_1_out__9__6/DSP_OUTPUT_INST/ALU_OUT[21] <- bd_i/layer_0/inst/u_core/u_dn/decay_r_reg[3][8]/C
EP  -0.032 xdma_0_axi_aclk        lvl=5   bd_i/layer_0/inst/u_core/u_dn/p_1_out__9__6/DSP_OUTPUT_INST/ALU_OUT[22] <- bd_i/layer_0/inst/u_core/u_dn/decay_r_reg[3][8]/C
EP  -0.032 xdma_0_axi_aclk        lvl=5   bd_i/layer_0/inst/u_core/u_dn/p_1_out__9__6/DSP_OUTPUT_INST/ALU_OUT[23] <- bd_i/layer_0/inst/u_core/u_dn/decay_r_reg[3][8]/C
EP  -0.032 xdma_0_axi_aclk        lvl=5   bd_i/layer_0/inst/u_core/u_dn/p_1_out__9__6/DSP_OUTPUT_INST/ALU_OUT[24] <- bd_i/layer_0/inst/u_core/u_dn/decay_r_reg[3][8]/C
EP  -0.032 xdma_0_axi_aclk        lvl=5   bd_i/layer_0/inst/u_core/u_dn/p_1_out__9__6/DSP_OUTPUT_INST/ALU_OUT[25] <- bd_i/layer_0/inst/u_core/u_dn/decay_r_reg[3][8]/C
EP  -0.032 xdma_0_axi_aclk        lvl=5   bd_i/layer_0/inst/u_core/u_dn/p_1_out__9__6/DSP_OUTPUT_INST/ALU_OUT[26] <- bd_i/layer_0/inst/u_core/u_dn/decay_r_reg[3][8]/C
EP  -0.032 xdma_0_axi_aclk        lvl=5   bd_i/layer_0/inst/u_core/u_dn/p_1_out__9__6/DSP_OUTPUT_INST/ALU_OUT[27] <- bd_i/layer_0/inst/u_core/u_dn/decay_r_reg[3][8]/C
EP  -0.032 xdma_0_axi_aclk        lvl=5   bd_i/layer_0/inst/u_core/u_dn/p_1_out__9__6/DSP_OUTPUT_INST/ALU_OUT[28] <- bd_i/layer_0/inst/u_core/u_dn/decay_r_reg[3][8]/C
EP  -0.032 xdma_0_axi_aclk        lvl=5   bd_i/layer_0/inst/u_core/u_dn/p_1_out__9__6/DSP_OUTPUT_INST/ALU_OUT[29] <- bd_i/layer_0/inst/u_core/u_dn/decay_r_reg[3][8]/C
EP  -0.032 xdma_0_axi_aclk        lvl=5   bd_i/layer_0/inst/u_core/u_dn/p_1_out__9__6/DSP_OUTPUT_INST/ALU_OUT[30] <- bd_i/layer_0/inst/u_core/u_dn/decay_r_reg[3][8]/C
EP  -0.032 xdma_0_axi_aclk        lvl=5   bd_i/layer_0/inst/u_core/u_dn/p_1_out__9__6/DSP_OUTPUT_INST/ALU_OUT[31] <- bd_i/layer_0/inst/u_core/u_dn/decay_r_reg[3][8]/C
EP  -0.032 xdma_0_axi_aclk        lvl=5   bd_i/layer_0/inst/u_core/u_dn/p_1_out__9__6/DSP_OUTPUT_INST/ALU_OUT[32] <- bd_i/layer_0/inst/u_core/u_dn/decay_r_reg[3][8]/C
EP  -0.032 xdma_0_axi_aclk        lvl=5   bd_i/layer_0/inst/u_core/u_dn/p_1_out__9__6/DSP_OUTPUT_INST/ALU_OUT[33] <- bd_i/layer_0/inst/u_core/u_dn/decay_r_reg[3][8]/C
EP  -0.032 xdma_0_axi_aclk        lvl=5   bd_i/layer_0/inst/u_core/u_dn/p_1_out__9__6/DSP_OUTPUT_INST/ALU_OUT[34] <- bd_i/layer_0/inst/u_core/u_dn/decay_r_reg[3][8]/C
EP  -0.032 xdma_0_axi_aclk        lvl=5   bd_i/layer_0/inst/u_core/u_dn/p_1_out__9__6/DSP_OUTPUT_INST/ALU_OUT[35] <- bd_i/layer_0/inst/u_core/u_dn/decay_r_reg[3][8]/C
EP  -0.032 xdma_0_axi_aclk        lvl=5   bd_i/layer_0/inst/u_core/u_dn/p_1_out__9__6/DSP_OUTPUT_INST/ALU_OUT[36] <- bd_i/layer_0/inst/u_core/u_dn/decay_r_reg[3][8]/C
EP  -0.032 xdma_0_axi_aclk        lvl=5   bd_i/layer_0/inst/u_core/u_dn/p_1_out__9__6/DSP_OUTPUT_INST/ALU_OUT[37] <- bd_i/layer_0/inst/u_core/u_dn/decay_r_reg[3][8]/C
EP  -0.032 xdma_0_axi_aclk        lvl=5   bd_i/layer_0/inst/u_core/u_dn/p_1_out__9__6/DSP_OUTPUT_INST/ALU_OUT[38] <- bd_i/layer_0/inst/u_core/u_dn/decay_r_reg[3][8]/C
EP  -0.032 xdma_0_axi_aclk        lvl=5   bd_i/layer_0/inst/u_core/u_dn/p_1_out__9__6/DSP_OUTPUT_INST/ALU_OUT[39] <- bd_i/layer_0/inst/u_core/u_dn/decay_r_reg[3][8]/C
EP  -0.032 xdma_0_axi_aclk        lvl=5   bd_i/layer_0/inst/u_core/u_dn/p_1_out__9__6/DSP_OUTPUT_INST/ALU_OUT[40] <- bd_i/layer_0/inst/u_core/u_dn/decay_r_reg[3][8]/C
EP  -0.032 xdma_0_axi_aclk        lvl=5   bd_i/layer_0/inst/u_core/u_dn/p_1_out__9__6/DSP_OUTPUT_INST/ALU_OUT[41] <- bd_i/layer_0/inst/u_core/u_dn/decay_r_reg[3][8]/C
EP  -0.032 xdma_0_axi_aclk        lvl=5   bd_i/layer_0/inst/u_core/u_dn/p_1_out__9__6/DSP_OUTPUT_INST/ALU_OUT[42] <- bd_i/layer_0/inst/u_core/u_dn/decay_r_reg[3][8]/C
EP  -0.032 xdma_0_axi_aclk        lvl=5   bd_i/layer_0/inst/u_core/u_dn/p_1_out__9__6/DSP_OUTPUT_INST/ALU_OUT[43] <- bd_i/layer_0/inst/u_core/u_dn/decay_r_reg[3][8]/C
EP  -0.032 xdma_0_axi_aclk        lvl=5   bd_i/layer_0/inst/u_core/u_dn/p_1_out__9__6/DSP_OUTPUT_INST/ALU_OUT[44] <- bd_i/layer_0/inst/u_core/u_dn/decay_r_reg[3][8]/C
EP  -0.032 xdma_0_axi_aclk        lvl=5   bd_i/layer_0/inst/u_core/u_dn/p_1_out__9__6/DSP_OUTPUT_INST/ALU_OUT[45] <- bd_i/layer_0/inst/u_core/u_dn/decay_r_reg[3][8]/C
EP  -0.032 xdma_0_axi_aclk        lvl=5   bd_i/layer_0/inst/u_core/u_dn/p_1_out__9__6/DSP_OUTPUT_INST/ALU_OUT[46] <- bd_i/layer_0/inst/u_core/u_dn/decay_r_reg[3][8]/C
EP  -0.032 xdma_0_axi_aclk        lvl=5   bd_i/layer_0/inst/u_core/u_dn/p_1_out__9__6/DSP_OUTPUT_INST/ALU_OUT[47] <- bd_i/layer_0/inst/u_core/u_dn/decay_r_reg[3][8]/C
EP  -0.032 xdma_0_axi_aclk        lvl=5   bd_i/layer_0/inst/u_core/u_dn/p_1_out__9__6/DSP_OUTPUT_INST/ALU_OUT[8] <- bd_i/layer_0/inst/u_core/u_dn/decay_r_reg[3][8]/C
EP  -0.032 xdma_0_axi_aclk        lvl=5   bd_i/layer_0/inst/u_core/u_dn/p_1_out__9__6/DSP_OUTPUT_INST/ALU_OUT[9] <- bd_i/layer_0/inst/u_core/u_dn/decay_r_reg[3][8]/C
EP  -0.032 xdma_0_axi_aclk        lvl=2   bd_i/layer_0/inst/u_core/u_attn/g_lane[103].pv_p_reg[103]/DSP_A_B_DATA_INST/A[24] <- bd_i/layer_0/inst/u_core/g_kvslot[0].mem_reg_uram_22/CLK
EP  -0.031 xdma_0_axi_aclk        lvl=1   bd_i/layer_0/inst/u_core/u_dn/g_lane[57].p2_p_reg[57]_i_15_psdsp_4/CE <- bd_i/layer_0/inst/u_core/u_dn/st_reg[4]/C
EP  -0.031 xdma_0_axi_aclk        lvl=8   bd_i/layer_0/inst/u_core/u_dn/g_lane[43].kvm_acc_reg[43]/DSP_A_B_DATA_INST/A[29] <- bd_i/layer_0/inst/u_core/u_dn/g_lane[43].dec_p_reg[43]/DSP_OUTPUT_INST/CLK
EP  -0.031 xdma_0_axi_aclk        lvl=6   bd_i/layer_0/inst/u_core/u_dn/p_1_out__6__15/DSP_A_B_DATA_INST/A[7] <- bd_i/layer_0/inst/u_core/u_dn/g_lane[46].kvm_acc_reg[46]/DSP_OUTPUT_INST/CLK
EP  -0.031 xdma_0_axi_aclk        lvl=3   bd_i/axi_smc/inst/s02_entry_pipeline/s02_si_converter/inst/converter.wrap_narrow_inst/w_accum_reg[data][416]/CE <- bd_i/axi_smc/inst/s02_entry_pipeline/s02_mmu/inst/w_sreg/state_reg[m_valid_i]/C
EP  -0.031 xdma_0_axi_aclk        lvl=4   bd_i/layer_0/inst/u_core/u_dma/fmem_reg_0_255_409_409/DP.D/I <- bd_i/layer_0/inst/u_core/u_dma/rp_esub_reg[2][0]__0/C
EP  -0.031 xdma_0_axi_aclk        lvl=2   bd_i/layer_0/inst/u_core/u_attn/g_lane[104].pv_p_reg[104]/DSP_A_B_DATA_INST/A[24] <- bd_i/layer_0/inst/u_core/g_kvslot[0].mem_reg_uram_22/CLK
EP  -0.031 xdma_0_axi_aclk        lvl=8   bd_i/layer_0/inst/u_core/dma_kind_reg[1]_replica_2/CE <- bd_i/layer_0/inst/u_core/sld_pend_reg[1][1][2]/C
EP  -0.030 xdma_0_axi_aclk        lvl=3   bd_i/layer_0/inst/u_core/smem_a_reg_bram_14/ADDRARDADDR[8] <- bd_i/layer_0/inst/u_core/cmd_op_reg[1]/C
EP  -0.030 xdma_0_axi_aclk        lvl=3   bd_i/layer_0/inst/u_core/krow_reg[1870]/D <- bd_i/layer_0/inst/u_core/st_reg[3]/C
EP  -0.030 xdma_0_axi_aclk        lvl=13  bd_i/layer_0/inst/u_core/u_alu/r_res_reg[50]/D <- bd_i/layer_0/inst/u_core/u_alu/op_q_reg[0]_rep__0/C
EP  -0.030 xdma_0_axi_aclk        lvl=2   bd_i/layer_0/inst/u_core/u_attn/g_lane[77].prod_reg[77]/DSP_A_B_DATA_INST/B[2] <- bd_i/layer_0/inst/u_core/g_kvslot[0].mem_reg_uram_16/CLK
EP  -0.030 xdma_0_axi_aclk        lvl=2   bd_i/layer_0/inst/u_core/u_dn/g_lane[117].kvm_acc_reg[117]/DSP_A_B_DATA_INST/B[4] <- bd_i/layer_0/inst/u_core/u_dn/row_reg[0]/C
EP  -0.030 xdma_0_axi_aclk        lvl=6   bd_i/layer_0/inst/u_core/u_dn/p_1_out__5__14/DSP_A_B_DATA_INST/A[7] <- bd_i/layer_0/inst/u_core/u_dn/g_lane[34].kvm_acc_reg[34]/DSP_OUTPUT_INST/CLK
EP  -0.030 xdma_0_axi_aclk        lvl=7   bd_i/layer_0/inst/u_core/u_dn/g_lane[26].kvm_acc_reg[26]/DSP_A_B_DATA_INST/A[21] <- bd_i/layer_0/inst/u_core/u_dn/g_lane[26].dec_p_reg[26]/DSP_OUTPUT_INST/CLK
EP  -0.030 xdma_0_axi_aclk        lvl=1   bd_i/layer_0/inst/u_core/u_dn/g_lane[118].dec_p_reg[118]/DSP_A_B_DATA_INST/A[0] <- bd_i/layer_0/inst/u_core/g_dnslot[1].mem_reg_uram_26/CLK
EP  -0.030 xdma_0_axi_aclk        lvl=2   bd_i/layer_0/inst/u_core/krow_reg[896]/D <- bd_i/layer_0/inst/u_core/kbyte_reg[0]/C
EP  -0.030 xdma_0_axi_aclk        lvl=9   bd_i/layer_0/inst/u_core/u_dma/fmem_reg_0_255_482_482/SP.A/I <- bd_i/layer_0/inst/u_core/u_dma/f_rp_reg[0]/C
EP  -0.030 xdma_0_axi_aclk        lvl=2   bd_i/layer_0/inst/u_core/u_attn/g_lane[33].prod_reg[33]/DSP_A_B_DATA_INST/B[0] <- bd_i/layer_0/inst/u_core/g_kvslot[0].mem_reg_uram_6/CLK
EP  -0.030 xdma_0_axi_aclk        lvl=4   bd_i/layer_0/inst/u_core/u_dma/fmem_reg_0_255_507_507/SP.C/I <- bd_i/layer_0/inst/u_core/u_dma/rp_esub_reg[2][0]__0/C
EP  -0.030 xdma_0_axi_aclk        lvl=4   bd_i/layer_0/inst/u_core/u_dma/fmem_reg_0_255_348_348/DP.B/I <- bd_i/layer_0/inst/u_core/u_dma/rp_esub_reg[2][1]__0/C
EP  -0.030 xdma_0_axi_aclk        lvl=10  bd_i/layer_0/inst/u_core/u_dn/p_1_out__4__4/DSP_A_B_DATA_INST/A[26] <- bd_i/layer_0/inst/u_core/u_dn/g_lane[38].kvm_acc_reg[38]/DSP_OUTPUT_INST/CLK
EP  -0.030 xdma_0_axi_aclk        lvl=1   bd_i/layer_0/inst/u_core/u_dn/g_lane[110].dec_p_reg[110]/DSP_A_B_DATA_INST/A[3] <- bd_i/layer_0/inst/u_core/g_dnslot[0].mem_reg_uram_24/CLK
EP  -0.030 xdma_0_axi_aclk        lvl=2   bd_i/layer_0/inst/u_core/u_attn/g_lane[63].pv_p_reg[63]/DSP_A_B_DATA_INST/A[23] <- bd_i/layer_0/inst/u_core/g_kvslot[1].mem_reg_uram_14/CLK
EP  -0.030 xdma_0_axi_aclk        lvl=2   bd_i/layer_0/inst/u_core/u_attn/g_lane[21].pv_p_reg[21]_i_2_psdsp_1/D <- bd_i/layer_0/inst/u_core/g_kvslot[1].mem_reg_uram_4/CLK
EP  -0.030 xdma_0_axi_aclk        lvl=8   bd_i/layer_0/inst/u_core/u_dn/p_0_out__17__1/DSP_A_B_DATA_INST/A[29] <- bd_i/layer_0/inst/u_core/u_dn/g_lane[121].kvm_acc_reg[121]/DSP_OUTPUT_INST/CLK
EP  -0.030 xdma_0_axi_aclk        lvl=0   bd_i/layer_0/inst/u_core/u_dn/g_lane[86].dm_p_reg[86]/DSP_PREADD_DATA_INST/DIN[18] <- bd_i/layer_0/inst/u_core/u_dn/vdata_q_reg[18]_rep__4/C
EP  -0.030 xdma_0_axi_aclk        lvl=1   bd_i/layer_0/inst/u_core/u_attn/g_lane[4].pv_p_reg[4]/DSP_A_B_DATA_INST/A[18] <- bd_i/layer_0/inst/u_core/kv_slot_r_reg/C
EP  -0.029 xdma_0_axi_aclk        lvl=11  bd_i/layer_0/inst/u_core/u_alu/ps_rnd_reg[15]/D <- bd_i/layer_0/inst/u_core/u_alu/maxp_reg[36]/C
EP  -0.029 xdma_0_axi_aclk        lvl=3   bd_i/axi_smc/inst/s02_entry_pipeline/s02_si_converter/inst/converter.wrap_narrow_inst/w_accum_reg[data][418]/CE <- bd_i/axi_smc/inst/s02_entry_pipeline/s02_mmu/inst/w_sreg/state_reg[m_valid_i]/C
EP  -0.029 xdma_0_axi_aclk        lvl=3   bd_i/axi_smc/inst/s02_entry_pipeline/s02_si_converter/inst/converter.wrap_narrow_inst/w_accum_reg[data][422]/CE <- bd_i/axi_smc/inst/s02_entry_pipeline/s02_mmu/inst/w_sreg/state_reg[m_valid_i]/C
EP  -0.029 xdma_0_axi_aclk        lvl=0   bd_i/layer_0/inst/u_core/u_dn/g_lane[34].o_acc_reg[34]/DSP_OUTPUT_INST/RSTP <- bd_i/layer_0/inst/u_core/u_dn/clr_r_reg[1]/C
EP  -0.029 xdma_0_axi_aclk        lvl=4   bd_i/layer_0/inst/u_core/u_dma/fmem_reg_0_255_409_409/SP.B/I <- bd_i/layer_0/inst/u_core/u_dma/rp_esub_reg[2][0]__0/C
EP  -0.029 xdma_0_axi_aclk        lvl=7   bd_i/layer_0/inst/u_core/u_topk/sel_reg[49]/D <- bd_i/layer_0/inst/u_core/aw_got_reg/C
EP  -0.029 xdma_0_axi_aclk        lvl=2   bd_i/layer_0/inst/u_core/u_dn/g_lane[26].o_acc_reg[26]/DSP_A_B_DATA_INST/B[9] <- bd_i/layer_0/inst/u_core/u_dn/row_reg[0]/C
EP  -0.029 xdma_0_axi_aclk        lvl=9   bd_i/layer_0/inst/u_core/u_dma/fmem_reg_0_255_91_91/SP.C/I <- bd_i/layer_0/inst/u_core/u_dma/f_rp_reg[0]/C
EP  -0.029 xdma_0_axi_aclk        lvl=11  bd_i/layer_0/inst/u_core/u_alu/ps_rnd_reg[9]/D <- bd_i/layer_0/inst/u_core/u_alu/maxp_reg[36]/C
EP  -0.029 xdma_0_axi_aclk        lvl=5   bd_i/layer_0/inst/u_core/u_dn/p_1_out__3__17/DSP_A_B_DATA_INST/A[23] <- bd_i/layer_0/inst/u_core/u_dn/p_1_out__2__17/DSP_OUTPUT_INST/CLK
EP  -0.029 xdma_0_axi_aclk        lvl=1   bd_i/layer_0/inst/u_core/u_dn/p_1_out__9__11/DSP_A_B_DATA_INST/A[13] <- bd_i/layer_0/inst/u_core/g_dnslot[0].mem_reg_uram_15/CLK
EP  -0.029 xdma_0_axi_aclk        lvl=4   bd_i/layer_0/inst/u_core/u_dma/fmem_reg_0_255_226_226/DP.D/I <- bd_i/layer_0/inst/u_core/u_dma/rp_esub_reg[2][1]__0/C
EP  -0.028 xdma_0_axi_aclk        lvl=7   bd_i/layer_0/inst/u_core/u_dn/g_lane[73].kvm_acc_reg[73]/DSP_A_B_DATA_INST/A[16] <- bd_i/layer_0/inst/u_core/u_dn/g_lane[73].dec_p_reg[73]/DSP_OUTPUT_INST/CLK
EP  -0.028 xdma_0_axi_aclk        lvl=9   bd_i/layer_0/inst/u_core/u_dma/fmem_reg_0_255_384_384/DP.D/I <- bd_i/layer_0/inst/u_core/u_dma/f_rp_reg[0]/C
EP  -0.028 xdma_0_axi_aclk        lvl=4   bd_i/layer_0/inst/u_core/u_dma/fmem_reg_0_255_423_423/DP.D/I <- bd_i/layer_0/inst/u_core/u_dma/rp_esub_reg[2][0]__0/C
EP  -0.028 xdma_0_axi_aclk        lvl=0   bd_i/layer_0/inst/u_core/u_dn/g_lane[89].o_acc_reg[89]/DSP_OUTPUT_INST/RSTP <- bd_i/layer_0/inst/u_core/u_dn/clr_r_reg[2]/C
EP  -0.028 xdma_0_axi_aclk        lvl=8   bd_i/layer_0/inst/u_core/u_dn/p_0_out__6__9/DSP_A_B_DATA_INST/A[20] <- bd_i/layer_0/inst/u_core/u_dn/g_lane[100].kvm_acc_reg[100]/DSP_OUTPUT_INST/CLK
EP  -0.028 xdma_0_axi_aclk        lvl=7   bd_i/layer_0/inst/u_core/u_dn/p_0_out__2__15/DSP_A_B_DATA_INST/A[14] <- bd_i/layer_0/inst/u_core/u_dn/g_lane[117].kvm_acc_reg[117]/DSP_OUTPUT_INST/CLK
EP  -0.027 xdma_0_axi_aclk        lvl=8   bd_i/layer_0/inst/u_core/cmd_cnt_reg[13]/CE <- bd_i/layer_0/inst/u_core/arg0_reg[6]/C
EP  -0.027 xdma_0_axi_aclk        lvl=8   bd_i/layer_0/inst/u_core/cmd_cnt_reg[14]/CE <- bd_i/layer_0/inst/u_core/arg0_reg[6]/C
EP  -0.027 xdma_0_axi_aclk        lvl=8   bd_i/layer_0/inst/u_core/cmd_cnt_reg[15]/CE <- bd_i/layer_0/inst/u_core/arg0_reg[6]/C
EP  -0.027 xdma_0_axi_aclk        lvl=8   bd_i/layer_0/inst/u_core/dma_kind_reg[0]_replica_8/CE <- bd_i/layer_0/inst/u_core/sld_pend_reg[1][1][2]/C
EP  -0.027 xdma_0_axi_aclk        lvl=1   bd_i/layer_0/inst/u_core/g_dnslot[1].mem_reg_uram_4/ADDR_A[8] <- bd_i/layer_0/inst/u_core/u_dma/slot_addr_reg[8]/C
EP  -0.027 xdma_0_axi_aclk        lvl=2   bd_i/layer_0/inst/u_core/u_attn/g_lane[64].prod_reg[64]/DSP_A_B_DATA_INST/B[13] <- bd_i/layer_0/inst/u_core/g_kvslot[0].mem_reg_uram_14/CLK
EP  -0.027 xdma_0_axi_aclk        lvl=2   bd_i/layer_0/inst/u_core/u_attn/g_lane[23].pv_p_reg[23]_i_3_psdsp/D <- bd_i/layer_0/inst/u_core/g_kvslot[1].mem_reg_uram_4/CLK
EP  -0.027 xdma_0_axi_aclk        lvl=9   bd_i/layer_0/inst/u_core/u_dn/g_lane[114].dm_p_reg[114]/DSP_A_B_DATA_INST/A[28] <- bd_i/layer_0/inst/u_core/u_dn/g_lane[114].kvm_acc_reg[114]/DSP_OUTPUT_INST/CLK
EP  -0.027 xdma_0_axi_aclk        lvl=0   bd_i/layer_0/inst/u_core/u_dn/g_lane[27].dm_p_reg[27]/DSP_PREADD_DATA_INST/DIN[15] <- bd_i/layer_0/inst/u_core/u_dn/vdata_q_reg[15]_rep__8/C
EP  -0.027 xdma_0_axi_aclk        lvl=4   bd_i/layer_0/inst/u_core/u_dma/fmem_reg_0_255_348_348/DP.C/I <- bd_i/layer_0/inst/u_core/u_dma/rp_esub_reg[2][1]__0/C
EP  -0.027 xdma_0_axi_aclk        lvl=2   bd_i/layer_0/inst/u_core/u_attn/g_lane[25].prod_reg[25]_i_3_psdsp/D <- bd_i/layer_0/inst/u_core/g_kvslot[1].mem_reg_uram_4/CLK
EP  -0.027 xdma_0_axi_aclk        lvl=5   bd_i/layer_0/inst/u_core/u_dn/p_1_out__11__9/DSP_A_B_DATA_INST/A[19] <- bd_i/layer_0/inst/u_core/u_dn/p_1_out__10__9/DSP_OUTPUT_INST/CLK
EP  -0.027 xdma_0_axi_aclk        lvl=2   bd_i/layer_0/inst/u_core/u_attn/g_lane[82].pv_p_reg[82]/DSP_A_B_DATA_INST/A[7] <- bd_i/layer_0/inst/u_core/g_kvslot[0].mem_reg_uram_18/CLK
EP  -0.026 xdma_0_axi_aclk        lvl=7   bd_i/layer_0/inst/u_core/eng_sa_reg[14]/CE <- bd_i/layer_0/inst/u_core/cmd_op_reg[0]/C
EP  -0.026 xdma_0_axi_aclk        lvl=1   bd_i/layer_0/inst/u_core/u_dn/g_lane[85].dec_p_reg[85]/DSP_A_B_DATA_INST/A[12] <- bd_i/layer_0/inst/u_core/g_dnslot[0].mem_reg_uram_19/CLK
EP  -0.026 xdma_0_axi_aclk        lvl=8   bd_i/layer_0/inst/u_core/dma_kind_reg[1]_replica_8/CE <- bd_i/layer_0/inst/u_core/sld_pend_reg[1][1][2]/C
EP  -0.026 xdma_0_axi_aclk        lvl=0   bd_i/layer_0/inst/u_core/u_dn/g_lane[77].dm_p_reg[77]/DSP_PREADD_DATA_INST/DIN[0] <- bd_i/layer_0/inst/u_core/u_dn/vdata_q_reg[0]_rep__9/C
EP  -0.026 xdma_0_axi_aclk        lvl=2   bd_i/layer_0/inst/u_core/u_attn/g_lane[32].prod_reg[32]/DSP_A_B_DATA_INST/B[11] <- bd_i/layer_0/inst/u_core/g_kvslot[1].mem_reg_uram_6/CLK
EP  -0.026 xdma_0_axi_aclk        lvl=2   bd_i/layer_0/inst/u_core/u_attn/g_lane[36].pv_p_reg[36]_i_3_psdsp/D <- bd_i/layer_0/inst/u_core/g_kvslot[0].mem_reg_uram_8/CLK
EP  -0.026 xdma_0_axi_aclk        lvl=9   bd_i/layer_0/inst/u_core/u_dma/fmem_reg_0_255_458_458/SP.A/I <- bd_i/layer_0/inst/u_core/u_dma/f_rp_reg[0]/C
EP  -0.026 xdma_0_axi_aclk        lvl=0   bd_i/layer_0/inst/u_core/u_dn/g_lane[120].dm_p_reg[120]/DSP_PREADD_DATA_INST/DIN[5] <- bd_i/layer_0/inst/u_core/u_dn/vdata_q_reg[5]_rep__6/C
EP  -0.026 xdma_0_axi_aclk        lvl=7   bd_i/layer_0/inst/u_core/u_dn/p_0_out__0__15/DSP_A_B_DATA_INST/A[21] <- bd_i/layer_0/inst/u_core/u_dn/g_lane[127].kvm_acc_reg[127]/DSP_OUTPUT_INST/CLK
EP  -0.026 xdma_0_axi_aclk        lvl=2   bd_i/layer_0/inst/u_core/at_qdata_reg[4]/CE <- bd_i/layer_0/inst/u_core/st_reg[2]/C
EP  -0.026 xdma_0_axi_aclk        lvl=9   bd_i/layer_0/inst/u_core/u_dma/fmem_reg_0_255_91_91/SP.B/I <- bd_i/layer_0/inst/u_core/u_dma/f_rp_reg[0]/C
EP  -0.026 xdma_0_axi_aclk        lvl=7   bd_i/layer_0/inst/u_core/u_dn/g_lane[26].kvm_acc_reg[26]/DSP_A_B_DATA_INST/A[18] <- bd_i/layer_0/inst/u_core/u_dn/g_lane[26].dec_p_reg[26]/DSP_OUTPUT_INST/CLK
EP  -0.026 xdma_0_axi_aclk        lvl=8   bd_i/layer_0/inst/u_core/u_dma/fmem_reg_0_255_456_456/SP.C/I <- bd_i/layer_0/inst/u_core/u_dma/f_rp_reg[0]/C
EP  -0.026 xdma_0_axi_aclk        lvl=2   bd_i/layer_0/inst/u_core/g_kvslot[0].mem_reg_uram_25/CAS_IN_ADDR_A[9] <- bd_i/layer_0/inst/u_core/u_dma/slot_addr_reg[9]/C
EP  -0.026 xdma_0_axi_aclk        lvl=0   bd_i/layer_0/inst/u_core/u_dn/g_lane[90].o_acc_reg[90]/DSP_OUTPUT_INST/RSTP <- bd_i/layer_0/inst/u_core/u_dn/clr_r_reg[2]/C
EP  -0.026 xdma_0_axi_aclk        lvl=2   bd_i/layer_0/inst/u_core/u_dn/g_lane[99].p2_p_reg[99]_i_3_psdsp_2/D <- bd_i/layer_0/inst/u_core/u_dn/row_reg[5]/C
EP  -0.026 xdma_0_axi_aclk        lvl=3   bd_i/layer_0/inst/u_core/u_dma/fmem_reg_0_255_210_210/SP.A/I <- bd_i/layer_0/inst/u_core/dma_kind_reg[1]_replica_23/C
EP  -0.026 xdma_0_axi_aclk        lvl=4   bd_i/layer_0/inst/u_core/u_dma/fmem_reg_0_255_214_214/DP.B/I <- bd_i/layer_0/inst/u_core/dma_kind_reg[0]_replica_13/C
EP  -0.026 xdma_0_axi_aclk        lvl=2   bd_i/layer_0/inst/u_core/u_attn/g_lane[21].pv_p_reg[21]_i_6_psdsp_1/D <- bd_i/layer_0/inst/u_core/g_kvslot[1].mem_reg_uram_4/CLK
EP  -0.026 xdma_0_axi_aclk        lvl=2   bd_i/layer_0/inst/u_core/u_attn/g_lane[160].pv_p_reg[160]/DSP_A_B_DATA_INST/A[23] <- bd_i/layer_0/inst/u_core/g_kvslot[1].mem_reg_uram_34/CLK
EP  -0.026 xdma_0_axi_aclk        lvl=14  bd_i/layer_0/inst/u_core/u_alu/r_res_reg[4]/D <- bd_i/layer_0/inst/u_core/u_alu/op_q_reg[0]_rep__0/C
EP  -0.026 xdma_0_axi_aclk        lvl=2   bd_i/layer_0/inst/u_core/u_attn/g_lane[64].prod_reg[64]/DSP_A_B_DATA_INST/B[6] <- bd_i/layer_0/inst/u_core/g_kvslot[0].mem_reg_uram_14/CLK
EP  -0.026 xdma_0_axi_aclk        lvl=2   bd_i/layer_0/inst/u_core/krow_reg[705]/D <- bd_i/layer_0/inst/u_core/kb_i_reg[2]/C
EP  -0.025 xdma_0_axi_aclk        lvl=2   bd_i/layer_0/inst/u_core/u_attn/g_lane[97].pv_p_reg[97]/DSP_A_B_DATA_INST/A[5] <- bd_i/layer_0/inst/u_core/g_kvslot[0].mem_reg_uram_20/CLK
EP  -0.025 xdma_0_axi_aclk        lvl=5   bd_i/layer_0/inst/u_core/u_dn/g_lane[8].dec_p_reg[8]/DSP_OUTPUT_INST/ALU_OUT[0] <- bd_i/layer_0/inst/u_core/u_dn/decay_r_reg[0][1]/C
EP  -0.025 xdma_0_axi_aclk        lvl=5   bd_i/layer_0/inst/u_core/u_dn/g_lane[8].dec_p_reg[8]/DSP_OUTPUT_INST/ALU_OUT[10] <- bd_i/layer_0/inst/u_core/u_dn/decay_r_reg[0][1]/C
EP  -0.025 xdma_0_axi_aclk        lvl=5   bd_i/layer_0/inst/u_core/u_dn/g_lane[8].dec_p_reg[8]/DSP_OUTPUT_INST/ALU_OUT[11] <- bd_i/layer_0/inst/u_core/u_dn/decay_r_reg[0][1]/C
EP  -0.025 xdma_0_axi_aclk        lvl=5   bd_i/layer_0/inst/u_core/u_dn/g_lane[8].dec_p_reg[8]/DSP_OUTPUT_INST/ALU_OUT[12] <- bd_i/layer_0/inst/u_core/u_dn/decay_r_reg[0][1]/C
EP  -0.025 xdma_0_axi_aclk        lvl=5   bd_i/layer_0/inst/u_core/u_dn/g_lane[8].dec_p_reg[8]/DSP_OUTPUT_INST/ALU_OUT[13] <- bd_i/layer_0/inst/u_core/u_dn/decay_r_reg[0][1]/C
EP  -0.025 xdma_0_axi_aclk        lvl=5   bd_i/layer_0/inst/u_core/u_dn/g_lane[8].dec_p_reg[8]/DSP_OUTPUT_INST/ALU_OUT[14] <- bd_i/layer_0/inst/u_core/u_dn/decay_r_reg[0][1]/C
EP  -0.025 xdma_0_axi_aclk        lvl=5   bd_i/layer_0/inst/u_core/u_dn/g_lane[8].dec_p_reg[8]/DSP_OUTPUT_INST/ALU_OUT[15] <- bd_i/layer_0/inst/u_core/u_dn/decay_r_reg[0][1]/C
EP  -0.025 xdma_0_axi_aclk        lvl=5   bd_i/layer_0/inst/u_core/u_dn/g_lane[8].dec_p_reg[8]/DSP_OUTPUT_INST/ALU_OUT[16] <- bd_i/layer_0/inst/u_core/u_dn/decay_r_reg[0][1]/C
EP  -0.025 xdma_0_axi_aclk        lvl=5   bd_i/layer_0/inst/u_core/u_dn/g_lane[8].dec_p_reg[8]/DSP_OUTPUT_INST/ALU_OUT[17] <- bd_i/layer_0/inst/u_core/u_dn/decay_r_reg[0][1]/C
EP  -0.025 xdma_0_axi_aclk        lvl=5   bd_i/layer_0/inst/u_core/u_dn/g_lane[8].dec_p_reg[8]/DSP_OUTPUT_INST/ALU_OUT[18] <- bd_i/layer_0/inst/u_core/u_dn/decay_r_reg[0][1]/C
EP  -0.025 xdma_0_axi_aclk        lvl=5   bd_i/layer_0/inst/u_core/u_dn/g_lane[8].dec_p_reg[8]/DSP_OUTPUT_INST/ALU_OUT[19] <- bd_i/layer_0/inst/u_core/u_dn/decay_r_reg[0][1]/C
EP  -0.025 xdma_0_axi_aclk        lvl=5   bd_i/layer_0/inst/u_core/u_dn/g_lane[8].dec_p_reg[8]/DSP_OUTPUT_INST/ALU_OUT[1] <- bd_i/layer_0/inst/u_core/u_dn/decay_r_reg[0][1]/C
EP  -0.025 xdma_0_axi_aclk        lvl=5   bd_i/layer_0/inst/u_core/u_dn/g_lane[8].dec_p_reg[8]/DSP_OUTPUT_INST/ALU_OUT[20] <- bd_i/layer_0/inst/u_core/u_dn/decay_r_reg[0][1]/C
EP  -0.025 xdma_0_axi_aclk        lvl=5   bd_i/layer_0/inst/u_core/u_dn/g_lane[8].dec_p_reg[8]/DSP_OUTPUT_INST/ALU_OUT[21] <- bd_i/layer_0/inst/u_core/u_dn/decay_r_reg[0][1]/C
EP  -0.025 xdma_0_axi_aclk        lvl=5   bd_i/layer_0/inst/u_core/u_dn/g_lane[8].dec_p_reg[8]/DSP_OUTPUT_INST/ALU_OUT[22] <- bd_i/layer_0/inst/u_core/u_dn/decay_r_reg[0][1]/C
EP  -0.025 xdma_0_axi_aclk        lvl=5   bd_i/layer_0/inst/u_core/u_dn/g_lane[8].dec_p_reg[8]/DSP_OUTPUT_INST/ALU_OUT[23] <- bd_i/layer_0/inst/u_core/u_dn/decay_r_reg[0][1]/C
EP  -0.025 xdma_0_axi_aclk        lvl=5   bd_i/layer_0/inst/u_core/u_dn/g_lane[8].dec_p_reg[8]/DSP_OUTPUT_INST/ALU_OUT[24] <- bd_i/layer_0/inst/u_core/u_dn/decay_r_reg[0][1]/C
EP  -0.025 xdma_0_axi_aclk        lvl=5   bd_i/layer_0/inst/u_core/u_dn/g_lane[8].dec_p_reg[8]/DSP_OUTPUT_INST/ALU_OUT[25] <- bd_i/layer_0/inst/u_core/u_dn/decay_r_reg[0][1]/C
EP  -0.025 xdma_0_axi_aclk        lvl=5   bd_i/layer_0/inst/u_core/u_dn/g_lane[8].dec_p_reg[8]/DSP_OUTPUT_INST/ALU_OUT[26] <- bd_i/layer_0/inst/u_core/u_dn/decay_r_reg[0][1]/C
EP  -0.025 xdma_0_axi_aclk        lvl=5   bd_i/layer_0/inst/u_core/u_dn/g_lane[8].dec_p_reg[8]/DSP_OUTPUT_INST/ALU_OUT[27] <- bd_i/layer_0/inst/u_core/u_dn/decay_r_reg[0][1]/C
EP  -0.025 xdma_0_axi_aclk        lvl=5   bd_i/layer_0/inst/u_core/u_dn/g_lane[8].dec_p_reg[8]/DSP_OUTPUT_INST/ALU_OUT[28] <- bd_i/layer_0/inst/u_core/u_dn/decay_r_reg[0][1]/C
EP  -0.025 xdma_0_axi_aclk        lvl=5   bd_i/layer_0/inst/u_core/u_dn/g_lane[8].dec_p_reg[8]/DSP_OUTPUT_INST/ALU_OUT[29] <- bd_i/layer_0/inst/u_core/u_dn/decay_r_reg[0][1]/C
EP  -0.025 xdma_0_axi_aclk        lvl=5   bd_i/layer_0/inst/u_core/u_dn/g_lane[8].dec_p_reg[8]/DSP_OUTPUT_INST/ALU_OUT[2] <- bd_i/layer_0/inst/u_core/u_dn/decay_r_reg[0][1]/C
EP  -0.025 xdma_0_axi_aclk        lvl=5   bd_i/layer_0/inst/u_core/u_dn/g_lane[8].dec_p_reg[8]/DSP_OUTPUT_INST/ALU_OUT[30] <- bd_i/layer_0/inst/u_core/u_dn/decay_r_reg[0][1]/C
EP  -0.025 xdma_0_axi_aclk        lvl=5   bd_i/layer_0/inst/u_core/u_dn/g_lane[8].dec_p_reg[8]/DSP_OUTPUT_INST/ALU_OUT[31] <- bd_i/layer_0/inst/u_core/u_dn/decay_r_reg[0][1]/C
EP  -0.025 xdma_0_axi_aclk        lvl=5   bd_i/layer_0/inst/u_core/u_dn/g_lane[8].dec_p_reg[8]/DSP_OUTPUT_INST/ALU_OUT[32] <- bd_i/layer_0/inst/u_core/u_dn/decay_r_reg[0][1]/C
EP  -0.025 xdma_0_axi_aclk        lvl=5   bd_i/layer_0/inst/u_core/u_dn/g_lane[8].dec_p_reg[8]/DSP_OUTPUT_INST/ALU_OUT[33] <- bd_i/layer_0/inst/u_core/u_dn/decay_r_reg[0][1]/C
EP  -0.025 xdma_0_axi_aclk        lvl=5   bd_i/layer_0/inst/u_core/u_dn/g_lane[8].dec_p_reg[8]/DSP_OUTPUT_INST/ALU_OUT[34] <- bd_i/layer_0/inst/u_core/u_dn/decay_r_reg[0][1]/C
EP  -0.025 xdma_0_axi_aclk        lvl=5   bd_i/layer_0/inst/u_core/u_dn/g_lane[8].dec_p_reg[8]/DSP_OUTPUT_INST/ALU_OUT[35] <- bd_i/layer_0/inst/u_core/u_dn/decay_r_reg[0][1]/C
EP  -0.025 xdma_0_axi_aclk        lvl=5   bd_i/layer_0/inst/u_core/u_dn/g_lane[8].dec_p_reg[8]/DSP_OUTPUT_INST/ALU_OUT[36] <- bd_i/layer_0/inst/u_core/u_dn/decay_r_reg[0][1]/C
EP  -0.025 xdma_0_axi_aclk        lvl=5   bd_i/layer_0/inst/u_core/u_dn/g_lane[8].dec_p_reg[8]/DSP_OUTPUT_INST/ALU_OUT[37] <- bd_i/layer_0/inst/u_core/u_dn/decay_r_reg[0][1]/C
EP  -0.025 xdma_0_axi_aclk        lvl=5   bd_i/layer_0/inst/u_core/u_dn/g_lane[8].dec_p_reg[8]/DSP_OUTPUT_INST/ALU_OUT[38] <- bd_i/layer_0/inst/u_core/u_dn/decay_r_reg[0][1]/C
EP  -0.025 xdma_0_axi_aclk        lvl=5   bd_i/layer_0/inst/u_core/u_dn/g_lane[8].dec_p_reg[8]/DSP_OUTPUT_INST/ALU_OUT[39] <- bd_i/layer_0/inst/u_core/u_dn/decay_r_reg[0][1]/C
EP  -0.025 xdma_0_axi_aclk        lvl=5   bd_i/layer_0/inst/u_core/u_dn/g_lane[8].dec_p_reg[8]/DSP_OUTPUT_INST/ALU_OUT[3] <- bd_i/layer_0/inst/u_core/u_dn/decay_r_reg[0][1]/C
EP  -0.025 xdma_0_axi_aclk        lvl=5   bd_i/layer_0/inst/u_core/u_dn/g_lane[8].dec_p_reg[8]/DSP_OUTPUT_INST/ALU_OUT[40] <- bd_i/layer_0/inst/u_core/u_dn/decay_r_reg[0][1]/C
EP  -0.025 xdma_0_axi_aclk        lvl=5   bd_i/layer_0/inst/u_core/u_dn/g_lane[8].dec_p_reg[8]/DSP_OUTPUT_INST/ALU_OUT[41] <- bd_i/layer_0/inst/u_core/u_dn/decay_r_reg[0][1]/C
EP  -0.025 xdma_0_axi_aclk        lvl=5   bd_i/layer_0/inst/u_core/u_dn/g_lane[8].dec_p_reg[8]/DSP_OUTPUT_INST/ALU_OUT[42] <- bd_i/layer_0/inst/u_core/u_dn/decay_r_reg[0][1]/C
EP  -0.025 xdma_0_axi_aclk        lvl=5   bd_i/layer_0/inst/u_core/u_dn/g_lane[8].dec_p_reg[8]/DSP_OUTPUT_INST/ALU_OUT[43] <- bd_i/layer_0/inst/u_core/u_dn/decay_r_reg[0][1]/C
EP  -0.025 xdma_0_axi_aclk        lvl=5   bd_i/layer_0/inst/u_core/u_dn/g_lane[8].dec_p_reg[8]/DSP_OUTPUT_INST/ALU_OUT[44] <- bd_i/layer_0/inst/u_core/u_dn/decay_r_reg[0][1]/C
EP  -0.025 xdma_0_axi_aclk        lvl=5   bd_i/layer_0/inst/u_core/u_dn/g_lane[8].dec_p_reg[8]/DSP_OUTPUT_INST/ALU_OUT[45] <- bd_i/layer_0/inst/u_core/u_dn/decay_r_reg[0][1]/C
EP  -0.025 xdma_0_axi_aclk        lvl=5   bd_i/layer_0/inst/u_core/u_dn/g_lane[8].dec_p_reg[8]/DSP_OUTPUT_INST/ALU_OUT[46] <- bd_i/layer_0/inst/u_core/u_dn/decay_r_reg[0][1]/C
EP  -0.025 xdma_0_axi_aclk        lvl=5   bd_i/layer_0/inst/u_core/u_dn/g_lane[8].dec_p_reg[8]/DSP_OUTPUT_INST/ALU_OUT[47] <- bd_i/layer_0/inst/u_core/u_dn/decay_r_reg[0][1]/C
EP  -0.025 xdma_0_axi_aclk        lvl=5   bd_i/layer_0/inst/u_core/u_dn/g_lane[8].dec_p_reg[8]/DSP_OUTPUT_INST/ALU_OUT[4] <- bd_i/layer_0/inst/u_core/u_dn/decay_r_reg[0][1]/C
EP  -0.025 xdma_0_axi_aclk        lvl=5   bd_i/layer_0/inst/u_core/u_dn/g_lane[8].dec_p_reg[8]/DSP_OUTPUT_INST/ALU_OUT[5] <- bd_i/layer_0/inst/u_core/u_dn/decay_r_reg[0][1]/C
EP  -0.025 xdma_0_axi_aclk        lvl=5   bd_i/layer_0/inst/u_core/u_dn/g_lane[8].dec_p_reg[8]/DSP_OUTPUT_INST/ALU_OUT[6] <- bd_i/layer_0/inst/u_core/u_dn/decay_r_reg[0][1]/C
EP  -0.025 xdma_0_axi_aclk        lvl=5   bd_i/layer_0/inst/u_core/u_dn/g_lane[8].dec_p_reg[8]/DSP_OUTPUT_INST/ALU_OUT[7] <- bd_i/layer_0/inst/u_core/u_dn/decay_r_reg[0][1]/C
EP  -0.025 xdma_0_axi_aclk        lvl=5   bd_i/layer_0/inst/u_core/u_dn/g_lane[8].dec_p_reg[8]/DSP_OUTPUT_INST/ALU_OUT[8] <- bd_i/layer_0/inst/u_core/u_dn/decay_r_reg[0][1]/C
EP  -0.025 xdma_0_axi_aclk        lvl=5   bd_i/layer_0/inst/u_core/u_dn/g_lane[8].dec_p_reg[8]/DSP_OUTPUT_INST/ALU_OUT[9] <- bd_i/layer_0/inst/u_core/u_dn/decay_r_reg[0][1]/C
EP  -0.025 xdma_0_axi_aclk        lvl=2   bd_i/layer_0/inst/u_core/g_kvslot[0].mem_reg_uram_31/CAS_IN_ADDR_A[10] <- bd_i/layer_0/inst/u_core/u_dma/slot_addr_reg[10]/C
EP  -0.025 xdma_0_axi_aclk        lvl=1   bd_i/layer_0/inst/u_core/u_dn/g_lane[108].dec_p_reg[108]/DSP_A_B_DATA_INST/A[10] <- bd_i/layer_0/inst/u_core/g_dnslot[1].mem_reg_uram_24/CLK
EP  -0.025 xdma_0_axi_aclk        lvl=5   bd_i/layer_0/inst/u_core/u_dma/fmem_reg_0_255_42_42/DP.A/I <- bd_i/layer_0/inst/u_core/kv_dmaq_reg[42]/C
EP  -0.025 xdma_0_axi_aclk        lvl=2   bd_i/layer_0/inst/u_core/cs_wd_reg[17]/CE <- bd_i/layer_0/inst/u_core/st_reg[5]/C
EP  -0.025 xdma_0_axi_aclk        lvl=2   bd_i/layer_0/inst/u_core/cs_wd_reg[18]/CE <- bd_i/layer_0/inst/u_core/st_reg[5]/C
EP  -0.025 xdma_0_axi_aclk        lvl=4   bd_i/layer_0/inst/u_core/u_dma/fmem_reg_0_255_241_241/DP.D/I <- bd_i/layer_0/inst/u_core/u_dma/rp_esub_reg[2][1]__0/C
EP  -0.025 xdma_0_axi_aclk        lvl=3   bd_i/layer_0/inst/u_core/smem_a_reg_bram_6/ADDRARDADDR[6] <- bd_i/layer_0/inst/u_core/cmd_op_reg[1]/C
EP  -0.025 xdma_0_axi_aclk        lvl=2   bd_i/layer_0/inst/u_core/u_attn/g_lane[21].pv_p_reg[21]_i_6_psdsp/D <- bd_i/layer_0/inst/u_core/g_kvslot[1].mem_reg_uram_4/CLK
EP  -0.025 xdma_0_axi_aclk        lvl=2   bd_i/layer_0/inst/u_core/g_kvslot[0].mem_reg_uram_27/CAS_IN_DIN_B[42] <- bd_i/layer_0/inst/u_core/dma_act_reg_rep__6/C
EP  -0.024 xdma_0_axi_aclk        lvl=2   bd_i/layer_0/inst/u_core/u_attn/g_lane[101].pv_p_reg[101]/DSP_A_B_DATA_INST/A[24] <- bd_i/layer_0/inst/u_core/g_kvslot[0].mem_reg_uram_22/CLK
EP  -0.024 xdma_0_axi_aclk        lvl=4   bd_i/layer_0/inst/u_core/krow_reg[784]/D <- bd_i/layer_0/inst/u_core/kb_i_reg[2]/C
EP  -0.024 xdma_0_axi_aclk        lvl=1   bd_i/layer_0/inst/u_core/u_dn/g_lane[110].dec_p_reg[110]/DSP_A_B_DATA_INST/A[22] <- bd_i/layer_0/inst/u_core/g_dnslot[1].mem_reg_uram_24/CLK
EP  -0.024 xdma_0_axi_aclk        lvl=2   bd_i/layer_0/inst/u_core/u_attn/g_lane[181].prod_reg[181]/DSP_A_B_DATA_INST/B[2] <- bd_i/layer_0/inst/u_core/g_kvslot[0].mem_reg_uram_40/CLK
EP  -0.024 xdma_0_axi_aclk        lvl=0   bd_i/layer_0/inst/u_core/u_dn/g_lane[36].o_acc_reg[36]/DSP_OUTPUT_INST/RSTP <- bd_i/layer_0/inst/u_core/u_dn/clr_r_reg[1]/C
EP  -0.024 xdma_0_axi_aclk        lvl=0   bd_i/layer_0/inst/u_core/u_dn/g_lane[69].kvm_acc_reg[69]/DSP_OUTPUT_INST/RSTP <- bd_i/layer_0/inst/u_core/u_dn/clr_r_reg[2]/C
EP  -0.024 xdma_0_axi_aclk        lvl=8   bd_i/layer_0/inst/u_core/u_dn/p_1_out__20/DSP_A_B_DATA_INST/A[20] <- bd_i/layer_0/inst/u_core/u_dn/g_lane[20].kvm_acc_reg[20]/DSP_OUTPUT_INST/CLK
EP  -0.024 xdma_0_axi_aclk        lvl=1   bd_i/layer_0/inst/u_core/u_dn/g_lane[108].dec_p_reg[108]/DSP_A_B_DATA_INST/A[2] <- bd_i/layer_0/inst/u_core/g_dnslot[0].mem_reg_uram_24/CLK
EP  -0.024 xdma_0_axi_aclk        lvl=2   bd_i/layer_0/inst/u_core/u_attn/g_lane[34].prod_reg[34]/DSP_A_B_DATA_INST/B[8] <- bd_i/layer_0/inst/u_core/g_kvslot[0].mem_reg_uram_6/CLK
EP  -0.024 xdma_0_axi_aclk        lvl=2   bd_i/layer_0/inst/u_core/u_attn/g_lane[127].prod_reg[127]/DSP_A_B_DATA_INST/B[6] <- bd_i/layer_0/inst/u_core/g_kvslot[0].mem_reg_uram_28/CLK
EP  -0.024 xdma_0_axi_aclk        lvl=8   bd_i/layer_0/inst/u_core/u_dn/g_lane[120].kvm_acc_reg[120]/DSP_A_B_DATA_INST/A[14] <- bd_i/layer_0/inst/u_core/u_dn/g_lane[120].dec_p_reg[120]/DSP_OUTPUT_INST/CLK
EP  -0.023 xdma_0_axi_aclk        lvl=0   bd_i/layer_0/inst/u_core/u_dn/p_0_out__6__4/DSP_PREADD_DATA_INST/DIN[12] <- bd_i/layer_0/inst/u_core/u_dn/vdata_q_reg[12]_rep__3/C
EP  -0.023 xdma_0_axi_aclk        lvl=2   bd_i/layer_0/inst/u_core/u_topk/ent_reg[9][9]/CE <- bd_i/layer_0/inst/u_core/arg0_reg[0]/C
EP  -0.023 xdma_0_axi_aclk        lvl=2   bd_i/layer_0/inst/u_core/u_attn/g_lane[32].prod_reg[32]/DSP_A_B_DATA_INST/B[1] <- bd_i/layer_0/inst/u_core/g_kvslot[0].mem_reg_uram_6/CLK
EP  -0.023 xdma_0_axi_aclk        lvl=0   bd_i/layer_0/inst/u_core/u_dn/g_lane[79].dm_p_reg[79]/DSP_PREADD_DATA_INST/DIN[9] <- bd_i/layer_0/inst/u_core/u_dn/vdata_q_reg[9]_rep__4/C
EP  -0.023 xdma_0_axi_aclk        lvl=2   bd_i/layer_0/inst/u_core/g_dnslot[0].mem_reg_uram_6/ADDR_A[10] <- bd_i/layer_0/inst/u_core/dma_kind_reg[0]_replica_16/C
EP  -0.023 xdma_0_axi_aclk        lvl=1   bd_i/layer_0/inst/u_core/u_dn/g_lane[88].dec_p_reg[88]/DSP_A_B_DATA_INST/A[27] <- bd_i/layer_0/inst/u_core/g_dnslot[1].mem_reg_uram_19/CLK
EP  -0.023 xdma_0_axi_aclk        lvl=1   bd_i/layer_0/inst/u_core/u_dn/g_lane[110].dec_p_reg[110]/DSP_A_B_DATA_INST/A[25] <- bd_i/layer_0/inst/u_core/g_dnslot[1].mem_reg_uram_24/CLK
EP  -0.023 xdma_0_axi_aclk        lvl=9   bd_i/layer_0/inst/u_core/u_dn/p_1_out__5__14/DSP_A_B_DATA_INST/A[22] <- bd_i/layer_0/inst/u_core/u_dn/g_lane[34].kvm_acc_reg[34]/DSP_OUTPUT_INST/CLK
EP  -0.023 xdma_0_axi_aclk        lvl=2   bd_i/layer_0/inst/u_core/u_attn/g_lane[35].pv_p_reg[35]/DSP_A_B_DATA_INST/A[9] <- bd_i/layer_0/inst/u_core/g_kvslot[1].mem_reg_uram_6/CLK
EP  -0.023 xdma_0_axi_aclk        lvl=2   bd_i/layer_0/inst/u_core/krow_reg[527]/D <- bd_i/layer_0/inst/u_core/kb_i_reg[2]/C
EP  -0.023 xdma_0_axi_aclk        lvl=8   bd_i/layer_0/inst/u_core/u_dma/fmem_reg_0_255_456_456/SP.B/I <- bd_i/layer_0/inst/u_core/u_dma/f_rp_reg[0]/C
EP  -0.023 xdma_0_axi_aclk        lvl=3   bd_i/axi_smc/inst/s02_entry_pipeline/s02_si_converter/inst/converter.wrap_narrow_inst/w_accum_reg[data][452]/CE <- bd_i/axi_smc/inst/s02_entry_pipeline/s02_mmu/inst/w_sreg/state_reg[m_valid_i]/C
EP  -0.023 xdma_0_axi_aclk        lvl=4   bd_i/layer_0/inst/u_core/u_dma/fmem_reg_0_255_214_214/DP.C/I <- bd_i/layer_0/inst/u_core/dma_kind_reg[0]_replica_13/C
EP  -0.023 xdma_0_axi_aclk        lvl=1   bd_i/layer_0/inst/u_core/u_dn/g_lane[57].p2_p_reg[57]/DSP_A_B_DATA_INST/CEB2 <- bd_i/layer_0/inst/u_core/u_dn/st_reg[4]/C
EP  -0.023 xdma_0_axi_aclk        lvl=2   bd_i/layer_0/inst/u_core/u_attn/g_lane[160].pv_p_reg[160]/DSP_A_B_DATA_INST/A[11] <- bd_i/layer_0/inst/u_core/g_kvslot[1].mem_reg_uram_34/CLK
EP  -0.023 xdma_0_axi_aclk        lvl=2   bd_i/layer_0/inst/u_core/u_attn/g_lane[36].pv_p_reg[36]_i_7_psdsp_1/D <- bd_i/layer_0/inst/u_core/g_kvslot[0].mem_reg_uram_8/CLK
EP  -0.023 xdma_0_axi_aclk        lvl=2   bd_i/layer_0/inst/u_core/u_topk/ent_reg[9][10]/CE <- bd_i/layer_0/inst/u_core/arg0_reg[0]/C
EP  -0.023 xdma_0_axi_aclk        lvl=2   bd_i/layer_0/inst/u_core/u_topk/ent_reg[9][7]/CE <- bd_i/layer_0/inst/u_core/arg0_reg[0]/C
EP  -0.022 xdma_0_axi_aclk        lvl=2   bd_i/layer_0/inst/u_core/krow_reg[217]/CE <- bd_i/layer_0/inst/u_core/kb_i_reg[2]/C
EP  -0.022 xdma_0_axi_aclk        lvl=8   bd_i/layer_0/inst/u_core/dma_kind_reg[0]_replica_21/CE <- bd_i/layer_0/inst/u_core/sld_pend_reg[1][1][2]/C
EP  -0.022 xdma_0_axi_aclk        lvl=5   bd_i/layer_0/inst/u_core/u_dma/fmem_reg_0_255_63_63/DP.A/I <- bd_i/layer_0/inst/u_core/dma_slot_reg_replica_22/C
EP  -0.022 xdma_0_axi_aclk        lvl=0   bd_i/layer_0/inst/u_core/u_dn/g_lane[23].dm_p_reg[23]/DSP_PREADD_DATA_INST/DIN[1] <- bd_i/layer_0/inst/u_core/u_dn/vdata_q_reg[1]_rep__8/C
EP  -0.022 xdma_0_axi_aclk        lvl=8   bd_i/layer_0/inst/u_core/u_dn/p_1_out__7__4/DSP_A_B_DATA_INST/A[22] <- bd_i/layer_0/inst/u_core/u_dn/g_lane[119].kvm_acc_reg[119]/DSP_OUTPUT_INST/CLK
EP  -0.022 xdma_0_axi_aclk        lvl=3   bd_i/axi_smc/inst/s02_entry_pipeline/s02_mmu/inst/aw_sreg/m_vector_i_reg[1075]/CE <- bd_i/axi_smc/inst/s02_entry_pipeline/s02_mmu/inst/FSM_sequential_gen_endpoint.w_state_reg[0]/C
EP  -0.022 xdma_0_axi_aclk        lvl=3   bd_i/axi_smc/inst/s02_entry_pipeline/s02_mmu/inst/aw_sreg/m_vector_i_reg[1076]/CE <- bd_i/axi_smc/inst/s02_entry_pipeline/s02_mmu/inst/FSM_sequential_gen_endpoint.w_state_reg[0]/C
EP  -0.022 xdma_0_axi_aclk        lvl=3   bd_i/axi_smc/inst/s02_entry_pipeline/s02_mmu/inst/aw_sreg/m_vector_i_reg[1077]/CE <- bd_i/axi_smc/inst/s02_entry_pipeline/s02_mmu/inst/FSM_sequential_gen_endpoint.w_state_reg[0]/C
EP  -0.022 xdma_0_axi_aclk        lvl=3   bd_i/axi_smc/inst/s02_entry_pipeline/s02_mmu/inst/aw_sreg/m_vector_i_reg[1078]/CE <- bd_i/axi_smc/inst/s02_entry_pipeline/s02_mmu/inst/FSM_sequential_gen_endpoint.w_state_reg[0]/C
EP  -0.022 xdma_0_axi_aclk        lvl=3   bd_i/axi_smc/inst/s02_entry_pipeline/s02_mmu/inst/aw_sreg/m_vector_i_reg[1079]/CE <- bd_i/axi_smc/inst/s02_entry_pipeline/s02_mmu/inst/FSM_sequential_gen_endpoint.w_state_reg[0]/C
EP  -0.022 xdma_0_axi_aclk        lvl=3   bd_i/axi_smc/inst/s02_entry_pipeline/s02_mmu/inst/aw_sreg/m_vector_i_reg[1080]/CE <- bd_i/axi_smc/inst/s02_entry_pipeline/s02_mmu/inst/FSM_sequential_gen_endpoint.w_state_reg[0]/C
EP  -0.022 xdma_0_axi_aclk        lvl=3   bd_i/axi_smc/inst/s02_entry_pipeline/s02_mmu/inst/aw_sreg/m_vector_i_reg[1087]/CE <- bd_i/axi_smc/inst/s02_entry_pipeline/s02_mmu/inst/FSM_sequential_gen_endpoint.w_state_reg[0]/C
EP  -0.022 xdma_0_axi_aclk        lvl=3   bd_i/axi_smc/inst/s02_entry_pipeline/s02_mmu/inst/aw_sreg/m_vector_i_reg[1088]/CE <- bd_i/axi_smc/inst/s02_entry_pipeline/s02_mmu/inst/FSM_sequential_gen_endpoint.w_state_reg[0]/C
EP  -0.022 xdma_0_axi_aclk        lvl=3   bd_i/axi_smc/inst/s02_entry_pipeline/s02_si_converter/inst/converter.wrap_narrow_inst/w_accum_reg[data][411]/CE <- bd_i/axi_smc/inst/s02_entry_pipeline/s02_mmu/inst/w_sreg/state_reg[m_valid_i]/C
EP  -0.022 xdma_0_axi_aclk        lvl=3   bd_i/axi_smc/inst/s02_entry_pipeline/s02_si_converter/inst/converter.wrap_narrow_inst/w_accum_reg[data][412]/CE <- bd_i/axi_smc/inst/s02_entry_pipeline/s02_mmu/inst/w_sreg/state_reg[m_valid_i]/C
EP  -0.022 xdma_0_axi_aclk        lvl=3   bd_i/axi_smc/inst/s02_entry_pipeline/s02_si_converter/inst/converter.wrap_narrow_inst/w_accum_reg[data][413]/CE <- bd_i/axi_smc/inst/s02_entry_pipeline/s02_mmu/inst/w_sreg/state_reg[m_valid_i]/C
EP  -0.022 xdma_0_axi_aclk        lvl=2   bd_i/layer_0/inst/u_core/u_attn/g_lane[189].pv_p_reg[189]_i_1_psdsp/D <- bd_i/layer_0/inst/u_core/g_kvslot[1].mem_reg_uram_42/CLK
EP  -0.022 xdma_0_axi_aclk        lvl=4   bd_i/layer_0/inst/u_core/u_dma/fmem_reg_0_255_421_421/SP.C/I <- bd_i/layer_0/inst/u_core/dma_kind_reg[1]_replica_3/C
EP  -0.022 xdma_0_axi_aclk        lvl=8   bd_i/layer_0/inst/u_core/cmd_cnt_reg[5]/CE <- bd_i/layer_0/inst/u_core/arg0_reg[6]/C
EP  -0.022 xdma_0_axi_aclk        lvl=8   bd_i/layer_0/inst/u_core/cmd_cnt_reg[6]/CE <- bd_i/layer_0/inst/u_core/arg0_reg[6]/C
EP  -0.022 xdma_0_axi_aclk        lvl=8   bd_i/layer_0/inst/u_core/cmd_cnt_reg[7]/CE <- bd_i/layer_0/inst/u_core/arg0_reg[6]/C
EP  -0.022 xdma_0_axi_aclk        lvl=8   bd_i/layer_0/inst/u_core/cmd_cnt_reg[8]/CE <- bd_i/layer_0/inst/u_core/arg0_reg[6]/C
EP  -0.022 xdma_0_axi_aclk        lvl=2   bd_i/layer_0/inst/u_core/u_attn/g_lane[102].pv_p_reg[102]/DSP_A_B_DATA_INST/A[0] <- bd_i/layer_0/inst/u_core/g_kvslot[0].mem_reg_uram_22/CLK
EP  -0.022 xdma_0_axi_aclk        lvl=4   bd_i/layer_0/inst/u_core/u_dma/fmem_reg_0_255_255_255/DP.A/I <- bd_i/layer_0/inst/u_core/u_dma/rp_esub_reg[2][1]__0/C
EP  -0.021 xdma_0_axi_aclk        lvl=2   bd_i/layer_0/inst/u_core/u_dn/g_lane[1].o_acc_reg[1]/DSP_A_B_DATA_INST/B[10] <- bd_i/layer_0/inst/u_core/u_dn/row_reg[0]/C
EP  -0.021 xdma_0_axi_aclk        lvl=1   bd_i/layer_0/inst/u_core/u_dn/g_lane[111].dec_p_reg[111]/DSP_A_B_DATA_INST/A[0] <- bd_i/layer_0/inst/u_core/g_dnslot[0].mem_reg_uram_24/CLK
EP  -0.021 xdma_0_axi_aclk        lvl=1   bd_i/layer_0/inst/u_core/u_dn/p_1_out__5__18/DSP_A_B_DATA_INST/A[6] <- bd_i/layer_0/inst/u_core/g_dnslot[0].mem_reg_uram_28/CLK
EP  -0.021 xdma_0_axi_aclk        lvl=2   bd_i/layer_0/inst/u_core/u_attn/g_lane[95].pv_p_reg[95]/DSP_A_B_DATA_INST/A[3] <- bd_i/layer_0/inst/u_core/g_kvslot[0].mem_reg_uram_20/CLK
EP  -0.021 xdma_0_axi_aclk        lvl=1   bd_i/layer_0/inst/u_core/u_dn/g_lane[67].dec_p_reg[67]/DSP_A_B_DATA_INST/A[1] <- bd_i/layer_0/inst/u_core/g_dnslot[0].mem_reg_uram_14/CLK
EP  -0.021 xdma_0_axi_aclk        lvl=2   bd_i/layer_0/inst/u_core/u_attn/g_lane[133].prod_reg[133]/DSP_A_B_DATA_INST/B[3] <- bd_i/layer_0/inst/u_core/g_kvslot[1].mem_reg_uram_28/CLK
EP  -0.021 xdma_0_axi_aclk        lvl=4   bd_i/layer_0/inst/u_core/u_dma/fmem_reg_0_255_311_311/DP.A/I <- bd_i/layer_0/inst/u_core/u_dma/rp_esub_reg[2][1]__0/C
EP  -0.021 xdma_0_axi_aclk        lvl=2   bd_i/layer_0/inst/u_core/u_attn/g_lane[184].pv_p_reg[184]/DSP_A_B_DATA_INST/A[5] <- bd_i/layer_0/inst/u_core/g_kvslot[1].mem_reg_uram_40/CLK
EP  -0.021 xdma_0_axi_aclk        lvl=7   bd_i/layer_0/inst/u_core/eng_sa_reg[3]/CE <- bd_i/layer_0/inst/u_core/cmd_op_reg[0]/C
EP  -0.021 xdma_0_axi_aclk        lvl=0   bd_i/layer_0/inst/u_core/u_dn/g_lane[87].o_acc_reg[87]/DSP_OUTPUT_INST/RSTP <- bd_i/layer_0/inst/u_core/u_dn/clr_r_reg[2]/C
EP  -0.021 xdma_0_axi_aclk        lvl=2   bd_i/layer_0/inst/u_core/u_dn/g_lane[89].o_acc_reg[89]/DSP_A_B_DATA_INST/B[7] <- bd_i/layer_0/inst/u_core/u_dn/row_reg[1]/C
EP  -0.021 xdma_0_axi_aclk        lvl=2   bd_i/layer_0/inst/u_core/krow_reg[1315]/D <- bd_i/layer_0/inst/u_core/kb_i_reg[2]/C
EP  -0.021 xdma_0_axi_aclk        lvl=10  bd_i/layer_0/inst/u_core/u_dn/g_lane[124].sf_row_reg[124][0]/R <- bd_i/layer_0/inst/u_core/dn_rdq_reg[1991]/C
EP  -0.021 xdma_0_axi_aclk        lvl=10  bd_i/layer_0/inst/u_core/u_dn/g_lane[124].sf_row_reg[124][10]/R <- bd_i/layer_0/inst/u_core/dn_rdq_reg[1991]/C
EP  -0.021 xdma_0_axi_aclk        lvl=10  bd_i/layer_0/inst/u_core/u_dn/g_lane[124].sf_row_reg[124][11]/R <- bd_i/layer_0/inst/u_core/dn_rdq_reg[1991]/C
EP  -0.021 xdma_0_axi_aclk        lvl=10  bd_i/layer_0/inst/u_core/u_dn/g_lane[124].sf_row_reg[124][14]/R <- bd_i/layer_0/inst/u_core/dn_rdq_reg[1991]/C
EP  -0.021 xdma_0_axi_aclk        lvl=10  bd_i/layer_0/inst/u_core/u_dn/g_lane[124].sf_row_reg[124][1]/R <- bd_i/layer_0/inst/u_core/dn_rdq_reg[1991]/C
EP  -0.021 xdma_0_axi_aclk        lvl=10  bd_i/layer_0/inst/u_core/u_dn/g_lane[124].sf_row_reg[124][8]/R <- bd_i/layer_0/inst/u_core/dn_rdq_reg[1991]/C
EP  -0.021 xdma_0_axi_aclk        lvl=10  bd_i/layer_0/inst/u_core/u_dn/g_lane[124].sf_row_reg[124][9]/R <- bd_i/layer_0/inst/u_core/dn_rdq_reg[1991]/C
EP  -0.021 xdma_0_axi_aclk        lvl=6   bd_i/layer_0/inst/u_core/u_dn/g_lane[117].kvm_acc_reg[117]/DSP_A_B_DATA_INST/A[12] <- bd_i/layer_0/inst/u_core/u_dn/g_lane[117].dec_p_reg[117]/DSP_OUTPUT_INST/CLK
EP  -0.021 xdma_0_axi_aclk        lvl=3   bd_i/layer_0/inst/u_core/g_kvslot[0].mem_reg_uram_3/CAS_IN_ADDR_A[3] <- bd_i/layer_0/inst/u_core/dma_slot_reg_replica/C
EP  -0.021 xdma_0_axi_aclk        lvl=2   bd_i/layer_0/inst/u_core/u_dn/g_lane[4].o_acc_reg[4]/DSP_A_B_DATA_INST/B[14] <- bd_i/layer_0/inst/u_core/u_dn/row_reg[0]/C
EP  -0.020 xdma_0_axi_aclk        lvl=2   bd_i/layer_0/inst/u_core/u_attn/g_lane[36].pv_p_reg[36]_i_1_psdsp_1/D <- bd_i/layer_0/inst/u_core/g_kvslot[0].mem_reg_uram_8/CLK
EP  -0.020 xdma_0_axi_aclk        lvl=3   bd_i/layer_0/inst/u_core/g_cvslot[1].wm_reg_uram_1/CAS_IN_ADDR_A[0] <- bd_i/layer_0/inst/u_core/dma_act_reg_rep__31/C
EP  -0.020 xdma_0_axi_aclk        lvl=5   bd_i/layer_0/inst/u_core/u_dma/fmem_reg_0_255_63_63/DP.B/I <- bd_i/layer_0/inst/u_core/dma_slot_reg_replica_22/C
EP  -0.020 xdma_0_axi_aclk        lvl=4   bd_i/layer_0/inst/u_core/u_dma/fmem_reg_0_255_383_383/DP.A/I <- bd_i/layer_0/inst/u_core/u_dma/rp_esub_reg[2][1]__0/C
EP  -0.020 xdma_0_axi_aclk        lvl=11  bd_i/layer_0/inst/u_core/u_alu/ps_rnd_reg[23]/D <- bd_i/layer_0/inst/u_core/u_alu/maxp_reg[36]/C
EP  -0.020 xdma_0_axi_aclk        lvl=2   bd_i/layer_0/inst/u_core/krow_reg[1509]/D <- bd_i/layer_0/inst/u_core/kb_i_reg[2]/C
EP  -0.020 xdma_0_axi_aclk        lvl=2   bd_i/layer_0/inst/u_core/u_attn/g_lane[64].prod_reg[64]/DSP_A_B_DATA_INST/B[0] <- bd_i/layer_0/inst/u_core/g_kvslot[0].mem_reg_uram_14/CLK
EP  -0.020 xdma_0_axi_aclk        lvl=5   bd_i/layer_0/inst/u_core/u_dn/p_0_out__1__0/DSP_OUTPUT_INST/ALU_OUT[10] <- bd_i/layer_0/inst/u_core/u_dn/beta_r_reg[0][3]/C
EP  -0.020 xdma_0_axi_aclk        lvl=5   bd_i/layer_0/inst/u_core/u_dn/p_0_out__1__0/DSP_OUTPUT_INST/ALU_OUT[11] <- bd_i/layer_0/inst/u_core/u_dn/beta_r_reg[0][3]/C
EP  -0.020 xdma_0_axi_aclk        lvl=5   bd_i/layer_0/inst/u_core/u_dn/p_0_out__1__0/DSP_OUTPUT_INST/ALU_OUT[12] <- bd_i/layer_0/inst/u_core/u_dn/beta_r_reg[0][3]/C
EP  -0.020 xdma_0_axi_aclk        lvl=5   bd_i/layer_0/inst/u_core/u_dn/p_0_out__1__0/DSP_OUTPUT_INST/ALU_OUT[13] <- bd_i/layer_0/inst/u_core/u_dn/beta_r_reg[0][3]/C
EP  -0.020 xdma_0_axi_aclk        lvl=5   bd_i/layer_0/inst/u_core/u_dn/p_0_out__1__0/DSP_OUTPUT_INST/ALU_OUT[14] <- bd_i/layer_0/inst/u_core/u_dn/beta_r_reg[0][3]/C
EP  -0.020 xdma_0_axi_aclk        lvl=5   bd_i/layer_0/inst/u_core/u_dn/p_0_out__1__0/DSP_OUTPUT_INST/ALU_OUT[15] <- bd_i/layer_0/inst/u_core/u_dn/beta_r_reg[0][3]/C
EP  -0.020 xdma_0_axi_aclk        lvl=5   bd_i/layer_0/inst/u_core/u_dn/p_0_out__1__0/DSP_OUTPUT_INST/ALU_OUT[16] <- bd_i/layer_0/inst/u_core/u_dn/beta_r_reg[0][3]/C
EP  -0.020 xdma_0_axi_aclk        lvl=5   bd_i/layer_0/inst/u_core/u_dn/p_0_out__1__0/DSP_OUTPUT_INST/ALU_OUT[17] <- bd_i/layer_0/inst/u_core/u_dn/beta_r_reg[0][3]/C
EP  -0.020 xdma_0_axi_aclk        lvl=5   bd_i/layer_0/inst/u_core/u_dn/p_0_out__1__0/DSP_OUTPUT_INST/ALU_OUT[18] <- bd_i/layer_0/inst/u_core/u_dn/beta_r_reg[0][3]/C
EP  -0.020 xdma_0_axi_aclk        lvl=5   bd_i/layer_0/inst/u_core/u_dn/p_0_out__1__0/DSP_OUTPUT_INST/ALU_OUT[19] <- bd_i/layer_0/inst/u_core/u_dn/beta_r_reg[0][3]/C
EP  -0.020 xdma_0_axi_aclk        lvl=5   bd_i/layer_0/inst/u_core/u_dn/p_0_out__1__0/DSP_OUTPUT_INST/ALU_OUT[20] <- bd_i/layer_0/inst/u_core/u_dn/beta_r_reg[0][3]/C
EP  -0.020 xdma_0_axi_aclk        lvl=5   bd_i/layer_0/inst/u_core/u_dn/p_0_out__1__0/DSP_OUTPUT_INST/ALU_OUT[21] <- bd_i/layer_0/inst/u_core/u_dn/beta_r_reg[0][3]/C
EP  -0.020 xdma_0_axi_aclk        lvl=5   bd_i/layer_0/inst/u_core/u_dn/p_0_out__1__0/DSP_OUTPUT_INST/ALU_OUT[22] <- bd_i/layer_0/inst/u_core/u_dn/beta_r_reg[0][3]/C
EP  -0.020 xdma_0_axi_aclk        lvl=5   bd_i/layer_0/inst/u_core/u_dn/p_0_out__1__0/DSP_OUTPUT_INST/ALU_OUT[23] <- bd_i/layer_0/inst/u_core/u_dn/beta_r_reg[0][3]/C
EP  -0.020 xdma_0_axi_aclk        lvl=5   bd_i/layer_0/inst/u_core/u_dn/p_0_out__1__0/DSP_OUTPUT_INST/ALU_OUT[24] <- bd_i/layer_0/inst/u_core/u_dn/beta_r_reg[0][3]/C
EP  -0.020 xdma_0_axi_aclk        lvl=5   bd_i/layer_0/inst/u_core/u_dn/p_0_out__1__0/DSP_OUTPUT_INST/ALU_OUT[25] <- bd_i/layer_0/inst/u_core/u_dn/beta_r_reg[0][3]/C
EP  -0.020 xdma_0_axi_aclk        lvl=5   bd_i/layer_0/inst/u_core/u_dn/p_0_out__1__0/DSP_OUTPUT_INST/ALU_OUT[26] <- bd_i/layer_0/inst/u_core/u_dn/beta_r_reg[0][3]/C
EP  -0.020 xdma_0_axi_aclk        lvl=5   bd_i/layer_0/inst/u_core/u_dn/p_0_out__1__0/DSP_OUTPUT_INST/ALU_OUT[27] <- bd_i/layer_0/inst/u_core/u_dn/beta_r_reg[0][3]/C
EP  -0.020 xdma_0_axi_aclk        lvl=5   bd_i/layer_0/inst/u_core/u_dn/p_0_out__1__0/DSP_OUTPUT_INST/ALU_OUT[28] <- bd_i/layer_0/inst/u_core/u_dn/beta_r_reg[0][3]/C
EP  -0.020 xdma_0_axi_aclk        lvl=5   bd_i/layer_0/inst/u_core/u_dn/p_0_out__1__0/DSP_OUTPUT_INST/ALU_OUT[29] <- bd_i/layer_0/inst/u_core/u_dn/beta_r_reg[0][3]/C
EP  -0.020 xdma_0_axi_aclk        lvl=5   bd_i/layer_0/inst/u_core/u_dn/p_0_out__1__0/DSP_OUTPUT_INST/ALU_OUT[30] <- bd_i/layer_0/inst/u_core/u_dn/beta_r_reg[0][3]/C
EP  -0.020 xdma_0_axi_aclk        lvl=5   bd_i/layer_0/inst/u_core/u_dn/p_0_out__1__0/DSP_OUTPUT_INST/ALU_OUT[31] <- bd_i/layer_0/inst/u_core/u_dn/beta_r_reg[0][3]/C
EP  -0.020 xdma_0_axi_aclk        lvl=5   bd_i/layer_0/inst/u_core/u_dn/p_0_out__1__0/DSP_OUTPUT_INST/ALU_OUT[32] <- bd_i/layer_0/inst/u_core/u_dn/beta_r_reg[0][3]/C
EP  -0.020 xdma_0_axi_aclk        lvl=5   bd_i/layer_0/inst/u_core/u_dn/p_0_out__1__0/DSP_OUTPUT_INST/ALU_OUT[33] <- bd_i/layer_0/inst/u_core/u_dn/beta_r_reg[0][3]/C
EP  -0.020 xdma_0_axi_aclk        lvl=5   bd_i/layer_0/inst/u_core/u_dn/p_0_out__1__0/DSP_OUTPUT_INST/ALU_OUT[34] <- bd_i/layer_0/inst/u_core/u_dn/beta_r_reg[0][3]/C
EP  -0.020 xdma_0_axi_aclk        lvl=5   bd_i/layer_0/inst/u_core/u_dn/p_0_out__1__0/DSP_OUTPUT_INST/ALU_OUT[35] <- bd_i/layer_0/inst/u_core/u_dn/beta_r_reg[0][3]/C
EP  -0.020 xdma_0_axi_aclk        lvl=5   bd_i/layer_0/inst/u_core/u_dn/p_0_out__1__0/DSP_OUTPUT_INST/ALU_OUT[36] <- bd_i/layer_0/inst/u_core/u_dn/beta_r_reg[0][3]/C
EP  -0.020 xdma_0_axi_aclk        lvl=5   bd_i/layer_0/inst/u_core/u_dn/p_0_out__1__0/DSP_OUTPUT_INST/ALU_OUT[37] <- bd_i/layer_0/inst/u_core/u_dn/beta_r_reg[0][3]/C
EP  -0.020 xdma_0_axi_aclk        lvl=5   bd_i/layer_0/inst/u_core/u_dn/p_0_out__1__0/DSP_OUTPUT_INST/ALU_OUT[38] <- bd_i/layer_0/inst/u_core/u_dn/beta_r_reg[0][3]/C
EP  -0.020 xdma_0_axi_aclk        lvl=5   bd_i/layer_0/inst/u_core/u_dn/p_0_out__1__0/DSP_OUTPUT_INST/ALU_OUT[39] <- bd_i/layer_0/inst/u_core/u_dn/beta_r_reg[0][3]/C
EP  -0.020 xdma_0_axi_aclk        lvl=5   bd_i/layer_0/inst/u_core/u_dn/p_0_out__1__0/DSP_OUTPUT_INST/ALU_OUT[40] <- bd_i/layer_0/inst/u_core/u_dn/beta_r_reg[0][3]/C
EP  -0.020 xdma_0_axi_aclk        lvl=5   bd_i/layer_0/inst/u_core/u_dn/p_0_out__1__0/DSP_OUTPUT_INST/ALU_OUT[41] <- bd_i/layer_0/inst/u_core/u_dn/beta_r_reg[0][3]/C
EP  -0.020 xdma_0_axi_aclk        lvl=5   bd_i/layer_0/inst/u_core/u_dn/p_0_out__1__0/DSP_OUTPUT_INST/ALU_OUT[42] <- bd_i/layer_0/inst/u_core/u_dn/beta_r_reg[0][3]/C
EP  -0.020 xdma_0_axi_aclk        lvl=5   bd_i/layer_0/inst/u_core/u_dn/p_0_out__1__0/DSP_OUTPUT_INST/ALU_OUT[43] <- bd_i/layer_0/inst/u_core/u_dn/beta_r_reg[0][3]/C
EP  -0.020 xdma_0_axi_aclk        lvl=5   bd_i/layer_0/inst/u_core/u_dn/p_0_out__1__0/DSP_OUTPUT_INST/ALU_OUT[44] <- bd_i/layer_0/inst/u_core/u_dn/beta_r_reg[0][3]/C
EP  -0.020 xdma_0_axi_aclk        lvl=5   bd_i/layer_0/inst/u_core/u_dn/p_0_out__1__0/DSP_OUTPUT_INST/ALU_OUT[45] <- bd_i/layer_0/inst/u_core/u_dn/beta_r_reg[0][3]/C
EP  -0.020 xdma_0_axi_aclk        lvl=5   bd_i/layer_0/inst/u_core/u_dn/p_0_out__1__0/DSP_OUTPUT_INST/ALU_OUT[46] <- bd_i/layer_0/inst/u_core/u_dn/beta_r_reg[0][3]/C
EP  -0.020 xdma_0_axi_aclk        lvl=5   bd_i/layer_0/inst/u_core/u_dn/p_0_out__1__0/DSP_OUTPUT_INST/ALU_OUT[47] <- bd_i/layer_0/inst/u_core/u_dn/beta_r_reg[0][3]/C
EP  -0.020 xdma_0_axi_aclk        lvl=5   bd_i/layer_0/inst/u_core/u_dn/p_0_out__1__0/DSP_OUTPUT_INST/ALU_OUT[4] <- bd_i/layer_0/inst/u_core/u_dn/beta_r_reg[0][3]/C
EP  -0.020 xdma_0_axi_aclk        lvl=5   bd_i/layer_0/inst/u_core/u_dn/p_0_out__1__0/DSP_OUTPUT_INST/ALU_OUT[5] <- bd_i/layer_0/inst/u_core/u_dn/beta_r_reg[0][3]/C
EP  -0.020 xdma_0_axi_aclk        lvl=5   bd_i/layer_0/inst/u_core/u_dn/p_0_out__1__0/DSP_OUTPUT_INST/ALU_OUT[6] <- bd_i/layer_0/inst/u_core/u_dn/beta_r_reg[0][3]/C
EP  -0.020 xdma_0_axi_aclk        lvl=5   bd_i/layer_0/inst/u_core/u_dn/p_0_out__1__0/DSP_OUTPUT_INST/ALU_OUT[7] <- bd_i/layer_0/inst/u_core/u_dn/beta_r_reg[0][3]/C
EP  -0.020 xdma_0_axi_aclk        lvl=5   bd_i/layer_0/inst/u_core/u_dn/p_0_out__1__0/DSP_OUTPUT_INST/ALU_OUT[8] <- bd_i/layer_0/inst/u_core/u_dn/beta_r_reg[0][3]/C
EP  -0.020 xdma_0_axi_aclk        lvl=5   bd_i/layer_0/inst/u_core/u_dn/p_0_out__1__0/DSP_OUTPUT_INST/ALU_OUT[9] <- bd_i/layer_0/inst/u_core/u_dn/beta_r_reg[0][3]/C
EP  -0.020 xdma_0_axi_aclk        lvl=1   bd_i/layer_0/inst/u_core/u_dn/p_1_out__14__3/DSP_A_B_DATA_INST/A[19] <- bd_i/layer_0/inst/u_core/g_dnslot[0].mem_reg_uram_5/CLK
EP  -0.020 xdma_0_axi_aclk        lvl=5   bd_i/layer_0/inst/u_core/u_attn/dot_reg[12]/D <- bd_i/layer_0/inst/u_core/u_attn/g_ps64[3].psum16_reg[3][2]/C
EP  -0.020 xdma_0_axi_aclk        lvl=5   bd_i/layer_0/inst/u_core/u_dma/fmem_reg_0_255_42_42/SP.D/I <- bd_i/layer_0/inst/u_core/kv_dmaq_reg[42]/C
EP  -0.020 xdma_0_axi_aclk        lvl=2   bd_i/layer_0/inst/u_core/g_kvslot[0].mem_reg_uram_27/CAS_IN_DIN_B[56] <- bd_i/layer_0/inst/u_core/dma_act_reg_rep__6/C
EP  -0.020 xdma_0_axi_aclk        lvl=4   bd_i/layer_0/inst/u_core/krow_reg[919]/D <- bd_i/layer_0/inst/u_core/kb_i_reg[3]/C
EP  -0.020 xdma_0_axi_aclk        lvl=2   bd_i/layer_0/inst/u_core/g_kvslot[1].mem_reg_uram_57/CAS_IN_ADDR_B[1] <- bd_i/layer_0/inst/u_core/u_dma/slot_addr_reg[1]/C
EP  -0.020 xdma_0_axi_aclk        lvl=2   bd_i/layer_0/inst/u_core/u_attn/g_lane[160].pv_p_reg[160]/DSP_A_B_DATA_INST/A[10] <- bd_i/layer_0/inst/u_core/g_kvslot[1].mem_reg_uram_34/CLK
EP  -0.020 xdma_0_axi_aclk        lvl=0   bd_i/layer_0/inst/u_core/u_dn/g_lane[97].dm_p_reg[97]/DSP_PREADD_DATA_INST/DIN[5] <- bd_i/layer_0/inst/u_core/u_dn/vdata_q_reg[5]_rep__6/C
EP  -0.020 xdma_0_axi_aclk        lvl=2   bd_i/layer_0/inst/u_core/g_dnslot[1].mem_reg_uram_27/ADDR_A[0] <- bd_i/layer_0/inst/u_core/dma_kind_reg[0]_replica_16/C
EP  -0.020 xdma_0_axi_aclk        lvl=0   bd_i/layer_0/inst/u_core/u_dn/p_0_out__17__1/DSP_PREADD_DATA_INST/DIN[17] <- bd_i/layer_0/inst/u_core/u_dn/vdata_q_reg[17]_rep__5/C
EP  -0.020 xdma_0_axi_aclk        lvl=3   bd_i/layer_0/inst/u_core/smem_b_reg_bram_28/ADDRARDADDR[1] <- bd_i/layer_0/inst/u_core/cmd_op_reg[1]/C
EP  -0.019 xdma_0_axi_aclk        lvl=4   bd_i/layer_0/inst/u_core/smem_a_reg_bram_5/WEA[0] <- bd_i/layer_0/inst/u_core/cmd_op_reg[1]/C
EP  -0.019 xdma_0_axi_aclk        lvl=5   bd_i/layer_0/inst/u_core/u_dn/p_0_out__3__14/DSP_OUTPUT_INST/ALU_OUT[10] <- bd_i/layer_0/inst/u_core/u_dn/beta_r_reg[2][9]/C
EP  -0.019 xdma_0_axi_aclk        lvl=5   bd_i/layer_0/inst/u_core/u_dn/p_0_out__3__14/DSP_OUTPUT_INST/ALU_OUT[11] <- bd_i/layer_0/inst/u_core/u_dn/beta_r_reg[2][9]/C
EP  -0.019 xdma_0_axi_aclk        lvl=5   bd_i/layer_0/inst/u_core/u_dn/p_0_out__3__14/DSP_OUTPUT_INST/ALU_OUT[12] <- bd_i/layer_0/inst/u_core/u_dn/beta_r_reg[2][9]/C
EP  -0.019 xdma_0_axi_aclk        lvl=5   bd_i/layer_0/inst/u_core/u_dn/p_0_out__3__14/DSP_OUTPUT_INST/ALU_OUT[13] <- bd_i/layer_0/inst/u_core/u_dn/beta_r_reg[2][9]/C
EP  -0.019 xdma_0_axi_aclk        lvl=5   bd_i/layer_0/inst/u_core/u_dn/p_0_out__3__14/DSP_OUTPUT_INST/ALU_OUT[14] <- bd_i/layer_0/inst/u_core/u_dn/beta_r_reg[2][9]/C
EP  -0.019 xdma_0_axi_aclk        lvl=5   bd_i/layer_0/inst/u_core/u_dn/p_0_out__3__14/DSP_OUTPUT_INST/ALU_OUT[15] <- bd_i/layer_0/inst/u_core/u_dn/beta_r_reg[2][9]/C
EP  -0.019 xdma_0_axi_aclk        lvl=5   bd_i/layer_0/inst/u_core/u_dn/p_0_out__3__14/DSP_OUTPUT_INST/ALU_OUT[16] <- bd_i/layer_0/inst/u_core/u_dn/beta_r_reg[2][9]/C
EP  -0.019 xdma_0_axi_aclk        lvl=5   bd_i/layer_0/inst/u_core/u_dn/p_0_out__3__14/DSP_OUTPUT_INST/ALU_OUT[17] <- bd_i/layer_0/inst/u_core/u_dn/beta_r_reg[2][9]/C
EP  -0.019 xdma_0_axi_aclk        lvl=5   bd_i/layer_0/inst/u_core/u_dn/p_0_out__3__14/DSP_OUTPUT_INST/ALU_OUT[18] <- bd_i/layer_0/inst/u_core/u_dn/beta_r_reg[2][9]/C
EP  -0.019 xdma_0_axi_aclk        lvl=5   bd_i/layer_0/inst/u_core/u_dn/p_0_out__3__14/DSP_OUTPUT_INST/ALU_OUT[19] <- bd_i/layer_0/inst/u_core/u_dn/beta_r_reg[2][9]/C
EP  -0.019 xdma_0_axi_aclk        lvl=5   bd_i/layer_0/inst/u_core/u_dn/p_0_out__3__14/DSP_OUTPUT_INST/ALU_OUT[20] <- bd_i/layer_0/inst/u_core/u_dn/beta_r_reg[2][9]/C
EP  -0.019 xdma_0_axi_aclk        lvl=5   bd_i/layer_0/inst/u_core/u_dn/p_0_out__3__14/DSP_OUTPUT_INST/ALU_OUT[21] <- bd_i/layer_0/inst/u_core/u_dn/beta_r_reg[2][9]/C
EP  -0.019 xdma_0_axi_aclk        lvl=5   bd_i/layer_0/inst/u_core/u_dn/p_0_out__3__14/DSP_OUTPUT_INST/ALU_OUT[22] <- bd_i/layer_0/inst/u_core/u_dn/beta_r_reg[2][9]/C
EP  -0.019 xdma_0_axi_aclk        lvl=5   bd_i/layer_0/inst/u_core/u_dn/p_0_out__3__14/DSP_OUTPUT_INST/ALU_OUT[23] <- bd_i/layer_0/inst/u_core/u_dn/beta_r_reg[2][9]/C
EP  -0.019 xdma_0_axi_aclk        lvl=5   bd_i/layer_0/inst/u_core/u_dn/p_0_out__3__14/DSP_OUTPUT_INST/ALU_OUT[24] <- bd_i/layer_0/inst/u_core/u_dn/beta_r_reg[2][9]/C
EP  -0.019 xdma_0_axi_aclk        lvl=5   bd_i/layer_0/inst/u_core/u_dn/p_0_out__3__14/DSP_OUTPUT_INST/ALU_OUT[25] <- bd_i/layer_0/inst/u_core/u_dn/beta_r_reg[2][9]/C
EP  -0.019 xdma_0_axi_aclk        lvl=5   bd_i/layer_0/inst/u_core/u_dn/p_0_out__3__14/DSP_OUTPUT_INST/ALU_OUT[26] <- bd_i/layer_0/inst/u_core/u_dn/beta_r_reg[2][9]/C
EP  -0.019 xdma_0_axi_aclk        lvl=5   bd_i/layer_0/inst/u_core/u_dn/p_0_out__3__14/DSP_OUTPUT_INST/ALU_OUT[27] <- bd_i/layer_0/inst/u_core/u_dn/beta_r_reg[2][9]/C
EP  -0.019 xdma_0_axi_aclk        lvl=5   bd_i/layer_0/inst/u_core/u_dn/p_0_out__3__14/DSP_OUTPUT_INST/ALU_OUT[28] <- bd_i/layer_0/inst/u_core/u_dn/beta_r_reg[2][9]/C
EP  -0.019 xdma_0_axi_aclk        lvl=5   bd_i/layer_0/inst/u_core/u_dn/p_0_out__3__14/DSP_OUTPUT_INST/ALU_OUT[29] <- bd_i/layer_0/inst/u_core/u_dn/beta_r_reg[2][9]/C
EP  -0.019 xdma_0_axi_aclk        lvl=5   bd_i/layer_0/inst/u_core/u_dn/p_0_out__3__14/DSP_OUTPUT_INST/ALU_OUT[30] <- bd_i/layer_0/inst/u_core/u_dn/beta_r_reg[2][9]/C
EP  -0.019 xdma_0_axi_aclk        lvl=5   bd_i/layer_0/inst/u_core/u_dn/p_0_out__3__14/DSP_OUTPUT_INST/ALU_OUT[31] <- bd_i/layer_0/inst/u_core/u_dn/beta_r_reg[2][9]/C
EP  -0.019 xdma_0_axi_aclk        lvl=5   bd_i/layer_0/inst/u_core/u_dn/p_0_out__3__14/DSP_OUTPUT_INST/ALU_OUT[32] <- bd_i/layer_0/inst/u_core/u_dn/beta_r_reg[2][9]/C
EP  -0.019 xdma_0_axi_aclk        lvl=5   bd_i/layer_0/inst/u_core/u_dn/p_0_out__3__14/DSP_OUTPUT_INST/ALU_OUT[33] <- bd_i/layer_0/inst/u_core/u_dn/beta_r_reg[2][9]/C
EP  -0.019 xdma_0_axi_aclk        lvl=5   bd_i/layer_0/inst/u_core/u_dn/p_0_out__3__14/DSP_OUTPUT_INST/ALU_OUT[34] <- bd_i/layer_0/inst/u_core/u_dn/beta_r_reg[2][9]/C
EP  -0.019 xdma_0_axi_aclk        lvl=5   bd_i/layer_0/inst/u_core/u_dn/p_0_out__3__14/DSP_OUTPUT_INST/ALU_OUT[35] <- bd_i/layer_0/inst/u_core/u_dn/beta_r_reg[2][9]/C
EP  -0.019 xdma_0_axi_aclk        lvl=5   bd_i/layer_0/inst/u_core/u_dn/p_0_out__3__14/DSP_OUTPUT_INST/ALU_OUT[36] <- bd_i/layer_0/inst/u_core/u_dn/beta_r_reg[2][9]/C
EP  -0.019 xdma_0_axi_aclk        lvl=5   bd_i/layer_0/inst/u_core/u_dn/p_0_out__3__14/DSP_OUTPUT_INST/ALU_OUT[37] <- bd_i/layer_0/inst/u_core/u_dn/beta_r_reg[2][9]/C
EP  -0.019 xdma_0_axi_aclk        lvl=5   bd_i/layer_0/inst/u_core/u_dn/p_0_out__3__14/DSP_OUTPUT_INST/ALU_OUT[38] <- bd_i/layer_0/inst/u_core/u_dn/beta_r_reg[2][9]/C
EP  -0.019 xdma_0_axi_aclk        lvl=5   bd_i/layer_0/inst/u_core/u_dn/p_0_out__3__14/DSP_OUTPUT_INST/ALU_OUT[39] <- bd_i/layer_0/inst/u_core/u_dn/beta_r_reg[2][9]/C
EP  -0.019 xdma_0_axi_aclk        lvl=5   bd_i/layer_0/inst/u_core/u_dn/p_0_out__3__14/DSP_OUTPUT_INST/ALU_OUT[40] <- bd_i/layer_0/inst/u_core/u_dn/beta_r_reg[2][9]/C
EP  -0.019 xdma_0_axi_aclk        lvl=5   bd_i/layer_0/inst/u_core/u_dn/p_0_out__3__14/DSP_OUTPUT_INST/ALU_OUT[41] <- bd_i/layer_0/inst/u_core/u_dn/beta_r_reg[2][9]/C
EP  -0.019 xdma_0_axi_aclk        lvl=5   bd_i/layer_0/inst/u_core/u_dn/p_0_out__3__14/DSP_OUTPUT_INST/ALU_OUT[42] <- bd_i/layer_0/inst/u_core/u_dn/beta_r_reg[2][9]/C
EP  -0.019 xdma_0_axi_aclk        lvl=5   bd_i/layer_0/inst/u_core/u_dn/p_0_out__3__14/DSP_OUTPUT_INST/ALU_OUT[43] <- bd_i/layer_0/inst/u_core/u_dn/beta_r_reg[2][9]/C
EP  -0.019 xdma_0_axi_aclk        lvl=5   bd_i/layer_0/inst/u_core/u_dn/p_0_out__3__14/DSP_OUTPUT_INST/ALU_OUT[44] <- bd_i/layer_0/inst/u_core/u_dn/beta_r_reg[2][9]/C
EP  -0.019 xdma_0_axi_aclk        lvl=5   bd_i/layer_0/inst/u_core/u_dn/p_0_out__3__14/DSP_OUTPUT_INST/ALU_OUT[45] <- bd_i/layer_0/inst/u_core/u_dn/beta_r_reg[2][9]/C
EP  -0.019 xdma_0_axi_aclk        lvl=5   bd_i/layer_0/inst/u_core/u_dn/p_0_out__3__14/DSP_OUTPUT_INST/ALU_OUT[46] <- bd_i/layer_0/inst/u_core/u_dn/beta_r_reg[2][9]/C
EP  -0.019 xdma_0_axi_aclk        lvl=5   bd_i/layer_0/inst/u_core/u_dn/p_0_out__3__14/DSP_OUTPUT_INST/ALU_OUT[47] <- bd_i/layer_0/inst/u_core/u_dn/beta_r_reg[2][9]/C
EP  -0.019 xdma_0_axi_aclk        lvl=5   bd_i/layer_0/inst/u_core/u_dn/p_0_out__3__14/DSP_OUTPUT_INST/ALU_OUT[8] <- bd_i/layer_0/inst/u_core/u_dn/beta_r_reg[2][9]/C
EP  -0.019 xdma_0_axi_aclk        lvl=5   bd_i/layer_0/inst/u_core/u_dn/p_0_out__3__14/DSP_OUTPUT_INST/ALU_OUT[9] <- bd_i/layer_0/inst/u_core/u_dn/beta_r_reg[2][9]/C
EP  -0.019 xdma_0_axi_aclk        lvl=1   bd_i/layer_0/inst/u_core/u_dn/p_1_out__14__3/DSP_A_B_DATA_INST/A[16] <- bd_i/layer_0/inst/u_core/g_dnslot[0].mem_reg_uram_5/CLK
EP  -0.019 xdma_0_axi_aclk        lvl=2   bd_i/layer_0/inst/u_core/u_attn/g_lane[36].pv_p_reg[36]_i_1_psdsp/D <- bd_i/layer_0/inst/u_core/g_kvslot[0].mem_reg_uram_8/CLK
EP  -0.019 xdma_0_axi_aclk        lvl=4   bd_i/layer_0/inst/u_core/u_dma/fmem_reg_0_255_226_226/SP.B/I <- bd_i/layer_0/inst/u_core/u_dma/rp_esub_reg[2][1]__0/C
EP  -0.019 xdma_0_axi_aclk        lvl=4   bd_i/layer_0/inst/u_core/u_dma/fmem_reg_0_255_462_462/SP.D/I <- bd_i/layer_0/inst/u_core/kv_dmaq_reg[1998]/C
EP  -0.019 xdma_0_axi_aclk        lvl=0   bd_i/layer_0/inst/u_core/u_dn/p_0_out__4__3/DSP_PREADD_DATA_INST/DIN[22] <- bd_i/layer_0/inst/u_core/u_dn/vdata_q_reg[20]_replica_17/C
EP  -0.019 xdma_0_axi_aclk        lvl=3   bd_i/layer_0/inst/u_core/g_cvslot[1].wm_reg_uram_1/CAS_IN_ADDR_A[10] <- bd_i/layer_0/inst/u_core/dma_act_reg_rep__31/C
EP  -0.019 xdma_0_axi_aclk        lvl=10  bd_i/layer_0/inst/u_core/u_dn/p_0_out__0__18/DSP_A_B_DATA_INST/A[29] <- bd_i/layer_0/inst/u_core/u_dn/g_lane[28].kvm_acc_reg[28]/DSP_OUTPUT_INST/CLK
EP  -0.019 xdma_0_axi_aclk        lvl=9   bd_i/layer_0/inst/u_core/u_dma/fmem_reg_0_255_490_490/DP.B/I <- bd_i/layer_0/inst/u_core/u_dma/f_rp_reg[0]/C
EP  -0.019 xdma_0_axi_aclk        lvl=4   bd_i/layer_0/inst/u_core/u_dma/fmem_reg_0_255_421_421/SP.B/I <- bd_i/layer_0/inst/u_core/dma_kind_reg[1]_replica_3/C
EP  -0.019 xdma_0_axi_aclk        lvl=2   bd_i/layer_0/inst/u_core/krow_reg[1730]/D <- bd_i/layer_0/inst/u_core/kb_i_reg[2]/C
EP  -0.019 xdma_0_axi_aclk        lvl=10  bd_i/layer_0/inst/u_core/u_dn/g_lane[124].sf_row_reg[124][15]/S <- bd_i/layer_0/inst/u_core/dn_rdq_reg[1991]/C
EP  -0.019 xdma_0_axi_aclk        lvl=10  bd_i/layer_0/inst/u_core/u_dn/g_lane[124].sf_row_reg[124][6]/R <- bd_i/layer_0/inst/u_core/dn_rdq_reg[1991]/C
EP  -0.019 xdma_0_axi_aclk        lvl=10  bd_i/layer_0/inst/u_core/u_dn/g_lane[124].sf_row_reg[124][7]/R <- bd_i/layer_0/inst/u_core/dn_rdq_reg[1991]/C
EP  -0.019 xdma_0_axi_aclk        lvl=3   bd_i/layer_0/inst/u_core/smem_a_reg_bram_15/ADDRARDADDR[7] <- bd_i/layer_0/inst/u_core/cmd_op_reg[1]/C
EP  -0.019 xdma_0_axi_aclk        lvl=4   bd_i/layer_0/inst/u_core/u_dma/fmem_reg_0_255_383_383/DP.B/I <- bd_i/layer_0/inst/u_core/u_dma/rp_esub_reg[2][1]__0/C
EP  -0.018 xdma_0_axi_aclk        lvl=7   bd_i/layer_0/inst/u_core/u_dn/g_lane[125].sh_row_reg[125][15]/D <- bd_i/layer_0/inst/u_core/u_dn/g_lane[125].dec_p_reg[125]/DSP_OUTPUT_INST/CLK
EP  -0.018 xdma_0_axi_aclk        lvl=8   bd_i/layer_0/inst/u_core/u_dma/fmem_reg_0_255_495_495/SP.A/I <- bd_i/layer_0/inst/u_core/u_dma/f_rp_reg[0]/C
EP  -0.018 xdma_0_axi_aclk        lvl=3   bd_i/layer_0/inst/u_core/u_dn/g_lane[28].p2_p_reg[28]/DSP_A_B_DATA_INST/A[7] <- bd_i/layer_0/inst/u_core/u_dn/p_1_out__0__20/DSP_OUTPUT_INST/CLK
EP  -0.018 xdma_0_axi_aclk        lvl=2   bd_i/layer_0/inst/u_core/u_attn/g_lane[147].prod_reg[147]/DSP_A_B_DATA_INST/B[3] <- bd_i/layer_0/inst/u_core/g_kvslot[1].mem_reg_uram_32/CLK
EP  -0.018 xdma_0_axi_aclk        lvl=9   bd_i/layer_0/inst/u_core/u_dn/p_0_out__2__15/DSP_A_B_DATA_INST/A[26] <- bd_i/layer_0/inst/u_core/u_dn/g_lane[117].kvm_acc_reg[117]/DSP_OUTPUT_INST/CLK
EP  -0.018 xdma_0_axi_aclk        lvl=2   bd_i/layer_0/inst/u_core/u_attn/g_lane[104].pv_p_reg[104]/DSP_A_B_DATA_INST/A[25] <- bd_i/layer_0/inst/u_core/g_kvslot[0].mem_reg_uram_22/CLK
EP  -0.018 xdma_0_axi_aclk        lvl=1   bd_i/layer_0/inst/u_core/u_dn/p_1_out__5__15/DSP_A_B_DATA_INST/A[15] <- bd_i/layer_0/inst/u_core/g_dnslot[1].mem_reg_uram_10/CLK
EP  -0.018 xdma_0_axi_aclk        lvl=2   bd_i/layer_0/inst/u_core/u_attn/g_lane[161].pv_p_reg[161]/DSP_A_B_DATA_INST/A[7] <- bd_i/layer_0/inst/u_core/g_kvslot[1].mem_reg_uram_34/CLK
EP  -0.018 xdma_0_axi_aclk        lvl=2   bd_i/layer_0/inst/u_core/u_attn/g_lane[187].pv_p_reg[187]/DSP_A_B_DATA_INST/A[3] <- bd_i/layer_0/inst/u_core/g_kvslot[1].mem_reg_uram_40/CLK
EP  -0.018 xdma_0_axi_aclk        lvl=8   bd_i/layer_0/inst/u_core/u_dn/g_lane[120].kvm_acc_reg[120]/DSP_A_B_DATA_INST/A[27] <- bd_i/layer_0/inst/u_core/u_dn/g_lane[120].dec_p_reg[120]/DSP_OUTPUT_INST/CLK
EP  -0.018 xdma_0_axi_aclk        lvl=8   bd_i/layer_0/inst/u_core/cmd_cnt_reg[10]/CE <- bd_i/layer_0/inst/u_core/arg0_reg[6]/C
EP  -0.018 xdma_0_axi_aclk        lvl=8   bd_i/layer_0/inst/u_core/cmd_cnt_reg[11]/CE <- bd_i/layer_0/inst/u_core/arg0_reg[6]/C
EP  -0.018 xdma_0_axi_aclk        lvl=8   bd_i/layer_0/inst/u_core/cmd_cnt_reg[12]/CE <- bd_i/layer_0/inst/u_core/arg0_reg[6]/C
EP  -0.018 xdma_0_axi_aclk        lvl=8   bd_i/layer_0/inst/u_core/cmd_cnt_reg[9]/CE <- bd_i/layer_0/inst/u_core/arg0_reg[6]/C
EP  -0.018 xdma_0_axi_aclk        lvl=6   bd_i/layer_0/inst/u_core/u_dn/p_0_out__23__0/DSP_A_B_DATA_INST/A[7] <- bd_i/layer_0/inst/u_core/u_dn/g_lane[93].kvm_acc_reg[93]/DSP_OUTPUT_INST/CLK
EP  -0.018 xdma_0_axi_aclk        lvl=5   bd_i/layer_0/inst/u_core/u_dn/p_1_out__3__17/DSP_A_B_DATA_INST/A[24] <- bd_i/layer_0/inst/u_core/u_dn/p_1_out__2__17/DSP_OUTPUT_INST/CLK
EP  -0.018 xdma_0_axi_aclk        lvl=8   bd_i/layer_0/inst/u_core/u_dn/p_1_out__22__1/DSP_A_B_DATA_INST/A[19] <- bd_i/layer_0/inst/u_core/u_dn/g_lane[47].kvm_acc_reg[47]/DSP_OUTPUT_INST/CLK
EP  -0.018 xdma_0_axi_aclk        lvl=2   bd_i/layer_0/inst/u_core/u_dn/g_lane[0].o_acc_reg[0]/DSP_A_B_DATA_INST/B[2] <- bd_i/layer_0/inst/u_core/u_dn/row_reg[4]/C
EP  -0.017 xdma_0_axi_aclk        lvl=4   bd_i/layer_0/inst/u_core/u_dma/fmem_reg_0_255_380_380/DP.D/I <- bd_i/layer_0/inst/u_core/u_dma/rp_esub_reg[2][1]__0/C
EP  -0.017 xdma_0_axi_aclk        lvl=9   bd_i/layer_0/inst/u_core/u_dn/g_lane[117].dm_p_reg[117]/DSP_A_B_DATA_INST/A[29] <- bd_i/layer_0/inst/u_core/u_dn/g_lane[117].kvm_acc_reg[117]/DSP_OUTPUT_INST/CLK
EP  -0.017 xdma_0_axi_aclk        lvl=2   bd_i/layer_0/inst/u_core/u_attn/g_lane[23].pv_p_reg[23]_i_2_psdsp_1/D <- bd_i/layer_0/inst/u_core/g_kvslot[1].mem_reg_uram_4/CLK
EP  -0.017 xdma_0_axi_aclk        lvl=2   bd_i/layer_0/inst/u_core/u_attn/g_lane[236].prod_reg[236]/DSP_A_B_DATA_INST/B[3] <- bd_i/layer_0/inst/u_core/g_kvslot[1].mem_reg_uram_52/CLK
EP  -0.017 xdma_0_axi_aclk        lvl=7   bd_i/layer_0/inst/u_core/eng_sa_reg[9]/CE <- bd_i/layer_0/inst/u_core/cmd_op_reg[0]/C
EP  -0.017 xdma_0_axi_aclk        lvl=5   bd_i/layer_0/inst/u_core/u_dma/fmem_reg_0_255_63_63/DP.C/I <- bd_i/layer_0/inst/u_core/dma_slot_reg_replica_22/C
EP  -0.017 xdma_0_axi_aclk        lvl=7   bd_i/layer_0/inst/u_core/u_dn/g_lane[26].kvm_acc_reg[26]/DSP_A_B_DATA_INST/A[25] <- bd_i/layer_0/inst/u_core/u_dn/g_lane[26].dec_p_reg[26]/DSP_OUTPUT_INST/CLK
EP  -0.017 xdma_0_axi_aclk        lvl=0   bd_i/layer_0/inst/u_core/u_dn/in_p2_reg_rep__24/R <- bd_i/layer_0/inst/u_core/rstn_i_reg_replica_21/C
EP  -0.017 xdma_0_axi_aclk        lvl=4   bd_i/layer_0/inst/u_core/u_dma/fmem_reg_0_255_345_345/SP.C/I <- bd_i/layer_0/inst/u_core/u_dma/rp_esub_reg[2][1]__0/C
EP  -0.017 xdma_0_axi_aclk        lvl=2   bd_i/layer_0/inst/u_core/u_attn/g_lane[98].pv_p_reg[98]/DSP_A_B_DATA_INST/A[19] <- bd_i/layer_0/inst/u_core/g_kvslot[0].mem_reg_uram_20/CLK
EP  -0.017 xdma_0_axi_aclk        lvl=2   bd_i/layer_0/inst/u_core/g_kvslot[0].mem_reg_uram_25/CAS_IN_ADDR_A[10] <- bd_i/layer_0/inst/u_core/u_dma/slot_addr_reg[10]/C
EP  -0.017 xdma_0_axi_aclk        lvl=2   bd_i/layer_0/inst/u_core/krow_reg[903]/D <- bd_i/layer_0/inst/u_core/kbyte_reg[7]/C
EP  -0.017 xdma_0_axi_aclk        lvl=4   bd_i/layer_0/inst/u_core/u_dma/fmem_reg_0_255_421_421/SP.D/I <- bd_i/layer_0/inst/u_core/dma_kind_reg[1]_replica_3/C
EP  -0.017 xdma_0_axi_aclk        lvl=2   bd_i/layer_0/inst/u_core/krow_reg[243]/D <- bd_i/layer_0/inst/u_core/kb_i_reg[4]_rep__1/C
EP  -0.016 xdma_0_axi_aclk        lvl=9   bd_i/layer_0/inst/u_core/u_dn/p_1_out__5__14/DSP_A_B_DATA_INST/A[24] <- bd_i/layer_0/inst/u_core/u_dn/g_lane[34].kvm_acc_reg[34]/DSP_OUTPUT_INST/CLK
EP  -0.016 xdma_0_axi_aclk        lvl=1   bd_i/layer_0/inst/u_core/dn_decay_reg[12]/D <- bd_i/layer_0/inst/u_core/smem_a_reg_bram_24/CLKBWRCLK
EP  -0.016 xdma_0_axi_aclk        lvl=4   bd_i/layer_0/inst/u_core/u_dma/fmem_reg_0_255_345_345/DP.D/I <- bd_i/layer_0/inst/u_core/u_dma/rp_esub_reg[2][1]__0/C
EP  -0.016 xdma_0_axi_aclk        lvl=0   bd_i/layer_0/inst/u_core/u_dn/p_0_out__4__3/DSP_PREADD_DATA_INST/DIN[21] <- bd_i/layer_0/inst/u_core/u_dn/vdata_q_reg[20]_replica_17/C
EP  -0.016 xdma_0_axi_aclk        lvl=9   bd_i/layer_0/inst/u_core/u_dn/p_1_out__12__8/DSP_A_B_DATA_INST/A[26] <- bd_i/layer_0/inst/u_core/u_dn/g_lane[26].kvm_acc_reg[26]/DSP_OUTPUT_INST/CLK
EP  -0.016 xdma_0_axi_aclk        lvl=1   bd_i/layer_0/inst/u_core/u_attn/g_lane[112].prod_reg[112]/DSP_A_B_DATA_INST/CEA2 <- bd_i/layer_0/inst/u_core/u_attn/qwaddr_q_reg[1]/C
EP  -0.016 xdma_0_axi_aclk        lvl=7   bd_i/layer_0/inst/u_core/u_dn/p_0_out__0__18/DSP_A_B_DATA_INST/A[12] <- bd_i/layer_0/inst/u_core/u_dn/g_lane[28].kvm_acc_reg[28]/DSP_OUTPUT_INST/CLK
EP  -0.016 xdma_0_axi_aclk        lvl=2   bd_i/layer_0/inst/u_core/g_kvslot[0].mem_reg_uram_13/CAS_IN_DIN_B[26] <- bd_i/layer_0/inst/u_core/dma_act_reg_rep__10/C
EP  -0.016 xdma_0_axi_aclk        lvl=4   bd_i/layer_0/inst/u_core/u_dma/fmem_reg_0_255_337_337/DP.D/I <- bd_i/layer_0/inst/u_core/u_dma/rp_esub_reg[2][1]__0/C
EP  -0.016 xdma_0_axi_aclk        lvl=7   bd_i/layer_0/inst/u_core/u_dn/g_lane[26].kvm_acc_reg[26]/DSP_A_B_DATA_INST/A[15] <- bd_i/layer_0/inst/u_core/u_dn/g_lane[26].dec_p_reg[26]/DSP_OUTPUT_INST/CLK
EP  -0.016 xdma_0_axi_aclk        lvl=5   bd_i/layer_0/inst/u_core/u_attn/dot_reg[11]/D <- bd_i/layer_0/inst/u_core/u_attn/g_ps64[3].psum16_reg[3][2]/C
EP  -0.016 xdma_0_axi_aclk        lvl=7   bd_i/layer_0/inst/u_core/u_dn/g_lane[26].kvm_acc_reg[26]/DSP_A_B_DATA_INST/A[24] <- bd_i/layer_0/inst/u_core/u_dn/g_lane[26].dec_p_reg[26]/DSP_OUTPUT_INST/CLK
EP  -0.016 xdma_0_axi_aclk        lvl=2   bd_i/layer_0/inst/u_core/krow_reg[1752]/CE <- bd_i/layer_0/inst/u_core/kb_i_reg[2]/C
EP  -0.016 xdma_0_axi_aclk        lvl=2   bd_i/layer_0/inst/u_core/krow_reg[1755]/CE <- bd_i/layer_0/inst/u_core/kb_i_reg[2]/C
EP  -0.016 xdma_0_axi_aclk        lvl=2   bd_i/layer_0/inst/u_core/krow_reg[1756]/CE <- bd_i/layer_0/inst/u_core/kb_i_reg[2]/C
EP  -0.016 xdma_0_axi_aclk        lvl=0   bd_i/layer_0/inst/u_core/u_dn/p_0_out__0__15/DSP_PREADD_DATA_INST/DIN[6] <- bd_i/layer_0/inst/u_core/u_dn/vdata_q_reg[6]_rep__9/C
EP  -0.016 xdma_0_axi_aclk        lvl=4   bd_i/layer_0/inst/u_core/krow_reg[1247]/D <- bd_i/layer_0/inst/u_core/st_reg[3]/C
EP  -0.016 xdma_0_axi_aclk        lvl=4   bd_i/layer_0/inst/u_core/u_dma/fmem_reg_0_255_502_502/DP.D/I <- bd_i/layer_0/inst/u_core/kv_dmaq_reg[2038]/C
EP  -0.016 xdma_0_axi_aclk        lvl=4   bd_i/layer_0/inst/u_core/u_dma/fmem_reg_0_255_383_383/DP.C/I <- bd_i/layer_0/inst/u_core/u_dma/rp_esub_reg[2][1]__0/C
EP  -0.015 xdma_0_axi_aclk        lvl=4   bd_i/layer_0/inst/u_core/u_dn/g_lane[28].p2_p_reg[28]/DSP_A_B_DATA_INST/A[13] <- bd_i/layer_0/inst/u_core/u_dn/p_1_out__0__20/DSP_OUTPUT_INST/CLK
EP  -0.015 xdma_0_axi_aclk        lvl=5   bd_i/layer_0/inst/u_core/u_dn/p_1_out__22__6/DSP_OUTPUT_INST/ALU_OUT[10] <- bd_i/layer_0/inst/u_core/u_dn/decay_r_reg[0][11]/C
EP  -0.015 xdma_0_axi_aclk        lvl=5   bd_i/layer_0/inst/u_core/u_dn/p_1_out__22__6/DSP_OUTPUT_INST/ALU_OUT[11] <- bd_i/layer_0/inst/u_core/u_dn/decay_r_reg[0][11]/C
EP  -0.015 xdma_0_axi_aclk        lvl=5   bd_i/layer_0/inst/u_core/u_dn/p_1_out__22__6/DSP_OUTPUT_INST/ALU_OUT[12] <- bd_i/layer_0/inst/u_core/u_dn/decay_r_reg[0][11]/C
EP  -0.015 xdma_0_axi_aclk        lvl=5   bd_i/layer_0/inst/u_core/u_dn/p_1_out__22__6/DSP_OUTPUT_INST/ALU_OUT[13] <- bd_i/layer_0/inst/u_core/u_dn/decay_r_reg[0][11]/C
EP  -0.015 xdma_0_axi_aclk        lvl=5   bd_i/layer_0/inst/u_core/u_dn/p_1_out__22__6/DSP_OUTPUT_INST/ALU_OUT[14] <- bd_i/layer_0/inst/u_core/u_dn/decay_r_reg[0][11]/C
EP  -0.015 xdma_0_axi_aclk        lvl=5   bd_i/layer_0/inst/u_core/u_dn/p_1_out__22__6/DSP_OUTPUT_INST/ALU_OUT[15] <- bd_i/layer_0/inst/u_core/u_dn/decay_r_reg[0][11]/C
EP  -0.015 xdma_0_axi_aclk        lvl=5   bd_i/layer_0/inst/u_core/u_dn/p_1_out__22__6/DSP_OUTPUT_INST/ALU_OUT[16] <- bd_i/layer_0/inst/u_core/u_dn/decay_r_reg[0][11]/C
EP  -0.015 xdma_0_axi_aclk        lvl=5   bd_i/layer_0/inst/u_core/u_dn/p_1_out__22__6/DSP_OUTPUT_INST/ALU_OUT[17] <- bd_i/layer_0/inst/u_core/u_dn/decay_r_reg[0][11]/C
EP  -0.015 xdma_0_axi_aclk        lvl=5   bd_i/layer_0/inst/u_core/u_dn/p_1_out__22__6/DSP_OUTPUT_INST/ALU_OUT[18] <- bd_i/layer_0/inst/u_core/u_dn/decay_r_reg[0][11]/C
EP  -0.015 xdma_0_axi_aclk        lvl=5   bd_i/layer_0/inst/u_core/u_dn/p_1_out__22__6/DSP_OUTPUT_INST/ALU_OUT[19] <- bd_i/layer_0/inst/u_core/u_dn/decay_r_reg[0][11]/C
EP  -0.015 xdma_0_axi_aclk        lvl=5   bd_i/layer_0/inst/u_core/u_dn/p_1_out__22__6/DSP_OUTPUT_INST/ALU_OUT[20] <- bd_i/layer_0/inst/u_core/u_dn/decay_r_reg[0][11]/C
EP  -0.015 xdma_0_axi_aclk        lvl=5   bd_i/layer_0/inst/u_core/u_dn/p_1_out__22__6/DSP_OUTPUT_INST/ALU_OUT[21] <- bd_i/layer_0/inst/u_core/u_dn/decay_r_reg[0][11]/C
EP  -0.015 xdma_0_axi_aclk        lvl=5   bd_i/layer_0/inst/u_core/u_dn/p_1_out__22__6/DSP_OUTPUT_INST/ALU_OUT[22] <- bd_i/layer_0/inst/u_core/u_dn/decay_r_reg[0][11]/C
EP  -0.015 xdma_0_axi_aclk        lvl=5   bd_i/layer_0/inst/u_core/u_dn/p_1_out__22__6/DSP_OUTPUT_INST/ALU_OUT[23] <- bd_i/layer_0/inst/u_core/u_dn/decay_r_reg[0][11]/C
EP  -0.015 xdma_0_axi_aclk        lvl=5   bd_i/layer_0/inst/u_core/u_dn/p_1_out__22__6/DSP_OUTPUT_INST/ALU_OUT[24] <- bd_i/layer_0/inst/u_core/u_dn/decay_r_reg[0][11]/C
EP  -0.015 xdma_0_axi_aclk        lvl=5   bd_i/layer_0/inst/u_core/u_dn/p_1_out__22__6/DSP_OUTPUT_INST/ALU_OUT[25] <- bd_i/layer_0/inst/u_core/u_dn/decay_r_reg[0][11]/C
EP  -0.015 xdma_0_axi_aclk        lvl=5   bd_i/layer_0/inst/u_core/u_dn/p_1_out__22__6/DSP_OUTPUT_INST/ALU_OUT[26] <- bd_i/layer_0/inst/u_core/u_dn/decay_r_reg[0][11]/C
EP  -0.015 xdma_0_axi_aclk        lvl=5   bd_i/layer_0/inst/u_core/u_dn/p_1_out__22__6/DSP_OUTPUT_INST/ALU_OUT[27] <- bd_i/layer_0/inst/u_core/u_dn/decay_r_reg[0][11]/C
EP  -0.015 xdma_0_axi_aclk        lvl=5   bd_i/layer_0/inst/u_core/u_dn/p_1_out__22__6/DSP_OUTPUT_INST/ALU_OUT[28] <- bd_i/layer_0/inst/u_core/u_dn/decay_r_reg[0][11]/C
EP  -0.015 xdma_0_axi_aclk        lvl=5   bd_i/layer_0/inst/u_core/u_dn/p_1_out__22__6/DSP_OUTPUT_INST/ALU_OUT[29] <- bd_i/layer_0/inst/u_core/u_dn/decay_r_reg[0][11]/C
EP  -0.015 xdma_0_axi_aclk        lvl=5   bd_i/layer_0/inst/u_core/u_dn/p_1_out__22__6/DSP_OUTPUT_INST/ALU_OUT[30] <- bd_i/layer_0/inst/u_core/u_dn/decay_r_reg[0][11]/C
EP  -0.015 xdma_0_axi_aclk        lvl=5   bd_i/layer_0/inst/u_core/u_dn/p_1_out__22__6/DSP_OUTPUT_INST/ALU_OUT[31] <- bd_i/layer_0/inst/u_core/u_dn/decay_r_reg[0][11]/C
EP  -0.015 xdma_0_axi_aclk        lvl=5   bd_i/layer_0/inst/u_core/u_dn/p_1_out__22__6/DSP_OUTPUT_INST/ALU_OUT[32] <- bd_i/layer_0/inst/u_core/u_dn/decay_r_reg[0][11]/C
EP  -0.015 xdma_0_axi_aclk        lvl=5   bd_i/layer_0/inst/u_core/u_dn/p_1_out__22__6/DSP_OUTPUT_INST/ALU_OUT[33] <- bd_i/layer_0/inst/u_core/u_dn/decay_r_reg[0][11]/C
EP  -0.015 xdma_0_axi_aclk        lvl=5   bd_i/layer_0/inst/u_core/u_dn/p_1_out__22__6/DSP_OUTPUT_INST/ALU_OUT[34] <- bd_i/layer_0/inst/u_core/u_dn/decay_r_reg[0][11]/C
EP  -0.015 xdma_0_axi_aclk        lvl=5   bd_i/layer_0/inst/u_core/u_dn/p_1_out__22__6/DSP_OUTPUT_INST/ALU_OUT[35] <- bd_i/layer_0/inst/u_core/u_dn/decay_r_reg[0][11]/C
EP  -0.015 xdma_0_axi_aclk        lvl=5   bd_i/layer_0/inst/u_core/u_dn/p_1_out__22__6/DSP_OUTPUT_INST/ALU_OUT[36] <- bd_i/layer_0/inst/u_core/u_dn/decay_r_reg[0][11]/C
EP  -0.015 xdma_0_axi_aclk        lvl=5   bd_i/layer_0/inst/u_core/u_dn/p_1_out__22__6/DSP_OUTPUT_INST/ALU_OUT[37] <- bd_i/layer_0/inst/u_core/u_dn/decay_r_reg[0][11]/C
EP  -0.015 xdma_0_axi_aclk        lvl=5   bd_i/layer_0/inst/u_core/u_dn/p_1_out__22__6/DSP_OUTPUT_INST/ALU_OUT[38] <- bd_i/layer_0/inst/u_core/u_dn/decay_r_reg[0][11]/C
EP  -0.015 xdma_0_axi_aclk        lvl=5   bd_i/layer_0/inst/u_core/u_dn/p_1_out__22__6/DSP_OUTPUT_INST/ALU_OUT[39] <- bd_i/layer_0/inst/u_core/u_dn/decay_r_reg[0][11]/C
EP  -0.015 xdma_0_axi_aclk        lvl=5   bd_i/layer_0/inst/u_core/u_dn/p_1_out__22__6/DSP_OUTPUT_INST/ALU_OUT[40] <- bd_i/layer_0/inst/u_core/u_dn/decay_r_reg[0][11]/C
EP  -0.015 xdma_0_axi_aclk        lvl=5   bd_i/layer_0/inst/u_core/u_dn/p_1_out__22__6/DSP_OUTPUT_INST/ALU_OUT[41] <- bd_i/layer_0/inst/u_core/u_dn/decay_r_reg[0][11]/C
EP  -0.015 xdma_0_axi_aclk        lvl=5   bd_i/layer_0/inst/u_core/u_dn/p_1_out__22__6/DSP_OUTPUT_INST/ALU_OUT[42] <- bd_i/layer_0/inst/u_core/u_dn/decay_r_reg[0][11]/C
EP  -0.015 xdma_0_axi_aclk        lvl=5   bd_i/layer_0/inst/u_core/u_dn/p_1_out__22__6/DSP_OUTPUT_INST/ALU_OUT[43] <- bd_i/layer_0/inst/u_core/u_dn/decay_r_reg[0][11]/C
EP  -0.015 xdma_0_axi_aclk        lvl=5   bd_i/layer_0/inst/u_core/u_dn/p_1_out__22__6/DSP_OUTPUT_INST/ALU_OUT[44] <- bd_i/layer_0/inst/u_core/u_dn/decay_r_reg[0][11]/C
EP  -0.015 xdma_0_axi_aclk        lvl=5   bd_i/layer_0/inst/u_core/u_dn/p_1_out__22__6/DSP_OUTPUT_INST/ALU_OUT[45] <- bd_i/layer_0/inst/u_core/u_dn/decay_r_reg[0][11]/C
EP  -0.015 xdma_0_axi_aclk        lvl=5   bd_i/layer_0/inst/u_core/u_dn/p_1_out__22__6/DSP_OUTPUT_INST/ALU_OUT[46] <- bd_i/layer_0/inst/u_core/u_dn/decay_r_reg[0][11]/C
EP  -0.015 xdma_0_axi_aclk        lvl=5   bd_i/layer_0/inst/u_core/u_dn/p_1_out__22__6/DSP_OUTPUT_INST/ALU_OUT[47] <- bd_i/layer_0/inst/u_core/u_dn/decay_r_reg[0][11]/C
EP  -0.015 xdma_0_axi_aclk        lvl=4   bd_i/layer_0/inst/u_core/u_dma/fmem_reg_0_255_379_379/SP.A/I <- bd_i/layer_0/inst/u_core/kv_dmaq_reg[891]/C
EP  -0.015 xdma_0_axi_aclk        lvl=4   bd_i/layer_0/inst/u_core/u_dma/fmem_reg_0_255_379_379/SP.D/I <- bd_i/layer_0/inst/u_core/kv_dmaq_reg[891]/C
EP  -0.015 xdma_0_axi_aclk        lvl=1   bd_i/layer_0/inst/u_core/u_dn/g_lane[85].dec_p_reg[85]/DSP_A_B_DATA_INST/A[13] <- bd_i/layer_0/inst/u_core/g_dnslot[1].mem_reg_uram_19/CLK
EP  -0.015 xdma_0_axi_aclk        lvl=7   bd_i/layer_0/inst/u_core/u_dn/g_lane[17].kvm_acc_reg[17]/DSP_A_B_DATA_INST/A[26] <- bd_i/layer_0/inst/u_core/u_dn/g_lane[17].dec_p_reg[17]/DSP_OUTPUT_INST/CLK
EP  -0.015 xdma_0_axi_aclk        lvl=0   bd_i/layer_0/inst/u_core/u_dn/p_1_out__7__4/DSP_PREADD_DATA_INST/DIN[19] <- bd_i/layer_0/inst/u_core/u_dn/vdata_q_reg[19]_rep__4/C
EP  -0.015 xdma_0_axi_aclk        lvl=8   bd_i/layer_0/inst/u_core/u_dn/g_lane[121].kvm_acc_reg[121]/DSP_A_B_DATA_INST/A[28] <- bd_i/layer_0/inst/u_core/u_dn/g_lane[121].dec_p_reg[121]/DSP_OUTPUT_INST/CLK
EP  -0.015 xdma_0_axi_aclk        lvl=1   bd_i/layer_0/inst/u_core/u_dn/p_1_out__0__9/DSP_A_B_DATA_INST/A[10] <- bd_i/layer_0/inst/u_core/g_dnslot[1].mem_reg_uram_15/CLK
EP  -0.015 xdma_0_axi_aclk        lvl=0   bd_i/layer_0/inst/u_core/u_dn/p_1_out__4__4/DSP_PREADD_DATA_INST/DIN[25] <- bd_i/layer_0/inst/u_core/u_dn/vdata_q_reg[20]_replica_17/C
EP  -0.015 xdma_0_axi_aclk        lvl=1   bd_i/layer_0/inst/u_core/u_dn/g_lane[15].dec_p_reg[15]/DSP_A_B_DATA_INST/A[5] <- bd_i/layer_0/inst/u_core/g_dnslot[0].mem_reg_uram_3/CLK
EP  -0.015 xdma_0_axi_aclk        lvl=2   bd_i/layer_0/inst/u_core/u_attn/g_lane[83].prod_reg[83]/DSP_A_B_DATA_INST/CEA2 <- bd_i/layer_0/inst/u_core/u_attn/qwaddr_q_reg[7]/C
EP  -0.015 xdma_0_axi_aclk        lvl=1   bd_i/axi_smc/inst/s02_entry_pipeline/s02_mmu/inst/w_sreg/skid_buffer_reg[1137]/CE <- bd_i/axi_smc/inst/s02_entry_pipeline/s02_mmu/inst/w_sreg/state_reg[m_valid_i]/C
EP  -0.015 xdma_0_axi_aclk        lvl=6   bd_i/layer_0/inst/u_core/u_dn/g_lane[125].kvm_acc_reg[125]/DSP_A_B_DATA_INST/A[13] <- bd_i/layer_0/inst/u_core/u_dn/g_lane[125].dec_p_reg[125]/DSP_OUTPUT_INST/CLK
EP  -0.015 xdma_0_axi_aclk        lvl=1   bd_i/layer_0/inst/u_core/u_dn/g_lane[75].dec_p_reg[75]/DSP_A_B_DATA_INST/A[10] <- bd_i/layer_0/inst/u_core/g_dnslot[1].mem_reg_uram_16/CLK
EP  -0.014 xdma_0_axi_aclk        lvl=2   bd_i/layer_0/inst/u_core/u_attn/g_lane[101].pv_p_reg[101]/DSP_A_B_DATA_INST/A[18] <- bd_i/layer_0/inst/u_core/g_kvslot[0].mem_reg_uram_22/CLK
EP  -0.014 xdma_0_axi_aclk        lvl=2   bd_i/layer_0/inst/u_core/u_attn/g_lane[39].pv_p_reg[39]_i_1_psdsp/D <- bd_i/layer_0/inst/u_core/g_kvslot[0].mem_reg_uram_8/CLK
EP  -0.014 xdma_0_axi_aclk        lvl=4   bd_i/layer_0/inst/u_core/u_dma/fmem_reg_0_255_48_48/SP.A/I <- bd_i/layer_0/inst/u_core/u_dma/rp_esub_reg[2][1]__0/C
EP  -0.014 xdma_0_axi_aclk        lvl=3   bd_i/layer_0/inst/u_core/smem_a_reg_bram_7/ADDRARDADDR[8] <- bd_i/layer_0/inst/u_core/cmd_op_reg[1]/C
EP  -0.014 xdma_0_axi_aclk        lvl=1   bd_i/layer_0/inst/u_core/u_dn/p_1_out__9__11/DSP_A_B_DATA_INST/A[9] <- bd_i/layer_0/inst/u_core/g_dnslot[0].mem_reg_uram_15/CLK
EP  -0.014 xdma_0_axi_aclk        lvl=2   bd_i/layer_0/inst/u_core/krow_reg[1794]/D <- bd_i/layer_0/inst/u_core/kb_i_reg[2]/C
EP  -0.014 xdma_0_axi_aclk        lvl=2   bd_i/layer_0/inst/u_core/u_attn/g_lane[76].prod_reg[76]/DSP_A_B_DATA_INST/B[11] <- bd_i/layer_0/inst/u_core/g_kvslot[0].mem_reg_uram_16/CLK
EP  -0.014 xdma_0_axi_aclk        lvl=2   bd_i/layer_0/inst/u_core/u_attn/g_lane[34].prod_reg[34]/DSP_A_B_DATA_INST/B[11] <- bd_i/layer_0/inst/u_core/g_kvslot[0].mem_reg_uram_6/CLK
EP  -0.014 xdma_0_axi_aclk        lvl=4   bd_i/layer_0/inst/u_core/u_dma/fmem_reg_0_255_345_345/SP.B/I <- bd_i/layer_0/inst/u_core/u_dma/rp_esub_reg[2][1]__0/C
EP  -0.014 xdma_0_axi_aclk        lvl=5   bd_i/layer_0/inst/u_core/u_dn/p_1_out__45/DSP_OUTPUT_INST/ALU_OUT[10] <- bd_i/layer_0/inst/u_core/u_dn/beta_r_reg[0][3]/C
EP  -0.014 xdma_0_axi_aclk        lvl=5   bd_i/layer_0/inst/u_core/u_dn/p_1_out__45/DSP_OUTPUT_INST/ALU_OUT[11] <- bd_i/layer_0/inst/u_core/u_dn/beta_r_reg[0][3]/C
EP  -0.014 xdma_0_axi_aclk        lvl=5   bd_i/layer_0/inst/u_core/u_dn/p_1_out__45/DSP_OUTPUT_INST/ALU_OUT[12] <- bd_i/layer_0/inst/u_core/u_dn/beta_r_reg[0][3]/C
EP  -0.014 xdma_0_axi_aclk        lvl=5   bd_i/layer_0/inst/u_core/u_dn/p_1_out__45/DSP_OUTPUT_INST/ALU_OUT[13] <- bd_i/layer_0/inst/u_core/u_dn/beta_r_reg[0][3]/C
EP  -0.014 xdma_0_axi_aclk        lvl=5   bd_i/layer_0/inst/u_core/u_dn/p_1_out__45/DSP_OUTPUT_INST/ALU_OUT[14] <- bd_i/layer_0/inst/u_core/u_dn/beta_r_reg[0][3]/C
EP  -0.014 xdma_0_axi_aclk        lvl=5   bd_i/layer_0/inst/u_core/u_dn/p_1_out__45/DSP_OUTPUT_INST/ALU_OUT[15] <- bd_i/layer_0/inst/u_core/u_dn/beta_r_reg[0][3]/C
EP  -0.014 xdma_0_axi_aclk        lvl=5   bd_i/layer_0/inst/u_core/u_dn/p_1_out__45/DSP_OUTPUT_INST/ALU_OUT[16] <- bd_i/layer_0/inst/u_core/u_dn/beta_r_reg[0][3]/C
EP  -0.014 xdma_0_axi_aclk        lvl=5   bd_i/layer_0/inst/u_core/u_dn/p_1_out__45/DSP_OUTPUT_INST/ALU_OUT[17] <- bd_i/layer_0/inst/u_core/u_dn/beta_r_reg[0][3]/C
EP  -0.014 xdma_0_axi_aclk        lvl=5   bd_i/layer_0/inst/u_core/u_dn/p_1_out__45/DSP_OUTPUT_INST/ALU_OUT[18] <- bd_i/layer_0/inst/u_core/u_dn/beta_r_reg[0][3]/C
EP  -0.014 xdma_0_axi_aclk        lvl=5   bd_i/layer_0/inst/u_core/u_dn/p_1_out__45/DSP_OUTPUT_INST/ALU_OUT[19] <- bd_i/layer_0/inst/u_core/u_dn/beta_r_reg[0][3]/C
EP  -0.014 xdma_0_axi_aclk        lvl=5   bd_i/layer_0/inst/u_core/u_dn/p_1_out__45/DSP_OUTPUT_INST/ALU_OUT[20] <- bd_i/layer_0/inst/u_core/u_dn/beta_r_reg[0][3]/C
EP  -0.014 xdma_0_axi_aclk        lvl=5   bd_i/layer_0/inst/u_core/u_dn/p_1_out__45/DSP_OUTPUT_INST/ALU_OUT[21] <- bd_i/layer_0/inst/u_core/u_dn/beta_r_reg[0][3]/C
EP  -0.014 xdma_0_axi_aclk        lvl=5   bd_i/layer_0/inst/u_core/u_dn/p_1_out__45/DSP_OUTPUT_INST/ALU_OUT[22] <- bd_i/layer_0/inst/u_core/u_dn/beta_r_reg[0][3]/C
EP  -0.014 xdma_0_axi_aclk        lvl=5   bd_i/layer_0/inst/u_core/u_dn/p_1_out__45/DSP_OUTPUT_INST/ALU_OUT[23] <- bd_i/layer_0/inst/u_core/u_dn/beta_r_reg[0][3]/C
EP  -0.014 xdma_0_axi_aclk        lvl=5   bd_i/layer_0/inst/u_core/u_dn/p_1_out__45/DSP_OUTPUT_INST/ALU_OUT[24] <- bd_i/layer_0/inst/u_core/u_dn/beta_r_reg[0][3]/C
EP  -0.014 xdma_0_axi_aclk        lvl=5   bd_i/layer_0/inst/u_core/u_dn/p_1_out__45/DSP_OUTPUT_INST/ALU_OUT[25] <- bd_i/layer_0/inst/u_core/u_dn/beta_r_reg[0][3]/C
EP  -0.014 xdma_0_axi_aclk        lvl=5   bd_i/layer_0/inst/u_core/u_dn/p_1_out__45/DSP_OUTPUT_INST/ALU_OUT[26] <- bd_i/layer_0/inst/u_core/u_dn/beta_r_reg[0][3]/C
EP  -0.014 xdma_0_axi_aclk        lvl=5   bd_i/layer_0/inst/u_core/u_dn/p_1_out__45/DSP_OUTPUT_INST/ALU_OUT[27] <- bd_i/layer_0/inst/u_core/u_dn/beta_r_reg[0][3]/C
EP  -0.014 xdma_0_axi_aclk        lvl=5   bd_i/layer_0/inst/u_core/u_dn/p_1_out__45/DSP_OUTPUT_INST/ALU_OUT[28] <- bd_i/layer_0/inst/u_core/u_dn/beta_r_reg[0][3]/C
EP  -0.014 xdma_0_axi_aclk        lvl=5   bd_i/layer_0/inst/u_core/u_dn/p_1_out__45/DSP_OUTPUT_INST/ALU_OUT[29] <- bd_i/layer_0/inst/u_core/u_dn/beta_r_reg[0][3]/C
EP  -0.014 xdma_0_axi_aclk        lvl=5   bd_i/layer_0/inst/u_core/u_dn/p_1_out__45/DSP_OUTPUT_INST/ALU_OUT[30] <- bd_i/layer_0/inst/u_core/u_dn/beta_r_reg[0][3]/C
EP  -0.014 xdma_0_axi_aclk        lvl=5   bd_i/layer_0/inst/u_core/u_dn/p_1_out__45/DSP_OUTPUT_INST/ALU_OUT[31] <- bd_i/layer_0/inst/u_core/u_dn/beta_r_reg[0][3]/C
EP  -0.014 xdma_0_axi_aclk        lvl=5   bd_i/layer_0/inst/u_core/u_dn/p_1_out__45/DSP_OUTPUT_INST/ALU_OUT[32] <- bd_i/layer_0/inst/u_core/u_dn/beta_r_reg[0][3]/C
EP  -0.014 xdma_0_axi_aclk        lvl=5   bd_i/layer_0/inst/u_core/u_dn/p_1_out__45/DSP_OUTPUT_INST/ALU_OUT[33] <- bd_i/layer_0/inst/u_core/u_dn/beta_r_reg[0][3]/C
EP  -0.014 xdma_0_axi_aclk        lvl=5   bd_i/layer_0/inst/u_core/u_dn/p_1_out__45/DSP_OUTPUT_INST/ALU_OUT[34] <- bd_i/layer_0/inst/u_core/u_dn/beta_r_reg[0][3]/C
EP  -0.014 xdma_0_axi_aclk        lvl=5   bd_i/layer_0/inst/u_core/u_dn/p_1_out__45/DSP_OUTPUT_INST/ALU_OUT[35] <- bd_i/layer_0/inst/u_core/u_dn/beta_r_reg[0][3]/C
EP  -0.014 xdma_0_axi_aclk        lvl=5   bd_i/layer_0/inst/u_core/u_dn/p_1_out__45/DSP_OUTPUT_INST/ALU_OUT[36] <- bd_i/layer_0/inst/u_core/u_dn/beta_r_reg[0][3]/C
EP  -0.014 xdma_0_axi_aclk        lvl=5   bd_i/layer_0/inst/u_core/u_dn/p_1_out__45/DSP_OUTPUT_INST/ALU_OUT[37] <- bd_i/layer_0/inst/u_core/u_dn/beta_r_reg[0][3]/C
EP  -0.014 xdma_0_axi_aclk        lvl=5   bd_i/layer_0/inst/u_core/u_dn/p_1_out__45/DSP_OUTPUT_INST/ALU_OUT[38] <- bd_i/layer_0/inst/u_core/u_dn/beta_r_reg[0][3]/C
EP  -0.014 xdma_0_axi_aclk        lvl=5   bd_i/layer_0/inst/u_core/u_dn/p_1_out__45/DSP_OUTPUT_INST/ALU_OUT[39] <- bd_i/layer_0/inst/u_core/u_dn/beta_r_reg[0][3]/C
EP  -0.014 xdma_0_axi_aclk        lvl=5   bd_i/layer_0/inst/u_core/u_dn/p_1_out__45/DSP_OUTPUT_INST/ALU_OUT[40] <- bd_i/layer_0/inst/u_core/u_dn/beta_r_reg[0][3]/C
EP  -0.014 xdma_0_axi_aclk        lvl=5   bd_i/layer_0/inst/u_core/u_dn/p_1_out__45/DSP_OUTPUT_INST/ALU_OUT[41] <- bd_i/layer_0/inst/u_core/u_dn/beta_r_reg[0][3]/C
EP  -0.014 xdma_0_axi_aclk        lvl=5   bd_i/layer_0/inst/u_core/u_dn/p_1_out__45/DSP_OUTPUT_INST/ALU_OUT[42] <- bd_i/layer_0/inst/u_core/u_dn/beta_r_reg[0][3]/C
EP  -0.014 xdma_0_axi_aclk        lvl=5   bd_i/layer_0/inst/u_core/u_dn/p_1_out__45/DSP_OUTPUT_INST/ALU_OUT[43] <- bd_i/layer_0/inst/u_core/u_dn/beta_r_reg[0][3]/C
EP  -0.014 xdma_0_axi_aclk        lvl=5   bd_i/layer_0/inst/u_core/u_dn/p_1_out__45/DSP_OUTPUT_INST/ALU_OUT[44] <- bd_i/layer_0/inst/u_core/u_dn/beta_r_reg[0][3]/C
EP  -0.014 xdma_0_axi_aclk        lvl=5   bd_i/layer_0/inst/u_core/u_dn/p_1_out__45/DSP_OUTPUT_INST/ALU_OUT[45] <- bd_i/layer_0/inst/u_core/u_dn/beta_r_reg[0][3]/C
EP  -0.014 xdma_0_axi_aclk        lvl=5   bd_i/layer_0/inst/u_core/u_dn/p_1_out__45/DSP_OUTPUT_INST/ALU_OUT[46] <- bd_i/layer_0/inst/u_core/u_dn/beta_r_reg[0][3]/C
EP  -0.014 xdma_0_axi_aclk        lvl=5   bd_i/layer_0/inst/u_core/u_dn/p_1_out__45/DSP_OUTPUT_INST/ALU_OUT[47] <- bd_i/layer_0/inst/u_core/u_dn/beta_r_reg[0][3]/C
EP  -0.014 xdma_0_axi_aclk        lvl=5   bd_i/layer_0/inst/u_core/u_dn/p_1_out__45/DSP_OUTPUT_INST/ALU_OUT[4] <- bd_i/layer_0/inst/u_core/u_dn/beta_r_reg[0][3]/C
EP  -0.014 xdma_0_axi_aclk        lvl=5   bd_i/layer_0/inst/u_core/u_dn/p_1_out__45/DSP_OUTPUT_INST/ALU_OUT[5] <- bd_i/layer_0/inst/u_core/u_dn/beta_r_reg[0][3]/C
EP  -0.014 xdma_0_axi_aclk        lvl=5   bd_i/layer_0/inst/u_core/u_dn/p_1_out__45/DSP_OUTPUT_INST/ALU_OUT[6] <- bd_i/layer_0/inst/u_core/u_dn/beta_r_reg[0][3]/C
EP  -0.014 xdma_0_axi_aclk        lvl=5   bd_i/layer_0/inst/u_core/u_dn/p_1_out__45/DSP_OUTPUT_INST/ALU_OUT[7] <- bd_i/layer_0/inst/u_core/u_dn/beta_r_reg[0][3]/C
EP  -0.014 xdma_0_axi_aclk        lvl=5   bd_i/layer_0/inst/u_core/u_dn/p_1_out__45/DSP_OUTPUT_INST/ALU_OUT[8] <- bd_i/layer_0/inst/u_core/u_dn/beta_r_reg[0][3]/C
EP  -0.014 xdma_0_axi_aclk        lvl=5   bd_i/layer_0/inst/u_core/u_dn/p_1_out__45/DSP_OUTPUT_INST/ALU_OUT[9] <- bd_i/layer_0/inst/u_core/u_dn/beta_r_reg[0][3]/C
EP  -0.014 xdma_0_axi_aclk        lvl=0   bd_i/layer_0/inst/u_core/u_dn/p_0_out__17__1/DSP_PREADD_DATA_INST/DIN[16] <- bd_i/layer_0/inst/u_core/u_dn/vdata_q_reg[16]_rep__5/C
EP  -0.014 xdma_0_axi_aclk        lvl=2   bd_i/layer_0/inst/u_core/g_kvslot[1].mem_reg_uram_45/CAS_IN_BWE_B[7] <- bd_i/layer_0/inst/u_core/u_dma/slot_we_reg/C
EP  -0.014 xdma_0_axi_aclk        lvl=2   bd_i/layer_0/inst/u_core/krow_reg[1359]/D <- bd_i/layer_0/inst/u_core/kb_i_reg[2]/C
EP  -0.014 xdma_0_axi_aclk        lvl=2   bd_i/layer_0/inst/u_core/g_kvslot[1].mem_reg_uram_25/CAS_IN_DIN_B[46] <- bd_i/layer_0/inst/u_core/dma_act_reg_rep__22/C
EP  -0.014 xdma_0_axi_aclk        lvl=2   bd_i/layer_0/inst/u_core/u_dn/g_lane[56].o_acc_reg[56]/DSP_A_B_DATA_INST/B[9] <- bd_i/layer_0/inst/u_core/u_dn/row_reg[0]/C
EP  -0.014 xdma_0_axi_aclk        lvl=4   bd_i/layer_0/inst/u_core/u_dma/fmem_reg_0_255_145_145/DP.A/I <- bd_i/layer_0/inst/u_core/u_dma/rp_esub_reg[2][1]__0/C
EP  -0.013 xdma_0_axi_aclk        lvl=2   bd_i/layer_0/inst/u_core/u_attn/g_lane[160].pv_p_reg[160]/DSP_A_B_DATA_INST/A[25] <- bd_i/layer_0/inst/u_core/g_kvslot[1].mem_reg_uram_34/CLK
EP  -0.013 xdma_0_axi_aclk        lvl=3   bd_i/layer_0/inst/u_core/u_dn/p_1_out__7__15/DSP_A_B_DATA_INST/A[6] <- bd_i/layer_0/inst/u_core/u_dn/p_1_out__6__16/DSP_OUTPUT_INST/CLK
EP  -0.013 xdma_0_axi_aclk        lvl=4   bd_i/layer_0/inst/u_core/u_dma/fmem_reg_0_255_321_321/DP.B/I <- bd_i/layer_0/inst/u_core/dma_kind_reg[1]_replica_9/C
EP  -0.013 xdma_0_axi_aclk        lvl=5   bd_i/layer_0/inst/u_core/u_dn/p_1_out__7__15/DSP_A_B_DATA_INST/A[21] <- bd_i/layer_0/inst/u_core/u_dn/p_1_out__6__16/DSP_OUTPUT_INST/CLK
EP  -0.013 xdma_0_axi_aclk        lvl=2   bd_i/layer_0/inst/u_core/u_attn/g_lane[26].prod_reg[26]_i_8_psdsp/D <- bd_i/layer_0/inst/u_core/g_kvslot[1].mem_reg_uram_4/CLK
EP  -0.013 xdma_0_axi_aclk        lvl=8   bd_i/layer_0/inst/u_core/u_dn/g_lane[123].kvm_acc_reg[123]/DSP_A_B_DATA_INST/A[21] <- bd_i/layer_0/inst/u_core/u_dn/g_lane[123].dec_p_reg[123]/DSP_OUTPUT_INST/CLK
EP  -0.013 xdma_0_axi_aclk        lvl=9   bd_i/layer_0/inst/u_core/u_dma/fmem_reg_0_255_480_480/SP.C/I <- bd_i/layer_0/inst/u_core/u_dma/f_rp_reg[0]/C
EP  -0.013 xdma_0_axi_aclk        lvl=2   bd_i/layer_0/inst/u_core/u_attn/g_lane[190].pv_p_reg[190]_i_8_psdsp/D <- bd_i/layer_0/inst/u_core/g_kvslot[0].mem_reg_uram_42/CLK
EP  -0.013 xdma_0_axi_aclk        lvl=3   bd_i/layer_0/inst/u_core/smem_b_reg_bram_12/ADDRARDADDR[8] <- bd_i/layer_0/inst/u_core/cmd_op_reg[1]/C
EP  -0.013 xdma_0_axi_aclk        lvl=2   bd_i/layer_0/inst/u_core/u_attn/g_lane[19].pv_p_reg[19]_i_8_psdsp_1/D <- bd_i/layer_0/inst/u_core/g_kvslot[1].mem_reg_uram_4/CLK
EP  -0.013 xdma_0_axi_aclk        lvl=2   bd_i/layer_0/inst/u_core/u_attn/g_lane[97].pv_p_reg[97]/DSP_A_B_DATA_INST/A[4] <- bd_i/layer_0/inst/u_core/g_kvslot[0].mem_reg_uram_20/CLK
EP  -0.013 xdma_0_axi_aclk        lvl=4   bd_i/layer_0/inst/u_core/krow_reg[482]/D <- bd_i/layer_0/inst/u_core/kb_i_reg[2]/C
EP  -0.013 xdma_0_axi_aclk        lvl=8   bd_i/layer_0/inst/u_core/u_dma/fmem_reg_0_255_477_477/DP.A/I <- bd_i/layer_0/inst/u_core/u_dma/f_rp_reg[0]/C
EP  -0.012 xdma_0_axi_aclk        lvl=2   bd_i/layer_0/inst/u_core/u_attn/g_lane[76].pv_p_reg[76]/DSP_A_B_DATA_INST/A[0] <- bd_i/layer_0/inst/u_core/g_kvslot[1].mem_reg_uram_16/CLK
EP  -0.012 xdma_0_axi_aclk        lvl=2   bd_i/layer_0/inst/u_core/g_dnslot[0].mem_reg_uram_6/ADDR_B[3] <- bd_i/layer_0/inst/u_core/dma_act_reg_rep__31/C
EP  -0.012 xdma_0_axi_aclk        lvl=1   bd_i/layer_0/inst/u_core/u_attn/o_g8_reg[25][27]/D <- bd_i/layer_0/inst/u_core/u_attn/og_i_reg[2]/C
EP  -0.012 xdma_0_axi_aclk        lvl=2   bd_i/layer_0/inst/u_core/u_attn/g_lane[19].pv_p_reg[19]_i_1_psdsp/D <- bd_i/layer_0/inst/u_core/g_kvslot[1].mem_reg_uram_4/CLK
EP  -0.012 xdma_0_axi_aclk        lvl=2   bd_i/layer_0/inst/u_core/u_attn/g_lane[19].pv_p_reg[19]_i_1_psdsp_1/D <- bd_i/layer_0/inst/u_core/g_kvslot[1].mem_reg_uram_4/CLK
EP  -0.012 xdma_0_axi_aclk        lvl=5   bd_i/layer_0/inst/u_core/u_dma/fmem_reg_0_255_279_279/SP.A/I <- bd_i/layer_0/inst/u_core/u_dma/x_store_reg/C
EP  -0.012 xdma_0_axi_aclk        lvl=5   bd_i/layer_0/inst/u_core/u_dma/fmem_reg_0_255_279_279/SP.D/I <- bd_i/layer_0/inst/u_core/u_dma/x_store_reg/C
EP  -0.012 xdma_0_axi_aclk        lvl=7   bd_i/layer_0/inst/u_core/u_dn/g_lane[126].kvm_acc_reg[126]/DSP_A_B_DATA_INST/A[26] <- bd_i/layer_0/inst/u_core/u_dn/g_lane[126].dec_p_reg[126]/DSP_OUTPUT_INST/CLK
EP  -0.012 xdma_0_axi_aclk        lvl=9   bd_i/layer_0/inst/u_core/u_dma/fmem_reg_0_255_480_480/SP.B/I <- bd_i/layer_0/inst/u_core/u_dma/f_rp_reg[0]/C
EP  -0.012 xdma_0_axi_aclk        lvl=2   bd_i/layer_0/inst/u_core/u_attn/g_lane[190].pv_p_reg[190]_i_8_psdsp_1/D <- bd_i/layer_0/inst/u_core/g_kvslot[0].mem_reg_uram_42/CLK
EP  -0.012 xdma_0_axi_aclk        lvl=5   bd_i/layer_0/inst/u_core/u_dma/fmem_reg_0_255_42_42/DP.D/I <- bd_i/layer_0/inst/u_core/kv_dmaq_reg[42]/C
EP  -0.012 xdma_0_axi_aclk        lvl=4   bd_i/layer_0/inst/u_core/u_dma/fmem_reg_0_255_6_6/SP.C/I <- bd_i/layer_0/inst/u_core/kv_dmaq_reg[6]/C
EP  -0.012 xdma_0_axi_aclk        lvl=2   bd_i/layer_0/inst/u_core/u_attn/g_lane[82].pv_p_reg[82]/DSP_A_B_DATA_INST/A[18] <- bd_i/layer_0/inst/u_core/g_kvslot[0].mem_reg_uram_18/CLK
EP  -0.012 xdma_0_axi_aclk        lvl=2   bd_i/layer_0/inst/u_core/g_kvslot[1].mem_reg_uram_13/CAS_IN_DIN_B[2] <- bd_i/layer_0/inst/u_core/dma_act_reg_rep__18/C
EP  -0.012 xdma_0_axi_aclk        lvl=4   bd_i/layer_0/inst/u_core/u_dma/fmem_reg_0_255_345_345/SP.D/I <- bd_i/layer_0/inst/u_core/u_dma/rp_esub_reg[2][1]__0/C
EP  -0.012 xdma_0_axi_aclk        lvl=2   bd_i/layer_0/inst/u_core/u_attn/g_lane[161].pv_p_reg[161]/DSP_A_B_DATA_INST/A[8] <- bd_i/layer_0/inst/u_core/g_kvslot[1].mem_reg_uram_34/CLK
EP  -0.012 xdma_0_axi_aclk        lvl=8   bd_i/layer_0/inst/u_core/dma_slot_reg_replica_18/CE <- bd_i/layer_0/inst/u_core/sld_pend_reg[1][1][2]/C
EP  -0.012 xdma_0_axi_aclk        lvl=0   bd_i/layer_0/inst/u_core/u_dn/p_1_out__18__1/DSP_PREADD_DATA_INST/DIN[17] <- bd_i/layer_0/inst/u_core/u_dn/vdata_q_reg[17]_rep__5/C
EP  -0.012 xdma_0_axi_aclk        lvl=1   bd_i/layer_0/inst/u_core/u_dn/g_lane[86].dec_p_reg[86]/DSP_A_B_DATA_INST/A[0] <- bd_i/layer_0/inst/u_core/g_dnslot[1].mem_reg_uram_19/CLK
EP  -0.012 xdma_0_axi_aclk        lvl=2   bd_i/layer_0/inst/u_core/u_attn/g_lane[139].prod_reg[139]/DSP_A_B_DATA_INST/B[10] <- bd_i/layer_0/inst/u_core/g_kvslot[1].mem_reg_uram_30/CLK
EP  -0.011 xdma_0_axi_aclk        lvl=0   bd_i/layer_0/inst/u_core/u_dn/g_lane[5].o_acc_reg[5]/DSP_OUTPUT_INST/RSTP <- bd_i/layer_0/inst/u_core/u_dn/clr_r_reg[0]/C
EP  -0.011 xdma_0_axi_aclk        lvl=9   bd_i/layer_0/inst/u_core/st_reg[4]/CE <- bd_i/layer_0/inst/u_core/eq_reg[2]/C
EP  -0.011 xdma_0_axi_aclk        lvl=11  bd_i/layer_0/inst/u_core/u_alu/ps_rnd_reg[24]/D <- bd_i/layer_0/inst/u_core/u_alu/maxp_reg[36]/C
EP  -0.011 xdma_0_axi_aclk        lvl=2   bd_i/layer_0/inst/u_core/cs_wd_reg[13]/CE <- bd_i/layer_0/inst/u_core/st_reg[5]/C
EP  -0.011 xdma_0_axi_aclk        lvl=2   bd_i/layer_0/inst/u_core/cs_wd_reg[31]/CE <- bd_i/layer_0/inst/u_core/st_reg[5]/C
EP  -0.011 xdma_0_axi_aclk        lvl=1   bd_i/layer_0/inst/u_core/u_dn/g_lane[67].dec_p_reg[67]/DSP_A_B_DATA_INST/A[13] <- bd_i/layer_0/inst/u_core/g_dnslot[0].mem_reg_uram_15/CLK
EP  -0.011 xdma_0_axi_aclk        lvl=3   bd_i/layer_0/inst/u_core/krow_reg[1454]/D <- bd_i/layer_0/inst/u_core/st_reg[3]/C
EP  -0.011 xdma_0_axi_aclk        lvl=3   bd_i/layer_0/inst/u_core/smem_a_reg_bram_23/ENBWREN <- bd_i/layer_0/inst/u_core/cmd_op_reg[1]/C
EP  -0.011 xdma_0_axi_aclk        lvl=2   bd_i/layer_0/inst/u_core/u_attn/g_lane[26].prod_reg[26]_i_5_psdsp/D <- bd_i/layer_0/inst/u_core/g_kvslot[1].mem_reg_uram_4/CLK
EP  -0.011 xdma_0_axi_aclk        lvl=2   bd_i/layer_0/inst/u_core/u_dn/g_lane[127].o_acc_reg[127]/DSP_A_B_DATA_INST/B[15] <- bd_i/layer_0/inst/u_core/u_dn/row_reg[1]/C
EP  -0.011 xdma_0_axi_aclk        lvl=8   bd_i/layer_0/inst/u_core/u_dn/g_lane[123].kvm_acc_reg[123]/DSP_A_B_DATA_INST/A[14] <- bd_i/layer_0/inst/u_core/u_dn/g_lane[123].dec_p_reg[123]/DSP_OUTPUT_INST/CLK
EP  -0.011 xdma_0_axi_aclk        lvl=4   bd_i/layer_0/inst/u_core/u_dma/fmem_reg_0_255_282_282/SP.A/I <- bd_i/layer_0/inst/u_core/u_dma/rp_esub_reg[2][1]__0/C
EP  -0.011 xdma_0_axi_aclk        lvl=2   bd_i/layer_0/inst/u_core/u_dn/p_0_out__40/DSP_A_B_DATA_INST/B[14] <- bd_i/layer_0/inst/u_core/u_dn/row_reg[3]/C
EP  -0.011 xdma_0_axi_aclk        lvl=2   bd_i/layer_0/inst/u_core/u_attn/g_lane[19].pv_p_reg[19]_i_8_psdsp/D <- bd_i/layer_0/inst/u_core/g_kvslot[1].mem_reg_uram_4/CLK
EP  -0.011 xdma_0_axi_aclk        lvl=8   bd_i/layer_0/inst/u_core/u_dma/fmem_reg_0_255_477_477/DP.B/I <- bd_i/layer_0/inst/u_core/u_dma/f_rp_reg[0]/C
EP  -0.011 xdma_0_axi_aclk        lvl=0   bd_i/layer_0/inst/u_core/u_dn/p_1_out__0__20/DSP_PREADD_DATA_INST/DIN[18] <- bd_i/layer_0/inst/u_core/u_dn/vdata_q_reg[18]/C
EP  -0.011 xdma_0_axi_aclk        lvl=6   bd_i/layer_0/inst/u_core/u_dn/p_1_out__13__4/DSP_A_B_DATA_INST/A[6] <- bd_i/layer_0/inst/u_core/u_dn/g_lane[126].kvm_acc_reg[126]/DSP_OUTPUT_INST/CLK
EP  -0.011 xdma_0_axi_aclk        lvl=4   bd_i/layer_0/inst/u_core/u_dma/fmem_reg_0_255_255_255/DP.D/I <- bd_i/layer_0/inst/u_core/u_dma/rp_esub_reg[2][1]__0/C
EP  -0.011 xdma_0_axi_aclk        lvl=2   bd_i/layer_0/inst/u_core/u_dn/g_lane[4].o_acc_reg[4]/DSP_A_B_DATA_INST/B[9] <- bd_i/layer_0/inst/u_core/u_dn/row_reg[0]/C
EP  -0.011 xdma_0_axi_aclk        lvl=4   bd_i/layer_0/inst/u_core/u_dma/fmem_reg_0_255_225_225/SP.C/I <- bd_i/layer_0/inst/u_core/u_dma/rp_esub_reg[2][1]__0/C
EP  -0.011 xdma_0_axi_aclk        lvl=2   bd_i/layer_0/inst/u_core/krow_reg[1508]/D <- bd_i/layer_0/inst/u_core/kb_i_reg[2]/C
EP  -0.011 xdma_0_axi_aclk        lvl=2   bd_i/layer_0/inst/u_core/g_kvslot[1].mem_reg_uram_25/CAS_IN_ADDR_A[4] <- bd_i/layer_0/inst/u_core/u_dma/slot_addr_reg[4]/C
EP  -0.010 xdma_0_axi_aclk        lvl=4   bd_i/layer_0/inst/u_core/u_dma/fmem_reg_0_255_421_421/DP.D/I <- bd_i/layer_0/inst/u_core/dma_kind_reg[1]_replica_3/C
EP  -0.010 xdma_0_axi_aclk        lvl=7   bd_i/layer_0/inst/u_core/u_dn/g_lane[113].dm_p_reg[113]/DSP_A_B_DATA_INST/A[11] <- bd_i/layer_0/inst/u_core/u_dn/g_lane[113].kvm_acc_reg[113]/DSP_OUTPUT_INST/CLK
EP  -0.010 xdma_0_axi_aclk        lvl=8   bd_i/layer_0/inst/u_core/u_dn/p_1_out__12__8/DSP_A_B_DATA_INST/A[24] <- bd_i/layer_0/inst/u_core/u_dn/g_lane[26].kvm_acc_reg[26]/DSP_OUTPUT_INST/CLK
EP  -0.010 xdma_0_axi_aclk        lvl=0   bd_i/layer_0/inst/u_core/u_dn/p_0_out__4__3/DSP_PREADD_DATA_INST/DIN[23] <- bd_i/layer_0/inst/u_core/u_dn/vdata_q_reg[20]_replica_17/C
EP  -0.010 xdma_0_axi_aclk        lvl=4   bd_i/layer_0/inst/u_core/u_dma/fmem_reg_0_255_311_311/DP.D/I <- bd_i/layer_0/inst/u_core/u_dma/rp_esub_reg[2][1]__0/C
EP  -0.010 xdma_0_axi_aclk        lvl=2   bd_i/layer_0/inst/u_core/u_attn/g_lane[32].prod_reg[32]/DSP_A_B_DATA_INST/B[4] <- bd_i/layer_0/inst/u_core/g_kvslot[0].mem_reg_uram_6/CLK
EP  -0.010 xdma_0_axi_aclk        lvl=1   bd_i/layer_0/inst/u_core/u_dn/g_lane[110].dec_p_reg[110]/DSP_A_B_DATA_INST/A[23] <- bd_i/layer_0/inst/u_core/g_dnslot[1].mem_reg_uram_24/CLK
EP  -0.010 xdma_0_axi_aclk        lvl=1   bd_i/layer_0/inst/u_core/u_dn/g_lane[69].dec_p_reg[69]/DSP_A_B_DATA_INST/A[4] <- bd_i/layer_0/inst/u_core/g_dnslot[0].mem_reg_uram_15/CLK
EP  -0.010 xdma_0_axi_aclk        lvl=9   bd_i/layer_0/inst/u_core/u_dn/p_0_out__2__15/DSP_A_B_DATA_INST/A[27] <- bd_i/layer_0/inst/u_core/u_dn/g_lane[117].kvm_acc_reg[117]/DSP_OUTPUT_INST/CLK
EP  -0.010 xdma_0_axi_aclk        lvl=2   bd_i/layer_0/inst/u_core/u_attn/g_lane[32].pv_p_reg[32]/DSP_A_B_DATA_INST/A[4] <- bd_i/layer_0/inst/u_core/g_kvslot[0].mem_reg_uram_6/CLK
EP  -0.010 xdma_0_axi_aclk        lvl=2   bd_i/layer_0/inst/u_core/u_attn/g_lane[154].pv_p_reg[154]/DSP_A_B_DATA_INST/A[13] <- bd_i/layer_0/inst/u_core/g_kvslot[1].mem_reg_uram_34/CLK
EP  -0.010 xdma_0_axi_aclk        lvl=4   bd_i/layer_0/inst/u_core/u_dma/fmem_reg_0_255_355_355/DP.B/I <- bd_i/layer_0/inst/u_core/u_dma/rp_esub_reg[2][1]__0/C
EP  -0.010 xdma_0_axi_aclk        lvl=7   bd_i/layer_0/inst/u_core/u_dn/p_0_out__6__10/DSP_A_B_DATA_INST/A[16] <- bd_i/layer_0/inst/u_core/u_dn/g_lane[63].kvm_acc_reg[63]/DSP_OUTPUT_INST/CLK
EP  -0.010 xdma_0_axi_aclk        lvl=2   bd_i/layer_0/inst/u_core/u_attn/g_lane[228].pv_p_reg[228]/DSP_A_B_DATA_INST/A[9] <- bd_i/layer_0/inst/u_core/g_kvslot[1].mem_reg_uram_50/CLK
EP  -0.010 xdma_0_axi_aclk        lvl=2   bd_i/layer_0/inst/u_core/u_attn/g_lane[98].pv_p_reg[98]/DSP_A_B_DATA_INST/A[10] <- bd_i/layer_0/inst/u_core/g_kvslot[0].mem_reg_uram_20/CLK
EP  -0.010 xdma_0_axi_aclk        lvl=2   bd_i/layer_0/inst/u_core/u_attn/g_lane[82].pv_p_reg[82]/DSP_A_B_DATA_INST/A[8] <- bd_i/layer_0/inst/u_core/g_kvslot[0].mem_reg_uram_18/CLK
EP  -0.009 xdma_0_axi_aclk        lvl=2   bd_i/layer_0/inst/u_core/u_attn/g_lane[83].pv_p_reg[83]/DSP_A_B_DATA_INST/A[6] <- bd_i/layer_0/inst/u_core/g_kvslot[0].mem_reg_uram_18/CLK
EP  -0.009 xdma_0_axi_aclk        lvl=2   bd_i/layer_0/inst/u_core/u_attn/g_lane[149].prod_reg[149]/DSP_A_B_DATA_INST/B[3] <- bd_i/layer_0/inst/u_core/g_kvslot[1].mem_reg_uram_32/CLK
EP  -0.009 xdma_0_axi_aclk        lvl=2   bd_i/layer_0/inst/u_core/u_attn/g_lane[104].pv_p_reg[104]/DSP_A_B_DATA_INST/A[5] <- bd_i/layer_0/inst/u_core/g_kvslot[1].mem_reg_uram_22/CLK
EP  -0.009 xdma_0_axi_aclk        lvl=2   bd_i/layer_0/inst/u_core/u_attn/g_lane[36].pv_p_reg[36]_i_2_psdsp_1/D <- bd_i/layer_0/inst/u_core/g_kvslot[0].mem_reg_uram_8/CLK
EP  -0.009 xdma_0_axi_aclk        lvl=8   bd_i/layer_0/inst/u_core/u_dn/p_0_out__1__14/DSP_A_B_DATA_INST/A[24] <- bd_i/layer_0/inst/u_core/u_dn/g_lane[27].kvm_acc_reg[27]/DSP_OUTPUT_INST/CLK
EP  -0.009 xdma_0_axi_aclk        lvl=2   bd_i/layer_0/inst/u_core/cs_wd_reg[33]/CE <- bd_i/layer_0/inst/u_core/st_reg[5]/C
EP  -0.009 xdma_0_axi_aclk        lvl=4   bd_i/layer_0/inst/u_core/u_dma/fmem_reg_0_255_483_483/SP.C/I <- bd_i/layer_0/inst/u_core/kv_dmaq_reg[483]/C
EP  -0.009 xdma_0_axi_aclk        lvl=5   bd_i/layer_0/inst/u_core/u_attn/dot_reg[9]/D <- bd_i/layer_0/inst/u_core/u_attn/g_ps64[3].psum16_reg[3][2]/C
EP  -0.009 xdma_0_axi_aclk        lvl=2   bd_i/layer_0/inst/u_core/u_dn/g_lane[59].o_acc_reg[59]/DSP_A_B_DATA_INST/B[9] <- bd_i/layer_0/inst/u_core/u_dn/row_reg[0]/C
EP  -0.009 xdma_0_axi_aclk        lvl=2   bd_i/layer_0/inst/u_core/u_attn/g_lane[188].prod_reg[188]/DSP_A_B_DATA_INST/B[0] <- bd_i/layer_0/inst/u_core/g_kvslot[0].mem_reg_uram_40/CLK
EP  -0.009 xdma_0_axi_aclk        lvl=4   bd_i/layer_0/inst/u_core/u_dma/fmem_reg_0_255_6_6/SP.B/I <- bd_i/layer_0/inst/u_core/kv_dmaq_reg[6]/C
EP  -0.009 xdma_0_axi_aclk        lvl=4   bd_i/layer_0/inst/u_core/u_dma/fmem_reg_0_255_355_355/SP.C/I <- bd_i/layer_0/inst/u_core/u_dma/rp_esub_reg[2][1]__0/C
EP  -0.009 xdma_0_axi_aclk        lvl=5   bd_i/layer_0/inst/u_core/u_dn/p_1_out__5__3/DSP_OUTPUT_INST/ALU_OUT[10] <- bd_i/layer_0/inst/u_core/u_dn/decay_r_reg[3][8]/C
EP  -0.009 xdma_0_axi_aclk        lvl=5   bd_i/layer_0/inst/u_core/u_dn/p_1_out__5__3/DSP_OUTPUT_INST/ALU_OUT[11] <- bd_i/layer_0/inst/u_core/u_dn/decay_r_reg[3][8]/C
EP  -0.009 xdma_0_axi_aclk        lvl=5   bd_i/layer_0/inst/u_core/u_dn/p_1_out__5__3/DSP_OUTPUT_INST/ALU_OUT[12] <- bd_i/layer_0/inst/u_core/u_dn/decay_r_reg[3][8]/C
EP  -0.009 xdma_0_axi_aclk        lvl=5   bd_i/layer_0/inst/u_core/u_dn/p_1_out__5__3/DSP_OUTPUT_INST/ALU_OUT[13] <- bd_i/layer_0/inst/u_core/u_dn/decay_r_reg[3][8]/C
EP  -0.009 xdma_0_axi_aclk        lvl=5   bd_i/layer_0/inst/u_core/u_dn/p_1_out__5__3/DSP_OUTPUT_INST/ALU_OUT[14] <- bd_i/layer_0/inst/u_core/u_dn/decay_r_reg[3][8]/C
EP  -0.009 xdma_0_axi_aclk        lvl=5   bd_i/layer_0/inst/u_core/u_dn/p_1_out__5__3/DSP_OUTPUT_INST/ALU_OUT[15] <- bd_i/layer_0/inst/u_core/u_dn/decay_r_reg[3][8]/C
EP  -0.009 xdma_0_axi_aclk        lvl=5   bd_i/layer_0/inst/u_core/u_dn/p_1_out__5__3/DSP_OUTPUT_INST/ALU_OUT[16] <- bd_i/layer_0/inst/u_core/u_dn/decay_r_reg[3][8]/C
EP  -0.009 xdma_0_axi_aclk        lvl=5   bd_i/layer_0/inst/u_core/u_dn/p_1_out__5__3/DSP_OUTPUT_INST/ALU_OUT[17] <- bd_i/layer_0/inst/u_core/u_dn/decay_r_reg[3][8]/C
EP  -0.009 xdma_0_axi_aclk        lvl=5   bd_i/layer_0/inst/u_core/u_dn/p_1_out__5__3/DSP_OUTPUT_INST/ALU_OUT[18] <- bd_i/layer_0/inst/u_core/u_dn/decay_r_reg[3][8]/C
EP  -0.009 xdma_0_axi_aclk        lvl=5   bd_i/layer_0/inst/u_core/u_dn/p_1_out__5__3/DSP_OUTPUT_INST/ALU_OUT[19] <- bd_i/layer_0/inst/u_core/u_dn/decay_r_reg[3][8]/C
EP  -0.009 xdma_0_axi_aclk        lvl=5   bd_i/layer_0/inst/u_core/u_dn/p_1_out__5__3/DSP_OUTPUT_INST/ALU_OUT[20] <- bd_i/layer_0/inst/u_core/u_dn/decay_r_reg[3][8]/C
EP  -0.009 xdma_0_axi_aclk        lvl=5   bd_i/layer_0/inst/u_core/u_dn/p_1_out__5__3/DSP_OUTPUT_INST/ALU_OUT[21] <- bd_i/layer_0/inst/u_core/u_dn/decay_r_reg[3][8]/C
EP  -0.009 xdma_0_axi_aclk        lvl=5   bd_i/layer_0/inst/u_core/u_dn/p_1_out__5__3/DSP_OUTPUT_INST/ALU_OUT[22] <- bd_i/layer_0/inst/u_core/u_dn/decay_r_reg[3][8]/C
EP  -0.009 xdma_0_axi_aclk        lvl=5   bd_i/layer_0/inst/u_core/u_dn/p_1_out__5__3/DSP_OUTPUT_INST/ALU_OUT[23] <- bd_i/layer_0/inst/u_core/u_dn/decay_r_reg[3][8]/C
EP  -0.009 xdma_0_axi_aclk        lvl=5   bd_i/layer_0/inst/u_core/u_dn/p_1_out__5__3/DSP_OUTPUT_INST/ALU_OUT[24] <- bd_i/layer_0/inst/u_core/u_dn/decay_r_reg[3][8]/C
EP  -0.009 xdma_0_axi_aclk        lvl=5   bd_i/layer_0/inst/u_core/u_dn/p_1_out__5__3/DSP_OUTPUT_INST/ALU_OUT[25] <- bd_i/layer_0/inst/u_core/u_dn/decay_r_reg[3][8]/C
EP  -0.009 xdma_0_axi_aclk        lvl=5   bd_i/layer_0/inst/u_core/u_dn/p_1_out__5__3/DSP_OUTPUT_INST/ALU_OUT[26] <- bd_i/layer_0/inst/u_core/u_dn/decay_r_reg[3][8]/C
EP  -0.009 xdma_0_axi_aclk        lvl=5   bd_i/layer_0/inst/u_core/u_dn/p_1_out__5__3/DSP_OUTPUT_INST/ALU_OUT[27] <- bd_i/layer_0/inst/u_core/u_dn/decay_r_reg[3][8]/C
EP  -0.009 xdma_0_axi_aclk        lvl=5   bd_i/layer_0/inst/u_core/u_dn/p_1_out__5__3/DSP_OUTPUT_INST/ALU_OUT[28] <- bd_i/layer_0/inst/u_core/u_dn/decay_r_reg[3][8]/C
EP  -0.009 xdma_0_axi_aclk        lvl=5   bd_i/layer_0/inst/u_core/u_dn/p_1_out__5__3/DSP_OUTPUT_INST/ALU_OUT[29] <- bd_i/layer_0/inst/u_core/u_dn/decay_r_reg[3][8]/C
EP  -0.009 xdma_0_axi_aclk        lvl=5   bd_i/layer_0/inst/u_core/u_dn/p_1_out__5__3/DSP_OUTPUT_INST/ALU_OUT[30] <- bd_i/layer_0/inst/u_core/u_dn/decay_r_reg[3][8]/C
EP  -0.009 xdma_0_axi_aclk        lvl=5   bd_i/layer_0/inst/u_core/u_dn/p_1_out__5__3/DSP_OUTPUT_INST/ALU_OUT[31] <- bd_i/layer_0/inst/u_core/u_dn/decay_r_reg[3][8]/C
EP  -0.009 xdma_0_axi_aclk        lvl=5   bd_i/layer_0/inst/u_core/u_dn/p_1_out__5__3/DSP_OUTPUT_INST/ALU_OUT[32] <- bd_i/layer_0/inst/u_core/u_dn/decay_r_reg[3][8]/C
EP  -0.009 xdma_0_axi_aclk        lvl=5   bd_i/layer_0/inst/u_core/u_dn/p_1_out__5__3/DSP_OUTPUT_INST/ALU_OUT[33] <- bd_i/layer_0/inst/u_core/u_dn/decay_r_reg[3][8]/C
EP  -0.009 xdma_0_axi_aclk        lvl=5   bd_i/layer_0/inst/u_core/u_dn/p_1_out__5__3/DSP_OUTPUT_INST/ALU_OUT[34] <- bd_i/layer_0/inst/u_core/u_dn/decay_r_reg[3][8]/C
EP  -0.009 xdma_0_axi_aclk        lvl=5   bd_i/layer_0/inst/u_core/u_dn/p_1_out__5__3/DSP_OUTPUT_INST/ALU_OUT[35] <- bd_i/layer_0/inst/u_core/u_dn/decay_r_reg[3][8]/C
EP  -0.009 xdma_0_axi_aclk        lvl=5   bd_i/layer_0/inst/u_core/u_dn/p_1_out__5__3/DSP_OUTPUT_INST/ALU_OUT[36] <- bd_i/layer_0/inst/u_core/u_dn/decay_r_reg[3][8]/C
EP  -0.009 xdma_0_axi_aclk        lvl=5   bd_i/layer_0/inst/u_core/u_dn/p_1_out__5__3/DSP_OUTPUT_INST/ALU_OUT[37] <- bd_i/layer_0/inst/u_core/u_dn/decay_r_reg[3][8]/C
EP  -0.009 xdma_0_axi_aclk        lvl=5   bd_i/layer_0/inst/u_core/u_dn/p_1_out__5__3/DSP_OUTPUT_INST/ALU_OUT[38] <- bd_i/layer_0/inst/u_core/u_dn/decay_r_reg[3][8]/C
EP  -0.009 xdma_0_axi_aclk        lvl=5   bd_i/layer_0/inst/u_core/u_dn/p_1_out__5__3/DSP_OUTPUT_INST/ALU_OUT[39] <- bd_i/layer_0/inst/u_core/u_dn/decay_r_reg[3][8]/C
EP  -0.009 xdma_0_axi_aclk        lvl=5   bd_i/layer_0/inst/u_core/u_dn/p_1_out__5__3/DSP_OUTPUT_INST/ALU_OUT[40] <- bd_i/layer_0/inst/u_core/u_dn/decay_r_reg[3][8]/C
EP  -0.009 xdma_0_axi_aclk        lvl=5   bd_i/layer_0/inst/u_core/u_dn/p_1_out__5__3/DSP_OUTPUT_INST/ALU_OUT[41] <- bd_i/layer_0/inst/u_core/u_dn/decay_r_reg[3][8]/C
EP  -0.009 xdma_0_axi_aclk        lvl=5   bd_i/layer_0/inst/u_core/u_dn/p_1_out__5__3/DSP_OUTPUT_INST/ALU_OUT[42] <- bd_i/layer_0/inst/u_core/u_dn/decay_r_reg[3][8]/C
EP  -0.009 xdma_0_axi_aclk        lvl=5   bd_i/layer_0/inst/u_core/u_dn/p_1_out__5__3/DSP_OUTPUT_INST/ALU_OUT[43] <- bd_i/layer_0/inst/u_core/u_dn/decay_r_reg[3][8]/C
EP  -0.009 xdma_0_axi_aclk        lvl=5   bd_i/layer_0/inst/u_core/u_dn/p_1_out__5__3/DSP_OUTPUT_INST/ALU_OUT[44] <- bd_i/layer_0/inst/u_core/u_dn/decay_r_reg[3][8]/C
EP  -0.009 xdma_0_axi_aclk        lvl=5   bd_i/layer_0/inst/u_core/u_dn/p_1_out__5__3/DSP_OUTPUT_INST/ALU_OUT[45] <- bd_i/layer_0/inst/u_core/u_dn/decay_r_reg[3][8]/C
EP  -0.009 xdma_0_axi_aclk        lvl=5   bd_i/layer_0/inst/u_core/u_dn/p_1_out__5__3/DSP_OUTPUT_INST/ALU_OUT[46] <- bd_i/layer_0/inst/u_core/u_dn/decay_r_reg[3][8]/C
EP  -0.009 xdma_0_axi_aclk        lvl=5   bd_i/layer_0/inst/u_core/u_dn/p_1_out__5__3/DSP_OUTPUT_INST/ALU_OUT[47] <- bd_i/layer_0/inst/u_core/u_dn/decay_r_reg[3][8]/C
EP  -0.009 xdma_0_axi_aclk        lvl=5   bd_i/layer_0/inst/u_core/u_dn/p_1_out__5__3/DSP_OUTPUT_INST/ALU_OUT[8] <- bd_i/layer_0/inst/u_core/u_dn/decay_r_reg[3][8]/C
EP  -0.009 xdma_0_axi_aclk        lvl=5   bd_i/layer_0/inst/u_core/u_dn/p_1_out__5__3/DSP_OUTPUT_INST/ALU_OUT[9] <- bd_i/layer_0/inst/u_core/u_dn/decay_r_reg[3][8]/C
EP  -0.009 xdma_0_axi_aclk        lvl=4   bd_i/layer_0/inst/u_core/u_dma/fmem_reg_0_255_224_224/DP.D/I <- bd_i/layer_0/inst/u_core/u_dma/rp_esub_reg[2][1]__0/C
EP  -0.009 xdma_0_axi_aclk        lvl=9   bd_i/layer_0/inst/u_core/u_dma/fmem_reg_0_255_102_102/DP.B/I <- bd_i/layer_0/inst/u_core/u_dma/f_rp_reg[0]/C
EP  -0.009 xdma_0_axi_aclk        lvl=4   bd_i/layer_0/inst/u_core/u_dma/fmem_reg_0_255_332_332/DP.B/I <- bd_i/layer_0/inst/u_core/u_dma/rp_esub_reg[2][1]__0/C
EP  -0.008 xdma_0_axi_aclk        lvl=1   bd_i/layer_0/inst/u_core/u_dn/g_lane[111].dec_p_reg[111]/DSP_A_B_DATA_INST/A[1] <- bd_i/layer_0/inst/u_core/g_dnslot[1].mem_reg_uram_24/CLK
EP  -0.008 xdma_0_axi_aclk        lvl=2   bd_i/layer_0/inst/u_core/g_dnslot[1].mem_reg_uram_27/ADDR_B[5] <- bd_i/layer_0/inst/u_core/dma_kind_reg[0]_replica_16/C
EP  -0.008 xdma_0_axi_aclk        lvl=2   bd_i/layer_0/inst/u_core/u_attn/g_lane[67].prod_reg[67]/DSP_A_B_DATA_INST/B[17] <- bd_i/layer_0/inst/u_core/g_kvslot[0].mem_reg_uram_14/CLK
EP  -0.008 xdma_0_axi_aclk        lvl=2   bd_i/layer_0/inst/u_core/u_attn/g_lane[36].pv_p_reg[36]_i_2_psdsp/D <- bd_i/layer_0/inst/u_core/g_kvslot[0].mem_reg_uram_8/CLK
EP  -0.008 xdma_0_axi_aclk        lvl=15  bd_i/layer_0/inst/u_core/u_rope/m_data_reg[11]/D <- bd_i/layer_0/inst/u_core/u_rope/m_data[5]_i_15_psdsp_1/C
EP  -0.008 xdma_0_axi_aclk        lvl=4   bd_i/layer_0/inst/u_core/u_dma/fmem_reg_0_255_483_483/SP.D/I <- bd_i/layer_0/inst/u_core/kv_dmaq_reg[483]/C
EP  -0.008 xdma_0_axi_aclk        lvl=0   bd_i/layer_0/inst/u_core/u_dn/p_0_out__4__3/DSP_PREADD_DATA_INST/DIN[26] <- bd_i/layer_0/inst/u_core/u_dn/vdata_q_reg[20]_replica_17/C
EP  -0.008 xdma_0_axi_aclk        lvl=7   bd_i/layer_0/inst/u_core/u_dn/p_0_out__2__10/DSP_A_B_DATA_INST/A[14] <- bd_i/layer_0/inst/u_core/u_dn/g_lane[118].kvm_acc_reg[118]/DSP_OUTPUT_INST/CLK
EP  -0.008 xdma_0_axi_aclk        lvl=3   bd_i/axi_smc/inst/s02_entry_pipeline/s02_si_converter/inst/converter.wrap_narrow_inst/w_accum_reg[data][232]/CE <- bd_i/axi_smc/inst/s02_entry_pipeline/s02_mmu/inst/w_sreg/state_reg[m_valid_i]/C
EP  -0.008 xdma_0_axi_aclk        lvl=3   bd_i/axi_smc/inst/s02_entry_pipeline/s02_si_converter/inst/converter.wrap_narrow_inst/w_accum_reg[data][236]/CE <- bd_i/axi_smc/inst/s02_entry_pipeline/s02_mmu/inst/w_sreg/state_reg[m_valid_i]/C
EP  -0.008 xdma_0_axi_aclk        lvl=3   bd_i/axi_smc/inst/s02_entry_pipeline/s02_si_converter/inst/converter.wrap_narrow_inst/w_accum_reg[data][237]/CE <- bd_i/axi_smc/inst/s02_entry_pipeline/s02_mmu/inst/w_sreg/state_reg[m_valid_i]/C
EP  -0.008 xdma_0_axi_aclk        lvl=0   bd_i/layer_0/inst/u_core/u_dn/p_1_out__24__1/DSP_PREADD_DATA_INST/DIN[19] <- bd_i/layer_0/inst/u_core/u_dn/vdata_q_reg[19]_rep__5/C
EP  -0.008 xdma_0_axi_aclk        lvl=8   bd_i/layer_0/inst/u_core/u_dma/fmem_reg_0_255_477_477/DP.C/I <- bd_i/layer_0/inst/u_core/u_dma/f_rp_reg[0]/C
EP  -0.008 xdma_0_axi_aclk        lvl=7   bd_i/layer_0/inst/u_core/u_dn/g_lane[126].kvm_acc_reg[126]/DSP_A_B_DATA_INST/A[27] <- bd_i/layer_0/inst/u_core/u_dn/g_lane[126].dec_p_reg[126]/DSP_OUTPUT_INST/CLK
EP  -0.008 xdma_0_axi_aclk        lvl=0   bd_i/layer_0/inst/u_core/u_dn/g_lane[0].dm_p_reg[0]/DSP_PREADD_DATA_INST/DIN[6] <- bd_i/layer_0/inst/u_core/u_dn/vdata_q_reg[6]_rep__9/C
EP  -0.008 xdma_0_axi_aclk        lvl=9   bd_i/layer_0/inst/u_core/u_dma/fmem_reg_0_255_102_102/SP.C/I <- bd_i/layer_0/inst/u_core/u_dma/f_rp_reg[0]/C
EP  -0.008 xdma_0_axi_aclk        lvl=7   bd_i/layer_0/inst/u_core/u_dn/g_lane[123].kvm_acc_reg[123]/DSP_A_B_DATA_INST/A[9] <- bd_i/layer_0/inst/u_core/u_dn/g_lane[123].dec_p_reg[123]/DSP_OUTPUT_INST/CLK
EP  -0.008 xdma_0_axi_aclk        lvl=4   bd_i/layer_0/inst/u_core/u_dma/fmem_reg_0_255_298_298/SP.D/I <- bd_i/layer_0/inst/u_core/u_dma/rp_esub_reg[2][1]__0/C
EP  -0.008 xdma_0_axi_aclk        lvl=4   bd_i/layer_0/inst/u_core/u_dma/fmem_reg_0_255_225_225/SP.B/I <- bd_i/layer_0/inst/u_core/u_dma/rp_esub_reg[2][1]__0/C
EP  -0.008 xdma_0_axi_aclk        lvl=4   bd_i/layer_0/inst/u_core/u_dma/fmem_reg_0_255_493_493/DP.A/I <- bd_i/layer_0/inst/u_core/kv_dmaq_reg[1005]/C
EP  -0.008 xdma_0_axi_aclk        lvl=2   bd_i/layer_0/inst/u_core/u_attn/g_lane[139].prod_reg[139]/DSP_A_B_DATA_INST/B[8] <- bd_i/layer_0/inst/u_core/g_kvslot[1].mem_reg_uram_30/CLK
EP  -0.007 xdma_0_axi_aclk        lvl=4   bd_i/layer_0/inst/u_core/u_dma/fmem_reg_0_255_353_353/SP.D/I <- bd_i/layer_0/inst/u_core/u_dma/rp_esub_reg[2][1]__0/C
EP  -0.007 xdma_0_axi_aclk        lvl=2   bd_i/layer_0/inst/u_core/g_kvslot[0].mem_reg_uram_13/CAS_IN_DIN_B[34] <- bd_i/layer_0/inst/u_core/dma_act_reg_rep__10/C
EP  -0.007 xdma_0_axi_aclk        lvl=2   bd_i/layer_0/inst/u_core/u_attn/g_lane[44].prod_reg[44]_i_2_psdsp/D <- bd_i/layer_0/inst/u_core/g_kvslot[0].mem_reg_uram_8/CLK
EP  -0.007 xdma_0_axi_aclk        lvl=9   bd_i/layer_0/inst/u_core/u_dn/p_1_out__6__15/DSP_A_B_DATA_INST/A[26] <- bd_i/layer_0/inst/u_core/u_dn/g_lane[46].kvm_acc_reg[46]/DSP_OUTPUT_INST/CLK
EP  -0.007 xdma_0_axi_aclk        lvl=2   bd_i/layer_0/inst/u_core/g_dnslot[0].mem_reg_uram_6/DIN_B[60] <- bd_i/layer_0/inst/u_core/dma_act_reg_rep__31/C
EP  -0.007 xdma_0_axi_aclk        lvl=2   bd_i/layer_0/inst/u_core/u_dn/g_lane[89].kvm_acc_reg[89]/DSP_A_B_DATA_INST/B[17] <- bd_i/layer_0/inst/u_core/u_dn/row_reg[3]/C
EP  -0.007 xdma_0_axi_aclk        lvl=0   bd_i/layer_0/inst/u_core/u_dn/g_lane[60].dm_p_reg[60]/DSP_PREADD_DATA_INST/DIN[19] <- bd_i/layer_0/inst/u_core/u_dn/vdata_q_reg[19]_rep__4/C
EP  -0.007 xdma_0_axi_aclk        lvl=11  bd_i/layer_0/inst/u_core/u_alu/ps_c4_reg[1]/D <- bd_i/layer_0/inst/u_core/u_alu/maxp_reg[36]/C
EP  -0.007 xdma_0_axi_aclk        lvl=2   bd_i/layer_0/inst/u_core/u_attn/g_lane[103].pv_p_reg[103]/DSP_A_B_DATA_INST/A[19] <- bd_i/layer_0/inst/u_core/g_kvslot[0].mem_reg_uram_22/CLK
EP  -0.007 xdma_0_axi_aclk        lvl=4   bd_i/layer_0/inst/u_core/u_dma/fmem_reg_0_255_355_355/DP.C/I <- bd_i/layer_0/inst/u_core/u_dma/rp_esub_reg[2][1]__0/C
EP  -0.007 xdma_0_axi_aclk        lvl=2   bd_i/layer_0/inst/u_core/g_dnslot[1].mem_reg_uram_17/ADDR_A[10] <- bd_i/layer_0/inst/u_core/dma_kind_reg[0]_replica_16/C
EP  -0.007 xdma_0_axi_aclk        lvl=2   bd_i/layer_0/inst/u_core/u_attn/g_lane[41].pv_p_reg[41]_i_7_psdsp/D <- bd_i/layer_0/inst/u_core/g_kvslot[0].mem_reg_uram_8/CLK
EP  -0.007 xdma_0_axi_aclk        lvl=2   bd_i/layer_0/inst/u_core/u_attn/g_lane[160].pv_p_reg[160]/DSP_A_B_DATA_INST/A[16] <- bd_i/layer_0/inst/u_core/g_kvslot[1].mem_reg_uram_34/CLK
EP  -0.007 xdma_0_axi_aclk        lvl=4   bd_i/layer_0/inst/u_core/u_dma/fmem_reg_0_255_298_298/SP.A/I <- bd_i/layer_0/inst/u_core/u_dma/rp_esub_reg[2][1]__0/C
EP  -0.007 xdma_0_axi_aclk        lvl=2   bd_i/layer_0/inst/u_core/u_attn/g_lane[32].pv_p_reg[32]/DSP_A_B_DATA_INST/A[23] <- bd_i/layer_0/inst/u_core/g_kvslot[1].mem_reg_uram_6/CLK
EP  -0.007 xdma_0_axi_aclk        lvl=2   bd_i/layer_0/inst/u_core/u_attn/g_lane[82].pv_p_reg[82]/DSP_A_B_DATA_INST/A[9] <- bd_i/layer_0/inst/u_core/g_kvslot[0].mem_reg_uram_18/CLK
EP  -0.007 xdma_0_axi_aclk        lvl=3   bd_i/layer_0/inst/u_core/krow_reg[1344]/CE <- bd_i/layer_0/inst/u_core/st_reg[3]/C
EP  -0.007 xdma_0_axi_aclk        lvl=2   bd_i/layer_0/inst/u_core/krow_reg[486]/D <- bd_i/layer_0/inst/u_core/kb_i_reg[2]/C
EP  -0.007 xdma_0_axi_aclk        lvl=0   bd_i/layer_0/inst/u_core/u_dn/p_1_out__18__3/DSP_PREADD_DATA_INST/DIN[3] <- bd_i/layer_0/inst/u_core/u_dn/vdata_q_reg[3]_rep__5/C
EP  -0.006 xdma_0_axi_aclk        lvl=2   bd_i/layer_0/inst/u_core/u_dn/g_lane[125].o_acc_reg[125]/DSP_A_B_DATA_INST/B[12] <- bd_i/layer_0/inst/u_core/u_dn/row_reg[1]/C
EP  -0.006 xdma_0_axi_aclk        lvl=8   bd_i/layer_0/inst/u_core/u_dma/fmem_reg_0_255_422_422/DP.A/I <- bd_i/layer_0/inst/u_core/u_dma/f_rp_reg[0]/C
EP  -0.006 xdma_0_axi_aclk        lvl=5   bd_i/layer_0/inst/u_core/u_dn/p_1_out__5__0/DSP_OUTPUT_INST/ALU_OUT[0] <- bd_i/layer_0/inst/u_core/u_dn/decay_r_reg[0][1]/C
EP  -0.006 xdma_0_axi_aclk        lvl=5   bd_i/layer_0/inst/u_core/u_dn/p_1_out__5__0/DSP_OUTPUT_INST/ALU_OUT[10] <- bd_i/layer_0/inst/u_core/u_dn/decay_r_reg[0][1]/C
EP  -0.006 xdma_0_axi_aclk        lvl=5   bd_i/layer_0/inst/u_core/u_dn/p_1_out__5__0/DSP_OUTPUT_INST/ALU_OUT[11] <- bd_i/layer_0/inst/u_core/u_dn/decay_r_reg[0][1]/C
EP  -0.006 xdma_0_axi_aclk        lvl=5   bd_i/layer_0/inst/u_core/u_dn/p_1_out__5__0/DSP_OUTPUT_INST/ALU_OUT[12] <- bd_i/layer_0/inst/u_core/u_dn/decay_r_reg[0][1]/C
EP  -0.006 xdma_0_axi_aclk        lvl=5   bd_i/layer_0/inst/u_core/u_dn/p_1_out__5__0/DSP_OUTPUT_INST/ALU_OUT[13] <- bd_i/layer_0/inst/u_core/u_dn/decay_r_reg[0][1]/C
EP  -0.006 xdma_0_axi_aclk        lvl=5   bd_i/layer_0/inst/u_core/u_dn/p_1_out__5__0/DSP_OUTPUT_INST/ALU_OUT[14] <- bd_i/layer_0/inst/u_core/u_dn/decay_r_reg[0][1]/C
EP  -0.006 xdma_0_axi_aclk        lvl=5   bd_i/layer_0/inst/u_core/u_dn/p_1_out__5__0/DSP_OUTPUT_INST/ALU_OUT[15] <- bd_i/layer_0/inst/u_core/u_dn/decay_r_reg[0][1]/C
EP  -0.006 xdma_0_axi_aclk        lvl=5   bd_i/layer_0/inst/u_core/u_dn/p_1_out__5__0/DSP_OUTPUT_INST/ALU_OUT[16] <- bd_i/layer_0/inst/u_core/u_dn/decay_r_reg[0][1]/C
EP  -0.006 xdma_0_axi_aclk        lvl=5   bd_i/layer_0/inst/u_core/u_dn/p_1_out__5__0/DSP_OUTPUT_INST/ALU_OUT[17] <- bd_i/layer_0/inst/u_core/u_dn/decay_r_reg[0][1]/C
EP  -0.006 xdma_0_axi_aclk        lvl=5   bd_i/layer_0/inst/u_core/u_dn/p_1_out__5__0/DSP_OUTPUT_INST/ALU_OUT[18] <- bd_i/layer_0/inst/u_core/u_dn/decay_r_reg[0][1]/C
EP  -0.006 xdma_0_axi_aclk        lvl=5   bd_i/layer_0/inst/u_core/u_dn/p_1_out__5__0/DSP_OUTPUT_INST/ALU_OUT[19] <- bd_i/layer_0/inst/u_core/u_dn/decay_r_reg[0][1]/C
EP  -0.006 xdma_0_axi_aclk        lvl=5   bd_i/layer_0/inst/u_core/u_dn/p_1_out__5__0/DSP_OUTPUT_INST/ALU_OUT[1] <- bd_i/layer_0/inst/u_core/u_dn/decay_r_reg[0][1]/C
EP  -0.006 xdma_0_axi_aclk        lvl=5   bd_i/layer_0/inst/u_core/u_dn/p_1_out__5__0/DSP_OUTPUT_INST/ALU_OUT[20] <- bd_i/layer_0/inst/u_core/u_dn/decay_r_reg[0][1]/C
EP  -0.006 xdma_0_axi_aclk        lvl=5   bd_i/layer_0/inst/u_core/u_dn/p_1_out__5__0/DSP_OUTPUT_INST/ALU_OUT[21] <- bd_i/layer_0/inst/u_core/u_dn/decay_r_reg[0][1]/C
EP  -0.006 xdma_0_axi_aclk        lvl=5   bd_i/layer_0/inst/u_core/u_dn/p_1_out__5__0/DSP_OUTPUT_INST/ALU_OUT[22] <- bd_i/layer_0/inst/u_core/u_dn/decay_r_reg[0][1]/C
EP  -0.006 xdma_0_axi_aclk        lvl=5   bd_i/layer_0/inst/u_core/u_dn/p_1_out__5__0/DSP_OUTPUT_INST/ALU_OUT[23] <- bd_i/layer_0/inst/u_core/u_dn/decay_r_reg[0][1]/C
EP  -0.006 xdma_0_axi_aclk        lvl=5   bd_i/layer_0/inst/u_core/u_dn/p_1_out__5__0/DSP_OUTPUT_INST/ALU_OUT[24] <- bd_i/layer_0/inst/u_core/u_dn/decay_r_reg[0][1]/C
EP  -0.006 xdma_0_axi_aclk        lvl=5   bd_i/layer_0/inst/u_core/u_dn/p_1_out__5__0/DSP_OUTPUT_INST/ALU_OUT[25] <- bd_i/layer_0/inst/u_core/u_dn/decay_r_reg[0][1]/C
EP  -0.006 xdma_0_axi_aclk        lvl=5   bd_i/layer_0/inst/u_core/u_dn/p_1_out__5__0/DSP_OUTPUT_INST/ALU_OUT[26] <- bd_i/layer_0/inst/u_core/u_dn/decay_r_reg[0][1]/C
EP  -0.006 xdma_0_axi_aclk        lvl=5   bd_i/layer_0/inst/u_core/u_dn/p_1_out__5__0/DSP_OUTPUT_INST/ALU_OUT[27] <- bd_i/layer_0/inst/u_core/u_dn/decay_r_reg[0][1]/C
EP  -0.006 xdma_0_axi_aclk        lvl=5   bd_i/layer_0/inst/u_core/u_dn/p_1_out__5__0/DSP_OUTPUT_INST/ALU_OUT[28] <- bd_i/layer_0/inst/u_core/u_dn/decay_r_reg[0][1]/C
EP  -0.006 xdma_0_axi_aclk        lvl=5   bd_i/layer_0/inst/u_core/u_dn/p_1_out__5__0/DSP_OUTPUT_INST/ALU_OUT[29] <- bd_i/layer_0/inst/u_core/u_dn/decay_r_reg[0][1]/C
EP  -0.006 xdma_0_axi_aclk        lvl=5   bd_i/layer_0/inst/u_core/u_dn/p_1_out__5__0/DSP_OUTPUT_INST/ALU_OUT[2] <- bd_i/layer_0/inst/u_core/u_dn/decay_r_reg[0][1]/C
EP  -0.006 xdma_0_axi_aclk        lvl=5   bd_i/layer_0/inst/u_core/u_dn/p_1_out__5__0/DSP_OUTPUT_INST/ALU_OUT[30] <- bd_i/layer_0/inst/u_core/u_dn/decay_r_reg[0][1]/C
EP  -0.006 xdma_0_axi_aclk        lvl=5   bd_i/layer_0/inst/u_core/u_dn/p_1_out__5__0/DSP_OUTPUT_INST/ALU_OUT[31] <- bd_i/layer_0/inst/u_core/u_dn/decay_r_reg[0][1]/C
EP  -0.006 xdma_0_axi_aclk        lvl=5   bd_i/layer_0/inst/u_core/u_dn/p_1_out__5__0/DSP_OUTPUT_INST/ALU_OUT[32] <- bd_i/layer_0/inst/u_core/u_dn/decay_r_reg[0][1]/C
EP  -0.006 xdma_0_axi_aclk        lvl=5   bd_i/layer_0/inst/u_core/u_dn/p_1_out__5__0/DSP_OUTPUT_INST/ALU_OUT[33] <- bd_i/layer_0/inst/u_core/u_dn/decay_r_reg[0][1]/C
EP  -0.006 xdma_0_axi_aclk        lvl=5   bd_i/layer_0/inst/u_core/u_dn/p_1_out__5__0/DSP_OUTPUT_INST/ALU_OUT[34] <- bd_i/layer_0/inst/u_core/u_dn/decay_r_reg[0][1]/C
EP  -0.006 xdma_0_axi_aclk        lvl=5   bd_i/layer_0/inst/u_core/u_dn/p_1_out__5__0/DSP_OUTPUT_INST/ALU_OUT[35] <- bd_i/layer_0/inst/u_core/u_dn/decay_r_reg[0][1]/C
EP  -0.006 xdma_0_axi_aclk        lvl=5   bd_i/layer_0/inst/u_core/u_dn/p_1_out__5__0/DSP_OUTPUT_INST/ALU_OUT[36] <- bd_i/layer_0/inst/u_core/u_dn/decay_r_reg[0][1]/C
EP  -0.006 xdma_0_axi_aclk        lvl=5   bd_i/layer_0/inst/u_core/u_dn/p_1_out__5__0/DSP_OUTPUT_INST/ALU_OUT[37] <- bd_i/layer_0/inst/u_core/u_dn/decay_r_reg[0][1]/C
EP  -0.006 xdma_0_axi_aclk        lvl=5   bd_i/layer_0/inst/u_core/u_dn/p_1_out__5__0/DSP_OUTPUT_INST/ALU_OUT[38] <- bd_i/layer_0/inst/u_core/u_dn/decay_r_reg[0][1]/C
EP  -0.006 xdma_0_axi_aclk        lvl=5   bd_i/layer_0/inst/u_core/u_dn/p_1_out__5__0/DSP_OUTPUT_INST/ALU_OUT[39] <- bd_i/layer_0/inst/u_core/u_dn/decay_r_reg[0][1]/C
EP  -0.006 xdma_0_axi_aclk        lvl=5   bd_i/layer_0/inst/u_core/u_dn/p_1_out__5__0/DSP_OUTPUT_INST/ALU_OUT[3] <- bd_i/layer_0/inst/u_core/u_dn/decay_r_reg[0][1]/C
EP  -0.006 xdma_0_axi_aclk        lvl=5   bd_i/layer_0/inst/u_core/u_dn/p_1_out__5__0/DSP_OUTPUT_INST/ALU_OUT[40] <- bd_i/layer_0/inst/u_core/u_dn/decay_r_reg[0][1]/C
EP  -0.006 xdma_0_axi_aclk        lvl=5   bd_i/layer_0/inst/u_core/u_dn/p_1_out__5__0/DSP_OUTPUT_INST/ALU_OUT[41] <- bd_i/layer_0/inst/u_core/u_dn/decay_r_reg[0][1]/C
EP  -0.006 xdma_0_axi_aclk        lvl=5   bd_i/layer_0/inst/u_core/u_dn/p_1_out__5__0/DSP_OUTPUT_INST/ALU_OUT[42] <- bd_i/layer_0/inst/u_core/u_dn/decay_r_reg[0][1]/C
EP  -0.006 xdma_0_axi_aclk        lvl=5   bd_i/layer_0/inst/u_core/u_dn/p_1_out__5__0/DSP_OUTPUT_INST/ALU_OUT[43] <- bd_i/layer_0/inst/u_core/u_dn/decay_r_reg[0][1]/C
EP  -0.006 xdma_0_axi_aclk        lvl=5   bd_i/layer_0/inst/u_core/u_dn/p_1_out__5__0/DSP_OUTPUT_INST/ALU_OUT[44] <- bd_i/layer_0/inst/u_core/u_dn/decay_r_reg[0][1]/C
EP  -0.006 xdma_0_axi_aclk        lvl=5   bd_i/layer_0/inst/u_core/u_dn/p_1_out__5__0/DSP_OUTPUT_INST/ALU_OUT[45] <- bd_i/layer_0/inst/u_core/u_dn/decay_r_reg[0][1]/C
EP  -0.006 xdma_0_axi_aclk        lvl=5   bd_i/layer_0/inst/u_core/u_dn/p_1_out__5__0/DSP_OUTPUT_INST/ALU_OUT[46] <- bd_i/layer_0/inst/u_core/u_dn/decay_r_reg[0][1]/C
EP  -0.006 xdma_0_axi_aclk        lvl=5   bd_i/layer_0/inst/u_core/u_dn/p_1_out__5__0/DSP_OUTPUT_INST/ALU_OUT[47] <- bd_i/layer_0/inst/u_core/u_dn/decay_r_reg[0][1]/C
EP  -0.006 xdma_0_axi_aclk        lvl=5   bd_i/layer_0/inst/u_core/u_dn/p_1_out__5__0/DSP_OUTPUT_INST/ALU_OUT[4] <- bd_i/layer_0/inst/u_core/u_dn/decay_r_reg[0][1]/C
EP  -0.006 xdma_0_axi_aclk        lvl=5   bd_i/layer_0/inst/u_core/u_dn/p_1_out__5__0/DSP_OUTPUT_INST/ALU_OUT[5] <- bd_i/layer_0/inst/u_core/u_dn/decay_r_reg[0][1]/C
EP  -0.006 xdma_0_axi_aclk        lvl=5   bd_i/layer_0/inst/u_core/u_dn/p_1_out__5__0/DSP_OUTPUT_INST/ALU_OUT[6] <- bd_i/layer_0/inst/u_core/u_dn/decay_r_reg[0][1]/C
EP  -0.006 xdma_0_axi_aclk        lvl=5   bd_i/layer_0/inst/u_core/u_dn/p_1_out__5__0/DSP_OUTPUT_INST/ALU_OUT[7] <- bd_i/layer_0/inst/u_core/u_dn/decay_r_reg[0][1]/C
EP  -0.006 xdma_0_axi_aclk        lvl=5   bd_i/layer_0/inst/u_core/u_dn/p_1_out__5__0/DSP_OUTPUT_INST/ALU_OUT[8] <- bd_i/layer_0/inst/u_core/u_dn/decay_r_reg[0][1]/C
EP  -0.006 xdma_0_axi_aclk        lvl=5   bd_i/layer_0/inst/u_core/u_dn/p_1_out__5__0/DSP_OUTPUT_INST/ALU_OUT[9] <- bd_i/layer_0/inst/u_core/u_dn/decay_r_reg[0][1]/C
EP  -0.006 xdma_0_axi_aclk        lvl=2   bd_i/layer_0/inst/u_core/krow_reg[1790]/D <- bd_i/layer_0/inst/u_core/kb_i_reg[2]/C
EP  -0.006 xdma_0_axi_aclk        lvl=2   bd_i/layer_0/inst/u_core/u_attn/g_lane[82].pv_p_reg[82]/DSP_A_B_DATA_INST/A[20] <- bd_i/layer_0/inst/u_core/g_kvslot[0].mem_reg_uram_18/CLK
EP  -0.006 xdma_0_axi_aclk        lvl=11  bd_i/layer_0/inst/u_core/u_alu/ps_rnd_reg[26]/D <- bd_i/layer_0/inst/u_core/u_alu/maxp_reg[36]/C
EP  -0.006 xdma_0_axi_aclk        lvl=7   bd_i/layer_0/inst/u_core/eng_sa_reg[4]/CE <- bd_i/layer_0/inst/u_core/cmd_op_reg[0]/C
EP  -0.006 xdma_0_axi_aclk        lvl=5   bd_i/layer_0/inst/u_core/u_dn/g_lane[9].dec_p_reg[9]/DSP_OUTPUT_INST/ALU_OUT[10] <- bd_i/layer_0/inst/u_core/u_dn/decay_r_reg[0][7]/C
EP  -0.006 xdma_0_axi_aclk        lvl=5   bd_i/layer_0/inst/u_core/u_dn/g_lane[9].dec_p_reg[9]/DSP_OUTPUT_INST/ALU_OUT[11] <- bd_i/layer_0/inst/u_core/u_dn/decay_r_reg[0][7]/C
EP  -0.006 xdma_0_axi_aclk        lvl=5   bd_i/layer_0/inst/u_core/u_dn/g_lane[9].dec_p_reg[9]/DSP_OUTPUT_INST/ALU_OUT[12] <- bd_i/layer_0/inst/u_core/u_dn/decay_r_reg[0][7]/C
EP  -0.006 xdma_0_axi_aclk        lvl=5   bd_i/layer_0/inst/u_core/u_dn/g_lane[9].dec_p_reg[9]/DSP_OUTPUT_INST/ALU_OUT[13] <- bd_i/layer_0/inst/u_core/u_dn/decay_r_reg[0][7]/C
EP  -0.006 xdma_0_axi_aclk        lvl=5   bd_i/layer_0/inst/u_core/u_dn/g_lane[9].dec_p_reg[9]/DSP_OUTPUT_INST/ALU_OUT[14] <- bd_i/layer_0/inst/u_core/u_dn/decay_r_reg[0][7]/C
EP  -0.006 xdma_0_axi_aclk        lvl=5   bd_i/layer_0/inst/u_core/u_dn/g_lane[9].dec_p_reg[9]/DSP_OUTPUT_INST/ALU_OUT[15] <- bd_i/layer_0/inst/u_core/u_dn/decay_r_reg[0][7]/C
EP  -0.006 xdma_0_axi_aclk        lvl=5   bd_i/layer_0/inst/u_core/u_dn/g_lane[9].dec_p_reg[9]/DSP_OUTPUT_INST/ALU_OUT[16] <- bd_i/layer_0/inst/u_core/u_dn/decay_r_reg[0][7]/C
EP  -0.006 xdma_0_axi_aclk        lvl=5   bd_i/layer_0/inst/u_core/u_dn/g_lane[9].dec_p_reg[9]/DSP_OUTPUT_INST/ALU_OUT[17] <- bd_i/layer_0/inst/u_core/u_dn/decay_r_reg[0][7]/C
EP  -0.006 xdma_0_axi_aclk        lvl=5   bd_i/layer_0/inst/u_core/u_dn/g_lane[9].dec_p_reg[9]/DSP_OUTPUT_INST/ALU_OUT[18] <- bd_i/layer_0/inst/u_core/u_dn/decay_r_reg[0][7]/C
EP  -0.006 xdma_0_axi_aclk        lvl=5   bd_i/layer_0/inst/u_core/u_dn/g_lane[9].dec_p_reg[9]/DSP_OUTPUT_INST/ALU_OUT[19] <- bd_i/layer_0/inst/u_core/u_dn/decay_r_reg[0][7]/C
EP  -0.006 xdma_0_axi_aclk        lvl=5   bd_i/layer_0/inst/u_core/u_dn/g_lane[9].dec_p_reg[9]/DSP_OUTPUT_INST/ALU_OUT[20] <- bd_i/layer_0/inst/u_core/u_dn/decay_r_reg[0][7]/C
EP  -0.006 xdma_0_axi_aclk        lvl=5   bd_i/layer_0/inst/u_core/u_dn/g_lane[9].dec_p_reg[9]/DSP_OUTPUT_INST/ALU_OUT[21] <- bd_i/layer_0/inst/u_core/u_dn/decay_r_reg[0][7]/C
EP  -0.006 xdma_0_axi_aclk        lvl=5   bd_i/layer_0/inst/u_core/u_dn/g_lane[9].dec_p_reg[9]/DSP_OUTPUT_INST/ALU_OUT[22] <- bd_i/layer_0/inst/u_core/u_dn/decay_r_reg[0][7]/C
EP  -0.006 xdma_0_axi_aclk        lvl=5   bd_i/layer_0/inst/u_core/u_dn/g_lane[9].dec_p_reg[9]/DSP_OUTPUT_INST/ALU_OUT[23] <- bd_i/layer_0/inst/u_core/u_dn/decay_r_reg[0][7]/C
EP  -0.006 xdma_0_axi_aclk        lvl=5   bd_i/layer_0/inst/u_core/u_dn/g_lane[9].dec_p_reg[9]/DSP_OUTPUT_INST/ALU_OUT[24] <- bd_i/layer_0/inst/u_core/u_dn/decay_r_reg[0][7]/C
EP  -0.006 xdma_0_axi_aclk        lvl=5   bd_i/layer_0/inst/u_core/u_dn/g_lane[9].dec_p_reg[9]/DSP_OUTPUT_INST/ALU_OUT[25] <- bd_i/layer_0/inst/u_core/u_dn/decay_r_reg[0][7]/C
EP  -0.006 xdma_0_axi_aclk        lvl=5   bd_i/layer_0/inst/u_core/u_dn/g_lane[9].dec_p_reg[9]/DSP_OUTPUT_INST/ALU_OUT[26] <- bd_i/layer_0/inst/u_core/u_dn/decay_r_reg[0][7]/C
EP  -0.006 xdma_0_axi_aclk        lvl=5   bd_i/layer_0/inst/u_core/u_dn/g_lane[9].dec_p_reg[9]/DSP_OUTPUT_INST/ALU_OUT[27] <- bd_i/layer_0/inst/u_core/u_dn/decay_r_reg[0][7]/C
EP  -0.006 xdma_0_axi_aclk        lvl=5   bd_i/layer_0/inst/u_core/u_dn/g_lane[9].dec_p_reg[9]/DSP_OUTPUT_INST/ALU_OUT[28] <- bd_i/layer_0/inst/u_core/u_dn/decay_r_reg[0][7]/C
EP  -0.006 xdma_0_axi_aclk        lvl=5   bd_i/layer_0/inst/u_core/u_dn/g_lane[9].dec_p_reg[9]/DSP_OUTPUT_INST/ALU_OUT[29] <- bd_i/layer_0/inst/u_core/u_dn/decay_r_reg[0][7]/C
EP  -0.006 xdma_0_axi_aclk        lvl=5   bd_i/layer_0/inst/u_core/u_dn/g_lane[9].dec_p_reg[9]/DSP_OUTPUT_INST/ALU_OUT[30] <- bd_i/layer_0/inst/u_core/u_dn/decay_r_reg[0][7]/C
EP  -0.006 xdma_0_axi_aclk        lvl=5   bd_i/layer_0/inst/u_core/u_dn/g_lane[9].dec_p_reg[9]/DSP_OUTPUT_INST/ALU_OUT[31] <- bd_i/layer_0/inst/u_core/u_dn/decay_r_reg[0][7]/C
EP  -0.006 xdma_0_axi_aclk        lvl=5   bd_i/layer_0/inst/u_core/u_dn/g_lane[9].dec_p_reg[9]/DSP_OUTPUT_INST/ALU_OUT[32] <- bd_i/layer_0/inst/u_core/u_dn/decay_r_reg[0][7]/C
EP  -0.006 xdma_0_axi_aclk        lvl=5   bd_i/layer_0/inst/u_core/u_dn/g_lane[9].dec_p_reg[9]/DSP_OUTPUT_INST/ALU_OUT[33] <- bd_i/layer_0/inst/u_core/u_dn/decay_r_reg[0][7]/C
EP  -0.006 xdma_0_axi_aclk        lvl=5   bd_i/layer_0/inst/u_core/u_dn/g_lane[9].dec_p_reg[9]/DSP_OUTPUT_INST/ALU_OUT[34] <- bd_i/layer_0/inst/u_core/u_dn/decay_r_reg[0][7]/C
EP  -0.006 xdma_0_axi_aclk        lvl=5   bd_i/layer_0/inst/u_core/u_dn/g_lane[9].dec_p_reg[9]/DSP_OUTPUT_INST/ALU_OUT[35] <- bd_i/layer_0/inst/u_core/u_dn/decay_r_reg[0][7]/C
EP  -0.006 xdma_0_axi_aclk        lvl=5   bd_i/layer_0/inst/u_core/u_dn/g_lane[9].dec_p_reg[9]/DSP_OUTPUT_INST/ALU_OUT[36] <- bd_i/layer_0/inst/u_core/u_dn/decay_r_reg[0][7]/C
EP  -0.006 xdma_0_axi_aclk        lvl=5   bd_i/layer_0/inst/u_core/u_dn/g_lane[9].dec_p_reg[9]/DSP_OUTPUT_INST/ALU_OUT[37] <- bd_i/layer_0/inst/u_core/u_dn/decay_r_reg[0][7]/C
EP  -0.006 xdma_0_axi_aclk        lvl=5   bd_i/layer_0/inst/u_core/u_dn/g_lane[9].dec_p_reg[9]/DSP_OUTPUT_INST/ALU_OUT[38] <- bd_i/layer_0/inst/u_core/u_dn/decay_r_reg[0][7]/C
EP  -0.006 xdma_0_axi_aclk        lvl=5   bd_i/layer_0/inst/u_core/u_dn/g_lane[9].dec_p_reg[9]/DSP_OUTPUT_INST/ALU_OUT[39] <- bd_i/layer_0/inst/u_core/u_dn/decay_r_reg[0][7]/C
EP  -0.006 xdma_0_axi_aclk        lvl=5   bd_i/layer_0/inst/u_core/u_dn/g_lane[9].dec_p_reg[9]/DSP_OUTPUT_INST/ALU_OUT[40] <- bd_i/layer_0/inst/u_core/u_dn/decay_r_reg[0][7]/C
EP  -0.006 xdma_0_axi_aclk        lvl=5   bd_i/layer_0/inst/u_core/u_dn/g_lane[9].dec_p_reg[9]/DSP_OUTPUT_INST/ALU_OUT[41] <- bd_i/layer_0/inst/u_core/u_dn/decay_r_reg[0][7]/C
EP  -0.006 xdma_0_axi_aclk        lvl=5   bd_i/layer_0/inst/u_core/u_dn/g_lane[9].dec_p_reg[9]/DSP_OUTPUT_INST/ALU_OUT[42] <- bd_i/layer_0/inst/u_core/u_dn/decay_r_reg[0][7]/C
EP  -0.006 xdma_0_axi_aclk        lvl=5   bd_i/layer_0/inst/u_core/u_dn/g_lane[9].dec_p_reg[9]/DSP_OUTPUT_INST/ALU_OUT[43] <- bd_i/layer_0/inst/u_core/u_dn/decay_r_reg[0][7]/C
EP  -0.006 xdma_0_axi_aclk        lvl=5   bd_i/layer_0/inst/u_core/u_dn/g_lane[9].dec_p_reg[9]/DSP_OUTPUT_INST/ALU_OUT[44] <- bd_i/layer_0/inst/u_core/u_dn/decay_r_reg[0][7]/C
EP  -0.006 xdma_0_axi_aclk        lvl=5   bd_i/layer_0/inst/u_core/u_dn/g_lane[9].dec_p_reg[9]/DSP_OUTPUT_INST/ALU_OUT[45] <- bd_i/layer_0/inst/u_core/u_dn/decay_r_reg[0][7]/C
EP  -0.006 xdma_0_axi_aclk        lvl=5   bd_i/layer_0/inst/u_core/u_dn/g_lane[9].dec_p_reg[9]/DSP_OUTPUT_INST/ALU_OUT[46] <- bd_i/layer_0/inst/u_core/u_dn/decay_r_reg[0][7]/C
EP  -0.006 xdma_0_axi_aclk        lvl=5   bd_i/layer_0/inst/u_core/u_dn/g_lane[9].dec_p_reg[9]/DSP_OUTPUT_INST/ALU_OUT[47] <- bd_i/layer_0/inst/u_core/u_dn/decay_r_reg[0][7]/C
EP  -0.006 xdma_0_axi_aclk        lvl=5   bd_i/layer_0/inst/u_core/u_dn/g_lane[9].dec_p_reg[9]/DSP_OUTPUT_INST/ALU_OUT[6] <- bd_i/layer_0/inst/u_core/u_dn/decay_r_reg[0][7]/C
EP  -0.006 xdma_0_axi_aclk        lvl=5   bd_i/layer_0/inst/u_core/u_dn/g_lane[9].dec_p_reg[9]/DSP_OUTPUT_INST/ALU_OUT[7] <- bd_i/layer_0/inst/u_core/u_dn/decay_r_reg[0][7]/C
EP  -0.006 xdma_0_axi_aclk        lvl=5   bd_i/layer_0/inst/u_core/u_dn/g_lane[9].dec_p_reg[9]/DSP_OUTPUT_INST/ALU_OUT[8] <- bd_i/layer_0/inst/u_core/u_dn/decay_r_reg[0][7]/C
EP  -0.006 xdma_0_axi_aclk        lvl=5   bd_i/layer_0/inst/u_core/u_dn/g_lane[9].dec_p_reg[9]/DSP_OUTPUT_INST/ALU_OUT[9] <- bd_i/layer_0/inst/u_core/u_dn/decay_r_reg[0][7]/C
EP  -0.006 xdma_0_axi_aclk        lvl=1   bd_i/layer_0/inst/u_core/u_dn/g_lane[94].dec_p_reg[94]/DSP_A_B_DATA_INST/A[9] <- bd_i/layer_0/inst/u_core/g_dnslot[1].mem_reg_uram_21/CLK
EP  -0.006 xdma_0_axi_aclk        lvl=3   bd_i/axi_smc/inst/s02_entry_pipeline/s02_si_converter/inst/converter.wrap_narrow_inst/w_accum_reg[data][426]/CE <- bd_i/axi_smc/inst/s02_entry_pipeline/s02_mmu/inst/w_sreg/state_reg[m_valid_i]/C
EP  -0.006 xdma_0_axi_aclk        lvl=3   bd_i/axi_smc/inst/s02_entry_pipeline/s02_si_converter/inst/converter.wrap_narrow_inst/w_accum_reg[data][429]/CE <- bd_i/axi_smc/inst/s02_entry_pipeline/s02_mmu/inst/w_sreg/state_reg[m_valid_i]/C
EP  -0.006 xdma_0_axi_aclk        lvl=5   bd_i/layer_0/inst/u_core/u_dn/p_0_out__3__13/DSP_A_B_DATA_INST/A[29] <- bd_i/layer_0/inst/u_core/u_dn/p_1_out__6__16/DSP_OUTPUT_INST/CLK
EP  -0.006 xdma_0_axi_aclk        lvl=2   bd_i/layer_0/inst/u_core/u_attn/g_lane[26].prod_reg[26]_i_9_psdsp_1/D <- bd_i/layer_0/inst/u_core/g_kvslot[1].mem_reg_uram_4/CLK
EP  -0.006 xdma_0_axi_aclk        lvl=2   bd_i/layer_0/inst/u_core/u_dn/g_lane[94].o_acc_reg[94]/DSP_A_B_DATA_INST/B[12] <- bd_i/layer_0/inst/u_core/u_dn/row_reg[1]/C
EP  -0.006 xdma_0_axi_aclk        lvl=3   bd_i/layer_0/inst/u_core/smem_b_reg_bram_12/ADDRARDADDR[14] <- bd_i/layer_0/inst/u_core/cmd_op_reg[1]/C
EP  -0.006 xdma_0_axi_aclk        lvl=2   bd_i/layer_0/inst/u_core/u_attn/g_lane[173].prod_reg[173]/DSP_A_B_DATA_INST/B[13] <- bd_i/layer_0/inst/u_core/g_kvslot[0].mem_reg_uram_38/CLK
EP  -0.006 xdma_0_axi_aclk        lvl=5   bd_i/layer_0/inst/u_core/u_dn/g_lane[119].dec_p_reg[119]/DSP_OUTPUT_INST/ALU_OUT[16] <- bd_i/layer_0/inst/u_core/u_dn/decay_r_reg[3][15]/C
EP  -0.006 xdma_0_axi_aclk        lvl=5   bd_i/layer_0/inst/u_core/u_dn/g_lane[119].dec_p_reg[119]/DSP_OUTPUT_INST/ALU_OUT[17] <- bd_i/layer_0/inst/u_core/u_dn/decay_r_reg[3][15]/C
EP  -0.006 xdma_0_axi_aclk        lvl=5   bd_i/layer_0/inst/u_core/u_dn/g_lane[119].dec_p_reg[119]/DSP_OUTPUT_INST/ALU_OUT[18] <- bd_i/layer_0/inst/u_core/u_dn/decay_r_reg[3][15]/C
EP  -0.006 xdma_0_axi_aclk        lvl=5   bd_i/layer_0/inst/u_core/u_dn/g_lane[119].dec_p_reg[119]/DSP_OUTPUT_INST/ALU_OUT[19] <- bd_i/layer_0/inst/u_core/u_dn/decay_r_reg[3][15]/C
EP  -0.006 xdma_0_axi_aclk        lvl=5   bd_i/layer_0/inst/u_core/u_dn/g_lane[119].dec_p_reg[119]/DSP_OUTPUT_INST/ALU_OUT[20] <- bd_i/layer_0/inst/u_core/u_dn/decay_r_reg[3][15]/C
EP  -0.006 xdma_0_axi_aclk        lvl=5   bd_i/layer_0/inst/u_core/u_dn/g_lane[119].dec_p_reg[119]/DSP_OUTPUT_INST/ALU_OUT[21] <- bd_i/layer_0/inst/u_core/u_dn/decay_r_reg[3][15]/C
EP  -0.006 xdma_0_axi_aclk        lvl=5   bd_i/layer_0/inst/u_core/u_dn/g_lane[119].dec_p_reg[119]/DSP_OUTPUT_INST/ALU_OUT[22] <- bd_i/layer_0/inst/u_core/u_dn/decay_r_reg[3][15]/C
EP  -0.006 xdma_0_axi_aclk        lvl=5   bd_i/layer_0/inst/u_core/u_dn/g_lane[119].dec_p_reg[119]/DSP_OUTPUT_INST/ALU_OUT[23] <- bd_i/layer_0/inst/u_core/u_dn/decay_r_reg[3][15]/C
EP  -0.006 xdma_0_axi_aclk        lvl=5   bd_i/layer_0/inst/u_core/u_dn/g_lane[119].dec_p_reg[119]/DSP_OUTPUT_INST/ALU_OUT[24] <- bd_i/layer_0/inst/u_core/u_dn/decay_r_reg[3][15]/C
EP  -0.006 xdma_0_axi_aclk        lvl=5   bd_i/layer_0/inst/u_core/u_dn/g_lane[119].dec_p_reg[119]/DSP_OUTPUT_INST/ALU_OUT[25] <- bd_i/layer_0/inst/u_core/u_dn/decay_r_reg[3][15]/C
EP  -0.006 xdma_0_axi_aclk        lvl=5   bd_i/layer_0/inst/u_core/u_dn/g_lane[119].dec_p_reg[119]/DSP_OUTPUT_INST/ALU_OUT[26] <- bd_i/layer_0/inst/u_core/u_dn/decay_r_reg[3][15]/C
EP  -0.006 xdma_0_axi_aclk        lvl=5   bd_i/layer_0/inst/u_core/u_dn/g_lane[119].dec_p_reg[119]/DSP_OUTPUT_INST/ALU_OUT[27] <- bd_i/layer_0/inst/u_core/u_dn/decay_r_reg[3][15]/C
EP  -0.006 xdma_0_axi_aclk        lvl=5   bd_i/layer_0/inst/u_core/u_dn/g_lane[119].dec_p_reg[119]/DSP_OUTPUT_INST/ALU_OUT[28] <- bd_i/layer_0/inst/u_core/u_dn/decay_r_reg[3][15]/C
EP  -0.006 xdma_0_axi_aclk        lvl=5   bd_i/layer_0/inst/u_core/u_dn/g_lane[119].dec_p_reg[119]/DSP_OUTPUT_INST/ALU_OUT[29] <- bd_i/layer_0/inst/u_core/u_dn/decay_r_reg[3][15]/C
EP  -0.006 xdma_0_axi_aclk        lvl=5   bd_i/layer_0/inst/u_core/u_dn/g_lane[119].dec_p_reg[119]/DSP_OUTPUT_INST/ALU_OUT[30] <- bd_i/layer_0/inst/u_core/u_dn/decay_r_reg[3][15]/C
EP  -0.006 xdma_0_axi_aclk        lvl=5   bd_i/layer_0/inst/u_core/u_dn/g_lane[119].dec_p_reg[119]/DSP_OUTPUT_INST/ALU_OUT[31] <- bd_i/layer_0/inst/u_core/u_dn/decay_r_reg[3][15]/C
EP  -0.006 xdma_0_axi_aclk        lvl=5   bd_i/layer_0/inst/u_core/u_dn/g_lane[119].dec_p_reg[119]/DSP_OUTPUT_INST/ALU_OUT[32] <- bd_i/layer_0/inst/u_core/u_dn/decay_r_reg[3][15]/C
EP  -0.006 xdma_0_axi_aclk        lvl=5   bd_i/layer_0/inst/u_core/u_dn/g_lane[119].dec_p_reg[119]/DSP_OUTPUT_INST/ALU_OUT[33] <- bd_i/layer_0/inst/u_core/u_dn/decay_r_reg[3][15]/C
EP  -0.006 xdma_0_axi_aclk        lvl=5   bd_i/layer_0/inst/u_core/u_dn/g_lane[119].dec_p_reg[119]/DSP_OUTPUT_INST/ALU_OUT[34] <- bd_i/layer_0/inst/u_core/u_dn/decay_r_reg[3][15]/C
EP  -0.006 xdma_0_axi_aclk        lvl=5   bd_i/layer_0/inst/u_core/u_dn/g_lane[119].dec_p_reg[119]/DSP_OUTPUT_INST/ALU_OUT[35] <- bd_i/layer_0/inst/u_core/u_dn/decay_r_reg[3][15]/C
EP  -0.006 xdma_0_axi_aclk        lvl=5   bd_i/layer_0/inst/u_core/u_dn/g_lane[119].dec_p_reg[119]/DSP_OUTPUT_INST/ALU_OUT[36] <- bd_i/layer_0/inst/u_core/u_dn/decay_r_reg[3][15]/C
EP  -0.006 xdma_0_axi_aclk        lvl=5   bd_i/layer_0/inst/u_core/u_dn/g_lane[119].dec_p_reg[119]/DSP_OUTPUT_INST/ALU_OUT[37] <- bd_i/layer_0/inst/u_core/u_dn/decay_r_reg[3][15]/C
EP  -0.006 xdma_0_axi_aclk        lvl=5   bd_i/layer_0/inst/u_core/u_dn/g_lane[119].dec_p_reg[119]/DSP_OUTPUT_INST/ALU_OUT[38] <- bd_i/layer_0/inst/u_core/u_dn/decay_r_reg[3][15]/C
EP  -0.006 xdma_0_axi_aclk        lvl=5   bd_i/layer_0/inst/u_core/u_dn/g_lane[119].dec_p_reg[119]/DSP_OUTPUT_INST/ALU_OUT[39] <- bd_i/layer_0/inst/u_core/u_dn/decay_r_reg[3][15]/C
EP  -0.006 xdma_0_axi_aclk        lvl=5   bd_i/layer_0/inst/u_core/u_dn/g_lane[119].dec_p_reg[119]/DSP_OUTPUT_INST/ALU_OUT[40] <- bd_i/layer_0/inst/u_core/u_dn/decay_r_reg[3][15]/C
EP  -0.006 xdma_0_axi_aclk        lvl=5   bd_i/layer_0/inst/u_core/u_dn/g_lane[119].dec_p_reg[119]/DSP_OUTPUT_INST/ALU_OUT[41] <- bd_i/layer_0/inst/u_core/u_dn/decay_r_reg[3][15]/C
EP  -0.006 xdma_0_axi_aclk        lvl=5   bd_i/layer_0/inst/u_core/u_dn/g_lane[119].dec_p_reg[119]/DSP_OUTPUT_INST/ALU_OUT[42] <- bd_i/layer_0/inst/u_core/u_dn/decay_r_reg[3][15]/C
EP  -0.006 xdma_0_axi_aclk        lvl=5   bd_i/layer_0/inst/u_core/u_dn/g_lane[119].dec_p_reg[119]/DSP_OUTPUT_INST/ALU_OUT[43] <- bd_i/layer_0/inst/u_core/u_dn/decay_r_reg[3][15]/C
EP  -0.006 xdma_0_axi_aclk        lvl=5   bd_i/layer_0/inst/u_core/u_dn/g_lane[119].dec_p_reg[119]/DSP_OUTPUT_INST/ALU_OUT[44] <- bd_i/layer_0/inst/u_core/u_dn/decay_r_reg[3][15]/C
EP  -0.006 xdma_0_axi_aclk        lvl=5   bd_i/layer_0/inst/u_core/u_dn/g_lane[119].dec_p_reg[119]/DSP_OUTPUT_INST/ALU_OUT[45] <- bd_i/layer_0/inst/u_core/u_dn/decay_r_reg[3][15]/C
EP  -0.006 xdma_0_axi_aclk        lvl=5   bd_i/layer_0/inst/u_core/u_dn/g_lane[119].dec_p_reg[119]/DSP_OUTPUT_INST/ALU_OUT[46] <- bd_i/layer_0/inst/u_core/u_dn/decay_r_reg[3][15]/C
EP  -0.006 xdma_0_axi_aclk        lvl=5   bd_i/layer_0/inst/u_core/u_dn/g_lane[119].dec_p_reg[119]/DSP_OUTPUT_INST/ALU_OUT[47] <- bd_i/layer_0/inst/u_core/u_dn/decay_r_reg[3][15]/C
EP  -0.006 xdma_0_axi_aclk        lvl=8   bd_i/layer_0/inst/u_core/u_dn/g_lane[120].kvm_acc_reg[120]/DSP_A_B_DATA_INST/A[17] <- bd_i/layer_0/inst/u_core/u_dn/g_lane[120].dec_p_reg[120]/DSP_OUTPUT_INST/CLK
EP  -0.006 xdma_0_axi_aclk        lvl=2   bd_i/layer_0/inst/u_core/krow_reg[391]/D <- bd_i/layer_0/inst/u_core/kbyte_reg[7]/C
EP  -0.006 xdma_0_axi_aclk        lvl=4   bd_i/layer_0/inst/u_core/u_dma/fmem_reg_0_255_355_355/SP.B/I <- bd_i/layer_0/inst/u_core/u_dma/rp_esub_reg[2][1]__0/C
EP  -0.006 xdma_0_axi_aclk        lvl=8   bd_i/layer_0/inst/u_core/u_dma/fmem_reg_0_255_354_354/DP.A/I <- bd_i/layer_0/inst/u_core/u_dma/f_rp_reg[0]/C
EP  -0.006 xdma_0_axi_aclk        lvl=4   bd_i/layer_0/inst/u_core/u_dma/fmem_reg_0_255_493_493/DP.B/I <- bd_i/layer_0/inst/u_core/kv_dmaq_reg[1005]/C
EP  -0.006 xdma_0_axi_aclk        lvl=2   bd_i/layer_0/inst/u_core/krow_reg[1871]/D <- bd_i/layer_0/inst/u_core/kb_i_reg[2]/C
EP  -0.006 xdma_0_axi_aclk        lvl=9   bd_i/layer_0/inst/u_core/u_dma/fmem_reg_0_255_102_102/DP.C/I <- bd_i/layer_0/inst/u_core/u_dma/f_rp_reg[0]/C
EP  -0.006 xdma_0_axi_aclk        lvl=1   bd_i/layer_0/inst/u_core/u_dn/p_1_out__2__6/DSP_A_B_DATA_INST/A[10] <- bd_i/layer_0/inst/u_core/g_dnslot[1].mem_reg_uram_16/CLK
EP  -0.006 xdma_0_axi_aclk        lvl=4   bd_i/layer_0/inst/u_core/u_dma/fmem_reg_0_255_6_6/DP.B/I <- bd_i/layer_0/inst/u_core/kv_dmaq_reg[6]/C
EP  -0.006 xdma_0_axi_aclk        lvl=5   bd_i/layer_0/inst/u_core/u_dn/p_1_out__0__15/DSP_OUTPUT_INST/ALU_OUT[14] <- bd_i/layer_0/inst/u_core/u_dn/decay_r_reg[3][15]/C
EP  -0.006 xdma_0_axi_aclk        lvl=5   bd_i/layer_0/inst/u_core/u_dn/p_1_out__0__15/DSP_OUTPUT_INST/ALU_OUT[15] <- bd_i/layer_0/inst/u_core/u_dn/decay_r_reg[3][15]/C
EP  -0.006 xdma_0_axi_aclk        lvl=5   bd_i/layer_0/inst/u_core/u_dn/p_1_out__0__15/DSP_OUTPUT_INST/ALU_OUT[16] <- bd_i/layer_0/inst/u_core/u_dn/decay_r_reg[3][15]/C
EP  -0.006 xdma_0_axi_aclk        lvl=5   bd_i/layer_0/inst/u_core/u_dn/p_1_out__0__15/DSP_OUTPUT_INST/ALU_OUT[17] <- bd_i/layer_0/inst/u_core/u_dn/decay_r_reg[3][15]/C
EP  -0.006 xdma_0_axi_aclk        lvl=5   bd_i/layer_0/inst/u_core/u_dn/p_1_out__0__15/DSP_OUTPUT_INST/ALU_OUT[18] <- bd_i/layer_0/inst/u_core/u_dn/decay_r_reg[3][15]/C
EP  -0.006 xdma_0_axi_aclk        lvl=5   bd_i/layer_0/inst/u_core/u_dn/p_1_out__0__15/DSP_OUTPUT_INST/ALU_OUT[19] <- bd_i/layer_0/inst/u_core/u_dn/decay_r_reg[3][15]/C
EP  -0.006 xdma_0_axi_aclk        lvl=5   bd_i/layer_0/inst/u_core/u_dn/p_1_out__0__15/DSP_OUTPUT_INST/ALU_OUT[20] <- bd_i/layer_0/inst/u_core/u_dn/decay_r_reg[3][15]/C
EP  -0.006 xdma_0_axi_aclk        lvl=5   bd_i/layer_0/inst/u_core/u_dn/p_1_out__0__15/DSP_OUTPUT_INST/ALU_OUT[21] <- bd_i/layer_0/inst/u_core/u_dn/decay_r_reg[3][15]/C
EP  -0.006 xdma_0_axi_aclk        lvl=5   bd_i/layer_0/inst/u_core/u_dn/p_1_out__0__15/DSP_OUTPUT_INST/ALU_OUT[22] <- bd_i/layer_0/inst/u_core/u_dn/decay_r_reg[3][15]/C
EP  -0.006 xdma_0_axi_aclk        lvl=5   bd_i/layer_0/inst/u_core/u_dn/p_1_out__0__15/DSP_OUTPUT_INST/ALU_OUT[23] <- bd_i/layer_0/inst/u_core/u_dn/decay_r_reg[3][15]/C
EP  -0.006 xdma_0_axi_aclk        lvl=5   bd_i/layer_0/inst/u_core/u_dn/p_1_out__0__15/DSP_OUTPUT_INST/ALU_OUT[24] <- bd_i/layer_0/inst/u_core/u_dn/decay_r_reg[3][15]/C
EP  -0.006 xdma_0_axi_aclk        lvl=5   bd_i/layer_0/inst/u_core/u_dn/p_1_out__0__15/DSP_OUTPUT_INST/ALU_OUT[25] <- bd_i/layer_0/inst/u_core/u_dn/decay_r_reg[3][15]/C
EP  -0.006 xdma_0_axi_aclk        lvl=5   bd_i/layer_0/inst/u_core/u_dn/p_1_out__0__15/DSP_OUTPUT_INST/ALU_OUT[26] <- bd_i/layer_0/inst/u_core/u_dn/decay_r_reg[3][15]/C
EP  -0.006 xdma_0_axi_aclk        lvl=5   bd_i/layer_0/inst/u_core/u_dn/p_1_out__0__15/DSP_OUTPUT_INST/ALU_OUT[27] <- bd_i/layer_0/inst/u_core/u_dn/decay_r_reg[3][15]/C
EP  -0.006 xdma_0_axi_aclk        lvl=5   bd_i/layer_0/inst/u_core/u_dn/p_1_out__0__15/DSP_OUTPUT_INST/ALU_OUT[28] <- bd_i/layer_0/inst/u_core/u_dn/decay_r_reg[3][15]/C
EP  -0.006 xdma_0_axi_aclk        lvl=5   bd_i/layer_0/inst/u_core/u_dn/p_1_out__0__15/DSP_OUTPUT_INST/ALU_OUT[29] <- bd_i/layer_0/inst/u_core/u_dn/decay_r_reg[3][15]/C
EP  -0.006 xdma_0_axi_aclk        lvl=5   bd_i/layer_0/inst/u_core/u_dn/p_1_out__0__15/DSP_OUTPUT_INST/ALU_OUT[30] <- bd_i/layer_0/inst/u_core/u_dn/decay_r_reg[3][15]/C
EP  -0.006 xdma_0_axi_aclk        lvl=5   bd_i/layer_0/inst/u_core/u_dn/p_1_out__0__15/DSP_OUTPUT_INST/ALU_OUT[31] <- bd_i/layer_0/inst/u_core/u_dn/decay_r_reg[3][15]/C
EP  -0.006 xdma_0_axi_aclk        lvl=5   bd_i/layer_0/inst/u_core/u_dn/p_1_out__0__15/DSP_OUTPUT_INST/ALU_OUT[32] <- bd_i/layer_0/inst/u_core/u_dn/decay_r_reg[3][15]/C
EP  -0.006 xdma_0_axi_aclk        lvl=5   bd_i/layer_0/inst/u_core/u_dn/p_1_out__0__15/DSP_OUTPUT_INST/ALU_OUT[33] <- bd_i/layer_0/inst/u_core/u_dn/decay_r_reg[3][15]/C
EP  -0.006 xdma_0_axi_aclk        lvl=5   bd_i/layer_0/inst/u_core/u_dn/p_1_out__0__15/DSP_OUTPUT_INST/ALU_OUT[34] <- bd_i/layer_0/inst/u_core/u_dn/decay_r_reg[3][15]/C
EP  -0.006 xdma_0_axi_aclk        lvl=5   bd_i/layer_0/inst/u_core/u_dn/p_1_out__0__15/DSP_OUTPUT_INST/ALU_OUT[35] <- bd_i/layer_0/inst/u_core/u_dn/decay_r_reg[3][15]/C
EP  -0.006 xdma_0_axi_aclk        lvl=5   bd_i/layer_0/inst/u_core/u_dn/p_1_out__0__15/DSP_OUTPUT_INST/ALU_OUT[36] <- bd_i/layer_0/inst/u_core/u_dn/decay_r_reg[3][15]/C
EP  -0.006 xdma_0_axi_aclk        lvl=5   bd_i/layer_0/inst/u_core/u_dn/p_1_out__0__15/DSP_OUTPUT_INST/ALU_OUT[37] <- bd_i/layer_0/inst/u_core/u_dn/decay_r_reg[3][15]/C
EP  -0.006 xdma_0_axi_aclk        lvl=5   bd_i/layer_0/inst/u_core/u_dn/p_1_out__0__15/DSP_OUTPUT_INST/ALU_OUT[38] <- bd_i/layer_0/inst/u_core/u_dn/decay_r_reg[3][15]/C
EP  -0.006 xdma_0_axi_aclk        lvl=5   bd_i/layer_0/inst/u_core/u_dn/p_1_out__0__15/DSP_OUTPUT_INST/ALU_OUT[39] <- bd_i/layer_0/inst/u_core/u_dn/decay_r_reg[3][15]/C
EP  -0.006 xdma_0_axi_aclk        lvl=5   bd_i/layer_0/inst/u_core/u_dn/p_1_out__0__15/DSP_OUTPUT_INST/ALU_OUT[40] <- bd_i/layer_0/inst/u_core/u_dn/decay_r_reg[3][15]/C
EP  -0.006 xdma_0_axi_aclk        lvl=5   bd_i/layer_0/inst/u_core/u_dn/p_1_out__0__15/DSP_OUTPUT_INST/ALU_OUT[41] <- bd_i/layer_0/inst/u_core/u_dn/decay_r_reg[3][15]/C
EP  -0.006 xdma_0_axi_aclk        lvl=5   bd_i/layer_0/inst/u_core/u_dn/p_1_out__0__15/DSP_OUTPUT_INST/ALU_OUT[42] <- bd_i/layer_0/inst/u_core/u_dn/decay_r_reg[3][15]/C
EP  -0.006 xdma_0_axi_aclk        lvl=5   bd_i/layer_0/inst/u_core/u_dn/p_1_out__0__15/DSP_OUTPUT_INST/ALU_OUT[43] <- bd_i/layer_0/inst/u_core/u_dn/decay_r_reg[3][15]/C
EP  -0.006 xdma_0_axi_aclk        lvl=5   bd_i/layer_0/inst/u_core/u_dn/p_1_out__0__15/DSP_OUTPUT_INST/ALU_OUT[44] <- bd_i/layer_0/inst/u_core/u_dn/decay_r_reg[3][15]/C
EP  -0.006 xdma_0_axi_aclk        lvl=5   bd_i/layer_0/inst/u_core/u_dn/p_1_out__0__15/DSP_OUTPUT_INST/ALU_OUT[45] <- bd_i/layer_0/inst/u_core/u_dn/decay_r_reg[3][15]/C
EP  -0.006 xdma_0_axi_aclk        lvl=5   bd_i/layer_0/inst/u_core/u_dn/p_1_out__0__15/DSP_OUTPUT_INST/ALU_OUT[46] <- bd_i/layer_0/inst/u_core/u_dn/decay_r_reg[3][15]/C
EP  -0.006 xdma_0_axi_aclk        lvl=5   bd_i/layer_0/inst/u_core/u_dn/p_1_out__0__15/DSP_OUTPUT_INST/ALU_OUT[47] <- bd_i/layer_0/inst/u_core/u_dn/decay_r_reg[3][15]/C
EP  -0.006 xdma_0_axi_aclk        lvl=4   bd_i/layer_0/inst/u_core/u_dma/fmem_reg_0_255_332_332/DP.C/I <- bd_i/layer_0/inst/u_core/u_dma/rp_esub_reg[2][1]__0/C
EP  -0.005 xdma_0_axi_aclk        lvl=2   bd_i/layer_0/inst/u_core/g_dnslot[1].mem_reg_uram_6/ADDR_A[10] <- bd_i/layer_0/inst/u_core/dma_kind_reg[0]_replica_16/C
EP  -0.005 xdma_0_axi_aclk        lvl=5   bd_i/layer_0/inst/u_core/u_dn/p_1_out__6__6/DSP_OUTPUT_INST/ALU_OUT[0] <- bd_i/layer_0/inst/u_core/u_dn/decay_r_reg[0][1]/C
EP  -0.005 xdma_0_axi_aclk        lvl=5   bd_i/layer_0/inst/u_core/u_dn/p_1_out__6__6/DSP_OUTPUT_INST/ALU_OUT[10] <- bd_i/layer_0/inst/u_core/u_dn/decay_r_reg[0][1]/C
EP  -0.005 xdma_0_axi_aclk        lvl=5   bd_i/layer_0/inst/u_core/u_dn/p_1_out__6__6/DSP_OUTPUT_INST/ALU_OUT[11] <- bd_i/layer_0/inst/u_core/u_dn/decay_r_reg[0][1]/C
EP  -0.005 xdma_0_axi_aclk        lvl=5   bd_i/layer_0/inst/u_core/u_dn/p_1_out__6__6/DSP_OUTPUT_INST/ALU_OUT[12] <- bd_i/layer_0/inst/u_core/u_dn/decay_r_reg[0][1]/C
EP  -0.005 xdma_0_axi_aclk        lvl=5   bd_i/layer_0/inst/u_core/u_dn/p_1_out__6__6/DSP_OUTPUT_INST/ALU_OUT[13] <- bd_i/layer_0/inst/u_core/u_dn/decay_r_reg[0][1]/C
EP  -0.005 xdma_0_axi_aclk        lvl=5   bd_i/layer_0/inst/u_core/u_dn/p_1_out__6__6/DSP_OUTPUT_INST/ALU_OUT[14] <- bd_i/layer_0/inst/u_core/u_dn/decay_r_reg[0][1]/C
EP  -0.005 xdma_0_axi_aclk        lvl=5   bd_i/layer_0/inst/u_core/u_dn/p_1_out__6__6/DSP_OUTPUT_INST/ALU_OUT[15] <- bd_i/layer_0/inst/u_core/u_dn/decay_r_reg[0][1]/C
EP  -0.005 xdma_0_axi_aclk        lvl=5   bd_i/layer_0/inst/u_core/u_dn/p_1_out__6__6/DSP_OUTPUT_INST/ALU_OUT[16] <- bd_i/layer_0/inst/u_core/u_dn/decay_r_reg[0][1]/C
EP  -0.005 xdma_0_axi_aclk        lvl=5   bd_i/layer_0/inst/u_core/u_dn/p_1_out__6__6/DSP_OUTPUT_INST/ALU_OUT[17] <- bd_i/layer_0/inst/u_core/u_dn/decay_r_reg[0][1]/C
EP  -0.005 xdma_0_axi_aclk        lvl=5   bd_i/layer_0/inst/u_core/u_dn/p_1_out__6__6/DSP_OUTPUT_INST/ALU_OUT[18] <- bd_i/layer_0/inst/u_core/u_dn/decay_r_reg[0][1]/C
EP  -0.005 xdma_0_axi_aclk        lvl=5   bd_i/layer_0/inst/u_core/u_dn/p_1_out__6__6/DSP_OUTPUT_INST/ALU_OUT[19] <- bd_i/layer_0/inst/u_core/u_dn/decay_r_reg[0][1]/C
EP  -0.005 xdma_0_axi_aclk        lvl=5   bd_i/layer_0/inst/u_core/u_dn/p_1_out__6__6/DSP_OUTPUT_INST/ALU_OUT[1] <- bd_i/layer_0/inst/u_core/u_dn/decay_r_reg[0][1]/C
EP  -0.005 xdma_0_axi_aclk        lvl=5   bd_i/layer_0/inst/u_core/u_dn/p_1_out__6__6/DSP_OUTPUT_INST/ALU_OUT[20] <- bd_i/layer_0/inst/u_core/u_dn/decay_r_reg[0][1]/C
EP  -0.005 xdma_0_axi_aclk        lvl=5   bd_i/layer_0/inst/u_core/u_dn/p_1_out__6__6/DSP_OUTPUT_INST/ALU_OUT[21] <- bd_i/layer_0/inst/u_core/u_dn/decay_r_reg[0][1]/C
EP  -0.005 xdma_0_axi_aclk        lvl=5   bd_i/layer_0/inst/u_core/u_dn/p_1_out__6__6/DSP_OUTPUT_INST/ALU_OUT[22] <- bd_i/layer_0/inst/u_core/u_dn/decay_r_reg[0][1]/C
EP  -0.005 xdma_0_axi_aclk        lvl=5   bd_i/layer_0/inst/u_core/u_dn/p_1_out__6__6/DSP_OUTPUT_INST/ALU_OUT[23] <- bd_i/layer_0/inst/u_core/u_dn/decay_r_reg[0][1]/C
EP  -0.005 xdma_0_axi_aclk        lvl=5   bd_i/layer_0/inst/u_core/u_dn/p_1_out__6__6/DSP_OUTPUT_INST/ALU_OUT[24] <- bd_i/layer_0/inst/u_core/u_dn/decay_r_reg[0][1]/C
EP  -0.005 xdma_0_axi_aclk        lvl=5   bd_i/layer_0/inst/u_core/u_dn/p_1_out__6__6/DSP_OUTPUT_INST/ALU_OUT[25] <- bd_i/layer_0/inst/u_core/u_dn/decay_r_reg[0][1]/C
EP  -0.005 xdma_0_axi_aclk        lvl=5   bd_i/layer_0/inst/u_core/u_dn/p_1_out__6__6/DSP_OUTPUT_INST/ALU_OUT[26] <- bd_i/layer_0/inst/u_core/u_dn/decay_r_reg[0][1]/C
EP  -0.005 xdma_0_axi_aclk        lvl=5   bd_i/layer_0/inst/u_core/u_dn/p_1_out__6__6/DSP_OUTPUT_INST/ALU_OUT[27] <- bd_i/layer_0/inst/u_core/u_dn/decay_r_reg[0][1]/C
EP  -0.005 xdma_0_axi_aclk        lvl=5   bd_i/layer_0/inst/u_core/u_dn/p_1_out__6__6/DSP_OUTPUT_INST/ALU_OUT[28] <- bd_i/layer_0/inst/u_core/u_dn/decay_r_reg[0][1]/C
EP  -0.005 xdma_0_axi_aclk        lvl=5   bd_i/layer_0/inst/u_core/u_dn/p_1_out__6__6/DSP_OUTPUT_INST/ALU_OUT[29] <- bd_i/layer_0/inst/u_core/u_dn/decay_r_reg[0][1]/C
EP  -0.005 xdma_0_axi_aclk        lvl=5   bd_i/layer_0/inst/u_core/u_dn/p_1_out__6__6/DSP_OUTPUT_INST/ALU_OUT[2] <- bd_i/layer_0/inst/u_core/u_dn/decay_r_reg[0][1]/C
EP  -0.005 xdma_0_axi_aclk        lvl=5   bd_i/layer_0/inst/u_core/u_dn/p_1_out__6__6/DSP_OUTPUT_INST/ALU_OUT[30] <- bd_i/layer_0/inst/u_core/u_dn/decay_r_reg[0][1]/C
EP  -0.005 xdma_0_axi_aclk        lvl=5   bd_i/layer_0/inst/u_core/u_dn/p_1_out__6__6/DSP_OUTPUT_INST/ALU_OUT[31] <- bd_i/layer_0/inst/u_core/u_dn/decay_r_reg[0][1]/C
EP  -0.005 xdma_0_axi_aclk        lvl=5   bd_i/layer_0/inst/u_core/u_dn/p_1_out__6__6/DSP_OUTPUT_INST/ALU_OUT[32] <- bd_i/layer_0/inst/u_core/u_dn/decay_r_reg[0][1]/C
EP  -0.005 xdma_0_axi_aclk        lvl=5   bd_i/layer_0/inst/u_core/u_dn/p_1_out__6__6/DSP_OUTPUT_INST/ALU_OUT[33] <- bd_i/layer_0/inst/u_core/u_dn/decay_r_reg[0][1]/C
EP  -0.005 xdma_0_axi_aclk        lvl=5   bd_i/layer_0/inst/u_core/u_dn/p_1_out__6__6/DSP_OUTPUT_INST/ALU_OUT[34] <- bd_i/layer_0/inst/u_core/u_dn/decay_r_reg[0][1]/C
EP  -0.005 xdma_0_axi_aclk        lvl=5   bd_i/layer_0/inst/u_core/u_dn/p_1_out__6__6/DSP_OUTPUT_INST/ALU_OUT[35] <- bd_i/layer_0/inst/u_core/u_dn/decay_r_reg[0][1]/C
EP  -0.005 xdma_0_axi_aclk        lvl=5   bd_i/layer_0/inst/u_core/u_dn/p_1_out__6__6/DSP_OUTPUT_INST/ALU_OUT[36] <- bd_i/layer_0/inst/u_core/u_dn/decay_r_reg[0][1]/C
EP  -0.005 xdma_0_axi_aclk        lvl=5   bd_i/layer_0/inst/u_core/u_dn/p_1_out__6__6/DSP_OUTPUT_INST/ALU_OUT[37] <- bd_i/layer_0/inst/u_core/u_dn/decay_r_reg[0][1]/C
EP  -0.005 xdma_0_axi_aclk        lvl=5   bd_i/layer_0/inst/u_core/u_dn/p_1_out__6__6/DSP_OUTPUT_INST/ALU_OUT[38] <- bd_i/layer_0/inst/u_core/u_dn/decay_r_reg[0][1]/C
EP  -0.005 xdma_0_axi_aclk        lvl=5   bd_i/layer_0/inst/u_core/u_dn/p_1_out__6__6/DSP_OUTPUT_INST/ALU_OUT[39] <- bd_i/layer_0/inst/u_core/u_dn/decay_r_reg[0][1]/C
EP  -0.005 xdma_0_axi_aclk        lvl=5   bd_i/layer_0/inst/u_core/u_dn/p_1_out__6__6/DSP_OUTPUT_INST/ALU_OUT[3] <- bd_i/layer_0/inst/u_core/u_dn/decay_r_reg[0][1]/C
EP  -0.005 xdma_0_axi_aclk        lvl=5   bd_i/layer_0/inst/u_core/u_dn/p_1_out__6__6/DSP_OUTPUT_INST/ALU_OUT[40] <- bd_i/layer_0/inst/u_core/u_dn/decay_r_reg[0][1]/C
EP  -0.005 xdma_0_axi_aclk        lvl=5   bd_i/layer_0/inst/u_core/u_dn/p_1_out__6__6/DSP_OUTPUT_INST/ALU_OUT[41] <- bd_i/layer_0/inst/u_core/u_dn/decay_r_reg[0][1]/C
EP  -0.005 xdma_0_axi_aclk        lvl=5   bd_i/layer_0/inst/u_core/u_dn/p_1_out__6__6/DSP_OUTPUT_INST/ALU_OUT[42] <- bd_i/layer_0/inst/u_core/u_dn/decay_r_reg[0][1]/C
EP  -0.005 xdma_0_axi_aclk        lvl=5   bd_i/layer_0/inst/u_core/u_dn/p_1_out__6__6/DSP_OUTPUT_INST/ALU_OUT[43] <- bd_i/layer_0/inst/u_core/u_dn/decay_r_reg[0][1]/C
EP  -0.005 xdma_0_axi_aclk        lvl=5   bd_i/layer_0/inst/u_core/u_dn/p_1_out__6__6/DSP_OUTPUT_INST/ALU_OUT[44] <- bd_i/layer_0/inst/u_core/u_dn/decay_r_reg[0][1]/C
EP  -0.005 xdma_0_axi_aclk        lvl=5   bd_i/layer_0/inst/u_core/u_dn/p_1_out__6__6/DSP_OUTPUT_INST/ALU_OUT[45] <- bd_i/layer_0/inst/u_core/u_dn/decay_r_reg[0][1]/C
EP  -0.005 xdma_0_axi_aclk        lvl=5   bd_i/layer_0/inst/u_core/u_dn/p_1_out__6__6/DSP_OUTPUT_INST/ALU_OUT[46] <- bd_i/layer_0/inst/u_core/u_dn/decay_r_reg[0][1]/C
EP  -0.005 xdma_0_axi_aclk        lvl=5   bd_i/layer_0/inst/u_core/u_dn/p_1_out__6__6/DSP_OUTPUT_INST/ALU_OUT[47] <- bd_i/layer_0/inst/u_core/u_dn/decay_r_reg[0][1]/C
EP  -0.005 xdma_0_axi_aclk        lvl=5   bd_i/layer_0/inst/u_core/u_dn/p_1_out__6__6/DSP_OUTPUT_INST/ALU_OUT[4] <- bd_i/layer_0/inst/u_core/u_dn/decay_r_reg[0][1]/C
EP  -0.005 xdma_0_axi_aclk        lvl=5   bd_i/layer_0/inst/u_core/u_dn/p_1_out__6__6/DSP_OUTPUT_INST/ALU_OUT[5] <- bd_i/layer_0/inst/u_core/u_dn/decay_r_reg[0][1]/C
EP  -0.005 xdma_0_axi_aclk        lvl=5   bd_i/layer_0/inst/u_core/u_dn/p_1_out__6__6/DSP_OUTPUT_INST/ALU_OUT[6] <- bd_i/layer_0/inst/u_core/u_dn/decay_r_reg[0][1]/C
EP  -0.005 xdma_0_axi_aclk        lvl=5   bd_i/layer_0/inst/u_core/u_dn/p_1_out__6__6/DSP_OUTPUT_INST/ALU_OUT[7] <- bd_i/layer_0/inst/u_core/u_dn/decay_r_reg[0][1]/C
EP  -0.005 xdma_0_axi_aclk        lvl=5   bd_i/layer_0/inst/u_core/u_dn/p_1_out__6__6/DSP_OUTPUT_INST/ALU_OUT[8] <- bd_i/layer_0/inst/u_core/u_dn/decay_r_reg[0][1]/C
EP  -0.005 xdma_0_axi_aclk        lvl=5   bd_i/layer_0/inst/u_core/u_dn/p_1_out__6__6/DSP_OUTPUT_INST/ALU_OUT[9] <- bd_i/layer_0/inst/u_core/u_dn/decay_r_reg[0][1]/C
EP  -0.005 xdma_0_axi_aclk        lvl=5   bd_i/layer_0/inst/u_core/u_dma/fmem_reg_0_255_300_300/DP.D/I <- bd_i/layer_0/inst/u_core/u_dma/x_store_reg/C
EP  -0.005 xdma_0_axi_aclk        lvl=2   bd_i/layer_0/inst/u_core/u_attn/g_lane[160].pv_p_reg[160]/DSP_A_B_DATA_INST/A[17] <- bd_i/layer_0/inst/u_core/g_kvslot[1].mem_reg_uram_34/CLK
EP  -0.005 xdma_0_axi_aclk        lvl=1   bd_i/layer_0/inst/u_core/u_dn/p_1_out__25__5/DSP_A_B_DATA_INST/A[20] <- bd_i/layer_0/inst/u_core/g_dnslot[0].mem_reg_uram_21/CLK
EP  -0.005 xdma_0_axi_aclk        lvl=3   bd_i/layer_0/inst/u_core/krow_reg[1677]/D <- bd_i/layer_0/inst/u_core/kb_i_reg[2]/C
EP  -0.005 xdma_0_axi_aclk        lvl=5   bd_i/layer_0/inst/u_core/u_dma/fmem_reg_0_255_15_15/SP.A/I <- bd_i/layer_0/inst/u_core/dma_slot_reg_replica_5/C
EP  -0.005 xdma_0_axi_aclk        lvl=2   bd_i/layer_0/inst/u_core/u_attn/g_lane[238].prod_reg[238]/DSP_A_B_DATA_INST/B[9] <- bd_i/layer_0/inst/u_core/g_kvslot[1].mem_reg_uram_52/CLK
EP  -0.005 xdma_0_axi_aclk        lvl=3   bd_i/layer_0/inst/u_core/smem_b_reg_bram_13/ADDRARDADDR[8] <- bd_i/layer_0/inst/u_core/cmd_op_reg[1]/C
EP  -0.005 xdma_0_axi_aclk        lvl=3   bd_i/axi_smc/inst/s02_entry_pipeline/s02_si_converter/inst/converter.wrap_narrow_inst/w_accum_reg[data][424]/CE <- bd_i/axi_smc/inst/s02_entry_pipeline/s02_mmu/inst/w_sreg/state_reg[m_valid_i]/C
EP  -0.005 xdma_0_axi_aclk        lvl=7   bd_i/layer_0/inst/u_core/u_dn/p_0_out__6__10/DSP_A_B_DATA_INST/A[11] <- bd_i/layer_0/inst/u_core/u_dn/g_lane[63].kvm_acc_reg[63]/DSP_OUTPUT_INST/CLK
EP  -0.005 xdma_0_axi_aclk        lvl=2   bd_i/layer_0/inst/u_core/u_dn/p_0_out__16__2/DSP_A_B_DATA_INST/B[6] <- bd_i/layer_0/inst/u_core/u_dn/row_reg[3]/C
EP  -0.005 xdma_0_axi_aclk        lvl=8   bd_i/layer_0/inst/u_core/sdma_err_reg[1]/CE <- bd_i/layer_0/inst/u_core/arg0_reg[6]/C
EP  -0.005 xdma_0_axi_aclk        lvl=9   bd_i/layer_0/inst/u_core/u_dn/p_0_out__0__18/DSP_A_B_DATA_INST/A[23] <- bd_i/layer_0/inst/u_core/u_dn/g_lane[28].kvm_acc_reg[28]/DSP_OUTPUT_INST/CLK
EP  -0.005 xdma_0_axi_aclk        lvl=0   bd_i/layer_0/inst/u_core/u_dn/p_0_out__2__15/DSP_PREADD_DATA_INST/DIN[6] <- bd_i/layer_0/inst/u_core/u_dn/vdata_q_reg[6]_rep__9/C
EP  -0.005 xdma_0_axi_aclk        lvl=9   bd_i/layer_0/inst/u_core/u_dma/fmem_reg_0_255_102_102/SP.B/I <- bd_i/layer_0/inst/u_core/u_dma/f_rp_reg[0]/C
EP  -0.005 xdma_0_axi_aclk        lvl=2   bd_i/layer_0/inst/u_core/u_attn/g_lane[154].pv_p_reg[154]/DSP_A_B_DATA_INST/A[7] <- bd_i/layer_0/inst/u_core/g_kvslot[1].mem_reg_uram_34/CLK
EP  -0.005 xdma_0_axi_aclk        lvl=5   bd_i/layer_0/inst/u_core/u_dma/fmem_reg_0_255_359_359/DP.B/I <- bd_i/layer_0/inst/u_core/u_dma/x_store_reg/C
EP  -0.005 xdma_0_axi_aclk        lvl=2   bd_i/layer_0/inst/u_core/u_attn/g_lane[103].pv_p_reg[103]/DSP_A_B_DATA_INST/A[25] <- bd_i/layer_0/inst/u_core/g_kvslot[0].mem_reg_uram_22/CLK
EP  -0.005 xdma_0_axi_aclk        lvl=5   bd_i/layer_0/inst/u_core/u_dn/p_1_out__5__18/DSP_OUTPUT_INST/ALU_OUT[10] <- bd_i/layer_0/inst/u_core/u_dn/decay_r_reg[3][6]/C
EP  -0.005 xdma_0_axi_aclk        lvl=5   bd_i/layer_0/inst/u_core/u_dn/p_1_out__5__18/DSP_OUTPUT_INST/ALU_OUT[11] <- bd_i/layer_0/inst/u_core/u_dn/decay_r_reg[3][6]/C
EP  -0.005 xdma_0_axi_aclk        lvl=5   bd_i/layer_0/inst/u_core/u_dn/p_1_out__5__18/DSP_OUTPUT_INST/ALU_OUT[12] <- bd_i/layer_0/inst/u_core/u_dn/decay_r_reg[3][6]/C
EP  -0.005 xdma_0_axi_aclk        lvl=5   bd_i/layer_0/inst/u_core/u_dn/p_1_out__5__18/DSP_OUTPUT_INST/ALU_OUT[13] <- bd_i/layer_0/inst/u_core/u_dn/decay_r_reg[3][6]/C
EP  -0.005 xdma_0_axi_aclk        lvl=5   bd_i/layer_0/inst/u_core/u_dn/p_1_out__5__18/DSP_OUTPUT_INST/ALU_OUT[14] <- bd_i/layer_0/inst/u_core/u_dn/decay_r_reg[3][6]/C
EP  -0.005 xdma_0_axi_aclk        lvl=5   bd_i/layer_0/inst/u_core/u_dn/p_1_out__5__18/DSP_OUTPUT_INST/ALU_OUT[15] <- bd_i/layer_0/inst/u_core/u_dn/decay_r_reg[3][6]/C
EP  -0.005 xdma_0_axi_aclk        lvl=5   bd_i/layer_0/inst/u_core/u_dn/p_1_out__5__18/DSP_OUTPUT_INST/ALU_OUT[16] <- bd_i/layer_0/inst/u_core/u_dn/decay_r_reg[3][6]/C
EP  -0.005 xdma_0_axi_aclk        lvl=5   bd_i/layer_0/inst/u_core/u_dn/p_1_out__5__18/DSP_OUTPUT_INST/ALU_OUT[17] <- bd_i/layer_0/inst/u_core/u_dn/decay_r_reg[3][6]/C
EP  -0.005 xdma_0_axi_aclk        lvl=5   bd_i/layer_0/inst/u_core/u_dn/p_1_out__5__18/DSP_OUTPUT_INST/ALU_OUT[18] <- bd_i/layer_0/inst/u_core/u_dn/decay_r_reg[3][6]/C
EP  -0.005 xdma_0_axi_aclk        lvl=5   bd_i/layer_0/inst/u_core/u_dn/p_1_out__5__18/DSP_OUTPUT_INST/ALU_OUT[19] <- bd_i/layer_0/inst/u_core/u_dn/decay_r_reg[3][6]/C
EP  -0.005 xdma_0_axi_aclk        lvl=5   bd_i/layer_0/inst/u_core/u_dn/p_1_out__5__18/DSP_OUTPUT_INST/ALU_OUT[20] <- bd_i/layer_0/inst/u_core/u_dn/decay_r_reg[3][6]/C
EP  -0.005 xdma_0_axi_aclk        lvl=5   bd_i/layer_0/inst/u_core/u_dn/p_1_out__5__18/DSP_OUTPUT_INST/ALU_OUT[21] <- bd_i/layer_0/inst/u_core/u_dn/decay_r_reg[3][6]/C
EP  -0.005 xdma_0_axi_aclk        lvl=5   bd_i/layer_0/inst/u_core/u_dn/p_1_out__5__18/DSP_OUTPUT_INST/ALU_OUT[22] <- bd_i/layer_0/inst/u_core/u_dn/decay_r_reg[3][6]/C
EP  -0.005 xdma_0_axi_aclk        lvl=5   bd_i/layer_0/inst/u_core/u_dn/p_1_out__5__18/DSP_OUTPUT_INST/ALU_OUT[23] <- bd_i/layer_0/inst/u_core/u_dn/decay_r_reg[3][6]/C
EP  -0.005 xdma_0_axi_aclk        lvl=5   bd_i/layer_0/inst/u_core/u_dn/p_1_out__5__18/DSP_OUTPUT_INST/ALU_OUT[24] <- bd_i/layer_0/inst/u_core/u_dn/decay_r_reg[3][6]/C
EP  -0.005 xdma_0_axi_aclk        lvl=5   bd_i/layer_0/inst/u_core/u_dn/p_1_out__5__18/DSP_OUTPUT_INST/ALU_OUT[25] <- bd_i/layer_0/inst/u_core/u_dn/decay_r_reg[3][6]/C
EP  -0.005 xdma_0_axi_aclk        lvl=5   bd_i/layer_0/inst/u_core/u_dn/p_1_out__5__18/DSP_OUTPUT_INST/ALU_OUT[26] <- bd_i/layer_0/inst/u_core/u_dn/decay_r_reg[3][6]/C
EP  -0.005 xdma_0_axi_aclk        lvl=5   bd_i/layer_0/inst/u_core/u_dn/p_1_out__5__18/DSP_OUTPUT_INST/ALU_OUT[27] <- bd_i/layer_0/inst/u_core/u_dn/decay_r_reg[3][6]/C
EP  -0.005 xdma_0_axi_aclk        lvl=5   bd_i/layer_0/inst/u_core/u_dn/p_1_out__5__18/DSP_OUTPUT_INST/ALU_OUT[28] <- bd_i/layer_0/inst/u_core/u_dn/decay_r_reg[3][6]/C
EP  -0.005 xdma_0_axi_aclk        lvl=5   bd_i/layer_0/inst/u_core/u_dn/p_1_out__5__18/DSP_OUTPUT_INST/ALU_OUT[29] <- bd_i/layer_0/inst/u_core/u_dn/decay_r_reg[3][6]/C
EP  -0.005 xdma_0_axi_aclk        lvl=5   bd_i/layer_0/inst/u_core/u_dn/p_1_out__5__18/DSP_OUTPUT_INST/ALU_OUT[30] <- bd_i/layer_0/inst/u_core/u_dn/decay_r_reg[3][6]/C
EP  -0.005 xdma_0_axi_aclk        lvl=5   bd_i/layer_0/inst/u_core/u_dn/p_1_out__5__18/DSP_OUTPUT_INST/ALU_OUT[31] <- bd_i/layer_0/inst/u_core/u_dn/decay_r_reg[3][6]/C
EP  -0.005 xdma_0_axi_aclk        lvl=5   bd_i/layer_0/inst/u_core/u_dn/p_1_out__5__18/DSP_OUTPUT_INST/ALU_OUT[32] <- bd_i/layer_0/inst/u_core/u_dn/decay_r_reg[3][6]/C
EP  -0.005 xdma_0_axi_aclk        lvl=5   bd_i/layer_0/inst/u_core/u_dn/p_1_out__5__18/DSP_OUTPUT_INST/ALU_OUT[33] <- bd_i/layer_0/inst/u_core/u_dn/decay_r_reg[3][6]/C
EP  -0.005 xdma_0_axi_aclk        lvl=5   bd_i/layer_0/inst/u_core/u_dn/p_1_out__5__18/DSP_OUTPUT_INST/ALU_OUT[34] <- bd_i/layer_0/inst/u_core/u_dn/decay_r_reg[3][6]/C
EP  -0.005 xdma_0_axi_aclk        lvl=5   bd_i/layer_0/inst/u_core/u_dn/p_1_out__5__18/DSP_OUTPUT_INST/ALU_OUT[35] <- bd_i/layer_0/inst/u_core/u_dn/decay_r_reg[3][6]/C
EP  -0.005 xdma_0_axi_aclk        lvl=5   bd_i/layer_0/inst/u_core/u_dn/p_1_out__5__18/DSP_OUTPUT_INST/ALU_OUT[36] <- bd_i/layer_0/inst/u_core/u_dn/decay_r_reg[3][6]/C
EP  -0.005 xdma_0_axi_aclk        lvl=5   bd_i/layer_0/inst/u_core/u_dn/p_1_out__5__18/DSP_OUTPUT_INST/ALU_OUT[37] <- bd_i/layer_0/inst/u_core/u_dn/decay_r_reg[3][6]/C
EP  -0.005 xdma_0_axi_aclk        lvl=5   bd_i/layer_0/inst/u_core/u_dn/p_1_out__5__18/DSP_OUTPUT_INST/ALU_OUT[38] <- bd_i/layer_0/inst/u_core/u_dn/decay_r_reg[3][6]/C
EP  -0.005 xdma_0_axi_aclk        lvl=5   bd_i/layer_0/inst/u_core/u_dn/p_1_out__5__18/DSP_OUTPUT_INST/ALU_OUT[39] <- bd_i/layer_0/inst/u_core/u_dn/decay_r_reg[3][6]/C
EP  -0.005 xdma_0_axi_aclk        lvl=5   bd_i/layer_0/inst/u_core/u_dn/p_1_out__5__18/DSP_OUTPUT_INST/ALU_OUT[40] <- bd_i/layer_0/inst/u_core/u_dn/decay_r_reg[3][6]/C
EP  -0.005 xdma_0_axi_aclk        lvl=5   bd_i/layer_0/inst/u_core/u_dn/p_1_out__5__18/DSP_OUTPUT_INST/ALU_OUT[41] <- bd_i/layer_0/inst/u_core/u_dn/decay_r_reg[3][6]/C
EP  -0.005 xdma_0_axi_aclk        lvl=5   bd_i/layer_0/inst/u_core/u_dn/p_1_out__5__18/DSP_OUTPUT_INST/ALU_OUT[42] <- bd_i/layer_0/inst/u_core/u_dn/decay_r_reg[3][6]/C
EP  -0.005 xdma_0_axi_aclk        lvl=5   bd_i/layer_0/inst/u_core/u_dn/p_1_out__5__18/DSP_OUTPUT_INST/ALU_OUT[43] <- bd_i/layer_0/inst/u_core/u_dn/decay_r_reg[3][6]/C
EP  -0.005 xdma_0_axi_aclk        lvl=5   bd_i/layer_0/inst/u_core/u_dn/p_1_out__5__18/DSP_OUTPUT_INST/ALU_OUT[44] <- bd_i/layer_0/inst/u_core/u_dn/decay_r_reg[3][6]/C
EP  -0.005 xdma_0_axi_aclk        lvl=5   bd_i/layer_0/inst/u_core/u_dn/p_1_out__5__18/DSP_OUTPUT_INST/ALU_OUT[45] <- bd_i/layer_0/inst/u_core/u_dn/decay_r_reg[3][6]/C
EP  -0.005 xdma_0_axi_aclk        lvl=5   bd_i/layer_0/inst/u_core/u_dn/p_1_out__5__18/DSP_OUTPUT_INST/ALU_OUT[46] <- bd_i/layer_0/inst/u_core/u_dn/decay_r_reg[3][6]/C
EP  -0.005 xdma_0_axi_aclk        lvl=5   bd_i/layer_0/inst/u_core/u_dn/p_1_out__5__18/DSP_OUTPUT_INST/ALU_OUT[47] <- bd_i/layer_0/inst/u_core/u_dn/decay_r_reg[3][6]/C
EP  -0.005 xdma_0_axi_aclk        lvl=5   bd_i/layer_0/inst/u_core/u_dn/p_1_out__5__18/DSP_OUTPUT_INST/ALU_OUT[6] <- bd_i/layer_0/inst/u_core/u_dn/decay_r_reg[3][6]/C
EP  -0.005 xdma_0_axi_aclk        lvl=5   bd_i/layer_0/inst/u_core/u_dn/p_1_out__5__18/DSP_OUTPUT_INST/ALU_OUT[7] <- bd_i/layer_0/inst/u_core/u_dn/decay_r_reg[3][6]/C
EP  -0.005 xdma_0_axi_aclk        lvl=5   bd_i/layer_0/inst/u_core/u_dn/p_1_out__5__18/DSP_OUTPUT_INST/ALU_OUT[8] <- bd_i/layer_0/inst/u_core/u_dn/decay_r_reg[3][6]/C
EP  -0.005 xdma_0_axi_aclk        lvl=5   bd_i/layer_0/inst/u_core/u_dn/p_1_out__5__18/DSP_OUTPUT_INST/ALU_OUT[9] <- bd_i/layer_0/inst/u_core/u_dn/decay_r_reg[3][6]/C
EP  -0.005 xdma_0_axi_aclk        lvl=4   bd_i/layer_0/inst/u_core/u_dma/fmem_reg_0_255_145_145/DP.B/I <- bd_i/layer_0/inst/u_core/u_dma/rp_esub_reg[2][1]__0/C
EP  -0.004 xdma_0_axi_aclk        lvl=4   bd_i/layer_0/inst/u_core/u_dma/fmem_reg_0_255_225_225/DP.B/I <- bd_i/layer_0/inst/u_core/u_dma/rp_esub_reg[2][1]__0/C
EP  -0.004 xdma_0_axi_aclk        lvl=1   bd_i/layer_0/inst/u_core/u_dn/p_1_out__11__3/DSP_A_B_DATA_INST/A[14] <- bd_i/layer_0/inst/u_core/g_dnslot[0].mem_reg_uram_18/CLK
EP  -0.004 xdma_0_axi_aclk        lvl=2   bd_i/layer_0/inst/u_core/krow_reg[712]/CE <- bd_i/layer_0/inst/u_core/kb_i_reg[2]/C
EP  -0.004 xdma_0_axi_aclk        lvl=1   bd_i/layer_0/inst/u_core/u_dn/p_1_out__11__3/DSP_A_B_DATA_INST/A[8] <- bd_i/layer_0/inst/u_core/g_dnslot[0].mem_reg_uram_18/CLK
EP  -0.004 xdma_0_axi_aclk        lvl=2   bd_i/layer_0/inst/u_core/u_attn/g_lane[138].pv_p_reg[138]/DSP_A_B_DATA_INST/A[18] <- bd_i/layer_0/inst/u_core/g_kvslot[1].mem_reg_uram_30/CLK
EP  -0.004 xdma_0_axi_aclk        lvl=4   bd_i/layer_0/inst/u_core/krow_reg[343]/D <- bd_i/layer_0/inst/u_core/kb_i_reg[2]/C
EP  -0.004 xdma_0_axi_aclk        lvl=3   bd_i/layer_0/inst/u_core/krow_reg[1758]/D <- bd_i/layer_0/inst/u_core/kb_i_reg[2]/C
EP  -0.004 xdma_0_axi_aclk        lvl=5   bd_i/layer_0/inst/u_core/u_dma/fmem_reg_0_255_359_359/DP.A/I <- bd_i/layer_0/inst/u_core/u_dma/x_store_reg/C
EP  -0.004 xdma_0_axi_aclk        lvl=2   bd_i/layer_0/inst/u_core/cw_wd_reg[8]/CE <- bd_i/layer_0/inst/u_core/rstn_i_reg_replica_21/C
EP  -0.004 xdma_0_axi_aclk        lvl=8   bd_i/layer_0/inst/u_core/u_dma/fmem_reg_0_255_354_354/DP.B/I <- bd_i/layer_0/inst/u_core/u_dma/f_rp_reg[0]/C
EP  -0.004 xdma_0_axi_aclk        lvl=3   bd_i/layer_0/inst/u_core/smem_a_reg_bram_15/ADDRARDADDR[3] <- bd_i/layer_0/inst/u_core/cmd_op_reg[1]/C
EP  -0.004 xdma_0_axi_aclk        lvl=3   bd_i/axi_smc/inst/s02_entry_pipeline/s02_si_converter/inst/converter.wrap_narrow_inst/w_accum_reg[data][448]/CE <- bd_i/axi_smc/inst/s02_entry_pipeline/s02_mmu/inst/w_sreg/state_reg[m_valid_i]/C
EP  -0.004 xdma_0_axi_aclk        lvl=3   bd_i/axi_smc/inst/s02_entry_pipeline/s02_si_converter/inst/converter.wrap_narrow_inst/w_accum_reg[data][453]/CE <- bd_i/axi_smc/inst/s02_entry_pipeline/s02_mmu/inst/w_sreg/state_reg[m_valid_i]/C
EP  -0.004 xdma_0_axi_aclk        lvl=2   bd_i/layer_0/inst/u_core/u_attn/g_lane[234].prod_reg[234]/DSP_A_B_DATA_INST/B[15] <- bd_i/layer_0/inst/u_core/g_kvslot[1].mem_reg_uram_52/CLK
EP  -0.004 xdma_0_axi_aclk        lvl=1   bd_i/layer_0/inst/u_core/u_dn/g_lane[72].dec_p_reg[72]/DSP_A_B_DATA_INST/A[29] <- bd_i/layer_0/inst/u_core/g_dnslot[1].mem_reg_uram_16/CLK
EP  -0.004 xdma_0_axi_aclk        lvl=11  bd_i/layer_0/inst/u_core/u_dn/g_lane[120].sf_row_reg[120][4]/R <- bd_i/layer_0/inst/u_core/u_dn/g_lane[120].p2_p_reg[120]/DSP_OUTPUT_INST/CLK
EP  -0.004 xdma_0_axi_aclk        lvl=11  bd_i/layer_0/inst/u_core/u_dn/g_lane[120].sf_row_reg[120][5]/R <- bd_i/layer_0/inst/u_core/u_dn/g_lane[120].p2_p_reg[120]/DSP_OUTPUT_INST/CLK
EP  -0.004 xdma_0_axi_aclk        lvl=2   bd_i/layer_0/inst/u_core/krow_reg[1415]/D <- bd_i/layer_0/inst/u_core/kbyte_reg[7]/C
EP  -0.004 xdma_0_axi_aclk        lvl=2   bd_i/layer_0/inst/u_core/g_kvslot[0].mem_reg_uram_27/CAS_IN_DIN_B[35] <- bd_i/layer_0/inst/u_core/dma_act_reg_rep__6/C
EP  -0.004 xdma_0_axi_aclk        lvl=2   bd_i/layer_0/inst/u_core/g_kvslot[1].mem_reg_uram_15/CAS_IN_DIN_B[31] <- bd_i/layer_0/inst/u_core/dma_act_reg_rep__18/C
EP  -0.004 xdma_0_axi_aclk        lvl=2   bd_i/layer_0/inst/u_core/u_attn/g_lane[160].pv_p_reg[160]/DSP_A_B_DATA_INST/A[9] <- bd_i/layer_0/inst/u_core/g_kvslot[1].mem_reg_uram_34/CLK
EP  -0.004 xdma_0_axi_aclk        lvl=8   bd_i/layer_0/inst/u_core/u_dn/p_0_out__3__11/DSP_A_B_DATA_INST/A[16] <- bd_i/layer_0/inst/u_core/u_dn/g_lane[34].kvm_acc_reg[34]/DSP_OUTPUT_INST/CLK
EP  -0.004 xdma_0_axi_aclk        lvl=9   bd_i/layer_0/inst/u_core/u_dn/p_1_out__10__11/DSP_A_B_DATA_INST/A[28] <- bd_i/layer_0/inst/u_core/u_dn/g_lane[113].kvm_acc_reg[113]/DSP_OUTPUT_INST/CLK
EP  -0.004 xdma_0_axi_aclk        lvl=2   bd_i/layer_0/inst/u_core/u_dn/g_lane[61].o_acc_reg[61]/DSP_A_B_DATA_INST/B[6] <- bd_i/layer_0/inst/u_core/u_dn/row_reg[0]/C
EP  -0.004 xdma_0_axi_aclk        lvl=2   bd_i/layer_0/inst/u_core/u_attn/g_lane[161].pv_p_reg[161]/DSP_A_B_DATA_INST/A[10] <- bd_i/layer_0/inst/u_core/g_kvslot[1].mem_reg_uram_34/CLK
EP  -0.004 xdma_0_axi_aclk        lvl=2   bd_i/layer_0/inst/u_core/u_attn/g_lane[81].pv_p_reg[81]/DSP_A_B_DATA_INST/A[4] <- bd_i/layer_0/inst/u_core/g_kvslot[0].mem_reg_uram_18/CLK
EP  -0.003 xdma_0_axi_aclk        lvl=2   bd_i/layer_0/inst/u_core/u_attn/g_lane[182].prod_reg[182]/DSP_A_B_DATA_INST/B[14] <- bd_i/layer_0/inst/u_core/g_kvslot[1].mem_reg_uram_40/CLK
EP  -0.003 xdma_0_axi_aclk        lvl=9   bd_i/layer_0/inst/u_core/u_dn/g_lane[117].dm_p_reg[117]/DSP_A_B_DATA_INST/A[27] <- bd_i/layer_0/inst/u_core/u_dn/g_lane[117].kvm_acc_reg[117]/DSP_OUTPUT_INST/CLK
EP  -0.003 xdma_0_axi_aclk        lvl=10  bd_i/layer_0/inst/u_core/at_cfg_t_reg[11]/CE <- bd_i/layer_0/inst/u_core/arg0_reg[5]/C
EP  -0.003 xdma_0_axi_aclk        lvl=11  bd_i/layer_0/inst/u_core/u_alu/ps_rnd_reg[0]/D <- bd_i/layer_0/inst/u_core/u_alu/maxp_reg[36]/C
EP  -0.003 xdma_0_axi_aclk        lvl=1   bd_i/layer_0/inst/u_core/u_dn/p_1_out__14__3/DSP_A_B_DATA_INST/A[28] <- bd_i/layer_0/inst/u_core/g_dnslot[0].mem_reg_uram_5/CLK
EP  -0.003 xdma_0_axi_aclk        lvl=9   bd_i/layer_0/inst/u_core/u_dn/p_1_out__6__15/DSP_A_B_DATA_INST/A[27] <- bd_i/layer_0/inst/u_core/u_dn/g_lane[46].kvm_acc_reg[46]/DSP_OUTPUT_INST/CLK
EP  -0.003 xdma_0_axi_aclk        lvl=4   bd_i/layer_0/inst/u_core/u_dma/fmem_reg_0_255_346_346/SP.A/I <- bd_i/layer_0/inst/u_core/u_dma/rp_esub_reg[2][1]__0/C
EP  -0.003 xdma_0_axi_aclk        lvl=2   bd_i/layer_0/inst/u_core/at_qdata_reg[11]_rep__4/CE <- bd_i/layer_0/inst/u_core/st_reg[2]/C
EP  -0.003 xdma_0_axi_aclk        lvl=2   bd_i/layer_0/inst/u_core/at_qdata_reg[3]_rep__4/CE <- bd_i/layer_0/inst/u_core/st_reg[2]/C
EP  -0.003 xdma_0_axi_aclk        lvl=2   bd_i/layer_0/inst/u_core/at_qdata_reg[5]_rep__4/CE <- bd_i/layer_0/inst/u_core/st_reg[2]/C
EP  -0.003 xdma_0_axi_aclk        lvl=2   bd_i/layer_0/inst/u_core/u_attn/g_lane[154].pv_p_reg[154]/DSP_A_B_DATA_INST/A[8] <- bd_i/layer_0/inst/u_core/g_kvslot[1].mem_reg_uram_34/CLK
EP  -0.003 xdma_0_axi_aclk        lvl=11  bd_i/layer_0/inst/u_core/u_alu/ps_rnd_reg[6]/D <- bd_i/layer_0/inst/u_core/u_alu/maxp_reg[36]/C
EP  -0.003 xdma_0_axi_aclk        lvl=2   bd_i/layer_0/inst/u_core/u_attn/g_lane[32].prod_reg[32]/DSP_A_B_DATA_INST/B[0] <- bd_i/layer_0/inst/u_core/g_kvslot[0].mem_reg_uram_6/CLK
EP  -0.003 xdma_0_axi_aclk        lvl=4   bd_i/layer_0/inst/u_core/u_dn/p_1_out__11__9/DSP_A_B_DATA_INST/A[9] <- bd_i/layer_0/inst/u_core/u_dn/p_1_out__10__9/DSP_OUTPUT_INST/CLK
EP  -0.003 xdma_0_axi_aclk        lvl=8   bd_i/layer_0/inst/u_core/u_dn/g_lane[121].kvm_acc_reg[121]/DSP_A_B_DATA_INST/A[29] <- bd_i/layer_0/inst/u_core/u_dn/g_lane[121].dec_p_reg[121]/DSP_OUTPUT_INST/CLK
EP  -0.003 xdma_0_axi_aclk        lvl=4   bd_i/layer_0/inst/u_core/u_dma/fmem_reg_0_255_475_475/SP.B/I <- bd_i/layer_0/inst/u_core/kv_dmaq_reg[987]/C
EP  -0.003 xdma_0_axi_aclk        lvl=4   bd_i/layer_0/inst/u_core/u_dma/fmem_reg_0_255_493_493/DP.C/I <- bd_i/layer_0/inst/u_core/kv_dmaq_reg[1005]/C
EP  -0.003 xdma_0_axi_aclk        lvl=7   bd_i/layer_0/inst/u_core/u_dn/p_0_out__0__18/DSP_A_B_DATA_INST/A[16] <- bd_i/layer_0/inst/u_core/u_dn/g_lane[28].kvm_acc_reg[28]/DSP_OUTPUT_INST/CLK
EP  -0.003 xdma_0_axi_aclk        lvl=2   bd_i/layer_0/inst/u_core/u_attn/g_lane[183].prod_reg[183]/DSP_A_B_DATA_INST/B[10] <- bd_i/layer_0/inst/u_core/g_kvslot[1].mem_reg_uram_40/CLK
EP  -0.003 xdma_0_axi_aclk        lvl=2   bd_i/layer_0/inst/u_core/g_kvslot[0].mem_reg_uram_27/CAS_IN_DIN_B[47] <- bd_i/layer_0/inst/u_core/dma_act_reg_rep__6/C
EP  -0.003 xdma_0_axi_aclk        lvl=9   bd_i/layer_0/inst/u_core/u_dma/fmem_reg_0_255_434_434/SP.D/I <- bd_i/layer_0/inst/u_core/u_dma/f_rp_reg[0]/C
EP  -0.003 xdma_0_axi_aclk        lvl=2   bd_i/layer_0/inst/u_core/u_attn/g_lane[234].prod_reg[234]/DSP_A_B_DATA_INST/B[17] <- bd_i/layer_0/inst/u_core/g_kvslot[1].mem_reg_uram_52/CLK
EP  -0.003 xdma_0_axi_aclk        lvl=0   bd_i/layer_0/inst/u_core/u_dn/vdata_q_reg[11]_rep_replica_4/D <- bd_i/layer_0/inst/u_core/dn_vdata_reg[11]/C
EP  -0.002 xdma_0_axi_aclk        lvl=4   bd_i/layer_0/inst/u_core/u_dma/fmem_reg_0_255_415_415/DP.D/I <- bd_i/layer_0/inst/u_core/u_dma/rp_esub_reg[2][1]__0/C
EP  -0.002 xdma_0_axi_aclk        lvl=4   bd_i/layer_0/inst/u_core/u_dma/fmem_reg_0_255_353_353/SP.B/I <- bd_i/layer_0/inst/u_core/u_dma/rp_esub_reg[2][1]__0/C
EP  -0.002 xdma_0_axi_aclk        lvl=1   bd_i/layer_0/inst/u_core/u_dn/p_1_out__0__6/DSP_A_B_DATA_INST/A[11] <- bd_i/layer_0/inst/u_core/g_dnslot[0].mem_reg_uram_15/CLK
EP  -0.002 xdma_0_axi_aclk        lvl=4   bd_i/layer_0/inst/u_core/u_dma/fmem_reg_0_255_75_75/DP.A/I <- bd_i/layer_0/inst/u_core/u_dma/rp_esub_reg[2][0]__0/C
EP  -0.002 xdma_0_axi_aclk        lvl=2   bd_i/layer_0/inst/u_core/u_dn/g_lane[36].o_acc_reg[36]/DSP_A_B_DATA_INST/B[1] <- bd_i/layer_0/inst/u_core/u_dn/row_reg[1]/C
EP  -0.002 xdma_0_axi_aclk        lvl=5   bd_i/layer_0/inst/u_core/u_dma/fmem_reg_0_255_359_359/DP.C/I <- bd_i/layer_0/inst/u_core/u_dma/x_store_reg/C
EP  -0.002 xdma_0_axi_aclk        lvl=1   bd_i/layer_0/inst/u_core/u_dn/g_lane[23].kvm_acc_reg[23]/DSP_A_B_DATA_INST/CEB2 <- bd_i/layer_0/inst/u_core/u_dn/st_reg[4]/C
EP  -0.002 xdma_0_axi_aclk        lvl=7   bd_i/seq_0/inst/u_seq/pc_reg[28]/CE <- bd_i/axil_smc/inst/s01_entry_pipeline/s01_mmu/inst/FSM_sequential_gen_endpoint.r_state_reg[1]/C
EP  -0.001 xdma_0_axi_aclk        lvl=2   bd_i/layer_0/inst/u_core/u_attn/g_lane[182].prod_reg[182]/DSP_A_B_DATA_INST/B[16] <- bd_i/layer_0/inst/u_core/g_kvslot[1].mem_reg_uram_40/CLK
EP  -0.001 xdma_0_axi_aclk        lvl=8   bd_i/layer_0/inst/u_core/u_dma/fmem_reg_0_255_459_459/SP.C/I <- bd_i/layer_0/inst/u_core/u_dma/f_rp_reg[0]/C
EP  -0.001 xdma_0_axi_aclk        lvl=9   bd_i/layer_0/inst/u_core/u_dn/p_1_out__4__4/DSP_A_B_DATA_INST/A[19] <- bd_i/layer_0/inst/u_core/u_dn/g_lane[38].kvm_acc_reg[38]/DSP_OUTPUT_INST/CLK
EP  -0.001 xdma_0_axi_aclk        lvl=2   bd_i/layer_0/inst/u_core/u_dn/g_lane[89].p2_p_reg[89]/DSP_A_B_DATA_INST/B[7] <- bd_i/layer_0/inst/u_core/u_dn/row_reg[0]/C
EP  -0.001 xdma_0_axi_aclk        lvl=2   bd_i/layer_0/inst/u_core/krow_reg[254]/D <- bd_i/layer_0/inst/u_core/kb_i_reg[2]/C
EP  -0.001 xdma_0_axi_aclk        lvl=4   bd_i/layer_0/inst/u_core/u_dma/fmem_reg_0_255_8_8/SP.C/I <- bd_i/layer_0/inst/u_core/kv_dmaq_reg[8]/C
EP  -0.001 xdma_0_axi_aclk        lvl=1   bd_i/layer_0/inst/u_core/u_dn/g_lane[72].dec_p_reg[72]/DSP_A_B_DATA_INST/A[9] <- bd_i/layer_0/inst/u_core/g_dnslot[1].mem_reg_uram_16/CLK
EP  -0.001 xdma_0_axi_aclk        lvl=2   bd_i/layer_0/inst/u_core/u_attn/g_lane[187].pv_p_reg[187]/DSP_A_B_DATA_INST/A[8] <- bd_i/layer_0/inst/u_core/g_kvslot[0].mem_reg_uram_40/CLK
EP  -0.001 xdma_0_axi_aclk        lvl=8   bd_i/layer_0/inst/u_core/u_dma/fmem_reg_0_255_354_354/DP.C/I <- bd_i/layer_0/inst/u_core/u_dma/f_rp_reg[0]/C
EP  -0.001 xdma_0_axi_aclk        lvl=5   bd_i/layer_0/inst/u_core/u_attn/dot_reg[10]/D <- bd_i/layer_0/inst/u_core/u_attn/g_ps64[3].psum16_reg[3][2]/C
EP  -0.001 xdma_0_axi_aclk        lvl=2   bd_i/layer_0/inst/u_core/u_attn/g_lane[34].prod_reg[34]/DSP_A_B_DATA_INST/B[5] <- bd_i/layer_0/inst/u_core/g_kvslot[0].mem_reg_uram_6/CLK
EP  -0.001 xdma_0_axi_aclk        lvl=1   bd_i/layer_0/inst/u_core/tmp64_reg[44]/D <- bd_i/layer_0/inst/u_core/smem_a_reg_bram_24/CLKBWRCLK
EP  -0.001 xdma_0_axi_aclk        lvl=1   bd_i/layer_0/inst/u_core/u_dn/p_1_out__5__15/DSP_A_B_DATA_INST/A[16] <- bd_i/layer_0/inst/u_core/g_dnslot[1].mem_reg_uram_10/CLK
EP  -0.001 xdma_0_axi_aclk        lvl=7   bd_i/layer_0/inst/u_core/u_dn/g_lane[17].kvm_acc_reg[17]/DSP_A_B_DATA_INST/A[23] <- bd_i/layer_0/inst/u_core/u_dn/g_lane[17].dec_p_reg[17]/DSP_OUTPUT_INST/CLK
EP  -0.001 xdma_0_axi_aclk        lvl=1   bd_i/layer_0/inst/u_core/u_dn/p_1_out__25__5/DSP_A_B_DATA_INST/A[17] <- bd_i/layer_0/inst/u_core/g_dnslot[0].mem_reg_uram_21/CLK
EP  -0.001 xdma_0_axi_aclk        lvl=7   bd_i/layer_0/inst/u_core/u_dn/g_lane[27].kvm_acc_reg[27]/DSP_A_B_DATA_INST/A[18] <- bd_i/layer_0/inst/u_core/u_dn/g_lane[27].kvm_acc_reg[27]_i_50_psdsp/C
EP  -0.001 xdma_0_axi_aclk        lvl=5   bd_i/layer_0/inst/u_core/u_dma/fmem_reg_0_255_286_286/SP.C/I <- bd_i/layer_0/inst/u_core/u_dma/x_store_reg/C
EP  -0.001 xdma_0_axi_aclk        lvl=4   bd_i/layer_0/inst/u_core/krow_reg[1842]/D <- bd_i/layer_0/inst/u_core/kb_i_reg[2]/C
EP  -0.001 xdma_0_axi_aclk        lvl=4   bd_i/layer_0/inst/u_core/krow_reg[992]/D <- bd_i/layer_0/inst/u_core/kb_i_reg[2]/C
# puts "CENSUS_END"
CENSUS_END
# puts "OWNER_TALLY_BEGIN"
OWNER_TALLY_BEGIN
# foreach p $paths {
#     puts "OWNER [join [lrange [split [get_property ENDPOINT_PIN $p] /] 0 2] /]"
# }
OWNER bd_i/layer_0/inst
OWNER bd_i/layer_0/inst
OWNER bd_i/layer_0/inst
OWNER bd_i/layer_0/inst
OWNER bd_i/layer_0/inst
OWNER bd_i/layer_0/inst
OWNER bd_i/layer_0/inst
OWNER bd_i/layer_0/inst
OWNER bd_i/layer_0/inst
OWNER bd_i/layer_0/inst
OWNER bd_i/layer_0/inst
OWNER bd_i/layer_0/inst
OWNER bd_i/layer_0/inst
OWNER bd_i/layer_0/inst
OWNER bd_i/layer_0/inst
OWNER bd_i/layer_0/inst
OWNER bd_i/layer_0/inst
OWNER bd_i/layer_0/inst
OWNER bd_i/layer_0/inst
OWNER bd_i/layer_0/inst
OWNER bd_i/layer_0/inst
OWNER bd_i/layer_0/inst
OWNER bd_i/layer_0/inst
OWNER bd_i/layer_0/inst
OWNER bd_i/layer_0/inst
OWNER bd_i/layer_0/inst
OWNER bd_i/layer_0/inst
OWNER bd_i/layer_0/inst
OWNER bd_i/layer_0/inst
OWNER bd_i/layer_0/inst
OWNER bd_i/layer_0/inst
OWNER bd_i/layer_0/inst
OWNER bd_i/layer_0/inst
OWNER bd_i/layer_0/inst
OWNER bd_i/layer_0/inst
OWNER bd_i/layer_0/inst
OWNER bd_i/layer_0/inst
OWNER bd_i/layer_0/inst
OWNER bd_i/layer_0/inst
OWNER bd_i/layer_0/inst
OWNER bd_i/layer_0/inst
OWNER bd_i/layer_0/inst
OWNER bd_i/layer_0/inst
OWNER bd_i/layer_0/inst
OWNER bd_i/layer_0/inst
OWNER bd_i/layer_0/inst
OWNER bd_i/layer_0/inst
OWNER bd_i/layer_0/inst
OWNER bd_i/layer_0/inst
OWNER bd_i/layer_0/inst
OWNER bd_i/layer_0/inst
OWNER bd_i/layer_0/inst
OWNER bd_i/layer_0/inst
OWNER bd_i/layer_0/inst
OWNER bd_i/layer_0/inst
OWNER bd_i/layer_0/inst
OWNER bd_i/layer_0/inst
OWNER bd_i/layer_0/inst
OWNER bd_i/layer_0/inst
OWNER bd_i/layer_0/inst
OWNER bd_i/layer_0/inst
OWNER bd_i/layer_0/inst
OWNER bd_i/layer_0/inst
OWNER bd_i/layer_0/inst
OWNER bd_i/layer_0/inst
OWNER bd_i/layer_0/inst
OWNER bd_i/layer_0/inst
OWNER bd_i/layer_0/inst
OWNER bd_i/layer_0/inst
OWNER bd_i/layer_0/inst
OWNER bd_i/layer_0/inst
OWNER bd_i/layer_0/inst
OWNER bd_i/layer_0/inst
OWNER bd_i/layer_0/inst
OWNER bd_i/layer_0/inst
OWNER bd_i/layer_0/inst
OWNER bd_i/layer_0/inst
OWNER bd_i/layer_0/inst
OWNER bd_i/layer_0/inst
OWNER bd_i/layer_0/inst
OWNER bd_i/layer_0/inst
OWNER bd_i/layer_0/inst
OWNER bd_i/layer_0/inst
OWNER bd_i/layer_0/inst
OWNER bd_i/layer_0/inst
OWNER bd_i/layer_0/inst
OWNER bd_i/layer_0/inst
OWNER bd_i/layer_0/inst
OWNER bd_i/layer_0/inst
OWNER bd_i/layer_0/inst
OWNER bd_i/layer_0/inst
OWNER bd_i/layer_0/inst
OWNER bd_i/layer_0/inst
OWNER bd_i/layer_0/inst
OWNER bd_i/layer_0/inst
OWNER bd_i/layer_0/inst
OWNER bd_i/axi_smc/inst
OWNER bd_i/layer_0/inst
OWNER bd_i/layer_0/inst
OWNER bd_i/layer_0/inst
OWNER bd_i/layer_0/inst
OWNER bd_i/layer_0/inst
OWNER bd_i/layer_0/inst
OWNER bd_i/layer_0/inst
OWNER bd_i/layer_0/inst
OWNER bd_i/layer_0/inst
OWNER bd_i/layer_0/inst
OWNER bd_i/layer_0/inst
OWNER bd_i/layer_0/inst
OWNER bd_i/layer_0/inst
OWNER bd_i/layer_0/inst
OWNER bd_i/layer_0/inst
OWNER bd_i/layer_0/inst
OWNER bd_i/layer_0/inst
OWNER bd_i/layer_0/inst
OWNER bd_i/layer_0/inst
OWNER bd_i/layer_0/inst
OWNER bd_i/layer_0/inst
OWNER bd_i/layer_0/inst
OWNER bd_i/layer_0/inst
OWNER bd_i/layer_0/inst
OWNER bd_i/layer_0/inst
OWNER bd_i/layer_0/inst
OWNER bd_i/layer_0/inst
OWNER bd_i/layer_0/inst
OWNER bd_i/layer_0/inst
OWNER bd_i/layer_0/inst
OWNER bd_i/layer_0/inst
OWNER bd_i/layer_0/inst
OWNER bd_i/layer_0/inst
OWNER bd_i/layer_0/inst
OWNER bd_i/layer_0/inst
OWNER bd_i/layer_0/inst
OWNER bd_i/layer_0/inst
OWNER bd_i/layer_0/inst
OWNER bd_i/layer_0/inst
OWNER bd_i/layer_0/inst
OWNER bd_i/layer_0/inst
OWNER bd_i/layer_0/inst
OWNER bd_i/layer_0/inst
OWNER bd_i/layer_0/inst
OWNER bd_i/layer_0/inst
OWNER bd_i/layer_0/inst
OWNER bd_i/layer_0/inst
OWNER bd_i/layer_0/inst
OWNER bd_i/layer_0/inst
OWNER bd_i/layer_0/inst
OWNER bd_i/layer_0/inst
OWNER bd_i/layer_0/inst
OWNER bd_i/layer_0/inst
OWNER bd_i/layer_0/inst
OWNER bd_i/layer_0/inst
OWNER bd_i/layer_0/inst
OWNER bd_i/layer_0/inst
OWNER bd_i/layer_0/inst
OWNER bd_i/layer_0/inst
OWNER bd_i/layer_0/inst
OWNER bd_i/layer_0/inst
OWNER bd_i/layer_0/inst
OWNER bd_i/layer_0/inst
OWNER bd_i/layer_0/inst
OWNER bd_i/layer_0/inst
OWNER bd_i/layer_0/inst
OWNER bd_i/layer_0/inst
OWNER bd_i/layer_0/inst
OWNER bd_i/layer_0/inst
OWNER bd_i/layer_0/inst
OWNER bd_i/layer_0/inst
OWNER bd_i/layer_0/inst
OWNER bd_i/layer_0/inst
OWNER bd_i/layer_0/inst
OWNER bd_i/layer_0/inst
OWNER bd_i/layer_0/inst
OWNER bd_i/layer_0/inst
OWNER bd_i/layer_0/inst
OWNER bd_i/layer_0/inst
OWNER bd_i/layer_0/inst
OWNER bd_i/layer_0/inst
OWNER bd_i/layer_0/inst
OWNER bd_i/layer_0/inst
OWNER bd_i/layer_0/inst
OWNER bd_i/layer_0/inst
OWNER bd_i/axi_smc/inst
OWNER bd_i/layer_0/inst
OWNER bd_i/layer_0/inst
OWNER bd_i/layer_0/inst
OWNER bd_i/layer_0/inst
OWNER bd_i/layer_0/inst
OWNER bd_i/layer_0/inst
OWNER bd_i/layer_0/inst
OWNER bd_i/layer_0/inst
OWNER bd_i/layer_0/inst
OWNER bd_i/layer_0/inst
OWNER bd_i/layer_0/inst
OWNER bd_i/layer_0/inst
OWNER bd_i/layer_0/inst
OWNER bd_i/layer_0/inst
OWNER bd_i/layer_0/inst
OWNER bd_i/layer_0/inst
OWNER bd_i/layer_0/inst
OWNER bd_i/layer_0/inst
OWNER bd_i/layer_0/inst
OWNER bd_i/layer_0/inst
OWNER bd_i/layer_0/inst
OWNER bd_i/layer_0/inst
OWNER bd_i/layer_0/inst
OWNER bd_i/layer_0/inst
OWNER bd_i/layer_0/inst
OWNER bd_i/layer_0/inst
OWNER bd_i/layer_0/inst
OWNER bd_i/layer_0/inst
OWNER bd_i/layer_0/inst
OWNER bd_i/layer_0/inst
OWNER bd_i/layer_0/inst
OWNER bd_i/layer_0/inst
OWNER bd_i/layer_0/inst
OWNER bd_i/layer_0/inst
OWNER bd_i/layer_0/inst
OWNER bd_i/layer_0/inst
OWNER bd_i/layer_0/inst
OWNER bd_i/layer_0/inst
OWNER bd_i/layer_0/inst
OWNER bd_i/axi_smc/inst
OWNER bd_i/layer_0/inst
OWNER bd_i/layer_0/inst
OWNER bd_i/layer_0/inst
OWNER bd_i/layer_0/inst
OWNER bd_i/layer_0/inst
OWNER bd_i/layer_0/inst
OWNER bd_i/layer_0/inst
OWNER bd_i/layer_0/inst
OWNER bd_i/layer_0/inst
OWNER bd_i/layer_0/inst
OWNER bd_i/layer_0/inst
OWNER bd_i/layer_0/inst
OWNER bd_i/layer_0/inst
OWNER bd_i/layer_0/inst
OWNER bd_i/layer_0/inst
OWNER bd_i/layer_0/inst
OWNER bd_i/layer_0/inst
OWNER bd_i/layer_0/inst
OWNER bd_i/layer_0/inst
OWNER bd_i/layer_0/inst
OWNER bd_i/layer_0/inst
OWNER bd_i/layer_0/inst
OWNER bd_i/layer_0/inst
OWNER bd_i/layer_0/inst
OWNER bd_i/layer_0/inst
OWNER bd_i/layer_0/inst
OWNER bd_i/layer_0/inst
OWNER bd_i/layer_0/inst
OWNER bd_i/layer_0/inst
OWNER bd_i/layer_0/inst
OWNER bd_i/layer_0/inst
OWNER bd_i/layer_0/inst
OWNER bd_i/layer_0/inst
OWNER bd_i/layer_0/inst
OWNER bd_i/layer_0/inst
OWNER bd_i/layer_0/inst
OWNER bd_i/layer_0/inst
OWNER bd_i/layer_0/inst
OWNER bd_i/layer_0/inst
OWNER bd_i/layer_0/inst
OWNER bd_i/layer_0/inst
OWNER bd_i/layer_0/inst
OWNER bd_i/layer_0/inst
OWNER bd_i/layer_0/inst
OWNER bd_i/layer_0/inst
OWNER bd_i/layer_0/inst
OWNER bd_i/layer_0/inst
OWNER bd_i/layer_0/inst
OWNER bd_i/layer_0/inst
OWNER bd_i/layer_0/inst
OWNER bd_i/layer_0/inst
OWNER bd_i/layer_0/inst
OWNER bd_i/layer_0/inst
OWNER bd_i/layer_0/inst
OWNER bd_i/layer_0/inst
OWNER bd_i/layer_0/inst
OWNER bd_i/layer_0/inst
OWNER bd_i/layer_0/inst
OWNER bd_i/layer_0/inst
OWNER bd_i/layer_0/inst
OWNER bd_i/layer_0/inst
OWNER bd_i/layer_0/inst
OWNER bd_i/layer_0/inst
OWNER bd_i/layer_0/inst
OWNER bd_i/layer_0/inst
OWNER bd_i/layer_0/inst
OWNER bd_i/layer_0/inst
OWNER bd_i/layer_0/inst
OWNER bd_i/layer_0/inst
OWNER bd_i/layer_0/inst
OWNER bd_i/layer_0/inst
OWNER bd_i/layer_0/inst
OWNER bd_i/layer_0/inst
OWNER bd_i/layer_0/inst
OWNER bd_i/layer_0/inst
OWNER bd_i/layer_0/inst
OWNER bd_i/layer_0/inst
OWNER bd_i/layer_0/inst
OWNER bd_i/layer_0/inst
OWNER bd_i/layer_0/inst
OWNER bd_i/layer_0/inst
OWNER bd_i/layer_0/inst
OWNER bd_i/layer_0/inst
OWNER bd_i/layer_0/inst
OWNER bd_i/layer_0/inst
OWNER bd_i/layer_0/inst
OWNER bd_i/layer_0/inst
OWNER bd_i/layer_0/inst
OWNER bd_i/layer_0/inst
OWNER bd_i/layer_0/inst
OWNER bd_i/layer_0/inst
OWNER bd_i/layer_0/inst
OWNER bd_i/layer_0/inst
OWNER bd_i/layer_0/inst
OWNER bd_i/layer_0/inst
OWNER bd_i/layer_0/inst
OWNER bd_i/layer_0/inst
OWNER bd_i/layer_0/inst
OWNER bd_i/layer_0/inst
OWNER bd_i/layer_0/inst
OWNER bd_i/layer_0/inst
OWNER bd_i/layer_0/inst
OWNER bd_i/layer_0/inst
OWNER bd_i/layer_0/inst
OWNER bd_i/layer_0/inst
OWNER bd_i/layer_0/inst
OWNER bd_i/layer_0/inst
OWNER bd_i/layer_0/inst
OWNER bd_i/layer_0/inst
OWNER bd_i/layer_0/inst
OWNER bd_i/layer_0/inst
OWNER bd_i/layer_0/inst
OWNER bd_i/layer_0/inst
OWNER bd_i/layer_0/inst
OWNER bd_i/layer_0/inst
OWNER bd_i/layer_0/inst
OWNER bd_i/layer_0/inst
OWNER bd_i/layer_0/inst
OWNER bd_i/layer_0/inst
OWNER bd_i/layer_0/inst
OWNER bd_i/layer_0/inst
OWNER bd_i/layer_0/inst
OWNER bd_i/layer_0/inst
OWNER bd_i/layer_0/inst
OWNER bd_i/layer_0/inst
OWNER bd_i/layer_0/inst
OWNER bd_i/layer_0/inst
OWNER bd_i/layer_0/inst
OWNER bd_i/layer_0/inst
OWNER bd_i/layer_0/inst
OWNER bd_i/layer_0/inst
OWNER bd_i/layer_0/inst
OWNER bd_i/layer_0/inst
OWNER bd_i/layer_0/inst
OWNER bd_i/layer_0/inst
OWNER bd_i/layer_0/inst
OWNER bd_i/layer_0/inst
OWNER bd_i/layer_0/inst
OWNER bd_i/layer_0/inst
OWNER bd_i/layer_0/inst
OWNER bd_i/layer_0/inst
OWNER bd_i/layer_0/inst
OWNER bd_i/layer_0/inst
OWNER bd_i/layer_0/inst
OWNER bd_i/layer_0/inst
OWNER bd_i/layer_0/inst
OWNER bd_i/layer_0/inst
OWNER bd_i/layer_0/inst
OWNER bd_i/layer_0/inst
OWNER bd_i/layer_0/inst
OWNER bd_i/layer_0/inst
OWNER bd_i/layer_0/inst
OWNER bd_i/layer_0/inst
OWNER bd_i/layer_0/inst
OWNER bd_i/layer_0/inst
OWNER bd_i/layer_0/inst
OWNER bd_i/layer_0/inst
OWNER bd_i/layer_0/inst
OWNER bd_i/layer_0/inst
OWNER bd_i/layer_0/inst
OWNER bd_i/layer_0/inst
OWNER bd_i/layer_0/inst
OWNER bd_i/layer_0/inst
OWNER bd_i/layer_0/inst
OWNER bd_i/layer_0/inst
OWNER bd_i/layer_0/inst
OWNER bd_i/layer_0/inst
OWNER bd_i/layer_0/inst
OWNER bd_i/layer_0/inst
OWNER bd_i/layer_0/inst
OWNER bd_i/layer_0/inst
OWNER bd_i/layer_0/inst
OWNER bd_i/layer_0/inst
OWNER bd_i/layer_0/inst
OWNER bd_i/layer_0/inst
OWNER bd_i/layer_0/inst
OWNER bd_i/layer_0/inst
OWNER bd_i/layer_0/inst
OWNER bd_i/layer_0/inst
OWNER bd_i/layer_0/inst
OWNER bd_i/layer_0/inst
OWNER bd_i/layer_0/inst
OWNER bd_i/layer_0/inst
OWNER bd_i/layer_0/inst
OWNER bd_i/layer_0/inst
OWNER bd_i/layer_0/inst
OWNER bd_i/layer_0/inst
OWNER bd_i/layer_0/inst
OWNER bd_i/layer_0/inst
OWNER bd_i/layer_0/inst
OWNER bd_i/layer_0/inst
OWNER bd_i/layer_0/inst
OWNER bd_i/layer_0/inst
OWNER bd_i/layer_0/inst
OWNER bd_i/layer_0/inst
OWNER bd_i/layer_0/inst
OWNER bd_i/layer_0/inst
OWNER bd_i/layer_0/inst
OWNER bd_i/layer_0/inst
OWNER bd_i/layer_0/inst
OWNER bd_i/layer_0/inst
OWNER bd_i/layer_0/inst
OWNER bd_i/layer_0/inst
OWNER bd_i/layer_0/inst
OWNER bd_i/layer_0/inst
OWNER bd_i/layer_0/inst
OWNER bd_i/layer_0/inst
OWNER bd_i/layer_0/inst
OWNER bd_i/layer_0/inst
OWNER bd_i/layer_0/inst
OWNER bd_i/layer_0/inst
OWNER bd_i/layer_0/inst
OWNER bd_i/layer_0/inst
OWNER bd_i/layer_0/inst
OWNER bd_i/layer_0/inst
OWNER bd_i/layer_0/inst
OWNER bd_i/layer_0/inst
OWNER bd_i/layer_0/inst
OWNER bd_i/layer_0/inst
OWNER bd_i/layer_0/inst
OWNER bd_i/layer_0/inst
OWNER bd_i/layer_0/inst
OWNER bd_i/layer_0/inst
OWNER bd_i/layer_0/inst
OWNER bd_i/layer_0/inst
OWNER bd_i/layer_0/inst
OWNER bd_i/layer_0/inst
OWNER bd_i/layer_0/inst
OWNER bd_i/layer_0/inst
OWNER bd_i/layer_0/inst
OWNER bd_i/layer_0/inst
OWNER bd_i/layer_0/inst
OWNER bd_i/layer_0/inst
OWNER bd_i/layer_0/inst
OWNER bd_i/layer_0/inst
OWNER bd_i/layer_0/inst
OWNER bd_i/layer_0/inst
OWNER bd_i/layer_0/inst
OWNER bd_i/layer_0/inst
OWNER bd_i/layer_0/inst
OWNER bd_i/layer_0/inst
OWNER bd_i/layer_0/inst
OWNER bd_i/layer_0/inst
OWNER bd_i/layer_0/inst
OWNER bd_i/layer_0/inst
OWNER bd_i/layer_0/inst
OWNER bd_i/layer_0/inst
OWNER bd_i/layer_0/inst
OWNER bd_i/layer_0/inst
OWNER bd_i/layer_0/inst
OWNER bd_i/layer_0/inst
OWNER bd_i/layer_0/inst
OWNER bd_i/layer_0/inst
OWNER bd_i/layer_0/inst
OWNER bd_i/layer_0/inst
OWNER bd_i/layer_0/inst
OWNER bd_i/layer_0/inst
OWNER bd_i/layer_0/inst
OWNER bd_i/layer_0/inst
OWNER bd_i/layer_0/inst
OWNER bd_i/layer_0/inst
OWNER bd_i/layer_0/inst
OWNER bd_i/layer_0/inst
OWNER bd_i/layer_0/inst
OWNER bd_i/layer_0/inst
OWNER bd_i/layer_0/inst
OWNER bd_i/layer_0/inst
OWNER bd_i/layer_0/inst
OWNER bd_i/layer_0/inst
OWNER bd_i/layer_0/inst
OWNER bd_i/layer_0/inst
OWNER bd_i/layer_0/inst
OWNER bd_i/layer_0/inst
OWNER bd_i/layer_0/inst
OWNER bd_i/layer_0/inst
OWNER bd_i/layer_0/inst
OWNER bd_i/layer_0/inst
OWNER bd_i/layer_0/inst
OWNER bd_i/layer_0/inst
OWNER bd_i/layer_0/inst
OWNER bd_i/layer_0/inst
OWNER bd_i/layer_0/inst
OWNER bd_i/layer_0/inst
OWNER bd_i/layer_0/inst
OWNER bd_i/layer_0/inst
OWNER bd_i/layer_0/inst
OWNER bd_i/layer_0/inst
OWNER bd_i/layer_0/inst
OWNER bd_i/layer_0/inst
OWNER bd_i/layer_0/inst
OWNER bd_i/layer_0/inst
OWNER bd_i/layer_0/inst
OWNER bd_i/layer_0/inst
OWNER bd_i/layer_0/inst
OWNER bd_i/layer_0/inst
OWNER bd_i/layer_0/inst
OWNER bd_i/layer_0/inst
OWNER bd_i/layer_0/inst
OWNER bd_i/layer_0/inst
OWNER bd_i/layer_0/inst
OWNER bd_i/layer_0/inst
OWNER bd_i/layer_0/inst
OWNER bd_i/layer_0/inst
OWNER bd_i/layer_0/inst
OWNER bd_i/layer_0/inst
OWNER bd_i/layer_0/inst
OWNER bd_i/layer_0/inst
OWNER bd_i/layer_0/inst
OWNER bd_i/layer_0/inst
OWNER bd_i/layer_0/inst
OWNER bd_i/layer_0/inst
OWNER bd_i/layer_0/inst
OWNER bd_i/layer_0/inst
OWNER bd_i/layer_0/inst
OWNER bd_i/layer_0/inst
OWNER bd_i/layer_0/inst
OWNER bd_i/layer_0/inst
OWNER bd_i/layer_0/inst
OWNER bd_i/layer_0/inst
OWNER bd_i/layer_0/inst
OWNER bd_i/layer_0/inst
OWNER bd_i/layer_0/inst
OWNER bd_i/layer_0/inst
OWNER bd_i/layer_0/inst
OWNER bd_i/layer_0/inst
OWNER bd_i/layer_0/inst
OWNER bd_i/layer_0/inst
OWNER bd_i/layer_0/inst
OWNER bd_i/layer_0/inst
OWNER bd_i/layer_0/inst
OWNER bd_i/layer_0/inst
OWNER bd_i/layer_0/inst
OWNER bd_i/layer_0/inst
OWNER bd_i/layer_0/inst
OWNER bd_i/layer_0/inst
OWNER bd_i/layer_0/inst
OWNER bd_i/layer_0/inst
OWNER bd_i/layer_0/inst
OWNER bd_i/layer_0/inst
OWNER bd_i/layer_0/inst
OWNER bd_i/layer_0/inst
OWNER bd_i/layer_0/inst
OWNER bd_i/layer_0/inst
OWNER bd_i/layer_0/inst
OWNER bd_i/layer_0/inst
OWNER bd_i/layer_0/inst
OWNER bd_i/layer_0/inst
OWNER bd_i/layer_0/inst
OWNER bd_i/layer_0/inst
OWNER bd_i/layer_0/inst
OWNER bd_i/layer_0/inst
OWNER bd_i/layer_0/inst
OWNER bd_i/layer_0/inst
OWNER bd_i/layer_0/inst
OWNER bd_i/layer_0/inst
OWNER bd_i/layer_0/inst
OWNER bd_i/layer_0/inst
OWNER bd_i/layer_0/inst
OWNER bd_i/layer_0/inst
OWNER bd_i/layer_0/inst
OWNER bd_i/layer_0/inst
OWNER bd_i/layer_0/inst
OWNER bd_i/layer_0/inst
OWNER bd_i/layer_0/inst
OWNER bd_i/layer_0/inst
OWNER bd_i/layer_0/inst
OWNER bd_i/layer_0/inst
OWNER bd_i/layer_0/inst
OWNER bd_i/layer_0/inst
OWNER bd_i/layer_0/inst
OWNER bd_i/layer_0/inst
OWNER bd_i/layer_0/inst
OWNER bd_i/layer_0/inst
OWNER bd_i/layer_0/inst
OWNER bd_i/layer_0/inst
OWNER bd_i/layer_0/inst
OWNER bd_i/layer_0/inst
OWNER bd_i/layer_0/inst
OWNER bd_i/layer_0/inst
OWNER bd_i/layer_0/inst
OWNER bd_i/layer_0/inst
OWNER bd_i/layer_0/inst
OWNER bd_i/layer_0/inst
OWNER bd_i/layer_0/inst
OWNER bd_i/layer_0/inst
OWNER bd_i/layer_0/inst
OWNER bd_i/layer_0/inst
OWNER bd_i/layer_0/inst
OWNER bd_i/layer_0/inst
OWNER bd_i/layer_0/inst
OWNER bd_i/layer_0/inst
OWNER bd_i/layer_0/inst
OWNER bd_i/layer_0/inst
OWNER bd_i/layer_0/inst
OWNER bd_i/layer_0/inst
OWNER bd_i/layer_0/inst
OWNER bd_i/layer_0/inst
OWNER bd_i/layer_0/inst
OWNER bd_i/layer_0/inst
OWNER bd_i/layer_0/inst
OWNER bd_i/layer_0/inst
OWNER bd_i/layer_0/inst
OWNER bd_i/layer_0/inst
OWNER bd_i/layer_0/inst
OWNER bd_i/layer_0/inst
OWNER bd_i/layer_0/inst
OWNER bd_i/layer_0/inst
OWNER bd_i/layer_0/inst
OWNER bd_i/layer_0/inst
OWNER bd_i/layer_0/inst
OWNER bd_i/layer_0/inst
OWNER bd_i/layer_0/inst
OWNER bd_i/layer_0/inst
OWNER bd_i/layer_0/inst
OWNER bd_i/layer_0/inst
OWNER bd_i/layer_0/inst
OWNER bd_i/layer_0/inst
OWNER bd_i/layer_0/inst
OWNER bd_i/layer_0/inst
OWNER bd_i/layer_0/inst
OWNER bd_i/layer_0/inst
OWNER bd_i/layer_0/inst
OWNER bd_i/axi_smc/inst
OWNER bd_i/layer_0/inst
OWNER bd_i/layer_0/inst
OWNER bd_i/layer_0/inst
OWNER bd_i/layer_0/inst
OWNER bd_i/layer_0/inst
OWNER bd_i/layer_0/inst
OWNER bd_i/layer_0/inst
OWNER bd_i/layer_0/inst
OWNER bd_i/layer_0/inst
OWNER bd_i/layer_0/inst
OWNER bd_i/layer_0/inst
OWNER bd_i/layer_0/inst
OWNER bd_i/layer_0/inst
OWNER bd_i/layer_0/inst
OWNER bd_i/layer_0/inst
OWNER bd_i/layer_0/inst
OWNER bd_i/layer_0/inst
OWNER bd_i/layer_0/inst
OWNER bd_i/layer_0/inst
OWNER bd_i/layer_0/inst
OWNER bd_i/layer_0/inst
OWNER bd_i/layer_0/inst
OWNER bd_i/layer_0/inst
OWNER bd_i/layer_0/inst
OWNER bd_i/layer_0/inst
OWNER bd_i/layer_0/inst
OWNER bd_i/layer_0/inst
OWNER bd_i/layer_0/inst
OWNER bd_i/layer_0/inst
OWNER bd_i/layer_0/inst
OWNER bd_i/layer_0/inst
OWNER bd_i/layer_0/inst
OWNER bd_i/layer_0/inst
OWNER bd_i/layer_0/inst
OWNER bd_i/layer_0/inst
OWNER bd_i/layer_0/inst
OWNER bd_i/layer_0/inst
OWNER bd_i/layer_0/inst
OWNER bd_i/layer_0/inst
OWNER bd_i/layer_0/inst
OWNER bd_i/layer_0/inst
OWNER bd_i/layer_0/inst
OWNER bd_i/layer_0/inst
OWNER bd_i/layer_0/inst
OWNER bd_i/layer_0/inst
OWNER bd_i/layer_0/inst
OWNER bd_i/layer_0/inst
OWNER bd_i/layer_0/inst
OWNER bd_i/layer_0/inst
OWNER bd_i/layer_0/inst
OWNER bd_i/layer_0/inst
OWNER bd_i/layer_0/inst
OWNER bd_i/layer_0/inst
OWNER bd_i/layer_0/inst
OWNER bd_i/layer_0/inst
OWNER bd_i/layer_0/inst
OWNER bd_i/layer_0/inst
OWNER bd_i/layer_0/inst
OWNER bd_i/layer_0/inst
OWNER bd_i/layer_0/inst
OWNER bd_i/layer_0/inst
OWNER bd_i/layer_0/inst
OWNER bd_i/layer_0/inst
OWNER bd_i/layer_0/inst
OWNER bd_i/layer_0/inst
OWNER bd_i/layer_0/inst
OWNER bd_i/layer_0/inst
OWNER bd_i/layer_0/inst
OWNER bd_i/layer_0/inst
OWNER bd_i/layer_0/inst
OWNER bd_i/layer_0/inst
OWNER bd_i/layer_0/inst
OWNER bd_i/layer_0/inst
OWNER bd_i/layer_0/inst
OWNER bd_i/layer_0/inst
OWNER bd_i/layer_0/inst
OWNER bd_i/layer_0/inst
OWNER bd_i/layer_0/inst
OWNER bd_i/layer_0/inst
OWNER bd_i/layer_0/inst
OWNER bd_i/layer_0/inst
OWNER bd_i/layer_0/inst
OWNER bd_i/layer_0/inst
OWNER bd_i/layer_0/inst
OWNER bd_i/layer_0/inst
OWNER bd_i/layer_0/inst
OWNER bd_i/layer_0/inst
OWNER bd_i/layer_0/inst
OWNER bd_i/layer_0/inst
OWNER bd_i/layer_0/inst
OWNER bd_i/layer_0/inst
OWNER bd_i/layer_0/inst
OWNER bd_i/layer_0/inst
OWNER bd_i/layer_0/inst
OWNER bd_i/layer_0/inst
OWNER bd_i/layer_0/inst
OWNER bd_i/layer_0/inst
OWNER bd_i/layer_0/inst
OWNER bd_i/layer_0/inst
OWNER bd_i/layer_0/inst
OWNER bd_i/layer_0/inst
OWNER bd_i/layer_0/inst
OWNER bd_i/layer_0/inst
OWNER bd_i/layer_0/inst
OWNER bd_i/layer_0/inst
OWNER bd_i/layer_0/inst
OWNER bd_i/layer_0/inst
OWNER bd_i/layer_0/inst
OWNER bd_i/layer_0/inst
OWNER bd_i/layer_0/inst
OWNER bd_i/layer_0/inst
OWNER bd_i/layer_0/inst
OWNER bd_i/layer_0/inst
OWNER bd_i/layer_0/inst
OWNER bd_i/layer_0/inst
OWNER bd_i/layer_0/inst
OWNER bd_i/layer_0/inst
OWNER bd_i/layer_0/inst
OWNER bd_i/layer_0/inst
OWNER bd_i/layer_0/inst
OWNER bd_i/layer_0/inst
OWNER bd_i/layer_0/inst
OWNER bd_i/layer_0/inst
OWNER bd_i/layer_0/inst
OWNER bd_i/layer_0/inst
OWNER bd_i/layer_0/inst
OWNER bd_i/layer_0/inst
OWNER bd_i/layer_0/inst
OWNER bd_i/layer_0/inst
OWNER bd_i/layer_0/inst
OWNER bd_i/layer_0/inst
OWNER bd_i/layer_0/inst
OWNER bd_i/layer_0/inst
OWNER bd_i/layer_0/inst
OWNER bd_i/layer_0/inst
OWNER bd_i/layer_0/inst
OWNER bd_i/layer_0/inst
OWNER bd_i/layer_0/inst
OWNER bd_i/layer_0/inst
OWNER bd_i/layer_0/inst
OWNER bd_i/layer_0/inst
OWNER bd_i/layer_0/inst
OWNER bd_i/layer_0/inst
OWNER bd_i/layer_0/inst
OWNER bd_i/layer_0/inst
OWNER bd_i/layer_0/inst
OWNER bd_i/layer_0/inst
OWNER bd_i/layer_0/inst
OWNER bd_i/layer_0/inst
OWNER bd_i/layer_0/inst
OWNER bd_i/layer_0/inst
OWNER bd_i/layer_0/inst
OWNER bd_i/layer_0/inst
OWNER bd_i/layer_0/inst
OWNER bd_i/layer_0/inst
OWNER bd_i/layer_0/inst
OWNER bd_i/layer_0/inst
OWNER bd_i/layer_0/inst
OWNER bd_i/layer_0/inst
OWNER bd_i/layer_0/inst
OWNER bd_i/layer_0/inst
OWNER bd_i/layer_0/inst
OWNER bd_i/layer_0/inst
OWNER bd_i/layer_0/inst
OWNER bd_i/layer_0/inst
OWNER bd_i/layer_0/inst
OWNER bd_i/layer_0/inst
OWNER bd_i/layer_0/inst
OWNER bd_i/layer_0/inst
OWNER bd_i/layer_0/inst
OWNER bd_i/layer_0/inst
OWNER bd_i/layer_0/inst
OWNER bd_i/layer_0/inst
OWNER bd_i/layer_0/inst
OWNER bd_i/layer_0/inst
OWNER bd_i/layer_0/inst
OWNER bd_i/layer_0/inst
OWNER bd_i/layer_0/inst
OWNER bd_i/layer_0/inst
OWNER bd_i/layer_0/inst
OWNER bd_i/layer_0/inst
OWNER bd_i/layer_0/inst
OWNER bd_i/layer_0/inst
OWNER bd_i/layer_0/inst
OWNER bd_i/axi_smc/inst
OWNER bd_i/axi_smc/inst
OWNER bd_i/axi_smc/inst
OWNER bd_i/layer_0/inst
OWNER bd_i/layer_0/inst
OWNER bd_i/layer_0/inst
OWNER bd_i/layer_0/inst
OWNER bd_i/layer_0/inst
OWNER bd_i/layer_0/inst
OWNER bd_i/layer_0/inst
OWNER bd_i/layer_0/inst
OWNER bd_i/layer_0/inst
OWNER bd_i/layer_0/inst
OWNER bd_i/layer_0/inst
OWNER bd_i/layer_0/inst
OWNER bd_i/layer_0/inst
OWNER bd_i/layer_0/inst
OWNER bd_i/layer_0/inst
OWNER bd_i/layer_0/inst
OWNER bd_i/layer_0/inst
OWNER bd_i/layer_0/inst
OWNER bd_i/layer_0/inst
OWNER bd_i/layer_0/inst
OWNER bd_i/layer_0/inst
OWNER bd_i/layer_0/inst
OWNER bd_i/layer_0/inst
OWNER bd_i/layer_0/inst
OWNER bd_i/layer_0/inst
OWNER bd_i/layer_0/inst
OWNER bd_i/layer_0/inst
OWNER bd_i/layer_0/inst
OWNER bd_i/layer_0/inst
OWNER bd_i/layer_0/inst
OWNER bd_i/layer_0/inst
OWNER bd_i/layer_0/inst
OWNER bd_i/layer_0/inst
OWNER bd_i/layer_0/inst
OWNER bd_i/layer_0/inst
OWNER bd_i/layer_0/inst
OWNER bd_i/layer_0/inst
OWNER bd_i/layer_0/inst
OWNER bd_i/layer_0/inst
OWNER bd_i/layer_0/inst
OWNER bd_i/layer_0/inst
OWNER bd_i/layer_0/inst
OWNER bd_i/layer_0/inst
OWNER bd_i/layer_0/inst
OWNER bd_i/layer_0/inst
OWNER bd_i/layer_0/inst
OWNER bd_i/layer_0/inst
OWNER bd_i/layer_0/inst
OWNER bd_i/layer_0/inst
OWNER bd_i/layer_0/inst
OWNER bd_i/layer_0/inst
OWNER bd_i/layer_0/inst
OWNER bd_i/layer_0/inst
OWNER bd_i/layer_0/inst
OWNER bd_i/layer_0/inst
OWNER bd_i/layer_0/inst
OWNER bd_i/layer_0/inst
OWNER bd_i/layer_0/inst
OWNER bd_i/layer_0/inst
OWNER bd_i/layer_0/inst
OWNER bd_i/layer_0/inst
OWNER bd_i/layer_0/inst
OWNER bd_i/layer_0/inst
OWNER bd_i/layer_0/inst
OWNER bd_i/layer_0/inst
OWNER bd_i/layer_0/inst
OWNER bd_i/layer_0/inst
OWNER bd_i/layer_0/inst
OWNER bd_i/layer_0/inst
OWNER bd_i/layer_0/inst
OWNER bd_i/layer_0/inst
OWNER bd_i/layer_0/inst
OWNER bd_i/layer_0/inst
OWNER bd_i/layer_0/inst
OWNER bd_i/layer_0/inst
OWNER bd_i/layer_0/inst
OWNER bd_i/layer_0/inst
OWNER bd_i/layer_0/inst
OWNER bd_i/layer_0/inst
OWNER bd_i/layer_0/inst
OWNER bd_i/layer_0/inst
OWNER bd_i/layer_0/inst
OWNER bd_i/layer_0/inst
OWNER bd_i/layer_0/inst
OWNER bd_i/layer_0/inst
OWNER bd_i/layer_0/inst
OWNER bd_i/layer_0/inst
OWNER bd_i/layer_0/inst
OWNER bd_i/layer_0/inst
OWNER bd_i/layer_0/inst
OWNER bd_i/layer_0/inst
OWNER bd_i/layer_0/inst
OWNER bd_i/layer_0/inst
OWNER bd_i/layer_0/inst
OWNER bd_i/layer_0/inst
OWNER bd_i/layer_0/inst
OWNER bd_i/layer_0/inst
OWNER bd_i/layer_0/inst
OWNER bd_i/layer_0/inst
OWNER bd_i/layer_0/inst
OWNER bd_i/layer_0/inst
OWNER bd_i/layer_0/inst
OWNER bd_i/layer_0/inst
OWNER bd_i/layer_0/inst
OWNER bd_i/layer_0/inst
OWNER bd_i/layer_0/inst
OWNER bd_i/layer_0/inst
OWNER bd_i/layer_0/inst
OWNER bd_i/layer_0/inst
OWNER bd_i/layer_0/inst
OWNER bd_i/layer_0/inst
OWNER bd_i/layer_0/inst
OWNER bd_i/layer_0/inst
OWNER bd_i/layer_0/inst
OWNER bd_i/layer_0/inst
OWNER bd_i/layer_0/inst
OWNER bd_i/layer_0/inst
OWNER bd_i/layer_0/inst
OWNER bd_i/layer_0/inst
OWNER bd_i/layer_0/inst
OWNER bd_i/layer_0/inst
OWNER bd_i/layer_0/inst
OWNER bd_i/layer_0/inst
OWNER bd_i/layer_0/inst
OWNER bd_i/layer_0/inst
OWNER bd_i/layer_0/inst
OWNER bd_i/axi_smc/inst
OWNER bd_i/axi_smc/inst
OWNER bd_i/axi_smc/inst
OWNER bd_i/layer_0/inst
OWNER bd_i/layer_0/inst
OWNER bd_i/layer_0/inst
OWNER bd_i/layer_0/inst
OWNER bd_i/layer_0/inst
OWNER bd_i/layer_0/inst
OWNER bd_i/layer_0/inst
OWNER bd_i/layer_0/inst
OWNER bd_i/layer_0/inst
OWNER bd_i/layer_0/inst
OWNER bd_i/layer_0/inst
OWNER bd_i/layer_0/inst
OWNER bd_i/layer_0/inst
OWNER bd_i/layer_0/inst
OWNER bd_i/layer_0/inst
OWNER bd_i/layer_0/inst
OWNER bd_i/layer_0/inst
OWNER bd_i/layer_0/inst
OWNER bd_i/layer_0/inst
OWNER bd_i/layer_0/inst
OWNER bd_i/layer_0/inst
OWNER bd_i/layer_0/inst
OWNER bd_i/layer_0/inst
OWNER bd_i/layer_0/inst
OWNER bd_i/layer_0/inst
OWNER bd_i/layer_0/inst
OWNER bd_i/layer_0/inst
OWNER bd_i/layer_0/inst
OWNER bd_i/layer_0/inst
OWNER bd_i/layer_0/inst
OWNER bd_i/layer_0/inst
OWNER bd_i/layer_0/inst
OWNER bd_i/layer_0/inst
OWNER bd_i/layer_0/inst
OWNER bd_i/layer_0/inst
OWNER bd_i/layer_0/inst
OWNER bd_i/layer_0/inst
OWNER bd_i/layer_0/inst
OWNER bd_i/layer_0/inst
OWNER bd_i/layer_0/inst
OWNER bd_i/layer_0/inst
OWNER bd_i/layer_0/inst
OWNER bd_i/layer_0/inst
OWNER bd_i/layer_0/inst
OWNER bd_i/layer_0/inst
OWNER bd_i/layer_0/inst
OWNER bd_i/layer_0/inst
OWNER bd_i/layer_0/inst
OWNER bd_i/layer_0/inst
OWNER bd_i/layer_0/inst
OWNER bd_i/layer_0/inst
OWNER bd_i/layer_0/inst
OWNER bd_i/layer_0/inst
OWNER bd_i/layer_0/inst
OWNER bd_i/layer_0/inst
OWNER bd_i/layer_0/inst
OWNER bd_i/layer_0/inst
OWNER bd_i/layer_0/inst
OWNER bd_i/layer_0/inst
OWNER bd_i/layer_0/inst
OWNER bd_i/layer_0/inst
OWNER bd_i/layer_0/inst
OWNER bd_i/layer_0/inst
OWNER bd_i/layer_0/inst
OWNER bd_i/layer_0/inst
OWNER bd_i/layer_0/inst
OWNER bd_i/layer_0/inst
OWNER bd_i/layer_0/inst
OWNER bd_i/layer_0/inst
OWNER bd_i/layer_0/inst
OWNER bd_i/layer_0/inst
OWNER bd_i/layer_0/inst
OWNER bd_i/layer_0/inst
OWNER bd_i/layer_0/inst
OWNER bd_i/layer_0/inst
OWNER bd_i/layer_0/inst
OWNER bd_i/layer_0/inst
OWNER bd_i/layer_0/inst
OWNER bd_i/layer_0/inst
OWNER bd_i/layer_0/inst
OWNER bd_i/layer_0/inst
OWNER bd_i/layer_0/inst
OWNER bd_i/layer_0/inst
OWNER bd_i/layer_0/inst
OWNER bd_i/layer_0/inst
OWNER bd_i/layer_0/inst
OWNER bd_i/layer_0/inst
OWNER bd_i/layer_0/inst
OWNER bd_i/layer_0/inst
OWNER bd_i/layer_0/inst
OWNER bd_i/layer_0/inst
OWNER bd_i/layer_0/inst
OWNER bd_i/layer_0/inst
OWNER bd_i/layer_0/inst
OWNER bd_i/layer_0/inst
OWNER bd_i/layer_0/inst
OWNER bd_i/layer_0/inst
OWNER bd_i/layer_0/inst
OWNER bd_i/layer_0/inst
OWNER bd_i/layer_0/inst
OWNER bd_i/layer_0/inst
OWNER bd_i/layer_0/inst
OWNER bd_i/layer_0/inst
OWNER bd_i/layer_0/inst
OWNER bd_i/layer_0/inst
OWNER bd_i/layer_0/inst
OWNER bd_i/layer_0/inst
OWNER bd_i/layer_0/inst
OWNER bd_i/layer_0/inst
OWNER bd_i/layer_0/inst
OWNER bd_i/layer_0/inst
OWNER bd_i/layer_0/inst
OWNER bd_i/layer_0/inst
OWNER bd_i/layer_0/inst
OWNER bd_i/layer_0/inst
OWNER bd_i/layer_0/inst
OWNER bd_i/layer_0/inst
OWNER bd_i/layer_0/inst
OWNER bd_i/layer_0/inst
OWNER bd_i/layer_0/inst
OWNER bd_i/layer_0/inst
OWNER bd_i/layer_0/inst
OWNER bd_i/layer_0/inst
OWNER bd_i/layer_0/inst
OWNER bd_i/layer_0/inst
OWNER bd_i/layer_0/inst
OWNER bd_i/layer_0/inst
OWNER bd_i/layer_0/inst
OWNER bd_i/layer_0/inst
OWNER bd_i/layer_0/inst
OWNER bd_i/layer_0/inst
OWNER bd_i/layer_0/inst
OWNER bd_i/layer_0/inst
OWNER bd_i/layer_0/inst
OWNER bd_i/layer_0/inst
OWNER bd_i/layer_0/inst
OWNER bd_i/layer_0/inst
OWNER bd_i/layer_0/inst
OWNER bd_i/layer_0/inst
OWNER bd_i/layer_0/inst
OWNER bd_i/layer_0/inst
OWNER bd_i/layer_0/inst
OWNER bd_i/layer_0/inst
OWNER bd_i/layer_0/inst
OWNER bd_i/layer_0/inst
OWNER bd_i/layer_0/inst
OWNER bd_i/layer_0/inst
OWNER bd_i/layer_0/inst
OWNER bd_i/layer_0/inst
OWNER bd_i/layer_0/inst
OWNER bd_i/layer_0/inst
OWNER bd_i/layer_0/inst
OWNER bd_i/layer_0/inst
OWNER bd_i/layer_0/inst
OWNER bd_i/layer_0/inst
OWNER bd_i/layer_0/inst
OWNER bd_i/layer_0/inst
OWNER bd_i/layer_0/inst
OWNER bd_i/layer_0/inst
OWNER bd_i/layer_0/inst
OWNER bd_i/layer_0/inst
OWNER bd_i/layer_0/inst
OWNER bd_i/layer_0/inst
OWNER bd_i/layer_0/inst
OWNER bd_i/layer_0/inst
OWNER bd_i/layer_0/inst
OWNER bd_i/layer_0/inst
OWNER bd_i/layer_0/inst
OWNER bd_i/layer_0/inst
OWNER bd_i/layer_0/inst
OWNER bd_i/layer_0/inst
OWNER bd_i/layer_0/inst
OWNER bd_i/layer_0/inst
OWNER bd_i/layer_0/inst
OWNER bd_i/layer_0/inst
OWNER bd_i/layer_0/inst
OWNER bd_i/seq_0/inst
OWNER bd_i/seq_0/inst
OWNER bd_i/axi_smc/inst
OWNER bd_i/axi_smc/inst
OWNER bd_i/layer_0/inst
OWNER bd_i/layer_0/inst
OWNER bd_i/layer_0/inst
OWNER bd_i/layer_0/inst
OWNER bd_i/layer_0/inst
OWNER bd_i/layer_0/inst
OWNER bd_i/layer_0/inst
OWNER bd_i/layer_0/inst
OWNER bd_i/layer_0/inst
OWNER bd_i/layer_0/inst
OWNER bd_i/layer_0/inst
OWNER bd_i/layer_0/inst
OWNER bd_i/layer_0/inst
OWNER bd_i/layer_0/inst
OWNER bd_i/layer_0/inst
OWNER bd_i/layer_0/inst
OWNER bd_i/layer_0/inst
OWNER bd_i/layer_0/inst
OWNER bd_i/layer_0/inst
OWNER bd_i/layer_0/inst
OWNER bd_i/layer_0/inst
OWNER bd_i/layer_0/inst
OWNER bd_i/layer_0/inst
OWNER bd_i/layer_0/inst
OWNER bd_i/layer_0/inst
OWNER bd_i/layer_0/inst
OWNER bd_i/layer_0/inst
OWNER bd_i/layer_0/inst
OWNER bd_i/layer_0/inst
OWNER bd_i/layer_0/inst
OWNER bd_i/layer_0/inst
OWNER bd_i/layer_0/inst
OWNER bd_i/layer_0/inst
OWNER bd_i/layer_0/inst
OWNER bd_i/layer_0/inst
OWNER bd_i/layer_0/inst
OWNER bd_i/layer_0/inst
OWNER bd_i/layer_0/inst
OWNER bd_i/layer_0/inst
OWNER bd_i/layer_0/inst
OWNER bd_i/layer_0/inst
OWNER bd_i/layer_0/inst
OWNER bd_i/layer_0/inst
OWNER bd_i/layer_0/inst
OWNER bd_i/layer_0/inst
OWNER bd_i/layer_0/inst
OWNER bd_i/layer_0/inst
OWNER bd_i/layer_0/inst
OWNER bd_i/layer_0/inst
OWNER bd_i/layer_0/inst
OWNER bd_i/layer_0/inst
OWNER bd_i/layer_0/inst
OWNER bd_i/layer_0/inst
OWNER bd_i/layer_0/inst
OWNER bd_i/layer_0/inst
OWNER bd_i/layer_0/inst
OWNER bd_i/layer_0/inst
OWNER bd_i/layer_0/inst
OWNER bd_i/layer_0/inst
OWNER bd_i/layer_0/inst
OWNER bd_i/layer_0/inst
OWNER bd_i/layer_0/inst
OWNER bd_i/layer_0/inst
OWNER bd_i/layer_0/inst
OWNER bd_i/layer_0/inst
OWNER bd_i/layer_0/inst
OWNER bd_i/layer_0/inst
OWNER bd_i/layer_0/inst
OWNER bd_i/layer_0/inst
OWNER bd_i/layer_0/inst
OWNER bd_i/layer_0/inst
OWNER bd_i/layer_0/inst
OWNER bd_i/layer_0/inst
OWNER bd_i/layer_0/inst
OWNER bd_i/layer_0/inst
OWNER bd_i/layer_0/inst
OWNER bd_i/layer_0/inst
OWNER bd_i/layer_0/inst
OWNER bd_i/layer_0/inst
OWNER bd_i/layer_0/inst
OWNER bd_i/layer_0/inst
OWNER bd_i/layer_0/inst
OWNER bd_i/layer_0/inst
OWNER bd_i/layer_0/inst
OWNER bd_i/layer_0/inst
OWNER bd_i/layer_0/inst
OWNER bd_i/layer_0/inst
OWNER bd_i/layer_0/inst
OWNER bd_i/layer_0/inst
OWNER bd_i/layer_0/inst
OWNER bd_i/layer_0/inst
OWNER bd_i/layer_0/inst
OWNER bd_i/layer_0/inst
OWNER bd_i/layer_0/inst
OWNER bd_i/layer_0/inst
OWNER bd_i/layer_0/inst
OWNER bd_i/layer_0/inst
OWNER bd_i/layer_0/inst
OWNER bd_i/layer_0/inst
OWNER bd_i/layer_0/inst
OWNER bd_i/layer_0/inst
OWNER bd_i/layer_0/inst
OWNER bd_i/layer_0/inst
OWNER bd_i/layer_0/inst
OWNER bd_i/layer_0/inst
OWNER bd_i/layer_0/inst
OWNER bd_i/layer_0/inst
OWNER bd_i/layer_0/inst
OWNER bd_i/layer_0/inst
OWNER bd_i/layer_0/inst
OWNER bd_i/layer_0/inst
OWNER bd_i/layer_0/inst
OWNER bd_i/layer_0/inst
OWNER bd_i/layer_0/inst
OWNER bd_i/layer_0/inst
OWNER bd_i/layer_0/inst
OWNER bd_i/layer_0/inst
OWNER bd_i/layer_0/inst
OWNER bd_i/layer_0/inst
OWNER bd_i/layer_0/inst
OWNER bd_i/layer_0/inst
OWNER bd_i/layer_0/inst
OWNER bd_i/layer_0/inst
OWNER bd_i/layer_0/inst
OWNER bd_i/layer_0/inst
OWNER bd_i/layer_0/inst
OWNER bd_i/layer_0/inst
OWNER bd_i/layer_0/inst
OWNER bd_i/layer_0/inst
OWNER bd_i/layer_0/inst
OWNER bd_i/layer_0/inst
OWNER bd_i/layer_0/inst
OWNER bd_i/layer_0/inst
OWNER bd_i/layer_0/inst
OWNER bd_i/layer_0/inst
OWNER bd_i/layer_0/inst
OWNER bd_i/layer_0/inst
OWNER bd_i/layer_0/inst
OWNER bd_i/layer_0/inst
OWNER bd_i/layer_0/inst
OWNER bd_i/layer_0/inst
OWNER bd_i/layer_0/inst
OWNER bd_i/layer_0/inst
OWNER bd_i/layer_0/inst
OWNER bd_i/layer_0/inst
OWNER bd_i/layer_0/inst
OWNER bd_i/layer_0/inst
OWNER bd_i/layer_0/inst
OWNER bd_i/layer_0/inst
OWNER bd_i/layer_0/inst
OWNER bd_i/layer_0/inst
OWNER bd_i/layer_0/inst
OWNER bd_i/layer_0/inst
OWNER bd_i/layer_0/inst
OWNER bd_i/layer_0/inst
OWNER bd_i/layer_0/inst
OWNER bd_i/layer_0/inst
OWNER bd_i/layer_0/inst
OWNER bd_i/layer_0/inst
OWNER bd_i/layer_0/inst
OWNER bd_i/layer_0/inst
OWNER bd_i/layer_0/inst
OWNER bd_i/layer_0/inst
OWNER bd_i/layer_0/inst
OWNER bd_i/layer_0/inst
OWNER bd_i/layer_0/inst
OWNER bd_i/layer_0/inst
OWNER bd_i/layer_0/inst
OWNER bd_i/layer_0/inst
OWNER bd_i/layer_0/inst
OWNER bd_i/layer_0/inst
OWNER bd_i/layer_0/inst
OWNER bd_i/layer_0/inst
OWNER bd_i/layer_0/inst
OWNER bd_i/layer_0/inst
OWNER bd_i/layer_0/inst
OWNER bd_i/layer_0/inst
OWNER bd_i/layer_0/inst
OWNER bd_i/layer_0/inst
OWNER bd_i/layer_0/inst
OWNER bd_i/layer_0/inst
OWNER bd_i/layer_0/inst
OWNER bd_i/layer_0/inst
OWNER bd_i/layer_0/inst
OWNER bd_i/layer_0/inst
OWNER bd_i/layer_0/inst
OWNER bd_i/layer_0/inst
OWNER bd_i/layer_0/inst
OWNER bd_i/layer_0/inst
OWNER bd_i/layer_0/inst
OWNER bd_i/layer_0/inst
OWNER bd_i/layer_0/inst
OWNER bd_i/layer_0/inst
OWNER bd_i/layer_0/inst
OWNER bd_i/layer_0/inst
OWNER bd_i/layer_0/inst
OWNER bd_i/layer_0/inst
OWNER bd_i/layer_0/inst
OWNER bd_i/layer_0/inst
OWNER bd_i/layer_0/inst
OWNER bd_i/layer_0/inst
OWNER bd_i/layer_0/inst
OWNER bd_i/layer_0/inst
OWNER bd_i/layer_0/inst
OWNER bd_i/layer_0/inst
OWNER bd_i/layer_0/inst
OWNER bd_i/layer_0/inst
OWNER bd_i/layer_0/inst
OWNER bd_i/layer_0/inst
OWNER bd_i/layer_0/inst
OWNER bd_i/layer_0/inst
OWNER bd_i/layer_0/inst
OWNER bd_i/layer_0/inst
OWNER bd_i/layer_0/inst
OWNER bd_i/layer_0/inst
OWNER bd_i/layer_0/inst
OWNER bd_i/layer_0/inst
OWNER bd_i/layer_0/inst
OWNER bd_i/layer_0/inst
OWNER bd_i/layer_0/inst
OWNER bd_i/layer_0/inst
OWNER bd_i/layer_0/inst
OWNER bd_i/layer_0/inst
OWNER bd_i/axi_smc/inst
OWNER bd_i/layer_0/inst
OWNER bd_i/layer_0/inst
OWNER bd_i/layer_0/inst
OWNER bd_i/layer_0/inst
OWNER bd_i/layer_0/inst
OWNER bd_i/layer_0/inst
OWNER bd_i/layer_0/inst
OWNER bd_i/layer_0/inst
OWNER bd_i/layer_0/inst
OWNER bd_i/layer_0/inst
OWNER bd_i/layer_0/inst
OWNER bd_i/layer_0/inst
OWNER bd_i/layer_0/inst
OWNER bd_i/layer_0/inst
OWNER bd_i/layer_0/inst
OWNER bd_i/layer_0/inst
OWNER bd_i/layer_0/inst
OWNER bd_i/layer_0/inst
OWNER bd_i/layer_0/inst
OWNER bd_i/layer_0/inst
OWNER bd_i/layer_0/inst
OWNER bd_i/layer_0/inst
OWNER bd_i/layer_0/inst
OWNER bd_i/layer_0/inst
OWNER bd_i/layer_0/inst
OWNER bd_i/layer_0/inst
OWNER bd_i/layer_0/inst
OWNER bd_i/layer_0/inst
OWNER bd_i/layer_0/inst
OWNER bd_i/layer_0/inst
OWNER bd_i/layer_0/inst
OWNER bd_i/layer_0/inst
OWNER bd_i/layer_0/inst
OWNER bd_i/layer_0/inst
OWNER bd_i/layer_0/inst
OWNER bd_i/layer_0/inst
OWNER bd_i/layer_0/inst
OWNER bd_i/layer_0/inst
OWNER bd_i/layer_0/inst
OWNER bd_i/layer_0/inst
OWNER bd_i/layer_0/inst
OWNER bd_i/layer_0/inst
OWNER bd_i/layer_0/inst
OWNER bd_i/layer_0/inst
OWNER bd_i/layer_0/inst
OWNER bd_i/layer_0/inst
OWNER bd_i/layer_0/inst
OWNER bd_i/layer_0/inst
OWNER bd_i/layer_0/inst
OWNER bd_i/layer_0/inst
OWNER bd_i/layer_0/inst
OWNER bd_i/layer_0/inst
OWNER bd_i/layer_0/inst
OWNER bd_i/layer_0/inst
OWNER bd_i/layer_0/inst
OWNER bd_i/layer_0/inst
OWNER bd_i/layer_0/inst
OWNER bd_i/layer_0/inst
OWNER bd_i/layer_0/inst
OWNER bd_i/layer_0/inst
OWNER bd_i/layer_0/inst
OWNER bd_i/layer_0/inst
OWNER bd_i/layer_0/inst
OWNER bd_i/layer_0/inst
OWNER bd_i/layer_0/inst
OWNER bd_i/layer_0/inst
OWNER bd_i/layer_0/inst
OWNER bd_i/layer_0/inst
OWNER bd_i/layer_0/inst
OWNER bd_i/layer_0/inst
OWNER bd_i/layer_0/inst
OWNER bd_i/layer_0/inst
OWNER bd_i/layer_0/inst
OWNER bd_i/layer_0/inst
OWNER bd_i/layer_0/inst
OWNER bd_i/layer_0/inst
OWNER bd_i/layer_0/inst
OWNER bd_i/layer_0/inst
OWNER bd_i/layer_0/inst
OWNER bd_i/layer_0/inst
OWNER bd_i/layer_0/inst
OWNER bd_i/layer_0/inst
OWNER bd_i/layer_0/inst
OWNER bd_i/layer_0/inst
OWNER bd_i/layer_0/inst
OWNER bd_i/layer_0/inst
OWNER bd_i/layer_0/inst
OWNER bd_i/layer_0/inst
OWNER bd_i/layer_0/inst
OWNER bd_i/layer_0/inst
OWNER bd_i/layer_0/inst
OWNER bd_i/layer_0/inst
OWNER bd_i/layer_0/inst
OWNER bd_i/layer_0/inst
OWNER bd_i/layer_0/inst
OWNER bd_i/layer_0/inst
OWNER bd_i/layer_0/inst
OWNER bd_i/layer_0/inst
OWNER bd_i/layer_0/inst
OWNER bd_i/layer_0/inst
OWNER bd_i/layer_0/inst
OWNER bd_i/layer_0/inst
OWNER bd_i/layer_0/inst
OWNER bd_i/layer_0/inst
OWNER bd_i/layer_0/inst
OWNER bd_i/layer_0/inst
OWNER bd_i/layer_0/inst
OWNER bd_i/layer_0/inst
OWNER bd_i/layer_0/inst
OWNER bd_i/layer_0/inst
OWNER bd_i/layer_0/inst
OWNER bd_i/layer_0/inst
OWNER bd_i/layer_0/inst
OWNER bd_i/layer_0/inst
OWNER bd_i/layer_0/inst
OWNER bd_i/layer_0/inst
OWNER bd_i/layer_0/inst
OWNER bd_i/layer_0/inst
OWNER bd_i/layer_0/inst
OWNER bd_i/axi_smc/inst
OWNER bd_i/layer_0/inst
OWNER bd_i/layer_0/inst
OWNER bd_i/layer_0/inst
OWNER bd_i/layer_0/inst
OWNER bd_i/layer_0/inst
OWNER bd_i/layer_0/inst
OWNER bd_i/layer_0/inst
OWNER bd_i/layer_0/inst
OWNER bd_i/layer_0/inst
OWNER bd_i/layer_0/inst
OWNER bd_i/layer_0/inst
OWNER bd_i/layer_0/inst
OWNER bd_i/layer_0/inst
OWNER bd_i/layer_0/inst
OWNER bd_i/layer_0/inst
OWNER bd_i/layer_0/inst
OWNER bd_i/layer_0/inst
OWNER bd_i/layer_0/inst
OWNER bd_i/layer_0/inst
OWNER bd_i/layer_0/inst
OWNER bd_i/layer_0/inst
OWNER bd_i/layer_0/inst
OWNER bd_i/layer_0/inst
OWNER bd_i/layer_0/inst
OWNER bd_i/axi_smc/inst
OWNER bd_i/axi_smc/inst
OWNER bd_i/layer_0/inst
OWNER bd_i/layer_0/inst
OWNER bd_i/layer_0/inst
OWNER bd_i/layer_0/inst
OWNER bd_i/layer_0/inst
OWNER bd_i/layer_0/inst
OWNER bd_i/layer_0/inst
OWNER bd_i/layer_0/inst
OWNER bd_i/layer_0/inst
OWNER bd_i/layer_0/inst
OWNER bd_i/layer_0/inst
OWNER bd_i/layer_0/inst
OWNER bd_i/layer_0/inst
OWNER bd_i/layer_0/inst
OWNER bd_i/layer_0/inst
OWNER bd_i/layer_0/inst
OWNER bd_i/layer_0/inst
OWNER bd_i/layer_0/inst
OWNER bd_i/layer_0/inst
OWNER bd_i/layer_0/inst
OWNER bd_i/layer_0/inst
OWNER bd_i/layer_0/inst
OWNER bd_i/layer_0/inst
OWNER bd_i/layer_0/inst
OWNER bd_i/layer_0/inst
OWNER bd_i/layer_0/inst
OWNER bd_i/layer_0/inst
OWNER bd_i/layer_0/inst
OWNER bd_i/layer_0/inst
OWNER bd_i/layer_0/inst
OWNER bd_i/layer_0/inst
OWNER bd_i/layer_0/inst
OWNER bd_i/layer_0/inst
OWNER bd_i/layer_0/inst
OWNER bd_i/layer_0/inst
OWNER bd_i/layer_0/inst
OWNER bd_i/layer_0/inst
OWNER bd_i/layer_0/inst
OWNER bd_i/layer_0/inst
OWNER bd_i/layer_0/inst
OWNER bd_i/layer_0/inst
OWNER bd_i/layer_0/inst
OWNER bd_i/layer_0/inst
OWNER bd_i/layer_0/inst
OWNER bd_i/layer_0/inst
OWNER bd_i/layer_0/inst
OWNER bd_i/layer_0/inst
OWNER bd_i/layer_0/inst
OWNER bd_i/layer_0/inst
OWNER bd_i/layer_0/inst
OWNER bd_i/layer_0/inst
OWNER bd_i/layer_0/inst
OWNER bd_i/layer_0/inst
OWNER bd_i/layer_0/inst
OWNER bd_i/layer_0/inst
OWNER bd_i/layer_0/inst
OWNER bd_i/layer_0/inst
OWNER bd_i/layer_0/inst
OWNER bd_i/layer_0/inst
OWNER bd_i/layer_0/inst
OWNER bd_i/layer_0/inst
OWNER bd_i/layer_0/inst
OWNER bd_i/layer_0/inst
OWNER bd_i/layer_0/inst
OWNER bd_i/layer_0/inst
OWNER bd_i/layer_0/inst
OWNER bd_i/layer_0/inst
OWNER bd_i/layer_0/inst
OWNER bd_i/layer_0/inst
OWNER bd_i/layer_0/inst
OWNER bd_i/layer_0/inst
OWNER bd_i/layer_0/inst
OWNER bd_i/layer_0/inst
OWNER bd_i/layer_0/inst
OWNER bd_i/layer_0/inst
OWNER bd_i/layer_0/inst
OWNER bd_i/layer_0/inst
OWNER bd_i/layer_0/inst
OWNER bd_i/layer_0/inst
OWNER bd_i/layer_0/inst
OWNER bd_i/layer_0/inst
OWNER bd_i/layer_0/inst
OWNER bd_i/layer_0/inst
OWNER bd_i/layer_0/inst
OWNER bd_i/layer_0/inst
OWNER bd_i/layer_0/inst
OWNER bd_i/layer_0/inst
OWNER bd_i/layer_0/inst
OWNER bd_i/layer_0/inst
OWNER bd_i/layer_0/inst
OWNER bd_i/layer_0/inst
OWNER bd_i/layer_0/inst
OWNER bd_i/layer_0/inst
OWNER bd_i/layer_0/inst
OWNER bd_i/layer_0/inst
OWNER bd_i/layer_0/inst
OWNER bd_i/layer_0/inst
OWNER bd_i/layer_0/inst
OWNER bd_i/layer_0/inst
OWNER bd_i/layer_0/inst
OWNER bd_i/layer_0/inst
OWNER bd_i/layer_0/inst
OWNER bd_i/layer_0/inst
OWNER bd_i/layer_0/inst
OWNER bd_i/layer_0/inst
OWNER bd_i/layer_0/inst
OWNER bd_i/layer_0/inst
OWNER bd_i/layer_0/inst
OWNER bd_i/layer_0/inst
OWNER bd_i/layer_0/inst
OWNER bd_i/layer_0/inst
OWNER bd_i/layer_0/inst
OWNER bd_i/layer_0/inst
OWNER bd_i/layer_0/inst
OWNER bd_i/layer_0/inst
OWNER bd_i/layer_0/inst
OWNER bd_i/layer_0/inst
OWNER bd_i/layer_0/inst
OWNER bd_i/layer_0/inst
OWNER bd_i/layer_0/inst
OWNER bd_i/layer_0/inst
OWNER bd_i/layer_0/inst
OWNER bd_i/layer_0/inst
OWNER bd_i/layer_0/inst
OWNER bd_i/layer_0/inst
OWNER bd_i/layer_0/inst
OWNER bd_i/layer_0/inst
OWNER bd_i/layer_0/inst
OWNER bd_i/layer_0/inst
OWNER bd_i/layer_0/inst
OWNER bd_i/layer_0/inst
OWNER bd_i/axi_smc/inst
OWNER bd_i/layer_0/inst
OWNER bd_i/layer_0/inst
OWNER bd_i/layer_0/inst
OWNER bd_i/layer_0/inst
OWNER bd_i/layer_0/inst
OWNER bd_i/layer_0/inst
OWNER bd_i/layer_0/inst
OWNER bd_i/layer_0/inst
OWNER bd_i/layer_0/inst
OWNER bd_i/layer_0/inst
OWNER bd_i/layer_0/inst
OWNER bd_i/axi_smc/inst
OWNER bd_i/axi_smc/inst
OWNER bd_i/axi_smc/inst
OWNER bd_i/axi_smc/inst
OWNER bd_i/axi_smc/inst
OWNER bd_i/axi_smc/inst
OWNER bd_i/axi_smc/inst
OWNER bd_i/axi_smc/inst
OWNER bd_i/axi_smc/inst
OWNER bd_i/axi_smc/inst
OWNER bd_i/axi_smc/inst
OWNER bd_i/layer_0/inst
OWNER bd_i/layer_0/inst
OWNER bd_i/layer_0/inst
OWNER bd_i/layer_0/inst
OWNER bd_i/layer_0/inst
OWNER bd_i/layer_0/inst
OWNER bd_i/layer_0/inst
OWNER bd_i/layer_0/inst
OWNER bd_i/layer_0/inst
OWNER bd_i/layer_0/inst
OWNER bd_i/layer_0/inst
OWNER bd_i/layer_0/inst
OWNER bd_i/layer_0/inst
OWNER bd_i/layer_0/inst
OWNER bd_i/layer_0/inst
OWNER bd_i/layer_0/inst
OWNER bd_i/layer_0/inst
OWNER bd_i/layer_0/inst
OWNER bd_i/layer_0/inst
OWNER bd_i/layer_0/inst
OWNER bd_i/layer_0/inst
OWNER bd_i/layer_0/inst
OWNER bd_i/layer_0/inst
OWNER bd_i/layer_0/inst
OWNER bd_i/layer_0/inst
OWNER bd_i/layer_0/inst
OWNER bd_i/layer_0/inst
OWNER bd_i/layer_0/inst
OWNER bd_i/layer_0/inst
OWNER bd_i/layer_0/inst
OWNER bd_i/layer_0/inst
OWNER bd_i/layer_0/inst
OWNER bd_i/layer_0/inst
OWNER bd_i/layer_0/inst
OWNER bd_i/layer_0/inst
OWNER bd_i/layer_0/inst
OWNER bd_i/layer_0/inst
OWNER bd_i/layer_0/inst
OWNER bd_i/layer_0/inst
OWNER bd_i/layer_0/inst
OWNER bd_i/layer_0/inst
OWNER bd_i/layer_0/inst
OWNER bd_i/layer_0/inst
OWNER bd_i/layer_0/inst
OWNER bd_i/layer_0/inst
OWNER bd_i/layer_0/inst
OWNER bd_i/layer_0/inst
OWNER bd_i/layer_0/inst
OWNER bd_i/layer_0/inst
OWNER bd_i/layer_0/inst
OWNER bd_i/layer_0/inst
OWNER bd_i/layer_0/inst
OWNER bd_i/layer_0/inst
OWNER bd_i/layer_0/inst
OWNER bd_i/layer_0/inst
OWNER bd_i/layer_0/inst
OWNER bd_i/layer_0/inst
OWNER bd_i/layer_0/inst
OWNER bd_i/layer_0/inst
OWNER bd_i/layer_0/inst
OWNER bd_i/layer_0/inst
OWNER bd_i/layer_0/inst
OWNER bd_i/layer_0/inst
OWNER bd_i/layer_0/inst
OWNER bd_i/layer_0/inst
OWNER bd_i/layer_0/inst
OWNER bd_i/layer_0/inst
OWNER bd_i/layer_0/inst
OWNER bd_i/layer_0/inst
OWNER bd_i/layer_0/inst
OWNER bd_i/layer_0/inst
OWNER bd_i/layer_0/inst
OWNER bd_i/layer_0/inst
OWNER bd_i/layer_0/inst
OWNER bd_i/layer_0/inst
OWNER bd_i/layer_0/inst
OWNER bd_i/layer_0/inst
OWNER bd_i/layer_0/inst
OWNER bd_i/layer_0/inst
OWNER bd_i/layer_0/inst
OWNER bd_i/layer_0/inst
OWNER bd_i/layer_0/inst
OWNER bd_i/layer_0/inst
OWNER bd_i/layer_0/inst
OWNER bd_i/layer_0/inst
OWNER bd_i/layer_0/inst
OWNER bd_i/layer_0/inst
OWNER bd_i/layer_0/inst
OWNER bd_i/layer_0/inst
OWNER bd_i/layer_0/inst
OWNER bd_i/layer_0/inst
OWNER bd_i/layer_0/inst
OWNER bd_i/layer_0/inst
OWNER bd_i/layer_0/inst
OWNER bd_i/layer_0/inst
OWNER bd_i/layer_0/inst
OWNER bd_i/layer_0/inst
OWNER bd_i/layer_0/inst
OWNER bd_i/layer_0/inst
OWNER bd_i/layer_0/inst
OWNER bd_i/layer_0/inst
OWNER bd_i/layer_0/inst
OWNER bd_i/layer_0/inst
OWNER bd_i/layer_0/inst
OWNER bd_i/layer_0/inst
OWNER bd_i/layer_0/inst
OWNER bd_i/layer_0/inst
OWNER bd_i/layer_0/inst
OWNER bd_i/layer_0/inst
OWNER bd_i/layer_0/inst
OWNER bd_i/layer_0/inst
OWNER bd_i/layer_0/inst
OWNER bd_i/layer_0/inst
OWNER bd_i/layer_0/inst
OWNER bd_i/layer_0/inst
OWNER bd_i/layer_0/inst
OWNER bd_i/layer_0/inst
OWNER bd_i/layer_0/inst
OWNER bd_i/layer_0/inst
OWNER bd_i/layer_0/inst
OWNER bd_i/layer_0/inst
OWNER bd_i/layer_0/inst
OWNER bd_i/layer_0/inst
OWNER bd_i/layer_0/inst
OWNER bd_i/layer_0/inst
OWNER bd_i/layer_0/inst
OWNER bd_i/layer_0/inst
OWNER bd_i/layer_0/inst
OWNER bd_i/layer_0/inst
OWNER bd_i/layer_0/inst
OWNER bd_i/layer_0/inst
OWNER bd_i/layer_0/inst
OWNER bd_i/layer_0/inst
OWNER bd_i/layer_0/inst
OWNER bd_i/layer_0/inst
OWNER bd_i/layer_0/inst
OWNER bd_i/layer_0/inst
OWNER bd_i/layer_0/inst
OWNER bd_i/layer_0/inst
OWNER bd_i/layer_0/inst
OWNER bd_i/layer_0/inst
OWNER bd_i/layer_0/inst
OWNER bd_i/layer_0/inst
OWNER bd_i/layer_0/inst
OWNER bd_i/layer_0/inst
OWNER bd_i/layer_0/inst
OWNER bd_i/layer_0/inst
OWNER bd_i/layer_0/inst
OWNER bd_i/layer_0/inst
OWNER bd_i/layer_0/inst
OWNER bd_i/layer_0/inst
OWNER bd_i/layer_0/inst
OWNER bd_i/layer_0/inst
OWNER bd_i/layer_0/inst
OWNER bd_i/layer_0/inst
OWNER bd_i/layer_0/inst
OWNER bd_i/layer_0/inst
OWNER bd_i/layer_0/inst
OWNER bd_i/layer_0/inst
OWNER bd_i/layer_0/inst
OWNER bd_i/layer_0/inst
OWNER bd_i/layer_0/inst
OWNER bd_i/layer_0/inst
OWNER bd_i/layer_0/inst
OWNER bd_i/layer_0/inst
OWNER bd_i/layer_0/inst
OWNER bd_i/layer_0/inst
OWNER bd_i/layer_0/inst
OWNER bd_i/layer_0/inst
OWNER bd_i/layer_0/inst
OWNER bd_i/layer_0/inst
OWNER bd_i/layer_0/inst
OWNER bd_i/layer_0/inst
OWNER bd_i/layer_0/inst
OWNER bd_i/layer_0/inst
OWNER bd_i/layer_0/inst
OWNER bd_i/layer_0/inst
OWNER bd_i/layer_0/inst
OWNER bd_i/layer_0/inst
OWNER bd_i/layer_0/inst
OWNER bd_i/layer_0/inst
OWNER bd_i/layer_0/inst
OWNER bd_i/layer_0/inst
OWNER bd_i/layer_0/inst
OWNER bd_i/layer_0/inst
OWNER bd_i/layer_0/inst
OWNER bd_i/layer_0/inst
OWNER bd_i/layer_0/inst
OWNER bd_i/layer_0/inst
OWNER bd_i/layer_0/inst
OWNER bd_i/layer_0/inst
OWNER bd_i/layer_0/inst
OWNER bd_i/layer_0/inst
OWNER bd_i/layer_0/inst
OWNER bd_i/layer_0/inst
OWNER bd_i/layer_0/inst
OWNER bd_i/layer_0/inst
OWNER bd_i/layer_0/inst
OWNER bd_i/layer_0/inst
OWNER bd_i/layer_0/inst
OWNER bd_i/layer_0/inst
OWNER bd_i/layer_0/inst
OWNER bd_i/layer_0/inst
OWNER bd_i/layer_0/inst
OWNER bd_i/layer_0/inst
OWNER bd_i/layer_0/inst
OWNER bd_i/layer_0/inst
OWNER bd_i/layer_0/inst
OWNER bd_i/layer_0/inst
OWNER bd_i/layer_0/inst
OWNER bd_i/layer_0/inst
OWNER bd_i/layer_0/inst
OWNER bd_i/layer_0/inst
OWNER bd_i/layer_0/inst
OWNER bd_i/layer_0/inst
OWNER bd_i/layer_0/inst
OWNER bd_i/layer_0/inst
OWNER bd_i/layer_0/inst
OWNER bd_i/layer_0/inst
OWNER bd_i/layer_0/inst
OWNER bd_i/layer_0/inst
OWNER bd_i/layer_0/inst
OWNER bd_i/layer_0/inst
OWNER bd_i/layer_0/inst
OWNER bd_i/layer_0/inst
OWNER bd_i/layer_0/inst
OWNER bd_i/layer_0/inst
OWNER bd_i/layer_0/inst
OWNER bd_i/layer_0/inst
OWNER bd_i/layer_0/inst
OWNER bd_i/layer_0/inst
OWNER bd_i/layer_0/inst
OWNER bd_i/layer_0/inst
OWNER bd_i/layer_0/inst
OWNER bd_i/layer_0/inst
OWNER bd_i/layer_0/inst
OWNER bd_i/layer_0/inst
OWNER bd_i/layer_0/inst
OWNER bd_i/layer_0/inst
OWNER bd_i/layer_0/inst
OWNER bd_i/layer_0/inst
OWNER bd_i/layer_0/inst
OWNER bd_i/layer_0/inst
OWNER bd_i/layer_0/inst
OWNER bd_i/layer_0/inst
OWNER bd_i/layer_0/inst
OWNER bd_i/layer_0/inst
OWNER bd_i/layer_0/inst
OWNER bd_i/axi_smc/inst
OWNER bd_i/layer_0/inst
OWNER bd_i/layer_0/inst
OWNER bd_i/layer_0/inst
OWNER bd_i/layer_0/inst
OWNER bd_i/layer_0/inst
OWNER bd_i/layer_0/inst
OWNER bd_i/layer_0/inst
OWNER bd_i/layer_0/inst
OWNER bd_i/layer_0/inst
OWNER bd_i/layer_0/inst
OWNER bd_i/layer_0/inst
OWNER bd_i/layer_0/inst
OWNER bd_i/layer_0/inst
OWNER bd_i/layer_0/inst
OWNER bd_i/layer_0/inst
OWNER bd_i/layer_0/inst
OWNER bd_i/layer_0/inst
OWNER bd_i/layer_0/inst
OWNER bd_i/layer_0/inst
OWNER bd_i/layer_0/inst
OWNER bd_i/layer_0/inst
OWNER bd_i/layer_0/inst
OWNER bd_i/layer_0/inst
OWNER bd_i/layer_0/inst
OWNER bd_i/layer_0/inst
OWNER bd_i/layer_0/inst
OWNER bd_i/layer_0/inst
OWNER bd_i/layer_0/inst
OWNER bd_i/layer_0/inst
OWNER bd_i/layer_0/inst
OWNER bd_i/layer_0/inst
OWNER bd_i/layer_0/inst
OWNER bd_i/layer_0/inst
OWNER bd_i/layer_0/inst
OWNER bd_i/layer_0/inst
OWNER bd_i/layer_0/inst
OWNER bd_i/layer_0/inst
OWNER bd_i/layer_0/inst
OWNER bd_i/layer_0/inst
OWNER bd_i/layer_0/inst
OWNER bd_i/layer_0/inst
OWNER bd_i/layer_0/inst
OWNER bd_i/layer_0/inst
OWNER bd_i/layer_0/inst
OWNER bd_i/layer_0/inst
OWNER bd_i/layer_0/inst
OWNER bd_i/layer_0/inst
OWNER bd_i/layer_0/inst
OWNER bd_i/layer_0/inst
OWNER bd_i/layer_0/inst
OWNER bd_i/layer_0/inst
OWNER bd_i/layer_0/inst
OWNER bd_i/layer_0/inst
OWNER bd_i/layer_0/inst
OWNER bd_i/layer_0/inst
OWNER bd_i/layer_0/inst
OWNER bd_i/layer_0/inst
OWNER bd_i/layer_0/inst
OWNER bd_i/layer_0/inst
OWNER bd_i/layer_0/inst
OWNER bd_i/layer_0/inst
OWNER bd_i/layer_0/inst
OWNER bd_i/layer_0/inst
OWNER bd_i/layer_0/inst
OWNER bd_i/layer_0/inst
OWNER bd_i/layer_0/inst
OWNER bd_i/layer_0/inst
OWNER bd_i/layer_0/inst
OWNER bd_i/layer_0/inst
OWNER bd_i/layer_0/inst
OWNER bd_i/layer_0/inst
OWNER bd_i/layer_0/inst
OWNER bd_i/layer_0/inst
OWNER bd_i/layer_0/inst
OWNER bd_i/layer_0/inst
OWNER bd_i/layer_0/inst
OWNER bd_i/layer_0/inst
OWNER bd_i/layer_0/inst
OWNER bd_i/layer_0/inst
OWNER bd_i/layer_0/inst
OWNER bd_i/layer_0/inst
OWNER bd_i/layer_0/inst
OWNER bd_i/layer_0/inst
OWNER bd_i/layer_0/inst
OWNER bd_i/layer_0/inst
OWNER bd_i/layer_0/inst
OWNER bd_i/layer_0/inst
OWNER bd_i/layer_0/inst
OWNER bd_i/layer_0/inst
OWNER bd_i/layer_0/inst
OWNER bd_i/layer_0/inst
OWNER bd_i/layer_0/inst
OWNER bd_i/layer_0/inst
OWNER bd_i/layer_0/inst
OWNER bd_i/layer_0/inst
OWNER bd_i/layer_0/inst
OWNER bd_i/layer_0/inst
OWNER bd_i/layer_0/inst
OWNER bd_i/layer_0/inst
OWNER bd_i/layer_0/inst
OWNER bd_i/layer_0/inst
OWNER bd_i/layer_0/inst
OWNER bd_i/layer_0/inst
OWNER bd_i/layer_0/inst
OWNER bd_i/layer_0/inst
OWNER bd_i/layer_0/inst
OWNER bd_i/layer_0/inst
OWNER bd_i/layer_0/inst
OWNER bd_i/layer_0/inst
OWNER bd_i/layer_0/inst
OWNER bd_i/layer_0/inst
OWNER bd_i/layer_0/inst
OWNER bd_i/layer_0/inst
OWNER bd_i/layer_0/inst
OWNER bd_i/layer_0/inst
OWNER bd_i/layer_0/inst
OWNER bd_i/layer_0/inst
OWNER bd_i/layer_0/inst
OWNER bd_i/layer_0/inst
OWNER bd_i/layer_0/inst
OWNER bd_i/layer_0/inst
OWNER bd_i/layer_0/inst
OWNER bd_i/layer_0/inst
OWNER bd_i/layer_0/inst
OWNER bd_i/layer_0/inst
OWNER bd_i/layer_0/inst
OWNER bd_i/layer_0/inst
OWNER bd_i/layer_0/inst
OWNER bd_i/layer_0/inst
OWNER bd_i/layer_0/inst
OWNER bd_i/layer_0/inst
OWNER bd_i/layer_0/inst
OWNER bd_i/layer_0/inst
OWNER bd_i/layer_0/inst
OWNER bd_i/layer_0/inst
OWNER bd_i/layer_0/inst
OWNER bd_i/layer_0/inst
OWNER bd_i/layer_0/inst
OWNER bd_i/layer_0/inst
OWNER bd_i/layer_0/inst
OWNER bd_i/layer_0/inst
OWNER bd_i/layer_0/inst
OWNER bd_i/layer_0/inst
OWNER bd_i/layer_0/inst
OWNER bd_i/layer_0/inst
OWNER bd_i/layer_0/inst
OWNER bd_i/layer_0/inst
OWNER bd_i/layer_0/inst
OWNER bd_i/layer_0/inst
OWNER bd_i/layer_0/inst
OWNER bd_i/layer_0/inst
OWNER bd_i/layer_0/inst
OWNER bd_i/layer_0/inst
OWNER bd_i/layer_0/inst
OWNER bd_i/layer_0/inst
OWNER bd_i/layer_0/inst
OWNER bd_i/layer_0/inst
OWNER bd_i/layer_0/inst
OWNER bd_i/layer_0/inst
OWNER bd_i/layer_0/inst
OWNER bd_i/layer_0/inst
OWNER bd_i/layer_0/inst
OWNER bd_i/layer_0/inst
OWNER bd_i/layer_0/inst
OWNER bd_i/layer_0/inst
OWNER bd_i/layer_0/inst
OWNER bd_i/layer_0/inst
OWNER bd_i/layer_0/inst
OWNER bd_i/layer_0/inst
OWNER bd_i/layer_0/inst
OWNER bd_i/layer_0/inst
OWNER bd_i/layer_0/inst
OWNER bd_i/layer_0/inst
OWNER bd_i/layer_0/inst
OWNER bd_i/layer_0/inst
OWNER bd_i/layer_0/inst
OWNER bd_i/layer_0/inst
OWNER bd_i/layer_0/inst
OWNER bd_i/layer_0/inst
OWNER bd_i/layer_0/inst
OWNER bd_i/layer_0/inst
OWNER bd_i/layer_0/inst
OWNER bd_i/layer_0/inst
OWNER bd_i/layer_0/inst
OWNER bd_i/layer_0/inst
OWNER bd_i/layer_0/inst
OWNER bd_i/layer_0/inst
OWNER bd_i/layer_0/inst
OWNER bd_i/layer_0/inst
OWNER bd_i/layer_0/inst
OWNER bd_i/layer_0/inst
OWNER bd_i/layer_0/inst
OWNER bd_i/layer_0/inst
OWNER bd_i/layer_0/inst
OWNER bd_i/layer_0/inst
OWNER bd_i/axi_smc/inst
OWNER bd_i/axi_smc/inst
OWNER bd_i/axi_smc/inst
OWNER bd_i/layer_0/inst
OWNER bd_i/layer_0/inst
OWNER bd_i/layer_0/inst
OWNER bd_i/layer_0/inst
OWNER bd_i/layer_0/inst
OWNER bd_i/layer_0/inst
OWNER bd_i/layer_0/inst
OWNER bd_i/layer_0/inst
OWNER bd_i/layer_0/inst
OWNER bd_i/layer_0/inst
OWNER bd_i/layer_0/inst
OWNER bd_i/layer_0/inst
OWNER bd_i/layer_0/inst
OWNER bd_i/layer_0/inst
OWNER bd_i/layer_0/inst
OWNER bd_i/layer_0/inst
OWNER bd_i/layer_0/inst
OWNER bd_i/layer_0/inst
OWNER bd_i/layer_0/inst
OWNER bd_i/layer_0/inst
OWNER bd_i/layer_0/inst
OWNER bd_i/layer_0/inst
OWNER bd_i/layer_0/inst
OWNER bd_i/layer_0/inst
OWNER bd_i/layer_0/inst
OWNER bd_i/layer_0/inst
OWNER bd_i/layer_0/inst
OWNER bd_i/layer_0/inst
OWNER bd_i/layer_0/inst
OWNER bd_i/layer_0/inst
OWNER bd_i/layer_0/inst
OWNER bd_i/layer_0/inst
OWNER bd_i/layer_0/inst
OWNER bd_i/layer_0/inst
OWNER bd_i/layer_0/inst
OWNER bd_i/layer_0/inst
OWNER bd_i/layer_0/inst
OWNER bd_i/layer_0/inst
OWNER bd_i/layer_0/inst
OWNER bd_i/layer_0/inst
OWNER bd_i/layer_0/inst
OWNER bd_i/layer_0/inst
OWNER bd_i/layer_0/inst
OWNER bd_i/layer_0/inst
OWNER bd_i/layer_0/inst
OWNER bd_i/layer_0/inst
OWNER bd_i/layer_0/inst
OWNER bd_i/layer_0/inst
OWNER bd_i/layer_0/inst
OWNER bd_i/layer_0/inst
OWNER bd_i/layer_0/inst
OWNER bd_i/layer_0/inst
OWNER bd_i/layer_0/inst
OWNER bd_i/layer_0/inst
OWNER bd_i/layer_0/inst
OWNER bd_i/layer_0/inst
OWNER bd_i/layer_0/inst
OWNER bd_i/layer_0/inst
OWNER bd_i/layer_0/inst
OWNER bd_i/layer_0/inst
OWNER bd_i/layer_0/inst
OWNER bd_i/layer_0/inst
OWNER bd_i/layer_0/inst
OWNER bd_i/layer_0/inst
OWNER bd_i/layer_0/inst
OWNER bd_i/layer_0/inst
OWNER bd_i/layer_0/inst
OWNER bd_i/layer_0/inst
OWNER bd_i/layer_0/inst
OWNER bd_i/layer_0/inst
OWNER bd_i/layer_0/inst
OWNER bd_i/layer_0/inst
OWNER bd_i/layer_0/inst
OWNER bd_i/layer_0/inst
OWNER bd_i/layer_0/inst
OWNER bd_i/layer_0/inst
OWNER bd_i/layer_0/inst
OWNER bd_i/layer_0/inst
OWNER bd_i/layer_0/inst
OWNER bd_i/layer_0/inst
OWNER bd_i/layer_0/inst
OWNER bd_i/layer_0/inst
OWNER bd_i/layer_0/inst
OWNER bd_i/layer_0/inst
OWNER bd_i/layer_0/inst
OWNER bd_i/layer_0/inst
OWNER bd_i/layer_0/inst
OWNER bd_i/layer_0/inst
OWNER bd_i/layer_0/inst
OWNER bd_i/layer_0/inst
OWNER bd_i/layer_0/inst
OWNER bd_i/layer_0/inst
OWNER bd_i/layer_0/inst
OWNER bd_i/layer_0/inst
OWNER bd_i/layer_0/inst
OWNER bd_i/layer_0/inst
OWNER bd_i/layer_0/inst
OWNER bd_i/layer_0/inst
OWNER bd_i/layer_0/inst
OWNER bd_i/layer_0/inst
OWNER bd_i/layer_0/inst
OWNER bd_i/layer_0/inst
OWNER bd_i/layer_0/inst
OWNER bd_i/layer_0/inst
OWNER bd_i/layer_0/inst
OWNER bd_i/layer_0/inst
OWNER bd_i/layer_0/inst
OWNER bd_i/layer_0/inst
OWNER bd_i/layer_0/inst
OWNER bd_i/layer_0/inst
OWNER bd_i/layer_0/inst
OWNER bd_i/layer_0/inst
OWNER bd_i/layer_0/inst
OWNER bd_i/layer_0/inst
OWNER bd_i/layer_0/inst
OWNER bd_i/layer_0/inst
OWNER bd_i/layer_0/inst
OWNER bd_i/layer_0/inst
OWNER bd_i/layer_0/inst
OWNER bd_i/layer_0/inst
OWNER bd_i/layer_0/inst
OWNER bd_i/layer_0/inst
OWNER bd_i/layer_0/inst
OWNER bd_i/layer_0/inst
OWNER bd_i/layer_0/inst
OWNER bd_i/layer_0/inst
OWNER bd_i/axi_smc/inst
OWNER bd_i/axi_smc/inst
OWNER bd_i/layer_0/inst
OWNER bd_i/layer_0/inst
OWNER bd_i/layer_0/inst
OWNER bd_i/layer_0/inst
OWNER bd_i/layer_0/inst
OWNER bd_i/layer_0/inst
OWNER bd_i/layer_0/inst
OWNER bd_i/layer_0/inst
OWNER bd_i/layer_0/inst
OWNER bd_i/layer_0/inst
OWNER bd_i/layer_0/inst
OWNER bd_i/layer_0/inst
OWNER bd_i/layer_0/inst
OWNER bd_i/layer_0/inst
OWNER bd_i/layer_0/inst
OWNER bd_i/layer_0/inst
OWNER bd_i/layer_0/inst
OWNER bd_i/layer_0/inst
OWNER bd_i/layer_0/inst
OWNER bd_i/layer_0/inst
OWNER bd_i/layer_0/inst
OWNER bd_i/layer_0/inst
OWNER bd_i/layer_0/inst
OWNER bd_i/layer_0/inst
OWNER bd_i/layer_0/inst
OWNER bd_i/layer_0/inst
OWNER bd_i/layer_0/inst
OWNER bd_i/layer_0/inst
OWNER bd_i/layer_0/inst
OWNER bd_i/layer_0/inst
OWNER bd_i/layer_0/inst
OWNER bd_i/layer_0/inst
OWNER bd_i/layer_0/inst
OWNER bd_i/layer_0/inst
OWNER bd_i/layer_0/inst
OWNER bd_i/layer_0/inst
OWNER bd_i/layer_0/inst
OWNER bd_i/layer_0/inst
OWNER bd_i/layer_0/inst
OWNER bd_i/layer_0/inst
OWNER bd_i/layer_0/inst
OWNER bd_i/layer_0/inst
OWNER bd_i/layer_0/inst
OWNER bd_i/layer_0/inst
OWNER bd_i/layer_0/inst
OWNER bd_i/layer_0/inst
OWNER bd_i/layer_0/inst
OWNER bd_i/layer_0/inst
OWNER bd_i/layer_0/inst
OWNER bd_i/layer_0/inst
OWNER bd_i/layer_0/inst
OWNER bd_i/layer_0/inst
OWNER bd_i/layer_0/inst
OWNER bd_i/layer_0/inst
OWNER bd_i/layer_0/inst
OWNER bd_i/layer_0/inst
OWNER bd_i/layer_0/inst
OWNER bd_i/layer_0/inst
OWNER bd_i/layer_0/inst
OWNER bd_i/layer_0/inst
OWNER bd_i/layer_0/inst
OWNER bd_i/layer_0/inst
OWNER bd_i/layer_0/inst
OWNER bd_i/layer_0/inst
OWNER bd_i/layer_0/inst
OWNER bd_i/layer_0/inst
OWNER bd_i/layer_0/inst
OWNER bd_i/layer_0/inst
OWNER bd_i/layer_0/inst
OWNER bd_i/layer_0/inst
OWNER bd_i/layer_0/inst
OWNER bd_i/layer_0/inst
OWNER bd_i/layer_0/inst
OWNER bd_i/layer_0/inst
OWNER bd_i/layer_0/inst
OWNER bd_i/layer_0/inst
OWNER bd_i/layer_0/inst
OWNER bd_i/layer_0/inst
OWNER bd_i/layer_0/inst
OWNER bd_i/layer_0/inst
OWNER bd_i/layer_0/inst
OWNER bd_i/layer_0/inst
OWNER bd_i/layer_0/inst
OWNER bd_i/layer_0/inst
OWNER bd_i/layer_0/inst
OWNER bd_i/layer_0/inst
OWNER bd_i/layer_0/inst
OWNER bd_i/layer_0/inst
OWNER bd_i/layer_0/inst
OWNER bd_i/layer_0/inst
OWNER bd_i/layer_0/inst
OWNER bd_i/layer_0/inst
OWNER bd_i/layer_0/inst
OWNER bd_i/layer_0/inst
OWNER bd_i/layer_0/inst
OWNER bd_i/layer_0/inst
OWNER bd_i/layer_0/inst
OWNER bd_i/layer_0/inst
OWNER bd_i/layer_0/inst
OWNER bd_i/layer_0/inst
OWNER bd_i/layer_0/inst
OWNER bd_i/layer_0/inst
OWNER bd_i/layer_0/inst
OWNER bd_i/layer_0/inst
OWNER bd_i/layer_0/inst
OWNER bd_i/layer_0/inst
OWNER bd_i/layer_0/inst
OWNER bd_i/layer_0/inst
OWNER bd_i/layer_0/inst
OWNER bd_i/layer_0/inst
OWNER bd_i/layer_0/inst
OWNER bd_i/layer_0/inst
OWNER bd_i/layer_0/inst
OWNER bd_i/layer_0/inst
OWNER bd_i/layer_0/inst
OWNER bd_i/layer_0/inst
OWNER bd_i/layer_0/inst
OWNER bd_i/layer_0/inst
OWNER bd_i/layer_0/inst
OWNER bd_i/layer_0/inst
OWNER bd_i/layer_0/inst
OWNER bd_i/layer_0/inst
OWNER bd_i/layer_0/inst
OWNER bd_i/layer_0/inst
OWNER bd_i/layer_0/inst
OWNER bd_i/layer_0/inst
OWNER bd_i/layer_0/inst
OWNER bd_i/layer_0/inst
OWNER bd_i/layer_0/inst
OWNER bd_i/layer_0/inst
OWNER bd_i/layer_0/inst
OWNER bd_i/layer_0/inst
OWNER bd_i/layer_0/inst
OWNER bd_i/layer_0/inst
OWNER bd_i/layer_0/inst
OWNER bd_i/layer_0/inst
OWNER bd_i/layer_0/inst
OWNER bd_i/axi_smc/inst
OWNER bd_i/layer_0/inst
OWNER bd_i/layer_0/inst
OWNER bd_i/layer_0/inst
OWNER bd_i/layer_0/inst
OWNER bd_i/layer_0/inst
OWNER bd_i/layer_0/inst
OWNER bd_i/layer_0/inst
OWNER bd_i/layer_0/inst
OWNER bd_i/layer_0/inst
OWNER bd_i/layer_0/inst
OWNER bd_i/layer_0/inst
OWNER bd_i/layer_0/inst
OWNER bd_i/layer_0/inst
OWNER bd_i/layer_0/inst
OWNER bd_i/layer_0/inst
OWNER bd_i/layer_0/inst
OWNER bd_i/layer_0/inst
OWNER bd_i/layer_0/inst
OWNER bd_i/layer_0/inst
OWNER bd_i/layer_0/inst
OWNER bd_i/layer_0/inst
OWNER bd_i/layer_0/inst
OWNER bd_i/layer_0/inst
OWNER bd_i/layer_0/inst
OWNER bd_i/layer_0/inst
OWNER bd_i/layer_0/inst
OWNER bd_i/layer_0/inst
OWNER bd_i/layer_0/inst
OWNER bd_i/layer_0/inst
OWNER bd_i/layer_0/inst
OWNER bd_i/layer_0/inst
OWNER bd_i/layer_0/inst
OWNER bd_i/layer_0/inst
OWNER bd_i/layer_0/inst
OWNER bd_i/layer_0/inst
OWNER bd_i/layer_0/inst
OWNER bd_i/layer_0/inst
OWNER bd_i/layer_0/inst
OWNER bd_i/layer_0/inst
OWNER bd_i/layer_0/inst
OWNER bd_i/layer_0/inst
OWNER bd_i/layer_0/inst
OWNER bd_i/layer_0/inst
OWNER bd_i/layer_0/inst
OWNER bd_i/layer_0/inst
OWNER bd_i/layer_0/inst
OWNER bd_i/layer_0/inst
OWNER bd_i/layer_0/inst
OWNER bd_i/layer_0/inst
OWNER bd_i/layer_0/inst
OWNER bd_i/layer_0/inst
OWNER bd_i/layer_0/inst
OWNER bd_i/layer_0/inst
OWNER bd_i/layer_0/inst
OWNER bd_i/layer_0/inst
OWNER bd_i/layer_0/inst
OWNER bd_i/layer_0/inst
OWNER bd_i/layer_0/inst
OWNER bd_i/layer_0/inst
OWNER bd_i/layer_0/inst
OWNER bd_i/layer_0/inst
OWNER bd_i/layer_0/inst
OWNER bd_i/layer_0/inst
OWNER bd_i/axi_smc/inst
OWNER bd_i/axi_smc/inst
OWNER bd_i/layer_0/inst
OWNER bd_i/layer_0/inst
OWNER bd_i/layer_0/inst
OWNER bd_i/layer_0/inst
OWNER bd_i/layer_0/inst
OWNER bd_i/layer_0/inst
OWNER bd_i/layer_0/inst
OWNER bd_i/layer_0/inst
OWNER bd_i/layer_0/inst
OWNER bd_i/layer_0/inst
OWNER bd_i/layer_0/inst
OWNER bd_i/layer_0/inst
OWNER bd_i/layer_0/inst
OWNER bd_i/layer_0/inst
OWNER bd_i/layer_0/inst
OWNER bd_i/layer_0/inst
OWNER bd_i/layer_0/inst
OWNER bd_i/layer_0/inst
OWNER bd_i/layer_0/inst
OWNER bd_i/layer_0/inst
OWNER bd_i/layer_0/inst
OWNER bd_i/layer_0/inst
OWNER bd_i/layer_0/inst
OWNER bd_i/layer_0/inst
OWNER bd_i/layer_0/inst
OWNER bd_i/layer_0/inst
OWNER bd_i/layer_0/inst
OWNER bd_i/layer_0/inst
OWNER bd_i/layer_0/inst
OWNER bd_i/layer_0/inst
OWNER bd_i/layer_0/inst
OWNER bd_i/layer_0/inst
OWNER bd_i/layer_0/inst
OWNER bd_i/layer_0/inst
OWNER bd_i/layer_0/inst
OWNER bd_i/layer_0/inst
OWNER bd_i/layer_0/inst
OWNER bd_i/layer_0/inst
OWNER bd_i/layer_0/inst
OWNER bd_i/layer_0/inst
OWNER bd_i/layer_0/inst
OWNER bd_i/layer_0/inst
OWNER bd_i/layer_0/inst
OWNER bd_i/seq_0/inst
OWNER bd_i/layer_0/inst
OWNER bd_i/layer_0/inst
OWNER bd_i/layer_0/inst
OWNER bd_i/layer_0/inst
OWNER bd_i/layer_0/inst
OWNER bd_i/layer_0/inst
OWNER bd_i/layer_0/inst
OWNER bd_i/layer_0/inst
OWNER bd_i/layer_0/inst
OWNER bd_i/layer_0/inst
OWNER bd_i/layer_0/inst
OWNER bd_i/layer_0/inst
OWNER bd_i/layer_0/inst
OWNER bd_i/layer_0/inst
OWNER bd_i/layer_0/inst
OWNER bd_i/layer_0/inst
OWNER bd_i/layer_0/inst
OWNER bd_i/layer_0/inst
OWNER bd_i/layer_0/inst
# puts "OWNER_TALLY_END"
OWNER_TALLY_END
# puts "OWNER5_TALLY_BEGIN"
OWNER5_TALLY_BEGIN
# foreach p $paths {
#     puts "OWNER5 [join [lrange [split [get_property ENDPOINT_PIN $p] /] 0 5] /]"
# }
OWNER5 bd_i/layer_0/inst/u_core/u_attn/g_lane[38].pv_p_reg[38]_i_8_psdsp_1
OWNER5 bd_i/layer_0/inst/u_core/u_attn/dot_reg[31]
OWNER5 bd_i/layer_0/inst/u_core/u_attn/dot_reg[29]
OWNER5 bd_i/layer_0/inst/u_core/u_attn/g_lane[76].pv_p_reg[76]
OWNER5 bd_i/layer_0/inst/u_core/u_attn/g_lane[25].prod_reg[25]_i_8_psdsp_1
OWNER5 bd_i/layer_0/inst/u_core/u_dn/p_1_out__2__13
OWNER5 bd_i/layer_0/inst/u_core/u_dn/g_lane[122].dec_p_reg[122]
OWNER5 bd_i/layer_0/inst/u_core/u_dn/g_lane[122].dec_p_reg[122]
OWNER5 bd_i/layer_0/inst/u_core/u_dn/g_lane[122].dec_p_reg[122]
OWNER5 bd_i/layer_0/inst/u_core/u_dn/g_lane[122].dec_p_reg[122]
OWNER5 bd_i/layer_0/inst/u_core/u_dn/g_lane[122].dec_p_reg[122]
OWNER5 bd_i/layer_0/inst/u_core/u_dn/g_lane[122].dec_p_reg[122]
OWNER5 bd_i/layer_0/inst/u_core/u_dn/g_lane[122].dec_p_reg[122]
OWNER5 bd_i/layer_0/inst/u_core/u_dn/g_lane[122].dec_p_reg[122]
OWNER5 bd_i/layer_0/inst/u_core/u_dn/g_lane[122].dec_p_reg[122]
OWNER5 bd_i/layer_0/inst/u_core/u_dn/g_lane[122].dec_p_reg[122]
OWNER5 bd_i/layer_0/inst/u_core/u_dn/g_lane[122].dec_p_reg[122]
OWNER5 bd_i/layer_0/inst/u_core/u_dn/g_lane[122].dec_p_reg[122]
OWNER5 bd_i/layer_0/inst/u_core/u_dn/g_lane[122].dec_p_reg[122]
OWNER5 bd_i/layer_0/inst/u_core/u_dn/g_lane[122].dec_p_reg[122]
OWNER5 bd_i/layer_0/inst/u_core/u_dn/g_lane[122].dec_p_reg[122]
OWNER5 bd_i/layer_0/inst/u_core/u_dn/g_lane[122].dec_p_reg[122]
OWNER5 bd_i/layer_0/inst/u_core/u_dn/g_lane[122].dec_p_reg[122]
OWNER5 bd_i/layer_0/inst/u_core/u_dn/g_lane[122].dec_p_reg[122]
OWNER5 bd_i/layer_0/inst/u_core/u_dn/g_lane[122].dec_p_reg[122]
OWNER5 bd_i/layer_0/inst/u_core/u_dn/g_lane[122].dec_p_reg[122]
OWNER5 bd_i/layer_0/inst/u_core/u_dn/g_lane[122].dec_p_reg[122]
OWNER5 bd_i/layer_0/inst/u_core/u_dn/g_lane[122].dec_p_reg[122]
OWNER5 bd_i/layer_0/inst/u_core/u_dn/g_lane[122].dec_p_reg[122]
OWNER5 bd_i/layer_0/inst/u_core/u_dn/g_lane[122].dec_p_reg[122]
OWNER5 bd_i/layer_0/inst/u_core/u_dn/g_lane[122].dec_p_reg[122]
OWNER5 bd_i/layer_0/inst/u_core/u_dn/g_lane[122].dec_p_reg[122]
OWNER5 bd_i/layer_0/inst/u_core/u_dn/g_lane[122].dec_p_reg[122]
OWNER5 bd_i/layer_0/inst/u_core/u_dn/g_lane[122].dec_p_reg[122]
OWNER5 bd_i/layer_0/inst/u_core/u_dn/g_lane[122].dec_p_reg[122]
OWNER5 bd_i/layer_0/inst/u_core/u_dn/g_lane[122].dec_p_reg[122]
OWNER5 bd_i/layer_0/inst/u_core/u_dn/g_lane[122].dec_p_reg[122]
OWNER5 bd_i/layer_0/inst/u_core/u_dn/g_lane[122].dec_p_reg[122]
OWNER5 bd_i/layer_0/inst/u_core/u_dn/g_lane[122].dec_p_reg[122]
OWNER5 bd_i/layer_0/inst/u_core/u_dn/g_lane[122].dec_p_reg[122]
OWNER5 bd_i/layer_0/inst/u_core/u_dn/g_lane[122].dec_p_reg[122]
OWNER5 bd_i/layer_0/inst/u_core/u_dn/g_lane[122].dec_p_reg[122]
OWNER5 bd_i/layer_0/inst/u_core/u_dn/g_lane[122].dec_p_reg[122]
OWNER5 bd_i/layer_0/inst/u_core/u_dn/g_lane[122].dec_p_reg[122]
OWNER5 bd_i/layer_0/inst/u_core/u_dn/g_lane[122].dec_p_reg[122]
OWNER5 bd_i/layer_0/inst/u_core/u_dn/g_lane[122].dec_p_reg[122]
OWNER5 bd_i/layer_0/inst/u_core/krow_reg[370]/D
OWNER5 bd_i/layer_0/inst/u_core/u_attn/g_lane[39].pv_p_reg[39]_i_7_psdsp_1
OWNER5 bd_i/layer_0/inst/u_core/u_attn/g_lane[37].pv_p_reg[37]_i_7_psdsp_1
OWNER5 bd_i/layer_0/inst/u_core/u_dn/g_lane[108].dec_p_reg[108]
OWNER5 bd_i/layer_0/inst/u_core/u_attn/g_lane[104].pv_p_reg[104]
OWNER5 bd_i/layer_0/inst/u_core/g_dnslot[1].mem_reg_uram_18/ADDR_A[10]
OWNER5 bd_i/layer_0/inst/u_core/u_attn/g_lane[37].pv_p_reg[37]_i_7_psdsp
OWNER5 bd_i/layer_0/inst/u_core/u_attn/g_lane[39].pv_p_reg[39]_i_4_psdsp_1
OWNER5 bd_i/layer_0/inst/u_core/u_attn/dot_reg[30]
OWNER5 bd_i/layer_0/inst/u_core/smem_a_reg_bram_27/ADDRARDADDR[3]
OWNER5 bd_i/layer_0/inst/u_core/u_dn/g_lane[69].dec_p_reg[69]
OWNER5 bd_i/layer_0/inst/u_core/u_dn/p_0_out__6__10
OWNER5 bd_i/layer_0/inst/u_core/u_attn/g_lane[191].pv_p_reg[191]_i_1_psdsp_1
OWNER5 bd_i/layer_0/inst/u_core/u_attn/g_lane[44].prod_reg[44]_i_6_psdsp_1
OWNER5 bd_i/layer_0/inst/u_core/u_attn/g_lane[21].pv_p_reg[21]_i_4_psdsp_1
OWNER5 bd_i/layer_0/inst/u_core/u_attn/g_lane[97].pv_p_reg[97]
OWNER5 bd_i/layer_0/inst/u_core/u_attn/g_lane[190].pv_p_reg[190]_i_5_psdsp
OWNER5 bd_i/layer_0/inst/u_core/g_kvslot[1].mem_reg_uram_15/CAS_IN_DIN_B[18]
OWNER5 bd_i/layer_0/inst/u_core/u_attn/g_lane[149].prod_reg[149]
OWNER5 bd_i/layer_0/inst/u_core/u_attn/g_lane[19].pv_p_reg[19]_i_2_psdsp
OWNER5 bd_i/layer_0/inst/u_core/smem_b_reg_bram_15/ENARDEN
OWNER5 bd_i/layer_0/inst/u_core/g_dnslot[0].mem_reg_uram_27/ADDR_A[9]
OWNER5 bd_i/layer_0/inst/u_core/u_attn/g_lane[72].prod_reg[72]
OWNER5 bd_i/layer_0/inst/u_core/u_dn/g_lane[26].dm_p_reg[26]
OWNER5 bd_i/layer_0/inst/u_core/u_attn/g_lane[183].prod_reg[183]
OWNER5 bd_i/layer_0/inst/u_core/u_dn/g_lane[80].dm_p_reg[80]
OWNER5 bd_i/layer_0/inst/u_core/cw_wd_reg[54]/D
OWNER5 bd_i/layer_0/inst/u_core/u_attn/g_lane[199].prod_reg[199]
OWNER5 bd_i/layer_0/inst/u_core/s16q_reg[12]/D
OWNER5 bd_i/layer_0/inst/u_core/smem_b_reg_bram_7/ENARDEN
OWNER5 bd_i/layer_0/inst/u_core/u_attn/g_lane[199].prod_reg[199]
OWNER5 bd_i/layer_0/inst/u_core/u_attn/g_lane[39].pv_p_reg[39]_i_5_psdsp_1
OWNER5 bd_i/layer_0/inst/u_core/u_dn/g_lane[92].o_acc_reg[92]
OWNER5 bd_i/layer_0/inst/u_core/u_attn/g_lane[25].prod_reg[25]_i_3_psdsp_1
OWNER5 bd_i/layer_0/inst/u_core/u_dn/g_lane[90].kvm_acc_reg[90]
OWNER5 bd_i/layer_0/inst/u_core/u_dn/p_1_out__5__12
OWNER5 bd_i/layer_0/inst/u_core/u_dn/p_1_out__6__9
OWNER5 bd_i/layer_0/inst/u_core/u_dn/p_1_out__7__15
OWNER5 bd_i/layer_0/inst/u_core/u_attn/g_lane[76].prod_reg[76]
OWNER5 bd_i/layer_0/inst/u_core/u_dn/p_1_out__7__15
OWNER5 bd_i/layer_0/inst/u_core/u_dn/g_lane[75].dec_p_reg[75]
OWNER5 bd_i/layer_0/inst/u_core/u_attn/dot_reg[35]
OWNER5 bd_i/layer_0/inst/u_core/u_attn/g_lane[101].pv_p_reg[101]
OWNER5 bd_i/layer_0/inst/u_core/u_attn/g_lane[237].prod_reg[237]
OWNER5 bd_i/layer_0/inst/u_core/u_attn/g_lane[182].prod_reg[182]
OWNER5 bd_i/layer_0/inst/u_core/u_dn/p_1_out__0__9
OWNER5 bd_i/layer_0/inst/u_core/u_dn/p_0_out__2__15
OWNER5 bd_i/layer_0/inst/u_core/u_dn/p_1_out__45
OWNER5 bd_i/layer_0/inst/u_core/dn_rdq_reg[1218]/D
OWNER5 bd_i/layer_0/inst/u_core/u_dn/p_1_out__24__1
OWNER5 bd_i/axi_smc/inst/s02_entry_pipeline/s02_si_converter/inst
OWNER5 bd_i/layer_0/inst/u_core/u_dn/g_lane[111].dec_p_reg[111]
OWNER5 bd_i/layer_0/inst/u_core/smem_b_reg_bram_13/WEA[0]
OWNER5 bd_i/layer_0/inst/u_core/u_dn/p_1_out__2__17
OWNER5 bd_i/layer_0/inst/u_core/krow_reg[650]/CE
OWNER5 bd_i/layer_0/inst/u_core/krow_reg[652]/CE
OWNER5 bd_i/layer_0/inst/u_core/krow_reg[1879]/D
OWNER5 bd_i/layer_0/inst/u_core/u_attn/g_lane[189].pv_p_reg[189]_i_3_psdsp_1
OWNER5 bd_i/layer_0/inst/u_core/u_dn/g_lane[30].o_acc_reg[30]
OWNER5 bd_i/layer_0/inst/u_core/u_alu/ps_rnd_reg[8]
OWNER5 bd_i/layer_0/inst/u_core/u_attn/g_lane[191].pv_p_reg[191]_i_7_psdsp_1
OWNER5 bd_i/layer_0/inst/u_core/u_dn/p_0_out__3__13
OWNER5 bd_i/layer_0/inst/u_core/krow_reg[338]/D
OWNER5 bd_i/layer_0/inst/u_core/krow_reg[241]/CE
OWNER5 bd_i/layer_0/inst/u_core/krow_reg[243]/CE
OWNER5 bd_i/layer_0/inst/u_core/krow_reg[244]/CE
OWNER5 bd_i/layer_0/inst/u_core/krow_reg[245]/CE
OWNER5 bd_i/layer_0/inst/u_core/krow_reg[246]/CE
OWNER5 bd_i/layer_0/inst/u_core/u_dma/fmem_reg_0_255_42_42
OWNER5 bd_i/layer_0/inst/u_core/u_attn/dot_reg[28]
OWNER5 bd_i/layer_0/inst/u_core/u_attn/g_lane[63].pv_p_reg[63]
OWNER5 bd_i/layer_0/inst/u_core/u_attn/dot_reg[33]
OWNER5 bd_i/layer_0/inst/u_core/u_dn/p_0_out__0__18
OWNER5 bd_i/layer_0/inst/u_core/krow_reg[55]/D
OWNER5 bd_i/layer_0/inst/u_core/u_alu/r_res_reg[6]
OWNER5 bd_i/layer_0/inst/u_core/u_dn/g_lane[30].o_acc_reg[30]
OWNER5 bd_i/layer_0/inst/u_core/u_attn/g_lane[63].pv_p_reg[63]
OWNER5 bd_i/layer_0/inst/u_core/u_dn/g_lane[4].o_acc_reg[4]
OWNER5 bd_i/layer_0/inst/u_core/u_dn/g_lane[3].o_acc_reg[3]
OWNER5 bd_i/layer_0/inst/u_core/u_dn/g_lane[127].dm_p_reg[127]
OWNER5 bd_i/layer_0/inst/u_core/u_attn/acc_en_r_reg[3]_replica_6
OWNER5 bd_i/layer_0/inst/u_core/eng_swd_reg[4]/D
OWNER5 bd_i/layer_0/inst/u_core/u_attn/g_lane[39].pv_p_reg[39]_i_6_psdsp_1
OWNER5 bd_i/layer_0/inst/u_core/u_attn/g_lane[101].pv_p_reg[101]
OWNER5 bd_i/layer_0/inst/u_core/u_dn/p_1_out__7__15
OWNER5 bd_i/layer_0/inst/u_core/u_attn/g_lane[39].pv_p_reg[39]_i_2_psdsp
OWNER5 bd_i/layer_0/inst/u_core/u_attn/g_lane[39].pv_p_reg[39]_i_2_psdsp_1
OWNER5 bd_i/layer_0/inst/u_core/u_attn/dot_reg[27]
OWNER5 bd_i/layer_0/inst/u_core/u_dn/g_lane[81].o_acc_reg[81]
OWNER5 bd_i/layer_0/inst/u_core/u_attn/g_lane[191].pv_p_reg[191]_i_7_psdsp
OWNER5 bd_i/layer_0/inst/u_core/u_dn/g_lane[97].dm_p_reg[97]
OWNER5 bd_i/layer_0/inst/u_core/u_dn/g_lane[97].dm_p_reg[97]
OWNER5 bd_i/layer_0/inst/u_core/u_dn/g_lane[97].dm_p_reg[97]
OWNER5 bd_i/layer_0/inst/u_core/u_dn/g_lane[97].dm_p_reg[97]
OWNER5 bd_i/layer_0/inst/u_core/u_dn/g_lane[97].dm_p_reg[97]
OWNER5 bd_i/layer_0/inst/u_core/u_dn/g_lane[97].dm_p_reg[97]
OWNER5 bd_i/layer_0/inst/u_core/u_dn/g_lane[97].dm_p_reg[97]
OWNER5 bd_i/layer_0/inst/u_core/u_dn/g_lane[97].dm_p_reg[97]
OWNER5 bd_i/layer_0/inst/u_core/u_dn/g_lane[97].dm_p_reg[97]
OWNER5 bd_i/layer_0/inst/u_core/u_dn/g_lane[97].dm_p_reg[97]
OWNER5 bd_i/layer_0/inst/u_core/u_dn/g_lane[97].dm_p_reg[97]
OWNER5 bd_i/layer_0/inst/u_core/u_dn/g_lane[97].dm_p_reg[97]
OWNER5 bd_i/layer_0/inst/u_core/u_dn/g_lane[97].dm_p_reg[97]
OWNER5 bd_i/layer_0/inst/u_core/u_dn/g_lane[97].dm_p_reg[97]
OWNER5 bd_i/layer_0/inst/u_core/u_dn/g_lane[97].dm_p_reg[97]
OWNER5 bd_i/layer_0/inst/u_core/u_dn/g_lane[97].dm_p_reg[97]
OWNER5 bd_i/layer_0/inst/u_core/u_dn/g_lane[97].dm_p_reg[97]
OWNER5 bd_i/layer_0/inst/u_core/u_dn/g_lane[97].dm_p_reg[97]
OWNER5 bd_i/layer_0/inst/u_core/u_dn/g_lane[97].dm_p_reg[97]
OWNER5 bd_i/layer_0/inst/u_core/u_dn/g_lane[97].dm_p_reg[97]
OWNER5 bd_i/layer_0/inst/u_core/u_dn/g_lane[97].dm_p_reg[97]
OWNER5 bd_i/layer_0/inst/u_core/u_dn/g_lane[97].dm_p_reg[97]
OWNER5 bd_i/layer_0/inst/u_core/u_dn/g_lane[97].dm_p_reg[97]
OWNER5 bd_i/layer_0/inst/u_core/u_dn/g_lane[97].dm_p_reg[97]
OWNER5 bd_i/layer_0/inst/u_core/u_dn/g_lane[97].dm_p_reg[97]
OWNER5 bd_i/layer_0/inst/u_core/u_dn/g_lane[97].dm_p_reg[97]
OWNER5 bd_i/layer_0/inst/u_core/u_dn/g_lane[97].dm_p_reg[97]
OWNER5 bd_i/layer_0/inst/u_core/u_dn/g_lane[97].dm_p_reg[97]
OWNER5 bd_i/layer_0/inst/u_core/u_dn/g_lane[97].dm_p_reg[97]
OWNER5 bd_i/layer_0/inst/u_core/u_dn/g_lane[97].dm_p_reg[97]
OWNER5 bd_i/layer_0/inst/u_core/u_dn/g_lane[97].dm_p_reg[97]
OWNER5 bd_i/layer_0/inst/u_core/u_dn/g_lane[97].dm_p_reg[97]
OWNER5 bd_i/layer_0/inst/u_core/u_dn/g_lane[97].dm_p_reg[97]
OWNER5 bd_i/layer_0/inst/u_core/u_dn/g_lane[97].dm_p_reg[97]
OWNER5 bd_i/layer_0/inst/u_core/g_kvslot[1].mem_reg_uram_25/CAS_IN_ADDR_A[8]
OWNER5 bd_i/layer_0/inst/u_core/smem_b_reg_bram_23/WEA[0]
OWNER5 bd_i/layer_0/inst/u_core/u_dn/p_0_out__7__11
OWNER5 bd_i/layer_0/inst/u_core/u_dn/g_lane[71].dec_p_reg[71]
OWNER5 bd_i/layer_0/inst/u_core/ci_reg[15]/CE
OWNER5 bd_i/layer_0/inst/u_core/u_dn/g_lane[87].kvm_acc_reg[87]
OWNER5 bd_i/layer_0/inst/u_core/u_attn/g_lane[191].pv_p_reg[191]_i_4_psdsp_1
OWNER5 bd_i/layer_0/inst/u_core/u_attn/g_lane[234].prod_reg[234]
OWNER5 bd_i/layer_0/inst/u_core/u_attn/g_lane[189].pv_p_reg[189]_i_3_psdsp
OWNER5 bd_i/layer_0/inst/u_core/g_dnslot[0].mem_reg_uram_27/ADDR_A[3]
OWNER5 bd_i/layer_0/inst/u_core/u_dn/g_lane[107].kvm_acc_reg[107]
OWNER5 bd_i/layer_0/inst/u_core/u_attn/g_lane[190].pv_p_reg[190]_i_7_psdsp
OWNER5 bd_i/axi_smc/inst/s02_entry_pipeline/s02_mmu/inst
OWNER5 bd_i/layer_0/inst/u_core/u_dn/p_1_out__7__15
OWNER5 bd_i/layer_0/inst/u_core/u_attn/g_lane[38].pv_p_reg[38]_i_8_psdsp
OWNER5 bd_i/layer_0/inst/u_core/u_dn/p_1_out__5__11
OWNER5 bd_i/layer_0/inst/u_core/u_attn/g_lane[39].pv_p_reg[39]_i_6_psdsp
OWNER5 bd_i/layer_0/inst/u_core/u_attn/dot_reg[34]
OWNER5 bd_i/layer_0/inst/u_core/u_attn/g_lane[39].pv_p_reg[39]_i_5_psdsp
OWNER5 bd_i/layer_0/inst/u_core/u_dn/p_1_out__6__3
OWNER5 bd_i/layer_0/inst/u_core/u_attn/g_lane[18].pv_p_reg[18]_i_1_psdsp_1
OWNER5 bd_i/layer_0/inst/u_core/u_dn/g_lane[28].o_acc_reg[28]
OWNER5 bd_i/layer_0/inst/u_core/smem_b_reg_bram_22/ADDRARDADDR[3]
OWNER5 bd_i/layer_0/inst/u_core/u_dn/g_lane[27].o_acc_reg[27]
OWNER5 bd_i/layer_0/inst/u_core/u_attn/g_lane[23].pv_p_reg[23]_i_3_psdsp_1
OWNER5 bd_i/layer_0/inst/u_core/u_attn/dot_reg[23]
OWNER5 bd_i/layer_0/inst/u_core/u_dn/p_1_out__7__4
OWNER5 bd_i/layer_0/inst/u_core/u_dn/g_lane[0].o_acc_reg[0]
OWNER5 bd_i/layer_0/inst/u_core/u_attn/g_lane[18].pv_p_reg[18]_i_1_psdsp
OWNER5 bd_i/layer_0/inst/u_core/u_attn/g_lane[199].prod_reg[199]
OWNER5 bd_i/layer_0/inst/u_core/u_attn/g_lane[39].pv_p_reg[39]_i_4_psdsp
OWNER5 bd_i/layer_0/inst/u_core/krow_reg[1278]/D
OWNER5 bd_i/layer_0/inst/u_core/u_attn/dot_reg[21]
OWNER5 bd_i/layer_0/inst/u_core/u_attn/dot_reg[25]
OWNER5 bd_i/layer_0/inst/u_core/u_attn/g_lane[126].prod_reg[126]
OWNER5 bd_i/layer_0/inst/u_core/u_attn/g_lane[161].pv_p_reg[161]
OWNER5 bd_i/layer_0/inst/u_core/u_attn/g_lane[70].pv_p_reg[70]
OWNER5 bd_i/layer_0/inst/u_core/u_dn/p_0_out__23__0
OWNER5 bd_i/layer_0/inst/u_core/u_attn/g_lane[101].pv_p_reg[101]
OWNER5 bd_i/layer_0/inst/u_core/u_attn/g_lane[41].pv_p_reg[41]_i_8_psdsp_1
OWNER5 bd_i/layer_0/inst/u_core/u_dn/p_0_out__3__13
OWNER5 bd_i/layer_0/inst/u_core/u_dn/p_0_out__0__18
OWNER5 bd_i/layer_0/inst/u_core/u_dma/fmem_reg_0_255_462_462
OWNER5 bd_i/layer_0/inst/u_core/cs_wd_reg[32]/D
OWNER5 bd_i/layer_0/inst/u_core/u_dn/g_lane[6].o_acc_reg[6]
OWNER5 bd_i/layer_0/inst/u_core/u_dma/fmem_reg_0_255_298_298
OWNER5 bd_i/layer_0/inst/u_core/u_attn/g_lane[41].pv_p_reg[41]_i_8_psdsp
OWNER5 bd_i/layer_0/inst/u_core/u_attn/g_lane[44].prod_reg[44]_i_7_psdsp_1
OWNER5 bd_i/layer_0/inst/u_core/u_attn/g_lane[103].pv_p_reg[103]
OWNER5 bd_i/layer_0/inst/u_core/u_attn/g_lane[82].pv_p_reg[82]
OWNER5 bd_i/layer_0/inst/u_core/u_attn/g_lane[82].pv_p_reg[82]
OWNER5 bd_i/layer_0/inst/u_core/u_attn/g_lane[36].pv_p_reg[36]_i_3_psdsp_1
OWNER5 bd_i/axi_smc/inst/s02_entry_pipeline/s02_si_converter/inst
OWNER5 bd_i/layer_0/inst/u_core/u_attn/g_lane[20].pv_p_reg[20]_i_3_psdsp_1
OWNER5 bd_i/layer_0/inst/u_core/g_kvslot[1].mem_reg_uram_13/CAS_IN_DIN_B[12]
OWNER5 bd_i/layer_0/inst/u_core/u_dn/g_lane[5].o_acc_reg[5]
OWNER5 bd_i/layer_0/inst/u_core/krow_reg[1360]/D
OWNER5 bd_i/layer_0/inst/u_core/u_dn/p_0_out__14__2
OWNER5 bd_i/layer_0/inst/u_core/u_dn/p_0_out__14__2
OWNER5 bd_i/layer_0/inst/u_core/u_dn/p_0_out__14__2
OWNER5 bd_i/layer_0/inst/u_core/u_dn/p_0_out__14__2
OWNER5 bd_i/layer_0/inst/u_core/u_dn/p_0_out__14__2
OWNER5 bd_i/layer_0/inst/u_core/u_dn/p_0_out__14__2
OWNER5 bd_i/layer_0/inst/u_core/u_dn/p_0_out__14__2
OWNER5 bd_i/layer_0/inst/u_core/u_dn/p_0_out__14__2
OWNER5 bd_i/layer_0/inst/u_core/u_dn/p_0_out__14__2
OWNER5 bd_i/layer_0/inst/u_core/u_dn/p_0_out__14__2
OWNER5 bd_i/layer_0/inst/u_core/u_dn/p_0_out__14__2
OWNER5 bd_i/layer_0/inst/u_core/u_dn/p_0_out__14__2
OWNER5 bd_i/layer_0/inst/u_core/u_dn/p_0_out__14__2
OWNER5 bd_i/layer_0/inst/u_core/u_dn/p_0_out__14__2
OWNER5 bd_i/layer_0/inst/u_core/u_dn/p_0_out__14__2
OWNER5 bd_i/layer_0/inst/u_core/u_dn/p_0_out__14__2
OWNER5 bd_i/layer_0/inst/u_core/u_dn/p_0_out__14__2
OWNER5 bd_i/layer_0/inst/u_core/u_dn/p_0_out__14__2
OWNER5 bd_i/layer_0/inst/u_core/u_dn/p_0_out__14__2
OWNER5 bd_i/layer_0/inst/u_core/u_dn/p_0_out__14__2
OWNER5 bd_i/layer_0/inst/u_core/u_dn/p_0_out__14__2
OWNER5 bd_i/layer_0/inst/u_core/u_dn/p_0_out__14__2
OWNER5 bd_i/layer_0/inst/u_core/u_dn/p_0_out__14__2
OWNER5 bd_i/layer_0/inst/u_core/u_dn/p_0_out__14__2
OWNER5 bd_i/layer_0/inst/u_core/u_dn/p_0_out__14__2
OWNER5 bd_i/layer_0/inst/u_core/u_dn/p_0_out__14__2
OWNER5 bd_i/layer_0/inst/u_core/u_dn/p_0_out__14__2
OWNER5 bd_i/layer_0/inst/u_core/u_dn/p_0_out__14__2
OWNER5 bd_i/layer_0/inst/u_core/u_dn/p_0_out__14__2
OWNER5 bd_i/layer_0/inst/u_core/u_dn/p_0_out__14__2
OWNER5 bd_i/layer_0/inst/u_core/u_dn/p_0_out__14__2
OWNER5 bd_i/layer_0/inst/u_core/u_dn/p_0_out__14__2
OWNER5 bd_i/layer_0/inst/u_core/u_dn/p_0_out__14__2
OWNER5 bd_i/layer_0/inst/u_core/u_dn/p_0_out__14__2
OWNER5 bd_i/layer_0/inst/u_core/u_dma/fmem_reg_0_255_353_353
OWNER5 bd_i/layer_0/inst/u_core/u_dn/p_0_out__3__13
OWNER5 bd_i/layer_0/inst/u_core/u_attn/g_lane[173].prod_reg[173]
OWNER5 bd_i/layer_0/inst/u_core/u_dn/g_lane[5].o_acc_reg[5]
OWNER5 bd_i/layer_0/inst/u_core/u_dn/vdata_q_reg[11]_rep__2_replica
OWNER5 bd_i/layer_0/inst/u_core/u_attn/g_lane[43].prod_reg[43]_i_3_psdsp_1
OWNER5 bd_i/layer_0/inst/u_core/krow_reg[1753]/CE
OWNER5 bd_i/layer_0/inst/u_core/krow_reg[1754]/CE
OWNER5 bd_i/layer_0/inst/u_core/u_attn/g_lane[187].pv_p_reg[187]
OWNER5 bd_i/layer_0/inst/u_core/u_dma/fmem_reg_0_255_415_415
OWNER5 bd_i/layer_0/inst/u_core/u_dn/g_lane[117].kvm_acc_reg[117]
OWNER5 bd_i/layer_0/inst/u_core/u_dn/g_lane[72].dec_p_reg[72]
OWNER5 bd_i/layer_0/inst/u_core/u_attn/g_lane[101].pv_p_reg[101]
OWNER5 bd_i/layer_0/inst/u_core/u_dn/g_lane[38].sf_row_reg[38][14]
OWNER5 bd_i/layer_0/inst/u_core/u_dn/g_lane[38].sf_row_reg[38][4]
OWNER5 bd_i/layer_0/inst/u_core/u_dn/g_lane[38].sf_row_reg[38][5]
OWNER5 bd_i/layer_0/inst/u_core/u_dn/g_lane[38].sf_row_reg[38][8]
OWNER5 bd_i/layer_0/inst/u_core/u_dn/g_lane[38].sf_row_reg[38][9]
OWNER5 bd_i/layer_0/inst/u_core/u_dn/g_lane[5].o_acc_reg[5]
OWNER5 bd_i/layer_0/inst/u_core/g_dnslot[0].mem_reg_uram_27/ADDR_A[1]
OWNER5 bd_i/layer_0/inst/u_core/u_attn/g_lane[64].prod_reg[64]
OWNER5 bd_i/layer_0/inst/u_core/u_dma/fmem_reg_0_255_493_493
OWNER5 bd_i/layer_0/inst/u_core/u_alu/r_res_reg[7]
OWNER5 bd_i/layer_0/inst/u_core/u_dn/p_1_out__6__16
OWNER5 bd_i/layer_0/inst/u_core/u_attn/g_lane[182].pv_p_reg[182]
OWNER5 bd_i/layer_0/inst/u_core/u_dn/g_lane[5].o_acc_reg[5]
OWNER5 bd_i/layer_0/inst/u_core/u_alu/r_res_reg[12]
OWNER5 bd_i/layer_0/inst/u_core/g_dnslot[0].mem_reg_uram_27/ADDR_B[3]
OWNER5 bd_i/layer_0/inst/u_core/krow_reg[1506]/D
OWNER5 bd_i/layer_0/inst/u_core/u_dma/fmem_reg_0_255_359_359
OWNER5 bd_i/layer_0/inst/u_core/u_attn/g_lane[20].pv_p_reg[20]_i_3_psdsp
OWNER5 bd_i/layer_0/inst/u_core/u_attn/g_lane[191].pv_p_reg[191]_i_4_psdsp
OWNER5 bd_i/layer_0/inst/u_core/u_dn/g_lane[38].sf_row_reg[38][0]
OWNER5 bd_i/layer_0/inst/u_core/u_dn/g_lane[38].sf_row_reg[38][1]
OWNER5 bd_i/layer_0/inst/u_core/u_attn/dot_reg[26]
OWNER5 bd_i/layer_0/inst/u_core/krow_reg[718]/D
OWNER5 bd_i/layer_0/inst/u_core/u_dma/fmem_reg_0_255_434_434
OWNER5 bd_i/layer_0/inst/u_core/u_dma/fmem_reg_0_255_415_415
OWNER5 bd_i/layer_0/inst/u_core/u_dn/p_0_out__3__11
OWNER5 bd_i/layer_0/inst/u_core/u_alu/ps_rnd_reg[27]
OWNER5 bd_i/layer_0/inst/u_core/smem_a_reg_bram_15/ADDRARDADDR[8]
OWNER5 bd_i/layer_0/inst/u_core/u_attn/g_lane[67].prod_reg[67]
OWNER5 bd_i/layer_0/inst/u_core/u_dn/g_lane[2].dec_p_reg[2]
OWNER5 bd_i/layer_0/inst/u_core/u_dn/g_lane[2].dec_p_reg[2]
OWNER5 bd_i/layer_0/inst/u_core/u_dn/g_lane[2].dec_p_reg[2]
OWNER5 bd_i/layer_0/inst/u_core/u_dn/g_lane[2].dec_p_reg[2]
OWNER5 bd_i/layer_0/inst/u_core/u_dn/g_lane[2].dec_p_reg[2]
OWNER5 bd_i/layer_0/inst/u_core/u_dn/g_lane[2].dec_p_reg[2]
OWNER5 bd_i/layer_0/inst/u_core/u_dn/g_lane[2].dec_p_reg[2]
OWNER5 bd_i/layer_0/inst/u_core/u_dn/g_lane[2].dec_p_reg[2]
OWNER5 bd_i/layer_0/inst/u_core/u_dn/g_lane[2].dec_p_reg[2]
OWNER5 bd_i/layer_0/inst/u_core/u_dn/g_lane[2].dec_p_reg[2]
OWNER5 bd_i/layer_0/inst/u_core/u_dn/g_lane[2].dec_p_reg[2]
OWNER5 bd_i/layer_0/inst/u_core/u_dn/g_lane[2].dec_p_reg[2]
OWNER5 bd_i/layer_0/inst/u_core/u_dn/g_lane[2].dec_p_reg[2]
OWNER5 bd_i/layer_0/inst/u_core/u_dn/g_lane[2].dec_p_reg[2]
OWNER5 bd_i/layer_0/inst/u_core/u_dn/g_lane[2].dec_p_reg[2]
OWNER5 bd_i/layer_0/inst/u_core/u_dn/g_lane[2].dec_p_reg[2]
OWNER5 bd_i/layer_0/inst/u_core/u_dn/g_lane[2].dec_p_reg[2]
OWNER5 bd_i/layer_0/inst/u_core/u_dn/g_lane[2].dec_p_reg[2]
OWNER5 bd_i/layer_0/inst/u_core/u_dn/g_lane[2].dec_p_reg[2]
OWNER5 bd_i/layer_0/inst/u_core/u_dn/g_lane[2].dec_p_reg[2]
OWNER5 bd_i/layer_0/inst/u_core/u_dn/g_lane[2].dec_p_reg[2]
OWNER5 bd_i/layer_0/inst/u_core/u_dn/g_lane[2].dec_p_reg[2]
OWNER5 bd_i/layer_0/inst/u_core/u_dn/g_lane[2].dec_p_reg[2]
OWNER5 bd_i/layer_0/inst/u_core/u_dn/g_lane[2].dec_p_reg[2]
OWNER5 bd_i/layer_0/inst/u_core/u_dn/g_lane[2].dec_p_reg[2]
OWNER5 bd_i/layer_0/inst/u_core/u_dn/g_lane[2].dec_p_reg[2]
OWNER5 bd_i/layer_0/inst/u_core/u_dn/g_lane[2].dec_p_reg[2]
OWNER5 bd_i/layer_0/inst/u_core/u_dn/g_lane[2].dec_p_reg[2]
OWNER5 bd_i/layer_0/inst/u_core/u_dn/g_lane[2].dec_p_reg[2]
OWNER5 bd_i/layer_0/inst/u_core/u_dn/g_lane[2].dec_p_reg[2]
OWNER5 bd_i/layer_0/inst/u_core/u_dn/g_lane[2].dec_p_reg[2]
OWNER5 bd_i/layer_0/inst/u_core/u_dn/g_lane[2].dec_p_reg[2]
OWNER5 bd_i/layer_0/inst/u_core/u_dn/g_lane[2].dec_p_reg[2]
OWNER5 bd_i/layer_0/inst/u_core/u_dn/g_lane[2].dec_p_reg[2]
OWNER5 bd_i/layer_0/inst/u_core/u_dn/g_lane[2].dec_p_reg[2]
OWNER5 bd_i/layer_0/inst/u_core/u_dn/g_lane[2].dec_p_reg[2]
OWNER5 bd_i/layer_0/inst/u_core/u_dn/g_lane[2].dec_p_reg[2]
OWNER5 bd_i/layer_0/inst/u_core/u_dn/g_lane[2].dec_p_reg[2]
OWNER5 bd_i/layer_0/inst/u_core/u_dn/g_lane[120].kvm_acc_reg[120]
OWNER5 bd_i/layer_0/inst/u_core/u_attn/dot_reg[32]
OWNER5 bd_i/layer_0/inst/u_core/u_attn/g_lane[238].prod_reg[238]
OWNER5 bd_i/layer_0/inst/u_core/krow_reg[1320]/CE
OWNER5 bd_i/layer_0/inst/u_core/krow_reg[1321]/CE
OWNER5 bd_i/layer_0/inst/u_core/krow_reg[1322]/CE
OWNER5 bd_i/layer_0/inst/u_core/krow_reg[1323]/CE
OWNER5 bd_i/layer_0/inst/u_core/u_dn/p_0_out__35
OWNER5 bd_i/layer_0/inst/u_core/u_dn/p_1_out__3__9
OWNER5 bd_i/layer_0/inst/u_core/u_dn/p_1_out__3__9
OWNER5 bd_i/layer_0/inst/u_core/u_dn/p_1_out__3__9
OWNER5 bd_i/layer_0/inst/u_core/u_dn/p_1_out__3__9
OWNER5 bd_i/layer_0/inst/u_core/u_dn/p_1_out__3__9
OWNER5 bd_i/layer_0/inst/u_core/u_dn/p_1_out__3__9
OWNER5 bd_i/layer_0/inst/u_core/u_dn/p_1_out__3__9
OWNER5 bd_i/layer_0/inst/u_core/u_dn/p_1_out__3__9
OWNER5 bd_i/layer_0/inst/u_core/u_dn/p_1_out__3__9
OWNER5 bd_i/layer_0/inst/u_core/u_dn/p_1_out__3__9
OWNER5 bd_i/layer_0/inst/u_core/u_dn/p_1_out__3__9
OWNER5 bd_i/layer_0/inst/u_core/u_dn/p_1_out__3__9
OWNER5 bd_i/layer_0/inst/u_core/u_dn/p_1_out__3__9
OWNER5 bd_i/layer_0/inst/u_core/u_dn/p_1_out__3__9
OWNER5 bd_i/layer_0/inst/u_core/u_dn/p_1_out__3__9
OWNER5 bd_i/layer_0/inst/u_core/u_dn/p_1_out__3__9
OWNER5 bd_i/layer_0/inst/u_core/u_dn/p_1_out__3__9
OWNER5 bd_i/layer_0/inst/u_core/u_dn/p_1_out__3__9
OWNER5 bd_i/layer_0/inst/u_core/u_dn/p_1_out__3__9
OWNER5 bd_i/layer_0/inst/u_core/u_dn/p_1_out__3__9
OWNER5 bd_i/layer_0/inst/u_core/u_dn/p_1_out__3__9
OWNER5 bd_i/layer_0/inst/u_core/u_dn/p_1_out__3__9
OWNER5 bd_i/layer_0/inst/u_core/u_dn/p_1_out__3__9
OWNER5 bd_i/layer_0/inst/u_core/u_dn/p_1_out__3__9
OWNER5 bd_i/layer_0/inst/u_core/u_dn/p_1_out__3__9
OWNER5 bd_i/layer_0/inst/u_core/u_dn/p_1_out__3__9
OWNER5 bd_i/layer_0/inst/u_core/u_dn/p_1_out__3__9
OWNER5 bd_i/layer_0/inst/u_core/u_dn/p_1_out__3__9
OWNER5 bd_i/layer_0/inst/u_core/u_dn/p_1_out__3__9
OWNER5 bd_i/layer_0/inst/u_core/u_dn/p_1_out__3__9
OWNER5 bd_i/layer_0/inst/u_core/u_dn/p_1_out__3__9
OWNER5 bd_i/layer_0/inst/u_core/u_dn/p_1_out__3__9
OWNER5 bd_i/layer_0/inst/u_core/u_dn/p_1_out__3__9
OWNER5 bd_i/layer_0/inst/u_core/u_dn/p_1_out__3__9
OWNER5 bd_i/layer_0/inst/u_core/u_dn/p_1_out__3__9
OWNER5 bd_i/layer_0/inst/u_core/u_dn/p_1_out__3__9
OWNER5 bd_i/layer_0/inst/u_core/u_dn/p_1_out__3__9
OWNER5 bd_i/layer_0/inst/u_core/u_dn/p_1_out__3__9
OWNER5 bd_i/layer_0/inst/u_core/u_dn/p_1_out__3__9
OWNER5 bd_i/layer_0/inst/u_core/u_dn/p_1_out__3__9
OWNER5 bd_i/layer_0/inst/u_core/u_attn/g_lane[32].prod_reg[32]
OWNER5 bd_i/layer_0/inst/u_core/u_dn/p_1_out__0__20
OWNER5 bd_i/layer_0/inst/u_core/u_dn/g_lane[69].dec_p_reg[69]
OWNER5 bd_i/layer_0/inst/u_core/g_kvslot[0].mem_reg_uram_13/CAS_IN_DIN_B[32]
OWNER5 bd_i/layer_0/inst/u_core/u_attn/g_lane[38].pv_p_reg[38]_i_1_psdsp
OWNER5 bd_i/layer_0/inst/u_core/u_attn/g_lane[38].pv_p_reg[38]_i_1_psdsp_1
OWNER5 bd_i/layer_0/inst/u_core/u_attn/g_lane[101].pv_p_reg[101]
OWNER5 bd_i/layer_0/inst/u_core/u_dn/g_lane[108].dec_p_reg[108]
OWNER5 bd_i/layer_0/inst/u_core/u_dma/fmem_reg_0_255_434_434
OWNER5 bd_i/layer_0/inst/u_core/krow_reg[951]/D
OWNER5 bd_i/layer_0/inst/u_core/u_dn/g_lane[6].o_acc_reg[6]
OWNER5 bd_i/layer_0/inst/u_core/krow_reg[460]/D
OWNER5 bd_i/layer_0/inst/u_core/u_attn/g_lane[182].pv_p_reg[182]
OWNER5 bd_i/layer_0/inst/u_core/u_dn/p_1_out__14__3
OWNER5 bd_i/layer_0/inst/u_core/u_dma/fmem_reg_0_255_75_75
OWNER5 bd_i/layer_0/inst/u_core/u_attn/dot_reg[22]
OWNER5 bd_i/layer_0/inst/u_core/u_dn/g_lane[69].dec_p_reg[69]
OWNER5 bd_i/layer_0/inst/u_core/u_attn/g_lane[82].pv_p_reg[82]
OWNER5 bd_i/layer_0/inst/u_core/u_attn/g_lane[182].pv_p_reg[182]
OWNER5 bd_i/layer_0/inst/u_core/u_attn/g_lane[173].prod_reg[173]
OWNER5 bd_i/layer_0/inst/u_core/u_attn/g_lane[32].pv_p_reg[32]
OWNER5 bd_i/layer_0/inst/u_core/krow_reg[1504]/D
OWNER5 bd_i/layer_0/inst/u_core/u_attn/g_lane[246].prod_reg[246]
OWNER5 bd_i/layer_0/inst/u_core/u_attn/g_lane[199].prod_reg[199]
OWNER5 bd_i/layer_0/inst/u_core/u_dn/g_lane[107].kvm_acc_reg[107]
OWNER5 bd_i/layer_0/inst/u_core/u_attn/g_lane[21].pv_p_reg[21]_i_1_psdsp_1
OWNER5 bd_i/layer_0/inst/u_core/u_dn/g_lane[72].dec_p_reg[72]
OWNER5 bd_i/layer_0/inst/u_core/u_dn/p_1_out__18__4
OWNER5 bd_i/layer_0/inst/u_core/u_attn/g_lane[82].pv_p_reg[82]
OWNER5 bd_i/layer_0/inst/u_core/u_attn/g_lane[177].pv_p_reg[177]
OWNER5 bd_i/layer_0/inst/u_core/u_attn/g_lane[32].pv_p_reg[32]
OWNER5 bd_i/layer_0/inst/u_core/u_attn/g_lane[21].pv_p_reg[21]_i_4_psdsp
OWNER5 bd_i/layer_0/inst/u_core/u_dn/p_0_out__15__2
OWNER5 bd_i/layer_0/inst/u_core/u_attn/g_lane[173].prod_reg[173]
OWNER5 bd_i/layer_0/inst/u_core/eng_sa_reg[6]/CE
OWNER5 bd_i/layer_0/inst/u_core/u_dn/g_lane[2].o_acc_reg[2]
OWNER5 bd_i/layer_0/inst/u_core/cw_wd_reg[20]/CE
OWNER5 bd_i/layer_0/inst/u_core/u_attn/g_lane[190].pv_p_reg[190]_i_7_psdsp_1
OWNER5 bd_i/layer_0/inst/u_core/u_attn/o_g8_reg[30][31]
OWNER5 bd_i/layer_0/inst/u_core/krow_reg[717]/D
OWNER5 bd_i/layer_0/inst/u_core/u_dn/p_1_out__9__7
OWNER5 bd_i/layer_0/inst/u_core/u_dn/p_0_out__3__13
OWNER5 bd_i/layer_0/inst/u_core/u_dma/fmem_reg_0_255_265_265
OWNER5 bd_i/layer_0/inst/u_core/u_attn/g_lane[26].prod_reg[26]_i_5_psdsp_1
OWNER5 bd_i/layer_0/inst/u_core/u_attn/g_lane[238].prod_reg[238]
OWNER5 bd_i/layer_0/inst/u_core/g_kvslot[1].mem_reg_uram_57/CAS_IN_ADDR_B[11]
OWNER5 bd_i/layer_0/inst/u_core/u_dn/g_lane[110].dec_p_reg[110]
OWNER5 bd_i/layer_0/inst/u_core/u_attn/g_lane[103].pv_p_reg[103]
OWNER5 bd_i/layer_0/inst/u_core/eng_swd_reg[6]/D
OWNER5 bd_i/layer_0/inst/u_core/u_attn/g_lane[44].prod_reg[44]_i_6_psdsp
OWNER5 bd_i/layer_0/inst/u_core/u_dn/g_lane[73].kvm_acc_reg[73]
OWNER5 bd_i/layer_0/inst/u_core/smem_a_reg_bram_7/WEA[0]
OWNER5 bd_i/layer_0/inst/u_core/u_dn/g_lane[2].o_acc_reg[2]
OWNER5 bd_i/layer_0/inst/u_core/u_topk/ent_reg[21][10]
OWNER5 bd_i/layer_0/inst/u_core/g_kvslot[1].mem_reg_uram_13/CAS_IN_DIN_B[5]
OWNER5 bd_i/layer_0/inst/u_core/u_dma/fmem_reg_0_255_431_431
OWNER5 bd_i/layer_0/inst/u_core/smem_b_reg_bram_13/ENARDEN
OWNER5 bd_i/layer_0/inst/u_core/u_dn/g_lane[126].kvm_acc_reg[126]
OWNER5 bd_i/layer_0/inst/u_core/u_attn/g_lane[80].prod_reg[80]
OWNER5 bd_i/layer_0/inst/u_core/u_dn/p_1_out__5__6
OWNER5 bd_i/layer_0/inst/u_core/u_dn/p_1_out__5__6
OWNER5 bd_i/layer_0/inst/u_core/u_dn/p_1_out__5__6
OWNER5 bd_i/layer_0/inst/u_core/u_dn/p_1_out__5__6
OWNER5 bd_i/layer_0/inst/u_core/u_dn/p_1_out__5__6
OWNER5 bd_i/layer_0/inst/u_core/u_dn/p_1_out__5__6
OWNER5 bd_i/layer_0/inst/u_core/u_dn/p_1_out__5__6
OWNER5 bd_i/layer_0/inst/u_core/u_dn/p_1_out__5__6
OWNER5 bd_i/layer_0/inst/u_core/u_dn/p_1_out__5__6
OWNER5 bd_i/layer_0/inst/u_core/u_dn/p_1_out__5__6
OWNER5 bd_i/layer_0/inst/u_core/u_dn/p_1_out__5__6
OWNER5 bd_i/layer_0/inst/u_core/u_dn/p_1_out__5__6
OWNER5 bd_i/layer_0/inst/u_core/u_dn/p_1_out__5__6
OWNER5 bd_i/layer_0/inst/u_core/u_dn/p_1_out__5__6
OWNER5 bd_i/layer_0/inst/u_core/u_dn/p_1_out__5__6
OWNER5 bd_i/layer_0/inst/u_core/u_dn/p_1_out__5__6
OWNER5 bd_i/layer_0/inst/u_core/u_dn/p_1_out__5__6
OWNER5 bd_i/layer_0/inst/u_core/u_dn/p_1_out__5__6
OWNER5 bd_i/layer_0/inst/u_core/u_dn/p_1_out__5__6
OWNER5 bd_i/layer_0/inst/u_core/u_dn/p_1_out__5__6
OWNER5 bd_i/layer_0/inst/u_core/u_dn/p_1_out__5__6
OWNER5 bd_i/layer_0/inst/u_core/u_dn/p_1_out__5__6
OWNER5 bd_i/layer_0/inst/u_core/u_dn/p_1_out__5__6
OWNER5 bd_i/layer_0/inst/u_core/u_dn/p_1_out__5__6
OWNER5 bd_i/layer_0/inst/u_core/u_dn/p_1_out__5__6
OWNER5 bd_i/layer_0/inst/u_core/u_dn/p_1_out__5__6
OWNER5 bd_i/layer_0/inst/u_core/u_dn/p_1_out__5__6
OWNER5 bd_i/layer_0/inst/u_core/u_dn/p_1_out__5__6
OWNER5 bd_i/layer_0/inst/u_core/u_dn/p_1_out__5__6
OWNER5 bd_i/layer_0/inst/u_core/u_dn/p_1_out__5__6
OWNER5 bd_i/layer_0/inst/u_core/u_dn/p_1_out__5__6
OWNER5 bd_i/layer_0/inst/u_core/u_dn/p_1_out__5__6
OWNER5 bd_i/layer_0/inst/u_core/u_dn/p_1_out__5__6
OWNER5 bd_i/layer_0/inst/u_core/u_dn/p_1_out__5__6
OWNER5 bd_i/layer_0/inst/u_core/u_dn/p_1_out__5__6
OWNER5 bd_i/layer_0/inst/u_core/u_dn/p_1_out__5__6
OWNER5 bd_i/layer_0/inst/u_core/u_dn/p_1_out__5__6
OWNER5 bd_i/layer_0/inst/u_core/u_dn/p_1_out__5__6
OWNER5 bd_i/layer_0/inst/u_core/u_dn/p_1_out__5__6
OWNER5 bd_i/layer_0/inst/u_core/u_dn/p_1_out__5__6
OWNER5 bd_i/layer_0/inst/u_core/u_attn/g_lane[37].pv_p_reg[37]_i_8_psdsp
OWNER5 bd_i/layer_0/inst/u_core/u_attn/g_lane[82].pv_p_reg[82]
OWNER5 bd_i/layer_0/inst/u_core/u_attn/dot_reg[24]
OWNER5 bd_i/layer_0/inst/u_core/eng_swd_reg[7]/D
OWNER5 bd_i/layer_0/inst/u_core/g_kvslot[1].mem_reg_uram_57/CAS_IN_ADDR_A[9]
OWNER5 bd_i/layer_0/inst/u_core/u_attn/g_lane[234].prod_reg[234]
OWNER5 bd_i/layer_0/inst/u_core/u_attn/g_lane[229].pv_p_reg[229]
OWNER5 bd_i/layer_0/inst/u_core/u_dn/g_lane[30].o_acc_reg[30]
OWNER5 bd_i/layer_0/inst/u_core/krow_reg[1252]/CE
OWNER5 bd_i/layer_0/inst/u_core/krow_reg[830]/D
OWNER5 bd_i/layer_0/inst/u_core/u_dn/p_1_out__9__11
OWNER5 bd_i/layer_0/inst/u_core/u_attn/g_lane[82].pv_p_reg[82]
OWNER5 bd_i/layer_0/inst/u_core/u_topk/ent_reg[21][7]
OWNER5 bd_i/layer_0/inst/u_core/u_topk/ent_reg[21][9]
OWNER5 bd_i/layer_0/inst/u_core/u_dn/g_lane[120].kvm_acc_reg[120]
OWNER5 bd_i/layer_0/inst/u_core/u_dn/p_1_out__9__7
OWNER5 bd_i/layer_0/inst/u_core/u_dma/fmem_reg_0_255_2_2
OWNER5 bd_i/layer_0/inst/u_core/u_attn/g_lane[238].prod_reg[238]
OWNER5 bd_i/layer_0/inst/u_core/u_attn/g_lane[82].pv_p_reg[82]
OWNER5 bd_i/layer_0/inst/u_core/u_dn/g_lane[111].dec_p_reg[111]
OWNER5 bd_i/layer_0/inst/u_core/krow_reg[1251]/CE
OWNER5 bd_i/layer_0/inst/u_core/krow_reg[1254]/CE
OWNER5 bd_i/layer_0/inst/u_core/u_dma/fmem_reg_0_255_70_70
OWNER5 bd_i/layer_0/inst/u_core/u_attn/g_lane[64].prod_reg[64]
OWNER5 bd_i/layer_0/inst/u_core/u_dn/g_lane[26].kvm_acc_reg[26]
OWNER5 bd_i/layer_0/inst/u_core/u_dn/g_lane[77].kvm_acc_reg[77]
OWNER5 bd_i/layer_0/inst/u_core/cw_wd_reg[23]/CE
OWNER5 bd_i/layer_0/inst/u_core/cw_wd_reg[4]/CE
OWNER5 bd_i/layer_0/inst/u_core/u_dn/p_0_out__0__18
OWNER5 bd_i/layer_0/inst/u_core/u_attn/g_lane[191].pv_p_reg[191]_i_1_psdsp
OWNER5 bd_i/layer_0/inst/u_core/u_dn/g_lane[80].kvm_acc_reg[80]
OWNER5 bd_i/layer_0/inst/u_core/u_attn/g_lane[183].prod_reg[183]
OWNER5 bd_i/layer_0/inst/u_core/u_dn/g_lane[126].kvm_acc_reg[126]
OWNER5 bd_i/layer_0/inst/u_core/u_attn/g_lane[191].pv_p_reg[191]_i_8_psdsp
OWNER5 bd_i/layer_0/inst/u_core/u_dma/fmem_reg_0_255_241_241
OWNER5 bd_i/layer_0/inst/u_core/u_dn/g_lane[31].o_acc_reg[31]
OWNER5 bd_i/layer_0/inst/u_core/u_dn/p_1_out__24__1
OWNER5 bd_i/layer_0/inst/u_core/u_dn/g_lane[89].p2_p_reg[89]
OWNER5 bd_i/layer_0/inst/u_core/u_attn/g_lane[22].pv_p_reg[22]_i_7_psdsp
OWNER5 bd_i/layer_0/inst/u_core/u_attn/g_lane[82].pv_p_reg[82]
OWNER5 bd_i/layer_0/inst/u_core/u_dn/g_lane[28].dm_p_reg[28]
OWNER5 bd_i/layer_0/inst/u_core/u_dn/g_lane[110].dec_p_reg[110]
OWNER5 bd_i/layer_0/inst/u_core/u_attn/g_lane[181].pv_p_reg[181]
OWNER5 bd_i/layer_0/inst/u_core/cw_wd_reg[14]/CE
OWNER5 bd_i/layer_0/inst/u_core/cw_wd_reg[24]/CE
OWNER5 bd_i/layer_0/inst/u_core/cw_wd_reg[28]/CE
OWNER5 bd_i/layer_0/inst/u_core/u_attn/g_lane[24].prod_reg[24]_i_3_psdsp_1
OWNER5 bd_i/layer_0/inst/u_core/u_dn/g_lane[115].kvm_acc_reg[115]
OWNER5 bd_i/layer_0/inst/u_core/u_attn/g_lane[23].pv_p_reg[23]_i_4_psdsp_1
OWNER5 bd_i/layer_0/inst/u_core/u_dn/p_0_out__2__14
OWNER5 bd_i/layer_0/inst/u_core/u_attn/g_lane[154].pv_p_reg[154]
OWNER5 bd_i/layer_0/inst/u_core/u_attn/g_lane[191].pv_p_reg[191]_i_8_psdsp_1
OWNER5 bd_i/layer_0/inst/u_core/krow_reg[221]/D
OWNER5 bd_i/layer_0/inst/u_core/u_attn/g_lane[39].pv_p_reg[39]_i_3_psdsp_1
OWNER5 bd_i/layer_0/inst/u_core/u_dn/g_lane[28].dm_p_reg[28]
OWNER5 bd_i/layer_0/inst/u_core/u_dn/g_lane[72].dec_p_reg[72]
OWNER5 bd_i/layer_0/inst/u_core/krow_reg[415]/D
OWNER5 bd_i/layer_0/inst/u_core/u_alu/ps_rnd_reg[7]
OWNER5 bd_i/layer_0/inst/u_core/u_dn/p_1_out__9__7
OWNER5 bd_i/layer_0/inst/u_core/u_dma/fmem_reg_0_255_214_214
OWNER5 bd_i/layer_0/inst/u_core/u_attn/g_lane[41].pv_p_reg[41]_i_7_psdsp_1
OWNER5 bd_i/layer_0/inst/u_core/smem_b_reg_bram_15/ADDRARDADDR[1]
OWNER5 bd_i/layer_0/inst/u_core/u_attn/g_lane[39].pv_p_reg[39]_i_3_psdsp
OWNER5 bd_i/layer_0/inst/u_core/u_attn/g_lane[23].pv_p_reg[23]_i_4_psdsp
OWNER5 bd_i/layer_0/inst/u_core/u_dn/p_1_out__42
OWNER5 bd_i/layer_0/inst/u_core/u_attn/g_lane[101].pv_p_reg[101]
OWNER5 bd_i/layer_0/inst/u_core/u_dn/p_0_out__3__13
OWNER5 bd_i/layer_0/inst/u_core/krow_reg[786]/D
OWNER5 bd_i/layer_0/inst/u_core/u_dn/p_1_out__6__16
OWNER5 bd_i/layer_0/inst/u_core/u_attn/g_lane[145].pv_p_reg[145]
OWNER5 bd_i/layer_0/inst/u_core/u_alu/ps_rnd_reg[18]
OWNER5 bd_i/layer_0/inst/u_core/u_attn/dot_reg[20]
OWNER5 bd_i/layer_0/inst/u_core/u_attn/g_lane[221].prod_reg[221]
OWNER5 bd_i/layer_0/inst/u_core/u_dn/p_1_out__5__14
OWNER5 bd_i/layer_0/inst/u_core/u_dn/g_lane[58].dm_p_reg[58]
OWNER5 bd_i/layer_0/inst/u_core/u_attn/g_lane[101].pv_p_reg[101]
OWNER5 bd_i/layer_0/inst/u_core/u_attn/g_lane[186].pv_p_reg[186]
OWNER5 bd_i/layer_0/inst/u_core/n_elems_reg[4]/R
OWNER5 bd_i/layer_0/inst/u_core/n_elems_reg[5]/R
OWNER5 bd_i/layer_0/inst/u_core/n_elems_reg[6]/R
OWNER5 bd_i/layer_0/inst/u_core/n_elems_reg[7]/R
OWNER5 bd_i/layer_0/inst/u_core/u_dn/p_0_out__4__5
OWNER5 bd_i/layer_0/inst/u_core/u_dn/p_0_out__4__5
OWNER5 bd_i/layer_0/inst/u_core/u_dn/p_0_out__4__5
OWNER5 bd_i/layer_0/inst/u_core/u_dn/p_0_out__4__5
OWNER5 bd_i/layer_0/inst/u_core/u_dn/p_0_out__4__5
OWNER5 bd_i/layer_0/inst/u_core/u_dn/p_0_out__4__5
OWNER5 bd_i/layer_0/inst/u_core/u_dn/p_0_out__4__5
OWNER5 bd_i/layer_0/inst/u_core/u_dn/p_0_out__4__5
OWNER5 bd_i/layer_0/inst/u_core/u_dn/p_0_out__4__5
OWNER5 bd_i/layer_0/inst/u_core/u_dn/p_0_out__4__5
OWNER5 bd_i/layer_0/inst/u_core/u_dn/p_0_out__4__5
OWNER5 bd_i/layer_0/inst/u_core/u_dn/p_0_out__4__5
OWNER5 bd_i/layer_0/inst/u_core/u_dn/p_0_out__4__5
OWNER5 bd_i/layer_0/inst/u_core/u_dn/p_0_out__4__5
OWNER5 bd_i/layer_0/inst/u_core/u_dn/p_0_out__4__5
OWNER5 bd_i/layer_0/inst/u_core/u_dn/p_0_out__4__5
OWNER5 bd_i/layer_0/inst/u_core/u_dn/p_0_out__4__5
OWNER5 bd_i/layer_0/inst/u_core/u_dn/p_0_out__4__5
OWNER5 bd_i/layer_0/inst/u_core/u_dn/p_0_out__4__5
OWNER5 bd_i/layer_0/inst/u_core/u_dn/p_0_out__4__5
OWNER5 bd_i/layer_0/inst/u_core/u_dn/p_0_out__4__5
OWNER5 bd_i/layer_0/inst/u_core/u_dn/p_0_out__4__5
OWNER5 bd_i/layer_0/inst/u_core/u_dn/p_0_out__4__5
OWNER5 bd_i/layer_0/inst/u_core/u_dn/p_0_out__4__5
OWNER5 bd_i/layer_0/inst/u_core/u_dn/p_0_out__4__5
OWNER5 bd_i/layer_0/inst/u_core/u_dn/p_0_out__4__5
OWNER5 bd_i/layer_0/inst/u_core/u_dn/p_0_out__4__5
OWNER5 bd_i/layer_0/inst/u_core/u_dn/p_0_out__4__5
OWNER5 bd_i/layer_0/inst/u_core/u_dn/p_0_out__4__5
OWNER5 bd_i/layer_0/inst/u_core/u_dn/p_0_out__4__5
OWNER5 bd_i/layer_0/inst/u_core/u_dn/p_0_out__4__5
OWNER5 bd_i/layer_0/inst/u_core/u_dn/p_0_out__4__5
OWNER5 bd_i/layer_0/inst/u_core/u_dn/p_0_out__4__5
OWNER5 bd_i/layer_0/inst/u_core/u_dn/p_0_out__4__5
OWNER5 bd_i/layer_0/inst/u_core/u_dn/p_0_out__4__5
OWNER5 bd_i/layer_0/inst/u_core/u_dn/p_0_out__4__5
OWNER5 bd_i/layer_0/inst/u_core/u_dn/p_0_out__4__5
OWNER5 bd_i/layer_0/inst/u_core/u_dn/p_0_out__4__5
OWNER5 bd_i/layer_0/inst/u_core/u_dn/p_0_out__4__5
OWNER5 bd_i/layer_0/inst/u_core/u_dn/p_0_out__4__5
OWNER5 bd_i/layer_0/inst/u_core/u_dn/p_0_out__4__5
OWNER5 bd_i/layer_0/inst/u_core/u_dn/p_0_out__4__5
OWNER5 bd_i/layer_0/inst/u_core/u_dn/p_0_out__4__5
OWNER5 bd_i/layer_0/inst/u_core/u_dn/p_0_out__4__5
OWNER5 bd_i/layer_0/inst/u_core/u_dn/p_0_out__4__5
OWNER5 bd_i/layer_0/inst/u_core/u_dn/p_0_out__4__5
OWNER5 bd_i/layer_0/inst/u_core/u_dn/p_0_out__4__5
OWNER5 bd_i/layer_0/inst/u_core/u_dn/p_0_out__4__5
OWNER5 bd_i/layer_0/inst/u_core/u_dn/p_1_out__3__17
OWNER5 bd_i/layer_0/inst/u_core/u_attn/g_lane[67].prod_reg[67]
OWNER5 bd_i/layer_0/inst/u_core/u_dma/fmem_reg_0_255_507_507
OWNER5 bd_i/layer_0/inst/u_core/u_dn/g_lane[26].kvm_acc_reg[26]
OWNER5 bd_i/layer_0/inst/u_core/u_alu/ps_rnd_reg[17]
OWNER5 bd_i/layer_0/inst/u_core/cw_wd_reg[53]/D
OWNER5 bd_i/layer_0/inst/u_core/u_attn/g_lane[21].pv_p_reg[21]_i_3_psdsp_1
OWNER5 bd_i/layer_0/inst/u_core/st_reg[0]/CE
OWNER5 bd_i/layer_0/inst/u_core/st_reg[5]/CE
OWNER5 bd_i/layer_0/inst/u_core/u_dn/g_lane[29].kvm_acc_reg[29]
OWNER5 bd_i/layer_0/inst/u_core/u_dma/fmem_reg_0_255_91_91
OWNER5 bd_i/layer_0/inst/u_core/u_dma/fmem_reg_0_255_91_91
OWNER5 bd_i/layer_0/inst/u_core/u_attn/g_lane[32].pv_p_reg[32]
OWNER5 bd_i/layer_0/inst/u_core/u_dn/p_1_out__8__0
OWNER5 bd_i/layer_0/inst/u_core/u_attn/g_lane[141].prod_reg[141]
OWNER5 bd_i/layer_0/inst/u_core/u_attn/g_lane[190].pv_p_reg[190]_i_5_psdsp_1
OWNER5 bd_i/layer_0/inst/u_core/krow_reg[1463]/D
OWNER5 bd_i/layer_0/inst/u_core/u_attn/g_lane[63].pv_p_reg[63]
OWNER5 bd_i/layer_0/inst/u_core/u_dn/g_lane[127].kvm_acc_reg[127]
OWNER5 bd_i/layer_0/inst/u_core/u_attn/g_lane[44].prod_reg[44]_i_9_psdsp
OWNER5 bd_i/layer_0/inst/u_core/u_attn/g_lane[44].prod_reg[44]_i_9_psdsp_1
OWNER5 bd_i/layer_0/inst/u_core/u_dn/g_lane[26].kvm_acc_reg[26]
OWNER5 bd_i/layer_0/inst/u_core/u_dn/g_lane[28].dm_p_reg[28]
OWNER5 bd_i/layer_0/inst/u_core/u_attn/g_lane[83].pv_p_reg[83]
OWNER5 bd_i/layer_0/inst/u_core/u_dn/g_lane[37].p2_p_reg[37]_i_12_psdsp_4
OWNER5 bd_i/layer_0/inst/u_core/u_dn/g_lane[37].p2_p_reg[37]_i_9_psdsp_4
OWNER5 bd_i/layer_0/inst/u_core/u_attn/dot_reg[19]
OWNER5 bd_i/layer_0/inst/u_core/u_dn/p_1_out__0__20
OWNER5 bd_i/axi_smc/inst/s02_entry_pipeline/s02_mmu/inst
OWNER5 bd_i/layer_0/inst/u_core/smem_a_reg_bram_27/ADDRARDADDR[4]
OWNER5 bd_i/layer_0/inst/u_core/u_dma/fmem_reg_0_255_430_430
OWNER5 bd_i/layer_0/inst/u_core/u_attn/g_lane[181].prod_reg[181]
OWNER5 bd_i/layer_0/inst/u_core/u_dma/fmem_reg_0_255_456_456
OWNER5 bd_i/layer_0/inst/u_core/g_dnslot[1].mem_reg_uram_27/ADDR_A[10]
OWNER5 bd_i/layer_0/inst/u_core/u_attn/g_lane[32].pv_p_reg[32]
OWNER5 bd_i/layer_0/inst/u_core/u_dn/g_lane[37].p2_p_reg[37]_i_10_psdsp_4
OWNER5 bd_i/layer_0/inst/u_core/u_dn/g_lane[76].kvm_acc_reg[76]_i_2_psdsp_27
OWNER5 bd_i/layer_0/inst/u_core/u_dn/g_lane[115].dm_p_reg[115]
OWNER5 bd_i/layer_0/inst/u_core/u_dn/g_lane[115].dm_p_reg[115]
OWNER5 bd_i/layer_0/inst/u_core/u_dn/g_lane[115].dm_p_reg[115]
OWNER5 bd_i/layer_0/inst/u_core/u_dn/g_lane[115].dm_p_reg[115]
OWNER5 bd_i/layer_0/inst/u_core/u_dn/g_lane[115].dm_p_reg[115]
OWNER5 bd_i/layer_0/inst/u_core/u_dn/g_lane[115].dm_p_reg[115]
OWNER5 bd_i/layer_0/inst/u_core/u_dn/g_lane[115].dm_p_reg[115]
OWNER5 bd_i/layer_0/inst/u_core/u_dn/g_lane[115].dm_p_reg[115]
OWNER5 bd_i/layer_0/inst/u_core/u_dn/g_lane[115].dm_p_reg[115]
OWNER5 bd_i/layer_0/inst/u_core/u_dn/g_lane[115].dm_p_reg[115]
OWNER5 bd_i/layer_0/inst/u_core/u_dn/g_lane[115].dm_p_reg[115]
OWNER5 bd_i/layer_0/inst/u_core/u_dn/g_lane[115].dm_p_reg[115]
OWNER5 bd_i/layer_0/inst/u_core/u_dn/g_lane[115].dm_p_reg[115]
OWNER5 bd_i/layer_0/inst/u_core/u_dn/g_lane[115].dm_p_reg[115]
OWNER5 bd_i/layer_0/inst/u_core/u_dn/g_lane[115].dm_p_reg[115]
OWNER5 bd_i/layer_0/inst/u_core/u_dn/g_lane[115].dm_p_reg[115]
OWNER5 bd_i/layer_0/inst/u_core/u_dn/g_lane[115].dm_p_reg[115]
OWNER5 bd_i/layer_0/inst/u_core/u_dn/g_lane[115].dm_p_reg[115]
OWNER5 bd_i/layer_0/inst/u_core/u_dn/g_lane[115].dm_p_reg[115]
OWNER5 bd_i/layer_0/inst/u_core/u_dn/g_lane[115].dm_p_reg[115]
OWNER5 bd_i/layer_0/inst/u_core/u_dn/g_lane[115].dm_p_reg[115]
OWNER5 bd_i/layer_0/inst/u_core/u_dn/g_lane[115].dm_p_reg[115]
OWNER5 bd_i/layer_0/inst/u_core/u_dn/g_lane[115].dm_p_reg[115]
OWNER5 bd_i/layer_0/inst/u_core/u_dn/g_lane[115].dm_p_reg[115]
OWNER5 bd_i/layer_0/inst/u_core/u_dn/g_lane[115].dm_p_reg[115]
OWNER5 bd_i/layer_0/inst/u_core/u_dn/g_lane[115].dm_p_reg[115]
OWNER5 bd_i/layer_0/inst/u_core/u_dn/g_lane[115].dm_p_reg[115]
OWNER5 bd_i/layer_0/inst/u_core/u_dn/g_lane[115].dm_p_reg[115]
OWNER5 bd_i/layer_0/inst/u_core/u_dn/g_lane[115].dm_p_reg[115]
OWNER5 bd_i/layer_0/inst/u_core/u_dn/g_lane[115].dm_p_reg[115]
OWNER5 bd_i/layer_0/inst/u_core/u_dn/g_lane[115].dm_p_reg[115]
OWNER5 bd_i/layer_0/inst/u_core/u_dn/g_lane[115].dm_p_reg[115]
OWNER5 bd_i/layer_0/inst/u_core/u_dn/g_lane[115].dm_p_reg[115]
OWNER5 bd_i/layer_0/inst/u_core/u_dn/g_lane[115].dm_p_reg[115]
OWNER5 bd_i/layer_0/inst/u_core/u_dn/g_lane[115].dm_p_reg[115]
OWNER5 bd_i/layer_0/inst/u_core/u_dn/g_lane[115].dm_p_reg[115]
OWNER5 bd_i/layer_0/inst/u_core/u_dn/g_lane[115].dm_p_reg[115]
OWNER5 bd_i/layer_0/inst/u_core/u_dn/g_lane[115].dm_p_reg[115]
OWNER5 bd_i/layer_0/inst/u_core/u_dn/g_lane[115].dm_p_reg[115]
OWNER5 bd_i/layer_0/inst/u_core/u_dn/g_lane[115].dm_p_reg[115]
OWNER5 bd_i/layer_0/inst/u_core/u_dn/g_lane[115].dm_p_reg[115]
OWNER5 bd_i/layer_0/inst/u_core/u_dn/g_lane[115].dm_p_reg[115]
OWNER5 bd_i/layer_0/inst/u_core/u_dn/g_lane[115].dm_p_reg[115]
OWNER5 bd_i/layer_0/inst/u_core/u_dn/g_lane[115].dm_p_reg[115]
OWNER5 bd_i/layer_0/inst/u_core/u_dn/g_lane[115].dm_p_reg[115]
OWNER5 bd_i/layer_0/inst/u_core/u_dn/g_lane[115].dm_p_reg[115]
OWNER5 bd_i/layer_0/inst/u_core/u_dn/g_lane[115].dm_p_reg[115]
OWNER5 bd_i/layer_0/inst/u_core/u_dn/g_lane[115].dm_p_reg[115]
OWNER5 bd_i/layer_0/inst/u_core/smem_a_reg_bram_21/ADDRARDADDR[3]
OWNER5 bd_i/layer_0/inst/u_core/u_dn/p_1_out__0__6
OWNER5 bd_i/layer_0/inst/u_core/u_dn/p_0_out__23__0
OWNER5 bd_i/layer_0/inst/u_core/u_attn/g_lane[32].pv_p_reg[32]
OWNER5 bd_i/layer_0/inst/u_core/u_alu/r_res_reg[20]
OWNER5 bd_i/layer_0/inst/u_core/u_dn/p_0_out__8__3
OWNER5 bd_i/layer_0/inst/u_core/u_alu/r_res_reg[5]
OWNER5 bd_i/layer_0/inst/u_core/u_dn/p_0_out__3__13
OWNER5 bd_i/layer_0/inst/u_core/s_axil_rdata_reg[4]/D
OWNER5 bd_i/layer_0/inst/u_core/u_dn/g_lane[25].o_acc_reg[25]
OWNER5 bd_i/layer_0/inst/u_core/u_attn/g_lane[115].prod_reg[115]
OWNER5 bd_i/layer_0/inst/u_core/krow_reg[1336]/D
OWNER5 bd_i/layer_0/inst/u_core/u_dn/g_lane[67].dec_p_reg[67]
OWNER5 bd_i/layer_0/inst/u_core/u_topk/ent_reg[14][5]
OWNER5 bd_i/layer_0/inst/u_core/u_topk/ent_reg[14][7]
OWNER5 bd_i/layer_0/inst/u_core/u_dn/p_1_out__10__1
OWNER5 bd_i/layer_0/inst/u_core/u_dn/g_lane[120].kvm_acc_reg[120]
OWNER5 bd_i/layer_0/inst/u_core/smem_a_reg_bram_15/WEA[0]
OWNER5 bd_i/layer_0/inst/u_core/u_attn/g_lane[150].prod_reg[150]
OWNER5 bd_i/layer_0/inst/u_core/krow_reg[1757]/D
OWNER5 bd_i/layer_0/inst/u_core/u_dn/g_lane[13].o_acc_reg[13]
OWNER5 bd_i/layer_0/inst/u_core/u_attn/g_lane[173].prod_reg[173]
OWNER5 bd_i/layer_0/inst/u_core/u_dn/p_1_out__2__17
OWNER5 bd_i/layer_0/inst/u_core/u_dn/p_0_out__3__14
OWNER5 bd_i/layer_0/inst/u_core/u_attn/g_lane[159].prod_reg[159]
OWNER5 bd_i/layer_0/inst/u_core/u_dma/fmem_reg_0_255_462_462
OWNER5 bd_i/layer_0/inst/u_core/u_dn/g_lane[38].dm_p_reg[38]
OWNER5 bd_i/layer_0/inst/u_core/u_alu/ps_rnd_reg[19]
OWNER5 bd_i/layer_0/inst/u_core/u_dn/g_lane[123].kvm_acc_reg[123]
OWNER5 bd_i/layer_0/inst/u_core/u_dma/fmem_reg_0_255_421_421
OWNER5 bd_i/layer_0/inst/u_core/u_dma/fmem_reg_0_255_214_214
OWNER5 bd_i/layer_0/inst/u_core/u_dn/p_1_out__6__16
OWNER5 bd_i/layer_0/inst/u_core/u_alu/r_res_reg[3]
OWNER5 bd_i/layer_0/inst/u_core/u_dn/p_0_out__3__11
OWNER5 bd_i/layer_0/inst/u_core/u_dn/g_lane[43].kvm_acc_reg[43]
OWNER5 bd_i/layer_0/inst/u_core/u_attn/g_lane[154].pv_p_reg[154]
OWNER5 bd_i/layer_0/inst/u_core/u_attn/g_lane[160].pv_p_reg[160]
OWNER5 bd_i/layer_0/inst/u_core/u_attn/g_lane[83].pv_p_reg[83]
OWNER5 bd_i/layer_0/inst/u_core/u_dn/p_1_out__18__4
OWNER5 bd_i/layer_0/inst/u_core/u_dma/fmem_reg_0_255_42_42
OWNER5 bd_i/layer_0/inst/u_core/u_dn/p_0_out__6__10
OWNER5 bd_i/layer_0/inst/u_core/u_attn/g_lane[101].pv_p_reg[101]
OWNER5 bd_i/layer_0/inst/u_core/u_attn/dot_reg[17]
OWNER5 bd_i/layer_0/inst/u_core/u_attn/g_lane[82].pv_p_reg[82]
OWNER5 bd_i/layer_0/inst/u_core/u_dn/g_lane[123].kvm_acc_reg[123]
OWNER5 bd_i/layer_0/inst/u_core/u_attn/g_lane[238].prod_reg[238]
OWNER5 bd_i/layer_0/inst/u_core/krow_reg[241]/R
OWNER5 bd_i/layer_0/inst/u_core/krow_reg[243]/R
OWNER5 bd_i/layer_0/inst/u_core/krow_reg[244]/R
OWNER5 bd_i/layer_0/inst/u_core/krow_reg[245]/R
OWNER5 bd_i/layer_0/inst/u_core/krow_reg[246]/R
OWNER5 bd_i/layer_0/inst/u_core/u_attn/g_lane[82].pv_p_reg[82]
OWNER5 bd_i/layer_0/inst/u_core/u_dn/p_1_out__19
OWNER5 bd_i/layer_0/inst/u_core/smem_b_reg_bram_22/ADDRARDADDR[13]
OWNER5 bd_i/layer_0/inst/u_core/u_attn/g_lane[81].pv_p_reg[81]
OWNER5 bd_i/layer_0/inst/u_core/u_attn/g_lane[182].prod_reg[182]
OWNER5 bd_i/layer_0/inst/u_core/u_dn/g_lane[25].o_acc_reg[25]
OWNER5 bd_i/layer_0/inst/u_core/smem_b_reg_bram_11/WEA[0]
OWNER5 bd_i/layer_0/inst/u_core/krow_reg[1394]/D
OWNER5 bd_i/layer_0/inst/u_core/u_dn/g_lane[30].o_acc_reg[30]
OWNER5 bd_i/layer_0/inst/u_core/u_attn/g_lane[32].pv_p_reg[32]
OWNER5 bd_i/layer_0/inst/u_core/u_attn/g_lane[154].pv_p_reg[154]
OWNER5 bd_i/layer_0/inst/u_core/u_dn/g_lane[117].dm_p_reg[117]
OWNER5 bd_i/layer_0/inst/u_core/u_dn/g_lane[29].o_acc_reg[29]
OWNER5 bd_i/layer_0/inst/u_core/u_attn/g_lane[122].pv_p_reg[122]
OWNER5 bd_i/layer_0/inst/u_core/u_attn/g_lane[177].pv_p_reg[177]
OWNER5 bd_i/layer_0/inst/u_core/u_attn/g_lane[82].pv_p_reg[82]
OWNER5 bd_i/layer_0/inst/u_core/u_attn/g_lane[190].pv_p_reg[190]_i_6_psdsp
OWNER5 bd_i/layer_0/inst/u_core/u_attn/g_lane[32].prod_reg[32]
OWNER5 bd_i/layer_0/inst/u_core/u_attn/g_lane[32].pv_p_reg[32]
OWNER5 bd_i/layer_0/inst/u_core/krow_reg[895]/D
OWNER5 bd_i/layer_0/inst/u_core/u_dn/g_lane[7].o_acc_reg[7]
OWNER5 bd_i/layer_0/inst/u_core/u_dma/fmem_reg_0_255_42_42
OWNER5 bd_i/layer_0/inst/u_core/u_dn/p_1_out__12__2
OWNER5 bd_i/layer_0/inst/u_core/u_attn/g_lane[190].pv_p_reg[190]_i_6_psdsp_1
OWNER5 bd_i/layer_0/inst/u_core/u_dma/fmem_reg_0_255_345_345
OWNER5 bd_i/layer_0/inst/u_core/u_attn/g_lane[177].pv_p_reg[177]
OWNER5 bd_i/layer_0/inst/u_core/smem_b_reg_bram_23/ADDRARDADDR[1]
OWNER5 bd_i/layer_0/inst/u_core/krow_reg[480]/D
OWNER5 bd_i/layer_0/inst/u_core/u_dn/g_lane[15].dec_p_reg[15]
OWNER5 bd_i/layer_0/inst/u_core/u_dn/g_lane[2].o_acc_reg[2]
OWNER5 bd_i/layer_0/inst/u_core/u_alu/r_res_reg[10]
OWNER5 bd_i/layer_0/inst/u_core/u_dma/fmem_reg_0_255_63_63
OWNER5 bd_i/layer_0/inst/u_core/u_attn/g_lane[39].pv_p_reg[39]_i_1_psdsp_1
OWNER5 bd_i/layer_0/inst/u_core/u_dma/fmem_reg_0_255_348_348
OWNER5 bd_i/layer_0/inst/u_core/u_dn/g_lane[117].dm_p_reg[117]
OWNER5 bd_i/layer_0/inst/u_core/u_dn/g_lane[26].kvm_acc_reg[26]
OWNER5 bd_i/layer_0/inst/u_core/u_dn/g_lane[3].o_acc_reg[3]
OWNER5 bd_i/layer_0/inst/u_core/u_attn/g_lane[155].pv_p_reg[155]
OWNER5 bd_i/layer_0/inst/u_core/smem_a_reg_bram_22/ADDRARDADDR[1]
OWNER5 bd_i/layer_0/inst/u_core/u_dn/g_lane[72].dec_p_reg[72]
OWNER5 bd_i/layer_0/inst/u_core/u_attn/g_lane[22].pv_p_reg[22]_i_2_psdsp_1
OWNER5 bd_i/layer_0/inst/u_core/u_dn/p_1_out__18__1
OWNER5 bd_i/layer_0/inst/u_core/smem_a_reg_bram_14/ENARDEN
OWNER5 bd_i/layer_0/inst/u_core/u_attn/g_lane[32].prod_reg[32]
OWNER5 bd_i/layer_0/inst/u_core/eng_sa_reg[8]/CE
OWNER5 bd_i/layer_0/inst/u_core/u_dma/fmem_reg_0_255_383_383
OWNER5 bd_i/layer_0/inst/u_core/krow_reg[1346]/D
OWNER5 bd_i/layer_0/inst/u_core/u_attn/g_lane[103].pv_p_reg[103]
OWNER5 bd_i/layer_0/inst/u_core/u_alu/ps_rnd_reg[30]
OWNER5 bd_i/layer_0/inst/u_core/u_alu/ps_rnd_reg[5]
OWNER5 bd_i/layer_0/inst/u_core/u_dn/g_lane[26].dm_p_reg[26]
OWNER5 bd_i/layer_0/inst/u_core/u_attn/g_lane[32].prod_reg[32]
OWNER5 bd_i/layer_0/inst/u_core/u_attn/g_lane[173].prod_reg[173]
OWNER5 bd_i/layer_0/inst/u_core/u_dn/p_1_out__14__3
OWNER5 bd_i/layer_0/inst/u_core/u_attn/g_lane[209].prod_reg[209]
OWNER5 bd_i/layer_0/inst/u_core/u_attn/g_lane[189].prod_reg[189]
OWNER5 bd_i/layer_0/inst/u_core/g_kvslot[0].mem_reg_uram_1/CAS_IN_ADDR_A[3]
OWNER5 bd_i/layer_0/inst/u_core/u_rope/m_data_reg[15]
OWNER5 bd_i/layer_0/inst/u_core/u_alu/r_res_reg[16]
OWNER5 bd_i/layer_0/inst/u_core/u_dma/fmem_reg_0_255_480_480
OWNER5 bd_i/layer_0/inst/u_core/u_dma/fmem_reg_0_255_255_255
OWNER5 bd_i/layer_0/inst/u_core/u_dn/g_lane[2].o_acc_reg[2]
OWNER5 bd_i/layer_0/inst/u_core/u_dma/fmem_reg_0_255_298_298
OWNER5 bd_i/layer_0/inst/u_core/u_dma/fmem_reg_0_255_401_401
OWNER5 bd_i/layer_0/inst/u_core/u_dn/g_lane[98].dec_p_reg[98]
OWNER5 bd_i/layer_0/inst/u_core/cw_wd_reg[60]/D
OWNER5 bd_i/layer_0/inst/u_core/u_dn/p_1_out__18__1
OWNER5 bd_i/layer_0/inst/u_core/u_dn/p_0_out__10__2
OWNER5 bd_i/layer_0/inst/u_core/u_dn/g_lane[111].dec_p_reg[111]
OWNER5 bd_i/layer_0/inst/u_core/u_dn/p_0_out__1
OWNER5 bd_i/layer_0/inst/u_core/tmp64_reg[5]/D
OWNER5 bd_i/layer_0/inst/u_core/u_attn/dot_reg[18]
OWNER5 bd_i/layer_0/inst/u_core/krow_reg[447]/D
OWNER5 bd_i/layer_0/inst/u_core/u_dn/p_0_out__15__2
OWNER5 bd_i/layer_0/inst/u_core/u_dma/fmem_reg_0_255_6_6
OWNER5 bd_i/layer_0/inst/u_core/u_attn/g_lane[181].prod_reg[181]
OWNER5 bd_i/layer_0/inst/u_core/u_attn/g_lane[32].prod_reg[32]
OWNER5 bd_i/axi_smc/inst/s02_entry_pipeline/s02_si_converter/inst
OWNER5 bd_i/axi_smc/inst/s02_entry_pipeline/s02_si_converter/inst
OWNER5 bd_i/axi_smc/inst/s02_entry_pipeline/s02_si_converter/inst
OWNER5 bd_i/layer_0/inst/u_core/u_dma/fmem_reg_0_255_255_255
OWNER5 bd_i/layer_0/inst/u_core/u_attn/g_lane[158].prod_reg[158]
OWNER5 bd_i/layer_0/inst/u_core/u_dma/fmem_reg_0_255_401_401
OWNER5 bd_i/layer_0/inst/u_core/g_kvslot[0].mem_reg_uram_55/CAS_IN_DIN_B[58]
OWNER5 bd_i/layer_0/inst/u_core/u_dn/g_lane[72].dec_p_reg[72]
OWNER5 bd_i/layer_0/inst/u_core/u_alu/ps_rnd_reg[16]
OWNER5 bd_i/layer_0/inst/u_core/u_dma/fmem_reg_0_255_298_298
OWNER5 bd_i/layer_0/inst/u_core/u_dn/g_lane[72].dec_p_reg[72]
OWNER5 bd_i/layer_0/inst/u_core/u_dn/p_1_out__13__4
OWNER5 bd_i/layer_0/inst/u_core/u_dn/oi_reg[0]
OWNER5 bd_i/layer_0/inst/u_core/u_dma/fmem_reg_0_255_225_225
OWNER5 bd_i/layer_0/inst/u_core/u_dn/g_lane[119].kvm_acc_reg[119]
OWNER5 bd_i/layer_0/inst/u_core/u_dn/p_1_out__11__3
OWNER5 bd_i/layer_0/inst/u_core/u_dma/fmem_reg_0_255_255_255
OWNER5 bd_i/layer_0/inst/u_core/u_dma/fmem_reg_0_255_401_401
OWNER5 bd_i/layer_0/inst/u_core/u_dn/p_0_out__12__0
OWNER5 bd_i/layer_0/inst/u_core/u_dn/p_0_out__12__0
OWNER5 bd_i/layer_0/inst/u_core/u_dn/p_0_out__12__0
OWNER5 bd_i/layer_0/inst/u_core/u_dn/p_0_out__12__0
OWNER5 bd_i/layer_0/inst/u_core/u_dn/p_0_out__12__0
OWNER5 bd_i/layer_0/inst/u_core/u_dn/p_0_out__12__0
OWNER5 bd_i/layer_0/inst/u_core/u_dn/p_0_out__12__0
OWNER5 bd_i/layer_0/inst/u_core/u_dn/p_0_out__12__0
OWNER5 bd_i/layer_0/inst/u_core/u_dn/p_0_out__12__0
OWNER5 bd_i/layer_0/inst/u_core/u_dn/p_0_out__12__0
OWNER5 bd_i/layer_0/inst/u_core/u_dn/p_0_out__12__0
OWNER5 bd_i/layer_0/inst/u_core/u_dn/p_0_out__12__0
OWNER5 bd_i/layer_0/inst/u_core/u_dn/p_0_out__12__0
OWNER5 bd_i/layer_0/inst/u_core/u_dn/p_0_out__12__0
OWNER5 bd_i/layer_0/inst/u_core/u_dn/p_0_out__12__0
OWNER5 bd_i/layer_0/inst/u_core/u_dn/p_0_out__12__0
OWNER5 bd_i/layer_0/inst/u_core/u_dn/p_0_out__12__0
OWNER5 bd_i/layer_0/inst/u_core/u_dn/p_0_out__12__0
OWNER5 bd_i/layer_0/inst/u_core/u_dn/p_0_out__12__0
OWNER5 bd_i/layer_0/inst/u_core/u_dn/p_0_out__12__0
OWNER5 bd_i/layer_0/inst/u_core/u_dn/p_0_out__12__0
OWNER5 bd_i/layer_0/inst/u_core/u_dn/p_0_out__12__0
OWNER5 bd_i/layer_0/inst/u_core/u_dn/p_0_out__12__0
OWNER5 bd_i/layer_0/inst/u_core/u_dn/p_0_out__12__0
OWNER5 bd_i/layer_0/inst/u_core/u_dn/p_0_out__12__0
OWNER5 bd_i/layer_0/inst/u_core/u_dn/p_0_out__12__0
OWNER5 bd_i/layer_0/inst/u_core/u_dn/p_0_out__12__0
OWNER5 bd_i/layer_0/inst/u_core/u_dn/p_0_out__12__0
OWNER5 bd_i/layer_0/inst/u_core/u_dn/p_0_out__12__0
OWNER5 bd_i/layer_0/inst/u_core/u_dn/p_0_out__12__0
OWNER5 bd_i/layer_0/inst/u_core/u_dn/p_0_out__12__0
OWNER5 bd_i/layer_0/inst/u_core/u_dn/p_0_out__12__0
OWNER5 bd_i/layer_0/inst/u_core/u_dn/p_0_out__12__0
OWNER5 bd_i/layer_0/inst/u_core/u_dn/p_0_out__12__0
OWNER5 bd_i/layer_0/inst/u_core/u_dn/p_0_out__12__0
OWNER5 bd_i/layer_0/inst/u_core/u_dn/p_0_out__12__0
OWNER5 bd_i/layer_0/inst/u_core/u_dn/p_0_out__12__0
OWNER5 bd_i/layer_0/inst/u_core/u_dn/p_0_out__12__0
OWNER5 bd_i/layer_0/inst/u_core/u_dn/p_0_out__12__0
OWNER5 bd_i/layer_0/inst/u_core/u_dn/p_0_out__12__0
OWNER5 bd_i/layer_0/inst/u_core/u_dn/p_0_out__12__0
OWNER5 bd_i/layer_0/inst/u_core/u_dn/p_0_out__12__0
OWNER5 bd_i/layer_0/inst/u_core/u_dn/p_0_out__12__0
OWNER5 bd_i/layer_0/inst/u_core/u_dn/p_0_out__12__0
OWNER5 bd_i/layer_0/inst/u_core/u_dn/p_0_out__12__0
OWNER5 bd_i/layer_0/inst/u_core/u_dn/p_0_out__12__0
OWNER5 bd_i/layer_0/inst/u_core/u_dn/p_0_out__12__0
OWNER5 bd_i/layer_0/inst/u_core/u_dn/p_0_out__12__0
OWNER5 bd_i/layer_0/inst/u_core/u_dn/p_0_out__1
OWNER5 bd_i/layer_0/inst/u_core/u_dn/g_lane[117].dm_p_reg[117]
OWNER5 bd_i/layer_0/inst/u_core/u_dn/p_0_out__6__4
OWNER5 bd_i/layer_0/inst/u_core/u_dn/p_0_out__0__18
OWNER5 bd_i/layer_0/inst/u_core/u_dma/fmem_reg_0_255_355_355
OWNER5 bd_i/layer_0/inst/u_core/u_dn/p_1_out__4__4
OWNER5 bd_i/layer_0/inst/u_core/u_dn/g_lane[2].o_acc_reg[2]
OWNER5 bd_i/layer_0/inst/u_core/u_dma/fmem_reg_0_255_353_353
OWNER5 bd_i/layer_0/inst/u_core/u_attn/g_lane[32].pv_p_reg[32]
OWNER5 bd_i/layer_0/inst/u_core/u_dn/g_lane[28].dm_p_reg[28]
OWNER5 bd_i/layer_0/inst/u_core/u_dma/fmem_reg_0_255_415_415
OWNER5 bd_i/layer_0/inst/u_core/u_alu/ps_rnd_reg[31]
OWNER5 bd_i/layer_0/inst/u_core/cmd_cnt_reg[1]/CE
OWNER5 bd_i/layer_0/inst/u_core/cmd_cnt_reg[2]/CE
OWNER5 bd_i/layer_0/inst/u_core/cmd_cnt_reg[3]/CE
OWNER5 bd_i/layer_0/inst/u_core/cmd_cnt_reg[4]/CE
OWNER5 bd_i/layer_0/inst/u_core/u_attn/g_lane[154].pv_p_reg[154]
OWNER5 bd_i/layer_0/inst/u_core/u_dma/fmem_reg_0_255_298_298
OWNER5 bd_i/layer_0/inst/u_core/u_attn/g_lane[238].prod_reg[238]
OWNER5 bd_i/layer_0/inst/u_core/u_dma/fmem_reg_0_255_102_102
OWNER5 bd_i/layer_0/inst/u_core/u_dma/fmem_reg_0_255_421_421
OWNER5 bd_i/layer_0/inst/u_core/u_dn/g_lane[29].o_acc_reg[29]
OWNER5 bd_i/layer_0/inst/u_core/u_attn/g_lane[18].pv_p_reg[18]_i_2_psdsp_1
OWNER5 bd_i/layer_0/inst/u_core/u_dn/p_0_out__1
OWNER5 bd_i/layer_0/inst/u_core/u_alu/r_res_reg[0]
OWNER5 bd_i/layer_0/inst/u_core/u_dn/p_0_out__8__3
OWNER5 bd_i/layer_0/inst/u_core/u_dn/p_1_out__4__4
OWNER5 bd_i/layer_0/inst/u_core/u_dn/p_0_out__6__4
OWNER5 bd_i/layer_0/inst/u_core/u_dn/g_lane[123].kvm_acc_reg[123]
OWNER5 bd_i/layer_0/inst/u_core/at_qdata_reg[14]_rep__4/CE
OWNER5 bd_i/layer_0/inst/u_core/at_qdata_reg[7]_rep__4/CE
OWNER5 bd_i/layer_0/inst/u_core/u_attn/g_lane[82].pv_p_reg[82]
OWNER5 bd_i/layer_0/inst/u_core/u_dn/p_0_out__0__18
OWNER5 bd_i/layer_0/inst/u_core/u_dn/g_lane[123].kvm_acc_reg[123]
OWNER5 bd_i/layer_0/inst/u_core/dma_slot_reg_replica_12/CE
OWNER5 bd_i/layer_0/inst/u_core/u_dn/g_lane[106].dec_p_reg[106]
OWNER5 bd_i/layer_0/inst/u_core/u_dma/fmem_reg_0_255_477_477
OWNER5 bd_i/layer_0/inst/u_core/sd_rows_reg[12]/D
OWNER5 bd_i/layer_0/inst/u_core/u_dn/g_lane[24].o_acc_reg[24]
OWNER5 bd_i/layer_0/inst/u_core/u_attn/g_lane[158].prod_reg[158]
OWNER5 bd_i/layer_0/inst/u_core/u_attn/g_lane[63].pv_p_reg[63]
OWNER5 bd_i/layer_0/inst/u_core/u_dn/p_0_out__23__0
OWNER5 bd_i/layer_0/inst/u_core/u_dn/g_lane[28].dm_p_reg[28]
OWNER5 bd_i/layer_0/inst/u_core/u_attn/g_lane[43].prod_reg[43]_i_3_psdsp
OWNER5 bd_i/layer_0/inst/u_core/u_dn/g_lane[30].o_acc_reg[30]
OWNER5 bd_i/layer_0/inst/u_core/u_attn/g_lane[82].pv_p_reg[82]
OWNER5 bd_i/layer_0/inst/u_core/u_attn/g_lane[250].prod_reg[250]
OWNER5 bd_i/layer_0/inst/u_core/u_dma/fmem_reg_0_255_355_355
OWNER5 bd_i/layer_0/inst/u_core/u_attn/g_lane[32].prod_reg[32]
OWNER5 bd_i/layer_0/inst/u_core/u_attn/g_lane[24].prod_reg[24]_i_9_psdsp_1
OWNER5 bd_i/layer_0/inst/u_core/u_dma/fmem_reg_0_255_353_353
OWNER5 bd_i/layer_0/inst/u_core/u_dma/fmem_reg_0_255_434_434
OWNER5 bd_i/layer_0/inst/u_core/u_alu/ps_rnd_reg[21]
OWNER5 bd_i/layer_0/inst/u_core/u_dma/fmem_reg_0_255_321_321
OWNER5 bd_i/layer_0/inst/u_core/u_dn/g_lane[43].kvm_acc_reg[43]
OWNER5 bd_i/layer_0/inst/u_core/krow_reg[772]/D
OWNER5 bd_i/layer_0/inst/u_core/u_dn/p_0_out__0__18
OWNER5 bd_i/layer_0/inst/u_core/u_attn/g_lane[37].pv_p_reg[37]_i_5_psdsp_1
OWNER5 bd_i/layer_0/inst/u_core/u_dn/g_lane[13].dec_p_reg[13]
OWNER5 bd_i/layer_0/inst/u_core/u_alu/ps_rnd_reg[32]
OWNER5 bd_i/layer_0/inst/u_core/krow_reg[847]/D
OWNER5 bd_i/layer_0/inst/u_core/u_dma/fmem_reg_0_255_102_102
OWNER5 bd_i/layer_0/inst/u_core/u_dma/fmem_reg_0_255_332_332
OWNER5 bd_i/axi_smc/inst/s02_entry_pipeline/s02_si_converter/inst
OWNER5 bd_i/axi_smc/inst/s02_entry_pipeline/s02_si_converter/inst
OWNER5 bd_i/axi_smc/inst/s02_entry_pipeline/s02_si_converter/inst
OWNER5 bd_i/layer_0/inst/u_core/cs_wd_reg[10]/CE
OWNER5 bd_i/layer_0/inst/u_core/cs_wd_reg[4]/CE
OWNER5 bd_i/layer_0/inst/u_core/at_qdata_reg[11]/CE
OWNER5 bd_i/layer_0/inst/u_core/u_dn/g_lane[121].dm_p_reg[121]
OWNER5 bd_i/layer_0/inst/u_core/u_dn/g_lane[26].kvm_acc_reg[26]
OWNER5 bd_i/layer_0/inst/u_core/u_dn/g_lane[69].dec_p_reg[69]
OWNER5 bd_i/layer_0/inst/u_core/cw_wd_reg[51]/D
OWNER5 bd_i/layer_0/inst/u_core/u_dn/g_lane[2].o_acc_reg[2]
OWNER5 bd_i/layer_0/inst/u_core/u_attn/g_lane[120].prod_reg[120]
OWNER5 bd_i/layer_0/inst/u_core/u_dn/p_1_out__12
OWNER5 bd_i/layer_0/inst/u_core/u_dn/p_1_out__12
OWNER5 bd_i/layer_0/inst/u_core/u_dn/p_1_out__12
OWNER5 bd_i/layer_0/inst/u_core/u_dn/p_1_out__12
OWNER5 bd_i/layer_0/inst/u_core/u_dn/p_1_out__12
OWNER5 bd_i/layer_0/inst/u_core/u_dn/p_1_out__12
OWNER5 bd_i/layer_0/inst/u_core/u_dn/p_1_out__12
OWNER5 bd_i/layer_0/inst/u_core/u_dn/p_1_out__12
OWNER5 bd_i/layer_0/inst/u_core/u_dn/p_1_out__12
OWNER5 bd_i/layer_0/inst/u_core/u_dn/p_1_out__12
OWNER5 bd_i/layer_0/inst/u_core/u_dn/p_1_out__12
OWNER5 bd_i/layer_0/inst/u_core/u_dn/p_1_out__12
OWNER5 bd_i/layer_0/inst/u_core/u_dn/p_1_out__12
OWNER5 bd_i/layer_0/inst/u_core/u_dn/p_1_out__12
OWNER5 bd_i/layer_0/inst/u_core/u_dn/p_1_out__12
OWNER5 bd_i/layer_0/inst/u_core/u_dn/p_1_out__12
OWNER5 bd_i/layer_0/inst/u_core/u_dn/p_1_out__12
OWNER5 bd_i/layer_0/inst/u_core/u_dn/p_1_out__12
OWNER5 bd_i/layer_0/inst/u_core/u_dn/p_1_out__12
OWNER5 bd_i/layer_0/inst/u_core/u_dn/p_1_out__12
OWNER5 bd_i/layer_0/inst/u_core/u_dn/p_1_out__12
OWNER5 bd_i/layer_0/inst/u_core/u_dn/p_1_out__12
OWNER5 bd_i/layer_0/inst/u_core/u_dn/p_1_out__12
OWNER5 bd_i/layer_0/inst/u_core/u_dn/p_1_out__12
OWNER5 bd_i/layer_0/inst/u_core/u_dn/p_1_out__12
OWNER5 bd_i/layer_0/inst/u_core/u_dn/p_1_out__12
OWNER5 bd_i/layer_0/inst/u_core/u_dn/p_1_out__12
OWNER5 bd_i/layer_0/inst/u_core/u_dn/p_1_out__12
OWNER5 bd_i/layer_0/inst/u_core/u_dn/p_1_out__12
OWNER5 bd_i/layer_0/inst/u_core/u_dn/p_1_out__12
OWNER5 bd_i/layer_0/inst/u_core/u_dn/p_1_out__12
OWNER5 bd_i/layer_0/inst/u_core/u_dn/p_1_out__12
OWNER5 bd_i/layer_0/inst/u_core/u_dn/p_1_out__12
OWNER5 bd_i/layer_0/inst/u_core/u_dn/p_1_out__12
OWNER5 bd_i/layer_0/inst/u_core/u_dn/p_1_out__12
OWNER5 bd_i/layer_0/inst/u_core/u_dn/p_1_out__12
OWNER5 bd_i/layer_0/inst/u_core/u_dn/p_1_out__12
OWNER5 bd_i/layer_0/inst/u_core/u_dn/p_1_out__12
OWNER5 bd_i/layer_0/inst/u_core/u_dn/p_1_out__12
OWNER5 bd_i/layer_0/inst/u_core/u_dn/p_1_out__12
OWNER5 bd_i/layer_0/inst/u_core/u_dn/p_1_out__12
OWNER5 bd_i/layer_0/inst/u_core/u_dn/p_1_out__12
OWNER5 bd_i/layer_0/inst/u_core/u_dn/p_1_out__12
OWNER5 bd_i/layer_0/inst/u_core/u_dn/p_1_out__12
OWNER5 bd_i/layer_0/inst/u_core/u_dma/fmem_reg_0_255_255_255
OWNER5 bd_i/layer_0/inst/u_core/u_attn/g_lane[64].prod_reg[64]
OWNER5 bd_i/layer_0/inst/u_core/u_attn/g_lane[101].pv_p_reg[101]
OWNER5 bd_i/layer_0/inst/u_core/u_attn/g_lane[82].pv_p_reg[82]
OWNER5 bd_i/layer_0/inst/u_core/u_dn/p_1_out__9__11
OWNER5 bd_i/layer_0/inst/u_core/u_dn/g_lane[30].o_acc_reg[30]
OWNER5 bd_i/layer_0/inst/u_core/u_dn/g_lane[110].dec_p_reg[110]
OWNER5 bd_i/layer_0/inst/u_core/u_attn/g_lane[44].prod_reg[44]_i_2_psdsp_1
OWNER5 bd_i/layer_0/inst/u_core/u_dn/p_0_out__3__13
OWNER5 bd_i/layer_0/inst/u_core/u_dma/fmem_reg_0_255_493_493
OWNER5 bd_i/layer_0/inst/u_core/u_dn/g_lane[111].dec_p_reg[111]
OWNER5 bd_i/layer_0/inst/u_core/u_attn/g_lane[32].prod_reg[32]
OWNER5 bd_i/layer_0/inst/u_core/u_dn/p_0_out__3__2
OWNER5 bd_i/layer_0/inst/u_core/u_dn/g_lane[117].dm_p_reg[117]
OWNER5 bd_i/layer_0/inst/u_core/u_dn/p_1_out__25__5
OWNER5 bd_i/layer_0/inst/u_core/u_alu/r_res_reg[1]
OWNER5 bd_i/layer_0/inst/u_core/u_dn/p_1_out__9__11
OWNER5 bd_i/layer_0/inst/u_core/dma_kind_reg[1]_replica_7/CE
OWNER5 bd_i/layer_0/inst/u_core/dma_slot_reg_replica_9/CE
OWNER5 bd_i/layer_0/inst/u_core/u_dn/g_lane[123].kvm_acc_reg[123]
OWNER5 bd_i/layer_0/inst/u_core/u_dn/p_0_out__10__6
OWNER5 bd_i/layer_0/inst/u_core/u_dn/p_1_out__0__9
OWNER5 bd_i/layer_0/inst/u_core/u_dma/fmem_reg_0_255_493_493
OWNER5 bd_i/layer_0/inst/u_core/u_attn/g_lane[155].pv_p_reg[155]
OWNER5 bd_i/layer_0/inst/u_core/u_dn/g_lane[108].kvm_acc_reg[108]
OWNER5 bd_i/layer_0/inst/u_core/u_attn/g_lane[238].prod_reg[238]
OWNER5 bd_i/layer_0/inst/u_core/g_kvslot[1].mem_reg_uram_13/CAS_IN_DIN_B[50]
OWNER5 bd_i/layer_0/inst/u_core/u_dn/p_0_out__3__13
OWNER5 bd_i/layer_0/inst/u_core/u_dma/fmem_reg_0_255_359_359
OWNER5 bd_i/layer_0/inst/u_core/u_dn/p_0_out__4__3
OWNER5 bd_i/layer_0/inst/u_core/u_attn/g_lane[25].prod_reg[25]_i_8_psdsp
OWNER5 bd_i/layer_0/inst/u_core/u_dn/g_lane[88].dec_p_reg[88]
OWNER5 bd_i/layer_0/inst/u_core/u_dma/fmem_reg_0_255_8_8
OWNER5 bd_i/layer_0/inst/u_core/u_attn/acc_en_r_reg[3]_replica
OWNER5 bd_i/layer_0/inst/u_core/u_dn/g_lane[26].kvm_acc_reg[26]
OWNER5 bd_i/layer_0/inst/u_core/u_attn/g_lane[137].pv_p_reg[137]
OWNER5 bd_i/layer_0/inst/u_core/u_dma/fmem_reg_0_255_415_415
OWNER5 bd_i/layer_0/inst/u_core/u_dma/fmem_reg_0_255_415_415
OWNER5 bd_i/layer_0/inst/u_core/u_attn/g_lane[64].prod_reg[64]
OWNER5 bd_i/layer_0/inst/u_core/u_dma/fmem_reg_0_255_119_119
OWNER5 bd_i/layer_0/inst/u_core/krow_reg[530]/D
OWNER5 bd_i/layer_0/inst/u_core/u_attn/g_lane[154].pv_p_reg[154]
OWNER5 bd_i/layer_0/inst/u_core/u_dn/p_0_out__2__7
OWNER5 bd_i/layer_0/inst/u_core/u_dn/g_lane[121].dm_p_reg[121]
OWNER5 bd_i/layer_0/inst/u_core/u_dn/g_lane[17].kvm_acc_reg[17]
OWNER5 bd_i/layer_0/inst/u_core/u_attn/o_g8_reg[30][25]
OWNER5 bd_i/layer_0/inst/u_core/cs_wd_reg[22]/CE
OWNER5 bd_i/layer_0/inst/u_core/cs_wd_reg[26]/CE
OWNER5 bd_i/layer_0/inst/u_core/u_attn/g_lane[70].pv_p_reg[70]
OWNER5 bd_i/layer_0/inst/u_core/u_attn/dot_reg[16]
OWNER5 bd_i/layer_0/inst/u_core/u_dma/fmem_reg_0_255_354_354
OWNER5 bd_i/layer_0/inst/u_core/u_dn/p_1_out__4__18
OWNER5 bd_i/layer_0/inst/u_core/u_dma/fmem_reg_0_255_401_401
OWNER5 bd_i/layer_0/inst/u_core/u_dma/fmem_reg_0_255_493_493
OWNER5 bd_i/layer_0/inst/u_core/u_alu/ps_rnd_reg[33]
OWNER5 bd_i/layer_0/inst/u_core/u_attn/g_lane[64].prod_reg[64]
OWNER5 bd_i/layer_0/inst/u_core/u_dma/fmem_reg_0_255_43_43
OWNER5 bd_i/layer_0/inst/u_core/u_attn/g_lane[228].pv_p_reg[228]
OWNER5 bd_i/layer_0/inst/u_core/u_dn/p_1_out__8__6
OWNER5 bd_i/layer_0/inst/u_core/u_attn/g_lane[189].pv_p_reg[189]_i_1_psdsp_1
OWNER5 bd_i/layer_0/inst/u_core/u_dn/g_lane[72].dec_p_reg[72]
OWNER5 bd_i/layer_0/inst/u_core/u_dn/p_1_out__7__15
OWNER5 bd_i/layer_0/inst/u_core/u_dma/fmem_reg_0_255_483_483
OWNER5 bd_i/layer_0/inst/u_core/u_attn/dot_reg[15]
OWNER5 bd_i/layer_0/inst/u_core/u_topk/sel_reg[40]
OWNER5 bd_i/layer_0/inst/u_core/u_dn/g_lane[1].o_acc_reg[1]
OWNER5 bd_i/layer_0/inst/u_core/u_topk/ent_reg[20][11]
OWNER5 bd_i/layer_0/inst/u_core/u_topk/ent_reg[20][15]
OWNER5 bd_i/layer_0/inst/u_core/u_dma/fmem_reg_0_255_273_273
OWNER5 bd_i/layer_0/inst/u_core/u_attn/g_lane[26].prod_reg[26]_i_6_psdsp_1
OWNER5 bd_i/layer_0/inst/u_core/u_dma/fmem_reg_0_255_359_359
OWNER5 bd_i/layer_0/inst/u_core/g_kvslot[1].mem_reg_uram_13/CAS_IN_DIN_B[32]
OWNER5 bd_i/layer_0/inst/u_core/u_dn/p_1_out__4__8
OWNER5 bd_i/layer_0/inst/u_core/u_attn/g_lane[25].prod_reg[25]_i_2_psdsp_1
OWNER5 bd_i/layer_0/inst/u_core/u_attn/g_lane[82].pv_p_reg[82]
OWNER5 bd_i/layer_0/inst/u_core/krow_reg[706]/D
OWNER5 bd_i/layer_0/inst/u_core/u_attn/dot_reg[13]
OWNER5 bd_i/layer_0/inst/u_core/krow_reg[528]/D
OWNER5 bd_i/layer_0/inst/u_core/u_attn/g_lane[51].pv_p_reg[51]
OWNER5 bd_i/layer_0/inst/u_core/krow_reg[1975]/D
OWNER5 bd_i/layer_0/inst/u_core/krow_reg[815]/D
OWNER5 bd_i/layer_0/inst/u_core/u_attn/g_lane[234].prod_reg[234]
OWNER5 bd_i/layer_0/inst/u_core/krow_reg[433]/R
OWNER5 bd_i/layer_0/inst/u_core/krow_reg[435]/R
OWNER5 bd_i/layer_0/inst/u_core/krow_reg[436]/R
OWNER5 bd_i/layer_0/inst/u_core/krow_reg[437]/R
OWNER5 bd_i/layer_0/inst/u_core/krow_reg[438]/R
OWNER5 bd_i/layer_0/inst/u_core/u_dn/g_lane[108].dec_p_reg[108]
OWNER5 bd_i/layer_0/inst/u_core/u_attn/g_lane[26].prod_reg[26]_i_6_psdsp
OWNER5 bd_i/layer_0/inst/u_core/u_dn/g_lane[110].dec_p_reg[110]
OWNER5 bd_i/layer_0/inst/u_core/u_dma/fmem_reg_0_255_75_75
OWNER5 bd_i/layer_0/inst/u_core/u_dma/fmem_reg_0_255_401_401
OWNER5 bd_i/layer_0/inst/u_core/u_dn/g_lane[94].o_acc_reg[94]
OWNER5 bd_i/layer_0/inst/u_core/u_attn/g_lane[25].prod_reg[25]_i_2_psdsp
OWNER5 bd_i/layer_0/inst/u_core/u_dma/fmem_reg_0_255_400_400
OWNER5 bd_i/layer_0/inst/u_core/u_dn/p_1_out__0__6
OWNER5 bd_i/layer_0/inst/u_core/u_dn/g_lane[76].kvm_acc_reg[76]_i_2_psdsp_54
OWNER5 bd_i/layer_0/inst/u_core/u_attn/g_lane[41].pv_p_reg[41]_i_3_psdsp_1
OWNER5 bd_i/layer_0/inst/u_core/u_attn/g_lane[185].pv_p_reg[185]
OWNER5 bd_i/layer_0/inst/u_core/u_dn/g_lane[38].sf_row_reg[38][10]
OWNER5 bd_i/layer_0/inst/u_core/u_dn/g_lane[38].sf_row_reg[38][11]
OWNER5 bd_i/layer_0/inst/u_core/u_topk/sel_reg[39]
OWNER5 bd_i/layer_0/inst/u_core/u_dma/fmem_reg_0_255_359_359
OWNER5 bd_i/layer_0/inst/u_core/u_dn/g_lane[9].o_acc_reg[9]
OWNER5 bd_i/layer_0/inst/u_core/u_dn/g_lane[26].kvm_acc_reg[26]
OWNER5 bd_i/layer_0/inst/u_core/krow_reg[544]/D
OWNER5 bd_i/layer_0/inst/u_core/u_attn/g_lane[154].pv_p_reg[154]
OWNER5 bd_i/layer_0/inst/u_core/u_dma/fmem_reg_0_255_499_499
OWNER5 bd_i/layer_0/inst/u_core/u_attn/g_lane[41].pv_p_reg[41]_i_3_psdsp
OWNER5 bd_i/layer_0/inst/u_core/u_dn/p_0_out__8__1
OWNER5 bd_i/layer_0/inst/u_core/u_dn/p_0_out__23__0
OWNER5 bd_i/layer_0/inst/u_core/smem_b_reg_bram_22/ADDRARDADDR[4]
OWNER5 bd_i/layer_0/inst/u_core/u_attn/g_lane[77].prod_reg[77]
OWNER5 bd_i/layer_0/inst/u_core/u_dn/p_1_out__26
OWNER5 bd_i/layer_0/inst/u_core/u_dn/g_lane[107].kvm_acc_reg[107]
OWNER5 bd_i/layer_0/inst/u_core/u_attn/g_lane[138].pv_p_reg[138]
OWNER5 bd_i/layer_0/inst/u_core/u_attn/g_lane[36].pv_p_reg[36]_i_5_psdsp_1
OWNER5 bd_i/layer_0/inst/u_core/u_dn/g_lane[57].p2_p_reg[57]_i_10_psdsp_2
OWNER5 bd_i/layer_0/inst/u_core/u_dn/g_lane[57].p2_p_reg[57]_i_6_psdsp_2
OWNER5 bd_i/layer_0/inst/u_core/u_dn/g_lane[57].p2_p_reg[57]_i_8_psdsp_2
OWNER5 bd_i/layer_0/inst/u_core/dma_slot_reg_replica_19/CE
OWNER5 bd_i/layer_0/inst/u_core/u_alu/r_res_reg[18]
OWNER5 bd_i/layer_0/inst/u_core/u_attn/g_lane[145].pv_p_reg[145]
OWNER5 bd_i/seq_0/inst/u_seq/pc_reg[4]/CE
OWNER5 bd_i/seq_0/inst/u_seq/pc_reg[8]/CE
OWNER5 bd_i/axi_smc/inst/s02_entry_pipeline/s02_si_converter/inst
OWNER5 bd_i/axi_smc/inst/s02_entry_pipeline/s02_si_converter/inst
OWNER5 bd_i/layer_0/inst/u_core/u_dn/g_lane[5].o_acc_reg[5]
OWNER5 bd_i/layer_0/inst/u_core/u_dn/g_lane[38].sf_row_reg[38][12]
OWNER5 bd_i/layer_0/inst/u_core/u_dn/g_lane[38].sf_row_reg[38][13]
OWNER5 bd_i/layer_0/inst/u_core/u_dn/g_lane[38].sf_row_reg[38][15]
OWNER5 bd_i/layer_0/inst/u_core/u_dn/g_lane[38].sf_row_reg[38][2]
OWNER5 bd_i/layer_0/inst/u_core/u_dn/g_lane[38].sf_row_reg[38][3]
OWNER5 bd_i/layer_0/inst/u_core/u_dn/vdata_q_reg[7]_rep__10
OWNER5 bd_i/layer_0/inst/u_core/u_attn/g_lane[82].pv_p_reg[82]
OWNER5 bd_i/layer_0/inst/u_core/u_attn/g_lane[155].pv_p_reg[155]
OWNER5 bd_i/layer_0/inst/u_core/u_attn/g_lane[97].pv_p_reg[97]
OWNER5 bd_i/layer_0/inst/u_core/u_dma/fmem_reg_0_255_75_75
OWNER5 bd_i/layer_0/inst/u_core/krow_reg[432]/D
OWNER5 bd_i/layer_0/inst/u_core/u_attn/g_lane[39].pv_p_reg[39]_i_7_psdsp
OWNER5 bd_i/layer_0/inst/u_core/u_dn/g_lane[81].dec_p_reg[81]
OWNER5 bd_i/layer_0/inst/u_core/u_attn/g_lane[154].pv_p_reg[154]
OWNER5 bd_i/layer_0/inst/u_core/u_attn/g_lane[187].pv_p_reg[187]
OWNER5 bd_i/layer_0/inst/u_core/u_dn/p_1_out__42
OWNER5 bd_i/layer_0/inst/u_core/smem_b_reg_bram_23/ADDRARDADDR[2]
OWNER5 bd_i/layer_0/inst/u_core/u_alu/ps_rnd_reg[25]
OWNER5 bd_i/layer_0/inst/u_core/u_dma/fmem_reg_0_255_499_499
OWNER5 bd_i/layer_0/inst/u_core/u_attn/aclr_r_reg[3]_replica_5
OWNER5 bd_i/layer_0/inst/u_core/smem_b_reg_bram_22/ADDRARDADDR[6]
OWNER5 bd_i/layer_0/inst/u_core/u_attn/g_lane[103].pv_p_reg[103]
OWNER5 bd_i/layer_0/inst/u_core/u_attn/g_lane[32].pv_p_reg[32]
OWNER5 bd_i/layer_0/inst/u_core/u_dma/fmem_reg_0_255_352_352
OWNER5 bd_i/layer_0/inst/u_core/u_dn/g_lane[57].p2_p_reg[57]_i_5_psdsp_2
OWNER5 bd_i/layer_0/inst/u_core/u_dn/g_lane[57].p2_p_reg[57]_i_7_psdsp_2
OWNER5 bd_i/layer_0/inst/u_core/u_dn/g_lane[57].p2_p_reg[57]_i_9_psdsp_2
OWNER5 bd_i/layer_0/inst/u_core/u_alu/ps_rnd_reg[12]
OWNER5 bd_i/layer_0/inst/u_core/u_dn/g_lane[73].kvm_acc_reg[73]
OWNER5 bd_i/layer_0/inst/u_core/u_attn/g_lane[24].prod_reg[24]_i_7_psdsp_1
OWNER5 bd_i/layer_0/inst/u_core/u_dma/fmem_reg_0_255_488_488
OWNER5 bd_i/layer_0/inst/u_core/u_dn/g_lane[60].dm_p_reg[60]
OWNER5 bd_i/layer_0/inst/u_core/u_dma/fmem_reg_0_255_92_92
OWNER5 bd_i/layer_0/inst/u_core/u_dma/fmem_reg_0_255_265_265
OWNER5 bd_i/layer_0/inst/u_core/u_dn/p_0_out__3__13
OWNER5 bd_i/layer_0/inst/u_core/g_kvslot[0].mem_reg_uram_13/CAS_IN_DIN_B[29]
OWNER5 bd_i/layer_0/inst/u_core/u_attn/g_lane[103].pv_p_reg[103]
OWNER5 bd_i/layer_0/inst/u_core/u_dn/p_0_out__4__14
OWNER5 bd_i/layer_0/inst/u_core/u_alu/ps_c4_reg[3]
OWNER5 bd_i/layer_0/inst/u_core/u_dma/fmem_reg_0_255_2_2
OWNER5 bd_i/layer_0/inst/u_core/u_dn/g_lane[110].dec_p_reg[110]
OWNER5 bd_i/layer_0/inst/u_core/u_alu/ps_rnd_reg[1]
OWNER5 bd_i/layer_0/inst/u_core/u_dma/fmem_reg_0_255_16_16
OWNER5 bd_i/layer_0/inst/u_core/u_dn/g_lane[123].kvm_acc_reg[123]
OWNER5 bd_i/layer_0/inst/u_core/u_attn/g_lane[24].prod_reg[24]_i_7_psdsp
OWNER5 bd_i/layer_0/inst/u_core/u_dn/p_1_out__18__1
OWNER5 bd_i/layer_0/inst/u_core/cs_wd_reg[27]/CE
OWNER5 bd_i/layer_0/inst/u_core/cs_wd_reg[3]/CE
OWNER5 bd_i/layer_0/inst/u_core/u_dn/p_0_out__6__4
OWNER5 bd_i/layer_0/inst/u_core/u_dma/fmem_reg_0_255_509_509
OWNER5 bd_i/layer_0/inst/u_core/u_dn/p_1_out__12__8
OWNER5 bd_i/layer_0/inst/u_core/u_dma/fmem_reg_0_255_499_499
OWNER5 bd_i/layer_0/inst/u_core/u_dn/g_lane[85].kvm_acc_reg[85]
OWNER5 bd_i/layer_0/inst/u_core/u_alu/ps_c4_reg[2]
OWNER5 bd_i/layer_0/inst/u_core/u_dn/g_lane[121].dm_p_reg[121]
OWNER5 bd_i/layer_0/inst/u_core/u_dn/g_lane[110].p2_p_reg[110]
OWNER5 bd_i/layer_0/inst/u_core/u_dn/g_lane[61].kvm_acc_reg[61]
OWNER5 bd_i/layer_0/inst/u_core/u_dn/g_lane[73].kvm_acc_reg[73]
OWNER5 bd_i/layer_0/inst/u_core/u_attn/g_lane[101].pv_p_reg[101]
OWNER5 bd_i/layer_0/inst/u_core/krow_reg[1342]/D
OWNER5 bd_i/layer_0/inst/u_core/u_dma/fmem_reg_0_255_2_2
OWNER5 bd_i/layer_0/inst/u_core/u_dn/g_lane[127].dm_p_reg[127]
OWNER5 bd_i/layer_0/inst/u_core/u_dma/fmem_reg_0_255_431_431
OWNER5 bd_i/layer_0/inst/u_core/g_dnslot[0].mem_reg_uram_27/ADDR_B[5]
OWNER5 bd_i/layer_0/inst/u_core/g_dnslot[0].mem_reg_uram_27/DIN_B[12]
OWNER5 bd_i/layer_0/inst/u_core/u_attn/g_lane[81].pv_p_reg[81]
OWNER5 bd_i/layer_0/inst/u_core/u_attn/g_lane[133].prod_reg[133]
OWNER5 bd_i/layer_0/inst/u_core/u_dn/p_1_out__2__6
OWNER5 bd_i/layer_0/inst/u_core/u_dma/fmem_reg_0_255_8_8
OWNER5 bd_i/layer_0/inst/u_core/u_dn/g_lane[30].o_acc_reg[30]
OWNER5 bd_i/layer_0/inst/u_core/u_dma/fmem_reg_0_255_119_119
OWNER5 bd_i/layer_0/inst/u_core/u_attn/g_lane[83].pv_p_reg[83]
OWNER5 bd_i/layer_0/inst/u_core/u_dma/fmem_reg_0_255_265_265
OWNER5 bd_i/layer_0/inst/u_core/u_dn/g_lane[71].dec_p_reg[71]
OWNER5 bd_i/layer_0/inst/u_core/u_dn/p_0_out__12__4
OWNER5 bd_i/layer_0/inst/u_core/u_dn/g_lane[63].dm_p_reg[63]
OWNER5 bd_i/layer_0/inst/u_core/u_dn/g_lane[36].dm_p_reg[36]
OWNER5 bd_i/layer_0/inst/u_core/u_attn/g_lane[82].pv_p_reg[82]
OWNER5 bd_i/layer_0/inst/u_core/u_attn/g_lane[105].prod_reg[105]
OWNER5 bd_i/layer_0/inst/u_core/u_attn/g_lane[34].prod_reg[34]
OWNER5 bd_i/layer_0/inst/u_core/u_dn/p_1_out__6__16
OWNER5 bd_i/layer_0/inst/u_core/u_attn/g_lane[32].pv_p_reg[32]
OWNER5 bd_i/layer_0/inst/u_core/u_attn/g_lane[234].prod_reg[234]
OWNER5 bd_i/layer_0/inst/u_core/u_dma/fmem_reg_0_255_500_500
OWNER5 bd_i/layer_0/inst/u_core/g_kvslot[0].mem_reg_uram_27/CAS_IN_DIN_B[44]
OWNER5 bd_i/layer_0/inst/u_core/u_alu/r_res_reg[26]
OWNER5 bd_i/layer_0/inst/u_core/u_attn/g_lane[232].pv_p_reg[232]
OWNER5 bd_i/layer_0/inst/u_core/krow_reg[434]/D
OWNER5 bd_i/layer_0/inst/u_core/u_dma/fmem_reg_0_255_509_509
OWNER5 bd_i/layer_0/inst/u_core/u_alu/ps_rnd_reg[20]
OWNER5 bd_i/layer_0/inst/u_core/u_attn/g_lane[154].pv_p_reg[154]
OWNER5 bd_i/layer_0/inst/u_core/g_kvslot[0].mem_reg_uram_27/CAS_IN_DIN_B[19]
OWNER5 bd_i/layer_0/inst/u_core/u_attn/g_lane[101].pv_p_reg[101]
OWNER5 bd_i/layer_0/inst/u_core/u_dn/p_1_out__22__1
OWNER5 bd_i/layer_0/inst/u_core/u_attn/o_g8_reg[25][20]
OWNER5 bd_i/layer_0/inst/u_core/smem_b_reg_bram_22/ADDRARDADDR[0]
OWNER5 bd_i/layer_0/inst/u_core/g_kvslot[1].mem_reg_uram_25/CAS_IN_ADDR_A[12]
OWNER5 bd_i/layer_0/inst/u_core/g_kvslot[1].mem_reg_uram_53/CAS_IN_ADDR_B[6]
OWNER5 bd_i/layer_0/inst/u_core/u_dma/fmem_reg_0_255_273_273
OWNER5 bd_i/layer_0/inst/u_core/u_dma/fmem_reg_0_255_2_2
OWNER5 bd_i/layer_0/inst/u_core/u_attn/g_lane[64].prod_reg[64]
OWNER5 bd_i/layer_0/inst/u_core/u_attn/g_lane[97].pv_p_reg[97]
OWNER5 bd_i/layer_0/inst/u_core/at_qdata_reg[5]/CE
OWNER5 bd_i/layer_0/inst/u_core/u_dma/fmem_reg_0_255_431_431
OWNER5 bd_i/layer_0/inst/u_core/u_dma/fmem_reg_0_255_118_118
OWNER5 bd_i/layer_0/inst/u_core/u_dn/g_lane[88].dec_p_reg[88]
OWNER5 bd_i/layer_0/inst/u_core/u_dn/g_lane[121].kvm_acc_reg[121]
OWNER5 bd_i/layer_0/inst/u_core/u_alu/r_res_reg[8]
OWNER5 bd_i/layer_0/inst/u_core/u_dn/g_lane[125].dec_p_reg[125]
OWNER5 bd_i/layer_0/inst/u_core/u_dn/g_lane[125].dec_p_reg[125]
OWNER5 bd_i/layer_0/inst/u_core/u_dn/g_lane[125].dec_p_reg[125]
OWNER5 bd_i/layer_0/inst/u_core/u_dn/g_lane[125].dec_p_reg[125]
OWNER5 bd_i/layer_0/inst/u_core/u_dn/g_lane[125].dec_p_reg[125]
OWNER5 bd_i/layer_0/inst/u_core/u_dn/g_lane[125].dec_p_reg[125]
OWNER5 bd_i/layer_0/inst/u_core/u_dn/g_lane[125].dec_p_reg[125]
OWNER5 bd_i/layer_0/inst/u_core/u_dn/g_lane[125].dec_p_reg[125]
OWNER5 bd_i/layer_0/inst/u_core/u_dn/g_lane[125].dec_p_reg[125]
OWNER5 bd_i/layer_0/inst/u_core/u_dn/g_lane[125].dec_p_reg[125]
OWNER5 bd_i/layer_0/inst/u_core/u_dn/g_lane[125].dec_p_reg[125]
OWNER5 bd_i/layer_0/inst/u_core/u_dn/g_lane[125].dec_p_reg[125]
OWNER5 bd_i/layer_0/inst/u_core/u_dn/g_lane[125].dec_p_reg[125]
OWNER5 bd_i/layer_0/inst/u_core/u_dn/g_lane[125].dec_p_reg[125]
OWNER5 bd_i/layer_0/inst/u_core/u_dn/g_lane[125].dec_p_reg[125]
OWNER5 bd_i/layer_0/inst/u_core/u_dn/g_lane[125].dec_p_reg[125]
OWNER5 bd_i/layer_0/inst/u_core/u_dn/g_lane[125].dec_p_reg[125]
OWNER5 bd_i/layer_0/inst/u_core/u_dn/g_lane[125].dec_p_reg[125]
OWNER5 bd_i/layer_0/inst/u_core/u_dn/g_lane[125].dec_p_reg[125]
OWNER5 bd_i/layer_0/inst/u_core/u_dn/g_lane[125].dec_p_reg[125]
OWNER5 bd_i/layer_0/inst/u_core/u_dn/g_lane[125].dec_p_reg[125]
OWNER5 bd_i/layer_0/inst/u_core/u_dn/g_lane[125].dec_p_reg[125]
OWNER5 bd_i/layer_0/inst/u_core/u_dn/g_lane[125].dec_p_reg[125]
OWNER5 bd_i/layer_0/inst/u_core/u_dn/g_lane[125].dec_p_reg[125]
OWNER5 bd_i/layer_0/inst/u_core/u_dn/g_lane[125].dec_p_reg[125]
OWNER5 bd_i/layer_0/inst/u_core/u_dn/g_lane[125].dec_p_reg[125]
OWNER5 bd_i/layer_0/inst/u_core/u_dn/g_lane[125].dec_p_reg[125]
OWNER5 bd_i/layer_0/inst/u_core/u_dn/g_lane[125].dec_p_reg[125]
OWNER5 bd_i/layer_0/inst/u_core/u_dn/g_lane[125].dec_p_reg[125]
OWNER5 bd_i/layer_0/inst/u_core/u_dn/g_lane[125].dec_p_reg[125]
OWNER5 bd_i/layer_0/inst/u_core/u_dn/g_lane[125].dec_p_reg[125]
OWNER5 bd_i/layer_0/inst/u_core/u_dn/g_lane[125].dec_p_reg[125]
OWNER5 bd_i/layer_0/inst/u_core/u_dn/g_lane[125].dec_p_reg[125]
OWNER5 bd_i/layer_0/inst/u_core/u_dn/g_lane[125].dec_p_reg[125]
OWNER5 bd_i/layer_0/inst/u_core/u_dn/g_lane[125].dec_p_reg[125]
OWNER5 bd_i/layer_0/inst/u_core/u_dn/g_lane[125].dec_p_reg[125]
OWNER5 bd_i/layer_0/inst/u_core/u_dn/g_lane[125].dec_p_reg[125]
OWNER5 bd_i/layer_0/inst/u_core/u_dn/g_lane[125].dec_p_reg[125]
OWNER5 bd_i/layer_0/inst/u_core/u_dn/g_lane[125].dec_p_reg[125]
OWNER5 bd_i/layer_0/inst/u_core/u_dn/g_lane[125].dec_p_reg[125]
OWNER5 bd_i/layer_0/inst/u_core/u_attn/g_lane[101].pv_p_reg[101]
OWNER5 bd_i/layer_0/inst/u_core/u_attn/g_lane[64].prod_reg[64]
OWNER5 bd_i/layer_0/inst/u_core/u_dma/fmem_reg_0_255_385_385
OWNER5 bd_i/layer_0/inst/u_core/u_attn/g_lane[105].prod_reg[105]
OWNER5 bd_i/layer_0/inst/u_core/u_dn/p_0_out__7__11
OWNER5 bd_i/layer_0/inst/u_core/u_dma/fmem_reg_0_255_2_2
OWNER5 bd_i/layer_0/inst/u_core/u_dn/g_lane[3].o_acc_reg[3]
OWNER5 bd_i/layer_0/inst/u_core/u_attn/dot_reg[14]
OWNER5 bd_i/layer_0/inst/u_core/u_dma/fmem_reg_0_255_70_70
OWNER5 bd_i/layer_0/inst/u_core/g_kvslot[0].mem_reg_uram_27/CAS_IN_DIN_B[38]
OWNER5 bd_i/layer_0/inst/u_core/u_attn/g_lane[32].pv_p_reg[32]
OWNER5 bd_i/layer_0/inst/u_core/u_dn/p_1_out__25
OWNER5 bd_i/layer_0/inst/u_core/u_dn/p_1_out__0__6
OWNER5 bd_i/layer_0/inst/u_core/g_kvslot[0].mem_reg_uram_27/CAS_IN_DIN_B[24]
OWNER5 bd_i/layer_0/inst/u_core/smem_a_reg_bram_26/ENARDEN
OWNER5 bd_i/layer_0/inst/u_core/u_alu/r_res_reg[17]
OWNER5 bd_i/layer_0/inst/u_core/u_dn/g_lane[124].o_acc_reg[124]
OWNER5 bd_i/layer_0/inst/u_core/u_dn/p_0_out__6__9
OWNER5 bd_i/layer_0/inst/u_core/u_attn/g_lane[97].pv_p_reg[97]
OWNER5 bd_i/layer_0/inst/u_core/u_dn/p_1_out__25__5
OWNER5 bd_i/layer_0/inst/u_core/u_attn/g_lane[32].prod_reg[32]
OWNER5 bd_i/layer_0/inst/u_core/u_dma/fmem_reg_0_255_32_32
OWNER5 bd_i/layer_0/inst/u_core/u_dn/g_lane[110].dec_p_reg[110]
OWNER5 bd_i/layer_0/inst/u_core/u_attn/g_lane[44].prod_reg[44]_i_4_psdsp_1
OWNER5 bd_i/layer_0/inst/u_core/u_dn/g_lane[121].kvm_acc_reg[121]
OWNER5 bd_i/layer_0/inst/u_core/u_dn/p_1_out__14__3
OWNER5 bd_i/layer_0/inst/u_core/u_dn/p_0_out__6__15
OWNER5 bd_i/layer_0/inst/u_core/u_dn/p_0_out__6__15
OWNER5 bd_i/layer_0/inst/u_core/u_dn/p_0_out__6__15
OWNER5 bd_i/layer_0/inst/u_core/u_dn/p_0_out__6__15
OWNER5 bd_i/layer_0/inst/u_core/u_dn/p_0_out__6__15
OWNER5 bd_i/layer_0/inst/u_core/u_dn/p_0_out__6__15
OWNER5 bd_i/layer_0/inst/u_core/u_dn/p_0_out__6__15
OWNER5 bd_i/layer_0/inst/u_core/u_dn/p_0_out__6__15
OWNER5 bd_i/layer_0/inst/u_core/u_dn/p_0_out__6__15
OWNER5 bd_i/layer_0/inst/u_core/u_dn/p_0_out__6__15
OWNER5 bd_i/layer_0/inst/u_core/u_dn/p_0_out__6__15
OWNER5 bd_i/layer_0/inst/u_core/u_dn/p_0_out__6__15
OWNER5 bd_i/layer_0/inst/u_core/u_dn/p_0_out__6__15
OWNER5 bd_i/layer_0/inst/u_core/u_dn/p_0_out__6__15
OWNER5 bd_i/layer_0/inst/u_core/u_dn/p_0_out__6__15
OWNER5 bd_i/layer_0/inst/u_core/u_dn/p_0_out__6__15
OWNER5 bd_i/layer_0/inst/u_core/u_dn/p_0_out__6__15
OWNER5 bd_i/layer_0/inst/u_core/u_dn/p_0_out__6__15
OWNER5 bd_i/layer_0/inst/u_core/u_dn/p_0_out__6__15
OWNER5 bd_i/layer_0/inst/u_core/u_dn/p_0_out__6__15
OWNER5 bd_i/layer_0/inst/u_core/u_dn/p_0_out__6__15
OWNER5 bd_i/layer_0/inst/u_core/u_dn/p_0_out__6__15
OWNER5 bd_i/layer_0/inst/u_core/u_dn/p_0_out__6__15
OWNER5 bd_i/layer_0/inst/u_core/u_dn/p_0_out__6__15
OWNER5 bd_i/layer_0/inst/u_core/u_dn/p_0_out__6__15
OWNER5 bd_i/layer_0/inst/u_core/u_dn/p_0_out__6__15
OWNER5 bd_i/layer_0/inst/u_core/u_dn/p_0_out__6__15
OWNER5 bd_i/layer_0/inst/u_core/u_dn/p_0_out__6__15
OWNER5 bd_i/layer_0/inst/u_core/u_dn/p_0_out__6__15
OWNER5 bd_i/layer_0/inst/u_core/u_dn/p_0_out__6__15
OWNER5 bd_i/layer_0/inst/u_core/u_dn/p_0_out__6__15
OWNER5 bd_i/layer_0/inst/u_core/u_dn/p_0_out__6__15
OWNER5 bd_i/layer_0/inst/u_core/u_dn/p_0_out__6__15
OWNER5 bd_i/layer_0/inst/u_core/u_dn/p_0_out__6__15
OWNER5 bd_i/layer_0/inst/u_core/u_dn/p_0_out__6__15
OWNER5 bd_i/layer_0/inst/u_core/u_dn/p_0_out__6__15
OWNER5 bd_i/layer_0/inst/u_core/u_dn/p_0_out__6__15
OWNER5 bd_i/layer_0/inst/u_core/u_dn/p_0_out__6__15
OWNER5 bd_i/layer_0/inst/u_core/u_dn/p_0_out__6__15
OWNER5 bd_i/layer_0/inst/u_core/u_dn/p_0_out__6__15
OWNER5 bd_i/layer_0/inst/u_core/u_dn/p_1_out__7__4
OWNER5 bd_i/layer_0/inst/u_core/cw_wd_reg[18]/CE
OWNER5 bd_i/layer_0/inst/u_core/u_dma/fmem_reg_0_255_2_2
OWNER5 bd_i/layer_0/inst/u_core/u_attn/g_lane[188].pv_p_reg[188]
OWNER5 bd_i/layer_0/inst/u_core/u_attn/g_lane[63].pv_p_reg[63]
OWNER5 bd_i/layer_0/inst/u_core/u_dma/fmem_reg_0_255_241_241
OWNER5 bd_i/layer_0/inst/u_core/u_attn/g_lane[173].prod_reg[173]
OWNER5 bd_i/layer_0/inst/u_core/u_dma/fmem_reg_0_255_488_488
OWNER5 bd_i/axi_smc/inst/s02_entry_pipeline/s02_si_converter/inst
OWNER5 bd_i/layer_0/inst/u_core/u_dn/p_1_out__18__3
OWNER5 bd_i/layer_0/inst/u_core/u_dn/p_1_out__18__3
OWNER5 bd_i/layer_0/inst/u_core/u_dn/p_1_out__18__3
OWNER5 bd_i/layer_0/inst/u_core/u_dn/p_1_out__18__3
OWNER5 bd_i/layer_0/inst/u_core/u_dn/p_1_out__18__3
OWNER5 bd_i/layer_0/inst/u_core/u_dn/p_1_out__18__3
OWNER5 bd_i/layer_0/inst/u_core/u_dn/p_1_out__18__3
OWNER5 bd_i/layer_0/inst/u_core/u_dn/p_1_out__18__3
OWNER5 bd_i/layer_0/inst/u_core/u_dn/p_1_out__18__3
OWNER5 bd_i/layer_0/inst/u_core/u_dn/p_1_out__18__3
OWNER5 bd_i/layer_0/inst/u_core/u_dn/p_1_out__18__3
OWNER5 bd_i/layer_0/inst/u_core/u_dn/p_1_out__18__3
OWNER5 bd_i/layer_0/inst/u_core/u_dn/p_1_out__18__3
OWNER5 bd_i/layer_0/inst/u_core/u_dn/p_1_out__18__3
OWNER5 bd_i/layer_0/inst/u_core/u_dn/p_1_out__18__3
OWNER5 bd_i/layer_0/inst/u_core/u_dn/p_1_out__18__3
OWNER5 bd_i/layer_0/inst/u_core/u_dn/p_1_out__18__3
OWNER5 bd_i/layer_0/inst/u_core/u_dn/p_1_out__18__3
OWNER5 bd_i/layer_0/inst/u_core/u_dn/p_1_out__18__3
OWNER5 bd_i/layer_0/inst/u_core/u_dn/p_1_out__18__3
OWNER5 bd_i/layer_0/inst/u_core/u_dn/p_1_out__18__3
OWNER5 bd_i/layer_0/inst/u_core/u_dn/p_1_out__18__3
OWNER5 bd_i/layer_0/inst/u_core/u_dn/p_1_out__18__3
OWNER5 bd_i/layer_0/inst/u_core/u_dn/p_1_out__18__3
OWNER5 bd_i/layer_0/inst/u_core/u_dn/p_1_out__18__3
OWNER5 bd_i/layer_0/inst/u_core/u_dn/p_1_out__18__3
OWNER5 bd_i/layer_0/inst/u_core/u_dn/p_1_out__18__3
OWNER5 bd_i/layer_0/inst/u_core/u_dn/p_1_out__18__3
OWNER5 bd_i/layer_0/inst/u_core/u_dn/p_1_out__18__3
OWNER5 bd_i/layer_0/inst/u_core/u_dn/p_1_out__18__3
OWNER5 bd_i/layer_0/inst/u_core/u_dn/p_1_out__18__3
OWNER5 bd_i/layer_0/inst/u_core/u_dn/p_1_out__18__3
OWNER5 bd_i/layer_0/inst/u_core/u_dn/p_1_out__18__3
OWNER5 bd_i/layer_0/inst/u_core/u_dn/p_1_out__18__3
OWNER5 bd_i/layer_0/inst/u_core/u_dn/p_1_out__12
OWNER5 bd_i/layer_0/inst/u_core/u_dn/p_1_out__12
OWNER5 bd_i/layer_0/inst/u_core/u_dn/g_lane[117].dm_p_reg[117]
OWNER5 bd_i/layer_0/inst/u_core/u_dn/g_lane[73].kvm_acc_reg[73]
OWNER5 bd_i/layer_0/inst/u_core/u_dn/g_lane[67].dec_p_reg[67]
OWNER5 bd_i/layer_0/inst/u_core/u_dn/g_lane[110].dec_p_reg[110]
OWNER5 bd_i/layer_0/inst/u_core/u_dn/g_lane[17].kvm_acc_reg[17]
OWNER5 bd_i/layer_0/inst/u_core/u_dma/fmem_reg_0_255_70_70
OWNER5 bd_i/layer_0/inst/u_core/u_dma/fmem_reg_0_255_16_16
OWNER5 bd_i/layer_0/inst/u_core/u_dn/g_lane[121].kvm_acc_reg[121]
OWNER5 bd_i/layer_0/inst/u_core/u_dn/p_1_out__6__16
OWNER5 bd_i/layer_0/inst/u_core/u_attn/g_lane[101].pv_p_reg[101]
OWNER5 bd_i/layer_0/inst/u_core/krow_reg[1869]/D
OWNER5 bd_i/layer_0/inst/u_core/u_dn/g_lane[107].kvm_acc_reg[107]
OWNER5 bd_i/layer_0/inst/u_core/u_dn/g_lane[60].dm_p_reg[60]
OWNER5 bd_i/layer_0/inst/u_core/u_dma/fmem_reg_0_255_32_32
OWNER5 bd_i/layer_0/inst/u_core/u_dn/g_lane[71].kvm_acc_reg[71]
OWNER5 bd_i/layer_0/inst/u_core/u_attn/g_lane[70].pv_p_reg[70]
OWNER5 bd_i/layer_0/inst/u_core/u_dn/g_lane[19].dec_p_reg[19]
OWNER5 bd_i/layer_0/inst/u_core/u_dn/g_lane[120].kvm_acc_reg[120]
OWNER5 bd_i/layer_0/inst/u_core/u_dn/g_lane[1].o_acc_reg[1]
OWNER5 bd_i/layer_0/inst/u_core/u_dn/o_g8_reg[10][29]
OWNER5 bd_i/layer_0/inst/u_core/u_dn/g_lane[121].kvm_acc_reg[121]
OWNER5 bd_i/layer_0/inst/u_core/u_dma/fmem_reg_0_255_391_391
OWNER5 bd_i/layer_0/inst/u_core/u_dma/fmem_reg_0_255_241_241
OWNER5 bd_i/layer_0/inst/u_core/u_attn/g_lane[242].prod_reg[242]
OWNER5 bd_i/layer_0/inst/u_core/u_dn/g_lane[78].p2_p_reg[78]_i_4_psdsp
OWNER5 bd_i/layer_0/inst/u_core/u_dn/p_1_out__11__2
OWNER5 bd_i/layer_0/inst/u_core/u_dma/fmem_reg_0_255_409_409
OWNER5 bd_i/layer_0/inst/u_core/u_dn/g_lane[17].kvm_acc_reg[17]
OWNER5 bd_i/layer_0/inst/u_core/u_dma/fmem_reg_0_255_268_268
OWNER5 bd_i/layer_0/inst/u_core/u_dma/fmem_reg_0_255_268_268
OWNER5 bd_i/layer_0/inst/u_core/eng_sa_reg[12]/CE
OWNER5 bd_i/layer_0/inst/u_core/eng_sa_reg[2]/CE
OWNER5 bd_i/layer_0/inst/u_core/u_attn/g_lane[34].prod_reg[34]
OWNER5 bd_i/layer_0/inst/u_core/u_dma/fmem_reg_0_255_456_456
OWNER5 bd_i/layer_0/inst/u_core/u_dma/fmem_reg_0_255_117_117
OWNER5 bd_i/layer_0/inst/u_core/u_dma/fmem_reg_0_255_348_348
OWNER5 bd_i/layer_0/inst/u_core/u_dn/p_1_out__9__11
OWNER5 bd_i/layer_0/inst/u_core/u_dn/g_lane[78].p2_p_reg[78]_i_3_psdsp
OWNER5 bd_i/layer_0/inst/u_core/u_attn/g_lane[38].pv_p_reg[38]_i_4_psdsp_1
OWNER5 bd_i/layer_0/inst/u_core/u_dn/p_1_out__9__6
OWNER5 bd_i/layer_0/inst/u_core/u_dn/p_1_out__9__6
OWNER5 bd_i/layer_0/inst/u_core/u_dn/p_1_out__9__6
OWNER5 bd_i/layer_0/inst/u_core/u_dn/p_1_out__9__6
OWNER5 bd_i/layer_0/inst/u_core/u_dn/p_1_out__9__6
OWNER5 bd_i/layer_0/inst/u_core/u_dn/p_1_out__9__6
OWNER5 bd_i/layer_0/inst/u_core/u_dn/p_1_out__9__6
OWNER5 bd_i/layer_0/inst/u_core/u_dn/p_1_out__9__6
OWNER5 bd_i/layer_0/inst/u_core/u_dn/p_1_out__9__6
OWNER5 bd_i/layer_0/inst/u_core/u_dn/p_1_out__9__6
OWNER5 bd_i/layer_0/inst/u_core/u_dn/p_1_out__9__6
OWNER5 bd_i/layer_0/inst/u_core/u_dn/p_1_out__9__6
OWNER5 bd_i/layer_0/inst/u_core/u_dn/p_1_out__9__6
OWNER5 bd_i/layer_0/inst/u_core/u_dn/p_1_out__9__6
OWNER5 bd_i/layer_0/inst/u_core/u_dn/p_1_out__9__6
OWNER5 bd_i/layer_0/inst/u_core/u_dn/p_1_out__9__6
OWNER5 bd_i/layer_0/inst/u_core/u_dn/p_1_out__9__6
OWNER5 bd_i/layer_0/inst/u_core/u_dn/p_1_out__9__6
OWNER5 bd_i/layer_0/inst/u_core/u_dn/p_1_out__9__6
OWNER5 bd_i/layer_0/inst/u_core/u_dn/p_1_out__9__6
OWNER5 bd_i/layer_0/inst/u_core/u_dn/p_1_out__9__6
OWNER5 bd_i/layer_0/inst/u_core/u_dn/p_1_out__9__6
OWNER5 bd_i/layer_0/inst/u_core/u_dn/p_1_out__9__6
OWNER5 bd_i/layer_0/inst/u_core/u_dn/p_1_out__9__6
OWNER5 bd_i/layer_0/inst/u_core/u_dn/p_1_out__9__6
OWNER5 bd_i/layer_0/inst/u_core/u_dn/p_1_out__9__6
OWNER5 bd_i/layer_0/inst/u_core/u_dn/p_1_out__9__6
OWNER5 bd_i/layer_0/inst/u_core/u_dn/p_1_out__9__6
OWNER5 bd_i/layer_0/inst/u_core/u_dn/p_1_out__9__6
OWNER5 bd_i/layer_0/inst/u_core/u_dn/p_1_out__9__6
OWNER5 bd_i/layer_0/inst/u_core/u_dn/p_1_out__9__6
OWNER5 bd_i/layer_0/inst/u_core/u_dn/p_1_out__9__6
OWNER5 bd_i/layer_0/inst/u_core/u_dn/p_1_out__9__6
OWNER5 bd_i/layer_0/inst/u_core/u_dn/p_1_out__9__6
OWNER5 bd_i/layer_0/inst/u_core/u_dn/p_1_out__9__6
OWNER5 bd_i/layer_0/inst/u_core/u_dn/p_1_out__9__6
OWNER5 bd_i/layer_0/inst/u_core/u_dn/p_1_out__9__6
OWNER5 bd_i/layer_0/inst/u_core/u_dn/p_1_out__9__6
OWNER5 bd_i/layer_0/inst/u_core/u_dn/p_1_out__9__6
OWNER5 bd_i/layer_0/inst/u_core/u_dn/p_1_out__9__6
OWNER5 bd_i/layer_0/inst/u_core/u_attn/g_lane[103].pv_p_reg[103]
OWNER5 bd_i/layer_0/inst/u_core/u_dn/g_lane[57].p2_p_reg[57]_i_15_psdsp_4
OWNER5 bd_i/layer_0/inst/u_core/u_dn/g_lane[43].kvm_acc_reg[43]
OWNER5 bd_i/layer_0/inst/u_core/u_dn/p_1_out__6__15
OWNER5 bd_i/axi_smc/inst/s02_entry_pipeline/s02_si_converter/inst
OWNER5 bd_i/layer_0/inst/u_core/u_dma/fmem_reg_0_255_409_409
OWNER5 bd_i/layer_0/inst/u_core/u_attn/g_lane[104].pv_p_reg[104]
OWNER5 bd_i/layer_0/inst/u_core/dma_kind_reg[1]_replica_2/CE
OWNER5 bd_i/layer_0/inst/u_core/smem_a_reg_bram_14/ADDRARDADDR[8]
OWNER5 bd_i/layer_0/inst/u_core/krow_reg[1870]/D
OWNER5 bd_i/layer_0/inst/u_core/u_alu/r_res_reg[50]
OWNER5 bd_i/layer_0/inst/u_core/u_attn/g_lane[77].prod_reg[77]
OWNER5 bd_i/layer_0/inst/u_core/u_dn/g_lane[117].kvm_acc_reg[117]
OWNER5 bd_i/layer_0/inst/u_core/u_dn/p_1_out__5__14
OWNER5 bd_i/layer_0/inst/u_core/u_dn/g_lane[26].kvm_acc_reg[26]
OWNER5 bd_i/layer_0/inst/u_core/u_dn/g_lane[118].dec_p_reg[118]
OWNER5 bd_i/layer_0/inst/u_core/krow_reg[896]/D
OWNER5 bd_i/layer_0/inst/u_core/u_dma/fmem_reg_0_255_482_482
OWNER5 bd_i/layer_0/inst/u_core/u_attn/g_lane[33].prod_reg[33]
OWNER5 bd_i/layer_0/inst/u_core/u_dma/fmem_reg_0_255_507_507
OWNER5 bd_i/layer_0/inst/u_core/u_dma/fmem_reg_0_255_348_348
OWNER5 bd_i/layer_0/inst/u_core/u_dn/p_1_out__4__4
OWNER5 bd_i/layer_0/inst/u_core/u_dn/g_lane[110].dec_p_reg[110]
OWNER5 bd_i/layer_0/inst/u_core/u_attn/g_lane[63].pv_p_reg[63]
OWNER5 bd_i/layer_0/inst/u_core/u_attn/g_lane[21].pv_p_reg[21]_i_2_psdsp_1
OWNER5 bd_i/layer_0/inst/u_core/u_dn/p_0_out__17__1
OWNER5 bd_i/layer_0/inst/u_core/u_dn/g_lane[86].dm_p_reg[86]
OWNER5 bd_i/layer_0/inst/u_core/u_attn/g_lane[4].pv_p_reg[4]
OWNER5 bd_i/layer_0/inst/u_core/u_alu/ps_rnd_reg[15]
OWNER5 bd_i/axi_smc/inst/s02_entry_pipeline/s02_si_converter/inst
OWNER5 bd_i/axi_smc/inst/s02_entry_pipeline/s02_si_converter/inst
OWNER5 bd_i/layer_0/inst/u_core/u_dn/g_lane[34].o_acc_reg[34]
OWNER5 bd_i/layer_0/inst/u_core/u_dma/fmem_reg_0_255_409_409
OWNER5 bd_i/layer_0/inst/u_core/u_topk/sel_reg[49]
OWNER5 bd_i/layer_0/inst/u_core/u_dn/g_lane[26].o_acc_reg[26]
OWNER5 bd_i/layer_0/inst/u_core/u_dma/fmem_reg_0_255_91_91
OWNER5 bd_i/layer_0/inst/u_core/u_alu/ps_rnd_reg[9]
OWNER5 bd_i/layer_0/inst/u_core/u_dn/p_1_out__3__17
OWNER5 bd_i/layer_0/inst/u_core/u_dn/p_1_out__9__11
OWNER5 bd_i/layer_0/inst/u_core/u_dma/fmem_reg_0_255_226_226
OWNER5 bd_i/layer_0/inst/u_core/u_dn/g_lane[73].kvm_acc_reg[73]
OWNER5 bd_i/layer_0/inst/u_core/u_dma/fmem_reg_0_255_384_384
OWNER5 bd_i/layer_0/inst/u_core/u_dma/fmem_reg_0_255_423_423
OWNER5 bd_i/layer_0/inst/u_core/u_dn/g_lane[89].o_acc_reg[89]
OWNER5 bd_i/layer_0/inst/u_core/u_dn/p_0_out__6__9
OWNER5 bd_i/layer_0/inst/u_core/u_dn/p_0_out__2__15
OWNER5 bd_i/layer_0/inst/u_core/cmd_cnt_reg[13]/CE
OWNER5 bd_i/layer_0/inst/u_core/cmd_cnt_reg[14]/CE
OWNER5 bd_i/layer_0/inst/u_core/cmd_cnt_reg[15]/CE
OWNER5 bd_i/layer_0/inst/u_core/dma_kind_reg[0]_replica_8/CE
OWNER5 bd_i/layer_0/inst/u_core/g_dnslot[1].mem_reg_uram_4/ADDR_A[8]
OWNER5 bd_i/layer_0/inst/u_core/u_attn/g_lane[64].prod_reg[64]
OWNER5 bd_i/layer_0/inst/u_core/u_attn/g_lane[23].pv_p_reg[23]_i_3_psdsp
OWNER5 bd_i/layer_0/inst/u_core/u_dn/g_lane[114].dm_p_reg[114]
OWNER5 bd_i/layer_0/inst/u_core/u_dn/g_lane[27].dm_p_reg[27]
OWNER5 bd_i/layer_0/inst/u_core/u_dma/fmem_reg_0_255_348_348
OWNER5 bd_i/layer_0/inst/u_core/u_attn/g_lane[25].prod_reg[25]_i_3_psdsp
OWNER5 bd_i/layer_0/inst/u_core/u_dn/p_1_out__11__9
OWNER5 bd_i/layer_0/inst/u_core/u_attn/g_lane[82].pv_p_reg[82]
OWNER5 bd_i/layer_0/inst/u_core/eng_sa_reg[14]/CE
OWNER5 bd_i/layer_0/inst/u_core/u_dn/g_lane[85].dec_p_reg[85]
OWNER5 bd_i/layer_0/inst/u_core/dma_kind_reg[1]_replica_8/CE
OWNER5 bd_i/layer_0/inst/u_core/u_dn/g_lane[77].dm_p_reg[77]
OWNER5 bd_i/layer_0/inst/u_core/u_attn/g_lane[32].prod_reg[32]
OWNER5 bd_i/layer_0/inst/u_core/u_attn/g_lane[36].pv_p_reg[36]_i_3_psdsp
OWNER5 bd_i/layer_0/inst/u_core/u_dma/fmem_reg_0_255_458_458
OWNER5 bd_i/layer_0/inst/u_core/u_dn/g_lane[120].dm_p_reg[120]
OWNER5 bd_i/layer_0/inst/u_core/u_dn/p_0_out__0__15
OWNER5 bd_i/layer_0/inst/u_core/at_qdata_reg[4]/CE
OWNER5 bd_i/layer_0/inst/u_core/u_dma/fmem_reg_0_255_91_91
OWNER5 bd_i/layer_0/inst/u_core/u_dn/g_lane[26].kvm_acc_reg[26]
OWNER5 bd_i/layer_0/inst/u_core/u_dma/fmem_reg_0_255_456_456
OWNER5 bd_i/layer_0/inst/u_core/g_kvslot[0].mem_reg_uram_25/CAS_IN_ADDR_A[9]
OWNER5 bd_i/layer_0/inst/u_core/u_dn/g_lane[90].o_acc_reg[90]
OWNER5 bd_i/layer_0/inst/u_core/u_dn/g_lane[99].p2_p_reg[99]_i_3_psdsp_2
OWNER5 bd_i/layer_0/inst/u_core/u_dma/fmem_reg_0_255_210_210
OWNER5 bd_i/layer_0/inst/u_core/u_dma/fmem_reg_0_255_214_214
OWNER5 bd_i/layer_0/inst/u_core/u_attn/g_lane[21].pv_p_reg[21]_i_6_psdsp_1
OWNER5 bd_i/layer_0/inst/u_core/u_attn/g_lane[160].pv_p_reg[160]
OWNER5 bd_i/layer_0/inst/u_core/u_alu/r_res_reg[4]
OWNER5 bd_i/layer_0/inst/u_core/u_attn/g_lane[64].prod_reg[64]
OWNER5 bd_i/layer_0/inst/u_core/krow_reg[705]/D
OWNER5 bd_i/layer_0/inst/u_core/u_attn/g_lane[97].pv_p_reg[97]
OWNER5 bd_i/layer_0/inst/u_core/u_dn/g_lane[8].dec_p_reg[8]
OWNER5 bd_i/layer_0/inst/u_core/u_dn/g_lane[8].dec_p_reg[8]
OWNER5 bd_i/layer_0/inst/u_core/u_dn/g_lane[8].dec_p_reg[8]
OWNER5 bd_i/layer_0/inst/u_core/u_dn/g_lane[8].dec_p_reg[8]
OWNER5 bd_i/layer_0/inst/u_core/u_dn/g_lane[8].dec_p_reg[8]
OWNER5 bd_i/layer_0/inst/u_core/u_dn/g_lane[8].dec_p_reg[8]
OWNER5 bd_i/layer_0/inst/u_core/u_dn/g_lane[8].dec_p_reg[8]
OWNER5 bd_i/layer_0/inst/u_core/u_dn/g_lane[8].dec_p_reg[8]
OWNER5 bd_i/layer_0/inst/u_core/u_dn/g_lane[8].dec_p_reg[8]
OWNER5 bd_i/layer_0/inst/u_core/u_dn/g_lane[8].dec_p_reg[8]
OWNER5 bd_i/layer_0/inst/u_core/u_dn/g_lane[8].dec_p_reg[8]
OWNER5 bd_i/layer_0/inst/u_core/u_dn/g_lane[8].dec_p_reg[8]
OWNER5 bd_i/layer_0/inst/u_core/u_dn/g_lane[8].dec_p_reg[8]
OWNER5 bd_i/layer_0/inst/u_core/u_dn/g_lane[8].dec_p_reg[8]
OWNER5 bd_i/layer_0/inst/u_core/u_dn/g_lane[8].dec_p_reg[8]
OWNER5 bd_i/layer_0/inst/u_core/u_dn/g_lane[8].dec_p_reg[8]
OWNER5 bd_i/layer_0/inst/u_core/u_dn/g_lane[8].dec_p_reg[8]
OWNER5 bd_i/layer_0/inst/u_core/u_dn/g_lane[8].dec_p_reg[8]
OWNER5 bd_i/layer_0/inst/u_core/u_dn/g_lane[8].dec_p_reg[8]
OWNER5 bd_i/layer_0/inst/u_core/u_dn/g_lane[8].dec_p_reg[8]
OWNER5 bd_i/layer_0/inst/u_core/u_dn/g_lane[8].dec_p_reg[8]
OWNER5 bd_i/layer_0/inst/u_core/u_dn/g_lane[8].dec_p_reg[8]
OWNER5 bd_i/layer_0/inst/u_core/u_dn/g_lane[8].dec_p_reg[8]
OWNER5 bd_i/layer_0/inst/u_core/u_dn/g_lane[8].dec_p_reg[8]
OWNER5 bd_i/layer_0/inst/u_core/u_dn/g_lane[8].dec_p_reg[8]
OWNER5 bd_i/layer_0/inst/u_core/u_dn/g_lane[8].dec_p_reg[8]
OWNER5 bd_i/layer_0/inst/u_core/u_dn/g_lane[8].dec_p_reg[8]
OWNER5 bd_i/layer_0/inst/u_core/u_dn/g_lane[8].dec_p_reg[8]
OWNER5 bd_i/layer_0/inst/u_core/u_dn/g_lane[8].dec_p_reg[8]
OWNER5 bd_i/layer_0/inst/u_core/u_dn/g_lane[8].dec_p_reg[8]
OWNER5 bd_i/layer_0/inst/u_core/u_dn/g_lane[8].dec_p_reg[8]
OWNER5 bd_i/layer_0/inst/u_core/u_dn/g_lane[8].dec_p_reg[8]
OWNER5 bd_i/layer_0/inst/u_core/u_dn/g_lane[8].dec_p_reg[8]
OWNER5 bd_i/layer_0/inst/u_core/u_dn/g_lane[8].dec_p_reg[8]
OWNER5 bd_i/layer_0/inst/u_core/u_dn/g_lane[8].dec_p_reg[8]
OWNER5 bd_i/layer_0/inst/u_core/u_dn/g_lane[8].dec_p_reg[8]
OWNER5 bd_i/layer_0/inst/u_core/u_dn/g_lane[8].dec_p_reg[8]
OWNER5 bd_i/layer_0/inst/u_core/u_dn/g_lane[8].dec_p_reg[8]
OWNER5 bd_i/layer_0/inst/u_core/u_dn/g_lane[8].dec_p_reg[8]
OWNER5 bd_i/layer_0/inst/u_core/u_dn/g_lane[8].dec_p_reg[8]
OWNER5 bd_i/layer_0/inst/u_core/u_dn/g_lane[8].dec_p_reg[8]
OWNER5 bd_i/layer_0/inst/u_core/u_dn/g_lane[8].dec_p_reg[8]
OWNER5 bd_i/layer_0/inst/u_core/u_dn/g_lane[8].dec_p_reg[8]
OWNER5 bd_i/layer_0/inst/u_core/u_dn/g_lane[8].dec_p_reg[8]
OWNER5 bd_i/layer_0/inst/u_core/u_dn/g_lane[8].dec_p_reg[8]
OWNER5 bd_i/layer_0/inst/u_core/u_dn/g_lane[8].dec_p_reg[8]
OWNER5 bd_i/layer_0/inst/u_core/u_dn/g_lane[8].dec_p_reg[8]
OWNER5 bd_i/layer_0/inst/u_core/u_dn/g_lane[8].dec_p_reg[8]
OWNER5 bd_i/layer_0/inst/u_core/g_kvslot[0].mem_reg_uram_31/CAS_IN_ADDR_A[10]
OWNER5 bd_i/layer_0/inst/u_core/u_dn/g_lane[108].dec_p_reg[108]
OWNER5 bd_i/layer_0/inst/u_core/u_dma/fmem_reg_0_255_42_42
OWNER5 bd_i/layer_0/inst/u_core/cs_wd_reg[17]/CE
OWNER5 bd_i/layer_0/inst/u_core/cs_wd_reg[18]/CE
OWNER5 bd_i/layer_0/inst/u_core/u_dma/fmem_reg_0_255_241_241
OWNER5 bd_i/layer_0/inst/u_core/smem_a_reg_bram_6/ADDRARDADDR[6]
OWNER5 bd_i/layer_0/inst/u_core/u_attn/g_lane[21].pv_p_reg[21]_i_6_psdsp
OWNER5 bd_i/layer_0/inst/u_core/g_kvslot[0].mem_reg_uram_27/CAS_IN_DIN_B[42]
OWNER5 bd_i/layer_0/inst/u_core/u_attn/g_lane[101].pv_p_reg[101]
OWNER5 bd_i/layer_0/inst/u_core/krow_reg[784]/D
OWNER5 bd_i/layer_0/inst/u_core/u_dn/g_lane[110].dec_p_reg[110]
OWNER5 bd_i/layer_0/inst/u_core/u_attn/g_lane[181].prod_reg[181]
OWNER5 bd_i/layer_0/inst/u_core/u_dn/g_lane[36].o_acc_reg[36]
OWNER5 bd_i/layer_0/inst/u_core/u_dn/g_lane[69].kvm_acc_reg[69]
OWNER5 bd_i/layer_0/inst/u_core/u_dn/p_1_out__20
OWNER5 bd_i/layer_0/inst/u_core/u_dn/g_lane[108].dec_p_reg[108]
OWNER5 bd_i/layer_0/inst/u_core/u_attn/g_lane[34].prod_reg[34]
OWNER5 bd_i/layer_0/inst/u_core/u_attn/g_lane[127].prod_reg[127]
OWNER5 bd_i/layer_0/inst/u_core/u_dn/g_lane[120].kvm_acc_reg[120]
OWNER5 bd_i/layer_0/inst/u_core/u_dn/p_0_out__6__4
OWNER5 bd_i/layer_0/inst/u_core/u_topk/ent_reg[9][9]
OWNER5 bd_i/layer_0/inst/u_core/u_attn/g_lane[32].prod_reg[32]
OWNER5 bd_i/layer_0/inst/u_core/u_dn/g_lane[79].dm_p_reg[79]
OWNER5 bd_i/layer_0/inst/u_core/g_dnslot[0].mem_reg_uram_6/ADDR_A[10]
OWNER5 bd_i/layer_0/inst/u_core/u_dn/g_lane[88].dec_p_reg[88]
OWNER5 bd_i/layer_0/inst/u_core/u_dn/g_lane[110].dec_p_reg[110]
OWNER5 bd_i/layer_0/inst/u_core/u_dn/p_1_out__5__14
OWNER5 bd_i/layer_0/inst/u_core/u_attn/g_lane[35].pv_p_reg[35]
OWNER5 bd_i/layer_0/inst/u_core/krow_reg[527]/D
OWNER5 bd_i/layer_0/inst/u_core/u_dma/fmem_reg_0_255_456_456
OWNER5 bd_i/axi_smc/inst/s02_entry_pipeline/s02_si_converter/inst
OWNER5 bd_i/layer_0/inst/u_core/u_dma/fmem_reg_0_255_214_214
OWNER5 bd_i/layer_0/inst/u_core/u_dn/g_lane[57].p2_p_reg[57]
OWNER5 bd_i/layer_0/inst/u_core/u_attn/g_lane[160].pv_p_reg[160]
OWNER5 bd_i/layer_0/inst/u_core/u_attn/g_lane[36].pv_p_reg[36]_i_7_psdsp_1
OWNER5 bd_i/layer_0/inst/u_core/u_topk/ent_reg[9][10]
OWNER5 bd_i/layer_0/inst/u_core/u_topk/ent_reg[9][7]
OWNER5 bd_i/layer_0/inst/u_core/krow_reg[217]/CE
OWNER5 bd_i/layer_0/inst/u_core/dma_kind_reg[0]_replica_21/CE
OWNER5 bd_i/layer_0/inst/u_core/u_dma/fmem_reg_0_255_63_63
OWNER5 bd_i/layer_0/inst/u_core/u_dn/g_lane[23].dm_p_reg[23]
OWNER5 bd_i/layer_0/inst/u_core/u_dn/p_1_out__7__4
OWNER5 bd_i/axi_smc/inst/s02_entry_pipeline/s02_mmu/inst
OWNER5 bd_i/axi_smc/inst/s02_entry_pipeline/s02_mmu/inst
OWNER5 bd_i/axi_smc/inst/s02_entry_pipeline/s02_mmu/inst
OWNER5 bd_i/axi_smc/inst/s02_entry_pipeline/s02_mmu/inst
OWNER5 bd_i/axi_smc/inst/s02_entry_pipeline/s02_mmu/inst
OWNER5 bd_i/axi_smc/inst/s02_entry_pipeline/s02_mmu/inst
OWNER5 bd_i/axi_smc/inst/s02_entry_pipeline/s02_mmu/inst
OWNER5 bd_i/axi_smc/inst/s02_entry_pipeline/s02_mmu/inst
OWNER5 bd_i/axi_smc/inst/s02_entry_pipeline/s02_si_converter/inst
OWNER5 bd_i/axi_smc/inst/s02_entry_pipeline/s02_si_converter/inst
OWNER5 bd_i/axi_smc/inst/s02_entry_pipeline/s02_si_converter/inst
OWNER5 bd_i/layer_0/inst/u_core/u_attn/g_lane[189].pv_p_reg[189]_i_1_psdsp
OWNER5 bd_i/layer_0/inst/u_core/u_dma/fmem_reg_0_255_421_421
OWNER5 bd_i/layer_0/inst/u_core/cmd_cnt_reg[5]/CE
OWNER5 bd_i/layer_0/inst/u_core/cmd_cnt_reg[6]/CE
OWNER5 bd_i/layer_0/inst/u_core/cmd_cnt_reg[7]/CE
OWNER5 bd_i/layer_0/inst/u_core/cmd_cnt_reg[8]/CE
OWNER5 bd_i/layer_0/inst/u_core/u_attn/g_lane[102].pv_p_reg[102]
OWNER5 bd_i/layer_0/inst/u_core/u_dma/fmem_reg_0_255_255_255
OWNER5 bd_i/layer_0/inst/u_core/u_dn/g_lane[1].o_acc_reg[1]
OWNER5 bd_i/layer_0/inst/u_core/u_dn/g_lane[111].dec_p_reg[111]
OWNER5 bd_i/layer_0/inst/u_core/u_dn/p_1_out__5__18
OWNER5 bd_i/layer_0/inst/u_core/u_attn/g_lane[95].pv_p_reg[95]
OWNER5 bd_i/layer_0/inst/u_core/u_dn/g_lane[67].dec_p_reg[67]
OWNER5 bd_i/layer_0/inst/u_core/u_attn/g_lane[133].prod_reg[133]
OWNER5 bd_i/layer_0/inst/u_core/u_dma/fmem_reg_0_255_311_311
OWNER5 bd_i/layer_0/inst/u_core/u_attn/g_lane[184].pv_p_reg[184]
OWNER5 bd_i/layer_0/inst/u_core/eng_sa_reg[3]/CE
OWNER5 bd_i/layer_0/inst/u_core/u_dn/g_lane[87].o_acc_reg[87]
OWNER5 bd_i/layer_0/inst/u_core/u_dn/g_lane[89].o_acc_reg[89]
OWNER5 bd_i/layer_0/inst/u_core/krow_reg[1315]/D
OWNER5 bd_i/layer_0/inst/u_core/u_dn/g_lane[124].sf_row_reg[124][0]
OWNER5 bd_i/layer_0/inst/u_core/u_dn/g_lane[124].sf_row_reg[124][10]
OWNER5 bd_i/layer_0/inst/u_core/u_dn/g_lane[124].sf_row_reg[124][11]
OWNER5 bd_i/layer_0/inst/u_core/u_dn/g_lane[124].sf_row_reg[124][14]
OWNER5 bd_i/layer_0/inst/u_core/u_dn/g_lane[124].sf_row_reg[124][1]
OWNER5 bd_i/layer_0/inst/u_core/u_dn/g_lane[124].sf_row_reg[124][8]
OWNER5 bd_i/layer_0/inst/u_core/u_dn/g_lane[124].sf_row_reg[124][9]
OWNER5 bd_i/layer_0/inst/u_core/u_dn/g_lane[117].kvm_acc_reg[117]
OWNER5 bd_i/layer_0/inst/u_core/g_kvslot[0].mem_reg_uram_3/CAS_IN_ADDR_A[3]
OWNER5 bd_i/layer_0/inst/u_core/u_dn/g_lane[4].o_acc_reg[4]
OWNER5 bd_i/layer_0/inst/u_core/u_attn/g_lane[36].pv_p_reg[36]_i_1_psdsp_1
OWNER5 bd_i/layer_0/inst/u_core/g_cvslot[1].wm_reg_uram_1/CAS_IN_ADDR_A[0]
OWNER5 bd_i/layer_0/inst/u_core/u_dma/fmem_reg_0_255_63_63
OWNER5 bd_i/layer_0/inst/u_core/u_dma/fmem_reg_0_255_383_383
OWNER5 bd_i/layer_0/inst/u_core/u_alu/ps_rnd_reg[23]
OWNER5 bd_i/layer_0/inst/u_core/krow_reg[1509]/D
OWNER5 bd_i/layer_0/inst/u_core/u_attn/g_lane[64].prod_reg[64]
OWNER5 bd_i/layer_0/inst/u_core/u_dn/p_0_out__1__0
OWNER5 bd_i/layer_0/inst/u_core/u_dn/p_0_out__1__0
OWNER5 bd_i/layer_0/inst/u_core/u_dn/p_0_out__1__0
OWNER5 bd_i/layer_0/inst/u_core/u_dn/p_0_out__1__0
OWNER5 bd_i/layer_0/inst/u_core/u_dn/p_0_out__1__0
OWNER5 bd_i/layer_0/inst/u_core/u_dn/p_0_out__1__0
OWNER5 bd_i/layer_0/inst/u_core/u_dn/p_0_out__1__0
OWNER5 bd_i/layer_0/inst/u_core/u_dn/p_0_out__1__0
OWNER5 bd_i/layer_0/inst/u_core/u_dn/p_0_out__1__0
OWNER5 bd_i/layer_0/inst/u_core/u_dn/p_0_out__1__0
OWNER5 bd_i/layer_0/inst/u_core/u_dn/p_0_out__1__0
OWNER5 bd_i/layer_0/inst/u_core/u_dn/p_0_out__1__0
OWNER5 bd_i/layer_0/inst/u_core/u_dn/p_0_out__1__0
OWNER5 bd_i/layer_0/inst/u_core/u_dn/p_0_out__1__0
OWNER5 bd_i/layer_0/inst/u_core/u_dn/p_0_out__1__0
OWNER5 bd_i/layer_0/inst/u_core/u_dn/p_0_out__1__0
OWNER5 bd_i/layer_0/inst/u_core/u_dn/p_0_out__1__0
OWNER5 bd_i/layer_0/inst/u_core/u_dn/p_0_out__1__0
OWNER5 bd_i/layer_0/inst/u_core/u_dn/p_0_out__1__0
OWNER5 bd_i/layer_0/inst/u_core/u_dn/p_0_out__1__0
OWNER5 bd_i/layer_0/inst/u_core/u_dn/p_0_out__1__0
OWNER5 bd_i/layer_0/inst/u_core/u_dn/p_0_out__1__0
OWNER5 bd_i/layer_0/inst/u_core/u_dn/p_0_out__1__0
OWNER5 bd_i/layer_0/inst/u_core/u_dn/p_0_out__1__0
OWNER5 bd_i/layer_0/inst/u_core/u_dn/p_0_out__1__0
OWNER5 bd_i/layer_0/inst/u_core/u_dn/p_0_out__1__0
OWNER5 bd_i/layer_0/inst/u_core/u_dn/p_0_out__1__0
OWNER5 bd_i/layer_0/inst/u_core/u_dn/p_0_out__1__0
OWNER5 bd_i/layer_0/inst/u_core/u_dn/p_0_out__1__0
OWNER5 bd_i/layer_0/inst/u_core/u_dn/p_0_out__1__0
OWNER5 bd_i/layer_0/inst/u_core/u_dn/p_0_out__1__0
OWNER5 bd_i/layer_0/inst/u_core/u_dn/p_0_out__1__0
OWNER5 bd_i/layer_0/inst/u_core/u_dn/p_0_out__1__0
OWNER5 bd_i/layer_0/inst/u_core/u_dn/p_0_out__1__0
OWNER5 bd_i/layer_0/inst/u_core/u_dn/p_0_out__1__0
OWNER5 bd_i/layer_0/inst/u_core/u_dn/p_0_out__1__0
OWNER5 bd_i/layer_0/inst/u_core/u_dn/p_0_out__1__0
OWNER5 bd_i/layer_0/inst/u_core/u_dn/p_0_out__1__0
OWNER5 bd_i/layer_0/inst/u_core/u_dn/p_0_out__1__0
OWNER5 bd_i/layer_0/inst/u_core/u_dn/p_0_out__1__0
OWNER5 bd_i/layer_0/inst/u_core/u_dn/p_0_out__1__0
OWNER5 bd_i/layer_0/inst/u_core/u_dn/p_0_out__1__0
OWNER5 bd_i/layer_0/inst/u_core/u_dn/p_0_out__1__0
OWNER5 bd_i/layer_0/inst/u_core/u_dn/p_0_out__1__0
OWNER5 bd_i/layer_0/inst/u_core/u_dn/p_1_out__14__3
OWNER5 bd_i/layer_0/inst/u_core/u_attn/dot_reg[12]
OWNER5 bd_i/layer_0/inst/u_core/u_dma/fmem_reg_0_255_42_42
OWNER5 bd_i/layer_0/inst/u_core/g_kvslot[0].mem_reg_uram_27/CAS_IN_DIN_B[56]
OWNER5 bd_i/layer_0/inst/u_core/krow_reg[919]/D
OWNER5 bd_i/layer_0/inst/u_core/g_kvslot[1].mem_reg_uram_57/CAS_IN_ADDR_B[1]
OWNER5 bd_i/layer_0/inst/u_core/u_attn/g_lane[160].pv_p_reg[160]
OWNER5 bd_i/layer_0/inst/u_core/u_dn/g_lane[97].dm_p_reg[97]
OWNER5 bd_i/layer_0/inst/u_core/g_dnslot[1].mem_reg_uram_27/ADDR_A[0]
OWNER5 bd_i/layer_0/inst/u_core/u_dn/p_0_out__17__1
OWNER5 bd_i/layer_0/inst/u_core/smem_b_reg_bram_28/ADDRARDADDR[1]
OWNER5 bd_i/layer_0/inst/u_core/smem_a_reg_bram_5/WEA[0]
OWNER5 bd_i/layer_0/inst/u_core/u_dn/p_0_out__3__14
OWNER5 bd_i/layer_0/inst/u_core/u_dn/p_0_out__3__14
OWNER5 bd_i/layer_0/inst/u_core/u_dn/p_0_out__3__14
OWNER5 bd_i/layer_0/inst/u_core/u_dn/p_0_out__3__14
OWNER5 bd_i/layer_0/inst/u_core/u_dn/p_0_out__3__14
OWNER5 bd_i/layer_0/inst/u_core/u_dn/p_0_out__3__14
OWNER5 bd_i/layer_0/inst/u_core/u_dn/p_0_out__3__14
OWNER5 bd_i/layer_0/inst/u_core/u_dn/p_0_out__3__14
OWNER5 bd_i/layer_0/inst/u_core/u_dn/p_0_out__3__14
OWNER5 bd_i/layer_0/inst/u_core/u_dn/p_0_out__3__14
OWNER5 bd_i/layer_0/inst/u_core/u_dn/p_0_out__3__14
OWNER5 bd_i/layer_0/inst/u_core/u_dn/p_0_out__3__14
OWNER5 bd_i/layer_0/inst/u_core/u_dn/p_0_out__3__14
OWNER5 bd_i/layer_0/inst/u_core/u_dn/p_0_out__3__14
OWNER5 bd_i/layer_0/inst/u_core/u_dn/p_0_out__3__14
OWNER5 bd_i/layer_0/inst/u_core/u_dn/p_0_out__3__14
OWNER5 bd_i/layer_0/inst/u_core/u_dn/p_0_out__3__14
OWNER5 bd_i/layer_0/inst/u_core/u_dn/p_0_out__3__14
OWNER5 bd_i/layer_0/inst/u_core/u_dn/p_0_out__3__14
OWNER5 bd_i/layer_0/inst/u_core/u_dn/p_0_out__3__14
OWNER5 bd_i/layer_0/inst/u_core/u_dn/p_0_out__3__14
OWNER5 bd_i/layer_0/inst/u_core/u_dn/p_0_out__3__14
OWNER5 bd_i/layer_0/inst/u_core/u_dn/p_0_out__3__14
OWNER5 bd_i/layer_0/inst/u_core/u_dn/p_0_out__3__14
OWNER5 bd_i/layer_0/inst/u_core/u_dn/p_0_out__3__14
OWNER5 bd_i/layer_0/inst/u_core/u_dn/p_0_out__3__14
OWNER5 bd_i/layer_0/inst/u_core/u_dn/p_0_out__3__14
OWNER5 bd_i/layer_0/inst/u_core/u_dn/p_0_out__3__14
OWNER5 bd_i/layer_0/inst/u_core/u_dn/p_0_out__3__14
OWNER5 bd_i/layer_0/inst/u_core/u_dn/p_0_out__3__14
OWNER5 bd_i/layer_0/inst/u_core/u_dn/p_0_out__3__14
OWNER5 bd_i/layer_0/inst/u_core/u_dn/p_0_out__3__14
OWNER5 bd_i/layer_0/inst/u_core/u_dn/p_0_out__3__14
OWNER5 bd_i/layer_0/inst/u_core/u_dn/p_0_out__3__14
OWNER5 bd_i/layer_0/inst/u_core/u_dn/p_0_out__3__14
OWNER5 bd_i/layer_0/inst/u_core/u_dn/p_0_out__3__14
OWNER5 bd_i/layer_0/inst/u_core/u_dn/p_0_out__3__14
OWNER5 bd_i/layer_0/inst/u_core/u_dn/p_0_out__3__14
OWNER5 bd_i/layer_0/inst/u_core/u_dn/p_0_out__3__14
OWNER5 bd_i/layer_0/inst/u_core/u_dn/p_0_out__3__14
OWNER5 bd_i/layer_0/inst/u_core/u_dn/p_1_out__14__3
OWNER5 bd_i/layer_0/inst/u_core/u_attn/g_lane[36].pv_p_reg[36]_i_1_psdsp
OWNER5 bd_i/layer_0/inst/u_core/u_dma/fmem_reg_0_255_226_226
OWNER5 bd_i/layer_0/inst/u_core/u_dma/fmem_reg_0_255_462_462
OWNER5 bd_i/layer_0/inst/u_core/u_dn/p_0_out__4__3
OWNER5 bd_i/layer_0/inst/u_core/g_cvslot[1].wm_reg_uram_1/CAS_IN_ADDR_A[10]
OWNER5 bd_i/layer_0/inst/u_core/u_dn/p_0_out__0__18
OWNER5 bd_i/layer_0/inst/u_core/u_dma/fmem_reg_0_255_490_490
OWNER5 bd_i/layer_0/inst/u_core/u_dma/fmem_reg_0_255_421_421
OWNER5 bd_i/layer_0/inst/u_core/krow_reg[1730]/D
OWNER5 bd_i/layer_0/inst/u_core/u_dn/g_lane[124].sf_row_reg[124][15]
OWNER5 bd_i/layer_0/inst/u_core/u_dn/g_lane[124].sf_row_reg[124][6]
OWNER5 bd_i/layer_0/inst/u_core/u_dn/g_lane[124].sf_row_reg[124][7]
OWNER5 bd_i/layer_0/inst/u_core/smem_a_reg_bram_15/ADDRARDADDR[7]
OWNER5 bd_i/layer_0/inst/u_core/u_dma/fmem_reg_0_255_383_383
OWNER5 bd_i/layer_0/inst/u_core/u_dn/g_lane[125].sh_row_reg[125][15]
OWNER5 bd_i/layer_0/inst/u_core/u_dma/fmem_reg_0_255_495_495
OWNER5 bd_i/layer_0/inst/u_core/u_dn/g_lane[28].p2_p_reg[28]
OWNER5 bd_i/layer_0/inst/u_core/u_attn/g_lane[147].prod_reg[147]
OWNER5 bd_i/layer_0/inst/u_core/u_dn/p_0_out__2__15
OWNER5 bd_i/layer_0/inst/u_core/u_attn/g_lane[104].pv_p_reg[104]
OWNER5 bd_i/layer_0/inst/u_core/u_dn/p_1_out__5__15
OWNER5 bd_i/layer_0/inst/u_core/u_attn/g_lane[161].pv_p_reg[161]
OWNER5 bd_i/layer_0/inst/u_core/u_attn/g_lane[187].pv_p_reg[187]
OWNER5 bd_i/layer_0/inst/u_core/u_dn/g_lane[120].kvm_acc_reg[120]
OWNER5 bd_i/layer_0/inst/u_core/cmd_cnt_reg[10]/CE
OWNER5 bd_i/layer_0/inst/u_core/cmd_cnt_reg[11]/CE
OWNER5 bd_i/layer_0/inst/u_core/cmd_cnt_reg[12]/CE
OWNER5 bd_i/layer_0/inst/u_core/cmd_cnt_reg[9]/CE
OWNER5 bd_i/layer_0/inst/u_core/u_dn/p_0_out__23__0
OWNER5 bd_i/layer_0/inst/u_core/u_dn/p_1_out__3__17
OWNER5 bd_i/layer_0/inst/u_core/u_dn/p_1_out__22__1
OWNER5 bd_i/layer_0/inst/u_core/u_dn/g_lane[0].o_acc_reg[0]
OWNER5 bd_i/layer_0/inst/u_core/u_dma/fmem_reg_0_255_380_380
OWNER5 bd_i/layer_0/inst/u_core/u_dn/g_lane[117].dm_p_reg[117]
OWNER5 bd_i/layer_0/inst/u_core/u_attn/g_lane[23].pv_p_reg[23]_i_2_psdsp_1
OWNER5 bd_i/layer_0/inst/u_core/u_attn/g_lane[236].prod_reg[236]
OWNER5 bd_i/layer_0/inst/u_core/eng_sa_reg[9]/CE
OWNER5 bd_i/layer_0/inst/u_core/u_dma/fmem_reg_0_255_63_63
OWNER5 bd_i/layer_0/inst/u_core/u_dn/g_lane[26].kvm_acc_reg[26]
OWNER5 bd_i/layer_0/inst/u_core/u_dn/in_p2_reg_rep__24
OWNER5 bd_i/layer_0/inst/u_core/u_dma/fmem_reg_0_255_345_345
OWNER5 bd_i/layer_0/inst/u_core/u_attn/g_lane[98].pv_p_reg[98]
OWNER5 bd_i/layer_0/inst/u_core/g_kvslot[0].mem_reg_uram_25/CAS_IN_ADDR_A[10]
OWNER5 bd_i/layer_0/inst/u_core/krow_reg[903]/D
OWNER5 bd_i/layer_0/inst/u_core/u_dma/fmem_reg_0_255_421_421
OWNER5 bd_i/layer_0/inst/u_core/krow_reg[243]/D
OWNER5 bd_i/layer_0/inst/u_core/u_dn/p_1_out__5__14
OWNER5 bd_i/layer_0/inst/u_core/dn_decay_reg[12]/D
OWNER5 bd_i/layer_0/inst/u_core/u_dma/fmem_reg_0_255_345_345
OWNER5 bd_i/layer_0/inst/u_core/u_dn/p_0_out__4__3
OWNER5 bd_i/layer_0/inst/u_core/u_dn/p_1_out__12__8
OWNER5 bd_i/layer_0/inst/u_core/u_attn/g_lane[112].prod_reg[112]
OWNER5 bd_i/layer_0/inst/u_core/u_dn/p_0_out__0__18
OWNER5 bd_i/layer_0/inst/u_core/g_kvslot[0].mem_reg_uram_13/CAS_IN_DIN_B[26]
OWNER5 bd_i/layer_0/inst/u_core/u_dma/fmem_reg_0_255_337_337
OWNER5 bd_i/layer_0/inst/u_core/u_dn/g_lane[26].kvm_acc_reg[26]
OWNER5 bd_i/layer_0/inst/u_core/u_attn/dot_reg[11]
OWNER5 bd_i/layer_0/inst/u_core/u_dn/g_lane[26].kvm_acc_reg[26]
OWNER5 bd_i/layer_0/inst/u_core/krow_reg[1752]/CE
OWNER5 bd_i/layer_0/inst/u_core/krow_reg[1755]/CE
OWNER5 bd_i/layer_0/inst/u_core/krow_reg[1756]/CE
OWNER5 bd_i/layer_0/inst/u_core/u_dn/p_0_out__0__15
OWNER5 bd_i/layer_0/inst/u_core/krow_reg[1247]/D
OWNER5 bd_i/layer_0/inst/u_core/u_dma/fmem_reg_0_255_502_502
OWNER5 bd_i/layer_0/inst/u_core/u_dma/fmem_reg_0_255_383_383
OWNER5 bd_i/layer_0/inst/u_core/u_dn/g_lane[28].p2_p_reg[28]
OWNER5 bd_i/layer_0/inst/u_core/u_dn/p_1_out__22__6
OWNER5 bd_i/layer_0/inst/u_core/u_dn/p_1_out__22__6
OWNER5 bd_i/layer_0/inst/u_core/u_dn/p_1_out__22__6
OWNER5 bd_i/layer_0/inst/u_core/u_dn/p_1_out__22__6
OWNER5 bd_i/layer_0/inst/u_core/u_dn/p_1_out__22__6
OWNER5 bd_i/layer_0/inst/u_core/u_dn/p_1_out__22__6
OWNER5 bd_i/layer_0/inst/u_core/u_dn/p_1_out__22__6
OWNER5 bd_i/layer_0/inst/u_core/u_dn/p_1_out__22__6
OWNER5 bd_i/layer_0/inst/u_core/u_dn/p_1_out__22__6
OWNER5 bd_i/layer_0/inst/u_core/u_dn/p_1_out__22__6
OWNER5 bd_i/layer_0/inst/u_core/u_dn/p_1_out__22__6
OWNER5 bd_i/layer_0/inst/u_core/u_dn/p_1_out__22__6
OWNER5 bd_i/layer_0/inst/u_core/u_dn/p_1_out__22__6
OWNER5 bd_i/layer_0/inst/u_core/u_dn/p_1_out__22__6
OWNER5 bd_i/layer_0/inst/u_core/u_dn/p_1_out__22__6
OWNER5 bd_i/layer_0/inst/u_core/u_dn/p_1_out__22__6
OWNER5 bd_i/layer_0/inst/u_core/u_dn/p_1_out__22__6
OWNER5 bd_i/layer_0/inst/u_core/u_dn/p_1_out__22__6
OWNER5 bd_i/layer_0/inst/u_core/u_dn/p_1_out__22__6
OWNER5 bd_i/layer_0/inst/u_core/u_dn/p_1_out__22__6
OWNER5 bd_i/layer_0/inst/u_core/u_dn/p_1_out__22__6
OWNER5 bd_i/layer_0/inst/u_core/u_dn/p_1_out__22__6
OWNER5 bd_i/layer_0/inst/u_core/u_dn/p_1_out__22__6
OWNER5 bd_i/layer_0/inst/u_core/u_dn/p_1_out__22__6
OWNER5 bd_i/layer_0/inst/u_core/u_dn/p_1_out__22__6
OWNER5 bd_i/layer_0/inst/u_core/u_dn/p_1_out__22__6
OWNER5 bd_i/layer_0/inst/u_core/u_dn/p_1_out__22__6
OWNER5 bd_i/layer_0/inst/u_core/u_dn/p_1_out__22__6
OWNER5 bd_i/layer_0/inst/u_core/u_dn/p_1_out__22__6
OWNER5 bd_i/layer_0/inst/u_core/u_dn/p_1_out__22__6
OWNER5 bd_i/layer_0/inst/u_core/u_dn/p_1_out__22__6
OWNER5 bd_i/layer_0/inst/u_core/u_dn/p_1_out__22__6
OWNER5 bd_i/layer_0/inst/u_core/u_dn/p_1_out__22__6
OWNER5 bd_i/layer_0/inst/u_core/u_dn/p_1_out__22__6
OWNER5 bd_i/layer_0/inst/u_core/u_dn/p_1_out__22__6
OWNER5 bd_i/layer_0/inst/u_core/u_dn/p_1_out__22__6
OWNER5 bd_i/layer_0/inst/u_core/u_dn/p_1_out__22__6
OWNER5 bd_i/layer_0/inst/u_core/u_dn/p_1_out__22__6
OWNER5 bd_i/layer_0/inst/u_core/u_dma/fmem_reg_0_255_379_379
OWNER5 bd_i/layer_0/inst/u_core/u_dma/fmem_reg_0_255_379_379
OWNER5 bd_i/layer_0/inst/u_core/u_dn/g_lane[85].dec_p_reg[85]
OWNER5 bd_i/layer_0/inst/u_core/u_dn/g_lane[17].kvm_acc_reg[17]
OWNER5 bd_i/layer_0/inst/u_core/u_dn/p_1_out__7__4
OWNER5 bd_i/layer_0/inst/u_core/u_dn/g_lane[121].kvm_acc_reg[121]
OWNER5 bd_i/layer_0/inst/u_core/u_dn/p_1_out__0__9
OWNER5 bd_i/layer_0/inst/u_core/u_dn/p_1_out__4__4
OWNER5 bd_i/layer_0/inst/u_core/u_dn/g_lane[15].dec_p_reg[15]
OWNER5 bd_i/layer_0/inst/u_core/u_attn/g_lane[83].prod_reg[83]
OWNER5 bd_i/axi_smc/inst/s02_entry_pipeline/s02_mmu/inst
OWNER5 bd_i/layer_0/inst/u_core/u_dn/g_lane[125].kvm_acc_reg[125]
OWNER5 bd_i/layer_0/inst/u_core/u_dn/g_lane[75].dec_p_reg[75]
OWNER5 bd_i/layer_0/inst/u_core/u_attn/g_lane[101].pv_p_reg[101]
OWNER5 bd_i/layer_0/inst/u_core/u_attn/g_lane[39].pv_p_reg[39]_i_1_psdsp
OWNER5 bd_i/layer_0/inst/u_core/u_dma/fmem_reg_0_255_48_48
OWNER5 bd_i/layer_0/inst/u_core/smem_a_reg_bram_7/ADDRARDADDR[8]
OWNER5 bd_i/layer_0/inst/u_core/u_dn/p_1_out__9__11
OWNER5 bd_i/layer_0/inst/u_core/krow_reg[1794]/D
OWNER5 bd_i/layer_0/inst/u_core/u_attn/g_lane[76].prod_reg[76]
OWNER5 bd_i/layer_0/inst/u_core/u_attn/g_lane[34].prod_reg[34]
OWNER5 bd_i/layer_0/inst/u_core/u_dma/fmem_reg_0_255_345_345
OWNER5 bd_i/layer_0/inst/u_core/u_dn/p_1_out__45
OWNER5 bd_i/layer_0/inst/u_core/u_dn/p_1_out__45
OWNER5 bd_i/layer_0/inst/u_core/u_dn/p_1_out__45
OWNER5 bd_i/layer_0/inst/u_core/u_dn/p_1_out__45
OWNER5 bd_i/layer_0/inst/u_core/u_dn/p_1_out__45
OWNER5 bd_i/layer_0/inst/u_core/u_dn/p_1_out__45
OWNER5 bd_i/layer_0/inst/u_core/u_dn/p_1_out__45
OWNER5 bd_i/layer_0/inst/u_core/u_dn/p_1_out__45
OWNER5 bd_i/layer_0/inst/u_core/u_dn/p_1_out__45
OWNER5 bd_i/layer_0/inst/u_core/u_dn/p_1_out__45
OWNER5 bd_i/layer_0/inst/u_core/u_dn/p_1_out__45
OWNER5 bd_i/layer_0/inst/u_core/u_dn/p_1_out__45
OWNER5 bd_i/layer_0/inst/u_core/u_dn/p_1_out__45
OWNER5 bd_i/layer_0/inst/u_core/u_dn/p_1_out__45
OWNER5 bd_i/layer_0/inst/u_core/u_dn/p_1_out__45
OWNER5 bd_i/layer_0/inst/u_core/u_dn/p_1_out__45
OWNER5 bd_i/layer_0/inst/u_core/u_dn/p_1_out__45
OWNER5 bd_i/layer_0/inst/u_core/u_dn/p_1_out__45
OWNER5 bd_i/layer_0/inst/u_core/u_dn/p_1_out__45
OWNER5 bd_i/layer_0/inst/u_core/u_dn/p_1_out__45
OWNER5 bd_i/layer_0/inst/u_core/u_dn/p_1_out__45
OWNER5 bd_i/layer_0/inst/u_core/u_dn/p_1_out__45
OWNER5 bd_i/layer_0/inst/u_core/u_dn/p_1_out__45
OWNER5 bd_i/layer_0/inst/u_core/u_dn/p_1_out__45
OWNER5 bd_i/layer_0/inst/u_core/u_dn/p_1_out__45
OWNER5 bd_i/layer_0/inst/u_core/u_dn/p_1_out__45
OWNER5 bd_i/layer_0/inst/u_core/u_dn/p_1_out__45
OWNER5 bd_i/layer_0/inst/u_core/u_dn/p_1_out__45
OWNER5 bd_i/layer_0/inst/u_core/u_dn/p_1_out__45
OWNER5 bd_i/layer_0/inst/u_core/u_dn/p_1_out__45
OWNER5 bd_i/layer_0/inst/u_core/u_dn/p_1_out__45
OWNER5 bd_i/layer_0/inst/u_core/u_dn/p_1_out__45
OWNER5 bd_i/layer_0/inst/u_core/u_dn/p_1_out__45
OWNER5 bd_i/layer_0/inst/u_core/u_dn/p_1_out__45
OWNER5 bd_i/layer_0/inst/u_core/u_dn/p_1_out__45
OWNER5 bd_i/layer_0/inst/u_core/u_dn/p_1_out__45
OWNER5 bd_i/layer_0/inst/u_core/u_dn/p_1_out__45
OWNER5 bd_i/layer_0/inst/u_core/u_dn/p_1_out__45
OWNER5 bd_i/layer_0/inst/u_core/u_dn/p_1_out__45
OWNER5 bd_i/layer_0/inst/u_core/u_dn/p_1_out__45
OWNER5 bd_i/layer_0/inst/u_core/u_dn/p_1_out__45
OWNER5 bd_i/layer_0/inst/u_core/u_dn/p_1_out__45
OWNER5 bd_i/layer_0/inst/u_core/u_dn/p_1_out__45
OWNER5 bd_i/layer_0/inst/u_core/u_dn/p_1_out__45
OWNER5 bd_i/layer_0/inst/u_core/u_dn/p_0_out__17__1
OWNER5 bd_i/layer_0/inst/u_core/g_kvslot[1].mem_reg_uram_45/CAS_IN_BWE_B[7]
OWNER5 bd_i/layer_0/inst/u_core/krow_reg[1359]/D
OWNER5 bd_i/layer_0/inst/u_core/g_kvslot[1].mem_reg_uram_25/CAS_IN_DIN_B[46]
OWNER5 bd_i/layer_0/inst/u_core/u_dn/g_lane[56].o_acc_reg[56]
OWNER5 bd_i/layer_0/inst/u_core/u_dma/fmem_reg_0_255_145_145
OWNER5 bd_i/layer_0/inst/u_core/u_attn/g_lane[160].pv_p_reg[160]
OWNER5 bd_i/layer_0/inst/u_core/u_dn/p_1_out__7__15
OWNER5 bd_i/layer_0/inst/u_core/u_dma/fmem_reg_0_255_321_321
OWNER5 bd_i/layer_0/inst/u_core/u_dn/p_1_out__7__15
OWNER5 bd_i/layer_0/inst/u_core/u_attn/g_lane[26].prod_reg[26]_i_8_psdsp
OWNER5 bd_i/layer_0/inst/u_core/u_dn/g_lane[123].kvm_acc_reg[123]
OWNER5 bd_i/layer_0/inst/u_core/u_dma/fmem_reg_0_255_480_480
OWNER5 bd_i/layer_0/inst/u_core/u_attn/g_lane[190].pv_p_reg[190]_i_8_psdsp
OWNER5 bd_i/layer_0/inst/u_core/smem_b_reg_bram_12/ADDRARDADDR[8]
OWNER5 bd_i/layer_0/inst/u_core/u_attn/g_lane[19].pv_p_reg[19]_i_8_psdsp_1
OWNER5 bd_i/layer_0/inst/u_core/u_attn/g_lane[97].pv_p_reg[97]
OWNER5 bd_i/layer_0/inst/u_core/krow_reg[482]/D
OWNER5 bd_i/layer_0/inst/u_core/u_dma/fmem_reg_0_255_477_477
OWNER5 bd_i/layer_0/inst/u_core/u_attn/g_lane[76].pv_p_reg[76]
OWNER5 bd_i/layer_0/inst/u_core/g_dnslot[0].mem_reg_uram_6/ADDR_B[3]
OWNER5 bd_i/layer_0/inst/u_core/u_attn/o_g8_reg[25][27]
OWNER5 bd_i/layer_0/inst/u_core/u_attn/g_lane[19].pv_p_reg[19]_i_1_psdsp
OWNER5 bd_i/layer_0/inst/u_core/u_attn/g_lane[19].pv_p_reg[19]_i_1_psdsp_1
OWNER5 bd_i/layer_0/inst/u_core/u_dma/fmem_reg_0_255_279_279
OWNER5 bd_i/layer_0/inst/u_core/u_dma/fmem_reg_0_255_279_279
OWNER5 bd_i/layer_0/inst/u_core/u_dn/g_lane[126].kvm_acc_reg[126]
OWNER5 bd_i/layer_0/inst/u_core/u_dma/fmem_reg_0_255_480_480
OWNER5 bd_i/layer_0/inst/u_core/u_attn/g_lane[190].pv_p_reg[190]_i_8_psdsp_1
OWNER5 bd_i/layer_0/inst/u_core/u_dma/fmem_reg_0_255_42_42
OWNER5 bd_i/layer_0/inst/u_core/u_dma/fmem_reg_0_255_6_6
OWNER5 bd_i/layer_0/inst/u_core/u_attn/g_lane[82].pv_p_reg[82]
OWNER5 bd_i/layer_0/inst/u_core/g_kvslot[1].mem_reg_uram_13/CAS_IN_DIN_B[2]
OWNER5 bd_i/layer_0/inst/u_core/u_dma/fmem_reg_0_255_345_345
OWNER5 bd_i/layer_0/inst/u_core/u_attn/g_lane[161].pv_p_reg[161]
OWNER5 bd_i/layer_0/inst/u_core/dma_slot_reg_replica_18/CE
OWNER5 bd_i/layer_0/inst/u_core/u_dn/p_1_out__18__1
OWNER5 bd_i/layer_0/inst/u_core/u_dn/g_lane[86].dec_p_reg[86]
OWNER5 bd_i/layer_0/inst/u_core/u_attn/g_lane[139].prod_reg[139]
OWNER5 bd_i/layer_0/inst/u_core/u_dn/g_lane[5].o_acc_reg[5]
OWNER5 bd_i/layer_0/inst/u_core/st_reg[4]/CE
OWNER5 bd_i/layer_0/inst/u_core/u_alu/ps_rnd_reg[24]
OWNER5 bd_i/layer_0/inst/u_core/cs_wd_reg[13]/CE
OWNER5 bd_i/layer_0/inst/u_core/cs_wd_reg[31]/CE
OWNER5 bd_i/layer_0/inst/u_core/u_dn/g_lane[67].dec_p_reg[67]
OWNER5 bd_i/layer_0/inst/u_core/krow_reg[1454]/D
OWNER5 bd_i/layer_0/inst/u_core/smem_a_reg_bram_23/ENBWREN
OWNER5 bd_i/layer_0/inst/u_core/u_attn/g_lane[26].prod_reg[26]_i_5_psdsp
OWNER5 bd_i/layer_0/inst/u_core/u_dn/g_lane[127].o_acc_reg[127]
OWNER5 bd_i/layer_0/inst/u_core/u_dn/g_lane[123].kvm_acc_reg[123]
OWNER5 bd_i/layer_0/inst/u_core/u_dma/fmem_reg_0_255_282_282
OWNER5 bd_i/layer_0/inst/u_core/u_dn/p_0_out__40
OWNER5 bd_i/layer_0/inst/u_core/u_attn/g_lane[19].pv_p_reg[19]_i_8_psdsp
OWNER5 bd_i/layer_0/inst/u_core/u_dma/fmem_reg_0_255_477_477
OWNER5 bd_i/layer_0/inst/u_core/u_dn/p_1_out__0__20
OWNER5 bd_i/layer_0/inst/u_core/u_dn/p_1_out__13__4
OWNER5 bd_i/layer_0/inst/u_core/u_dma/fmem_reg_0_255_255_255
OWNER5 bd_i/layer_0/inst/u_core/u_dn/g_lane[4].o_acc_reg[4]
OWNER5 bd_i/layer_0/inst/u_core/u_dma/fmem_reg_0_255_225_225
OWNER5 bd_i/layer_0/inst/u_core/krow_reg[1508]/D
OWNER5 bd_i/layer_0/inst/u_core/g_kvslot[1].mem_reg_uram_25/CAS_IN_ADDR_A[4]
OWNER5 bd_i/layer_0/inst/u_core/u_dma/fmem_reg_0_255_421_421
OWNER5 bd_i/layer_0/inst/u_core/u_dn/g_lane[113].dm_p_reg[113]
OWNER5 bd_i/layer_0/inst/u_core/u_dn/p_1_out__12__8
OWNER5 bd_i/layer_0/inst/u_core/u_dn/p_0_out__4__3
OWNER5 bd_i/layer_0/inst/u_core/u_dma/fmem_reg_0_255_311_311
OWNER5 bd_i/layer_0/inst/u_core/u_attn/g_lane[32].prod_reg[32]
OWNER5 bd_i/layer_0/inst/u_core/u_dn/g_lane[110].dec_p_reg[110]
OWNER5 bd_i/layer_0/inst/u_core/u_dn/g_lane[69].dec_p_reg[69]
OWNER5 bd_i/layer_0/inst/u_core/u_dn/p_0_out__2__15
OWNER5 bd_i/layer_0/inst/u_core/u_attn/g_lane[32].pv_p_reg[32]
OWNER5 bd_i/layer_0/inst/u_core/u_attn/g_lane[154].pv_p_reg[154]
OWNER5 bd_i/layer_0/inst/u_core/u_dma/fmem_reg_0_255_355_355
OWNER5 bd_i/layer_0/inst/u_core/u_dn/p_0_out__6__10
OWNER5 bd_i/layer_0/inst/u_core/u_attn/g_lane[228].pv_p_reg[228]
OWNER5 bd_i/layer_0/inst/u_core/u_attn/g_lane[98].pv_p_reg[98]
OWNER5 bd_i/layer_0/inst/u_core/u_attn/g_lane[82].pv_p_reg[82]
OWNER5 bd_i/layer_0/inst/u_core/u_attn/g_lane[83].pv_p_reg[83]
OWNER5 bd_i/layer_0/inst/u_core/u_attn/g_lane[149].prod_reg[149]
OWNER5 bd_i/layer_0/inst/u_core/u_attn/g_lane[104].pv_p_reg[104]
OWNER5 bd_i/layer_0/inst/u_core/u_attn/g_lane[36].pv_p_reg[36]_i_2_psdsp_1
OWNER5 bd_i/layer_0/inst/u_core/u_dn/p_0_out__1__14
OWNER5 bd_i/layer_0/inst/u_core/cs_wd_reg[33]/CE
OWNER5 bd_i/layer_0/inst/u_core/u_dma/fmem_reg_0_255_483_483
OWNER5 bd_i/layer_0/inst/u_core/u_attn/dot_reg[9]
OWNER5 bd_i/layer_0/inst/u_core/u_dn/g_lane[59].o_acc_reg[59]
OWNER5 bd_i/layer_0/inst/u_core/u_attn/g_lane[188].prod_reg[188]
OWNER5 bd_i/layer_0/inst/u_core/u_dma/fmem_reg_0_255_6_6
OWNER5 bd_i/layer_0/inst/u_core/u_dma/fmem_reg_0_255_355_355
OWNER5 bd_i/layer_0/inst/u_core/u_dn/p_1_out__5__3
OWNER5 bd_i/layer_0/inst/u_core/u_dn/p_1_out__5__3
OWNER5 bd_i/layer_0/inst/u_core/u_dn/p_1_out__5__3
OWNER5 bd_i/layer_0/inst/u_core/u_dn/p_1_out__5__3
OWNER5 bd_i/layer_0/inst/u_core/u_dn/p_1_out__5__3
OWNER5 bd_i/layer_0/inst/u_core/u_dn/p_1_out__5__3
OWNER5 bd_i/layer_0/inst/u_core/u_dn/p_1_out__5__3
OWNER5 bd_i/layer_0/inst/u_core/u_dn/p_1_out__5__3
OWNER5 bd_i/layer_0/inst/u_core/u_dn/p_1_out__5__3
OWNER5 bd_i/layer_0/inst/u_core/u_dn/p_1_out__5__3
OWNER5 bd_i/layer_0/inst/u_core/u_dn/p_1_out__5__3
OWNER5 bd_i/layer_0/inst/u_core/u_dn/p_1_out__5__3
OWNER5 bd_i/layer_0/inst/u_core/u_dn/p_1_out__5__3
OWNER5 bd_i/layer_0/inst/u_core/u_dn/p_1_out__5__3
OWNER5 bd_i/layer_0/inst/u_core/u_dn/p_1_out__5__3
OWNER5 bd_i/layer_0/inst/u_core/u_dn/p_1_out__5__3
OWNER5 bd_i/layer_0/inst/u_core/u_dn/p_1_out__5__3
OWNER5 bd_i/layer_0/inst/u_core/u_dn/p_1_out__5__3
OWNER5 bd_i/layer_0/inst/u_core/u_dn/p_1_out__5__3
OWNER5 bd_i/layer_0/inst/u_core/u_dn/p_1_out__5__3
OWNER5 bd_i/layer_0/inst/u_core/u_dn/p_1_out__5__3
OWNER5 bd_i/layer_0/inst/u_core/u_dn/p_1_out__5__3
OWNER5 bd_i/layer_0/inst/u_core/u_dn/p_1_out__5__3
OWNER5 bd_i/layer_0/inst/u_core/u_dn/p_1_out__5__3
OWNER5 bd_i/layer_0/inst/u_core/u_dn/p_1_out__5__3
OWNER5 bd_i/layer_0/inst/u_core/u_dn/p_1_out__5__3
OWNER5 bd_i/layer_0/inst/u_core/u_dn/p_1_out__5__3
OWNER5 bd_i/layer_0/inst/u_core/u_dn/p_1_out__5__3
OWNER5 bd_i/layer_0/inst/u_core/u_dn/p_1_out__5__3
OWNER5 bd_i/layer_0/inst/u_core/u_dn/p_1_out__5__3
OWNER5 bd_i/layer_0/inst/u_core/u_dn/p_1_out__5__3
OWNER5 bd_i/layer_0/inst/u_core/u_dn/p_1_out__5__3
OWNER5 bd_i/layer_0/inst/u_core/u_dn/p_1_out__5__3
OWNER5 bd_i/layer_0/inst/u_core/u_dn/p_1_out__5__3
OWNER5 bd_i/layer_0/inst/u_core/u_dn/p_1_out__5__3
OWNER5 bd_i/layer_0/inst/u_core/u_dn/p_1_out__5__3
OWNER5 bd_i/layer_0/inst/u_core/u_dn/p_1_out__5__3
OWNER5 bd_i/layer_0/inst/u_core/u_dn/p_1_out__5__3
OWNER5 bd_i/layer_0/inst/u_core/u_dn/p_1_out__5__3
OWNER5 bd_i/layer_0/inst/u_core/u_dn/p_1_out__5__3
OWNER5 bd_i/layer_0/inst/u_core/u_dma/fmem_reg_0_255_224_224
OWNER5 bd_i/layer_0/inst/u_core/u_dma/fmem_reg_0_255_102_102
OWNER5 bd_i/layer_0/inst/u_core/u_dma/fmem_reg_0_255_332_332
OWNER5 bd_i/layer_0/inst/u_core/u_dn/g_lane[111].dec_p_reg[111]
OWNER5 bd_i/layer_0/inst/u_core/g_dnslot[1].mem_reg_uram_27/ADDR_B[5]
OWNER5 bd_i/layer_0/inst/u_core/u_attn/g_lane[67].prod_reg[67]
OWNER5 bd_i/layer_0/inst/u_core/u_attn/g_lane[36].pv_p_reg[36]_i_2_psdsp
OWNER5 bd_i/layer_0/inst/u_core/u_rope/m_data_reg[11]
OWNER5 bd_i/layer_0/inst/u_core/u_dma/fmem_reg_0_255_483_483
OWNER5 bd_i/layer_0/inst/u_core/u_dn/p_0_out__4__3
OWNER5 bd_i/layer_0/inst/u_core/u_dn/p_0_out__2__10
OWNER5 bd_i/axi_smc/inst/s02_entry_pipeline/s02_si_converter/inst
OWNER5 bd_i/axi_smc/inst/s02_entry_pipeline/s02_si_converter/inst
OWNER5 bd_i/axi_smc/inst/s02_entry_pipeline/s02_si_converter/inst
OWNER5 bd_i/layer_0/inst/u_core/u_dn/p_1_out__24__1
OWNER5 bd_i/layer_0/inst/u_core/u_dma/fmem_reg_0_255_477_477
OWNER5 bd_i/layer_0/inst/u_core/u_dn/g_lane[126].kvm_acc_reg[126]
OWNER5 bd_i/layer_0/inst/u_core/u_dn/g_lane[0].dm_p_reg[0]
OWNER5 bd_i/layer_0/inst/u_core/u_dma/fmem_reg_0_255_102_102
OWNER5 bd_i/layer_0/inst/u_core/u_dn/g_lane[123].kvm_acc_reg[123]
OWNER5 bd_i/layer_0/inst/u_core/u_dma/fmem_reg_0_255_298_298
OWNER5 bd_i/layer_0/inst/u_core/u_dma/fmem_reg_0_255_225_225
OWNER5 bd_i/layer_0/inst/u_core/u_dma/fmem_reg_0_255_493_493
OWNER5 bd_i/layer_0/inst/u_core/u_attn/g_lane[139].prod_reg[139]
OWNER5 bd_i/layer_0/inst/u_core/u_dma/fmem_reg_0_255_353_353
OWNER5 bd_i/layer_0/inst/u_core/g_kvslot[0].mem_reg_uram_13/CAS_IN_DIN_B[34]
OWNER5 bd_i/layer_0/inst/u_core/u_attn/g_lane[44].prod_reg[44]_i_2_psdsp
OWNER5 bd_i/layer_0/inst/u_core/u_dn/p_1_out__6__15
OWNER5 bd_i/layer_0/inst/u_core/g_dnslot[0].mem_reg_uram_6/DIN_B[60]
OWNER5 bd_i/layer_0/inst/u_core/u_dn/g_lane[89].kvm_acc_reg[89]
OWNER5 bd_i/layer_0/inst/u_core/u_dn/g_lane[60].dm_p_reg[60]
OWNER5 bd_i/layer_0/inst/u_core/u_alu/ps_c4_reg[1]
OWNER5 bd_i/layer_0/inst/u_core/u_attn/g_lane[103].pv_p_reg[103]
OWNER5 bd_i/layer_0/inst/u_core/u_dma/fmem_reg_0_255_355_355
OWNER5 bd_i/layer_0/inst/u_core/g_dnslot[1].mem_reg_uram_17/ADDR_A[10]
OWNER5 bd_i/layer_0/inst/u_core/u_attn/g_lane[41].pv_p_reg[41]_i_7_psdsp
OWNER5 bd_i/layer_0/inst/u_core/u_attn/g_lane[160].pv_p_reg[160]
OWNER5 bd_i/layer_0/inst/u_core/u_dma/fmem_reg_0_255_298_298
OWNER5 bd_i/layer_0/inst/u_core/u_attn/g_lane[32].pv_p_reg[32]
OWNER5 bd_i/layer_0/inst/u_core/u_attn/g_lane[82].pv_p_reg[82]
OWNER5 bd_i/layer_0/inst/u_core/krow_reg[1344]/CE
OWNER5 bd_i/layer_0/inst/u_core/krow_reg[486]/D
OWNER5 bd_i/layer_0/inst/u_core/u_dn/p_1_out__18__3
OWNER5 bd_i/layer_0/inst/u_core/u_dn/g_lane[125].o_acc_reg[125]
OWNER5 bd_i/layer_0/inst/u_core/u_dma/fmem_reg_0_255_422_422
OWNER5 bd_i/layer_0/inst/u_core/u_dn/p_1_out__5__0
OWNER5 bd_i/layer_0/inst/u_core/u_dn/p_1_out__5__0
OWNER5 bd_i/layer_0/inst/u_core/u_dn/p_1_out__5__0
OWNER5 bd_i/layer_0/inst/u_core/u_dn/p_1_out__5__0
OWNER5 bd_i/layer_0/inst/u_core/u_dn/p_1_out__5__0
OWNER5 bd_i/layer_0/inst/u_core/u_dn/p_1_out__5__0
OWNER5 bd_i/layer_0/inst/u_core/u_dn/p_1_out__5__0
OWNER5 bd_i/layer_0/inst/u_core/u_dn/p_1_out__5__0
OWNER5 bd_i/layer_0/inst/u_core/u_dn/p_1_out__5__0
OWNER5 bd_i/layer_0/inst/u_core/u_dn/p_1_out__5__0
OWNER5 bd_i/layer_0/inst/u_core/u_dn/p_1_out__5__0
OWNER5 bd_i/layer_0/inst/u_core/u_dn/p_1_out__5__0
OWNER5 bd_i/layer_0/inst/u_core/u_dn/p_1_out__5__0
OWNER5 bd_i/layer_0/inst/u_core/u_dn/p_1_out__5__0
OWNER5 bd_i/layer_0/inst/u_core/u_dn/p_1_out__5__0
OWNER5 bd_i/layer_0/inst/u_core/u_dn/p_1_out__5__0
OWNER5 bd_i/layer_0/inst/u_core/u_dn/p_1_out__5__0
OWNER5 bd_i/layer_0/inst/u_core/u_dn/p_1_out__5__0
OWNER5 bd_i/layer_0/inst/u_core/u_dn/p_1_out__5__0
OWNER5 bd_i/layer_0/inst/u_core/u_dn/p_1_out__5__0
OWNER5 bd_i/layer_0/inst/u_core/u_dn/p_1_out__5__0
OWNER5 bd_i/layer_0/inst/u_core/u_dn/p_1_out__5__0
OWNER5 bd_i/layer_0/inst/u_core/u_dn/p_1_out__5__0
OWNER5 bd_i/layer_0/inst/u_core/u_dn/p_1_out__5__0
OWNER5 bd_i/layer_0/inst/u_core/u_dn/p_1_out__5__0
OWNER5 bd_i/layer_0/inst/u_core/u_dn/p_1_out__5__0
OWNER5 bd_i/layer_0/inst/u_core/u_dn/p_1_out__5__0
OWNER5 bd_i/layer_0/inst/u_core/u_dn/p_1_out__5__0
OWNER5 bd_i/layer_0/inst/u_core/u_dn/p_1_out__5__0
OWNER5 bd_i/layer_0/inst/u_core/u_dn/p_1_out__5__0
OWNER5 bd_i/layer_0/inst/u_core/u_dn/p_1_out__5__0
OWNER5 bd_i/layer_0/inst/u_core/u_dn/p_1_out__5__0
OWNER5 bd_i/layer_0/inst/u_core/u_dn/p_1_out__5__0
OWNER5 bd_i/layer_0/inst/u_core/u_dn/p_1_out__5__0
OWNER5 bd_i/layer_0/inst/u_core/u_dn/p_1_out__5__0
OWNER5 bd_i/layer_0/inst/u_core/u_dn/p_1_out__5__0
OWNER5 bd_i/layer_0/inst/u_core/u_dn/p_1_out__5__0
OWNER5 bd_i/layer_0/inst/u_core/u_dn/p_1_out__5__0
OWNER5 bd_i/layer_0/inst/u_core/u_dn/p_1_out__5__0
OWNER5 bd_i/layer_0/inst/u_core/u_dn/p_1_out__5__0
OWNER5 bd_i/layer_0/inst/u_core/u_dn/p_1_out__5__0
OWNER5 bd_i/layer_0/inst/u_core/u_dn/p_1_out__5__0
OWNER5 bd_i/layer_0/inst/u_core/u_dn/p_1_out__5__0
OWNER5 bd_i/layer_0/inst/u_core/u_dn/p_1_out__5__0
OWNER5 bd_i/layer_0/inst/u_core/u_dn/p_1_out__5__0
OWNER5 bd_i/layer_0/inst/u_core/u_dn/p_1_out__5__0
OWNER5 bd_i/layer_0/inst/u_core/u_dn/p_1_out__5__0
OWNER5 bd_i/layer_0/inst/u_core/u_dn/p_1_out__5__0
OWNER5 bd_i/layer_0/inst/u_core/krow_reg[1790]/D
OWNER5 bd_i/layer_0/inst/u_core/u_attn/g_lane[82].pv_p_reg[82]
OWNER5 bd_i/layer_0/inst/u_core/u_alu/ps_rnd_reg[26]
OWNER5 bd_i/layer_0/inst/u_core/eng_sa_reg[4]/CE
OWNER5 bd_i/layer_0/inst/u_core/u_dn/g_lane[9].dec_p_reg[9]
OWNER5 bd_i/layer_0/inst/u_core/u_dn/g_lane[9].dec_p_reg[9]
OWNER5 bd_i/layer_0/inst/u_core/u_dn/g_lane[9].dec_p_reg[9]
OWNER5 bd_i/layer_0/inst/u_core/u_dn/g_lane[9].dec_p_reg[9]
OWNER5 bd_i/layer_0/inst/u_core/u_dn/g_lane[9].dec_p_reg[9]
OWNER5 bd_i/layer_0/inst/u_core/u_dn/g_lane[9].dec_p_reg[9]
OWNER5 bd_i/layer_0/inst/u_core/u_dn/g_lane[9].dec_p_reg[9]
OWNER5 bd_i/layer_0/inst/u_core/u_dn/g_lane[9].dec_p_reg[9]
OWNER5 bd_i/layer_0/inst/u_core/u_dn/g_lane[9].dec_p_reg[9]
OWNER5 bd_i/layer_0/inst/u_core/u_dn/g_lane[9].dec_p_reg[9]
OWNER5 bd_i/layer_0/inst/u_core/u_dn/g_lane[9].dec_p_reg[9]
OWNER5 bd_i/layer_0/inst/u_core/u_dn/g_lane[9].dec_p_reg[9]
OWNER5 bd_i/layer_0/inst/u_core/u_dn/g_lane[9].dec_p_reg[9]
OWNER5 bd_i/layer_0/inst/u_core/u_dn/g_lane[9].dec_p_reg[9]
OWNER5 bd_i/layer_0/inst/u_core/u_dn/g_lane[9].dec_p_reg[9]
OWNER5 bd_i/layer_0/inst/u_core/u_dn/g_lane[9].dec_p_reg[9]
OWNER5 bd_i/layer_0/inst/u_core/u_dn/g_lane[9].dec_p_reg[9]
OWNER5 bd_i/layer_0/inst/u_core/u_dn/g_lane[9].dec_p_reg[9]
OWNER5 bd_i/layer_0/inst/u_core/u_dn/g_lane[9].dec_p_reg[9]
OWNER5 bd_i/layer_0/inst/u_core/u_dn/g_lane[9].dec_p_reg[9]
OWNER5 bd_i/layer_0/inst/u_core/u_dn/g_lane[9].dec_p_reg[9]
OWNER5 bd_i/layer_0/inst/u_core/u_dn/g_lane[9].dec_p_reg[9]
OWNER5 bd_i/layer_0/inst/u_core/u_dn/g_lane[9].dec_p_reg[9]
OWNER5 bd_i/layer_0/inst/u_core/u_dn/g_lane[9].dec_p_reg[9]
OWNER5 bd_i/layer_0/inst/u_core/u_dn/g_lane[9].dec_p_reg[9]
OWNER5 bd_i/layer_0/inst/u_core/u_dn/g_lane[9].dec_p_reg[9]
OWNER5 bd_i/layer_0/inst/u_core/u_dn/g_lane[9].dec_p_reg[9]
OWNER5 bd_i/layer_0/inst/u_core/u_dn/g_lane[9].dec_p_reg[9]
OWNER5 bd_i/layer_0/inst/u_core/u_dn/g_lane[9].dec_p_reg[9]
OWNER5 bd_i/layer_0/inst/u_core/u_dn/g_lane[9].dec_p_reg[9]
OWNER5 bd_i/layer_0/inst/u_core/u_dn/g_lane[9].dec_p_reg[9]
OWNER5 bd_i/layer_0/inst/u_core/u_dn/g_lane[9].dec_p_reg[9]
OWNER5 bd_i/layer_0/inst/u_core/u_dn/g_lane[9].dec_p_reg[9]
OWNER5 bd_i/layer_0/inst/u_core/u_dn/g_lane[9].dec_p_reg[9]
OWNER5 bd_i/layer_0/inst/u_core/u_dn/g_lane[9].dec_p_reg[9]
OWNER5 bd_i/layer_0/inst/u_core/u_dn/g_lane[9].dec_p_reg[9]
OWNER5 bd_i/layer_0/inst/u_core/u_dn/g_lane[9].dec_p_reg[9]
OWNER5 bd_i/layer_0/inst/u_core/u_dn/g_lane[9].dec_p_reg[9]
OWNER5 bd_i/layer_0/inst/u_core/u_dn/g_lane[9].dec_p_reg[9]
OWNER5 bd_i/layer_0/inst/u_core/u_dn/g_lane[9].dec_p_reg[9]
OWNER5 bd_i/layer_0/inst/u_core/u_dn/g_lane[9].dec_p_reg[9]
OWNER5 bd_i/layer_0/inst/u_core/u_dn/g_lane[9].dec_p_reg[9]
OWNER5 bd_i/layer_0/inst/u_core/u_dn/g_lane[94].dec_p_reg[94]
OWNER5 bd_i/axi_smc/inst/s02_entry_pipeline/s02_si_converter/inst
OWNER5 bd_i/axi_smc/inst/s02_entry_pipeline/s02_si_converter/inst
OWNER5 bd_i/layer_0/inst/u_core/u_dn/p_0_out__3__13
OWNER5 bd_i/layer_0/inst/u_core/u_attn/g_lane[26].prod_reg[26]_i_9_psdsp_1
OWNER5 bd_i/layer_0/inst/u_core/u_dn/g_lane[94].o_acc_reg[94]
OWNER5 bd_i/layer_0/inst/u_core/smem_b_reg_bram_12/ADDRARDADDR[14]
OWNER5 bd_i/layer_0/inst/u_core/u_attn/g_lane[173].prod_reg[173]
OWNER5 bd_i/layer_0/inst/u_core/u_dn/g_lane[119].dec_p_reg[119]
OWNER5 bd_i/layer_0/inst/u_core/u_dn/g_lane[119].dec_p_reg[119]
OWNER5 bd_i/layer_0/inst/u_core/u_dn/g_lane[119].dec_p_reg[119]
OWNER5 bd_i/layer_0/inst/u_core/u_dn/g_lane[119].dec_p_reg[119]
OWNER5 bd_i/layer_0/inst/u_core/u_dn/g_lane[119].dec_p_reg[119]
OWNER5 bd_i/layer_0/inst/u_core/u_dn/g_lane[119].dec_p_reg[119]
OWNER5 bd_i/layer_0/inst/u_core/u_dn/g_lane[119].dec_p_reg[119]
OWNER5 bd_i/layer_0/inst/u_core/u_dn/g_lane[119].dec_p_reg[119]
OWNER5 bd_i/layer_0/inst/u_core/u_dn/g_lane[119].dec_p_reg[119]
OWNER5 bd_i/layer_0/inst/u_core/u_dn/g_lane[119].dec_p_reg[119]
OWNER5 bd_i/layer_0/inst/u_core/u_dn/g_lane[119].dec_p_reg[119]
OWNER5 bd_i/layer_0/inst/u_core/u_dn/g_lane[119].dec_p_reg[119]
OWNER5 bd_i/layer_0/inst/u_core/u_dn/g_lane[119].dec_p_reg[119]
OWNER5 bd_i/layer_0/inst/u_core/u_dn/g_lane[119].dec_p_reg[119]
OWNER5 bd_i/layer_0/inst/u_core/u_dn/g_lane[119].dec_p_reg[119]
OWNER5 bd_i/layer_0/inst/u_core/u_dn/g_lane[119].dec_p_reg[119]
OWNER5 bd_i/layer_0/inst/u_core/u_dn/g_lane[119].dec_p_reg[119]
OWNER5 bd_i/layer_0/inst/u_core/u_dn/g_lane[119].dec_p_reg[119]
OWNER5 bd_i/layer_0/inst/u_core/u_dn/g_lane[119].dec_p_reg[119]
OWNER5 bd_i/layer_0/inst/u_core/u_dn/g_lane[119].dec_p_reg[119]
OWNER5 bd_i/layer_0/inst/u_core/u_dn/g_lane[119].dec_p_reg[119]
OWNER5 bd_i/layer_0/inst/u_core/u_dn/g_lane[119].dec_p_reg[119]
OWNER5 bd_i/layer_0/inst/u_core/u_dn/g_lane[119].dec_p_reg[119]
OWNER5 bd_i/layer_0/inst/u_core/u_dn/g_lane[119].dec_p_reg[119]
OWNER5 bd_i/layer_0/inst/u_core/u_dn/g_lane[119].dec_p_reg[119]
OWNER5 bd_i/layer_0/inst/u_core/u_dn/g_lane[119].dec_p_reg[119]
OWNER5 bd_i/layer_0/inst/u_core/u_dn/g_lane[119].dec_p_reg[119]
OWNER5 bd_i/layer_0/inst/u_core/u_dn/g_lane[119].dec_p_reg[119]
OWNER5 bd_i/layer_0/inst/u_core/u_dn/g_lane[119].dec_p_reg[119]
OWNER5 bd_i/layer_0/inst/u_core/u_dn/g_lane[119].dec_p_reg[119]
OWNER5 bd_i/layer_0/inst/u_core/u_dn/g_lane[119].dec_p_reg[119]
OWNER5 bd_i/layer_0/inst/u_core/u_dn/g_lane[119].dec_p_reg[119]
OWNER5 bd_i/layer_0/inst/u_core/u_dn/g_lane[120].kvm_acc_reg[120]
OWNER5 bd_i/layer_0/inst/u_core/krow_reg[391]/D
OWNER5 bd_i/layer_0/inst/u_core/u_dma/fmem_reg_0_255_355_355
OWNER5 bd_i/layer_0/inst/u_core/u_dma/fmem_reg_0_255_354_354
OWNER5 bd_i/layer_0/inst/u_core/u_dma/fmem_reg_0_255_493_493
OWNER5 bd_i/layer_0/inst/u_core/krow_reg[1871]/D
OWNER5 bd_i/layer_0/inst/u_core/u_dma/fmem_reg_0_255_102_102
OWNER5 bd_i/layer_0/inst/u_core/u_dn/p_1_out__2__6
OWNER5 bd_i/layer_0/inst/u_core/u_dma/fmem_reg_0_255_6_6
OWNER5 bd_i/layer_0/inst/u_core/u_dn/p_1_out__0__15
OWNER5 bd_i/layer_0/inst/u_core/u_dn/p_1_out__0__15
OWNER5 bd_i/layer_0/inst/u_core/u_dn/p_1_out__0__15
OWNER5 bd_i/layer_0/inst/u_core/u_dn/p_1_out__0__15
OWNER5 bd_i/layer_0/inst/u_core/u_dn/p_1_out__0__15
OWNER5 bd_i/layer_0/inst/u_core/u_dn/p_1_out__0__15
OWNER5 bd_i/layer_0/inst/u_core/u_dn/p_1_out__0__15
OWNER5 bd_i/layer_0/inst/u_core/u_dn/p_1_out__0__15
OWNER5 bd_i/layer_0/inst/u_core/u_dn/p_1_out__0__15
OWNER5 bd_i/layer_0/inst/u_core/u_dn/p_1_out__0__15
OWNER5 bd_i/layer_0/inst/u_core/u_dn/p_1_out__0__15
OWNER5 bd_i/layer_0/inst/u_core/u_dn/p_1_out__0__15
OWNER5 bd_i/layer_0/inst/u_core/u_dn/p_1_out__0__15
OWNER5 bd_i/layer_0/inst/u_core/u_dn/p_1_out__0__15
OWNER5 bd_i/layer_0/inst/u_core/u_dn/p_1_out__0__15
OWNER5 bd_i/layer_0/inst/u_core/u_dn/p_1_out__0__15
OWNER5 bd_i/layer_0/inst/u_core/u_dn/p_1_out__0__15
OWNER5 bd_i/layer_0/inst/u_core/u_dn/p_1_out__0__15
OWNER5 bd_i/layer_0/inst/u_core/u_dn/p_1_out__0__15
OWNER5 bd_i/layer_0/inst/u_core/u_dn/p_1_out__0__15
OWNER5 bd_i/layer_0/inst/u_core/u_dn/p_1_out__0__15
OWNER5 bd_i/layer_0/inst/u_core/u_dn/p_1_out__0__15
OWNER5 bd_i/layer_0/inst/u_core/u_dn/p_1_out__0__15
OWNER5 bd_i/layer_0/inst/u_core/u_dn/p_1_out__0__15
OWNER5 bd_i/layer_0/inst/u_core/u_dn/p_1_out__0__15
OWNER5 bd_i/layer_0/inst/u_core/u_dn/p_1_out__0__15
OWNER5 bd_i/layer_0/inst/u_core/u_dn/p_1_out__0__15
OWNER5 bd_i/layer_0/inst/u_core/u_dn/p_1_out__0__15
OWNER5 bd_i/layer_0/inst/u_core/u_dn/p_1_out__0__15
OWNER5 bd_i/layer_0/inst/u_core/u_dn/p_1_out__0__15
OWNER5 bd_i/layer_0/inst/u_core/u_dn/p_1_out__0__15
OWNER5 bd_i/layer_0/inst/u_core/u_dn/p_1_out__0__15
OWNER5 bd_i/layer_0/inst/u_core/u_dn/p_1_out__0__15
OWNER5 bd_i/layer_0/inst/u_core/u_dn/p_1_out__0__15
OWNER5 bd_i/layer_0/inst/u_core/u_dma/fmem_reg_0_255_332_332
OWNER5 bd_i/layer_0/inst/u_core/g_dnslot[1].mem_reg_uram_6/ADDR_A[10]
OWNER5 bd_i/layer_0/inst/u_core/u_dn/p_1_out__6__6
OWNER5 bd_i/layer_0/inst/u_core/u_dn/p_1_out__6__6
OWNER5 bd_i/layer_0/inst/u_core/u_dn/p_1_out__6__6
OWNER5 bd_i/layer_0/inst/u_core/u_dn/p_1_out__6__6
OWNER5 bd_i/layer_0/inst/u_core/u_dn/p_1_out__6__6
OWNER5 bd_i/layer_0/inst/u_core/u_dn/p_1_out__6__6
OWNER5 bd_i/layer_0/inst/u_core/u_dn/p_1_out__6__6
OWNER5 bd_i/layer_0/inst/u_core/u_dn/p_1_out__6__6
OWNER5 bd_i/layer_0/inst/u_core/u_dn/p_1_out__6__6
OWNER5 bd_i/layer_0/inst/u_core/u_dn/p_1_out__6__6
OWNER5 bd_i/layer_0/inst/u_core/u_dn/p_1_out__6__6
OWNER5 bd_i/layer_0/inst/u_core/u_dn/p_1_out__6__6
OWNER5 bd_i/layer_0/inst/u_core/u_dn/p_1_out__6__6
OWNER5 bd_i/layer_0/inst/u_core/u_dn/p_1_out__6__6
OWNER5 bd_i/layer_0/inst/u_core/u_dn/p_1_out__6__6
OWNER5 bd_i/layer_0/inst/u_core/u_dn/p_1_out__6__6
OWNER5 bd_i/layer_0/inst/u_core/u_dn/p_1_out__6__6
OWNER5 bd_i/layer_0/inst/u_core/u_dn/p_1_out__6__6
OWNER5 bd_i/layer_0/inst/u_core/u_dn/p_1_out__6__6
OWNER5 bd_i/layer_0/inst/u_core/u_dn/p_1_out__6__6
OWNER5 bd_i/layer_0/inst/u_core/u_dn/p_1_out__6__6
OWNER5 bd_i/layer_0/inst/u_core/u_dn/p_1_out__6__6
OWNER5 bd_i/layer_0/inst/u_core/u_dn/p_1_out__6__6
OWNER5 bd_i/layer_0/inst/u_core/u_dn/p_1_out__6__6
OWNER5 bd_i/layer_0/inst/u_core/u_dn/p_1_out__6__6
OWNER5 bd_i/layer_0/inst/u_core/u_dn/p_1_out__6__6
OWNER5 bd_i/layer_0/inst/u_core/u_dn/p_1_out__6__6
OWNER5 bd_i/layer_0/inst/u_core/u_dn/p_1_out__6__6
OWNER5 bd_i/layer_0/inst/u_core/u_dn/p_1_out__6__6
OWNER5 bd_i/layer_0/inst/u_core/u_dn/p_1_out__6__6
OWNER5 bd_i/layer_0/inst/u_core/u_dn/p_1_out__6__6
OWNER5 bd_i/layer_0/inst/u_core/u_dn/p_1_out__6__6
OWNER5 bd_i/layer_0/inst/u_core/u_dn/p_1_out__6__6
OWNER5 bd_i/layer_0/inst/u_core/u_dn/p_1_out__6__6
OWNER5 bd_i/layer_0/inst/u_core/u_dn/p_1_out__6__6
OWNER5 bd_i/layer_0/inst/u_core/u_dn/p_1_out__6__6
OWNER5 bd_i/layer_0/inst/u_core/u_dn/p_1_out__6__6
OWNER5 bd_i/layer_0/inst/u_core/u_dn/p_1_out__6__6
OWNER5 bd_i/layer_0/inst/u_core/u_dn/p_1_out__6__6
OWNER5 bd_i/layer_0/inst/u_core/u_dn/p_1_out__6__6
OWNER5 bd_i/layer_0/inst/u_core/u_dn/p_1_out__6__6
OWNER5 bd_i/layer_0/inst/u_core/u_dn/p_1_out__6__6
OWNER5 bd_i/layer_0/inst/u_core/u_dn/p_1_out__6__6
OWNER5 bd_i/layer_0/inst/u_core/u_dn/p_1_out__6__6
OWNER5 bd_i/layer_0/inst/u_core/u_dn/p_1_out__6__6
OWNER5 bd_i/layer_0/inst/u_core/u_dn/p_1_out__6__6
OWNER5 bd_i/layer_0/inst/u_core/u_dn/p_1_out__6__6
OWNER5 bd_i/layer_0/inst/u_core/u_dn/p_1_out__6__6
OWNER5 bd_i/layer_0/inst/u_core/u_dma/fmem_reg_0_255_300_300
OWNER5 bd_i/layer_0/inst/u_core/u_attn/g_lane[160].pv_p_reg[160]
OWNER5 bd_i/layer_0/inst/u_core/u_dn/p_1_out__25__5
OWNER5 bd_i/layer_0/inst/u_core/krow_reg[1677]/D
OWNER5 bd_i/layer_0/inst/u_core/u_dma/fmem_reg_0_255_15_15
OWNER5 bd_i/layer_0/inst/u_core/u_attn/g_lane[238].prod_reg[238]
OWNER5 bd_i/layer_0/inst/u_core/smem_b_reg_bram_13/ADDRARDADDR[8]
OWNER5 bd_i/axi_smc/inst/s02_entry_pipeline/s02_si_converter/inst
OWNER5 bd_i/layer_0/inst/u_core/u_dn/p_0_out__6__10
OWNER5 bd_i/layer_0/inst/u_core/u_dn/p_0_out__16__2
OWNER5 bd_i/layer_0/inst/u_core/sdma_err_reg[1]/CE
OWNER5 bd_i/layer_0/inst/u_core/u_dn/p_0_out__0__18
OWNER5 bd_i/layer_0/inst/u_core/u_dn/p_0_out__2__15
OWNER5 bd_i/layer_0/inst/u_core/u_dma/fmem_reg_0_255_102_102
OWNER5 bd_i/layer_0/inst/u_core/u_attn/g_lane[154].pv_p_reg[154]
OWNER5 bd_i/layer_0/inst/u_core/u_dma/fmem_reg_0_255_359_359
OWNER5 bd_i/layer_0/inst/u_core/u_attn/g_lane[103].pv_p_reg[103]
OWNER5 bd_i/layer_0/inst/u_core/u_dn/p_1_out__5__18
OWNER5 bd_i/layer_0/inst/u_core/u_dn/p_1_out__5__18
OWNER5 bd_i/layer_0/inst/u_core/u_dn/p_1_out__5__18
OWNER5 bd_i/layer_0/inst/u_core/u_dn/p_1_out__5__18
OWNER5 bd_i/layer_0/inst/u_core/u_dn/p_1_out__5__18
OWNER5 bd_i/layer_0/inst/u_core/u_dn/p_1_out__5__18
OWNER5 bd_i/layer_0/inst/u_core/u_dn/p_1_out__5__18
OWNER5 bd_i/layer_0/inst/u_core/u_dn/p_1_out__5__18
OWNER5 bd_i/layer_0/inst/u_core/u_dn/p_1_out__5__18
OWNER5 bd_i/layer_0/inst/u_core/u_dn/p_1_out__5__18
OWNER5 bd_i/layer_0/inst/u_core/u_dn/p_1_out__5__18
OWNER5 bd_i/layer_0/inst/u_core/u_dn/p_1_out__5__18
OWNER5 bd_i/layer_0/inst/u_core/u_dn/p_1_out__5__18
OWNER5 bd_i/layer_0/inst/u_core/u_dn/p_1_out__5__18
OWNER5 bd_i/layer_0/inst/u_core/u_dn/p_1_out__5__18
OWNER5 bd_i/layer_0/inst/u_core/u_dn/p_1_out__5__18
OWNER5 bd_i/layer_0/inst/u_core/u_dn/p_1_out__5__18
OWNER5 bd_i/layer_0/inst/u_core/u_dn/p_1_out__5__18
OWNER5 bd_i/layer_0/inst/u_core/u_dn/p_1_out__5__18
OWNER5 bd_i/layer_0/inst/u_core/u_dn/p_1_out__5__18
OWNER5 bd_i/layer_0/inst/u_core/u_dn/p_1_out__5__18
OWNER5 bd_i/layer_0/inst/u_core/u_dn/p_1_out__5__18
OWNER5 bd_i/layer_0/inst/u_core/u_dn/p_1_out__5__18
OWNER5 bd_i/layer_0/inst/u_core/u_dn/p_1_out__5__18
OWNER5 bd_i/layer_0/inst/u_core/u_dn/p_1_out__5__18
OWNER5 bd_i/layer_0/inst/u_core/u_dn/p_1_out__5__18
OWNER5 bd_i/layer_0/inst/u_core/u_dn/p_1_out__5__18
OWNER5 bd_i/layer_0/inst/u_core/u_dn/p_1_out__5__18
OWNER5 bd_i/layer_0/inst/u_core/u_dn/p_1_out__5__18
OWNER5 bd_i/layer_0/inst/u_core/u_dn/p_1_out__5__18
OWNER5 bd_i/layer_0/inst/u_core/u_dn/p_1_out__5__18
OWNER5 bd_i/layer_0/inst/u_core/u_dn/p_1_out__5__18
OWNER5 bd_i/layer_0/inst/u_core/u_dn/p_1_out__5__18
OWNER5 bd_i/layer_0/inst/u_core/u_dn/p_1_out__5__18
OWNER5 bd_i/layer_0/inst/u_core/u_dn/p_1_out__5__18
OWNER5 bd_i/layer_0/inst/u_core/u_dn/p_1_out__5__18
OWNER5 bd_i/layer_0/inst/u_core/u_dn/p_1_out__5__18
OWNER5 bd_i/layer_0/inst/u_core/u_dn/p_1_out__5__18
OWNER5 bd_i/layer_0/inst/u_core/u_dn/p_1_out__5__18
OWNER5 bd_i/layer_0/inst/u_core/u_dn/p_1_out__5__18
OWNER5 bd_i/layer_0/inst/u_core/u_dn/p_1_out__5__18
OWNER5 bd_i/layer_0/inst/u_core/u_dn/p_1_out__5__18
OWNER5 bd_i/layer_0/inst/u_core/u_dma/fmem_reg_0_255_145_145
OWNER5 bd_i/layer_0/inst/u_core/u_dma/fmem_reg_0_255_225_225
OWNER5 bd_i/layer_0/inst/u_core/u_dn/p_1_out__11__3
OWNER5 bd_i/layer_0/inst/u_core/krow_reg[712]/CE
OWNER5 bd_i/layer_0/inst/u_core/u_dn/p_1_out__11__3
OWNER5 bd_i/layer_0/inst/u_core/u_attn/g_lane[138].pv_p_reg[138]
OWNER5 bd_i/layer_0/inst/u_core/krow_reg[343]/D
OWNER5 bd_i/layer_0/inst/u_core/krow_reg[1758]/D
OWNER5 bd_i/layer_0/inst/u_core/u_dma/fmem_reg_0_255_359_359
OWNER5 bd_i/layer_0/inst/u_core/cw_wd_reg[8]/CE
OWNER5 bd_i/layer_0/inst/u_core/u_dma/fmem_reg_0_255_354_354
OWNER5 bd_i/layer_0/inst/u_core/smem_a_reg_bram_15/ADDRARDADDR[3]
OWNER5 bd_i/axi_smc/inst/s02_entry_pipeline/s02_si_converter/inst
OWNER5 bd_i/axi_smc/inst/s02_entry_pipeline/s02_si_converter/inst
OWNER5 bd_i/layer_0/inst/u_core/u_attn/g_lane[234].prod_reg[234]
OWNER5 bd_i/layer_0/inst/u_core/u_dn/g_lane[72].dec_p_reg[72]
OWNER5 bd_i/layer_0/inst/u_core/u_dn/g_lane[120].sf_row_reg[120][4]
OWNER5 bd_i/layer_0/inst/u_core/u_dn/g_lane[120].sf_row_reg[120][5]
OWNER5 bd_i/layer_0/inst/u_core/krow_reg[1415]/D
OWNER5 bd_i/layer_0/inst/u_core/g_kvslot[0].mem_reg_uram_27/CAS_IN_DIN_B[35]
OWNER5 bd_i/layer_0/inst/u_core/g_kvslot[1].mem_reg_uram_15/CAS_IN_DIN_B[31]
OWNER5 bd_i/layer_0/inst/u_core/u_attn/g_lane[160].pv_p_reg[160]
OWNER5 bd_i/layer_0/inst/u_core/u_dn/p_0_out__3__11
OWNER5 bd_i/layer_0/inst/u_core/u_dn/p_1_out__10__11
OWNER5 bd_i/layer_0/inst/u_core/u_dn/g_lane[61].o_acc_reg[61]
OWNER5 bd_i/layer_0/inst/u_core/u_attn/g_lane[161].pv_p_reg[161]
OWNER5 bd_i/layer_0/inst/u_core/u_attn/g_lane[81].pv_p_reg[81]
OWNER5 bd_i/layer_0/inst/u_core/u_attn/g_lane[182].prod_reg[182]
OWNER5 bd_i/layer_0/inst/u_core/u_dn/g_lane[117].dm_p_reg[117]
OWNER5 bd_i/layer_0/inst/u_core/at_cfg_t_reg[11]/CE
OWNER5 bd_i/layer_0/inst/u_core/u_alu/ps_rnd_reg[0]
OWNER5 bd_i/layer_0/inst/u_core/u_dn/p_1_out__14__3
OWNER5 bd_i/layer_0/inst/u_core/u_dn/p_1_out__6__15
OWNER5 bd_i/layer_0/inst/u_core/u_dma/fmem_reg_0_255_346_346
OWNER5 bd_i/layer_0/inst/u_core/at_qdata_reg[11]_rep__4/CE
OWNER5 bd_i/layer_0/inst/u_core/at_qdata_reg[3]_rep__4/CE
OWNER5 bd_i/layer_0/inst/u_core/at_qdata_reg[5]_rep__4/CE
OWNER5 bd_i/layer_0/inst/u_core/u_attn/g_lane[154].pv_p_reg[154]
OWNER5 bd_i/layer_0/inst/u_core/u_alu/ps_rnd_reg[6]
OWNER5 bd_i/layer_0/inst/u_core/u_attn/g_lane[32].prod_reg[32]
OWNER5 bd_i/layer_0/inst/u_core/u_dn/p_1_out__11__9
OWNER5 bd_i/layer_0/inst/u_core/u_dn/g_lane[121].kvm_acc_reg[121]
OWNER5 bd_i/layer_0/inst/u_core/u_dma/fmem_reg_0_255_475_475
OWNER5 bd_i/layer_0/inst/u_core/u_dma/fmem_reg_0_255_493_493
OWNER5 bd_i/layer_0/inst/u_core/u_dn/p_0_out__0__18
OWNER5 bd_i/layer_0/inst/u_core/u_attn/g_lane[183].prod_reg[183]
OWNER5 bd_i/layer_0/inst/u_core/g_kvslot[0].mem_reg_uram_27/CAS_IN_DIN_B[47]
OWNER5 bd_i/layer_0/inst/u_core/u_dma/fmem_reg_0_255_434_434
OWNER5 bd_i/layer_0/inst/u_core/u_attn/g_lane[234].prod_reg[234]
OWNER5 bd_i/layer_0/inst/u_core/u_dn/vdata_q_reg[11]_rep_replica_4
OWNER5 bd_i/layer_0/inst/u_core/u_dma/fmem_reg_0_255_415_415
OWNER5 bd_i/layer_0/inst/u_core/u_dma/fmem_reg_0_255_353_353
OWNER5 bd_i/layer_0/inst/u_core/u_dn/p_1_out__0__6
OWNER5 bd_i/layer_0/inst/u_core/u_dma/fmem_reg_0_255_75_75
OWNER5 bd_i/layer_0/inst/u_core/u_dn/g_lane[36].o_acc_reg[36]
OWNER5 bd_i/layer_0/inst/u_core/u_dma/fmem_reg_0_255_359_359
OWNER5 bd_i/layer_0/inst/u_core/u_dn/g_lane[23].kvm_acc_reg[23]
OWNER5 bd_i/seq_0/inst/u_seq/pc_reg[28]/CE
OWNER5 bd_i/layer_0/inst/u_core/u_attn/g_lane[182].prod_reg[182]
OWNER5 bd_i/layer_0/inst/u_core/u_dma/fmem_reg_0_255_459_459
OWNER5 bd_i/layer_0/inst/u_core/u_dn/p_1_out__4__4
OWNER5 bd_i/layer_0/inst/u_core/u_dn/g_lane[89].p2_p_reg[89]
OWNER5 bd_i/layer_0/inst/u_core/krow_reg[254]/D
OWNER5 bd_i/layer_0/inst/u_core/u_dma/fmem_reg_0_255_8_8
OWNER5 bd_i/layer_0/inst/u_core/u_dn/g_lane[72].dec_p_reg[72]
OWNER5 bd_i/layer_0/inst/u_core/u_attn/g_lane[187].pv_p_reg[187]
OWNER5 bd_i/layer_0/inst/u_core/u_dma/fmem_reg_0_255_354_354
OWNER5 bd_i/layer_0/inst/u_core/u_attn/dot_reg[10]
OWNER5 bd_i/layer_0/inst/u_core/u_attn/g_lane[34].prod_reg[34]
OWNER5 bd_i/layer_0/inst/u_core/tmp64_reg[44]/D
OWNER5 bd_i/layer_0/inst/u_core/u_dn/p_1_out__5__15
OWNER5 bd_i/layer_0/inst/u_core/u_dn/g_lane[17].kvm_acc_reg[17]
OWNER5 bd_i/layer_0/inst/u_core/u_dn/p_1_out__25__5
OWNER5 bd_i/layer_0/inst/u_core/u_dn/g_lane[27].kvm_acc_reg[27]
OWNER5 bd_i/layer_0/inst/u_core/u_dma/fmem_reg_0_255_286_286
OWNER5 bd_i/layer_0/inst/u_core/krow_reg[1842]/D
OWNER5 bd_i/layer_0/inst/u_core/krow_reg[992]/D
# puts "OWNER5_TALLY_END"
OWNER5_TALLY_END
# foreach p [lrange $paths 0 3] {
#     set dp [get_property DATAPATH_DELAY $p]
#     set lg [get_property DATAPATH_LOGIC_DELAY $p]
#     puts [format "SPLIT slack=%s logic=%s route=%.3f datapath_total=%s ep=%s" \
#         [get_property SLACK $p] $lg [expr {$dp - $lg}] $dp \
#         [get_property ENDPOINT_PIN $p]]
# }
SPLIT slack=-0.156 logic=1.700 route=2.062 datapath_total=3.762 ep=bd_i/layer_0/inst/u_core/u_attn/g_lane[38].pv_p_reg[38]_i_8_psdsp_1/D
SPLIT slack=-0.155 logic=0.568 route=3.275 datapath_total=3.843 ep=bd_i/layer_0/inst/u_core/u_attn/dot_reg[31]/D
SPLIT slack=-0.154 logic=0.568 route=3.274 datapath_total=3.842 ep=bd_i/layer_0/inst/u_core/u_attn/dot_reg[29]/D
SPLIT slack=-0.154 logic=1.661 route=2.001 datapath_total=3.662 ep=bd_i/layer_0/inst/u_core/u_attn/g_lane[76].pv_p_reg[76]/DSP_A_B_DATA_INST/A[3]
# set xpins [get_pins -quiet -hier -filter {NAME =~ *u_engine/xline_q0_reg*/CE}]
# puts "XLINE_CE_PIN_COUNT: [llength $xpins]"
XLINE_CE_PIN_COUNT: 4096
# if {[llength $xpins] > 0} {
#     set xp [get_timing_paths -to $xpins -setup -max_paths 1000 -nworst 1]
#     puts "XLINE_CE_PATH_COUNT: [llength $xp]"
#     set worst 99.0
#     set nneg 0
#     array set chworst {}
#     puts "XLINE_CE_BEGIN"
#     set i 0
#     foreach p $xp {
#         set s [get_property SLACK $p]
#         set ep [get_property ENDPOINT_PIN $p]
#         if {$s < $worst} { set worst $s }
#         if {$s < 0} { incr nneg }
#         # bucket by mvchan index
#         set ch "?"
#         if {[regexp {mvchan_(\d+)} $ep -> m]} { set ch $m }
#         if {![info exists chworst($ch)] || $s < $chworst($ch)} { set chworst($ch) $s }
#         if {$i < 30} {
#             puts [format "XLINE_CE %8s lvl=%-3s %s <- %s" $s \
#                 [get_property LOGIC_LEVELS $p] $ep [get_property STARTPOINT_PIN $p]]
#         }
#         incr i
#     }
#     puts "XLINE_CE_END"
#     puts "XLINE_CE_WORST: $worst"
#     puts "XLINE_CE_NEGATIVE_COUNT: $nneg"
#     foreach ch [lsort [array names chworst]] {
#         puts "XLINE_CE_WORST_mvchan_$ch: $chworst($ch)"
#     }
#     # route/logic split of the single worst xline CE path
#     set p0 [lindex $xp 0]
#     set dp [get_property DATAPATH_DELAY $p0]
#     set lg [get_property DATAPATH_LOGIC_DELAY $p0]
#     puts [format "XLINE_CE_SPLIT slack=%s logic=%s route=%.3f datapath_total=%s ep=%s" \
#         [get_property SLACK $p0] $lg [expr {$dp - $lg}] $dp \
#         [get_property ENDPOINT_PIN $p0]]
# }
XLINE_CE_PATH_COUNT: 1000
XLINE_CE_BEGIN
XLINE_CE    0.014 lvl=5   bd_i/mvchan_0/inst/u_chan/u_engine/xline_q0_reg[20]__4/CE <- bd_i/mvchan_0/inst/u_chan/u_engine/r_g_reg[2]/C
XLINE_CE    0.014 lvl=5   bd_i/mvchan_0/inst/u_chan/u_engine/xline_q0_reg[21]__4/CE <- bd_i/mvchan_0/inst/u_chan/u_engine/r_g_reg[2]/C
XLINE_CE    0.014 lvl=5   bd_i/mvchan_0/inst/u_chan/u_engine/xline_q0_reg[6]__1/CE <- bd_i/mvchan_0/inst/u_chan/u_engine/r_g_reg[2]/C
XLINE_CE    0.014 lvl=5   bd_i/mvchan_0/inst/u_chan/u_engine/xline_q0_reg[7]__1/CE <- bd_i/mvchan_0/inst/u_chan/u_engine/r_g_reg[2]/C
XLINE_CE    0.017 lvl=5   bd_i/mvchan_0/inst/u_chan/u_engine/xline_q0_reg[14]__0/CE <- bd_i/mvchan_0/inst/u_chan/u_engine/r_g_reg[2]/C
XLINE_CE    0.017 lvl=5   bd_i/mvchan_0/inst/u_chan/u_engine/xline_q0_reg[14]__4/CE <- bd_i/mvchan_0/inst/u_chan/u_engine/r_g_reg[2]/C
XLINE_CE    0.017 lvl=5   bd_i/mvchan_0/inst/u_chan/u_engine/xline_q0_reg[15]__0/CE <- bd_i/mvchan_0/inst/u_chan/u_engine/r_g_reg[2]/C
XLINE_CE    0.017 lvl=5   bd_i/mvchan_0/inst/u_chan/u_engine/xline_q0_reg[15]__4/CE <- bd_i/mvchan_0/inst/u_chan/u_engine/r_g_reg[2]/C
XLINE_CE    0.021 lvl=5   bd_i/mvchan_0/inst/u_chan/u_engine/xline_q0_reg[1]__1/CE <- bd_i/mvchan_0/inst/u_chan/u_engine/r_g_reg[2]/C
XLINE_CE    0.022 lvl=5   bd_i/mvchan_0/inst/u_chan/u_engine/xline_q0_reg[16]__10/CE <- bd_i/mvchan_0/inst/u_chan/u_engine/r_g_reg[2]/C
XLINE_CE    0.022 lvl=5   bd_i/mvchan_0/inst/u_chan/u_engine/xline_q0_reg[20]__9/CE <- bd_i/mvchan_0/inst/u_chan/u_engine/r_g_reg[2]/C
XLINE_CE    0.022 lvl=5   bd_i/mvchan_0/inst/u_chan/u_engine/xline_q0_reg[28]__8/CE <- bd_i/mvchan_0/inst/u_chan/u_engine/r_g_reg[2]/C
XLINE_CE    0.022 lvl=5   bd_i/mvchan_0/inst/u_chan/u_engine/xline_q0_reg[28]__9/CE <- bd_i/mvchan_0/inst/u_chan/u_engine/r_g_reg[2]/C
XLINE_CE    0.023 lvl=5   bd_i/mvchan_0/inst/u_chan/u_engine/xline_q0_reg[17]__10/CE <- bd_i/mvchan_0/inst/u_chan/u_engine/r_g_reg[2]/C
XLINE_CE    0.023 lvl=5   bd_i/mvchan_0/inst/u_chan/u_engine/xline_q0_reg[21]__9/CE <- bd_i/mvchan_0/inst/u_chan/u_engine/r_g_reg[2]/C
XLINE_CE    0.023 lvl=5   bd_i/mvchan_0/inst/u_chan/u_engine/xline_q0_reg[29]__8/CE <- bd_i/mvchan_0/inst/u_chan/u_engine/r_g_reg[2]/C
XLINE_CE    0.023 lvl=5   bd_i/mvchan_0/inst/u_chan/u_engine/xline_q0_reg[29]__9/CE <- bd_i/mvchan_0/inst/u_chan/u_engine/r_g_reg[2]/C
XLINE_CE    0.023 lvl=5   bd_i/mvchan_0/inst/u_chan/u_engine/xline_q0_reg[0]__1/CE <- bd_i/mvchan_0/inst/u_chan/u_engine/r_g_reg[2]/C
XLINE_CE    0.024 lvl=5   bd_i/mvchan_0/inst/u_chan/u_engine/xline_q0_reg[6]__9/CE <- bd_i/mvchan_0/inst/u_chan/u_engine/r_g_reg[2]/C
XLINE_CE    0.024 lvl=5   bd_i/mvchan_0/inst/u_chan/u_engine/xline_q0_reg[7]__9/CE <- bd_i/mvchan_0/inst/u_chan/u_engine/r_g_reg[2]/C
XLINE_CE    0.027 lvl=5   bd_i/mvchan_0/inst/u_chan/u_engine/xline_q0_reg[0]__17/CE <- bd_i/mvchan_0/inst/u_chan/u_engine/r_g_reg[2]/C
XLINE_CE    0.027 lvl=5   bd_i/mvchan_0/inst/u_chan/u_engine/xline_q0_reg[1]__17/CE <- bd_i/mvchan_0/inst/u_chan/u_engine/r_g_reg[2]/C
XLINE_CE    0.027 lvl=5   bd_i/mvchan_0/inst/u_chan/u_engine/xline_q0_reg[28]__17/CE <- bd_i/mvchan_0/inst/u_chan/u_engine/r_g_reg[2]/C
XLINE_CE    0.027 lvl=5   bd_i/mvchan_0/inst/u_chan/u_engine/xline_q0_reg[29]__17/CE <- bd_i/mvchan_0/inst/u_chan/u_engine/r_g_reg[2]/C
XLINE_CE    0.027 lvl=5   bd_i/mvchan_0/inst/u_chan/u_engine/xline_q0_reg[4]__17/CE <- bd_i/mvchan_0/inst/u_chan/u_engine/r_g_reg[2]/C
XLINE_CE    0.027 lvl=5   bd_i/mvchan_0/inst/u_chan/u_engine/xline_q0_reg[5]__17/CE <- bd_i/mvchan_0/inst/u_chan/u_engine/r_g_reg[2]/C
XLINE_CE    0.033 lvl=5   bd_i/mvchan_0/inst/u_chan/u_engine/xline_q0_reg[10]__9/CE <- bd_i/mvchan_0/inst/u_chan/u_engine/r_g_reg[2]/C
XLINE_CE    0.033 lvl=5   bd_i/mvchan_0/inst/u_chan/u_engine/xline_q0_reg[12]__9/CE <- bd_i/mvchan_0/inst/u_chan/u_engine/r_g_reg[2]/C
XLINE_CE    0.033 lvl=5   bd_i/mvchan_0/inst/u_chan/u_engine/xline_q0_reg[8]__9/CE <- bd_i/mvchan_0/inst/u_chan/u_engine/r_g_reg[2]/C
XLINE_CE    0.034 lvl=5   bd_i/mvchan_0/inst/u_chan/u_engine/xline_q0_reg[11]__9/CE <- bd_i/mvchan_0/inst/u_chan/u_engine/r_g_reg[2]/C
XLINE_CE_END
XLINE_CE_WORST: 0.014
XLINE_CE_NEGATIVE_COUNT: 0
XLINE_CE_WORST_mvchan_0: 0.014
XLINE_CE_WORST_mvchan_2: 0.079
XLINE_CE_WORST_mvchan_3: 0.361
XLINE_CE_SPLIT slack=0.014 logic=0.376 route=2.565 datapath_total=2.941 ep=bd_i/mvchan_0/inst/u_chan/u_engine/xline_q0_reg[20]__4/CE
# report_utilization -hierarchical -file $D/reports/census_utilization_hier.rpt
report_utilization: Time (s): cpu = 00:01:21 ; elapsed = 00:01:26 . Memory (MB): peak = 11907.535 ; gain = 0.000 ; free physical = 31283 ; free virtual = 334607
# report_timing_summary -file $D/reports/census_timing_summary.rpt
WARNING: [Timing 38-436] There are set_bus_skew constraint(s) in this design. Please run report_bus_skew to ensure that bus skew requirements are met.
report_timing_summary: Time (s): cpu = 00:01:49 ; elapsed = 00:00:39 . Memory (MB): peak = 12223.535 ; gain = 316.000 ; free physical = 30797 ; free virtual = 334220
# puts "CENSUS_OK"
CENSUS_OK
INFO: [Common 17-206] Exiting Vivado at Mon Sep  7 15:06:31 2026...
=== rc: 0
=== end: 2026-09-07T15:06:46-06:00
