Copyright 1986-2022 Xilinx, Inc. All Rights Reserved. Copyright 2022-2024 Advanced Micro Devices, Inc. All Rights Reserved.
--------------------------------------------------------------------------------------------------------------------------------------------------
| Tool Version      : Vivado v.2024.2 (lin64) Build 5239630 Fri Nov 08 22:34:34 MST 2024
| Date              : Mon Sep  7 21:08:54 2026
| Host              : snoke running 64-bit Ubuntu 24.04.4 LTS
| Command           : report_clock_utilization -file evidence/qwen9b/g5/147_t14b_skewprobe_ckr2_clock_util.rpt
| Design            : bd_wrapper
| Device            : xcvu9p-fsgd2104
| Speed File        : -2L  PRODUCTION 1.28 03-30-2022
| Temperature Grade : E
| Design State      : Physopt postRoute
--------------------------------------------------------------------------------------------------------------------------------------------------

Clock Utilization Report

Table of Contents
-----------------
1. Clock Primitive Utilization
2. Global Clock Resources
3. Global Clock Source Details
4. Clock Regions : Clock Primitives
5. Clock Regions : Load Primitives
6. Clock Regions : Global Clock Summary
7. Clock Regions : Routing Resource Utilization
8. Device Cell Placement Summary for Global Clock g0
9. Device Cell Placement Summary for Global Clock g1
10. Device Cell Placement Summary for Global Clock g2
11. Device Cell Placement Summary for Global Clock g3
12. Device Cell Placement Summary for Global Clock g4
13. Device Cell Placement Summary for Global Clock g5
14. Device Cell Placement Summary for Global Clock g6
15. Device Cell Placement Summary for Global Clock g7
16. Device Cell Placement Summary for Global Clock g8
17. Device Cell Placement Summary for Global Clock g9
18. Device Cell Placement Summary for Global Clock g10
19. Device Cell Placement Summary for Global Clock g11
20. Device Cell Placement Summary for Global Clock g12
21. Device Cell Placement Summary for Global Clock g13
22. Device Cell Placement Summary for Global Clock g14
23. Device Cell Placement Summary for Global Clock g15
24. Device Cell Placement Summary for Global Clock g16
25. Device Cell Placement Summary for Global Clock g17
26. Device Cell Placement Summary for Global Clock g18
27. Device Cell Placement Summary for Global Clock g19
28. Device Cell Placement Summary for Global Clock g20
29. Device Cell Placement Summary for Global Clock g21
30. Device Cell Placement Summary for Global Clock g22
31. Device Cell Placement Summary for Global Clock g23
32. Device Cell Placement Summary for Global Clock g24
33. Device Cell Placement Summary for Global Clock g25
34. Device Cell Placement Summary for Global Clock g26
35. Device Cell Placement Summary for Global Clock g27
36. Clock Region Cell Placement per Global Clock: Region X0Y0
37. Clock Region Cell Placement per Global Clock: Region X1Y0
38. Clock Region Cell Placement per Global Clock: Region X2Y0
39. Clock Region Cell Placement per Global Clock: Region X3Y0
40. Clock Region Cell Placement per Global Clock: Region X4Y0
41. Clock Region Cell Placement per Global Clock: Region X5Y0
42. Clock Region Cell Placement per Global Clock: Region X0Y1
43. Clock Region Cell Placement per Global Clock: Region X1Y1
44. Clock Region Cell Placement per Global Clock: Region X2Y1
45. Clock Region Cell Placement per Global Clock: Region X3Y1
46. Clock Region Cell Placement per Global Clock: Region X4Y1
47. Clock Region Cell Placement per Global Clock: Region X5Y1
48. Clock Region Cell Placement per Global Clock: Region X0Y2
49. Clock Region Cell Placement per Global Clock: Region X1Y2
50. Clock Region Cell Placement per Global Clock: Region X2Y2
51. Clock Region Cell Placement per Global Clock: Region X3Y2
52. Clock Region Cell Placement per Global Clock: Region X4Y2
53. Clock Region Cell Placement per Global Clock: Region X5Y2
54. Clock Region Cell Placement per Global Clock: Region X0Y3
55. Clock Region Cell Placement per Global Clock: Region X1Y3
56. Clock Region Cell Placement per Global Clock: Region X2Y3
57. Clock Region Cell Placement per Global Clock: Region X3Y3
58. Clock Region Cell Placement per Global Clock: Region X4Y3
59. Clock Region Cell Placement per Global Clock: Region X5Y3
60. Clock Region Cell Placement per Global Clock: Region X0Y4
61. Clock Region Cell Placement per Global Clock: Region X1Y4
62. Clock Region Cell Placement per Global Clock: Region X2Y4
63. Clock Region Cell Placement per Global Clock: Region X3Y4
64. Clock Region Cell Placement per Global Clock: Region X4Y4
65. Clock Region Cell Placement per Global Clock: Region X5Y4
66. Clock Region Cell Placement per Global Clock: Region X0Y5
67. Clock Region Cell Placement per Global Clock: Region X1Y5
68. Clock Region Cell Placement per Global Clock: Region X2Y5
69. Clock Region Cell Placement per Global Clock: Region X3Y5
70. Clock Region Cell Placement per Global Clock: Region X4Y5
71. Clock Region Cell Placement per Global Clock: Region X5Y5
72. Clock Region Cell Placement per Global Clock: Region X0Y6
73. Clock Region Cell Placement per Global Clock: Region X1Y6
74. Clock Region Cell Placement per Global Clock: Region X2Y6
75. Clock Region Cell Placement per Global Clock: Region X3Y6
76. Clock Region Cell Placement per Global Clock: Region X4Y6
77. Clock Region Cell Placement per Global Clock: Region X5Y6
78. Clock Region Cell Placement per Global Clock: Region X0Y7
79. Clock Region Cell Placement per Global Clock: Region X1Y7
80. Clock Region Cell Placement per Global Clock: Region X2Y7
81. Clock Region Cell Placement per Global Clock: Region X3Y7
82. Clock Region Cell Placement per Global Clock: Region X4Y7
83. Clock Region Cell Placement per Global Clock: Region X5Y7
84. Clock Region Cell Placement per Global Clock: Region X0Y8
85. Clock Region Cell Placement per Global Clock: Region X1Y8
86. Clock Region Cell Placement per Global Clock: Region X2Y8
87. Clock Region Cell Placement per Global Clock: Region X3Y8
88. Clock Region Cell Placement per Global Clock: Region X4Y8
89. Clock Region Cell Placement per Global Clock: Region X5Y8
90. Clock Region Cell Placement per Global Clock: Region X0Y9
91. Clock Region Cell Placement per Global Clock: Region X1Y9
92. Clock Region Cell Placement per Global Clock: Region X2Y9
93. Clock Region Cell Placement per Global Clock: Region X3Y9
94. Clock Region Cell Placement per Global Clock: Region X4Y9
95. Clock Region Cell Placement per Global Clock: Region X5Y9
96. Clock Region Cell Placement per Global Clock: Region X2Y10
97. Clock Region Cell Placement per Global Clock: Region X3Y10
98. Clock Region Cell Placement per Global Clock: Region X4Y10
99. Clock Region Cell Placement per Global Clock: Region X3Y11
100. Clock Region Cell Placement per Global Clock: Region X4Y11
101. Clock Region Cell Placement per Global Clock: Region X4Y12
102. Clock Region Cell Placement per Global Clock: Region X4Y13

1. Clock Primitive Utilization
------------------------------

+------------+------+-----------+-----+--------------+--------+
| Type       | Used | Available | LOC | Clock Region | Pblock |
+------------+------+-----------+-----+--------------+--------+
| BUFGCE     |   14 |       720 |   0 |            0 |      0 |
| BUFGCE_DIV |    0 |       120 |   0 |            0 |      0 |
| BUFGCTRL   |    0 |       240 |   0 |            0 |      0 |
| BUFG_GT    |   14 |       720 |   0 |            0 |      0 |
| MMCM       |    4 |        30 |   4 |            0 |      0 |
| PLL        |   12 |        60 |   0 |            0 |     12 |
+------------+------+-----------+-----+--------------+--------+


2. Global Clock Resources
-------------------------

+-----------+-----------+-----------------+------------+----------------+--------------+----------+-------------------+------------------+-------------------+-------------+-----------------+--------------+-----------------------------------------------------------------------------------------------------------------------------------------------------------------------------------------------------------------------------------------------------------------------------------------------------------------------------------------------------------------------------------------------------------------------------------+-----------------------------------------------------------------------------------------------------------------------------------------------------------------------------------------------------------------------------------------------------------------------------------------------------------------------------------------------------------------------------------------------------------------------------------+--------------------------------------------------------------------------------------------------------------------------------------------------------------------------------------------------------------------------------------------------------------------------------------------------------------------------------------------------------------------------------------------------------------------+
| Global Id | Source Id | Driver Type/Pin | Constraint | Site           | Clock Region | Root     | Clock Delay Group | Clock Low Fanout | Load Clock Region | Clock Loads | Non-Clock Loads | Clock Period | Clock                                                                                                                                                                                                                                                                                                                                                                                                                             | Driver Pin                                                                                                                                                                                                                                                                                                                                                                                                                        | Net                                                                                                                                                                                                                                                                                                                                                                                                                |
+-----------+-----------+-----------------+------------+----------------+--------------+----------+-------------------+------------------+-------------------+-------------+-----------------+--------------+-----------------------------------------------------------------------------------------------------------------------------------------------------------------------------------------------------------------------------------------------------------------------------------------------------------------------------------------------------------------------------------------------------------------------------------+-----------------------------------------------------------------------------------------------------------------------------------------------------------------------------------------------------------------------------------------------------------------------------------------------------------------------------------------------------------------------------------------------------------------------------------+--------------------------------------------------------------------------------------------------------------------------------------------------------------------------------------------------------------------------------------------------------------------------------------------------------------------------------------------------------------------------------------------------------------------+
| g0        | src0      | BUFG_GT/O       | None       | BUFG_GT_X1Y198 | X5Y8         | X2Y2 (U) |                   |                  |                47 |      123390 |               0 |        4.000 | xdma_0_axi_aclk                                                                                                                                                                                                                                                                                                                                                                                                                   | bd_i/xdma_0/inst/pcie4_ip_i/inst/bd_xdma_0_0_pcie4_ip_gt_top_i/diablo_gt.diablo_gt_phy_wrapper/phy_clk_i/bufg_gt_userclk/O                                                                                                                                                                                                                                                                                                        | bd_i/xdma_0/inst/pcie4_ip_i/inst/bd_xdma_0_0_pcie4_ip_gt_top_i/diablo_gt.diablo_gt_phy_wrapper/phy_clk_i/PHY_USERCLK                                                                                                                                                                                                                                                                                               |
| g1        | src0      | BUFG_GT/O       | None       | BUFG_GT_X1Y193 | X5Y8         | X2Y2     |                   |                  |                 4 |        2222 |               0 |        4.000 | pipe_clk                                                                                                                                                                                                                                                                                                                                                                                                                          | bd_i/xdma_0/inst/pcie4_ip_i/inst/bd_xdma_0_0_pcie4_ip_gt_top_i/diablo_gt.diablo_gt_phy_wrapper/phy_clk_i/bufg_gt_pclk/O                                                                                                                                                                                                                                                                                                           | bd_i/xdma_0/inst/pcie4_ip_i/inst/bd_xdma_0_0_pcie4_ip_gt_top_i/diablo_gt.diablo_gt_phy_wrapper/phy_clk_i/CLK_PCLK2_GT                                                                                                                                                                                                                                                                                              |
| g2        | src0      | BUFG_GT/O       | None       | BUFG_GT_X1Y201 | X5Y8         | X2Y2     |                   |                  |                 3 |        1932 |               0 |        2.000 | GTYE4_CHANNEL_TXOUTCLK[3]_1                                                                                                                                                                                                                                                                                                                                                                                                       | bd_i/xdma_0/inst/pcie4_ip_i/inst/bd_xdma_0_0_pcie4_ip_gt_top_i/diablo_gt.diablo_gt_phy_wrapper/phy_clk_i/bufg_gt_coreclk/O                                                                                                                                                                                                                                                                                                        | bd_i/xdma_0/inst/pcie4_ip_i/inst/bd_xdma_0_0_pcie4_ip_gt_top_i/diablo_gt.diablo_gt_phy_wrapper/phy_clk_i/PHY_CORECLK                                                                                                                                                                                                                                                                                               |
| g3        | src0      | BUFG_GT/O       | None       | BUFG_GT_X1Y209 | X5Y8         | X5Y8     |                   |                  |                 1 |          31 |               0 |        8.000 | bd_i/xdma_0/inst/pcie4_ip_i/inst/bd_xdma_0_0_pcie4_ip_gt_top_i/diablo_gt.diablo_gt_phy_wrapper/gt_wizard.gtwizard_top_i/bd_xdma_0_0_pcie4_ip_gt_i/inst/gen_gtwizard_gtye4_top.bd_xdma_0_0_pcie4_ip_gt_gtwizard_gtye4_inst/gen_gtwizard_gtye4.gen_cpll_cal_gtye4.gen_cpll_cal_inst[7].gen_inst_cpll_cal.gtwizard_ultrascale_v1_7_19_gtye4_cpll_cal_inst/gtwizard_ultrascale_v1_7_19_gtye4_cpll_cal_tx_i/bufg_gt_txoutclkmon_inst/O | bd_i/xdma_0/inst/pcie4_ip_i/inst/bd_xdma_0_0_pcie4_ip_gt_top_i/diablo_gt.diablo_gt_phy_wrapper/gt_wizard.gtwizard_top_i/bd_xdma_0_0_pcie4_ip_gt_i/inst/gen_gtwizard_gtye4_top.bd_xdma_0_0_pcie4_ip_gt_gtwizard_gtye4_inst/gen_gtwizard_gtye4.gen_cpll_cal_gtye4.gen_cpll_cal_inst[7].gen_inst_cpll_cal.gtwizard_ultrascale_v1_7_19_gtye4_cpll_cal_inst/gtwizard_ultrascale_v1_7_19_gtye4_cpll_cal_tx_i/bufg_gt_txoutclkmon_inst/O | bd_i/xdma_0/inst/pcie4_ip_i/inst/bd_xdma_0_0_pcie4_ip_gt_top_i/diablo_gt.diablo_gt_phy_wrapper/gt_wizard.gtwizard_top_i/bd_xdma_0_0_pcie4_ip_gt_i/inst/gen_gtwizard_gtye4_top.bd_xdma_0_0_pcie4_ip_gt_gtwizard_gtye4_inst/gen_gtwizard_gtye4.gen_cpll_cal_gtye4.gen_cpll_cal_inst[7].gen_inst_cpll_cal.gtwizard_ultrascale_v1_7_19_gtye4_cpll_cal_inst/gtwizard_ultrascale_v1_7_19_gtye4_cpll_cal_tx_i/txoutclkmon |
| g4        | src0      | BUFG_GT/O       | None       | BUFG_GT_X1Y200 | X5Y8         | X5Y7     |                   |                  |                 1 |          13 |               0 |     1000.000 | bd_i/xdma_0/inst/pcie4_ip_i/inst/bd_xdma_0_0_pcie4_ip_gt_top_i/diablo_gt.diablo_gt_phy_wrapper/phy_clk_i/bufg_gt_intclk/O                                                                                                                                                                                                                                                                                                         | bd_i/xdma_0/inst/pcie4_ip_i/inst/bd_xdma_0_0_pcie4_ip_gt_top_i/diablo_gt.diablo_gt_phy_wrapper/phy_clk_i/bufg_gt_intclk/O                                                                                                                                                                                                                                                                                                         | bd_i/xdma_0/inst/pcie4_ip_i/inst/bd_xdma_0_0_pcie4_ip_gt_top_i/diablo_gt.diablo_gt_phy_wrapper/phy_clk_i/CLK_INTCLK                                                                                                                                                                                                                                                                                                |
| g5        | src0      | BUFG_GT/O       | None       | BUFG_GT_X1Y196 | X5Y8         | X5Y5     |                   |                  |                 1 |           1 |               0 |        8.000 | bd_xdma_0_0_pcie4_ip_gt_top_i_n_541                                                                                                                                                                                                                                                                                                                                                                                               | bd_i/xdma_0/inst/pcie4_ip_i/inst/bd_xdma_0_0_pcie4_ip_gt_top_i/diablo_gt.diablo_gt_phy_wrapper/phy_clk_i/bufg_gt_mcapclk/O                                                                                                                                                                                                                                                                                                        | bd_i/xdma_0/inst/pcie4_ip_i/inst/bd_xdma_0_0_pcie4_ip_gt_top_i/diablo_gt.diablo_gt_phy_wrapper/phy_clk_i/PHY_MCAPCLK                                                                                                                                                                                                                                                                                               |
| g6        | src1      | BUFGCE/O        | None       | BUFGCE_X1Y306  | X4Y12        | X4Y10    |                   |                  |                21 |       48700 |               3 |        3.332 | mmcm_clkout0_1                                                                                                                                                                                                                                                                                                                                                                                                                    | bd_i/ddr4_3/inst/u_ddr4_infrastructure/u_bufg_divClk/O                                                                                                                                                                                                                                                                                                                                                                            | bd_i/ddr4_3/inst/u_ddr4_infrastructure/u_bufg_divClk_0                                                                                                                                                                                                                                                                                                                                                             |
| g7        | src2      | BUFGCE/O        | None       | BUFGCE_X0Y196  | X2Y8         | X2Y7     |                   |                  |                10 |       48697 |               3 |        3.332 | mmcm_clkout0_3                                                                                                                                                                                                                                                                                                                                                                                                                    | bd_i/ddr4_2/inst/u_ddr4_infrastructure/u_bufg_divClk/O                                                                                                                                                                                                                                                                                                                                                                            | bd_i/ddr4_2/inst/u_ddr4_infrastructure/u_bufg_divClk_0                                                                                                                                                                                                                                                                                                                                                             |
| g8        | src3      | BUFGCE/O        | None       | BUFGCE_X1Y181  | X4Y7         | X4Y6     |                   |                  |                18 |       48692 |               3 |        3.332 | mmcm_clkout0_2                                                                                                                                                                                                                                                                                                                                                                                                                    | bd_i/ddr4_1/inst/u_ddr4_infrastructure/u_bufg_divClk/O                                                                                                                                                                                                                                                                                                                                                                            | bd_i/ddr4_1/inst/u_ddr4_infrastructure/u_bufg_divClk_0                                                                                                                                                                                                                                                                                                                                                             |
| g9        | src4      | BUFGCE/O        | None       | BUFGCE_X0Y62   | X2Y2         | X3Y3     |                   |                  |                20 |       48672 |               3 |        3.332 | mmcm_clkout0                                                                                                                                                                                                                                                                                                                                                                                                                      | bd_i/ddr4_0/inst/u_ddr4_infrastructure/u_bufg_divClk/O                                                                                                                                                                                                                                                                                                                                                                            | bd_i/ddr4_0/inst/u_ddr4_infrastructure/u_bufg_divClk_0                                                                                                                                                                                                                                                                                                                                                             |
| g10       | src5      | BUFG_GT/O       | None       | BUFG_GT_X1Y179 | X5Y7         | X3Y7     |                   |                  |                 7 |        3504 |               0 |       10.000 | pcie_refclk                                                                                                                                                                                                                                                                                                                                                                                                                       | bd_i/xdma_0/inst/pcie4_ip_i/inst/bufg_gt_sysclk/O                                                                                                                                                                                                                                                                                                                                                                                 | bd_i/xdma_0/inst/pcie4_ip_i/inst/sys_clk_bufg                                                                                                                                                                                                                                                                                                                                                                      |
| g11       | src6      | BUFGCE/O        | None       | BUFGCE_X0Y70   | X2Y2         | X3Y3     |                   |                  |                 3 |        1585 |               0 |        6.664 | mmcm_clkout6                                                                                                                                                                                                                                                                                                                                                                                                                      | bd_i/ddr4_0/inst/u_ddr4_infrastructure/u_bufg_riuClk/O                                                                                                                                                                                                                                                                                                                                                                            | bd_i/ddr4_0/inst/u_ddr4_infrastructure/c0_riu_clk                                                                                                                                                                                                                                                                                                                                                                  |
| g12       | src7      | BUFGCE/O        | None       | BUFGCE_X1Y187  | X4Y7         | X4Y6     |                   |                  |                 3 |        1585 |               0 |        6.664 | mmcm_clkout6_2                                                                                                                                                                                                                                                                                                                                                                                                                    | bd_i/ddr4_1/inst/u_ddr4_infrastructure/u_bufg_riuClk/O                                                                                                                                                                                                                                                                                                                                                                            | bd_i/ddr4_1/inst/u_ddr4_infrastructure/c0_riu_clk                                                                                                                                                                                                                                                                                                                                                                  |
| g13       | src8      | BUFGCE/O        | None       | BUFGCE_X0Y200  | X2Y8         | X2Y7     |                   |                  |                 3 |        1585 |               0 |        6.664 | mmcm_clkout6_3                                                                                                                                                                                                                                                                                                                                                                                                                    | bd_i/ddr4_2/inst/u_ddr4_infrastructure/u_bufg_riuClk/O                                                                                                                                                                                                                                                                                                                                                                            | bd_i/ddr4_2/inst/u_ddr4_infrastructure/c0_riu_clk                                                                                                                                                                                                                                                                                                                                                                  |
| g14       | src9      | BUFGCE/O        | None       | BUFGCE_X1Y309  | X4Y12        | X4Y10    |                   |                  |                 3 |        1585 |               0 |        6.664 | mmcm_clkout6_1                                                                                                                                                                                                                                                                                                                                                                                                                    | bd_i/ddr4_3/inst/u_ddr4_infrastructure/u_bufg_riuClk/O                                                                                                                                                                                                                                                                                                                                                                            | bd_i/ddr4_3/inst/u_ddr4_infrastructure/c0_riu_clk                                                                                                                                                                                                                                                                                                                                                                  |
| g15       | src10     | BUFGCE/O        | None       | BUFGCE_X1Y303  | X4Y12        | X3Y7     |                   |                  |                 6 |        1369 |               0 |       13.328 | mmcm_clkout5_1                                                                                                                                                                                                                                                                                                                                                                                                                    | bd_i/ddr4_3/inst/u_ddr4_infrastructure/u_bufg_dbg_clk/O                                                                                                                                                                                                                                                                                                                                                                           | bd_i/ddr4_3/inst/u_ddr4_infrastructure/dbg_clk                                                                                                                                                                                                                                                                                                                                                                     |
| g16       | src11     | BUFGCE/O        | None       | BUFGCE_X1Y164  | X4Y6         | X4Y7     |                   |                  |                 3 |         473 |               0 |       50.000 | dbg_hub/inst/BSCANID.u_xsdbm_id/SWITCH_N_EXT_BSCAN.bscan_inst/SERIES7_BSCAN.bscan_inst/INTERNAL_TCK                                                                                                                                                                                                                                                                                                                               | dbg_hub/inst/BSCANID.u_xsdbm_id/SWITCH_N_EXT_BSCAN.u_bufg_icon_tck/O                                                                                                                                                                                                                                                                                                                                                              | dbg_hub/inst/BSCANID.u_xsdbm_id/itck_i                                                                                                                                                                                                                                                                                                                                                                             |
| g17       | src12     | BUFG_GT/O       | None       | BUFG_GT_X1Y191 | X5Y7         | X1Y7     |                   |                  |                 1 |          31 |               0 |        8.000 | bd_i/xdma_0/inst/pcie4_ip_i/inst/bd_xdma_0_0_pcie4_ip_gt_top_i/diablo_gt.diablo_gt_phy_wrapper/gt_wizard.gtwizard_top_i/bd_xdma_0_0_pcie4_ip_gt_i/inst/gen_gtwizard_gtye4_top.bd_xdma_0_0_pcie4_ip_gt_gtwizard_gtye4_inst/gen_gtwizard_gtye4.gen_cpll_cal_gtye4.gen_cpll_cal_inst[0].gen_inst_cpll_cal.gtwizard_ultrascale_v1_7_19_gtye4_cpll_cal_inst/gtwizard_ultrascale_v1_7_19_gtye4_cpll_cal_tx_i/bufg_gt_txoutclkmon_inst/O | bd_i/xdma_0/inst/pcie4_ip_i/inst/bd_xdma_0_0_pcie4_ip_gt_top_i/diablo_gt.diablo_gt_phy_wrapper/gt_wizard.gtwizard_top_i/bd_xdma_0_0_pcie4_ip_gt_i/inst/gen_gtwizard_gtye4_top.bd_xdma_0_0_pcie4_ip_gt_gtwizard_gtye4_inst/gen_gtwizard_gtye4.gen_cpll_cal_gtye4.gen_cpll_cal_inst[0].gen_inst_cpll_cal.gtwizard_ultrascale_v1_7_19_gtye4_cpll_cal_inst/gtwizard_ultrascale_v1_7_19_gtye4_cpll_cal_tx_i/bufg_gt_txoutclkmon_inst/O | bd_i/xdma_0/inst/pcie4_ip_i/inst/bd_xdma_0_0_pcie4_ip_gt_top_i/diablo_gt.diablo_gt_phy_wrapper/gt_wizard.gtwizard_top_i/bd_xdma_0_0_pcie4_ip_gt_i/inst/gen_gtwizard_gtye4_top.bd_xdma_0_0_pcie4_ip_gt_gtwizard_gtye4_inst/gen_gtwizard_gtye4.gen_cpll_cal_gtye4.gen_cpll_cal_inst[0].gen_inst_cpll_cal.gtwizard_ultrascale_v1_7_19_gtye4_cpll_cal_inst/gtwizard_ultrascale_v1_7_19_gtye4_cpll_cal_tx_i/txoutclkmon |
| g18       | src13     | BUFG_GT/O       | None       | BUFG_GT_X1Y168 | X5Y7         | X5Y7     |                   |                  |                 1 |          31 |               0 |        8.000 | bd_i/xdma_0/inst/pcie4_ip_i/inst/bd_xdma_0_0_pcie4_ip_gt_top_i/diablo_gt.diablo_gt_phy_wrapper/gt_wizard.gtwizard_top_i/bd_xdma_0_0_pcie4_ip_gt_i/inst/gen_gtwizard_gtye4_top.bd_xdma_0_0_pcie4_ip_gt_gtwizard_gtye4_inst/gen_gtwizard_gtye4.gen_cpll_cal_gtye4.gen_cpll_cal_inst[1].gen_inst_cpll_cal.gtwizard_ultrascale_v1_7_19_gtye4_cpll_cal_inst/gtwizard_ultrascale_v1_7_19_gtye4_cpll_cal_tx_i/bufg_gt_txoutclkmon_inst/O | bd_i/xdma_0/inst/pcie4_ip_i/inst/bd_xdma_0_0_pcie4_ip_gt_top_i/diablo_gt.diablo_gt_phy_wrapper/gt_wizard.gtwizard_top_i/bd_xdma_0_0_pcie4_ip_gt_i/inst/gen_gtwizard_gtye4_top.bd_xdma_0_0_pcie4_ip_gt_gtwizard_gtye4_inst/gen_gtwizard_gtye4.gen_cpll_cal_gtye4.gen_cpll_cal_inst[1].gen_inst_cpll_cal.gtwizard_ultrascale_v1_7_19_gtye4_cpll_cal_inst/gtwizard_ultrascale_v1_7_19_gtye4_cpll_cal_tx_i/bufg_gt_txoutclkmon_inst/O | bd_i/xdma_0/inst/pcie4_ip_i/inst/bd_xdma_0_0_pcie4_ip_gt_top_i/diablo_gt.diablo_gt_phy_wrapper/gt_wizard.gtwizard_top_i/bd_xdma_0_0_pcie4_ip_gt_i/inst/gen_gtwizard_gtye4_top.bd_xdma_0_0_pcie4_ip_gt_gtwizard_gtye4_inst/gen_gtwizard_gtye4.gen_cpll_cal_gtye4.gen_cpll_cal_inst[1].gen_inst_cpll_cal.gtwizard_ultrascale_v1_7_19_gtye4_cpll_cal_inst/gtwizard_ultrascale_v1_7_19_gtye4_cpll_cal_tx_i/txoutclkmon |
| g19       | src14     | BUFG_GT/O       | None       | BUFG_GT_X1Y178 | X5Y7         | X5Y7     |                   |                  |                 1 |          31 |               0 |        8.000 | bd_i/xdma_0/inst/pcie4_ip_i/inst/bd_xdma_0_0_pcie4_ip_gt_top_i/diablo_gt.diablo_gt_phy_wrapper/gt_wizard.gtwizard_top_i/bd_xdma_0_0_pcie4_ip_gt_i/inst/gen_gtwizard_gtye4_top.bd_xdma_0_0_pcie4_ip_gt_gtwizard_gtye4_inst/gen_gtwizard_gtye4.gen_cpll_cal_gtye4.gen_cpll_cal_inst[2].gen_inst_cpll_cal.gtwizard_ultrascale_v1_7_19_gtye4_cpll_cal_inst/gtwizard_ultrascale_v1_7_19_gtye4_cpll_cal_tx_i/bufg_gt_txoutclkmon_inst/O | bd_i/xdma_0/inst/pcie4_ip_i/inst/bd_xdma_0_0_pcie4_ip_gt_top_i/diablo_gt.diablo_gt_phy_wrapper/gt_wizard.gtwizard_top_i/bd_xdma_0_0_pcie4_ip_gt_i/inst/gen_gtwizard_gtye4_top.bd_xdma_0_0_pcie4_ip_gt_gtwizard_gtye4_inst/gen_gtwizard_gtye4.gen_cpll_cal_gtye4.gen_cpll_cal_inst[2].gen_inst_cpll_cal.gtwizard_ultrascale_v1_7_19_gtye4_cpll_cal_inst/gtwizard_ultrascale_v1_7_19_gtye4_cpll_cal_tx_i/bufg_gt_txoutclkmon_inst/O | bd_i/xdma_0/inst/pcie4_ip_i/inst/bd_xdma_0_0_pcie4_ip_gt_top_i/diablo_gt.diablo_gt_phy_wrapper/gt_wizard.gtwizard_top_i/bd_xdma_0_0_pcie4_ip_gt_i/inst/gen_gtwizard_gtye4_top.bd_xdma_0_0_pcie4_ip_gt_gtwizard_gtye4_inst/gen_gtwizard_gtye4.gen_cpll_cal_gtye4.gen_cpll_cal_inst[2].gen_inst_cpll_cal.gtwizard_ultrascale_v1_7_19_gtye4_cpll_cal_inst/gtwizard_ultrascale_v1_7_19_gtye4_cpll_cal_tx_i/txoutclkmon |
| g20       | src15     | BUFG_GT/O       | None       | BUFG_GT_X1Y184 | X5Y7         | X3Y8     |                   |                  |                 1 |          31 |               0 |        8.000 | bd_i/xdma_0/inst/pcie4_ip_i/inst/bd_xdma_0_0_pcie4_ip_gt_top_i/diablo_gt.diablo_gt_phy_wrapper/gt_wizard.gtwizard_top_i/bd_xdma_0_0_pcie4_ip_gt_i/inst/gen_gtwizard_gtye4_top.bd_xdma_0_0_pcie4_ip_gt_gtwizard_gtye4_inst/gen_gtwizard_gtye4.gen_cpll_cal_gtye4.gen_cpll_cal_inst[3].gen_inst_cpll_cal.gtwizard_ultrascale_v1_7_19_gtye4_cpll_cal_inst/gtwizard_ultrascale_v1_7_19_gtye4_cpll_cal_tx_i/bufg_gt_txoutclkmon_inst/O | bd_i/xdma_0/inst/pcie4_ip_i/inst/bd_xdma_0_0_pcie4_ip_gt_top_i/diablo_gt.diablo_gt_phy_wrapper/gt_wizard.gtwizard_top_i/bd_xdma_0_0_pcie4_ip_gt_i/inst/gen_gtwizard_gtye4_top.bd_xdma_0_0_pcie4_ip_gt_gtwizard_gtye4_inst/gen_gtwizard_gtye4.gen_cpll_cal_gtye4.gen_cpll_cal_inst[3].gen_inst_cpll_cal.gtwizard_ultrascale_v1_7_19_gtye4_cpll_cal_inst/gtwizard_ultrascale_v1_7_19_gtye4_cpll_cal_tx_i/bufg_gt_txoutclkmon_inst/O | bd_i/xdma_0/inst/pcie4_ip_i/inst/bd_xdma_0_0_pcie4_ip_gt_top_i/diablo_gt.diablo_gt_phy_wrapper/gt_wizard.gtwizard_top_i/bd_xdma_0_0_pcie4_ip_gt_i/inst/gen_gtwizard_gtye4_top.bd_xdma_0_0_pcie4_ip_gt_gtwizard_gtye4_inst/gen_gtwizard_gtye4.gen_cpll_cal_gtye4.gen_cpll_cal_inst[3].gen_inst_cpll_cal.gtwizard_ultrascale_v1_7_19_gtye4_cpll_cal_inst/gtwizard_ultrascale_v1_7_19_gtye4_cpll_cal_tx_i/txoutclkmon |
| g21       | src16     | BUFG_GT/O       | None       | BUFG_GT_X1Y211 | X5Y8         | X5Y8     |                   |                  |                 1 |          31 |               0 |        8.000 | bd_i/xdma_0/inst/pcie4_ip_i/inst/bd_xdma_0_0_pcie4_ip_gt_top_i/diablo_gt.diablo_gt_phy_wrapper/gt_wizard.gtwizard_top_i/bd_xdma_0_0_pcie4_ip_gt_i/inst/gen_gtwizard_gtye4_top.bd_xdma_0_0_pcie4_ip_gt_gtwizard_gtye4_inst/gen_gtwizard_gtye4.gen_cpll_cal_gtye4.gen_cpll_cal_inst[4].gen_inst_cpll_cal.gtwizard_ultrascale_v1_7_19_gtye4_cpll_cal_inst/gtwizard_ultrascale_v1_7_19_gtye4_cpll_cal_tx_i/bufg_gt_txoutclkmon_inst/O | bd_i/xdma_0/inst/pcie4_ip_i/inst/bd_xdma_0_0_pcie4_ip_gt_top_i/diablo_gt.diablo_gt_phy_wrapper/gt_wizard.gtwizard_top_i/bd_xdma_0_0_pcie4_ip_gt_i/inst/gen_gtwizard_gtye4_top.bd_xdma_0_0_pcie4_ip_gt_gtwizard_gtye4_inst/gen_gtwizard_gtye4.gen_cpll_cal_gtye4.gen_cpll_cal_inst[4].gen_inst_cpll_cal.gtwizard_ultrascale_v1_7_19_gtye4_cpll_cal_inst/gtwizard_ultrascale_v1_7_19_gtye4_cpll_cal_tx_i/bufg_gt_txoutclkmon_inst/O | bd_i/xdma_0/inst/pcie4_ip_i/inst/bd_xdma_0_0_pcie4_ip_gt_top_i/diablo_gt.diablo_gt_phy_wrapper/gt_wizard.gtwizard_top_i/bd_xdma_0_0_pcie4_ip_gt_i/inst/gen_gtwizard_gtye4_top.bd_xdma_0_0_pcie4_ip_gt_gtwizard_gtye4_inst/gen_gtwizard_gtye4.gen_cpll_cal_gtye4.gen_cpll_cal_inst[4].gen_inst_cpll_cal.gtwizard_ultrascale_v1_7_19_gtye4_cpll_cal_inst/gtwizard_ultrascale_v1_7_19_gtye4_cpll_cal_tx_i/txoutclkmon |
| g22       | src17     | BUFG_GT/O       | None       | BUFG_GT_X1Y197 | X5Y8         | X5Y8     |                   |                  |                 1 |          31 |               0 |        8.000 | bd_i/xdma_0/inst/pcie4_ip_i/inst/bd_xdma_0_0_pcie4_ip_gt_top_i/diablo_gt.diablo_gt_phy_wrapper/gt_wizard.gtwizard_top_i/bd_xdma_0_0_pcie4_ip_gt_i/inst/gen_gtwizard_gtye4_top.bd_xdma_0_0_pcie4_ip_gt_gtwizard_gtye4_inst/gen_gtwizard_gtye4.gen_cpll_cal_gtye4.gen_cpll_cal_inst[5].gen_inst_cpll_cal.gtwizard_ultrascale_v1_7_19_gtye4_cpll_cal_inst/gtwizard_ultrascale_v1_7_19_gtye4_cpll_cal_tx_i/bufg_gt_txoutclkmon_inst/O | bd_i/xdma_0/inst/pcie4_ip_i/inst/bd_xdma_0_0_pcie4_ip_gt_top_i/diablo_gt.diablo_gt_phy_wrapper/gt_wizard.gtwizard_top_i/bd_xdma_0_0_pcie4_ip_gt_i/inst/gen_gtwizard_gtye4_top.bd_xdma_0_0_pcie4_ip_gt_gtwizard_gtye4_inst/gen_gtwizard_gtye4.gen_cpll_cal_gtye4.gen_cpll_cal_inst[5].gen_inst_cpll_cal.gtwizard_ultrascale_v1_7_19_gtye4_cpll_cal_inst/gtwizard_ultrascale_v1_7_19_gtye4_cpll_cal_tx_i/bufg_gt_txoutclkmon_inst/O | bd_i/xdma_0/inst/pcie4_ip_i/inst/bd_xdma_0_0_pcie4_ip_gt_top_i/diablo_gt.diablo_gt_phy_wrapper/gt_wizard.gtwizard_top_i/bd_xdma_0_0_pcie4_ip_gt_i/inst/gen_gtwizard_gtye4_top.bd_xdma_0_0_pcie4_ip_gt_gtwizard_gtye4_inst/gen_gtwizard_gtye4.gen_cpll_cal_gtye4.gen_cpll_cal_inst[5].gen_inst_cpll_cal.gtwizard_ultrascale_v1_7_19_gtye4_cpll_cal_inst/gtwizard_ultrascale_v1_7_19_gtye4_cpll_cal_tx_i/txoutclkmon |
| g23       | src18     | BUFG_GT/O       | None       | BUFG_GT_X1Y199 | X5Y8         | X5Y8     |                   |                  |                 1 |          31 |               0 |        8.000 | bd_i/xdma_0/inst/pcie4_ip_i/inst/bd_xdma_0_0_pcie4_ip_gt_top_i/diablo_gt.diablo_gt_phy_wrapper/gt_wizard.gtwizard_top_i/bd_xdma_0_0_pcie4_ip_gt_i/inst/gen_gtwizard_gtye4_top.bd_xdma_0_0_pcie4_ip_gt_gtwizard_gtye4_inst/gen_gtwizard_gtye4.gen_cpll_cal_gtye4.gen_cpll_cal_inst[6].gen_inst_cpll_cal.gtwizard_ultrascale_v1_7_19_gtye4_cpll_cal_inst/gtwizard_ultrascale_v1_7_19_gtye4_cpll_cal_tx_i/bufg_gt_txoutclkmon_inst/O | bd_i/xdma_0/inst/pcie4_ip_i/inst/bd_xdma_0_0_pcie4_ip_gt_top_i/diablo_gt.diablo_gt_phy_wrapper/gt_wizard.gtwizard_top_i/bd_xdma_0_0_pcie4_ip_gt_i/inst/gen_gtwizard_gtye4_top.bd_xdma_0_0_pcie4_ip_gt_gtwizard_gtye4_inst/gen_gtwizard_gtye4.gen_cpll_cal_gtye4.gen_cpll_cal_inst[6].gen_inst_cpll_cal.gtwizard_ultrascale_v1_7_19_gtye4_cpll_cal_inst/gtwizard_ultrascale_v1_7_19_gtye4_cpll_cal_tx_i/bufg_gt_txoutclkmon_inst/O | bd_i/xdma_0/inst/pcie4_ip_i/inst/bd_xdma_0_0_pcie4_ip_gt_top_i/diablo_gt.diablo_gt_phy_wrapper/gt_wizard.gtwizard_top_i/bd_xdma_0_0_pcie4_ip_gt_i/inst/gen_gtwizard_gtye4_top.bd_xdma_0_0_pcie4_ip_gt_gtwizard_gtye4_inst/gen_gtwizard_gtye4.gen_cpll_cal_gtye4.gen_cpll_cal_inst[6].gen_inst_cpll_cal.gtwizard_ultrascale_v1_7_19_gtye4_cpll_cal_inst/gtwizard_ultrascale_v1_7_19_gtye4_cpll_cal_tx_i/txoutclkmon |
| g24       | src19     | BUFGCE/O        | None       | BUFGCE_X0Y74   | X2Y3         | X2Y3     |                   |                  |                 2 |          17 |               1 |        3.332 | dimm0_refclk_clk_p                                                                                                                                                                                                                                                                                                                                                                                                                | bd_i/ddr4_0/inst/u_ddr4_mem_intfc/u_mig_ddr4_phy/inst/u_ddr4_phy_pll/sys_clk_in_BUFGCE_collapsed_inst/O                                                                                                                                                                                                                                                                                                                           | bd_i/ddr4_0/inst/u_ddr4_mem_intfc/u_mig_ddr4_phy/inst/u_ddr4_phy_pll/xlnx_opt_                                                                                                                                                                                                                                                                                                                                     |
| g25       | src20     | BUFGCE/O        | None       | BUFGCE_X1Y123  | X4Y5         | X4Y7     |                   |                  |                 1 |          17 |               1 |        3.332 | dimm1_refclk_clk_p                                                                                                                                                                                                                                                                                                                                                                                                                | bd_i/ddr4_1/inst/u_ddr4_mem_intfc/u_mig_ddr4_phy/inst/u_ddr4_phy_pll/sys_clk_in_BUFGCE_collapsed_inst/O                                                                                                                                                                                                                                                                                                                           | bd_i/ddr4_1/inst/u_ddr4_mem_intfc/u_mig_ddr4_phy/inst/u_ddr4_phy_pll/xlnx_opt_                                                                                                                                                                                                                                                                                                                                     |
| g26       | src21     | BUFGCE/O        | None       | BUFGCE_X0Y215  | X2Y8         | X2Y8     |                   |                  |                 2 |          17 |               0 |        3.332 | dimm2_refclk_clk_p                                                                                                                                                                                                                                                                                                                                                                                                                | bd_i/ddr4_2/inst/u_ddr4_infrastructure/u_bufg_inst/O                                                                                                                                                                                                                                                                                                                                                                              | bd_i/ddr4_2/inst/u_ddr4_infrastructure/sys_clk_in_bufg                                                                                                                                                                                                                                                                                                                                                             |
| g27       | src22     | BUFGCE/O        | None       | BUFGCE_X1Y276  | X4Y11        | X4Y11    |                   |                  |                 2 |          17 |               1 |        3.332 | dimm3_refclk_clk_p                                                                                                                                                                                                                                                                                                                                                                                                                | bd_i/ddr4_3/inst/u_ddr4_mem_intfc/u_mig_ddr4_phy/inst/u_ddr4_phy_pll/sys_clk_in_BUFGCE_collapsed_inst/O                                                                                                                                                                                                                                                                                                                           | bd_i/ddr4_3/inst/u_ddr4_mem_intfc/u_mig_ddr4_phy/inst/u_ddr4_phy_pll/xlnx_opt_                                                                                                                                                                                                                                                                                                                                     |
+-----------+-----------+-----------------+------------+----------------+--------------+----------+-------------------+------------------+-------------------+-------------+-----------------+--------------+-----------------------------------------------------------------------------------------------------------------------------------------------------------------------------------------------------------------------------------------------------------------------------------------------------------------------------------------------------------------------------------------------------------------------------------+-----------------------------------------------------------------------------------------------------------------------------------------------------------------------------------------------------------------------------------------------------------------------------------------------------------------------------------------------------------------------------------------------------------------------------------+--------------------------------------------------------------------------------------------------------------------------------------------------------------------------------------------------------------------------------------------------------------------------------------------------------------------------------------------------------------------------------------------------------------------+
* Clock Loads column represents cell count of net connects that connect to a clock pin. Internal cell leaf pins are not considered
** Non-Clock Loads column represents cell count of non-clock pin loads
*** In Root column, symbol '(U)' indicates that the Root value matches the USER_CLOCK_ROOT (user-assigned root)


3. Global Clock Source Details
------------------------------

+-----------+-----------+------------------------+---------------------+---------------------+--------------+-------------+-----------------+---------------------+-----------------------------------------------------------------------------------------------------+-----------------------------------------------------------------------------------------------------------------------------------------------------------------------------------------------------------------------------------------------------------------------------------------------------------------------------------------------------------------------------------------------------------------+--------------------------------------------------------------------------------------------------------------------------------------------------------------------------------------------------------------------------------------------------------------------------------------------------------------------------------------------------------------+
| Source Id | Global Id | Driver Type/Pin        | Constraint          | Site                | Clock Region | Clock Loads | Non-Clock Loads | Source Clock Period | Source Clock                                                                                        | Driver Pin                                                                                                                                                                                                                                                                                                                                                                                                      | Net                                                                                                                                                                                                                                                                                                                                                          |
+-----------+-----------+------------------------+---------------------+---------------------+--------------+-------------+-----------------+---------------------+-----------------------------------------------------------------------------------------------------+-----------------------------------------------------------------------------------------------------------------------------------------------------------------------------------------------------------------------------------------------------------------------------------------------------------------------------------------------------------------------------------------------------------------+--------------------------------------------------------------------------------------------------------------------------------------------------------------------------------------------------------------------------------------------------------------------------------------------------------------------------------------------------------------+
| src0      | g0        | GTYE4_CHANNEL/TXOUTCLK | GTYE4_CHANNEL_X1Y35 | GTYE4_CHANNEL_X1Y35 | X5Y8         |           7 |               0 |               2.000 | GTYE4_CHANNEL_TXOUTCLK[3]_1                                                                         | bd_i/xdma_0/inst/pcie4_ip_i/inst/bd_xdma_0_0_pcie4_ip_gt_top_i/diablo_gt.diablo_gt_phy_wrapper/gt_wizard.gtwizard_top_i/bd_xdma_0_0_pcie4_ip_gt_i/inst/gen_gtwizard_gtye4_top.bd_xdma_0_0_pcie4_ip_gt_gtwizard_gtye4_inst/gen_gtwizard_gtye4.gen_channel_container[32].gen_enabled_channel.gtye4_channel_wrapper_inst/channel_inst/gtye4_channel_gen.gen_gtye4_channel_inst[3].GTYE4_CHANNEL_PRIM_INST/TXOUTCLK | bd_i/xdma_0/inst/pcie4_ip_i/inst/bd_xdma_0_0_pcie4_ip_gt_top_i/diablo_gt.diablo_gt_phy_wrapper/gt_wizard.gtwizard_top_i/bd_xdma_0_0_pcie4_ip_gt_i/inst/gen_gtwizard_gtye4_top.bd_xdma_0_0_pcie4_ip_gt_gtwizard_gtye4_inst/gen_gtwizard_gtye4.gen_channel_container[32].gen_enabled_channel.gtye4_channel_wrapper_inst/channel_inst/GTYE4_CHANNEL_TXOUTCLK[3] |
| src0      | g1        | GTYE4_CHANNEL/TXOUTCLK | GTYE4_CHANNEL_X1Y35 | GTYE4_CHANNEL_X1Y35 | X5Y8         |           7 |               0 |               2.000 | GTYE4_CHANNEL_TXOUTCLK[3]_1                                                                         | bd_i/xdma_0/inst/pcie4_ip_i/inst/bd_xdma_0_0_pcie4_ip_gt_top_i/diablo_gt.diablo_gt_phy_wrapper/gt_wizard.gtwizard_top_i/bd_xdma_0_0_pcie4_ip_gt_i/inst/gen_gtwizard_gtye4_top.bd_xdma_0_0_pcie4_ip_gt_gtwizard_gtye4_inst/gen_gtwizard_gtye4.gen_channel_container[32].gen_enabled_channel.gtye4_channel_wrapper_inst/channel_inst/gtye4_channel_gen.gen_gtye4_channel_inst[3].GTYE4_CHANNEL_PRIM_INST/TXOUTCLK | bd_i/xdma_0/inst/pcie4_ip_i/inst/bd_xdma_0_0_pcie4_ip_gt_top_i/diablo_gt.diablo_gt_phy_wrapper/gt_wizard.gtwizard_top_i/bd_xdma_0_0_pcie4_ip_gt_i/inst/gen_gtwizard_gtye4_top.bd_xdma_0_0_pcie4_ip_gt_gtwizard_gtye4_inst/gen_gtwizard_gtye4.gen_channel_container[32].gen_enabled_channel.gtye4_channel_wrapper_inst/channel_inst/GTYE4_CHANNEL_TXOUTCLK[3] |
| src0      | g2        | GTYE4_CHANNEL/TXOUTCLK | GTYE4_CHANNEL_X1Y35 | GTYE4_CHANNEL_X1Y35 | X5Y8         |           7 |               0 |               2.000 | GTYE4_CHANNEL_TXOUTCLK[3]_1                                                                         | bd_i/xdma_0/inst/pcie4_ip_i/inst/bd_xdma_0_0_pcie4_ip_gt_top_i/diablo_gt.diablo_gt_phy_wrapper/gt_wizard.gtwizard_top_i/bd_xdma_0_0_pcie4_ip_gt_i/inst/gen_gtwizard_gtye4_top.bd_xdma_0_0_pcie4_ip_gt_gtwizard_gtye4_inst/gen_gtwizard_gtye4.gen_channel_container[32].gen_enabled_channel.gtye4_channel_wrapper_inst/channel_inst/gtye4_channel_gen.gen_gtye4_channel_inst[3].GTYE4_CHANNEL_PRIM_INST/TXOUTCLK | bd_i/xdma_0/inst/pcie4_ip_i/inst/bd_xdma_0_0_pcie4_ip_gt_top_i/diablo_gt.diablo_gt_phy_wrapper/gt_wizard.gtwizard_top_i/bd_xdma_0_0_pcie4_ip_gt_i/inst/gen_gtwizard_gtye4_top.bd_xdma_0_0_pcie4_ip_gt_gtwizard_gtye4_inst/gen_gtwizard_gtye4.gen_channel_container[32].gen_enabled_channel.gtye4_channel_wrapper_inst/channel_inst/GTYE4_CHANNEL_TXOUTCLK[3] |
| src0      | g3        | GTYE4_CHANNEL/TXOUTCLK | GTYE4_CHANNEL_X1Y35 | GTYE4_CHANNEL_X1Y35 | X5Y8         |           7 |               0 |               2.000 | GTYE4_CHANNEL_TXOUTCLK[3]_1                                                                         | bd_i/xdma_0/inst/pcie4_ip_i/inst/bd_xdma_0_0_pcie4_ip_gt_top_i/diablo_gt.diablo_gt_phy_wrapper/gt_wizard.gtwizard_top_i/bd_xdma_0_0_pcie4_ip_gt_i/inst/gen_gtwizard_gtye4_top.bd_xdma_0_0_pcie4_ip_gt_gtwizard_gtye4_inst/gen_gtwizard_gtye4.gen_channel_container[32].gen_enabled_channel.gtye4_channel_wrapper_inst/channel_inst/gtye4_channel_gen.gen_gtye4_channel_inst[3].GTYE4_CHANNEL_PRIM_INST/TXOUTCLK | bd_i/xdma_0/inst/pcie4_ip_i/inst/bd_xdma_0_0_pcie4_ip_gt_top_i/diablo_gt.diablo_gt_phy_wrapper/gt_wizard.gtwizard_top_i/bd_xdma_0_0_pcie4_ip_gt_i/inst/gen_gtwizard_gtye4_top.bd_xdma_0_0_pcie4_ip_gt_gtwizard_gtye4_inst/gen_gtwizard_gtye4.gen_channel_container[32].gen_enabled_channel.gtye4_channel_wrapper_inst/channel_inst/GTYE4_CHANNEL_TXOUTCLK[3] |
| src0      | g4        | GTYE4_CHANNEL/TXOUTCLK | GTYE4_CHANNEL_X1Y35 | GTYE4_CHANNEL_X1Y35 | X5Y8         |           7 |               0 |               2.000 | GTYE4_CHANNEL_TXOUTCLK[3]_1                                                                         | bd_i/xdma_0/inst/pcie4_ip_i/inst/bd_xdma_0_0_pcie4_ip_gt_top_i/diablo_gt.diablo_gt_phy_wrapper/gt_wizard.gtwizard_top_i/bd_xdma_0_0_pcie4_ip_gt_i/inst/gen_gtwizard_gtye4_top.bd_xdma_0_0_pcie4_ip_gt_gtwizard_gtye4_inst/gen_gtwizard_gtye4.gen_channel_container[32].gen_enabled_channel.gtye4_channel_wrapper_inst/channel_inst/gtye4_channel_gen.gen_gtye4_channel_inst[3].GTYE4_CHANNEL_PRIM_INST/TXOUTCLK | bd_i/xdma_0/inst/pcie4_ip_i/inst/bd_xdma_0_0_pcie4_ip_gt_top_i/diablo_gt.diablo_gt_phy_wrapper/gt_wizard.gtwizard_top_i/bd_xdma_0_0_pcie4_ip_gt_i/inst/gen_gtwizard_gtye4_top.bd_xdma_0_0_pcie4_ip_gt_gtwizard_gtye4_inst/gen_gtwizard_gtye4.gen_channel_container[32].gen_enabled_channel.gtye4_channel_wrapper_inst/channel_inst/GTYE4_CHANNEL_TXOUTCLK[3] |
| src0      | g5        | GTYE4_CHANNEL/TXOUTCLK | GTYE4_CHANNEL_X1Y35 | GTYE4_CHANNEL_X1Y35 | X5Y8         |           7 |               0 |               2.000 | GTYE4_CHANNEL_TXOUTCLK[3]_1                                                                         | bd_i/xdma_0/inst/pcie4_ip_i/inst/bd_xdma_0_0_pcie4_ip_gt_top_i/diablo_gt.diablo_gt_phy_wrapper/gt_wizard.gtwizard_top_i/bd_xdma_0_0_pcie4_ip_gt_i/inst/gen_gtwizard_gtye4_top.bd_xdma_0_0_pcie4_ip_gt_gtwizard_gtye4_inst/gen_gtwizard_gtye4.gen_channel_container[32].gen_enabled_channel.gtye4_channel_wrapper_inst/channel_inst/gtye4_channel_gen.gen_gtye4_channel_inst[3].GTYE4_CHANNEL_PRIM_INST/TXOUTCLK | bd_i/xdma_0/inst/pcie4_ip_i/inst/bd_xdma_0_0_pcie4_ip_gt_top_i/diablo_gt.diablo_gt_phy_wrapper/gt_wizard.gtwizard_top_i/bd_xdma_0_0_pcie4_ip_gt_i/inst/gen_gtwizard_gtye4_top.bd_xdma_0_0_pcie4_ip_gt_gtwizard_gtye4_inst/gen_gtwizard_gtye4.gen_channel_container[32].gen_enabled_channel.gtye4_channel_wrapper_inst/channel_inst/GTYE4_CHANNEL_TXOUTCLK[3] |
| src1      | g6        | MMCME4_ADV/CLKOUT0     | MMCM_X1Y12          | MMCM_X1Y12          | X4Y12        |           1 |               0 |               3.332 | mmcm_clkout0_1                                                                                      | bd_i/ddr4_3/inst/u_ddr4_infrastructure/gen_mmcme4.u_mmcme_adv_inst/CLKOUT0                                                                                                                                                                                                                                                                                                                                      | bd_i/ddr4_3/inst/u_ddr4_infrastructure/mmcm_clkout0                                                                                                                                                                                                                                                                                                          |
| src2      | g7        | MMCME4_ADV/CLKOUT0     | MMCM_X0Y8           | MMCM_X0Y8           | X2Y8         |           1 |               0 |               3.332 | mmcm_clkout0_3                                                                                      | bd_i/ddr4_2/inst/u_ddr4_infrastructure/gen_mmcme4.u_mmcme_adv_inst/CLKOUT0                                                                                                                                                                                                                                                                                                                                      | bd_i/ddr4_2/inst/u_ddr4_infrastructure/mmcm_clkout0                                                                                                                                                                                                                                                                                                          |
| src3      | g8        | MMCME4_ADV/CLKOUT0     | MMCM_X1Y7           | MMCM_X1Y7           | X4Y7         |           1 |               0 |               3.332 | mmcm_clkout0_2                                                                                      | bd_i/ddr4_1/inst/u_ddr4_infrastructure/gen_mmcme4.u_mmcme_adv_inst/CLKOUT0                                                                                                                                                                                                                                                                                                                                      | bd_i/ddr4_1/inst/u_ddr4_infrastructure/mmcm_clkout0                                                                                                                                                                                                                                                                                                          |
| src4      | g9        | MMCME4_ADV/CLKOUT0     | MMCM_X0Y2           | MMCM_X0Y2           | X2Y2         |           1 |               0 |               3.332 | mmcm_clkout0                                                                                        | bd_i/ddr4_0/inst/u_ddr4_infrastructure/gen_mmcme4.u_mmcme_adv_inst/CLKOUT0                                                                                                                                                                                                                                                                                                                                      | bd_i/ddr4_0/inst/u_ddr4_infrastructure/mmcm_clkout0                                                                                                                                                                                                                                                                                                          |
| src5      | g10       | IBUFDS_GTE4/ODIV2      | GTYE4_COMMON_X1Y7   | GTYE4_COMMON_X1Y7   | X5Y7         |           2 |               0 |              10.000 | pcie_refclk                                                                                         | bd_i/refclk_buf/U0/USE_IBUFDS_GTE4.GEN_IBUFDS_GTE4[0].IBUFDS_GTE4_I/ODIV2                                                                                                                                                                                                                                                                                                                                       | bd_i/refclk_buf/U0/IBUF_DS_ODIV2[0]                                                                                                                                                                                                                                                                                                                          |
| src6      | g11       | MMCME4_ADV/CLKOUT6     | MMCM_X0Y2           | MMCM_X0Y2           | X2Y2         |           1 |               0 |               6.664 | mmcm_clkout6                                                                                        | bd_i/ddr4_0/inst/u_ddr4_infrastructure/gen_mmcme4.u_mmcme_adv_inst/CLKOUT6                                                                                                                                                                                                                                                                                                                                      | bd_i/ddr4_0/inst/u_ddr4_infrastructure/mmcm_clkout6                                                                                                                                                                                                                                                                                                          |
| src7      | g12       | MMCME4_ADV/CLKOUT6     | MMCM_X1Y7           | MMCM_X1Y7           | X4Y7         |           1 |               0 |               6.664 | mmcm_clkout6_2                                                                                      | bd_i/ddr4_1/inst/u_ddr4_infrastructure/gen_mmcme4.u_mmcme_adv_inst/CLKOUT6                                                                                                                                                                                                                                                                                                                                      | bd_i/ddr4_1/inst/u_ddr4_infrastructure/mmcm_clkout6                                                                                                                                                                                                                                                                                                          |
| src8      | g13       | MMCME4_ADV/CLKOUT6     | MMCM_X0Y8           | MMCM_X0Y8           | X2Y8         |           1 |               0 |               6.664 | mmcm_clkout6_3                                                                                      | bd_i/ddr4_2/inst/u_ddr4_infrastructure/gen_mmcme4.u_mmcme_adv_inst/CLKOUT6                                                                                                                                                                                                                                                                                                                                      | bd_i/ddr4_2/inst/u_ddr4_infrastructure/mmcm_clkout6                                                                                                                                                                                                                                                                                                          |
| src9      | g14       | MMCME4_ADV/CLKOUT6     | MMCM_X1Y12          | MMCM_X1Y12          | X4Y12        |           1 |               0 |               6.664 | mmcm_clkout6_1                                                                                      | bd_i/ddr4_3/inst/u_ddr4_infrastructure/gen_mmcme4.u_mmcme_adv_inst/CLKOUT6                                                                                                                                                                                                                                                                                                                                      | bd_i/ddr4_3/inst/u_ddr4_infrastructure/mmcm_clkout6                                                                                                                                                                                                                                                                                                          |
| src10     | g15       | MMCME4_ADV/CLKOUT5     | MMCM_X1Y12          | MMCM_X1Y12          | X4Y12        |           1 |               0 |              13.328 | mmcm_clkout5_1                                                                                      | bd_i/ddr4_3/inst/u_ddr4_infrastructure/gen_mmcme4.u_mmcme_adv_inst/CLKOUT5                                                                                                                                                                                                                                                                                                                                      | bd_i/ddr4_3/inst/u_ddr4_infrastructure/mmcm_clkout5                                                                                                                                                                                                                                                                                                          |
| src11     | g16       | BSCANE2/TCK            | None                | CONFIG_SITE_X0Y1    | X5Y6         |           1 |               0 |              50.000 | dbg_hub/inst/BSCANID.u_xsdbm_id/SWITCH_N_EXT_BSCAN.bscan_inst/SERIES7_BSCAN.bscan_inst/INTERNAL_TCK | dbg_hub/inst/BSCANID.u_xsdbm_id/SWITCH_N_EXT_BSCAN.bscan_inst/SERIES7_BSCAN.bscan_inst/TCK                                                                                                                                                                                                                                                                                                                      | dbg_hub/inst/BSCANID.u_xsdbm_id/SWITCH_N_EXT_BSCAN.bscan_inst/TCK                                                                                                                                                                                                                                                                                            |
| src12     | g17       | GTYE4_CHANNEL/TXOUTCLK | GTYE4_CHANNEL_X1Y28 | GTYE4_CHANNEL_X1Y28 | X5Y7         |           2 |               0 |               2.000 | GTYE4_CHANNEL_TXOUTCLK[0]                                                                           | bd_i/xdma_0/inst/pcie4_ip_i/inst/bd_xdma_0_0_pcie4_ip_gt_top_i/diablo_gt.diablo_gt_phy_wrapper/gt_wizard.gtwizard_top_i/bd_xdma_0_0_pcie4_ip_gt_i/inst/gen_gtwizard_gtye4_top.bd_xdma_0_0_pcie4_ip_gt_gtwizard_gtye4_inst/gen_gtwizard_gtye4.gen_channel_container[31].gen_enabled_channel.gtye4_channel_wrapper_inst/channel_inst/gtye4_channel_gen.gen_gtye4_channel_inst[0].GTYE4_CHANNEL_PRIM_INST/TXOUTCLK | bd_i/xdma_0/inst/pcie4_ip_i/inst/bd_xdma_0_0_pcie4_ip_gt_top_i/diablo_gt.diablo_gt_phy_wrapper/gt_wizard.gtwizard_top_i/bd_xdma_0_0_pcie4_ip_gt_i/inst/gen_gtwizard_gtye4_top.bd_xdma_0_0_pcie4_ip_gt_gtwizard_gtye4_inst/gen_gtwizard_gtye4.gen_channel_container[31].gen_enabled_channel.gtye4_channel_wrapper_inst/channel_inst/GTYE4_CHANNEL_TXOUTCLK[0] |
| src13     | g18       | GTYE4_CHANNEL/TXOUTCLK | GTYE4_CHANNEL_X1Y29 | GTYE4_CHANNEL_X1Y29 | X5Y7         |           2 |               0 |               2.000 | GTYE4_CHANNEL_TXOUTCLK[1]                                                                           | bd_i/xdma_0/inst/pcie4_ip_i/inst/bd_xdma_0_0_pcie4_ip_gt_top_i/diablo_gt.diablo_gt_phy_wrapper/gt_wizard.gtwizard_top_i/bd_xdma_0_0_pcie4_ip_gt_i/inst/gen_gtwizard_gtye4_top.bd_xdma_0_0_pcie4_ip_gt_gtwizard_gtye4_inst/gen_gtwizard_gtye4.gen_channel_container[31].gen_enabled_channel.gtye4_channel_wrapper_inst/channel_inst/gtye4_channel_gen.gen_gtye4_channel_inst[1].GTYE4_CHANNEL_PRIM_INST/TXOUTCLK | bd_i/xdma_0/inst/pcie4_ip_i/inst/bd_xdma_0_0_pcie4_ip_gt_top_i/diablo_gt.diablo_gt_phy_wrapper/gt_wizard.gtwizard_top_i/bd_xdma_0_0_pcie4_ip_gt_i/inst/gen_gtwizard_gtye4_top.bd_xdma_0_0_pcie4_ip_gt_gtwizard_gtye4_inst/gen_gtwizard_gtye4.gen_channel_container[31].gen_enabled_channel.gtye4_channel_wrapper_inst/channel_inst/GTYE4_CHANNEL_TXOUTCLK[1] |
| src14     | g19       | GTYE4_CHANNEL/TXOUTCLK | GTYE4_CHANNEL_X1Y30 | GTYE4_CHANNEL_X1Y30 | X5Y7         |           2 |               0 |               2.000 | GTYE4_CHANNEL_TXOUTCLK[2]                                                                           | bd_i/xdma_0/inst/pcie4_ip_i/inst/bd_xdma_0_0_pcie4_ip_gt_top_i/diablo_gt.diablo_gt_phy_wrapper/gt_wizard.gtwizard_top_i/bd_xdma_0_0_pcie4_ip_gt_i/inst/gen_gtwizard_gtye4_top.bd_xdma_0_0_pcie4_ip_gt_gtwizard_gtye4_inst/gen_gtwizard_gtye4.gen_channel_container[31].gen_enabled_channel.gtye4_channel_wrapper_inst/channel_inst/gtye4_channel_gen.gen_gtye4_channel_inst[2].GTYE4_CHANNEL_PRIM_INST/TXOUTCLK | bd_i/xdma_0/inst/pcie4_ip_i/inst/bd_xdma_0_0_pcie4_ip_gt_top_i/diablo_gt.diablo_gt_phy_wrapper/gt_wizard.gtwizard_top_i/bd_xdma_0_0_pcie4_ip_gt_i/inst/gen_gtwizard_gtye4_top.bd_xdma_0_0_pcie4_ip_gt_gtwizard_gtye4_inst/gen_gtwizard_gtye4.gen_channel_container[31].gen_enabled_channel.gtye4_channel_wrapper_inst/channel_inst/GTYE4_CHANNEL_TXOUTCLK[2] |
| src15     | g20       | GTYE4_CHANNEL/TXOUTCLK | GTYE4_CHANNEL_X1Y31 | GTYE4_CHANNEL_X1Y31 | X5Y7         |           2 |               0 |               2.000 | GTYE4_CHANNEL_TXOUTCLK[3]                                                                           | bd_i/xdma_0/inst/pcie4_ip_i/inst/bd_xdma_0_0_pcie4_ip_gt_top_i/diablo_gt.diablo_gt_phy_wrapper/gt_wizard.gtwizard_top_i/bd_xdma_0_0_pcie4_ip_gt_i/inst/gen_gtwizard_gtye4_top.bd_xdma_0_0_pcie4_ip_gt_gtwizard_gtye4_inst/gen_gtwizard_gtye4.gen_channel_container[31].gen_enabled_channel.gtye4_channel_wrapper_inst/channel_inst/gtye4_channel_gen.gen_gtye4_channel_inst[3].GTYE4_CHANNEL_PRIM_INST/TXOUTCLK | bd_i/xdma_0/inst/pcie4_ip_i/inst/bd_xdma_0_0_pcie4_ip_gt_top_i/diablo_gt.diablo_gt_phy_wrapper/gt_wizard.gtwizard_top_i/bd_xdma_0_0_pcie4_ip_gt_i/inst/gen_gtwizard_gtye4_top.bd_xdma_0_0_pcie4_ip_gt_gtwizard_gtye4_inst/gen_gtwizard_gtye4.gen_channel_container[31].gen_enabled_channel.gtye4_channel_wrapper_inst/channel_inst/GTYE4_CHANNEL_TXOUTCLK[3] |
| src16     | g21       | GTYE4_CHANNEL/TXOUTCLK | GTYE4_CHANNEL_X1Y32 | GTYE4_CHANNEL_X1Y32 | X5Y8         |           2 |               0 |               2.000 | GTYE4_CHANNEL_TXOUTCLK[0]_1                                                                         | bd_i/xdma_0/inst/pcie4_ip_i/inst/bd_xdma_0_0_pcie4_ip_gt_top_i/diablo_gt.diablo_gt_phy_wrapper/gt_wizard.gtwizard_top_i/bd_xdma_0_0_pcie4_ip_gt_i/inst/gen_gtwizard_gtye4_top.bd_xdma_0_0_pcie4_ip_gt_gtwizard_gtye4_inst/gen_gtwizard_gtye4.gen_channel_container[32].gen_enabled_channel.gtye4_channel_wrapper_inst/channel_inst/gtye4_channel_gen.gen_gtye4_channel_inst[0].GTYE4_CHANNEL_PRIM_INST/TXOUTCLK | bd_i/xdma_0/inst/pcie4_ip_i/inst/bd_xdma_0_0_pcie4_ip_gt_top_i/diablo_gt.diablo_gt_phy_wrapper/gt_wizard.gtwizard_top_i/bd_xdma_0_0_pcie4_ip_gt_i/inst/gen_gtwizard_gtye4_top.bd_xdma_0_0_pcie4_ip_gt_gtwizard_gtye4_inst/gen_gtwizard_gtye4.gen_channel_container[32].gen_enabled_channel.gtye4_channel_wrapper_inst/channel_inst/GTYE4_CHANNEL_TXOUTCLK[0] |
| src17     | g22       | GTYE4_CHANNEL/TXOUTCLK | GTYE4_CHANNEL_X1Y33 | GTYE4_CHANNEL_X1Y33 | X5Y8         |           2 |               0 |               2.000 | GTYE4_CHANNEL_TXOUTCLK[1]_1                                                                         | bd_i/xdma_0/inst/pcie4_ip_i/inst/bd_xdma_0_0_pcie4_ip_gt_top_i/diablo_gt.diablo_gt_phy_wrapper/gt_wizard.gtwizard_top_i/bd_xdma_0_0_pcie4_ip_gt_i/inst/gen_gtwizard_gtye4_top.bd_xdma_0_0_pcie4_ip_gt_gtwizard_gtye4_inst/gen_gtwizard_gtye4.gen_channel_container[32].gen_enabled_channel.gtye4_channel_wrapper_inst/channel_inst/gtye4_channel_gen.gen_gtye4_channel_inst[1].GTYE4_CHANNEL_PRIM_INST/TXOUTCLK | bd_i/xdma_0/inst/pcie4_ip_i/inst/bd_xdma_0_0_pcie4_ip_gt_top_i/diablo_gt.diablo_gt_phy_wrapper/gt_wizard.gtwizard_top_i/bd_xdma_0_0_pcie4_ip_gt_i/inst/gen_gtwizard_gtye4_top.bd_xdma_0_0_pcie4_ip_gt_gtwizard_gtye4_inst/gen_gtwizard_gtye4.gen_channel_container[32].gen_enabled_channel.gtye4_channel_wrapper_inst/channel_inst/GTYE4_CHANNEL_TXOUTCLK[1] |
| src18     | g23       | GTYE4_CHANNEL/TXOUTCLK | GTYE4_CHANNEL_X1Y34 | GTYE4_CHANNEL_X1Y34 | X5Y8         |           2 |               0 |               2.000 | GTYE4_CHANNEL_TXOUTCLK[2]_1                                                                         | bd_i/xdma_0/inst/pcie4_ip_i/inst/bd_xdma_0_0_pcie4_ip_gt_top_i/diablo_gt.diablo_gt_phy_wrapper/gt_wizard.gtwizard_top_i/bd_xdma_0_0_pcie4_ip_gt_i/inst/gen_gtwizard_gtye4_top.bd_xdma_0_0_pcie4_ip_gt_gtwizard_gtye4_inst/gen_gtwizard_gtye4.gen_channel_container[32].gen_enabled_channel.gtye4_channel_wrapper_inst/channel_inst/gtye4_channel_gen.gen_gtye4_channel_inst[2].GTYE4_CHANNEL_PRIM_INST/TXOUTCLK | bd_i/xdma_0/inst/pcie4_ip_i/inst/bd_xdma_0_0_pcie4_ip_gt_top_i/diablo_gt.diablo_gt_phy_wrapper/gt_wizard.gtwizard_top_i/bd_xdma_0_0_pcie4_ip_gt_i/inst/gen_gtwizard_gtye4_top.bd_xdma_0_0_pcie4_ip_gt_gtwizard_gtye4_inst/gen_gtwizard_gtye4.gen_channel_container[32].gen_enabled_channel.gtye4_channel_wrapper_inst/channel_inst/GTYE4_CHANNEL_TXOUTCLK[2] |
| src19     | g24       | IBUFCTRL/O             | IOB_X0Y182          | IOB_X0Y182          | X2Y3         |           1 |               1 |               3.332 | dimm0_refclk_clk_p                                                                                  | bd_i/ddr4_0/inst/u_ddr4_mem_intfc/u_mig_ddr4_phy/inst/u_ddr4_phy_pll/diff_input_clk.u_ibufg_sys_clk/IBUFCTRL_INST/O                                                                                                                                                                                                                                                                                             | bd_i/ddr4_0/inst/u_ddr4_mem_intfc/u_mig_ddr4_phy/inst/u_ddr4_phy_pll/diff_input_clk.u_ibufg_sys_clk/O                                                                                                                                                                                                                                                        |
| src20     | g25       | IBUFCTRL/O             | IOB_X1Y281          | IOB_X1Y281          | X4Y5         |           1 |               1 |               3.332 | dimm1_refclk_clk_p                                                                                  | bd_i/ddr4_1/inst/u_ddr4_mem_intfc/u_mig_ddr4_phy/inst/u_ddr4_phy_pll/diff_input_clk.u_ibufg_sys_clk/IBUFCTRL_INST/O                                                                                                                                                                                                                                                                                             | bd_i/ddr4_1/inst/u_ddr4_mem_intfc/u_mig_ddr4_phy/inst/u_ddr4_phy_pll/diff_input_clk.u_ibufg_sys_clk/O                                                                                                                                                                                                                                                        |
| src21     | g26       | IBUFCTRL/O             | IOB_X0Y442          | IOB_X0Y442          | X2Y8         |           1 |               1 |               3.332 | dimm2_refclk_clk_p                                                                                  | bd_i/ddr4_2/inst/u_ddr4_mem_intfc/u_mig_ddr4_phy/inst/u_ddr4_phy_pll/diff_input_clk.u_ibufg_sys_clk/IBUFCTRL_INST/O                                                                                                                                                                                                                                                                                             | bd_i/ddr4_2/inst/u_ddr4_mem_intfc/u_mig_ddr4_phy/inst/u_ddr4_phy_pll/diff_input_clk.u_ibufg_sys_clk/O                                                                                                                                                                                                                                                        |
| src22     | g27       | IBUFCTRL/O             | IOB_X1Y598          | IOB_X1Y598          | X4Y11        |           1 |               1 |               3.332 | dimm3_refclk_clk_p                                                                                  | bd_i/ddr4_3/inst/u_ddr4_mem_intfc/u_mig_ddr4_phy/inst/u_ddr4_phy_pll/diff_input_clk.u_ibufg_sys_clk/IBUFCTRL_INST/O                                                                                                                                                                                                                                                                                             | bd_i/ddr4_3/inst/u_ddr4_mem_intfc/u_mig_ddr4_phy/inst/u_ddr4_phy_pll/diff_input_clk.u_ibufg_sys_clk/O                                                                                                                                                                                                                                                        |
+-----------+-----------+------------------------+---------------------+---------------------+--------------+-------------+-----------------+---------------------+-----------------------------------------------------------------------------------------------------+-----------------------------------------------------------------------------------------------------------------------------------------------------------------------------------------------------------------------------------------------------------------------------------------------------------------------------------------------------------------------------------------------------------------+--------------------------------------------------------------------------------------------------------------------------------------------------------------------------------------------------------------------------------------------------------------------------------------------------------------------------------------------------------------+
* Clock Loads column represents cell count of net connects that connect to a clock pin. Internal cell leaf pins are not considered
** Non-Clock Loads column represents cell count of non-clock pin loads


4. Clock Regions : Clock Primitives
-----------------------------------

+-------------------+---------------+---------------+---------------+---------------+---------------+---------------+---------------+
|                   |  Global Clock |     BUFGCE    |   BUFGCE_DIV  |    BUFGCTRL   |    BUFG_GT    |      MMCM     |      PLL      |
+-------------------+-------+-------+-------+-------+-------+-------+-------+-------+-------+-------+-------+-------+-------+-------+
| Clock Region Name | Used  | Avail | Used  | Avail | Used  | Avail | Used  | Avail | Used  | Avail | Used  | Avail | Used  | Avail |
+-------------------+-------+-------+-------+-------+-------+-------+-------+-------+-------+-------+-------+-------+-------+-------+
| X0Y0              |     1 |    24 |     0 |     0 |     0 |     0 |     0 |     0 |     0 |    24 |     0 |     0 |     0 |     0 |
| X1Y0              |     1 |    24 |     0 |     0 |     0 |     0 |     0 |     0 |     0 |     0 |     0 |     0 |     0 |     0 |
| X2Y0              |     1 |    24 |     0 |    24 |     0 |     4 |     0 |     8 |     0 |     0 |     0 |     1 |     0 |     2 |
| X3Y0              |     1 |    24 |     0 |     0 |     0 |     0 |     0 |     0 |     0 |     0 |     0 |     0 |     0 |     0 |
| X4Y0              |     1 |    24 |     0 |    24 |     0 |     4 |     0 |     8 |     0 |     0 |     0 |     1 |     0 |     2 |
| X5Y0              |     1 |    24 |     0 |     0 |     0 |     0 |     0 |     0 |     0 |    24 |     0 |     0 |     0 |     0 |
| X0Y1              |     1 |    24 |     0 |     0 |     0 |     0 |     0 |     0 |     0 |    24 |     0 |     0 |     0 |     0 |
| X1Y1              |     1 |    24 |     0 |     0 |     0 |     0 |     0 |     0 |     0 |     0 |     0 |     0 |     0 |     0 |
| X2Y1              |     3 |    24 |     0 |    24 |     0 |     4 |     0 |     8 |     0 |     0 |     0 |     1 |     0 |     2 |
| X3Y1              |     3 |    24 |     0 |     0 |     0 |     0 |     0 |     0 |     0 |     0 |     0 |     0 |     0 |     0 |
| X4Y1              |     2 |    24 |     0 |    24 |     0 |     4 |     0 |     8 |     0 |     0 |     0 |     1 |     0 |     2 |
| X5Y1              |     1 |    24 |     0 |     0 |     0 |     0 |     0 |     0 |     0 |    24 |     0 |     0 |     0 |     0 |
| X0Y2              |     1 |    24 |     0 |     0 |     0 |     0 |     0 |     0 |     0 |    24 |     0 |     0 |     0 |     0 |
| X1Y2              |     1 |    24 |     0 |     0 |     0 |     0 |     0 |     0 |     0 |     0 |     0 |     0 |     0 |     0 |
| X2Y2              |     4 |    24 |     2 |    24 |     0 |     4 |     0 |     8 |     0 |     0 |     1 |     1 |     0 |     2 |
| X3Y2              |     3 |    24 |     0 |     0 |     0 |     0 |     0 |     0 |     0 |     0 |     0 |     0 |     0 |     0 |
| X4Y2              |     2 |    24 |     0 |    24 |     0 |     4 |     0 |     8 |     0 |     0 |     0 |     1 |     0 |     2 |
| X5Y2              |     2 |    24 |     0 |     0 |     0 |     0 |     0 |     0 |     0 |    24 |     0 |     0 |     0 |     0 |
| X0Y3              |     1 |    24 |     0 |     0 |     0 |     0 |     0 |     0 |     0 |    24 |     0 |     0 |     0 |     0 |
| X1Y3              |     2 |    24 |     0 |     0 |     0 |     0 |     0 |     0 |     0 |     0 |     0 |     0 |     0 |     0 |
| X2Y3              |     5 |    24 |     1 |    24 |     0 |     4 |     0 |     8 |     0 |     0 |     0 |     1 |     0 |     2 |
| X3Y3              |     4 |    24 |     0 |     0 |     0 |     0 |     0 |     0 |     0 |     0 |     0 |     0 |     0 |     0 |
| X4Y3              |     2 |    24 |     0 |    24 |     0 |     4 |     0 |     8 |     0 |     0 |     0 |     1 |     0 |     2 |
| X5Y3              |     2 |    24 |     0 |     0 |     0 |     0 |     0 |     0 |     0 |    24 |     0 |     0 |     0 |     0 |
| X0Y4              |     1 |    24 |     0 |     0 |     0 |     0 |     0 |     0 |     0 |    24 |     0 |     0 |     0 |     0 |
| X1Y4              |     2 |    24 |     0 |     0 |     0 |     0 |     0 |     0 |     0 |     0 |     0 |     0 |     0 |     0 |
| X2Y4              |     2 |    24 |     0 |    24 |     0 |     4 |     0 |     8 |     0 |     0 |     0 |     1 |     0 |     2 |
| X3Y4              |     2 |    24 |     0 |     0 |     0 |     0 |     0 |     0 |     0 |     0 |     0 |     0 |     0 |     0 |
| X4Y4              |     2 |    24 |     0 |    24 |     0 |     4 |     0 |     8 |     0 |     0 |     0 |     1 |     0 |     2 |
| X5Y4              |     2 |    24 |     0 |     0 |     0 |     0 |     0 |     0 |     0 |    24 |     0 |     0 |     0 |     0 |
| X0Y5              |     1 |    24 |     0 |     0 |     0 |     0 |     0 |     0 |     0 |    24 |     0 |     0 |     0 |     0 |
| X1Y5              |     2 |    24 |     0 |     0 |     0 |     0 |     0 |     0 |     0 |     0 |     0 |     0 |     0 |     0 |
| X2Y5              |     6 |    24 |     0 |    24 |     0 |     4 |     0 |     8 |     0 |     0 |     0 |     1 |     0 |     2 |
| X3Y5              |     7 |    24 |     0 |     0 |     0 |     0 |     0 |     0 |     0 |     0 |     0 |     0 |     0 |     0 |
| X4Y5              |     5 |    24 |     1 |    24 |     0 |     4 |     0 |     8 |     0 |     0 |     0 |     1 |     0 |     2 |
| X5Y5              |     4 |    24 |     0 |     0 |     0 |     0 |     0 |     0 |     0 |    24 |     0 |     0 |     0 |     0 |
| X0Y6              |     1 |    24 |     0 |     0 |     0 |     0 |     0 |     0 |     0 |    24 |     0 |     0 |     0 |     0 |
| X1Y6              |     2 |    24 |     0 |     0 |     0 |     0 |     0 |     0 |     0 |     0 |     0 |     0 |     0 |     0 |
| X2Y6              |     7 |    24 |     0 |    24 |     0 |     4 |     0 |     8 |     0 |     0 |     0 |     1 |     0 |     2 |
| X3Y6              |     8 |    24 |     0 |     0 |     0 |     0 |     0 |     0 |     0 |     0 |     0 |     0 |     0 |     0 |
| X4Y6              |     7 |    24 |     1 |    24 |     0 |     4 |     0 |     8 |     0 |     0 |     0 |     1 |     0 |     2 |
| X5Y6              |     4 |    24 |     0 |     0 |     0 |     0 |     0 |     0 |     0 |    24 |     0 |     0 |     0 |     0 |
| X0Y7              |     2 |    24 |     0 |     0 |     0 |     0 |     0 |     0 |     0 |    24 |     0 |     0 |     0 |     0 |
| X1Y7              |     5 |    24 |     0 |     0 |     0 |     0 |     0 |     0 |     0 |     0 |     0 |     0 |     0 |     0 |
| X2Y7              |     8 |    24 |     0 |    24 |     0 |     4 |     0 |     8 |     0 |     0 |     0 |     1 |     0 |     2 |
| X3Y7              |     7 |    24 |     0 |     0 |     0 |     0 |     0 |     0 |     0 |     0 |     0 |     0 |     0 |     0 |
| X4Y7              |     9 |    24 |     2 |    24 |     0 |     4 |     0 |     8 |     0 |     0 |     1 |     1 |     0 |     2 |
| X5Y7              |     7 |    24 |     0 |     0 |     0 |     0 |     0 |     0 |     5 |    24 |     0 |     0 |     0 |     0 |
| X0Y8              |     1 |    24 |     0 |     0 |     0 |     0 |     0 |     0 |     0 |    24 |     0 |     0 |     0 |     0 |
| X1Y8              |     1 |    24 |     0 |     0 |     0 |     0 |     0 |     0 |     0 |     0 |     0 |     0 |     0 |     0 |
| X2Y8              |     8 |    24 |     3 |    24 |     0 |     4 |     0 |     8 |     0 |     0 |     1 |     1 |     0 |     2 |
| X3Y8              |     8 |    24 |     0 |     0 |     0 |     0 |     0 |     0 |     0 |     0 |     0 |     0 |     0 |     0 |
| X4Y8              |     7 |    24 |     0 |    24 |     0 |     4 |     0 |     8 |     0 |     0 |     0 |     1 |     0 |     2 |
| X5Y8              |     6 |    24 |     0 |     0 |     0 |     0 |     0 |     0 |     9 |    24 |     0 |     0 |     0 |     0 |
| X0Y9              |     1 |    24 |     0 |     0 |     0 |     0 |     0 |     0 |     0 |    24 |     0 |     0 |     0 |     0 |
| X1Y9              |     1 |    24 |     0 |     0 |     0 |     0 |     0 |     0 |     0 |     0 |     0 |     0 |     0 |     0 |
| X2Y9              |     4 |    24 |     0 |    24 |     0 |     4 |     0 |     8 |     0 |     0 |     0 |     1 |     0 |     2 |
| X3Y9              |     3 |    24 |     0 |     0 |     0 |     0 |     0 |     0 |     0 |     0 |     0 |     0 |     0 |     0 |
| X4Y9              |     2 |    24 |     0 |    24 |     0 |     4 |     0 |     8 |     0 |     0 |     0 |     1 |     0 |     2 |
| X5Y9              |     1 |    24 |     0 |     0 |     0 |     0 |     0 |     0 |     0 |    24 |     0 |     0 |     0 |     0 |
| X0Y10             |     0 |    24 |     0 |     0 |     0 |     0 |     0 |     0 |     0 |    24 |     0 |     0 |     0 |     0 |
| X1Y10             |     0 |    24 |     0 |     0 |     0 |     0 |     0 |     0 |     0 |     0 |     0 |     0 |     0 |     0 |
| X2Y10             |     1 |    24 |     0 |    24 |     0 |     4 |     0 |     8 |     0 |     0 |     0 |     1 |     0 |     2 |
| X3Y10             |     1 |    24 |     0 |     0 |     0 |     0 |     0 |     0 |     0 |     0 |     0 |     0 |     0 |     0 |
| X4Y10             |     1 |    24 |     0 |    24 |     0 |     4 |     0 |     8 |     0 |     0 |     0 |     1 |     0 |     2 |
| X5Y10             |     0 |    24 |     0 |     0 |     0 |     0 |     0 |     0 |     0 |    24 |     0 |     0 |     0 |     0 |
| X0Y11             |     0 |    24 |     0 |     0 |     0 |     0 |     0 |     0 |     0 |    24 |     0 |     0 |     0 |     0 |
| X1Y11             |     0 |    24 |     0 |     0 |     0 |     0 |     0 |     0 |     0 |     0 |     0 |     0 |     0 |     0 |
| X2Y11             |     0 |    24 |     0 |    24 |     0 |     4 |     0 |     8 |     0 |     0 |     0 |     1 |     0 |     2 |
| X3Y11             |     2 |    24 |     0 |     0 |     0 |     0 |     0 |     0 |     0 |     0 |     0 |     0 |     0 |     0 |
| X4Y11             |     4 |    24 |     1 |    24 |     0 |     4 |     0 |     8 |     0 |     0 |     0 |     1 |     0 |     2 |
| X5Y11             |     0 |    24 |     0 |     0 |     0 |     0 |     0 |     0 |     0 |    24 |     0 |     0 |     0 |     0 |
| X0Y12             |     0 |    24 |     0 |     0 |     0 |     0 |     0 |     0 |     0 |    24 |     0 |     0 |     0 |     0 |
| X1Y12             |     0 |    24 |     0 |     0 |     0 |     0 |     0 |     0 |     0 |     0 |     0 |     0 |     0 |     0 |
| X2Y12             |     0 |    24 |     0 |    24 |     0 |     4 |     0 |     8 |     0 |     0 |     0 |     1 |     0 |     2 |
| X3Y12             |     0 |    24 |     0 |     0 |     0 |     0 |     0 |     0 |     0 |     0 |     0 |     0 |     0 |     0 |
| X4Y12             |     3 |    24 |     3 |    24 |     0 |     4 |     0 |     8 |     0 |     0 |     1 |     1 |     0 |     2 |
| X5Y12             |     0 |    24 |     0 |     0 |     0 |     0 |     0 |     0 |     0 |    24 |     0 |     0 |     0 |     0 |
| X0Y13             |     0 |    24 |     0 |     0 |     0 |     0 |     0 |     0 |     0 |    24 |     0 |     0 |     0 |     0 |
| X1Y13             |     0 |    24 |     0 |     0 |     0 |     0 |     0 |     0 |     0 |     0 |     0 |     0 |     0 |     0 |
| X2Y13             |     0 |    24 |     0 |    24 |     0 |     4 |     0 |     8 |     0 |     0 |     0 |     1 |     0 |     2 |
| X3Y13             |     0 |    24 |     0 |     0 |     0 |     0 |     0 |     0 |     0 |     0 |     0 |     0 |     0 |     0 |
| X4Y13             |     2 |    24 |     0 |    24 |     0 |     4 |     0 |     8 |     0 |     0 |     0 |     1 |     0 |     2 |
| X5Y13             |     0 |    24 |     0 |     0 |     0 |     0 |     0 |     0 |     0 |    24 |     0 |     0 |     0 |     0 |
| X0Y14             |     0 |    24 |     0 |     0 |     0 |     0 |     0 |     0 |     0 |    24 |     0 |     0 |     0 |     0 |
| X1Y14             |     0 |    24 |     0 |     0 |     0 |     0 |     0 |     0 |     0 |     0 |     0 |     0 |     0 |     0 |
| X2Y14             |     0 |    24 |     0 |    24 |     0 |     4 |     0 |     8 |     0 |     0 |     0 |     1 |     0 |     2 |
| X3Y14             |     0 |    24 |     0 |     0 |     0 |     0 |     0 |     0 |     0 |     0 |     0 |     0 |     0 |     0 |
| X4Y14             |     0 |    24 |     0 |    24 |     0 |     4 |     0 |     8 |     0 |     0 |     0 |     1 |     0 |     2 |
| X5Y14             |     0 |    24 |     0 |     0 |     0 |     0 |     0 |     0 |     0 |    24 |     0 |     0 |     0 |     0 |
+-------------------+-------+-------+-------+-------+-------+-------+-------+-------+-------+-------+-------+-------+-------+-------+
* Global Clock column represents track count; while other columns represents cell counts


5. Clock Regions : Load Primitives
----------------------------------

+-------------------+------------------+------------------+------------------+------------------+------------------+------------------+------------------+------------------+
|                   |   Global Clock   |        FF        |      LUTRAM      |  Block RAM (18K) |       URAM       |        DSP       |        GT        |      HARD IP     |
+-------------------+--------+---------+--------+---------+--------+---------+--------+---------+--------+---------+--------+---------+--------+---------+--------+---------+
| Clock Region Name | Used   | Avail   | Used   | Avail   | Used   | Avail   | Used   | Avail   | Used   | Avail   | Used   | Avail   | Used   | Avail   | Used   | Avail   |
+-------------------+--------+---------+--------+---------+--------+---------+--------+---------+--------+---------+--------+---------+--------+---------+--------+---------+
| X0Y0              |      1 |      24 |    873 |   27840 |     10 |    6720 |      2 |      72 |      0 |       0 |     60 |     120 |      0 |       4 |      0 |       1 |
| X1Y0              |      1 |      24 |   2264 |   21120 |     63 |    5280 |      6 |      24 |      0 |      16 |     72 |      72 |      0 |       0 |      0 |       0 |
| X2Y0              |      1 |      24 |   2351 |   29760 |    104 |    6720 |      0 |      72 |      8 |      16 |     69 |      72 |      0 |       0 |      0 |       0 |
| X3Y0              |      1 |      24 |   1593 |   21120 |     54 |    5280 |      0 |      24 |      0 |      16 |     57 |      72 |      0 |       0 |      0 |       0 |
| X4Y0              |      1 |      24 |    312 |   26880 |      0 |    6240 |      0 |      48 |      0 |      16 |     72 |      72 |      0 |       0 |      0 |       0 |
| X5Y0              |      1 |      24 |     37 |   24000 |      0 |    5760 |      0 |      48 |      0 |       0 |     20 |      48 |      0 |       4 |      0 |       1 |
| X0Y1              |      1 |      24 |   1885 |   29760 |      1 |    7680 |     19 |      72 |      0 |       0 |     96 |     120 |      0 |       4 |      0 |       1 |
| X1Y1              |      1 |      24 |   3092 |   23040 |     14 |    6240 |     20 |      24 |     13 |      16 |     72 |      72 |      0 |       0 |      0 |       0 |
| X2Y1              |      3 |      24 |   6708 |   31680 |    219 |    7680 |     12 |      72 |     15 |      16 |     72 |      72 |      0 |       0 |      0 |       0 |
| X3Y1              |      3 |      24 |   2842 |   23040 |    179 |    6240 |      0 |      24 |      3 |      16 |     72 |      72 |      0 |       0 |      0 |       0 |
| X4Y1              |      2 |      24 |   2006 |   28800 |      9 |    7200 |      0 |      48 |      9 |      16 |     72 |      72 |      0 |       0 |      0 |       0 |
| X5Y1              |      1 |      24 |    259 |   25920 |      0 |    6720 |      0 |      48 |      0 |       0 |     27 |      48 |      0 |       4 |      0 |       0 |
| X0Y2              |      1 |      24 |   3355 |   29760 |      0 |    7680 |     56 |      72 |      0 |       0 |     98 |     120 |      0 |       4 |      0 |       1 |
| X1Y2              |      1 |      24 |   4438 |   23040 |     16 |    6240 |     22 |      24 |     16 |      16 |     71 |      72 |      0 |       0 |      0 |       0 |
| X2Y2              |      4 |      24 |   8754 |   31680 |    329 |    7680 |     18 |      72 |     16 |      16 |     72 |      72 |      0 |       0 |      0 |       0 |
| X3Y2              |      3 |      24 |   4074 |   23040 |      8 |    6240 |      0 |      24 |      8 |      16 |     71 |      72 |      0 |       0 |      0 |       0 |
| X4Y2              |      2 |      24 |   3360 |   28800 |     16 |    7200 |      0 |      48 |     16 |      16 |     72 |      72 |      0 |       0 |      0 |       0 |
| X5Y2              |      2 |      24 |   2212 |   25920 |      0 |    6720 |      0 |      48 |      0 |       0 |     31 |      48 |      0 |       4 |      0 |       0 |
| X0Y3              |      1 |      24 |   5752 |   29760 |      0 |    7680 |     28 |      72 |      0 |       0 |    100 |     120 |      0 |       4 |      0 |       1 |
| X1Y3              |      2 |      24 |   6433 |   23040 |     25 |    6240 |      0 |      24 |     16 |      16 |     71 |      72 |      0 |       0 |      0 |       0 |
| X2Y3              |      5 |      24 |  10441 |   31680 |    553 |    7680 |     34 |      72 |     16 |      16 |     71 |      72 |      0 |       0 |      0 |       0 |
| X3Y3              |      4 |      24 |   3600 |   23040 |    378 |    6240 |      0 |      24 |      8 |      16 |     51 |      72 |      0 |       0 |      0 |       0 |
| X4Y3              |      2 |      24 |   3730 |   28800 |    446 |    7200 |      0 |      48 |     16 |      16 |     68 |      72 |      0 |       0 |      0 |       0 |
| X5Y3              |      2 |      24 |   3535 |   25920 |     13 |    6720 |      0 |      48 |      0 |       0 |     25 |      48 |      0 |       4 |      0 |       1 |
| X0Y4              |      1 |      24 |   3521 |   27840 |      0 |    6720 |      0 |      72 |      0 |       0 |     79 |     120 |      0 |       4 |      0 |       1 |
| X1Y4              |      2 |      24 |   4924 |   21120 |     25 |    5280 |      0 |      24 |      2 |      16 |     72 |      72 |      0 |       0 |      0 |       0 |
| X2Y4              |      2 |      24 |   8029 |   29760 |   1027 |    6720 |      0 |      72 |     16 |      16 |     47 |      72 |      0 |       0 |      0 |       0 |
| X3Y4              |      2 |      24 |   5506 |   21120 |    537 |    5280 |      8 |      24 |      0 |      16 |     20 |      72 |      0 |       0 |      0 |       0 |
| X4Y4              |      2 |      24 |   6283 |   26880 |    191 |    6240 |      0 |      48 |      4 |      16 |     51 |      72 |      0 |       0 |      0 |       0 |
| X5Y4              |      2 |      24 |   3592 |   24000 |      0 |    5760 |      0 |      48 |      0 |       0 |      6 |      48 |      0 |       4 |      0 |       1 |
| X0Y5              |      1 |      24 |   2386 |   27840 |      0 |    6720 |      0 |      72 |      0 |       0 |      0 |     120 |      0 |       4 |      0 |       1 |
| X1Y5              |      2 |      24 |   3524 |   21120 |     29 |    5280 |      4 |      24 |      0 |      16 |      0 |      72 |      0 |       0 |      0 |       0 |
| X2Y5              |      6 |      24 |  12733 |   29760 |    398 |    6720 |      4 |      72 |      0 |      16 |      0 |      72 |      0 |       0 |      0 |       0 |
| X3Y5              |      7 |      24 |  10011 |   21120 |    244 |    5280 |      2 |      24 |      0 |      16 |      0 |      72 |      0 |       0 |      0 |       0 |
| X4Y5              |      5 |      24 |   5914 |   26880 |     75 |    6240 |     22 |      48 |      0 |      16 |      0 |      72 |      0 |       0 |      0 |       0 |
| X5Y5              |      4 |      24 |   6493 |   24000 |     42 |    5760 |     48 |      48 |      0 |       0 |      0 |      48 |      0 |       4 |      1 |       1 |
| X0Y6              |      1 |      24 |   3249 |   29760 |    154 |    7680 |      0 |      72 |      0 |       0 |      0 |     120 |      0 |       4 |      0 |       1 |
| X1Y6              |      2 |      24 |   5273 |   23040 |    368 |    6240 |      0 |      24 |      0 |      16 |      2 |      72 |      0 |       0 |      0 |       0 |
| X2Y6              |      7 |      24 |  13619 |   31680 |    674 |    7680 |     16 |      72 |      0 |      16 |      0 |      72 |      0 |       0 |      0 |       0 |
| X3Y6              |      8 |      24 |  12240 |   23040 |    393 |    6240 |      0 |      24 |      0 |      16 |      0 |      72 |      0 |       0 |      0 |       0 |
| X4Y6              |      7 |      24 |  10444 |   28800 |    262 |    7200 |     24 |      48 |      0 |      16 |      0 |      72 |      0 |       0 |      0 |       0 |
| X5Y6              |      4 |      24 |   5143 |   25920 |     57 |    6720 |     12 |      48 |      0 |       0 |      0 |      48 |      0 |       4 |      0 |       0 |
| X0Y7              |      2 |      24 |   2674 |   29760 |    103 |    7680 |      0 |      72 |      0 |       0 |      0 |     120 |      0 |       4 |      0 |       1 |
| X1Y7              |      5 |      24 |   4902 |   23040 |    430 |    6240 |      0 |      24 |      0 |      16 |      0 |      72 |      0 |       0 |      0 |       0 |
| X2Y7              |      8 |      24 |  13186 |   31680 |   1239 |    7680 |     13 |      72 |      0 |      16 |      0 |      72 |      0 |       0 |      0 |       0 |
| X3Y7              |      7 |      24 |   9060 |   23040 |    519 |    6240 |      0 |      24 |      0 |      16 |      0 |      72 |      0 |       0 |      0 |       0 |
| X4Y7              |      9 |      24 |   8129 |   28800 |    513 |    7200 |     43 |      48 |      0 |      16 |      3 |      72 |      0 |       0 |      0 |       0 |
| X5Y7              |      7 |      24 |   2299 |   25920 |     11 |    6720 |      0 |      48 |      0 |       0 |      0 |      48 |      4 |       4 |      0 |       0 |
| X0Y8              |      1 |      24 |   2871 |   29760 |     55 |    7680 |      0 |      72 |      0 |       0 |      0 |     120 |      0 |       4 |      0 |       1 |
| X1Y8              |      1 |      24 |   5406 |   23040 |    486 |    6240 |      0 |      24 |      0 |      16 |      2 |      72 |      0 |       0 |      0 |       0 |
| X2Y8              |      8 |      24 |  13123 |   31680 |    530 |    7680 |     36 |      72 |      0 |      16 |      5 |      72 |      0 |       0 |      0 |       0 |
| X3Y8              |      8 |      24 |   7667 |   23040 |    318 |    6240 |      0 |      24 |      0 |      16 |      0 |      72 |      0 |       0 |      0 |       0 |
| X4Y8              |      7 |      24 |   3993 |   28800 |    155 |    7200 |      0 |      48 |      0 |      16 |      0 |      72 |      0 |       0 |      0 |       0 |
| X5Y8              |      6 |      24 |   1734 |   25920 |      4 |    6720 |      0 |      48 |      0 |       0 |      0 |      48 |      4 |       4 |      0 |       1 |
| X0Y9              |      1 |      24 |   1451 |   27840 |      0 |    6720 |      0 |      72 |      0 |       0 |      0 |     120 |      0 |       4 |      0 |       1 |
| X1Y9              |      1 |      24 |   1882 |   21120 |     88 |    5280 |      0 |      24 |      0 |      16 |      0 |      72 |      0 |       0 |      0 |       0 |
| X2Y9              |      4 |      24 |   7527 |   29760 |     99 |    6720 |      2 |      72 |      0 |      16 |      0 |      72 |      0 |       0 |      0 |       0 |
| X3Y9              |      3 |      24 |   4738 |   21120 |    145 |    5280 |      0 |      24 |      0 |      16 |      0 |      72 |      0 |       0 |      0 |       0 |
| X4Y9              |      2 |      24 |      0 |   26880 |      0 |    6240 |      0 |      48 |      0 |      16 |      0 |      72 |      0 |       0 |      0 |       0 |
| X5Y9              |      1 |      24 |     81 |   24000 |      0 |    5760 |      0 |      48 |      0 |       0 |      0 |      48 |      0 |       4 |      0 |       1 |
| X0Y10             |      0 |      24 |      0 |   27840 |      0 |    6720 |      0 |      72 |      0 |       0 |      0 |     120 |      0 |       4 |      0 |       1 |
| X1Y10             |      0 |      24 |      0 |   21120 |      0 |    5280 |      0 |      24 |      0 |      16 |      0 |      72 |      0 |       0 |      0 |       0 |
| X2Y10             |      1 |      24 |    745 |   29760 |     40 |    6720 |      0 |      72 |      0 |      16 |      0 |      72 |      0 |       0 |      0 |       0 |
| X3Y10             |      1 |      24 |   1669 |   21120 |     28 |    5280 |      0 |      24 |      0 |      16 |      0 |      72 |      0 |       0 |      0 |       0 |
| X4Y10             |      1 |      24 |      0 |   26880 |      0 |    6240 |      0 |      48 |      0 |      16 |      0 |      72 |      0 |       0 |      0 |       0 |
| X5Y10             |      0 |      24 |      0 |   24000 |      0 |    5760 |      0 |      48 |      0 |       0 |      0 |      48 |      0 |       4 |      0 |       1 |
| X0Y11             |      0 |      24 |      0 |   29760 |      0 |    7680 |      0 |      72 |      0 |       0 |      0 |     120 |      0 |       4 |      0 |       1 |
| X1Y11             |      0 |      24 |      0 |   23040 |      0 |    6240 |      0 |      24 |      0 |      16 |      0 |      72 |      0 |       0 |      0 |       0 |
| X2Y11             |      0 |      24 |      0 |   31680 |      0 |    7680 |      0 |      72 |      0 |      16 |      0 |      72 |      0 |       0 |      0 |       0 |
| X3Y11             |      2 |      24 |   1462 |   23040 |     14 |    6240 |      0 |      24 |      0 |      16 |      0 |      72 |      0 |       0 |      0 |       0 |
| X4Y11             |      4 |      24 |   8088 |   28800 |    689 |    7200 |      7 |      48 |      0 |      16 |      0 |      72 |      0 |       0 |      0 |       0 |
| X5Y11             |      0 |      24 |      0 |   25920 |      0 |    6720 |      0 |      48 |      0 |       0 |      0 |      48 |      0 |       4 |      0 |       0 |
| X0Y12             |      0 |      24 |      0 |   29760 |      0 |    7680 |      0 |      72 |      0 |       0 |      0 |     120 |      0 |       4 |      0 |       1 |
| X1Y12             |      0 |      24 |      0 |   23040 |      0 |    6240 |      0 |      24 |      0 |      16 |      0 |      72 |      0 |       0 |      0 |       0 |
| X2Y12             |      0 |      24 |      0 |   31680 |      0 |    7680 |      0 |      72 |      0 |      16 |      0 |      72 |      0 |       0 |      0 |       0 |
| X3Y12             |      0 |      24 |      0 |   23040 |      0 |    6240 |      0 |      24 |      0 |      16 |      0 |      72 |      0 |       0 |      0 |       0 |
| X4Y12             |      3 |      24 |   7457 |   28800 |    114 |    7200 |     40 |      48 |      0 |      16 |      3 |      72 |      0 |       0 |      0 |       0 |
| X5Y12             |      0 |      24 |      0 |   25920 |      0 |    6720 |      0 |      48 |      0 |       0 |      0 |      48 |      0 |       4 |      0 |       0 |
| X0Y13             |      0 |      24 |      0 |   29760 |      0 |    7680 |      0 |      72 |      0 |       0 |      0 |     120 |      0 |       4 |      0 |       1 |
| X1Y13             |      0 |      24 |      0 |   23040 |      0 |    6240 |      0 |      24 |      0 |      16 |      0 |      72 |      0 |       0 |      0 |       0 |
| X2Y13             |      0 |      24 |      0 |   31680 |      0 |    7680 |      0 |      72 |      0 |      16 |      0 |      72 |      0 |       0 |      0 |       0 |
| X3Y13             |      0 |      24 |      0 |   23040 |      0 |    6240 |      0 |      24 |      0 |      16 |      0 |      72 |      0 |       0 |      0 |       0 |
| X4Y13             |      2 |      24 |   2236 |   28800 |      0 |    7200 |      4 |      48 |      0 |      16 |      0 |      72 |      0 |       0 |      0 |       0 |
| X5Y13             |      0 |      24 |      0 |   25920 |      0 |    6720 |      0 |      48 |      0 |       0 |      0 |      48 |      0 |       4 |      0 |       1 |
| X0Y14             |      0 |      24 |      0 |   27840 |      0 |    6720 |      0 |      72 |      0 |       0 |      0 |     120 |      0 |       4 |      0 |       1 |
| X1Y14             |      0 |      24 |      0 |   21120 |      0 |    5280 |      0 |      24 |      0 |      16 |      0 |      72 |      0 |       0 |      0 |       0 |
| X2Y14             |      0 |      24 |      0 |   29760 |      0 |    6720 |      0 |      72 |      0 |      16 |      0 |      72 |      0 |       0 |      0 |       0 |
| X3Y14             |      0 |      24 |      0 |   21120 |      0 |    5280 |      0 |      24 |      0 |      16 |      0 |      72 |      0 |       0 |      0 |       0 |
| X4Y14             |      0 |      24 |      0 |   26880 |      0 |    6240 |      0 |      48 |      0 |      16 |      0 |      72 |      0 |       0 |      0 |       0 |
| X5Y14             |      0 |      24 |      0 |   24000 |      0 |    5760 |      0 |      48 |      0 |       0 |      0 |      48 |      0 |       4 |      0 |       1 |
+-------------------+--------+---------+--------+---------+--------+---------+--------+---------+--------+---------+--------+---------+--------+---------+--------+---------+
* Global Clock column represents track count; while other columns represents cell counts


6. Clock Regions : Global Clock Summary
---------------------------------------

All Modules
+-----+----+----+----+----+----+----+
|     | X0 | X1 | X2 | X3 | X4 | X5 |
+-----+----+----+----+----+----+----+
| Y14 |  0 |  0 |  0 |  0 |  0 |  0 |
| Y13 |  0 |  0 |  0 |  0 |  2 |  0 |
| Y12 |  0 |  0 |  0 |  0 |  4 |  0 |
| Y11 |  0 |  0 |  0 |  2 |  4 |  0 |
| Y10 |  0 |  0 |  1 |  2 |  2 |  0 |
| Y9  |  1 |  1 |  4 |  4 |  2 |  1 |
| Y8  |  1 |  1 |  9 |  9 |  9 | 10 |
| Y7  |  2 |  5 | 10 |  9 | 11 | 10 |
| Y6  |  1 |  2 |  7 |  9 |  9 |  5 |
| Y5  |  1 |  2 |  6 |  8 |  6 |  4 |
| Y4  |  1 |  2 |  4 |  3 |  2 |  2 |
| Y3  |  1 |  2 |  7 |  4 |  2 |  2 |
| Y2  |  1 |  1 |  6 |  3 |  2 |  2 |
| Y1  |  1 |  1 |  3 |  3 |  2 |  1 |
| Y0  |  1 |  1 |  1 |  1 |  1 |  1 |
+-----+----+----+----+----+----+----+


7. Clock Regions : Routing Resource Utilization
-----------------------------------------------

All Modules
+-------------------+----------------------+----------------------+----------------------+----------------------+
|                   |        HROUTES       |        HDISTRS       |        VROUTES       |        VDISTRS       |
+-------------------+------+-------+-------+------+-------+-------+------+-------+-------+------+-------+-------+
| Clock Region Name | Used | Avail | Util% | Used | Avail | Util% | Used | Avail | Util% | Used | Avail | Util% |
+-------------------+------+-------+-------+------+-------+-------+------+-------+-------+------+-------+-------+
| X0Y0              |    0 |    24 |  0.00 |    1 |    24 |  4.17 |    0 |    24 |  0.00 |    0 |    24 |  0.00 |
| X1Y0              |    0 |    24 |  0.00 |    1 |    24 |  4.17 |    0 |    24 |  0.00 |    0 |    24 |  0.00 |
| X2Y0              |    0 |    24 |  0.00 |    1 |    24 |  4.17 |    0 |    24 |  0.00 |    1 |    24 |  4.17 |
| X3Y0              |    0 |    24 |  0.00 |    1 |    24 |  4.17 |    0 |    24 |  0.00 |    0 |    24 |  0.00 |
| X4Y0              |    0 |    24 |  0.00 |    1 |    24 |  4.17 |    0 |    24 |  0.00 |    0 |    24 |  0.00 |
| X5Y0              |    0 |    24 |  0.00 |    1 |    24 |  4.17 |    0 |    24 |  0.00 |    0 |    24 |  0.00 |
| X0Y1              |    0 |    24 |  0.00 |    1 |    24 |  4.17 |    0 |    24 |  0.00 |    0 |    24 |  0.00 |
| X1Y1              |    0 |    24 |  0.00 |    1 |    24 |  4.17 |    0 |    24 |  0.00 |    0 |    24 |  0.00 |
| X2Y1              |    0 |    24 |  0.00 |    3 |    24 | 12.50 |    0 |    24 |  0.00 |    1 |    24 |  4.17 |
| X3Y1              |    0 |    24 |  0.00 |    3 |    24 | 12.50 |    0 |    24 |  0.00 |    2 |    24 |  8.33 |
| X4Y1              |    0 |    24 |  0.00 |    2 |    24 |  8.33 |    0 |    24 |  0.00 |    0 |    24 |  0.00 |
| X5Y1              |    0 |    24 |  0.00 |    1 |    24 |  4.17 |    0 |    24 |  0.00 |    0 |    24 |  0.00 |
| X0Y2              |    0 |    24 |  0.00 |    1 |    24 |  4.17 |    0 |    24 |  0.00 |    0 |    24 |  0.00 |
| X1Y2              |    0 |    24 |  0.00 |    1 |    24 |  4.17 |    0 |    24 |  0.00 |    0 |    24 |  0.00 |
| X2Y2              |    4 |    24 | 16.67 |    4 |    24 | 16.67 |    3 |    24 | 12.50 |    4 |    24 | 16.67 |
| X3Y2              |    4 |    24 | 16.67 |    3 |    24 | 12.50 |    0 |    24 |  0.00 |    2 |    24 |  8.33 |
| X4Y2              |    0 |    24 |  0.00 |    2 |    24 |  8.33 |    0 |    24 |  0.00 |    0 |    24 |  0.00 |
| X5Y2              |    0 |    24 |  0.00 |    2 |    24 |  8.33 |    0 |    24 |  0.00 |    0 |    24 |  0.00 |
| X0Y3              |    0 |    24 |  0.00 |    1 |    24 |  4.17 |    0 |    24 |  0.00 |    0 |    24 |  0.00 |
| X1Y3              |    0 |    24 |  0.00 |    2 |    24 |  8.33 |    0 |    24 |  0.00 |    0 |    24 |  0.00 |
| X2Y3              |    0 |    24 |  0.00 |    5 |    24 | 20.83 |    3 |    24 | 12.50 |    4 |    24 | 16.67 |
| X3Y3              |    0 |    24 |  0.00 |    4 |    24 | 16.67 |    2 |    24 |  8.33 |    3 |    24 | 12.50 |
| X4Y3              |    0 |    24 |  0.00 |    2 |    24 |  8.33 |    0 |    24 |  0.00 |    0 |    24 |  0.00 |
| X5Y3              |    0 |    24 |  0.00 |    2 |    24 |  8.33 |    0 |    24 |  0.00 |    0 |    24 |  0.00 |
| X0Y4              |    0 |    24 |  0.00 |    1 |    24 |  4.17 |    0 |    24 |  0.00 |    0 |    24 |  0.00 |
| X1Y4              |    0 |    24 |  0.00 |    2 |    24 |  8.33 |    0 |    24 |  0.00 |    0 |    24 |  0.00 |
| X2Y4              |    0 |    24 |  0.00 |    2 |    24 |  8.33 |    3 |    24 | 12.50 |    3 |    24 | 12.50 |
| X3Y4              |    0 |    24 |  0.00 |    2 |    24 |  8.33 |    0 |    24 |  0.00 |    2 |    24 |  8.33 |
| X4Y4              |    0 |    24 |  0.00 |    2 |    24 |  8.33 |    0 |    24 |  0.00 |    0 |    24 |  0.00 |
| X5Y4              |    0 |    24 |  0.00 |    2 |    24 |  8.33 |    0 |    24 |  0.00 |    0 |    24 |  0.00 |
| X0Y5              |    0 |    24 |  0.00 |    1 |    24 |  4.17 |    0 |    24 |  0.00 |    0 |    24 |  0.00 |
| X1Y5              |    0 |    24 |  0.00 |    2 |    24 |  8.33 |    0 |    24 |  0.00 |    0 |    24 |  0.00 |
| X2Y5              |    0 |    24 |  0.00 |    6 |    24 | 25.00 |    3 |    24 | 12.50 |    4 |    24 | 16.67 |
| X3Y5              |    0 |    24 |  0.00 |    7 |    24 | 29.17 |    0 |    24 |  0.00 |    2 |    24 |  8.33 |
| X4Y5              |    1 |    24 |  4.17 |    5 |    24 | 20.83 |    0 |    24 |  0.00 |    2 |    24 |  8.33 |
| X5Y5              |    0 |    24 |  0.00 |    4 |    24 | 16.67 |    1 |    24 |  4.17 |    1 |    24 |  4.17 |
| X0Y6              |    0 |    24 |  0.00 |    1 |    24 |  4.17 |    0 |    24 |  0.00 |    0 |    24 |  0.00 |
| X1Y6              |    0 |    24 |  0.00 |    2 |    24 |  8.33 |    0 |    24 |  0.00 |    0 |    24 |  0.00 |
| X2Y6              |    0 |    24 |  0.00 |    7 |    24 | 29.17 |    3 |    24 | 12.50 |    3 |    24 | 12.50 |
| X3Y6              |    0 |    24 |  0.00 |    8 |    24 | 33.33 |    0 |    24 |  0.00 |    2 |    24 |  8.33 |
| X4Y6              |    2 |    24 |  8.33 |    7 |    24 | 29.17 |    3 |    24 | 12.50 |    3 |    24 | 12.50 |
| X5Y6              |    0 |    24 |  0.00 |    4 |    24 | 16.67 |    1 |    24 |  4.17 |    0 |    24 |  0.00 |
| X0Y7              |    0 |    24 |  0.00 |    2 |    24 |  8.33 |    0 |    24 |  0.00 |    0 |    24 |  0.00 |
| X1Y7              |    1 |    24 |  4.17 |    5 |    24 | 20.83 |    0 |    24 |  0.00 |    1 |    24 |  4.17 |
| X2Y7              |    3 |    24 | 12.50 |    8 |    24 | 33.33 |    5 |    24 | 20.83 |    4 |    24 | 16.67 |
| X3Y7              |    5 |    24 | 20.83 |    7 |    24 | 29.17 |    1 |    24 |  4.17 |    2 |    24 |  8.33 |
| X4Y7              |   13 |    24 | 54.17 |    9 |    24 | 37.50 |    4 |    24 | 16.67 |    5 |    24 | 20.83 |
| X5Y7              |    6 |    24 | 25.00 |    7 |    24 | 29.17 |    2 |    24 |  8.33 |    1 |    24 |  4.17 |
| X0Y8              |    0 |    24 |  0.00 |    1 |    24 |  4.17 |    0 |    24 |  0.00 |    0 |    24 |  0.00 |
| X1Y8              |    0 |    24 |  0.00 |    1 |    24 |  4.17 |    0 |    24 |  0.00 |    0 |    24 |  0.00 |
| X2Y8              |    8 |    24 | 33.33 |    8 |    24 | 33.33 |    5 |    24 | 20.83 |    3 |    24 | 12.50 |
| X3Y8              |    6 |    24 | 25.00 |    8 |    24 | 33.33 |    2 |    24 |  8.33 |    3 |    24 | 12.50 |
| X4Y8              |    9 |    24 | 37.50 |    7 |    24 | 29.17 |    0 |    24 |  0.00 |    1 |    24 |  4.17 |
| X5Y8              |   10 |    24 | 41.67 |    6 |    24 | 25.00 |    2 |    24 |  8.33 |    0 |    24 |  0.00 |
| X0Y9              |    0 |    24 |  0.00 |    1 |    24 |  4.17 |    0 |    24 |  0.00 |    0 |    24 |  0.00 |
| X1Y9              |    0 |    24 |  0.00 |    1 |    24 |  4.17 |    0 |    24 |  0.00 |    0 |    24 |  0.00 |
| X2Y9              |    0 |    24 |  0.00 |    4 |    24 | 16.67 |    0 |    24 |  0.00 |    0 |    24 |  0.00 |
| X3Y9              |    0 |    24 |  0.00 |    3 |    24 | 12.50 |    1 |    24 |  4.17 |    1 |    24 |  4.17 |
| X4Y9              |    0 |    24 |  0.00 |    2 |    24 |  8.33 |    0 |    24 |  0.00 |    1 |    24 |  4.17 |
| X5Y9              |    0 |    24 |  0.00 |    1 |    24 |  4.17 |    0 |    24 |  0.00 |    0 |    24 |  0.00 |
| X0Y10             |    0 |    24 |  0.00 |    0 |    24 |  0.00 |    0 |    24 |  0.00 |    0 |    24 |  0.00 |
| X1Y10             |    0 |    24 |  0.00 |    0 |    24 |  0.00 |    0 |    24 |  0.00 |    0 |    24 |  0.00 |
| X2Y10             |    0 |    24 |  0.00 |    1 |    24 |  4.17 |    0 |    24 |  0.00 |    0 |    24 |  0.00 |
| X3Y10             |    0 |    24 |  0.00 |    1 |    24 |  4.17 |    1 |    24 |  4.17 |    1 |    24 |  4.17 |
| X4Y10             |    0 |    24 |  0.00 |    1 |    24 |  4.17 |    2 |    24 |  8.33 |    2 |    24 |  8.33 |
| X5Y10             |    0 |    24 |  0.00 |    0 |    24 |  0.00 |    0 |    24 |  0.00 |    0 |    24 |  0.00 |
| X0Y11             |    0 |    24 |  0.00 |    0 |    24 |  0.00 |    0 |    24 |  0.00 |    0 |    24 |  0.00 |
| X1Y11             |    0 |    24 |  0.00 |    0 |    24 |  0.00 |    0 |    24 |  0.00 |    0 |    24 |  0.00 |
| X2Y11             |    0 |    24 |  0.00 |    0 |    24 |  0.00 |    0 |    24 |  0.00 |    0 |    24 |  0.00 |
| X3Y11             |    0 |    24 |  0.00 |    2 |    24 |  8.33 |    1 |    24 |  4.17 |    0 |    24 |  0.00 |
| X4Y11             |    0 |    24 |  0.00 |    4 |    24 | 16.67 |    2 |    24 |  8.33 |    3 |    24 | 12.50 |
| X5Y11             |    0 |    24 |  0.00 |    0 |    24 |  0.00 |    0 |    24 |  0.00 |    0 |    24 |  0.00 |
| X0Y12             |    0 |    24 |  0.00 |    0 |    24 |  0.00 |    0 |    24 |  0.00 |    0 |    24 |  0.00 |
| X1Y12             |    0 |    24 |  0.00 |    0 |    24 |  0.00 |    0 |    24 |  0.00 |    0 |    24 |  0.00 |
| X2Y12             |    0 |    24 |  0.00 |    0 |    24 |  0.00 |    0 |    24 |  0.00 |    0 |    24 |  0.00 |
| X3Y12             |    1 |    24 |  4.17 |    0 |    24 |  0.00 |    1 |    24 |  4.17 |    0 |    24 |  0.00 |
| X4Y12             |    5 |    24 | 20.83 |    3 |    24 | 12.50 |    2 |    24 |  8.33 |    2 |    24 |  8.33 |
| X5Y12             |    0 |    24 |  0.00 |    0 |    24 |  0.00 |    0 |    24 |  0.00 |    0 |    24 |  0.00 |
| X0Y13             |    0 |    24 |  0.00 |    0 |    24 |  0.00 |    0 |    24 |  0.00 |    0 |    24 |  0.00 |
| X1Y13             |    0 |    24 |  0.00 |    0 |    24 |  0.00 |    0 |    24 |  0.00 |    0 |    24 |  0.00 |
| X2Y13             |    0 |    24 |  0.00 |    0 |    24 |  0.00 |    0 |    24 |  0.00 |    0 |    24 |  0.00 |
| X3Y13             |    0 |    24 |  0.00 |    0 |    24 |  0.00 |    0 |    24 |  0.00 |    0 |    24 |  0.00 |
| X4Y13             |    0 |    24 |  0.00 |    2 |    24 |  8.33 |    0 |    24 |  0.00 |    0 |    24 |  0.00 |
| X5Y13             |    0 |    24 |  0.00 |    0 |    24 |  0.00 |    0 |    24 |  0.00 |    0 |    24 |  0.00 |
| X0Y14             |    0 |    24 |  0.00 |    0 |    24 |  0.00 |    0 |    24 |  0.00 |    0 |    24 |  0.00 |
| X1Y14             |    0 |    24 |  0.00 |    0 |    24 |  0.00 |    0 |    24 |  0.00 |    0 |    24 |  0.00 |
| X2Y14             |    0 |    24 |  0.00 |    0 |    24 |  0.00 |    0 |    24 |  0.00 |    0 |    24 |  0.00 |
| X3Y14             |    0 |    24 |  0.00 |    0 |    24 |  0.00 |    0 |    24 |  0.00 |    0 |    24 |  0.00 |
| X4Y14             |    0 |    24 |  0.00 |    0 |    24 |  0.00 |    0 |    24 |  0.00 |    0 |    24 |  0.00 |
| X5Y14             |    0 |    24 |  0.00 |    0 |    24 |  0.00 |    0 |    24 |  0.00 |    0 |    24 |  0.00 |
+-------------------+------+-------+-------+------+-------+-------+------+-------+-------+------+-------+-------+


8. Device Cell Placement Summary for Global Clock g0
----------------------------------------------------

+-----------+-----------------+-------------------+-----------------+-------------+---------------+----------+-------------+----------+----------------+----------+----------------------------------------------------------------------------------------------------------------------+
| Global Id | Driver Type/Pin | Driver Region (D) | Clock           | Period (ns) | Waveform (ns) | Root (R) | Slice Loads | IO Loads | Clocking Loads | GT Loads | Net                                                                                                                  |
+-----------+-----------------+-------------------+-----------------+-------------+---------------+----------+-------------+----------+----------------+----------+----------------------------------------------------------------------------------------------------------------------+
| g0        | BUFG_GT/O       | X5Y8              | xdma_0_axi_aclk |       4.000 | {0.000 2.000} | X2Y2     |      123390 |        0 |              0 |        0 | bd_i/xdma_0/inst/pcie4_ip_i/inst/bd_xdma_0_0_pcie4_ip_gt_top_i/diablo_gt.diablo_gt_phy_wrapper/phy_clk_i/PHY_USERCLK |
+-----------+-----------------+-------------------+-----------------+-------------+---------------+----------+-------------+----------+----------------+----------+----------------------------------------------------------------------------------------------------------------------+
* Slice Loads column represents load cell count of all cell types other than IO, GT and clock resources
** IO Loads column represents load cell count of IO types
*** Clocking Loads column represents load cell count that are clock resources (global clock buffer, MMCM, PLL, etc)
**** GT Loads column represents load cell count of GT types


+-----+-------+-------+----------+-------+-------+--------+-----------------------+
|     | X0    | X1    | X2       | X3    | X4    | X5     | HORIZONTAL PROG DELAY |
+-----+-------+-------+----------+-------+-------+--------+-----------------------+
| Y14 |     0 |     0 |        0 |     0 |     0 |      0 |                     - |
| Y13 |     0 |     0 |        0 |     0 |     0 |      0 |                     - |
| Y12 |     0 |     0 |        0 |     0 |     0 |      0 |                     - |
| Y11 |     0 |     0 |        0 |     0 |     0 |      0 |                     - |
| Y10 |     0 |     0 |        0 |     0 |     0 |      0 |                     - |
| Y9  |     0 |     0 |        0 |     0 |     0 |      0 |                     - |
| Y8  |     0 |     0 |     1059 |    90 |     0 |  (D) 0 |                     0 |
| Y7  |     0 |    56 |     1382 |   996 |   932 |    371 |                     0 |
| Y6  |     0 |     6 |     7545 |  5837 |  3379 |   2900 |                     1 |
| Y5  |     0 |  1684 |     7601 |  3599 |  5956 |   4725 |                     2 |
| Y4  |  3600 |  4327 |     4315 |  1966 |  3123 |   2064 |                     3 |
| Y3  |  5868 |  6313 |     1638 |  1221 |   722 |   1637 |                     4 |
| Y2  |  3481 |  4536 | (R) 2266 |  4137 |  1849 |    317 |                     4 |
| Y1  |  1992 |  3188 |     3236 |  3093 |  2081 |    286 |                     3 |
| Y0  |   945 |  2402 |     2524 |  1704 |   384 |     57 |                     2 |
+-----+-------+-------+----------+-------+-------+--------+-----------------------+


9. Device Cell Placement Summary for Global Clock g1
----------------------------------------------------

+-----------+-----------------+-------------------+----------+-------------+---------------+----------+-------------+----------+----------------+----------+-----------------------------------------------------------------------------------------------------------------------+
| Global Id | Driver Type/Pin | Driver Region (D) | Clock    | Period (ns) | Waveform (ns) | Root (R) | Slice Loads | IO Loads | Clocking Loads | GT Loads | Net                                                                                                                   |
+-----------+-----------------+-------------------+----------+-------------+---------------+----------+-------------+----------+----------------+----------+-----------------------------------------------------------------------------------------------------------------------+
| g1        | BUFG_GT/O       | X5Y8              | pipe_clk |       4.000 | {0.000 2.000} | X2Y2     |        2214 |        0 |              0 |        8 | bd_i/xdma_0/inst/pcie4_ip_i/inst/bd_xdma_0_0_pcie4_ip_gt_top_i/diablo_gt.diablo_gt_phy_wrapper/phy_clk_i/CLK_PCLK2_GT |
+-----------+-----------------+-------------------+----------+-------------+---------------+----------+-------------+----------+----------------+----------+-----------------------------------------------------------------------------------------------------------------------+
* Slice Loads column represents load cell count of all cell types other than IO, GT and clock resources
** IO Loads column represents load cell count of IO types
*** Clocking Loads column represents load cell count that are clock resources (global clock buffer, MMCM, PLL, etc)
**** GT Loads column represents load cell count of GT types


+-----+----+----+-------+----+----+---------+-----------------------+
|     | X0 | X1 | X2    | X3 | X4 | X5      | HORIZONTAL PROG DELAY |
+-----+----+----+-------+----+----+---------+-----------------------+
| Y14 |  0 |  0 |     0 |  0 |  0 |       0 |                     - |
| Y13 |  0 |  0 |     0 |  0 |  0 |       0 |                     - |
| Y12 |  0 |  0 |     0 |  0 |  0 |       0 |                     - |
| Y11 |  0 |  0 |     0 |  0 |  0 |       0 |                     - |
| Y10 |  0 |  0 |     0 |  0 |  0 |       0 |                     - |
| Y9  |  0 |  0 |     0 |  0 |  0 |       0 |                     - |
| Y8  |  0 |  0 |     0 |  0 |  0 |  (D) 44 |                     0 |
| Y7  |  0 |  0 |     0 |  0 |  0 |     145 |                     0 |
| Y6  |  0 |  0 |     0 |  0 |  0 |    1714 |                     1 |
| Y5  |  0 |  0 |     0 |  0 |  0 |     319 |                     2 |
| Y4  |  0 |  0 |     0 |  0 |  0 |       0 |                     - |
| Y3  |  0 |  0 |     0 |  0 |  0 |       0 |                     - |
| Y2  |  0 |  0 | (R) 0 |  0 |  0 |       0 |                     - |
| Y1  |  0 |  0 |     0 |  0 |  0 |       0 |                     - |
| Y0  |  0 |  0 |     0 |  0 |  0 |       0 |                     - |
+-----+----+----+-------+----+----+---------+-----------------------+


10. Device Cell Placement Summary for Global Clock g2
-----------------------------------------------------

+-----------+-----------------+-------------------+-----------------------------+-------------+---------------+----------+-------------+----------+----------------+----------+----------------------------------------------------------------------------------------------------------------------+
| Global Id | Driver Type/Pin | Driver Region (D) | Clock                       | Period (ns) | Waveform (ns) | Root (R) | Slice Loads | IO Loads | Clocking Loads | GT Loads | Net                                                                                                                  |
+-----------+-----------------+-------------------+-----------------------------+-------------+---------------+----------+-------------+----------+----------------+----------+----------------------------------------------------------------------------------------------------------------------+
| g2        | BUFG_GT/O       | X5Y8              | GTYE4_CHANNEL_TXOUTCLK[3]_1 |       2.000 | {0.000 1.000} | X2Y2     |        1932 |        0 |              0 |        0 | bd_i/xdma_0/inst/pcie4_ip_i/inst/bd_xdma_0_0_pcie4_ip_gt_top_i/diablo_gt.diablo_gt_phy_wrapper/phy_clk_i/PHY_CORECLK |
+-----------+-----------------+-------------------+-----------------------------+-------------+---------------+----------+-------------+----------+----------------+----------+----------------------------------------------------------------------------------------------------------------------+
* Slice Loads column represents load cell count of all cell types other than IO, GT and clock resources
** IO Loads column represents load cell count of IO types
*** Clocking Loads column represents load cell count that are clock resources (global clock buffer, MMCM, PLL, etc)
**** GT Loads column represents load cell count of GT types


+-----+----+----+-------+----+----+--------+-----------------------+
|     | X0 | X1 | X2    | X3 | X4 | X5     | HORIZONTAL PROG DELAY |
+-----+----+----+-------+----+----+--------+-----------------------+
| Y14 |  0 |  0 |     0 |  0 |  0 |      0 |                     - |
| Y13 |  0 |  0 |     0 |  0 |  0 |      0 |                     - |
| Y12 |  0 |  0 |     0 |  0 |  0 |      0 |                     - |
| Y11 |  0 |  0 |     0 |  0 |  0 |      0 |                     - |
| Y10 |  0 |  0 |     0 |  0 |  0 |      0 |                     - |
| Y9  |  0 |  0 |     0 |  0 |  0 |      0 |                     - |
| Y8  |  0 |  0 |     0 |  0 |  0 |  (D) 0 |                     - |
| Y7  |  0 |  0 |     0 |  0 |  0 |      0 |                     - |
| Y6  |  0 |  0 |     0 |  0 |  0 |    409 |                     1 |
| Y5  |  0 |  0 |     0 |  0 |  6 |   1517 |                     2 |
| Y4  |  0 |  0 |     0 |  0 |  0 |      0 |                     - |
| Y3  |  0 |  0 |     0 |  0 |  0 |      0 |                     - |
| Y2  |  0 |  0 | (R) 0 |  0 |  0 |      0 |                     - |
| Y1  |  0 |  0 |     0 |  0 |  0 |      0 |                     - |
| Y0  |  0 |  0 |     0 |  0 |  0 |      0 |                     - |
+-----+----+----+-------+----+----+--------+-----------------------+


11. Device Cell Placement Summary for Global Clock g3
-----------------------------------------------------

+-----------+-----------------+-------------------+-----------------------------------------------------------------------------------------------------------------------------------------------------------------------------------------------------------------------------------------------------------------------------------------------------------------------------------------------------------------------------------------------------------------------------------+-------------+---------------+----------+-------------+----------+----------------+----------+--------------------------------------------------------------------------------------------------------------------------------------------------------------------------------------------------------------------------------------------------------------------------------------------------------------------------------------------------------------------------------------------------------------------+
| Global Id | Driver Type/Pin | Driver Region (D) | Clock                                                                                                                                                                                                                                                                                                                                                                                                                             | Period (ns) | Waveform (ns) | Root (R) | Slice Loads | IO Loads | Clocking Loads | GT Loads | Net                                                                                                                                                                                                                                                                                                                                                                                                                |
+-----------+-----------------+-------------------+-----------------------------------------------------------------------------------------------------------------------------------------------------------------------------------------------------------------------------------------------------------------------------------------------------------------------------------------------------------------------------------------------------------------------------------+-------------+---------------+----------+-------------+----------+----------------+----------+--------------------------------------------------------------------------------------------------------------------------------------------------------------------------------------------------------------------------------------------------------------------------------------------------------------------------------------------------------------------------------------------------------------------+
| g3        | BUFG_GT/O       | X5Y8              | bd_i/xdma_0/inst/pcie4_ip_i/inst/bd_xdma_0_0_pcie4_ip_gt_top_i/diablo_gt.diablo_gt_phy_wrapper/gt_wizard.gtwizard_top_i/bd_xdma_0_0_pcie4_ip_gt_i/inst/gen_gtwizard_gtye4_top.bd_xdma_0_0_pcie4_ip_gt_gtwizard_gtye4_inst/gen_gtwizard_gtye4.gen_cpll_cal_gtye4.gen_cpll_cal_inst[7].gen_inst_cpll_cal.gtwizard_ultrascale_v1_7_19_gtye4_cpll_cal_inst/gtwizard_ultrascale_v1_7_19_gtye4_cpll_cal_tx_i/bufg_gt_txoutclkmon_inst/O |       8.000 | {0.000 4.000} | X5Y8     |          31 |        0 |              0 |        0 | bd_i/xdma_0/inst/pcie4_ip_i/inst/bd_xdma_0_0_pcie4_ip_gt_top_i/diablo_gt.diablo_gt_phy_wrapper/gt_wizard.gtwizard_top_i/bd_xdma_0_0_pcie4_ip_gt_i/inst/gen_gtwizard_gtye4_top.bd_xdma_0_0_pcie4_ip_gt_gtwizard_gtye4_inst/gen_gtwizard_gtye4.gen_cpll_cal_gtye4.gen_cpll_cal_inst[7].gen_inst_cpll_cal.gtwizard_ultrascale_v1_7_19_gtye4_cpll_cal_inst/gtwizard_ultrascale_v1_7_19_gtye4_cpll_cal_tx_i/txoutclkmon |
+-----------+-----------------+-------------------+-----------------------------------------------------------------------------------------------------------------------------------------------------------------------------------------------------------------------------------------------------------------------------------------------------------------------------------------------------------------------------------------------------------------------------------+-------------+---------------+----------+-------------+----------+----------------+----------+--------------------------------------------------------------------------------------------------------------------------------------------------------------------------------------------------------------------------------------------------------------------------------------------------------------------------------------------------------------------------------------------------------------------+
* Slice Loads column represents load cell count of all cell types other than IO, GT and clock resources
** IO Loads column represents load cell count of IO types
*** Clocking Loads column represents load cell count that are clock resources (global clock buffer, MMCM, PLL, etc)
**** GT Loads column represents load cell count of GT types


+-----+----+----+----+----+----+------------+-----------------------+
|     | X0 | X1 | X2 | X3 | X4 | X5         | HORIZONTAL PROG DELAY |
+-----+----+----+----+----+----+------------+-----------------------+
| Y14 |  0 |  0 |  0 |  0 |  0 |          0 |                     - |
| Y13 |  0 |  0 |  0 |  0 |  0 |          0 |                     - |
| Y12 |  0 |  0 |  0 |  0 |  0 |          0 |                     - |
| Y11 |  0 |  0 |  0 |  0 |  0 |          0 |                     - |
| Y10 |  0 |  0 |  0 |  0 |  0 |          0 |                     - |
| Y9  |  0 |  0 |  0 |  0 |  0 |          0 |                     - |
| Y8  |  0 |  0 |  0 |  0 |  0 | (R) (D) 31 |                     0 |
| Y7  |  0 |  0 |  0 |  0 |  0 |          0 |                     - |
| Y6  |  0 |  0 |  0 |  0 |  0 |          0 |                     - |
| Y5  |  0 |  0 |  0 |  0 |  0 |          0 |                     - |
| Y4  |  0 |  0 |  0 |  0 |  0 |          0 |                     - |
| Y3  |  0 |  0 |  0 |  0 |  0 |          0 |                     - |
| Y2  |  0 |  0 |  0 |  0 |  0 |          0 |                     - |
| Y1  |  0 |  0 |  0 |  0 |  0 |          0 |                     - |
| Y0  |  0 |  0 |  0 |  0 |  0 |          0 |                     - |
+-----+----+----+----+----+----+------------+-----------------------+


12. Device Cell Placement Summary for Global Clock g4
-----------------------------------------------------

+-----------+-----------------+-------------------+---------------------------------------------------------------------------------------------------------------------------+-------------+-----------------+----------+-------------+----------+----------------+----------+---------------------------------------------------------------------------------------------------------------------+
| Global Id | Driver Type/Pin | Driver Region (D) | Clock                                                                                                                     | Period (ns) | Waveform (ns)   | Root (R) | Slice Loads | IO Loads | Clocking Loads | GT Loads | Net                                                                                                                 |
+-----------+-----------------+-------------------+---------------------------------------------------------------------------------------------------------------------------+-------------+-----------------+----------+-------------+----------+----------------+----------+---------------------------------------------------------------------------------------------------------------------+
| g4        | BUFG_GT/O       | X5Y8              | bd_i/xdma_0/inst/pcie4_ip_i/inst/bd_xdma_0_0_pcie4_ip_gt_top_i/diablo_gt.diablo_gt_phy_wrapper/phy_clk_i/bufg_gt_intclk/O |    1000.000 | {0.000 500.000} | X5Y7     |          13 |        0 |              0 |        0 | bd_i/xdma_0/inst/pcie4_ip_i/inst/bd_xdma_0_0_pcie4_ip_gt_top_i/diablo_gt.diablo_gt_phy_wrapper/phy_clk_i/CLK_INTCLK |
+-----------+-----------------+-------------------+---------------------------------------------------------------------------------------------------------------------------+-------------+-----------------+----------+-------------+----------+----------------+----------+---------------------------------------------------------------------------------------------------------------------+
* Slice Loads column represents load cell count of all cell types other than IO, GT and clock resources
** IO Loads column represents load cell count of IO types
*** Clocking Loads column represents load cell count that are clock resources (global clock buffer, MMCM, PLL, etc)
**** GT Loads column represents load cell count of GT types


+-----+----+----+----+----+----+--------+-----------------------+
|     | X0 | X1 | X2 | X3 | X4 | X5     | HORIZONTAL PROG DELAY |
+-----+----+----+----+----+----+--------+-----------------------+
| Y14 |  0 |  0 |  0 |  0 |  0 |      0 |                     - |
| Y13 |  0 |  0 |  0 |  0 |  0 |      0 |                     - |
| Y12 |  0 |  0 |  0 |  0 |  0 |      0 |                     - |
| Y11 |  0 |  0 |  0 |  0 |  0 |      0 |                     - |
| Y10 |  0 |  0 |  0 |  0 |  0 |      0 |                     - |
| Y9  |  0 |  0 |  0 |  0 |  0 |      0 |                     - |
| Y8  |  0 |  0 |  0 |  0 |  0 |  (D) 0 |                     - |
| Y7  |  0 |  0 |  0 |  0 |  0 | (R) 13 |                     0 |
| Y6  |  0 |  0 |  0 |  0 |  0 |      0 |                     - |
| Y5  |  0 |  0 |  0 |  0 |  0 |      0 |                     - |
| Y4  |  0 |  0 |  0 |  0 |  0 |      0 |                     - |
| Y3  |  0 |  0 |  0 |  0 |  0 |      0 |                     - |
| Y2  |  0 |  0 |  0 |  0 |  0 |      0 |                     - |
| Y1  |  0 |  0 |  0 |  0 |  0 |      0 |                     - |
| Y0  |  0 |  0 |  0 |  0 |  0 |      0 |                     - |
+-----+----+----+----+----+----+--------+-----------------------+


13. Device Cell Placement Summary for Global Clock g5
-----------------------------------------------------

+-----------+-----------------+-------------------+-------------------------------------+-------------+---------------+----------+-------------+----------+----------------+----------+----------------------------------------------------------------------------------------------------------------------+
| Global Id | Driver Type/Pin | Driver Region (D) | Clock                               | Period (ns) | Waveform (ns) | Root (R) | Slice Loads | IO Loads | Clocking Loads | GT Loads | Net                                                                                                                  |
+-----------+-----------------+-------------------+-------------------------------------+-------------+---------------+----------+-------------+----------+----------------+----------+----------------------------------------------------------------------------------------------------------------------+
| g5        | BUFG_GT/O       | X5Y8              | bd_xdma_0_0_pcie4_ip_gt_top_i_n_541 |       8.000 | {0.000 4.000} | X5Y5     |           1 |        0 |              0 |        0 | bd_i/xdma_0/inst/pcie4_ip_i/inst/bd_xdma_0_0_pcie4_ip_gt_top_i/diablo_gt.diablo_gt_phy_wrapper/phy_clk_i/PHY_MCAPCLK |
+-----------+-----------------+-------------------+-------------------------------------+-------------+---------------+----------+-------------+----------+----------------+----------+----------------------------------------------------------------------------------------------------------------------+
* Slice Loads column represents load cell count of all cell types other than IO, GT and clock resources
** IO Loads column represents load cell count of IO types
*** Clocking Loads column represents load cell count that are clock resources (global clock buffer, MMCM, PLL, etc)
**** GT Loads column represents load cell count of GT types


+-----+----+----+----+----+----+--------+-----------------------+
|     | X0 | X1 | X2 | X3 | X4 | X5     | HORIZONTAL PROG DELAY |
+-----+----+----+----+----+----+--------+-----------------------+
| Y14 |  0 |  0 |  0 |  0 |  0 |      0 |                     - |
| Y13 |  0 |  0 |  0 |  0 |  0 |      0 |                     - |
| Y12 |  0 |  0 |  0 |  0 |  0 |      0 |                     - |
| Y11 |  0 |  0 |  0 |  0 |  0 |      0 |                     - |
| Y10 |  0 |  0 |  0 |  0 |  0 |      0 |                     - |
| Y9  |  0 |  0 |  0 |  0 |  0 |      0 |                     - |
| Y8  |  0 |  0 |  0 |  0 |  0 |  (D) 0 |                     - |
| Y7  |  0 |  0 |  0 |  0 |  0 |      0 |                     - |
| Y6  |  0 |  0 |  0 |  0 |  0 |      0 |                     - |
| Y5  |  0 |  0 |  0 |  0 |  0 |  (R) 1 |                     0 |
| Y4  |  0 |  0 |  0 |  0 |  0 |      0 |                     - |
| Y3  |  0 |  0 |  0 |  0 |  0 |      0 |                     - |
| Y2  |  0 |  0 |  0 |  0 |  0 |      0 |                     - |
| Y1  |  0 |  0 |  0 |  0 |  0 |      0 |                     - |
| Y0  |  0 |  0 |  0 |  0 |  0 |      0 |                     - |
+-----+----+----+----+----+----+--------+-----------------------+


14. Device Cell Placement Summary for Global Clock g6
-----------------------------------------------------

+-----------+-----------------+-------------------+----------------+-------------+---------------+----------+-------------+----------+----------------+----------+--------------------------------------------------------+
| Global Id | Driver Type/Pin | Driver Region (D) | Clock          | Period (ns) | Waveform (ns) | Root (R) | Slice Loads | IO Loads | Clocking Loads | GT Loads | Net                                                    |
+-----------+-----------------+-------------------+----------------+-------------+---------------+----------+-------------+----------+----------------+----------+--------------------------------------------------------+
| g6        | BUFGCE/O        | X4Y12             | mmcm_clkout0_1 |       3.332 | {0.000 1.666} | X4Y10    |       48700 |        0 |              3 |        0 | bd_i/ddr4_3/inst/u_ddr4_infrastructure/u_bufg_divClk_0 |
+-----------+-----------------+-------------------+----------------+-------------+---------------+----------+-------------+----------+----------------+----------+--------------------------------------------------------+
* Slice Loads column represents load cell count of all cell types other than IO, GT and clock resources
** IO Loads column represents load cell count of IO types
*** Clocking Loads column represents load cell count that are clock resources (global clock buffer, MMCM, PLL, etc)
**** GT Loads column represents load cell count of GT types


+-----+-------+-------+-------+-------+-----------+----+-----------------------+
|     | X0    | X1    | X2    | X3    | X4        | X5 | HORIZONTAL PROG DELAY |
+-----+-------+-------+-------+-------+-----------+----+-----------------------+
| Y14 |     0 |     0 |     0 |     0 |         0 |  0 |                     - |
| Y13 |     0 |     0 |     0 |     0 |      2181 |  0 |                     2 |
| Y12 |     0 |     0 |     0 |     0 |  (D) 6244 |  0 |                     3 |
| Y11 |     0 |     0 |     0 |  1476 |      8452 |  0 |                     4 |
| Y10 |     0 |     0 |   785 |  1697 |     (R) 0 |  0 |                     4 |
| Y9  |  1451 |  1970 |  2413 |  1218 |         0 |  0 |                     3 |
| Y8  |  2926 |  5894 |  3339 |  3228 |         0 |  0 |                     2 |
| Y7  |  1495 |  3110 |   345 |   129 |         0 |  0 |                     1 |
| Y6  |     0 |     0 |   283 |    38 |         0 |  0 |                     0 |
| Y5  |     0 |     0 |     0 |    29 |         0 |  0 |                     0 |
| Y4  |     0 |     0 |     0 |     0 |         0 |  0 |                     - |
| Y3  |     0 |     0 |     0 |     0 |         0 |  0 |                     - |
| Y2  |     0 |     0 |     0 |     0 |         0 |  0 |                     - |
| Y1  |     0 |     0 |     0 |     0 |         0 |  0 |                     - |
| Y0  |     0 |     0 |     0 |     0 |         0 |  0 |                     - |
+-----+-------+-------+-------+-------+-----------+----+-----------------------+


15. Device Cell Placement Summary for Global Clock g7
-----------------------------------------------------

+-----------+-----------------+-------------------+----------------+-------------+---------------+----------+-------------+----------+----------------+----------+--------------------------------------------------------+
| Global Id | Driver Type/Pin | Driver Region (D) | Clock          | Period (ns) | Waveform (ns) | Root (R) | Slice Loads | IO Loads | Clocking Loads | GT Loads | Net                                                    |
+-----------+-----------------+-------------------+----------------+-------------+---------------+----------+-------------+----------+----------------+----------+--------------------------------------------------------+
| g7        | BUFGCE/O        | X2Y8              | mmcm_clkout0_3 |       3.332 | {0.000 1.666} | X2Y7     |       48697 |        0 |              3 |        0 | bd_i/ddr4_2/inst/u_ddr4_infrastructure/u_bufg_divClk_0 |
+-----------+-----------------+-------------------+----------------+-------------+---------------+----------+-------------+----------+----------------+----------+--------------------------------------------------------+
* Slice Loads column represents load cell count of all cell types other than IO, GT and clock resources
** IO Loads column represents load cell count of IO types
*** Clocking Loads column represents load cell count that are clock resources (global clock buffer, MMCM, PLL, etc)
**** GT Loads column represents load cell count of GT types


+-----+----+----+-----------+-------+----+----+-----------------------+
|     | X0 | X1 | X2        | X3    | X4 | X5 | HORIZONTAL PROG DELAY |
+-----+----+----+-----------+-------+----+----+-----------------------+
| Y14 |  0 |  0 |         0 |     0 |  0 |  0 |                     - |
| Y13 |  0 |  0 |         0 |     0 |  0 |  0 |                     - |
| Y12 |  0 |  0 |         0 |     0 |  0 |  0 |                     - |
| Y11 |  0 |  0 |         0 |     0 |  0 |  0 |                     - |
| Y10 |  0 |  0 |         0 |     0 |  0 |  0 |                     - |
| Y9  |  0 |  0 |      5160 |  3665 |  0 |  0 |                     1 |
| Y8  |  0 |  0 |  (D) 7225 |  3812 |  0 |  0 |                     2 |
| Y7  |  0 |  0 | (R) 10762 |  3193 |  0 |  0 |                     2 |
| Y6  |  0 |  0 |      4166 |  3426 |  0 |  0 |                     1 |
| Y5  |  0 |  0 |      4152 |  3139 |  0 |  0 |                     0 |
| Y4  |  0 |  0 |         0 |     0 |  0 |  0 |                     - |
| Y3  |  0 |  0 |         0 |     0 |  0 |  0 |                     - |
| Y2  |  0 |  0 |         0 |     0 |  0 |  0 |                     - |
| Y1  |  0 |  0 |         0 |     0 |  0 |  0 |                     - |
| Y0  |  0 |  0 |         0 |     0 |  0 |  0 |                     - |
+-----+----+----+-----------+-------+----+----+-----------------------+


16. Device Cell Placement Summary for Global Clock g8
-----------------------------------------------------

+-----------+-----------------+-------------------+----------------+-------------+---------------+----------+-------------+----------+----------------+----------+--------------------------------------------------------+
| Global Id | Driver Type/Pin | Driver Region (D) | Clock          | Period (ns) | Waveform (ns) | Root (R) | Slice Loads | IO Loads | Clocking Loads | GT Loads | Net                                                    |
+-----------+-----------------+-------------------+----------------+-------------+---------------+----------+-------------+----------+----------------+----------+--------------------------------------------------------+
| g8        | BUFGCE/O        | X4Y7              | mmcm_clkout0_2 |       3.332 | {0.000 1.666} | X4Y6     |       48692 |        0 |              3 |        0 | bd_i/ddr4_1/inst/u_ddr4_infrastructure/u_bufg_divClk_0 |
+-----------+-----------------+-------------------+----------------+-------------+---------------+----------+-------------+----------+----------------+----------+--------------------------------------------------------+
* Slice Loads column represents load cell count of all cell types other than IO, GT and clock resources
** IO Loads column represents load cell count of IO types
*** Clocking Loads column represents load cell count that are clock resources (global clock buffer, MMCM, PLL, etc)
**** GT Loads column represents load cell count of GT types


+-----+-------+-------+-------+-------+-----------+----+-----------------------+
|     | X0    | X1    | X2    | X3    | X4        | X5 | HORIZONTAL PROG DELAY |
+-----+-------+-------+-------+-------+-----------+----+-----------------------+
| Y14 |     0 |     0 |     0 |     0 |         0 |  0 |                     - |
| Y13 |     0 |     0 |     0 |     0 |         0 |  0 |                     - |
| Y12 |     0 |     0 |     0 |     0 |         0 |  0 |                     - |
| Y11 |     0 |     0 |     0 |     0 |         0 |  0 |                     - |
| Y10 |     0 |     0 |     0 |     0 |         0 |  0 |                     - |
| Y9  |     0 |     0 |     0 |     0 |         0 |  0 |                     - |
| Y8  |     0 |     0 |   643 |   811 |      4114 |  0 |                     0 |
| Y7  |  1282 |  2090 |  1671 |  5227 |  (D) 5501 |  0 |                     1 |
| Y6  |  3403 |  5637 |  2035 |  3114 |  (R) 7248 |  0 |                     1 |
| Y5  |  2386 |  1873 |     2 |  1620 |        38 |  0 |                     0 |
| Y4  |     0 |     0 |     0 |     0 |         0 |  0 |                     - |
| Y3  |     0 |     0 |     0 |     0 |         0 |  0 |                     - |
| Y2  |     0 |     0 |     0 |     0 |         0 |  0 |                     - |
| Y1  |     0 |     0 |     0 |     0 |         0 |  0 |                     - |
| Y0  |     0 |     0 |     0 |     0 |         0 |  0 |                     - |
+-----+-------+-------+-------+-------+-----------+----+-----------------------+


17. Device Cell Placement Summary for Global Clock g9
-----------------------------------------------------

+-----------+-----------------+-------------------+--------------+-------------+---------------+----------+-------------+----------+----------------+----------+--------------------------------------------------------+
| Global Id | Driver Type/Pin | Driver Region (D) | Clock        | Period (ns) | Waveform (ns) | Root (R) | Slice Loads | IO Loads | Clocking Loads | GT Loads | Net                                                    |
+-----------+-----------------+-------------------+--------------+-------------+---------------+----------+-------------+----------+----------------+----------+--------------------------------------------------------+
| g9        | BUFGCE/O        | X2Y2              | mmcm_clkout0 |       3.332 | {0.000 1.666} | X3Y3     |       48672 |        0 |              3 |        0 | bd_i/ddr4_0/inst/u_ddr4_infrastructure/u_bufg_divClk_0 |
+-----------+-----------------+-------------------+--------------+-------------+---------------+----------+-------------+----------+----------------+----------+--------------------------------------------------------+
* Slice Loads column represents load cell count of all cell types other than IO, GT and clock resources
** IO Loads column represents load cell count of IO types
*** Clocking Loads column represents load cell count that are clock resources (global clock buffer, MMCM, PLL, etc)
**** GT Loads column represents load cell count of GT types


+-----+----+------+-----------+----------+-------+-------+-----------------------+
|     | X0 | X1   | X2        | X3       | X4    | X5    | HORIZONTAL PROG DELAY |
+-----+----+------+-----------+----------+-------+-------+-----------------------+
| Y14 |  0 |    0 |         0 |        0 |     0 |     0 |                     - |
| Y13 |  0 |    0 |         0 |        0 |     0 |     0 |                     - |
| Y12 |  0 |    0 |         0 |        0 |     0 |     0 |                     - |
| Y11 |  0 |    0 |         0 |        0 |     0 |     0 |                     - |
| Y10 |  0 |    0 |         0 |        0 |     0 |     0 |                     - |
| Y9  |  0 |    0 |         0 |        0 |     0 |     0 |                     - |
| Y8  |  0 |    0 |         0 |        0 |     0 |     0 |                     - |
| Y7  |  0 |    0 |         0 |        0 |     0 |     0 |                     - |
| Y6  |  0 |    0 |       280 |      218 |     0 |     0 |                     0 |
| Y5  |  0 |    0 |      1380 |     1869 |     0 |     0 |                     1 |
| Y4  |  0 |  694 |      4788 |     4105 |  3402 |  1534 |                     2 |
| Y3  |  0 |  216 |      8015 | (R) 2808 |  3522 |  1936 |                     2 |
| Y2  |  0 |    0 |  (D) 6643 |       16 |  1599 |  1926 |                     1 |
| Y1  |  0 |    0 |      3718 |        0 |     6 |     0 |                     0 |
| Y0  |  0 |    0 |         0 |        0 |     0 |     0 |                     - |
+-----+----+------+-----------+----------+-------+-------+-----------------------+


18. Device Cell Placement Summary for Global Clock g10
------------------------------------------------------

+-----------+-----------------+-------------------+-------------+-------------+---------------+----------+-------------+----------+----------------+----------+-----------------------------------------------+
| Global Id | Driver Type/Pin | Driver Region (D) | Clock       | Period (ns) | Waveform (ns) | Root (R) | Slice Loads | IO Loads | Clocking Loads | GT Loads | Net                                           |
+-----------+-----------------+-------------------+-------------+-------------+---------------+----------+-------------+----------+----------------+----------+-----------------------------------------------+
| g10       | BUFG_GT/O       | X5Y7              | pcie_refclk |      10.000 | {0.000 5.000} | X3Y7     |        3494 |        0 |              0 |       10 | bd_i/xdma_0/inst/pcie4_ip_i/inst/sys_clk_bufg |
+-----------+-----------------+-------------------+-------------+-------------+---------------+----------+-------------+----------+----------------+----------+-----------------------------------------------+
* Slice Loads column represents load cell count of all cell types other than IO, GT and clock resources
** IO Loads column represents load cell count of IO types
*** Clocking Loads column represents load cell count that are clock resources (global clock buffer, MMCM, PLL, etc)
**** GT Loads column represents load cell count of GT types


+-----+----+-----+----+--------+----+-----------+-----------------------+
|     | X0 | X1  | X2 | X3     | X4 | X5        | HORIZONTAL PROG DELAY |
+-----+----+-----+----+--------+----+-----------+-----------------------+
| Y14 |  0 |   0 |  0 |      0 |  0 |         0 |                     - |
| Y13 |  0 |   0 |  0 |      0 |  0 |         0 |                     - |
| Y12 |  0 |   0 |  0 |      0 |  0 |         0 |                     - |
| Y11 |  0 |   0 |  0 |      0 |  0 |         0 |                     - |
| Y10 |  0 |   0 |  0 |      0 |  0 |         0 |                     - |
| Y9  |  0 |   0 |  0 |      0 |  0 |        81 |                     0 |
| Y8  |  0 |   0 |  0 |     13 |  0 |      1579 |                     1 |
| Y7  |  0 |  45 |  0 | (R) 34 |  0 |  (D) 1569 |                     1 |
| Y6  |  0 |   0 |  0 |      0 |  0 |       183 |                     0 |
| Y5  |  0 |   0 |  0 |      0 |  0 |         0 |                     - |
| Y4  |  0 |   0 |  0 |      0 |  0 |         0 |                     - |
| Y3  |  0 |   0 |  0 |      0 |  0 |         0 |                     - |
| Y2  |  0 |   0 |  0 |      0 |  0 |         0 |                     - |
| Y1  |  0 |   0 |  0 |      0 |  0 |         0 |                     - |
| Y0  |  0 |   0 |  0 |      0 |  0 |         0 |                     - |
+-----+----+-----+----+--------+----+-----------+-----------------------+


19. Device Cell Placement Summary for Global Clock g11
------------------------------------------------------

+-----------+-----------------+-------------------+--------------+-------------+---------------+----------+-------------+----------+----------------+----------+---------------------------------------------------+
| Global Id | Driver Type/Pin | Driver Region (D) | Clock        | Period (ns) | Waveform (ns) | Root (R) | Slice Loads | IO Loads | Clocking Loads | GT Loads | Net                                               |
+-----------+-----------------+-------------------+--------------+-------------+---------------+----------+-------------+----------+----------------+----------+---------------------------------------------------+
| g11       | BUFGCE/O        | X2Y2              | mmcm_clkout6 |       6.664 | {0.000 3.332} | X3Y3     |        1585 |        0 |              0 |        0 | bd_i/ddr4_0/inst/u_ddr4_infrastructure/c0_riu_clk |
+-----------+-----------------+-------------------+--------------+-------------+---------------+----------+-------------+----------+----------------+----------+---------------------------------------------------+
* Slice Loads column represents load cell count of all cell types other than IO, GT and clock resources
** IO Loads column represents load cell count of IO types
*** Clocking Loads column represents load cell count that are clock resources (global clock buffer, MMCM, PLL, etc)
**** GT Loads column represents load cell count of GT types


+-----+----+----+----------+-------+----+----+-----------------------+
|     | X0 | X1 | X2       | X3    | X4 | X5 | HORIZONTAL PROG DELAY |
+-----+----+----+----------+-------+----+----+-----------------------+
| Y14 |  0 |  0 |        0 |     0 |  0 |  0 |                     - |
| Y13 |  0 |  0 |        0 |     0 |  0 |  0 |                     - |
| Y12 |  0 |  0 |        0 |     0 |  0 |  0 |                     - |
| Y11 |  0 |  0 |        0 |     0 |  0 |  0 |                     - |
| Y10 |  0 |  0 |        0 |     0 |  0 |  0 |                     - |
| Y9  |  0 |  0 |        0 |     0 |  0 |  0 |                     - |
| Y8  |  0 |  0 |        0 |     0 |  0 |  0 |                     - |
| Y7  |  0 |  0 |        0 |     0 |  0 |  0 |                     - |
| Y6  |  0 |  0 |        0 |     0 |  0 |  0 |                     - |
| Y5  |  0 |  0 |        0 |     0 |  0 |  0 |                     - |
| Y4  |  0 |  0 |        0 |     0 |  0 |  0 |                     - |
| Y3  |  0 |  0 |     1192 | (R) 0 |  0 |  0 |                     2 |
| Y2  |  0 |  0 |  (D) 293 |     0 |  0 |  0 |                     1 |
| Y1  |  0 |  0 |      100 |     0 |  0 |  0 |                     0 |
| Y0  |  0 |  0 |        0 |     0 |  0 |  0 |                     - |
+-----+----+----+----------+-------+----+----+-----------------------+


20. Device Cell Placement Summary for Global Clock g12
------------------------------------------------------

+-----------+-----------------+-------------------+----------------+-------------+---------------+----------+-------------+----------+----------------+----------+---------------------------------------------------+
| Global Id | Driver Type/Pin | Driver Region (D) | Clock          | Period (ns) | Waveform (ns) | Root (R) | Slice Loads | IO Loads | Clocking Loads | GT Loads | Net                                               |
+-----------+-----------------+-------------------+----------------+-------------+---------------+----------+-------------+----------+----------------+----------+---------------------------------------------------+
| g12       | BUFGCE/O        | X4Y7              | mmcm_clkout6_2 |       6.664 | {0.000 3.332} | X4Y6     |        1585 |        0 |              0 |        0 | bd_i/ddr4_1/inst/u_ddr4_infrastructure/c0_riu_clk |
+-----------+-----------------+-------------------+----------------+-------------+---------------+----------+-------------+----------+----------------+----------+---------------------------------------------------+
* Slice Loads column represents load cell count of all cell types other than IO, GT and clock resources
** IO Loads column represents load cell count of IO types
*** Clocking Loads column represents load cell count that are clock resources (global clock buffer, MMCM, PLL, etc)
**** GT Loads column represents load cell count of GT types


+-----+----+----+----+----+-----------+----+-----------------------+
|     | X0 | X1 | X2 | X3 | X4        | X5 | HORIZONTAL PROG DELAY |
+-----+----+----+----+----+-----------+----+-----------------------+
| Y14 |  0 |  0 |  0 |  0 |         0 |  0 |                     - |
| Y13 |  0 |  0 |  0 |  0 |         0 |  0 |                     - |
| Y12 |  0 |  0 |  0 |  0 |         0 |  0 |                     - |
| Y11 |  0 |  0 |  0 |  0 |         0 |  0 |                     - |
| Y10 |  0 |  0 |  0 |  0 |         0 |  0 |                     - |
| Y9  |  0 |  0 |  0 |  0 |         0 |  0 |                     - |
| Y8  |  0 |  0 |  0 |  0 |        61 |  0 |                     0 |
| Y7  |  0 |  0 |  0 |  0 |  (D) 1388 |  0 |                     1 |
| Y6  |  0 |  0 |  0 |  0 |   (R) 136 |  0 |                     1 |
| Y5  |  0 |  0 |  0 |  0 |         0 |  0 |                     - |
| Y4  |  0 |  0 |  0 |  0 |         0 |  0 |                     - |
| Y3  |  0 |  0 |  0 |  0 |         0 |  0 |                     - |
| Y2  |  0 |  0 |  0 |  0 |         0 |  0 |                     - |
| Y1  |  0 |  0 |  0 |  0 |         0 |  0 |                     - |
| Y0  |  0 |  0 |  0 |  0 |         0 |  0 |                     - |
+-----+----+----+----+----+-----------+----+-----------------------+


21. Device Cell Placement Summary for Global Clock g13
------------------------------------------------------

+-----------+-----------------+-------------------+----------------+-------------+---------------+----------+-------------+----------+----------------+----------+---------------------------------------------------+
| Global Id | Driver Type/Pin | Driver Region (D) | Clock          | Period (ns) | Waveform (ns) | Root (R) | Slice Loads | IO Loads | Clocking Loads | GT Loads | Net                                               |
+-----------+-----------------+-------------------+----------------+-------------+---------------+----------+-------------+----------+----------------+----------+---------------------------------------------------+
| g13       | BUFGCE/O        | X2Y8              | mmcm_clkout6_3 |       6.664 | {0.000 3.332} | X2Y7     |        1585 |        0 |              0 |        0 | bd_i/ddr4_2/inst/u_ddr4_infrastructure/c0_riu_clk |
+-----------+-----------------+-------------------+----------------+-------------+---------------+----------+-------------+----------+----------------+----------+---------------------------------------------------+
* Slice Loads column represents load cell count of all cell types other than IO, GT and clock resources
** IO Loads column represents load cell count of IO types
*** Clocking Loads column represents load cell count that are clock resources (global clock buffer, MMCM, PLL, etc)
**** GT Loads column represents load cell count of GT types


+-----+----+----+-----------+----+----+----+-----------------------+
|     | X0 | X1 | X2        | X3 | X4 | X5 | HORIZONTAL PROG DELAY |
+-----+----+----+-----------+----+----+----+-----------------------+
| Y14 |  0 |  0 |         0 |  0 |  0 |  0 |                     - |
| Y13 |  0 |  0 |         0 |  0 |  0 |  0 |                     - |
| Y12 |  0 |  0 |         0 |  0 |  0 |  0 |                     - |
| Y11 |  0 |  0 |         0 |  0 |  0 |  0 |                     - |
| Y10 |  0 |  0 |         0 |  0 |  0 |  0 |                     - |
| Y9  |  0 |  0 |        90 |  0 |  0 |  0 |                     1 |
| Y8  |  0 |  0 |  (D) 1403 |  0 |  0 |  0 |                     2 |
| Y7  |  0 |  0 |    (R) 92 |  0 |  0 |  0 |                     2 |
| Y6  |  0 |  0 |         0 |  0 |  0 |  0 |                     - |
| Y5  |  0 |  0 |         0 |  0 |  0 |  0 |                     - |
| Y4  |  0 |  0 |         0 |  0 |  0 |  0 |                     - |
| Y3  |  0 |  0 |         0 |  0 |  0 |  0 |                     - |
| Y2  |  0 |  0 |         0 |  0 |  0 |  0 |                     - |
| Y1  |  0 |  0 |         0 |  0 |  0 |  0 |                     - |
| Y0  |  0 |  0 |         0 |  0 |  0 |  0 |                     - |
+-----+----+----+-----------+----+----+----+-----------------------+


22. Device Cell Placement Summary for Global Clock g14
------------------------------------------------------

+-----------+-----------------+-------------------+----------------+-------------+---------------+----------+-------------+----------+----------------+----------+---------------------------------------------------+
| Global Id | Driver Type/Pin | Driver Region (D) | Clock          | Period (ns) | Waveform (ns) | Root (R) | Slice Loads | IO Loads | Clocking Loads | GT Loads | Net                                               |
+-----------+-----------------+-------------------+----------------+-------------+---------------+----------+-------------+----------+----------------+----------+---------------------------------------------------+
| g14       | BUFGCE/O        | X4Y12             | mmcm_clkout6_1 |       6.664 | {0.000 3.332} | X4Y10    |        1585 |        0 |              0 |        0 | bd_i/ddr4_3/inst/u_ddr4_infrastructure/c0_riu_clk |
+-----------+-----------------+-------------------+----------------+-------------+---------------+----------+-------------+----------+----------------+----------+---------------------------------------------------+
* Slice Loads column represents load cell count of all cell types other than IO, GT and clock resources
** IO Loads column represents load cell count of IO types
*** Clocking Loads column represents load cell count that are clock resources (global clock buffer, MMCM, PLL, etc)
**** GT Loads column represents load cell count of GT types


+-----+----+----+----+----+-----------+----+-----------------------+
|     | X0 | X1 | X2 | X3 | X4        | X5 | HORIZONTAL PROG DELAY |
+-----+----+----+----+----+-----------+----+-----------------------+
| Y14 |  0 |  0 |  0 |  0 |         0 |  0 |                     - |
| Y13 |  0 |  0 |  0 |  0 |       106 |  0 |                     2 |
| Y12 |  0 |  0 |  0 |  0 |  (D) 1385 |  0 |                     3 |
| Y11 |  0 |  0 |  0 |  0 |        94 |  0 |                     4 |
| Y10 |  0 |  0 |  0 |  0 |     (R) 0 |  0 |                     - |
| Y9  |  0 |  0 |  0 |  0 |         0 |  0 |                     - |
| Y8  |  0 |  0 |  0 |  0 |         0 |  0 |                     - |
| Y7  |  0 |  0 |  0 |  0 |         0 |  0 |                     - |
| Y6  |  0 |  0 |  0 |  0 |         0 |  0 |                     - |
| Y5  |  0 |  0 |  0 |  0 |         0 |  0 |                     - |
| Y4  |  0 |  0 |  0 |  0 |         0 |  0 |                     - |
| Y3  |  0 |  0 |  0 |  0 |         0 |  0 |                     - |
| Y2  |  0 |  0 |  0 |  0 |         0 |  0 |                     - |
| Y1  |  0 |  0 |  0 |  0 |         0 |  0 |                     - |
| Y0  |  0 |  0 |  0 |  0 |         0 |  0 |                     - |
+-----+----+----+----+----+-----------+----+-----------------------+


23. Device Cell Placement Summary for Global Clock g15
------------------------------------------------------

+-----------+-----------------+-------------------+----------------+-------------+---------------+----------+-------------+----------+----------------+----------+------------------------------------------------+
| Global Id | Driver Type/Pin | Driver Region (D) | Clock          | Period (ns) | Waveform (ns) | Root (R) | Slice Loads | IO Loads | Clocking Loads | GT Loads | Net                                            |
+-----------+-----------------+-------------------+----------------+-------------+---------------+----------+-------------+----------+----------------+----------+------------------------------------------------+
| g15       | BUFGCE/O        | X4Y12             | mmcm_clkout5_1 |      13.328 | {0.000 6.664} | X3Y7     |        1369 |        0 |              0 |        0 | bd_i/ddr4_3/inst/u_ddr4_infrastructure/dbg_clk |
+-----------+-----------------+-------------------+----------------+-------------+---------------+----------+-------------+----------+----------------+----------+------------------------------------------------+
* Slice Loads column represents load cell count of all cell types other than IO, GT and clock resources
** IO Loads column represents load cell count of IO types
*** Clocking Loads column represents load cell count that are clock resources (global clock buffer, MMCM, PLL, etc)
**** GT Loads column represents load cell count of GT types


+-----+----+----+------+-------+--------+----+-----------------------+
|     | X0 | X1 | X2   | X3    | X4     | X5 | HORIZONTAL PROG DELAY |
+-----+----+----+------+-------+--------+----+-----------------------+
| Y14 |  0 |  0 |    0 |     0 |      0 |  0 |                     - |
| Y13 |  0 |  0 |    0 |     0 |      0 |  0 |                     - |
| Y12 |  0 |  0 |    0 |     0 |  (D) 0 |  0 |                     - |
| Y11 |  0 |  0 |    0 |     0 |    265 |  0 |                     1 |
| Y10 |  0 |  0 |    0 |     0 |      0 |  0 |                     - |
| Y9  |  0 |  0 |    0 |     0 |      0 |  0 |                     - |
| Y8  |  0 |  0 |   36 |     0 |     20 |  0 |                     4 |
| Y7  |  0 |  0 |  229 | (R) 0 |    554 |  0 |                     4 |
| Y6  |  0 |  0 |    0 |     0 |      0 |  0 |                     - |
| Y5  |  0 |  0 |    0 |     0 |      0 |  0 |                     - |
| Y4  |  0 |  0 |    0 |     0 |      0 |  0 |                     - |
| Y3  |  0 |  0 |  265 |     0 |      0 |  0 |                     0 |
| Y2  |  0 |  0 |    0 |     0 |      0 |  0 |                     - |
| Y1  |  0 |  0 |    0 |     0 |      0 |  0 |                     - |
| Y0  |  0 |  0 |    0 |     0 |      0 |  0 |                     - |
+-----+----+----+------+-------+--------+----+-----------------------+


24. Device Cell Placement Summary for Global Clock g16
------------------------------------------------------

+-----------+-----------------+-------------------+-----------------------------------------------------------------------------------------------------+-------------+----------------+----------+-------------+----------+----------------+----------+----------------------------------------+
| Global Id | Driver Type/Pin | Driver Region (D) | Clock                                                                                               | Period (ns) | Waveform (ns)  | Root (R) | Slice Loads | IO Loads | Clocking Loads | GT Loads | Net                                    |
+-----------+-----------------+-------------------+-----------------------------------------------------------------------------------------------------+-------------+----------------+----------+-------------+----------+----------------+----------+----------------------------------------+
| g16       | BUFGCE/O        | X4Y6              | dbg_hub/inst/BSCANID.u_xsdbm_id/SWITCH_N_EXT_BSCAN.bscan_inst/SERIES7_BSCAN.bscan_inst/INTERNAL_TCK |      50.000 | {0.000 25.000} | X4Y7     |         473 |        0 |              0 |        0 | dbg_hub/inst/BSCANID.u_xsdbm_id/itck_i |
+-----------+-----------------+-------------------+-----------------------------------------------------------------------------------------------------+-------------+----------------+----------+-------------+----------+----------------+----------+----------------------------------------+
* Slice Loads column represents load cell count of all cell types other than IO, GT and clock resources
** IO Loads column represents load cell count of IO types
*** Clocking Loads column represents load cell count that are clock resources (global clock buffer, MMCM, PLL, etc)
**** GT Loads column represents load cell count of GT types


+-----+----+----+----+----+---------+------+-----------------------+
|     | X0 | X1 | X2 | X3 | X4      | X5   | HORIZONTAL PROG DELAY |
+-----+----+----+----+----+---------+------+-----------------------+
| Y14 |  0 |  0 |  0 |  0 |       0 |    0 |                     - |
| Y13 |  0 |  0 |  0 |  0 |       0 |    0 |                     - |
| Y12 |  0 |  0 |  0 |  0 |       0 |    0 |                     - |
| Y11 |  0 |  0 |  0 |  0 |       0 |    0 |                     - |
| Y10 |  0 |  0 |  0 |  0 |       0 |    0 |                     - |
| Y9  |  0 |  0 |  0 |  0 |       0 |    0 |                     - |
| Y8  |  0 |  0 |  0 |  0 |       2 |    0 |                     0 |
| Y7  |  0 |  0 |  0 |  0 | (R) 312 |  159 |                     0 |
| Y6  |  0 |  0 |  0 |  0 |   (D) 0 |    0 |                     - |
| Y5  |  0 |  0 |  0 |  0 |       0 |    0 |                     - |
| Y4  |  0 |  0 |  0 |  0 |       0 |    0 |                     - |
| Y3  |  0 |  0 |  0 |  0 |       0 |    0 |                     - |
| Y2  |  0 |  0 |  0 |  0 |       0 |    0 |                     - |
| Y1  |  0 |  0 |  0 |  0 |       0 |    0 |                     - |
| Y0  |  0 |  0 |  0 |  0 |       0 |    0 |                     - |
+-----+----+----+----+----+---------+------+-----------------------+


25. Device Cell Placement Summary for Global Clock g17
------------------------------------------------------

+-----------+-----------------+-------------------+-----------------------------------------------------------------------------------------------------------------------------------------------------------------------------------------------------------------------------------------------------------------------------------------------------------------------------------------------------------------------------------------------------------------------------------+-------------+---------------+----------+-------------+----------+----------------+----------+--------------------------------------------------------------------------------------------------------------------------------------------------------------------------------------------------------------------------------------------------------------------------------------------------------------------------------------------------------------------------------------------------------------------+
| Global Id | Driver Type/Pin | Driver Region (D) | Clock                                                                                                                                                                                                                                                                                                                                                                                                                             | Period (ns) | Waveform (ns) | Root (R) | Slice Loads | IO Loads | Clocking Loads | GT Loads | Net                                                                                                                                                                                                                                                                                                                                                                                                                |
+-----------+-----------------+-------------------+-----------------------------------------------------------------------------------------------------------------------------------------------------------------------------------------------------------------------------------------------------------------------------------------------------------------------------------------------------------------------------------------------------------------------------------+-------------+---------------+----------+-------------+----------+----------------+----------+--------------------------------------------------------------------------------------------------------------------------------------------------------------------------------------------------------------------------------------------------------------------------------------------------------------------------------------------------------------------------------------------------------------------+
| g17       | BUFG_GT/O       | X5Y7              | bd_i/xdma_0/inst/pcie4_ip_i/inst/bd_xdma_0_0_pcie4_ip_gt_top_i/diablo_gt.diablo_gt_phy_wrapper/gt_wizard.gtwizard_top_i/bd_xdma_0_0_pcie4_ip_gt_i/inst/gen_gtwizard_gtye4_top.bd_xdma_0_0_pcie4_ip_gt_gtwizard_gtye4_inst/gen_gtwizard_gtye4.gen_cpll_cal_gtye4.gen_cpll_cal_inst[0].gen_inst_cpll_cal.gtwizard_ultrascale_v1_7_19_gtye4_cpll_cal_inst/gtwizard_ultrascale_v1_7_19_gtye4_cpll_cal_tx_i/bufg_gt_txoutclkmon_inst/O |       8.000 | {0.000 4.000} | X1Y7     |          31 |        0 |              0 |        0 | bd_i/xdma_0/inst/pcie4_ip_i/inst/bd_xdma_0_0_pcie4_ip_gt_top_i/diablo_gt.diablo_gt_phy_wrapper/gt_wizard.gtwizard_top_i/bd_xdma_0_0_pcie4_ip_gt_i/inst/gen_gtwizard_gtye4_top.bd_xdma_0_0_pcie4_ip_gt_gtwizard_gtye4_inst/gen_gtwizard_gtye4.gen_cpll_cal_gtye4.gen_cpll_cal_inst[0].gen_inst_cpll_cal.gtwizard_ultrascale_v1_7_19_gtye4_cpll_cal_inst/gtwizard_ultrascale_v1_7_19_gtye4_cpll_cal_tx_i/txoutclkmon |
+-----------+-----------------+-------------------+-----------------------------------------------------------------------------------------------------------------------------------------------------------------------------------------------------------------------------------------------------------------------------------------------------------------------------------------------------------------------------------------------------------------------------------+-------------+---------------+----------+-------------+----------+----------------+----------+--------------------------------------------------------------------------------------------------------------------------------------------------------------------------------------------------------------------------------------------------------------------------------------------------------------------------------------------------------------------------------------------------------------------+
* Slice Loads column represents load cell count of all cell types other than IO, GT and clock resources
** IO Loads column represents load cell count of IO types
*** Clocking Loads column represents load cell count that are clock resources (global clock buffer, MMCM, PLL, etc)
**** GT Loads column represents load cell count of GT types


+-----+----+--------+----+----+----+--------+-----------------------+
|     | X0 | X1     | X2 | X3 | X4 | X5     | HORIZONTAL PROG DELAY |
+-----+----+--------+----+----+----+--------+-----------------------+
| Y14 |  0 |      0 |  0 |  0 |  0 |      0 |                     - |
| Y13 |  0 |      0 |  0 |  0 |  0 |      0 |                     - |
| Y12 |  0 |      0 |  0 |  0 |  0 |      0 |                     - |
| Y11 |  0 |      0 |  0 |  0 |  0 |      0 |                     - |
| Y10 |  0 |      0 |  0 |  0 |  0 |      0 |                     - |
| Y9  |  0 |      0 |  0 |  0 |  0 |      0 |                     - |
| Y8  |  0 |      0 |  0 |  0 |  0 |      0 |                     - |
| Y7  |  0 | (R) 31 |  0 |  0 |  0 |  (D) 0 |                     0 |
| Y6  |  0 |      0 |  0 |  0 |  0 |      0 |                     - |
| Y5  |  0 |      0 |  0 |  0 |  0 |      0 |                     - |
| Y4  |  0 |      0 |  0 |  0 |  0 |      0 |                     - |
| Y3  |  0 |      0 |  0 |  0 |  0 |      0 |                     - |
| Y2  |  0 |      0 |  0 |  0 |  0 |      0 |                     - |
| Y1  |  0 |      0 |  0 |  0 |  0 |      0 |                     - |
| Y0  |  0 |      0 |  0 |  0 |  0 |      0 |                     - |
+-----+----+--------+----+----+----+--------+-----------------------+


26. Device Cell Placement Summary for Global Clock g18
------------------------------------------------------

+-----------+-----------------+-------------------+-----------------------------------------------------------------------------------------------------------------------------------------------------------------------------------------------------------------------------------------------------------------------------------------------------------------------------------------------------------------------------------------------------------------------------------+-------------+---------------+----------+-------------+----------+----------------+----------+--------------------------------------------------------------------------------------------------------------------------------------------------------------------------------------------------------------------------------------------------------------------------------------------------------------------------------------------------------------------------------------------------------------------+
| Global Id | Driver Type/Pin | Driver Region (D) | Clock                                                                                                                                                                                                                                                                                                                                                                                                                             | Period (ns) | Waveform (ns) | Root (R) | Slice Loads | IO Loads | Clocking Loads | GT Loads | Net                                                                                                                                                                                                                                                                                                                                                                                                                |
+-----------+-----------------+-------------------+-----------------------------------------------------------------------------------------------------------------------------------------------------------------------------------------------------------------------------------------------------------------------------------------------------------------------------------------------------------------------------------------------------------------------------------+-------------+---------------+----------+-------------+----------+----------------+----------+--------------------------------------------------------------------------------------------------------------------------------------------------------------------------------------------------------------------------------------------------------------------------------------------------------------------------------------------------------------------------------------------------------------------+
| g18       | BUFG_GT/O       | X5Y7              | bd_i/xdma_0/inst/pcie4_ip_i/inst/bd_xdma_0_0_pcie4_ip_gt_top_i/diablo_gt.diablo_gt_phy_wrapper/gt_wizard.gtwizard_top_i/bd_xdma_0_0_pcie4_ip_gt_i/inst/gen_gtwizard_gtye4_top.bd_xdma_0_0_pcie4_ip_gt_gtwizard_gtye4_inst/gen_gtwizard_gtye4.gen_cpll_cal_gtye4.gen_cpll_cal_inst[1].gen_inst_cpll_cal.gtwizard_ultrascale_v1_7_19_gtye4_cpll_cal_inst/gtwizard_ultrascale_v1_7_19_gtye4_cpll_cal_tx_i/bufg_gt_txoutclkmon_inst/O |       8.000 | {0.000 4.000} | X5Y7     |          31 |        0 |              0 |        0 | bd_i/xdma_0/inst/pcie4_ip_i/inst/bd_xdma_0_0_pcie4_ip_gt_top_i/diablo_gt.diablo_gt_phy_wrapper/gt_wizard.gtwizard_top_i/bd_xdma_0_0_pcie4_ip_gt_i/inst/gen_gtwizard_gtye4_top.bd_xdma_0_0_pcie4_ip_gt_gtwizard_gtye4_inst/gen_gtwizard_gtye4.gen_cpll_cal_gtye4.gen_cpll_cal_inst[1].gen_inst_cpll_cal.gtwizard_ultrascale_v1_7_19_gtye4_cpll_cal_inst/gtwizard_ultrascale_v1_7_19_gtye4_cpll_cal_tx_i/txoutclkmon |
+-----------+-----------------+-------------------+-----------------------------------------------------------------------------------------------------------------------------------------------------------------------------------------------------------------------------------------------------------------------------------------------------------------------------------------------------------------------------------------------------------------------------------+-------------+---------------+----------+-------------+----------+----------------+----------+--------------------------------------------------------------------------------------------------------------------------------------------------------------------------------------------------------------------------------------------------------------------------------------------------------------------------------------------------------------------------------------------------------------------+
* Slice Loads column represents load cell count of all cell types other than IO, GT and clock resources
** IO Loads column represents load cell count of IO types
*** Clocking Loads column represents load cell count that are clock resources (global clock buffer, MMCM, PLL, etc)
**** GT Loads column represents load cell count of GT types


+-----+----+----+----+----+----+------------+-----------------------+
|     | X0 | X1 | X2 | X3 | X4 | X5         | HORIZONTAL PROG DELAY |
+-----+----+----+----+----+----+------------+-----------------------+
| Y14 |  0 |  0 |  0 |  0 |  0 |          0 |                     - |
| Y13 |  0 |  0 |  0 |  0 |  0 |          0 |                     - |
| Y12 |  0 |  0 |  0 |  0 |  0 |          0 |                     - |
| Y11 |  0 |  0 |  0 |  0 |  0 |          0 |                     - |
| Y10 |  0 |  0 |  0 |  0 |  0 |          0 |                     - |
| Y9  |  0 |  0 |  0 |  0 |  0 |          0 |                     - |
| Y8  |  0 |  0 |  0 |  0 |  0 |          0 |                     - |
| Y7  |  0 |  0 |  0 |  0 |  0 | (R) (D) 31 |                     0 |
| Y6  |  0 |  0 |  0 |  0 |  0 |          0 |                     - |
| Y5  |  0 |  0 |  0 |  0 |  0 |          0 |                     - |
| Y4  |  0 |  0 |  0 |  0 |  0 |          0 |                     - |
| Y3  |  0 |  0 |  0 |  0 |  0 |          0 |                     - |
| Y2  |  0 |  0 |  0 |  0 |  0 |          0 |                     - |
| Y1  |  0 |  0 |  0 |  0 |  0 |          0 |                     - |
| Y0  |  0 |  0 |  0 |  0 |  0 |          0 |                     - |
+-----+----+----+----+----+----+------------+-----------------------+


27. Device Cell Placement Summary for Global Clock g19
------------------------------------------------------

+-----------+-----------------+-------------------+-----------------------------------------------------------------------------------------------------------------------------------------------------------------------------------------------------------------------------------------------------------------------------------------------------------------------------------------------------------------------------------------------------------------------------------+-------------+---------------+----------+-------------+----------+----------------+----------+--------------------------------------------------------------------------------------------------------------------------------------------------------------------------------------------------------------------------------------------------------------------------------------------------------------------------------------------------------------------------------------------------------------------+
| Global Id | Driver Type/Pin | Driver Region (D) | Clock                                                                                                                                                                                                                                                                                                                                                                                                                             | Period (ns) | Waveform (ns) | Root (R) | Slice Loads | IO Loads | Clocking Loads | GT Loads | Net                                                                                                                                                                                                                                                                                                                                                                                                                |
+-----------+-----------------+-------------------+-----------------------------------------------------------------------------------------------------------------------------------------------------------------------------------------------------------------------------------------------------------------------------------------------------------------------------------------------------------------------------------------------------------------------------------+-------------+---------------+----------+-------------+----------+----------------+----------+--------------------------------------------------------------------------------------------------------------------------------------------------------------------------------------------------------------------------------------------------------------------------------------------------------------------------------------------------------------------------------------------------------------------+
| g19       | BUFG_GT/O       | X5Y7              | bd_i/xdma_0/inst/pcie4_ip_i/inst/bd_xdma_0_0_pcie4_ip_gt_top_i/diablo_gt.diablo_gt_phy_wrapper/gt_wizard.gtwizard_top_i/bd_xdma_0_0_pcie4_ip_gt_i/inst/gen_gtwizard_gtye4_top.bd_xdma_0_0_pcie4_ip_gt_gtwizard_gtye4_inst/gen_gtwizard_gtye4.gen_cpll_cal_gtye4.gen_cpll_cal_inst[2].gen_inst_cpll_cal.gtwizard_ultrascale_v1_7_19_gtye4_cpll_cal_inst/gtwizard_ultrascale_v1_7_19_gtye4_cpll_cal_tx_i/bufg_gt_txoutclkmon_inst/O |       8.000 | {0.000 4.000} | X5Y7     |          31 |        0 |              0 |        0 | bd_i/xdma_0/inst/pcie4_ip_i/inst/bd_xdma_0_0_pcie4_ip_gt_top_i/diablo_gt.diablo_gt_phy_wrapper/gt_wizard.gtwizard_top_i/bd_xdma_0_0_pcie4_ip_gt_i/inst/gen_gtwizard_gtye4_top.bd_xdma_0_0_pcie4_ip_gt_gtwizard_gtye4_inst/gen_gtwizard_gtye4.gen_cpll_cal_gtye4.gen_cpll_cal_inst[2].gen_inst_cpll_cal.gtwizard_ultrascale_v1_7_19_gtye4_cpll_cal_inst/gtwizard_ultrascale_v1_7_19_gtye4_cpll_cal_tx_i/txoutclkmon |
+-----------+-----------------+-------------------+-----------------------------------------------------------------------------------------------------------------------------------------------------------------------------------------------------------------------------------------------------------------------------------------------------------------------------------------------------------------------------------------------------------------------------------+-------------+---------------+----------+-------------+----------+----------------+----------+--------------------------------------------------------------------------------------------------------------------------------------------------------------------------------------------------------------------------------------------------------------------------------------------------------------------------------------------------------------------------------------------------------------------+
* Slice Loads column represents load cell count of all cell types other than IO, GT and clock resources
** IO Loads column represents load cell count of IO types
*** Clocking Loads column represents load cell count that are clock resources (global clock buffer, MMCM, PLL, etc)
**** GT Loads column represents load cell count of GT types


+-----+----+----+----+----+----+------------+-----------------------+
|     | X0 | X1 | X2 | X3 | X4 | X5         | HORIZONTAL PROG DELAY |
+-----+----+----+----+----+----+------------+-----------------------+
| Y14 |  0 |  0 |  0 |  0 |  0 |          0 |                     - |
| Y13 |  0 |  0 |  0 |  0 |  0 |          0 |                     - |
| Y12 |  0 |  0 |  0 |  0 |  0 |          0 |                     - |
| Y11 |  0 |  0 |  0 |  0 |  0 |          0 |                     - |
| Y10 |  0 |  0 |  0 |  0 |  0 |          0 |                     - |
| Y9  |  0 |  0 |  0 |  0 |  0 |          0 |                     - |
| Y8  |  0 |  0 |  0 |  0 |  0 |          0 |                     - |
| Y7  |  0 |  0 |  0 |  0 |  0 | (R) (D) 31 |                     0 |
| Y6  |  0 |  0 |  0 |  0 |  0 |          0 |                     - |
| Y5  |  0 |  0 |  0 |  0 |  0 |          0 |                     - |
| Y4  |  0 |  0 |  0 |  0 |  0 |          0 |                     - |
| Y3  |  0 |  0 |  0 |  0 |  0 |          0 |                     - |
| Y2  |  0 |  0 |  0 |  0 |  0 |          0 |                     - |
| Y1  |  0 |  0 |  0 |  0 |  0 |          0 |                     - |
| Y0  |  0 |  0 |  0 |  0 |  0 |          0 |                     - |
+-----+----+----+----+----+----+------------+-----------------------+


28. Device Cell Placement Summary for Global Clock g20
------------------------------------------------------

+-----------+-----------------+-------------------+-----------------------------------------------------------------------------------------------------------------------------------------------------------------------------------------------------------------------------------------------------------------------------------------------------------------------------------------------------------------------------------------------------------------------------------+-------------+---------------+----------+-------------+----------+----------------+----------+--------------------------------------------------------------------------------------------------------------------------------------------------------------------------------------------------------------------------------------------------------------------------------------------------------------------------------------------------------------------------------------------------------------------+
| Global Id | Driver Type/Pin | Driver Region (D) | Clock                                                                                                                                                                                                                                                                                                                                                                                                                             | Period (ns) | Waveform (ns) | Root (R) | Slice Loads | IO Loads | Clocking Loads | GT Loads | Net                                                                                                                                                                                                                                                                                                                                                                                                                |
+-----------+-----------------+-------------------+-----------------------------------------------------------------------------------------------------------------------------------------------------------------------------------------------------------------------------------------------------------------------------------------------------------------------------------------------------------------------------------------------------------------------------------+-------------+---------------+----------+-------------+----------+----------------+----------+--------------------------------------------------------------------------------------------------------------------------------------------------------------------------------------------------------------------------------------------------------------------------------------------------------------------------------------------------------------------------------------------------------------------+
| g20       | BUFG_GT/O       | X5Y7              | bd_i/xdma_0/inst/pcie4_ip_i/inst/bd_xdma_0_0_pcie4_ip_gt_top_i/diablo_gt.diablo_gt_phy_wrapper/gt_wizard.gtwizard_top_i/bd_xdma_0_0_pcie4_ip_gt_i/inst/gen_gtwizard_gtye4_top.bd_xdma_0_0_pcie4_ip_gt_gtwizard_gtye4_inst/gen_gtwizard_gtye4.gen_cpll_cal_gtye4.gen_cpll_cal_inst[3].gen_inst_cpll_cal.gtwizard_ultrascale_v1_7_19_gtye4_cpll_cal_inst/gtwizard_ultrascale_v1_7_19_gtye4_cpll_cal_tx_i/bufg_gt_txoutclkmon_inst/O |       8.000 | {0.000 4.000} | X3Y8     |          31 |        0 |              0 |        0 | bd_i/xdma_0/inst/pcie4_ip_i/inst/bd_xdma_0_0_pcie4_ip_gt_top_i/diablo_gt.diablo_gt_phy_wrapper/gt_wizard.gtwizard_top_i/bd_xdma_0_0_pcie4_ip_gt_i/inst/gen_gtwizard_gtye4_top.bd_xdma_0_0_pcie4_ip_gt_gtwizard_gtye4_inst/gen_gtwizard_gtye4.gen_cpll_cal_gtye4.gen_cpll_cal_inst[3].gen_inst_cpll_cal.gtwizard_ultrascale_v1_7_19_gtye4_cpll_cal_inst/gtwizard_ultrascale_v1_7_19_gtye4_cpll_cal_tx_i/txoutclkmon |
+-----------+-----------------+-------------------+-----------------------------------------------------------------------------------------------------------------------------------------------------------------------------------------------------------------------------------------------------------------------------------------------------------------------------------------------------------------------------------------------------------------------------------+-------------+---------------+----------+-------------+----------+----------------+----------+--------------------------------------------------------------------------------------------------------------------------------------------------------------------------------------------------------------------------------------------------------------------------------------------------------------------------------------------------------------------------------------------------------------------+
* Slice Loads column represents load cell count of all cell types other than IO, GT and clock resources
** IO Loads column represents load cell count of IO types
*** Clocking Loads column represents load cell count that are clock resources (global clock buffer, MMCM, PLL, etc)
**** GT Loads column represents load cell count of GT types


+-----+----+----+----+--------+----+--------+-----------------------+
|     | X0 | X1 | X2 | X3     | X4 | X5     | HORIZONTAL PROG DELAY |
+-----+----+----+----+--------+----+--------+-----------------------+
| Y14 |  0 |  0 |  0 |      0 |  0 |      0 |                     - |
| Y13 |  0 |  0 |  0 |      0 |  0 |      0 |                     - |
| Y12 |  0 |  0 |  0 |      0 |  0 |      0 |                     - |
| Y11 |  0 |  0 |  0 |      0 |  0 |      0 |                     - |
| Y10 |  0 |  0 |  0 |      0 |  0 |      0 |                     - |
| Y9  |  0 |  0 |  0 |      0 |  0 |      0 |                     - |
| Y8  |  0 |  0 |  0 | (R) 31 |  0 |      0 |                     0 |
| Y7  |  0 |  0 |  0 |      0 |  0 |  (D) 0 |                     - |
| Y6  |  0 |  0 |  0 |      0 |  0 |      0 |                     - |
| Y5  |  0 |  0 |  0 |      0 |  0 |      0 |                     - |
| Y4  |  0 |  0 |  0 |      0 |  0 |      0 |                     - |
| Y3  |  0 |  0 |  0 |      0 |  0 |      0 |                     - |
| Y2  |  0 |  0 |  0 |      0 |  0 |      0 |                     - |
| Y1  |  0 |  0 |  0 |      0 |  0 |      0 |                     - |
| Y0  |  0 |  0 |  0 |      0 |  0 |      0 |                     - |
+-----+----+----+----+--------+----+--------+-----------------------+


29. Device Cell Placement Summary for Global Clock g21
------------------------------------------------------

+-----------+-----------------+-------------------+-----------------------------------------------------------------------------------------------------------------------------------------------------------------------------------------------------------------------------------------------------------------------------------------------------------------------------------------------------------------------------------------------------------------------------------+-------------+---------------+----------+-------------+----------+----------------+----------+--------------------------------------------------------------------------------------------------------------------------------------------------------------------------------------------------------------------------------------------------------------------------------------------------------------------------------------------------------------------------------------------------------------------+
| Global Id | Driver Type/Pin | Driver Region (D) | Clock                                                                                                                                                                                                                                                                                                                                                                                                                             | Period (ns) | Waveform (ns) | Root (R) | Slice Loads | IO Loads | Clocking Loads | GT Loads | Net                                                                                                                                                                                                                                                                                                                                                                                                                |
+-----------+-----------------+-------------------+-----------------------------------------------------------------------------------------------------------------------------------------------------------------------------------------------------------------------------------------------------------------------------------------------------------------------------------------------------------------------------------------------------------------------------------+-------------+---------------+----------+-------------+----------+----------------+----------+--------------------------------------------------------------------------------------------------------------------------------------------------------------------------------------------------------------------------------------------------------------------------------------------------------------------------------------------------------------------------------------------------------------------+
| g21       | BUFG_GT/O       | X5Y8              | bd_i/xdma_0/inst/pcie4_ip_i/inst/bd_xdma_0_0_pcie4_ip_gt_top_i/diablo_gt.diablo_gt_phy_wrapper/gt_wizard.gtwizard_top_i/bd_xdma_0_0_pcie4_ip_gt_i/inst/gen_gtwizard_gtye4_top.bd_xdma_0_0_pcie4_ip_gt_gtwizard_gtye4_inst/gen_gtwizard_gtye4.gen_cpll_cal_gtye4.gen_cpll_cal_inst[4].gen_inst_cpll_cal.gtwizard_ultrascale_v1_7_19_gtye4_cpll_cal_inst/gtwizard_ultrascale_v1_7_19_gtye4_cpll_cal_tx_i/bufg_gt_txoutclkmon_inst/O |       8.000 | {0.000 4.000} | X5Y8     |          31 |        0 |              0 |        0 | bd_i/xdma_0/inst/pcie4_ip_i/inst/bd_xdma_0_0_pcie4_ip_gt_top_i/diablo_gt.diablo_gt_phy_wrapper/gt_wizard.gtwizard_top_i/bd_xdma_0_0_pcie4_ip_gt_i/inst/gen_gtwizard_gtye4_top.bd_xdma_0_0_pcie4_ip_gt_gtwizard_gtye4_inst/gen_gtwizard_gtye4.gen_cpll_cal_gtye4.gen_cpll_cal_inst[4].gen_inst_cpll_cal.gtwizard_ultrascale_v1_7_19_gtye4_cpll_cal_inst/gtwizard_ultrascale_v1_7_19_gtye4_cpll_cal_tx_i/txoutclkmon |
+-----------+-----------------+-------------------+-----------------------------------------------------------------------------------------------------------------------------------------------------------------------------------------------------------------------------------------------------------------------------------------------------------------------------------------------------------------------------------------------------------------------------------+-------------+---------------+----------+-------------+----------+----------------+----------+--------------------------------------------------------------------------------------------------------------------------------------------------------------------------------------------------------------------------------------------------------------------------------------------------------------------------------------------------------------------------------------------------------------------+
* Slice Loads column represents load cell count of all cell types other than IO, GT and clock resources
** IO Loads column represents load cell count of IO types
*** Clocking Loads column represents load cell count that are clock resources (global clock buffer, MMCM, PLL, etc)
**** GT Loads column represents load cell count of GT types


+-----+----+----+----+----+----+------------+-----------------------+
|     | X0 | X1 | X2 | X3 | X4 | X5         | HORIZONTAL PROG DELAY |
+-----+----+----+----+----+----+------------+-----------------------+
| Y14 |  0 |  0 |  0 |  0 |  0 |          0 |                     - |
| Y13 |  0 |  0 |  0 |  0 |  0 |          0 |                     - |
| Y12 |  0 |  0 |  0 |  0 |  0 |          0 |                     - |
| Y11 |  0 |  0 |  0 |  0 |  0 |          0 |                     - |
| Y10 |  0 |  0 |  0 |  0 |  0 |          0 |                     - |
| Y9  |  0 |  0 |  0 |  0 |  0 |          0 |                     - |
| Y8  |  0 |  0 |  0 |  0 |  0 | (R) (D) 31 |                     0 |
| Y7  |  0 |  0 |  0 |  0 |  0 |          0 |                     - |
| Y6  |  0 |  0 |  0 |  0 |  0 |          0 |                     - |
| Y5  |  0 |  0 |  0 |  0 |  0 |          0 |                     - |
| Y4  |  0 |  0 |  0 |  0 |  0 |          0 |                     - |
| Y3  |  0 |  0 |  0 |  0 |  0 |          0 |                     - |
| Y2  |  0 |  0 |  0 |  0 |  0 |          0 |                     - |
| Y1  |  0 |  0 |  0 |  0 |  0 |          0 |                     - |
| Y0  |  0 |  0 |  0 |  0 |  0 |          0 |                     - |
+-----+----+----+----+----+----+------------+-----------------------+


30. Device Cell Placement Summary for Global Clock g22
------------------------------------------------------

+-----------+-----------------+-------------------+-----------------------------------------------------------------------------------------------------------------------------------------------------------------------------------------------------------------------------------------------------------------------------------------------------------------------------------------------------------------------------------------------------------------------------------+-------------+---------------+----------+-------------+----------+----------------+----------+--------------------------------------------------------------------------------------------------------------------------------------------------------------------------------------------------------------------------------------------------------------------------------------------------------------------------------------------------------------------------------------------------------------------+
| Global Id | Driver Type/Pin | Driver Region (D) | Clock                                                                                                                                                                                                                                                                                                                                                                                                                             | Period (ns) | Waveform (ns) | Root (R) | Slice Loads | IO Loads | Clocking Loads | GT Loads | Net                                                                                                                                                                                                                                                                                                                                                                                                                |
+-----------+-----------------+-------------------+-----------------------------------------------------------------------------------------------------------------------------------------------------------------------------------------------------------------------------------------------------------------------------------------------------------------------------------------------------------------------------------------------------------------------------------+-------------+---------------+----------+-------------+----------+----------------+----------+--------------------------------------------------------------------------------------------------------------------------------------------------------------------------------------------------------------------------------------------------------------------------------------------------------------------------------------------------------------------------------------------------------------------+
| g22       | BUFG_GT/O       | X5Y8              | bd_i/xdma_0/inst/pcie4_ip_i/inst/bd_xdma_0_0_pcie4_ip_gt_top_i/diablo_gt.diablo_gt_phy_wrapper/gt_wizard.gtwizard_top_i/bd_xdma_0_0_pcie4_ip_gt_i/inst/gen_gtwizard_gtye4_top.bd_xdma_0_0_pcie4_ip_gt_gtwizard_gtye4_inst/gen_gtwizard_gtye4.gen_cpll_cal_gtye4.gen_cpll_cal_inst[5].gen_inst_cpll_cal.gtwizard_ultrascale_v1_7_19_gtye4_cpll_cal_inst/gtwizard_ultrascale_v1_7_19_gtye4_cpll_cal_tx_i/bufg_gt_txoutclkmon_inst/O |       8.000 | {0.000 4.000} | X5Y8     |          31 |        0 |              0 |        0 | bd_i/xdma_0/inst/pcie4_ip_i/inst/bd_xdma_0_0_pcie4_ip_gt_top_i/diablo_gt.diablo_gt_phy_wrapper/gt_wizard.gtwizard_top_i/bd_xdma_0_0_pcie4_ip_gt_i/inst/gen_gtwizard_gtye4_top.bd_xdma_0_0_pcie4_ip_gt_gtwizard_gtye4_inst/gen_gtwizard_gtye4.gen_cpll_cal_gtye4.gen_cpll_cal_inst[5].gen_inst_cpll_cal.gtwizard_ultrascale_v1_7_19_gtye4_cpll_cal_inst/gtwizard_ultrascale_v1_7_19_gtye4_cpll_cal_tx_i/txoutclkmon |
+-----------+-----------------+-------------------+-----------------------------------------------------------------------------------------------------------------------------------------------------------------------------------------------------------------------------------------------------------------------------------------------------------------------------------------------------------------------------------------------------------------------------------+-------------+---------------+----------+-------------+----------+----------------+----------+--------------------------------------------------------------------------------------------------------------------------------------------------------------------------------------------------------------------------------------------------------------------------------------------------------------------------------------------------------------------------------------------------------------------+
* Slice Loads column represents load cell count of all cell types other than IO, GT and clock resources
** IO Loads column represents load cell count of IO types
*** Clocking Loads column represents load cell count that are clock resources (global clock buffer, MMCM, PLL, etc)
**** GT Loads column represents load cell count of GT types


+-----+----+----+----+----+----+------------+-----------------------+
|     | X0 | X1 | X2 | X3 | X4 | X5         | HORIZONTAL PROG DELAY |
+-----+----+----+----+----+----+------------+-----------------------+
| Y14 |  0 |  0 |  0 |  0 |  0 |          0 |                     - |
| Y13 |  0 |  0 |  0 |  0 |  0 |          0 |                     - |
| Y12 |  0 |  0 |  0 |  0 |  0 |          0 |                     - |
| Y11 |  0 |  0 |  0 |  0 |  0 |          0 |                     - |
| Y10 |  0 |  0 |  0 |  0 |  0 |          0 |                     - |
| Y9  |  0 |  0 |  0 |  0 |  0 |          0 |                     - |
| Y8  |  0 |  0 |  0 |  0 |  0 | (R) (D) 31 |                     0 |
| Y7  |  0 |  0 |  0 |  0 |  0 |          0 |                     - |
| Y6  |  0 |  0 |  0 |  0 |  0 |          0 |                     - |
| Y5  |  0 |  0 |  0 |  0 |  0 |          0 |                     - |
| Y4  |  0 |  0 |  0 |  0 |  0 |          0 |                     - |
| Y3  |  0 |  0 |  0 |  0 |  0 |          0 |                     - |
| Y2  |  0 |  0 |  0 |  0 |  0 |          0 |                     - |
| Y1  |  0 |  0 |  0 |  0 |  0 |          0 |                     - |
| Y0  |  0 |  0 |  0 |  0 |  0 |          0 |                     - |
+-----+----+----+----+----+----+------------+-----------------------+


31. Device Cell Placement Summary for Global Clock g23
------------------------------------------------------

+-----------+-----------------+-------------------+-----------------------------------------------------------------------------------------------------------------------------------------------------------------------------------------------------------------------------------------------------------------------------------------------------------------------------------------------------------------------------------------------------------------------------------+-------------+---------------+----------+-------------+----------+----------------+----------+--------------------------------------------------------------------------------------------------------------------------------------------------------------------------------------------------------------------------------------------------------------------------------------------------------------------------------------------------------------------------------------------------------------------+
| Global Id | Driver Type/Pin | Driver Region (D) | Clock                                                                                                                                                                                                                                                                                                                                                                                                                             | Period (ns) | Waveform (ns) | Root (R) | Slice Loads | IO Loads | Clocking Loads | GT Loads | Net                                                                                                                                                                                                                                                                                                                                                                                                                |
+-----------+-----------------+-------------------+-----------------------------------------------------------------------------------------------------------------------------------------------------------------------------------------------------------------------------------------------------------------------------------------------------------------------------------------------------------------------------------------------------------------------------------+-------------+---------------+----------+-------------+----------+----------------+----------+--------------------------------------------------------------------------------------------------------------------------------------------------------------------------------------------------------------------------------------------------------------------------------------------------------------------------------------------------------------------------------------------------------------------+
| g23       | BUFG_GT/O       | X5Y8              | bd_i/xdma_0/inst/pcie4_ip_i/inst/bd_xdma_0_0_pcie4_ip_gt_top_i/diablo_gt.diablo_gt_phy_wrapper/gt_wizard.gtwizard_top_i/bd_xdma_0_0_pcie4_ip_gt_i/inst/gen_gtwizard_gtye4_top.bd_xdma_0_0_pcie4_ip_gt_gtwizard_gtye4_inst/gen_gtwizard_gtye4.gen_cpll_cal_gtye4.gen_cpll_cal_inst[6].gen_inst_cpll_cal.gtwizard_ultrascale_v1_7_19_gtye4_cpll_cal_inst/gtwizard_ultrascale_v1_7_19_gtye4_cpll_cal_tx_i/bufg_gt_txoutclkmon_inst/O |       8.000 | {0.000 4.000} | X5Y8     |          31 |        0 |              0 |        0 | bd_i/xdma_0/inst/pcie4_ip_i/inst/bd_xdma_0_0_pcie4_ip_gt_top_i/diablo_gt.diablo_gt_phy_wrapper/gt_wizard.gtwizard_top_i/bd_xdma_0_0_pcie4_ip_gt_i/inst/gen_gtwizard_gtye4_top.bd_xdma_0_0_pcie4_ip_gt_gtwizard_gtye4_inst/gen_gtwizard_gtye4.gen_cpll_cal_gtye4.gen_cpll_cal_inst[6].gen_inst_cpll_cal.gtwizard_ultrascale_v1_7_19_gtye4_cpll_cal_inst/gtwizard_ultrascale_v1_7_19_gtye4_cpll_cal_tx_i/txoutclkmon |
+-----------+-----------------+-------------------+-----------------------------------------------------------------------------------------------------------------------------------------------------------------------------------------------------------------------------------------------------------------------------------------------------------------------------------------------------------------------------------------------------------------------------------+-------------+---------------+----------+-------------+----------+----------------+----------+--------------------------------------------------------------------------------------------------------------------------------------------------------------------------------------------------------------------------------------------------------------------------------------------------------------------------------------------------------------------------------------------------------------------+
* Slice Loads column represents load cell count of all cell types other than IO, GT and clock resources
** IO Loads column represents load cell count of IO types
*** Clocking Loads column represents load cell count that are clock resources (global clock buffer, MMCM, PLL, etc)
**** GT Loads column represents load cell count of GT types


+-----+----+----+----+----+----+------------+-----------------------+
|     | X0 | X1 | X2 | X3 | X4 | X5         | HORIZONTAL PROG DELAY |
+-----+----+----+----+----+----+------------+-----------------------+
| Y14 |  0 |  0 |  0 |  0 |  0 |          0 |                     - |
| Y13 |  0 |  0 |  0 |  0 |  0 |          0 |                     - |
| Y12 |  0 |  0 |  0 |  0 |  0 |          0 |                     - |
| Y11 |  0 |  0 |  0 |  0 |  0 |          0 |                     - |
| Y10 |  0 |  0 |  0 |  0 |  0 |          0 |                     - |
| Y9  |  0 |  0 |  0 |  0 |  0 |          0 |                     - |
| Y8  |  0 |  0 |  0 |  0 |  0 | (R) (D) 31 |                     0 |
| Y7  |  0 |  0 |  0 |  0 |  0 |          0 |                     - |
| Y6  |  0 |  0 |  0 |  0 |  0 |          0 |                     - |
| Y5  |  0 |  0 |  0 |  0 |  0 |          0 |                     - |
| Y4  |  0 |  0 |  0 |  0 |  0 |          0 |                     - |
| Y3  |  0 |  0 |  0 |  0 |  0 |          0 |                     - |
| Y2  |  0 |  0 |  0 |  0 |  0 |          0 |                     - |
| Y1  |  0 |  0 |  0 |  0 |  0 |          0 |                     - |
| Y0  |  0 |  0 |  0 |  0 |  0 |          0 |                     - |
+-----+----+----+----+----+----+------------+-----------------------+


32. Device Cell Placement Summary for Global Clock g24
------------------------------------------------------

+-----------+-----------------+-------------------+--------------------+-------------+---------------+----------+-------------+----------+----------------+----------+--------------------------------------------------------------------------------+
| Global Id | Driver Type/Pin | Driver Region (D) | Clock              | Period (ns) | Waveform (ns) | Root (R) | Slice Loads | IO Loads | Clocking Loads | GT Loads | Net                                                                            |
+-----------+-----------------+-------------------+--------------------+-------------+---------------+----------+-------------+----------+----------------+----------+--------------------------------------------------------------------------------+
| g24       | BUFGCE/O        | X2Y3              | dimm0_refclk_clk_p |       3.332 | {0.000 1.666} | X2Y3     |          17 |        0 |              1 |        0 | bd_i/ddr4_0/inst/u_ddr4_mem_intfc/u_mig_ddr4_phy/inst/u_ddr4_phy_pll/xlnx_opt_ |
+-----------+-----------------+-------------------+--------------------+-------------+---------------+----------+-------------+----------+----------------+----------+--------------------------------------------------------------------------------+
* Slice Loads column represents load cell count of all cell types other than IO, GT and clock resources
** IO Loads column represents load cell count of IO types
*** Clocking Loads column represents load cell count that are clock resources (global clock buffer, MMCM, PLL, etc)
**** GT Loads column represents load cell count of GT types


+-----+----+----+------------+----+----+----+-----------------------+
|     | X0 | X1 | X2         | X3 | X4 | X5 | HORIZONTAL PROG DELAY |
+-----+----+----+------------+----+----+----+-----------------------+
| Y14 |  0 |  0 |          0 |  0 |  0 |  0 |                     - |
| Y13 |  0 |  0 |          0 |  0 |  0 |  0 |                     - |
| Y12 |  0 |  0 |          0 |  0 |  0 |  0 |                     - |
| Y11 |  0 |  0 |          0 |  0 |  0 |  0 |                     - |
| Y10 |  0 |  0 |          0 |  0 |  0 |  0 |                     - |
| Y9  |  0 |  0 |          0 |  0 |  0 |  0 |                     - |
| Y8  |  0 |  0 |          0 |  0 |  0 |  0 |                     - |
| Y7  |  0 |  0 |          0 |  0 |  0 |  0 |                     - |
| Y6  |  0 |  0 |          0 |  0 |  0 |  0 |                     - |
| Y5  |  0 |  0 |          0 |  0 |  0 |  0 |                     - |
| Y4  |  0 |  0 |          0 |  0 |  0 |  0 |                     - |
| Y3  |  0 |  0 | (R) (D) 17 |  0 |  0 |  0 |                     1 |
| Y2  |  0 |  0 |          1 |  0 |  0 |  0 |                     0 |
| Y1  |  0 |  0 |          0 |  0 |  0 |  0 |                     - |
| Y0  |  0 |  0 |          0 |  0 |  0 |  0 |                     - |
+-----+----+----+------------+----+----+----+-----------------------+


33. Device Cell Placement Summary for Global Clock g25
------------------------------------------------------

+-----------+-----------------+-------------------+--------------------+-------------+---------------+----------+-------------+----------+----------------+----------+--------------------------------------------------------------------------------+
| Global Id | Driver Type/Pin | Driver Region (D) | Clock              | Period (ns) | Waveform (ns) | Root (R) | Slice Loads | IO Loads | Clocking Loads | GT Loads | Net                                                                            |
+-----------+-----------------+-------------------+--------------------+-------------+---------------+----------+-------------+----------+----------------+----------+--------------------------------------------------------------------------------+
| g25       | BUFGCE/O        | X4Y5              | dimm1_refclk_clk_p |       3.332 | {0.000 1.666} | X4Y7     |          17 |        0 |              1 |        0 | bd_i/ddr4_1/inst/u_ddr4_mem_intfc/u_mig_ddr4_phy/inst/u_ddr4_phy_pll/xlnx_opt_ |
+-----------+-----------------+-------------------+--------------------+-------------+---------------+----------+-------------+----------+----------------+----------+--------------------------------------------------------------------------------+
* Slice Loads column represents load cell count of all cell types other than IO, GT and clock resources
** IO Loads column represents load cell count of IO types
*** Clocking Loads column represents load cell count that are clock resources (global clock buffer, MMCM, PLL, etc)
**** GT Loads column represents load cell count of GT types


+-----+----+----+----+----+--------+----+-----------------------+
|     | X0 | X1 | X2 | X3 | X4     | X5 | HORIZONTAL PROG DELAY |
+-----+----+----+----+----+--------+----+-----------------------+
| Y14 |  0 |  0 |  0 |  0 |      0 |  0 |                     - |
| Y13 |  0 |  0 |  0 |  0 |      0 |  0 |                     - |
| Y12 |  0 |  0 |  0 |  0 |      0 |  0 |                     - |
| Y11 |  0 |  0 |  0 |  0 |      0 |  0 |                     - |
| Y10 |  0 |  0 |  0 |  0 |      0 |  0 |                     - |
| Y9  |  0 |  0 |  0 |  0 |      0 |  0 |                     - |
| Y8  |  0 |  0 |  0 |  0 |      0 |  0 |                     - |
| Y7  |  0 |  0 |  0 |  0 | (R) 18 |  0 |                     0 |
| Y6  |  0 |  0 |  0 |  0 |      0 |  0 |                     - |
| Y5  |  0 |  0 |  0 |  0 |  (D) 0 |  0 |                     - |
| Y4  |  0 |  0 |  0 |  0 |      0 |  0 |                     - |
| Y3  |  0 |  0 |  0 |  0 |      0 |  0 |                     - |
| Y2  |  0 |  0 |  0 |  0 |      0 |  0 |                     - |
| Y1  |  0 |  0 |  0 |  0 |      0 |  0 |                     - |
| Y0  |  0 |  0 |  0 |  0 |      0 |  0 |                     - |
+-----+----+----+----+----+--------+----+-----------------------+


34. Device Cell Placement Summary for Global Clock g26
------------------------------------------------------

+-----------+-----------------+-------------------+--------------------+-------------+---------------+----------+-------------+----------+----------------+----------+--------------------------------------------------------+
| Global Id | Driver Type/Pin | Driver Region (D) | Clock              | Period (ns) | Waveform (ns) | Root (R) | Slice Loads | IO Loads | Clocking Loads | GT Loads | Net                                                    |
+-----------+-----------------+-------------------+--------------------+-------------+---------------+----------+-------------+----------+----------------+----------+--------------------------------------------------------+
| g26       | BUFGCE/O        | X2Y8              | dimm2_refclk_clk_p |       3.332 | {0.000 1.666} | X2Y8     |          17 |        0 |              0 |        0 | bd_i/ddr4_2/inst/u_ddr4_infrastructure/sys_clk_in_bufg |
+-----------+-----------------+-------------------+--------------------+-------------+---------------+----------+-------------+----------+----------------+----------+--------------------------------------------------------+
* Slice Loads column represents load cell count of all cell types other than IO, GT and clock resources
** IO Loads column represents load cell count of IO types
*** Clocking Loads column represents load cell count that are clock resources (global clock buffer, MMCM, PLL, etc)
**** GT Loads column represents load cell count of GT types


+-----+----+----+------------+----+----+----+-----------------------+
|     | X0 | X1 | X2         | X3 | X4 | X5 | HORIZONTAL PROG DELAY |
+-----+----+----+------------+----+----+----+-----------------------+
| Y14 |  0 |  0 |          0 |  0 |  0 |  0 |                     - |
| Y13 |  0 |  0 |          0 |  0 |  0 |  0 |                     - |
| Y12 |  0 |  0 |          0 |  0 |  0 |  0 |                     - |
| Y11 |  0 |  0 |          0 |  0 |  0 |  0 |                     - |
| Y10 |  0 |  0 |          0 |  0 |  0 |  0 |                     - |
| Y9  |  0 |  0 |          1 |  0 |  0 |  0 |                     0 |
| Y8  |  0 |  0 | (R) (D) 16 |  0 |  0 |  0 |                     0 |
| Y7  |  0 |  0 |          0 |  0 |  0 |  0 |                     - |
| Y6  |  0 |  0 |          0 |  0 |  0 |  0 |                     - |
| Y5  |  0 |  0 |          0 |  0 |  0 |  0 |                     - |
| Y4  |  0 |  0 |          0 |  0 |  0 |  0 |                     - |
| Y3  |  0 |  0 |          0 |  0 |  0 |  0 |                     - |
| Y2  |  0 |  0 |          0 |  0 |  0 |  0 |                     - |
| Y1  |  0 |  0 |          0 |  0 |  0 |  0 |                     - |
| Y0  |  0 |  0 |          0 |  0 |  0 |  0 |                     - |
+-----+----+----+------------+----+----+----+-----------------------+


35. Device Cell Placement Summary for Global Clock g27
------------------------------------------------------

+-----------+-----------------+-------------------+--------------------+-------------+---------------+----------+-------------+----------+----------------+----------+--------------------------------------------------------------------------------+
| Global Id | Driver Type/Pin | Driver Region (D) | Clock              | Period (ns) | Waveform (ns) | Root (R) | Slice Loads | IO Loads | Clocking Loads | GT Loads | Net                                                                            |
+-----------+-----------------+-------------------+--------------------+-------------+---------------+----------+-------------+----------+----------------+----------+--------------------------------------------------------------------------------+
| g27       | BUFGCE/O        | X4Y11             | dimm3_refclk_clk_p |       3.332 | {0.000 1.666} | X4Y11    |          17 |        0 |              1 |        0 | bd_i/ddr4_3/inst/u_ddr4_mem_intfc/u_mig_ddr4_phy/inst/u_ddr4_phy_pll/xlnx_opt_ |
+-----------+-----------------+-------------------+--------------------+-------------+---------------+----------+-------------+----------+----------------+----------+--------------------------------------------------------------------------------+
* Slice Loads column represents load cell count of all cell types other than IO, GT and clock resources
** IO Loads column represents load cell count of IO types
*** Clocking Loads column represents load cell count that are clock resources (global clock buffer, MMCM, PLL, etc)
**** GT Loads column represents load cell count of GT types


+-----+----+----+----+----+------------+----+-----------------------+
|     | X0 | X1 | X2 | X3 | X4         | X5 | HORIZONTAL PROG DELAY |
+-----+----+----+----+----+------------+----+-----------------------+
| Y14 |  0 |  0 |  0 |  0 |          0 |  0 |                     - |
| Y13 |  0 |  0 |  0 |  0 |          0 |  0 |                     - |
| Y12 |  0 |  0 |  0 |  0 |          3 |  0 |                     0 |
| Y11 |  0 |  0 |  0 |  0 | (R) (D) 15 |  0 |                     0 |
| Y10 |  0 |  0 |  0 |  0 |          0 |  0 |                     - |
| Y9  |  0 |  0 |  0 |  0 |          0 |  0 |                     - |
| Y8  |  0 |  0 |  0 |  0 |          0 |  0 |                     - |
| Y7  |  0 |  0 |  0 |  0 |          0 |  0 |                     - |
| Y6  |  0 |  0 |  0 |  0 |          0 |  0 |                     - |
| Y5  |  0 |  0 |  0 |  0 |          0 |  0 |                     - |
| Y4  |  0 |  0 |  0 |  0 |          0 |  0 |                     - |
| Y3  |  0 |  0 |  0 |  0 |          0 |  0 |                     - |
| Y2  |  0 |  0 |  0 |  0 |          0 |  0 |                     - |
| Y1  |  0 |  0 |  0 |  0 |          0 |  0 |                     - |
| Y0  |  0 |  0 |  0 |  0 |          0 |  0 |                     - |
+-----+----+----+----+----+------------+----+-----------------------+


36. Clock Region Cell Placement per Global Clock: Region X0Y0
-------------------------------------------------------------

+-----------+-------+-----------------+------------+-------------+-----------------+-----+-------------+------+------+-----+----+------+-----+---------+----------------------------------------------------------------------------------------------------------------------+
| Global Id | Track | Driver Type/Pin | Constraint | Clock Loads | Non-Clock Loads | FF  | Memory LUTs | RAMB | URAM | DSP | GT | MMCM | PLL | Hard IP | Net                                                                                                                  |
+-----------+-------+-----------------+------------+-------------+-----------------+-----+-------------+------+------+-----+----+------+-----+---------+----------------------------------------------------------------------------------------------------------------------+
| g0        | 6     | BUFG_GT/O       | None       |         945 |               0 | 873 |          10 |    2 |    0 |  60 |  0 |    0 |   0 |       0 | bd_i/xdma_0/inst/pcie4_ip_i/inst/bd_xdma_0_0_pcie4_ip_gt_top_i/diablo_gt.diablo_gt_phy_wrapper/phy_clk_i/PHY_USERCLK |
+-----------+-------+-----------------+------------+-------------+-----------------+-----+-------------+------+------+-----+----+------+-----+---------+----------------------------------------------------------------------------------------------------------------------+
* Clock Loads column represents cell count of net connects that connect to a clock pin. Internal cell leaf pins are not considered
** Non-Clock Loads column represents cell count of non-clock pin loads
*** Columns FF, LUTRAM, RAMB through 'Hard IP' represents load cell counts


37. Clock Region Cell Placement per Global Clock: Region X1Y0
-------------------------------------------------------------

+-----------+-------+-----------------+------------+-------------+-----------------+------+-------------+------+------+-----+----+------+-----+---------+----------------------------------------------------------------------------------------------------------------------+
| Global Id | Track | Driver Type/Pin | Constraint | Clock Loads | Non-Clock Loads | FF   | Memory LUTs | RAMB | URAM | DSP | GT | MMCM | PLL | Hard IP | Net                                                                                                                  |
+-----------+-------+-----------------+------------+-------------+-----------------+------+-------------+------+------+-----+----+------+-----+---------+----------------------------------------------------------------------------------------------------------------------+
| g0        | 6     | BUFG_GT/O       | None       |        2402 |               0 | 2264 |          63 |    3 |    0 |  72 |  0 |    0 |   0 |       0 | bd_i/xdma_0/inst/pcie4_ip_i/inst/bd_xdma_0_0_pcie4_ip_gt_top_i/diablo_gt.diablo_gt_phy_wrapper/phy_clk_i/PHY_USERCLK |
+-----------+-------+-----------------+------------+-------------+-----------------+------+-------------+------+------+-----+----+------+-----+---------+----------------------------------------------------------------------------------------------------------------------+
* Clock Loads column represents cell count of net connects that connect to a clock pin. Internal cell leaf pins are not considered
** Non-Clock Loads column represents cell count of non-clock pin loads
*** Columns FF, LUTRAM, RAMB through 'Hard IP' represents load cell counts


38. Clock Region Cell Placement per Global Clock: Region X2Y0
-------------------------------------------------------------

+-----------+-------+-----------------+------------+-------------+-----------------+------+-------------+------+------+-----+----+------+-----+---------+----------------------------------------------------------------------------------------------------------------------+
| Global Id | Track | Driver Type/Pin | Constraint | Clock Loads | Non-Clock Loads | FF   | Memory LUTs | RAMB | URAM | DSP | GT | MMCM | PLL | Hard IP | Net                                                                                                                  |
+-----------+-------+-----------------+------------+-------------+-----------------+------+-------------+------+------+-----+----+------+-----+---------+----------------------------------------------------------------------------------------------------------------------+
| g0        | 6     | BUFG_GT/O       | None       |        2524 |               0 | 2351 |         104 |    0 |    8 |  69 |  0 |    0 |   0 |       0 | bd_i/xdma_0/inst/pcie4_ip_i/inst/bd_xdma_0_0_pcie4_ip_gt_top_i/diablo_gt.diablo_gt_phy_wrapper/phy_clk_i/PHY_USERCLK |
+-----------+-------+-----------------+------------+-------------+-----------------+------+-------------+------+------+-----+----+------+-----+---------+----------------------------------------------------------------------------------------------------------------------+
* Clock Loads column represents cell count of net connects that connect to a clock pin. Internal cell leaf pins are not considered
** Non-Clock Loads column represents cell count of non-clock pin loads
*** Columns FF, LUTRAM, RAMB through 'Hard IP' represents load cell counts


39. Clock Region Cell Placement per Global Clock: Region X3Y0
-------------------------------------------------------------

+-----------+-------+-----------------+------------+-------------+-----------------+------+-------------+------+------+-----+----+------+-----+---------+----------------------------------------------------------------------------------------------------------------------+
| Global Id | Track | Driver Type/Pin | Constraint | Clock Loads | Non-Clock Loads | FF   | Memory LUTs | RAMB | URAM | DSP | GT | MMCM | PLL | Hard IP | Net                                                                                                                  |
+-----------+-------+-----------------+------------+-------------+-----------------+------+-------------+------+------+-----+----+------+-----+---------+----------------------------------------------------------------------------------------------------------------------+
| g0        | 6     | BUFG_GT/O       | None       |        1704 |               0 | 1593 |          54 |    0 |    0 |  57 |  0 |    0 |   0 |       0 | bd_i/xdma_0/inst/pcie4_ip_i/inst/bd_xdma_0_0_pcie4_ip_gt_top_i/diablo_gt.diablo_gt_phy_wrapper/phy_clk_i/PHY_USERCLK |
+-----------+-------+-----------------+------------+-------------+-----------------+------+-------------+------+------+-----+----+------+-----+---------+----------------------------------------------------------------------------------------------------------------------+
* Clock Loads column represents cell count of net connects that connect to a clock pin. Internal cell leaf pins are not considered
** Non-Clock Loads column represents cell count of non-clock pin loads
*** Columns FF, LUTRAM, RAMB through 'Hard IP' represents load cell counts


40. Clock Region Cell Placement per Global Clock: Region X4Y0
-------------------------------------------------------------

+-----------+-------+-----------------+------------+-------------+-----------------+-----+-------------+------+------+-----+----+------+-----+---------+----------------------------------------------------------------------------------------------------------------------+
| Global Id | Track | Driver Type/Pin | Constraint | Clock Loads | Non-Clock Loads | FF  | Memory LUTs | RAMB | URAM | DSP | GT | MMCM | PLL | Hard IP | Net                                                                                                                  |
+-----------+-------+-----------------+------------+-------------+-----------------+-----+-------------+------+------+-----+----+------+-----+---------+----------------------------------------------------------------------------------------------------------------------+
| g0        | 6     | BUFG_GT/O       | None       |         384 |               0 | 312 |           0 |    0 |    0 |  72 |  0 |    0 |   0 |       0 | bd_i/xdma_0/inst/pcie4_ip_i/inst/bd_xdma_0_0_pcie4_ip_gt_top_i/diablo_gt.diablo_gt_phy_wrapper/phy_clk_i/PHY_USERCLK |
+-----------+-------+-----------------+------------+-------------+-----------------+-----+-------------+------+------+-----+----+------+-----+---------+----------------------------------------------------------------------------------------------------------------------+
* Clock Loads column represents cell count of net connects that connect to a clock pin. Internal cell leaf pins are not considered
** Non-Clock Loads column represents cell count of non-clock pin loads
*** Columns FF, LUTRAM, RAMB through 'Hard IP' represents load cell counts


41. Clock Region Cell Placement per Global Clock: Region X5Y0
-------------------------------------------------------------

+-----------+-------+-----------------+------------+-------------+-----------------+----+-------------+------+------+-----+----+------+-----+---------+----------------------------------------------------------------------------------------------------------------------+
| Global Id | Track | Driver Type/Pin | Constraint | Clock Loads | Non-Clock Loads | FF | Memory LUTs | RAMB | URAM | DSP | GT | MMCM | PLL | Hard IP | Net                                                                                                                  |
+-----------+-------+-----------------+------------+-------------+-----------------+----+-------------+------+------+-----+----+------+-----+---------+----------------------------------------------------------------------------------------------------------------------+
| g0        | 6     | BUFG_GT/O       | None       |          57 |               0 | 37 |           0 |    0 |    0 |  20 |  0 |    0 |   0 |       0 | bd_i/xdma_0/inst/pcie4_ip_i/inst/bd_xdma_0_0_pcie4_ip_gt_top_i/diablo_gt.diablo_gt_phy_wrapper/phy_clk_i/PHY_USERCLK |
+-----------+-------+-----------------+------------+-------------+-----------------+----+-------------+------+------+-----+----+------+-----+---------+----------------------------------------------------------------------------------------------------------------------+
* Clock Loads column represents cell count of net connects that connect to a clock pin. Internal cell leaf pins are not considered
** Non-Clock Loads column represents cell count of non-clock pin loads
*** Columns FF, LUTRAM, RAMB through 'Hard IP' represents load cell counts


42. Clock Region Cell Placement per Global Clock: Region X0Y1
-------------------------------------------------------------

+-----------+-------+-----------------+------------+-------------+-----------------+------+-------------+------+------+-----+----+------+-----+---------+----------------------------------------------------------------------------------------------------------------------+
| Global Id | Track | Driver Type/Pin | Constraint | Clock Loads | Non-Clock Loads | FF   | Memory LUTs | RAMB | URAM | DSP | GT | MMCM | PLL | Hard IP | Net                                                                                                                  |
+-----------+-------+-----------------+------------+-------------+-----------------+------+-------------+------+------+-----+----+------+-----+---------+----------------------------------------------------------------------------------------------------------------------+
| g0        | 6     | BUFG_GT/O       | None       |        1992 |               0 | 1885 |           1 |   10 |    0 |  96 |  0 |    0 |   0 |       0 | bd_i/xdma_0/inst/pcie4_ip_i/inst/bd_xdma_0_0_pcie4_ip_gt_top_i/diablo_gt.diablo_gt_phy_wrapper/phy_clk_i/PHY_USERCLK |
+-----------+-------+-----------------+------------+-------------+-----------------+------+-------------+------+------+-----+----+------+-----+---------+----------------------------------------------------------------------------------------------------------------------+
* Clock Loads column represents cell count of net connects that connect to a clock pin. Internal cell leaf pins are not considered
** Non-Clock Loads column represents cell count of non-clock pin loads
*** Columns FF, LUTRAM, RAMB through 'Hard IP' represents load cell counts


43. Clock Region Cell Placement per Global Clock: Region X1Y1
-------------------------------------------------------------

+-----------+-------+-----------------+------------+-------------+-----------------+------+-------------+------+------+-----+----+------+-----+---------+----------------------------------------------------------------------------------------------------------------------+
| Global Id | Track | Driver Type/Pin | Constraint | Clock Loads | Non-Clock Loads | FF   | Memory LUTs | RAMB | URAM | DSP | GT | MMCM | PLL | Hard IP | Net                                                                                                                  |
+-----------+-------+-----------------+------------+-------------+-----------------+------+-------------+------+------+-----+----+------+-----+---------+----------------------------------------------------------------------------------------------------------------------+
| g0        | 6     | BUFG_GT/O       | None       |        3188 |               0 | 3092 |          14 |   10 |   13 |  72 |  0 |    0 |   0 |       0 | bd_i/xdma_0/inst/pcie4_ip_i/inst/bd_xdma_0_0_pcie4_ip_gt_top_i/diablo_gt.diablo_gt_phy_wrapper/phy_clk_i/PHY_USERCLK |
+-----------+-------+-----------------+------------+-------------+-----------------+------+-------------+------+------+-----+----+------+-----+---------+----------------------------------------------------------------------------------------------------------------------+
* Clock Loads column represents cell count of net connects that connect to a clock pin. Internal cell leaf pins are not considered
** Non-Clock Loads column represents cell count of non-clock pin loads
*** Columns FF, LUTRAM, RAMB through 'Hard IP' represents load cell counts


44. Clock Region Cell Placement per Global Clock: Region X2Y1
-------------------------------------------------------------

+-----------+-------+-----------------+------------+-------------+-----------------+------+-------------+------+------+-----+----+------+-----+---------+----------------------------------------------------------------------------------------------------------------------+
| Global Id | Track | Driver Type/Pin | Constraint | Clock Loads | Non-Clock Loads | FF   | Memory LUTs | RAMB | URAM | DSP | GT | MMCM | PLL | Hard IP | Net                                                                                                                  |
+-----------+-------+-----------------+------------+-------------+-----------------+------+-------------+------+------+-----+----+------+-----+---------+----------------------------------------------------------------------------------------------------------------------+
| g0        | 6     | BUFG_GT/O       | None       |        3236 |               0 | 2939 |         219 |    6 |   15 |  72 |  0 |    0 |   0 |       0 | bd_i/xdma_0/inst/pcie4_ip_i/inst/bd_xdma_0_0_pcie4_ip_gt_top_i/diablo_gt.diablo_gt_phy_wrapper/phy_clk_i/PHY_USERCLK |
| g9        | 14    | BUFGCE/O        | None       |        3717 |               1 | 3677 |           0 |    0 |    0 |   0 |  0 |    0 |   1 |       0 | bd_i/ddr4_0/inst/u_ddr4_infrastructure/u_bufg_divClk_0                                                               |
| g11       | 22    | BUFGCE/O        | None       |         100 |               0 |   92 |           0 |    0 |    0 |   0 |  0 |    0 |   0 |       0 | bd_i/ddr4_0/inst/u_ddr4_infrastructure/c0_riu_clk                                                                    |
+-----------+-------+-----------------+------------+-------------+-----------------+------+-------------+------+------+-----+----+------+-----+---------+----------------------------------------------------------------------------------------------------------------------+
* Clock Loads column represents cell count of net connects that connect to a clock pin. Internal cell leaf pins are not considered
** Non-Clock Loads column represents cell count of non-clock pin loads
*** Columns FF, LUTRAM, RAMB through 'Hard IP' represents load cell counts


45. Clock Region Cell Placement per Global Clock: Region X3Y1
-------------------------------------------------------------

+-----------+-------+-----------------+------------+-------------+-----------------+------+-------------+------+------+-----+----+------+-----+---------+----------------------------------------------------------------------------------------------------------------------+
| Global Id | Track | Driver Type/Pin | Constraint | Clock Loads | Non-Clock Loads | FF   | Memory LUTs | RAMB | URAM | DSP | GT | MMCM | PLL | Hard IP | Net                                                                                                                  |
+-----------+-------+-----------------+------------+-------------+-----------------+------+-------------+------+------+-----+----+------+-----+---------+----------------------------------------------------------------------------------------------------------------------+
| g0        | 6     | BUFG_GT/O       | None       |        3093 |               0 | 2842 |         179 |    0 |    3 |  72 |  0 |    0 |   0 |       0 | bd_i/xdma_0/inst/pcie4_ip_i/inst/bd_xdma_0_0_pcie4_ip_gt_top_i/diablo_gt.diablo_gt_phy_wrapper/phy_clk_i/PHY_USERCLK |
| g9+       | 14    | BUFGCE/O        | None       |           0 |               0 |    0 |           0 |    0 |    0 |   0 |  0 |    0 |   0 |       0 | bd_i/ddr4_0/inst/u_ddr4_infrastructure/u_bufg_divClk_0                                                               |
| g11+      | 22    | BUFGCE/O        | None       |           0 |               0 |    0 |           0 |    0 |    0 |   0 |  0 |    0 |   0 |       0 | bd_i/ddr4_0/inst/u_ddr4_infrastructure/c0_riu_clk                                                                    |
+-----------+-------+-----------------+------------+-------------+-----------------+------+-------------+------+------+-----+----+------+-----+---------+----------------------------------------------------------------------------------------------------------------------+
* Clock Loads column represents cell count of net connects that connect to a clock pin. Internal cell leaf pins are not considered
** Non-Clock Loads column represents cell count of non-clock pin loads
*** Columns FF, LUTRAM, RAMB through 'Hard IP' represents load cell counts
**** In Global Id column, sympbol '+' indicates that global clock was used only to route through the clock region.


46. Clock Region Cell Placement per Global Clock: Region X4Y1
-------------------------------------------------------------

+-----------+-------+-----------------+------------+-------------+-----------------+------+-------------+------+------+-----+----+------+-----+---------+----------------------------------------------------------------------------------------------------------------------+
| Global Id | Track | Driver Type/Pin | Constraint | Clock Loads | Non-Clock Loads | FF   | Memory LUTs | RAMB | URAM | DSP | GT | MMCM | PLL | Hard IP | Net                                                                                                                  |
+-----------+-------+-----------------+------------+-------------+-----------------+------+-------------+------+------+-----+----+------+-----+---------+----------------------------------------------------------------------------------------------------------------------+
| g0        | 6     | BUFG_GT/O       | None       |        2081 |               0 | 2000 |           9 |    0 |    9 |  72 |  0 |    0 |   0 |       0 | bd_i/xdma_0/inst/pcie4_ip_i/inst/bd_xdma_0_0_pcie4_ip_gt_top_i/diablo_gt.diablo_gt_phy_wrapper/phy_clk_i/PHY_USERCLK |
| g9        | 14    | BUFGCE/O        | None       |           6 |               0 |    6 |           0 |    0 |    0 |   0 |  0 |    0 |   0 |       0 | bd_i/ddr4_0/inst/u_ddr4_infrastructure/u_bufg_divClk_0                                                               |
+-----------+-------+-----------------+------------+-------------+-----------------+------+-------------+------+------+-----+----+------+-----+---------+----------------------------------------------------------------------------------------------------------------------+
* Clock Loads column represents cell count of net connects that connect to a clock pin. Internal cell leaf pins are not considered
** Non-Clock Loads column represents cell count of non-clock pin loads
*** Columns FF, LUTRAM, RAMB through 'Hard IP' represents load cell counts


47. Clock Region Cell Placement per Global Clock: Region X5Y1
-------------------------------------------------------------

+-----------+-------+-----------------+------------+-------------+-----------------+-----+-------------+------+------+-----+----+------+-----+---------+----------------------------------------------------------------------------------------------------------------------+
| Global Id | Track | Driver Type/Pin | Constraint | Clock Loads | Non-Clock Loads | FF  | Memory LUTs | RAMB | URAM | DSP | GT | MMCM | PLL | Hard IP | Net                                                                                                                  |
+-----------+-------+-----------------+------------+-------------+-----------------+-----+-------------+------+------+-----+----+------+-----+---------+----------------------------------------------------------------------------------------------------------------------+
| g0        | 6     | BUFG_GT/O       | None       |         286 |               0 | 259 |           0 |    0 |    0 |  27 |  0 |    0 |   0 |       0 | bd_i/xdma_0/inst/pcie4_ip_i/inst/bd_xdma_0_0_pcie4_ip_gt_top_i/diablo_gt.diablo_gt_phy_wrapper/phy_clk_i/PHY_USERCLK |
+-----------+-------+-----------------+------------+-------------+-----------------+-----+-------------+------+------+-----+----+------+-----+---------+----------------------------------------------------------------------------------------------------------------------+
* Clock Loads column represents cell count of net connects that connect to a clock pin. Internal cell leaf pins are not considered
** Non-Clock Loads column represents cell count of non-clock pin loads
*** Columns FF, LUTRAM, RAMB through 'Hard IP' represents load cell counts


48. Clock Region Cell Placement per Global Clock: Region X0Y2
-------------------------------------------------------------

+-----------+-------+-----------------+------------+-------------+-----------------+------+-------------+------+------+-----+----+------+-----+---------+----------------------------------------------------------------------------------------------------------------------+
| Global Id | Track | Driver Type/Pin | Constraint | Clock Loads | Non-Clock Loads | FF   | Memory LUTs | RAMB | URAM | DSP | GT | MMCM | PLL | Hard IP | Net                                                                                                                  |
+-----------+-------+-----------------+------------+-------------+-----------------+------+-------------+------+------+-----+----+------+-----+---------+----------------------------------------------------------------------------------------------------------------------+
| g0        | 6     | BUFG_GT/O       | None       |        3481 |               0 | 3355 |           0 |   28 |    0 |  98 |  0 |    0 |   0 |       0 | bd_i/xdma_0/inst/pcie4_ip_i/inst/bd_xdma_0_0_pcie4_ip_gt_top_i/diablo_gt.diablo_gt_phy_wrapper/phy_clk_i/PHY_USERCLK |
+-----------+-------+-----------------+------------+-------------+-----------------+------+-------------+------+------+-----+----+------+-----+---------+----------------------------------------------------------------------------------------------------------------------+
* Clock Loads column represents cell count of net connects that connect to a clock pin. Internal cell leaf pins are not considered
** Non-Clock Loads column represents cell count of non-clock pin loads
*** Columns FF, LUTRAM, RAMB through 'Hard IP' represents load cell counts


49. Clock Region Cell Placement per Global Clock: Region X1Y2
-------------------------------------------------------------

+-----------+-------+-----------------+------------+-------------+-----------------+------+-------------+------+------+-----+----+------+-----+---------+----------------------------------------------------------------------------------------------------------------------+
| Global Id | Track | Driver Type/Pin | Constraint | Clock Loads | Non-Clock Loads | FF   | Memory LUTs | RAMB | URAM | DSP | GT | MMCM | PLL | Hard IP | Net                                                                                                                  |
+-----------+-------+-----------------+------------+-------------+-----------------+------+-------------+------+------+-----+----+------+-----+---------+----------------------------------------------------------------------------------------------------------------------+
| g0        | 6     | BUFG_GT/O       | None       |        4536 |               0 | 4438 |          16 |   11 |   16 |  71 |  0 |    0 |   0 |       0 | bd_i/xdma_0/inst/pcie4_ip_i/inst/bd_xdma_0_0_pcie4_ip_gt_top_i/diablo_gt.diablo_gt_phy_wrapper/phy_clk_i/PHY_USERCLK |
+-----------+-------+-----------------+------------+-------------+-----------------+------+-------------+------+------+-----+----+------+-----+---------+----------------------------------------------------------------------------------------------------------------------+
* Clock Loads column represents cell count of net connects that connect to a clock pin. Internal cell leaf pins are not considered
** Non-Clock Loads column represents cell count of non-clock pin loads
*** Columns FF, LUTRAM, RAMB through 'Hard IP' represents load cell counts


50. Clock Region Cell Placement per Global Clock: Region X2Y2
-------------------------------------------------------------

+-----------+-------+-----------------+------------+-------------+-----------------+------+-------------+------+------+-----+----+------+-----+---------+-----------------------------------------------------------------------------------------------------------------------+
| Global Id | Track | Driver Type/Pin | Constraint | Clock Loads | Non-Clock Loads | FF   | Memory LUTs | RAMB | URAM | DSP | GT | MMCM | PLL | Hard IP | Net                                                                                                                   |
+-----------+-------+-----------------+------------+-------------+-----------------+------+-------------+------+------+-----+----+------+-----+---------+-----------------------------------------------------------------------------------------------------------------------+
| g0        | 6     | BUFG_GT/O       | None       |        2266 |               0 | 2171 |          22 |    1 |   16 |  72 |  0 |    0 |   0 |       0 | bd_i/xdma_0/inst/pcie4_ip_i/inst/bd_xdma_0_0_pcie4_ip_gt_top_i/diablo_gt.diablo_gt_phy_wrapper/phy_clk_i/PHY_USERCLK  |
| g9        | 14    | BUFGCE/O        | None       |        6642 |               1 | 6306 |         305 |    1 |    0 |   0 |  0 |    0 |   1 |       0 | bd_i/ddr4_0/inst/u_ddr4_infrastructure/u_bufg_divClk_0                                                                |
| g1+       | 1     | BUFG_GT/O       | None       |           0 |               0 |    0 |           0 |    0 |    0 |   0 |  0 |    0 |   0 |       0 | bd_i/xdma_0/inst/pcie4_ip_i/inst/bd_xdma_0_0_pcie4_ip_gt_top_i/diablo_gt.diablo_gt_phy_wrapper/phy_clk_i/CLK_PCLK2_GT |
| g2+       | 9     | BUFG_GT/O       | None       |           0 |               0 |    0 |           0 |    0 |    0 |   0 |  0 |    0 |   0 |       0 | bd_i/xdma_0/inst/pcie4_ip_i/inst/bd_xdma_0_0_pcie4_ip_gt_top_i/diablo_gt.diablo_gt_phy_wrapper/phy_clk_i/PHY_CORECLK  |
| g11       | 22    | BUFGCE/O        | None       |         293 |               0 |  277 |           2 |    8 |    0 |   0 |  0 |    0 |   0 |       0 | bd_i/ddr4_0/inst/u_ddr4_infrastructure/c0_riu_clk                                                                     |
| g24       | 2     | BUFGCE/O        | None       |           0 |               1 |    0 |           0 |    0 |    0 |   0 |  0 |    1 |   0 |       0 | bd_i/ddr4_0/inst/u_ddr4_mem_intfc/u_mig_ddr4_phy/inst/u_ddr4_phy_pll/xlnx_opt_                                        |
+-----------+-------+-----------------+------------+-------------+-----------------+------+-------------+------+------+-----+----+------+-----+---------+-----------------------------------------------------------------------------------------------------------------------+
* Clock Loads column represents cell count of net connects that connect to a clock pin. Internal cell leaf pins are not considered
** Non-Clock Loads column represents cell count of non-clock pin loads
*** Columns FF, LUTRAM, RAMB through 'Hard IP' represents load cell counts
**** In Global Id column, sympbol '+' indicates that global clock was used only to route through the clock region.


51. Clock Region Cell Placement per Global Clock: Region X3Y2
-------------------------------------------------------------

+-----------+-------+-----------------+------------+-------------+-----------------+------+-------------+------+------+-----+----+------+-----+---------+----------------------------------------------------------------------------------------------------------------------+
| Global Id | Track | Driver Type/Pin | Constraint | Clock Loads | Non-Clock Loads | FF   | Memory LUTs | RAMB | URAM | DSP | GT | MMCM | PLL | Hard IP | Net                                                                                                                  |
+-----------+-------+-----------------+------------+-------------+-----------------+------+-------------+------+------+-----+----+------+-----+---------+----------------------------------------------------------------------------------------------------------------------+
| g0        | 6     | BUFG_GT/O       | None       |        4137 |               0 | 4058 |           8 |    0 |    8 |  71 |  0 |    0 |   0 |       0 | bd_i/xdma_0/inst/pcie4_ip_i/inst/bd_xdma_0_0_pcie4_ip_gt_top_i/diablo_gt.diablo_gt_phy_wrapper/phy_clk_i/PHY_USERCLK |
| g9        | 14    | BUFGCE/O        | None       |          16 |               0 |   16 |           0 |    0 |    0 |   0 |  0 |    0 |   0 |       0 | bd_i/ddr4_0/inst/u_ddr4_infrastructure/u_bufg_divClk_0                                                               |
| g11+      | 22    | BUFGCE/O        | None       |           0 |               0 |    0 |           0 |    0 |    0 |   0 |  0 |    0 |   0 |       0 | bd_i/ddr4_0/inst/u_ddr4_infrastructure/c0_riu_clk                                                                    |
+-----------+-------+-----------------+------------+-------------+-----------------+------+-------------+------+------+-----+----+------+-----+---------+----------------------------------------------------------------------------------------------------------------------+
* Clock Loads column represents cell count of net connects that connect to a clock pin. Internal cell leaf pins are not considered
** Non-Clock Loads column represents cell count of non-clock pin loads
*** Columns FF, LUTRAM, RAMB through 'Hard IP' represents load cell counts
**** In Global Id column, sympbol '+' indicates that global clock was used only to route through the clock region.


52. Clock Region Cell Placement per Global Clock: Region X4Y2
-------------------------------------------------------------

+-----------+-------+-----------------+------------+-------------+-----------------+------+-------------+------+------+-----+----+------+-----+---------+----------------------------------------------------------------------------------------------------------------------+
| Global Id | Track | Driver Type/Pin | Constraint | Clock Loads | Non-Clock Loads | FF   | Memory LUTs | RAMB | URAM | DSP | GT | MMCM | PLL | Hard IP | Net                                                                                                                  |
+-----------+-------+-----------------+------------+-------------+-----------------+------+-------------+------+------+-----+----+------+-----+---------+----------------------------------------------------------------------------------------------------------------------+
| g0        | 6     | BUFG_GT/O       | None       |        1849 |               0 | 1761 |          16 |    0 |   16 |  72 |  0 |    0 |   0 |       0 | bd_i/xdma_0/inst/pcie4_ip_i/inst/bd_xdma_0_0_pcie4_ip_gt_top_i/diablo_gt.diablo_gt_phy_wrapper/phy_clk_i/PHY_USERCLK |
| g9        | 14    | BUFGCE/O        | None       |        1599 |               0 | 1599 |           0 |    0 |    0 |   0 |  0 |    0 |   0 |       0 | bd_i/ddr4_0/inst/u_ddr4_infrastructure/u_bufg_divClk_0                                                               |
+-----------+-------+-----------------+------------+-------------+-----------------+------+-------------+------+------+-----+----+------+-----+---------+----------------------------------------------------------------------------------------------------------------------+
* Clock Loads column represents cell count of net connects that connect to a clock pin. Internal cell leaf pins are not considered
** Non-Clock Loads column represents cell count of non-clock pin loads
*** Columns FF, LUTRAM, RAMB through 'Hard IP' represents load cell counts


53. Clock Region Cell Placement per Global Clock: Region X5Y2
-------------------------------------------------------------

+-----------+-------+-----------------+------------+-------------+-----------------+------+-------------+------+------+-----+----+------+-----+---------+----------------------------------------------------------------------------------------------------------------------+
| Global Id | Track | Driver Type/Pin | Constraint | Clock Loads | Non-Clock Loads | FF   | Memory LUTs | RAMB | URAM | DSP | GT | MMCM | PLL | Hard IP | Net                                                                                                                  |
+-----------+-------+-----------------+------------+-------------+-----------------+------+-------------+------+------+-----+----+------+-----+---------+----------------------------------------------------------------------------------------------------------------------+
| g0        | 6     | BUFG_GT/O       | None       |         317 |               0 |  286 |           0 |    0 |    0 |  31 |  0 |    0 |   0 |       0 | bd_i/xdma_0/inst/pcie4_ip_i/inst/bd_xdma_0_0_pcie4_ip_gt_top_i/diablo_gt.diablo_gt_phy_wrapper/phy_clk_i/PHY_USERCLK |
| g9        | 14    | BUFGCE/O        | None       |        1926 |               0 | 1926 |           0 |    0 |    0 |   0 |  0 |    0 |   0 |       0 | bd_i/ddr4_0/inst/u_ddr4_infrastructure/u_bufg_divClk_0                                                               |
+-----------+-------+-----------------+------------+-------------+-----------------+------+-------------+------+------+-----+----+------+-----+---------+----------------------------------------------------------------------------------------------------------------------+
* Clock Loads column represents cell count of net connects that connect to a clock pin. Internal cell leaf pins are not considered
** Non-Clock Loads column represents cell count of non-clock pin loads
*** Columns FF, LUTRAM, RAMB through 'Hard IP' represents load cell counts


54. Clock Region Cell Placement per Global Clock: Region X0Y3
-------------------------------------------------------------

+-----------+-------+-----------------+------------+-------------+-----------------+------+-------------+------+------+-----+----+------+-----+---------+----------------------------------------------------------------------------------------------------------------------+
| Global Id | Track | Driver Type/Pin | Constraint | Clock Loads | Non-Clock Loads | FF   | Memory LUTs | RAMB | URAM | DSP | GT | MMCM | PLL | Hard IP | Net                                                                                                                  |
+-----------+-------+-----------------+------------+-------------+-----------------+------+-------------+------+------+-----+----+------+-----+---------+----------------------------------------------------------------------------------------------------------------------+
| g0        | 6     | BUFG_GT/O       | None       |        5868 |               0 | 5752 |           0 |   16 |    0 | 100 |  0 |    0 |   0 |       0 | bd_i/xdma_0/inst/pcie4_ip_i/inst/bd_xdma_0_0_pcie4_ip_gt_top_i/diablo_gt.diablo_gt_phy_wrapper/phy_clk_i/PHY_USERCLK |
+-----------+-------+-----------------+------------+-------------+-----------------+------+-------------+------+------+-----+----+------+-----+---------+----------------------------------------------------------------------------------------------------------------------+
* Clock Loads column represents cell count of net connects that connect to a clock pin. Internal cell leaf pins are not considered
** Non-Clock Loads column represents cell count of non-clock pin loads
*** Columns FF, LUTRAM, RAMB through 'Hard IP' represents load cell counts


55. Clock Region Cell Placement per Global Clock: Region X1Y3
-------------------------------------------------------------

+-----------+-------+-----------------+------------+-------------+-----------------+------+-------------+------+------+-----+----+------+-----+---------+----------------------------------------------------------------------------------------------------------------------+
| Global Id | Track | Driver Type/Pin | Constraint | Clock Loads | Non-Clock Loads | FF   | Memory LUTs | RAMB | URAM | DSP | GT | MMCM | PLL | Hard IP | Net                                                                                                                  |
+-----------+-------+-----------------+------------+-------------+-----------------+------+-------------+------+------+-----+----+------+-----+---------+----------------------------------------------------------------------------------------------------------------------+
| g0        | 6     | BUFG_GT/O       | None       |        6313 |               0 | 6221 |          21 |    0 |   16 |  71 |  0 |    0 |   0 |       0 | bd_i/xdma_0/inst/pcie4_ip_i/inst/bd_xdma_0_0_pcie4_ip_gt_top_i/diablo_gt.diablo_gt_phy_wrapper/phy_clk_i/PHY_USERCLK |
| g9        | 14    | BUFGCE/O        | None       |         216 |               0 |  212 |           4 |    0 |    0 |   0 |  0 |    0 |   0 |       0 | bd_i/ddr4_0/inst/u_ddr4_infrastructure/u_bufg_divClk_0                                                               |
+-----------+-------+-----------------+------------+-------------+-----------------+------+-------------+------+------+-----+----+------+-----+---------+----------------------------------------------------------------------------------------------------------------------+
* Clock Loads column represents cell count of net connects that connect to a clock pin. Internal cell leaf pins are not considered
** Non-Clock Loads column represents cell count of non-clock pin loads
*** Columns FF, LUTRAM, RAMB through 'Hard IP' represents load cell counts


56. Clock Region Cell Placement per Global Clock: Region X2Y3
-------------------------------------------------------------

+-----------+-------+-----------------+------------+-------------+-----------------+------+-------------+------+------+-----+----+------+-----+---------+-----------------------------------------------------------------------------------------------------------------------+
| Global Id | Track | Driver Type/Pin | Constraint | Clock Loads | Non-Clock Loads | FF   | Memory LUTs | RAMB | URAM | DSP | GT | MMCM | PLL | Hard IP | Net                                                                                                                   |
+-----------+-------+-----------------+------------+-------------+-----------------+------+-------------+------+------+-----+----+------+-----+---------+-----------------------------------------------------------------------------------------------------------------------+
| g0        | 6     | BUFG_GT/O       | None       |        1638 |               0 | 1554 |          16 |    0 |   16 |  68 |  0 |    0 |   0 |       0 | bd_i/xdma_0/inst/pcie4_ip_i/inst/bd_xdma_0_0_pcie4_ip_gt_top_i/diablo_gt.diablo_gt_phy_wrapper/phy_clk_i/PHY_USERCLK  |
| g9        | 14    | BUFGCE/O        | None       |        8014 |               1 | 7536 |         441 |    1 |    0 |   0 |  0 |    0 |   1 |       0 | bd_i/ddr4_0/inst/u_ddr4_infrastructure/u_bufg_divClk_0                                                                |
| g1+       | 1     | BUFG_GT/O       | None       |           0 |               0 |    0 |           0 |    0 |    0 |   0 |  0 |    0 |   0 |       0 | bd_i/xdma_0/inst/pcie4_ip_i/inst/bd_xdma_0_0_pcie4_ip_gt_top_i/diablo_gt.diablo_gt_phy_wrapper/phy_clk_i/CLK_PCLK2_GT |
| g2+       | 9     | BUFG_GT/O       | None       |           0 |               0 |    0 |           0 |    0 |    0 |   0 |  0 |    0 |   0 |       0 | bd_i/xdma_0/inst/pcie4_ip_i/inst/bd_xdma_0_0_pcie4_ip_gt_top_i/diablo_gt.diablo_gt_phy_wrapper/phy_clk_i/PHY_CORECLK  |
| g11       | 22    | BUFGCE/O        | None       |        1192 |               0 | 1069 |          96 |   16 |    0 |   3 |  0 |    0 |   0 |       0 | bd_i/ddr4_0/inst/u_ddr4_infrastructure/c0_riu_clk                                                                     |
| g15       | 15    | BUFGCE/O        | None       |         265 |               0 |  265 |           0 |    0 |    0 |   0 |  0 |    0 |   0 |       0 | bd_i/ddr4_3/inst/u_ddr4_infrastructure/dbg_clk                                                                        |
| g24       | 2     | BUFGCE/O        | None       |          17 |               0 |   17 |           0 |    0 |    0 |   0 |  0 |    0 |   0 |       0 | bd_i/ddr4_0/inst/u_ddr4_mem_intfc/u_mig_ddr4_phy/inst/u_ddr4_phy_pll/xlnx_opt_                                        |
+-----------+-------+-----------------+------------+-------------+-----------------+------+-------------+------+------+-----+----+------+-----+---------+-----------------------------------------------------------------------------------------------------------------------+
* Clock Loads column represents cell count of net connects that connect to a clock pin. Internal cell leaf pins are not considered
** Non-Clock Loads column represents cell count of non-clock pin loads
*** Columns FF, LUTRAM, RAMB through 'Hard IP' represents load cell counts
**** In Global Id column, sympbol '+' indicates that global clock was used only to route through the clock region.


57. Clock Region Cell Placement per Global Clock: Region X3Y3
-------------------------------------------------------------

+-----------+-------+-----------------+------------+-------------+-----------------+------+-------------+------+------+-----+----+------+-----+---------+----------------------------------------------------------------------------------------------------------------------+
| Global Id | Track | Driver Type/Pin | Constraint | Clock Loads | Non-Clock Loads | FF   | Memory LUTs | RAMB | URAM | DSP | GT | MMCM | PLL | Hard IP | Net                                                                                                                  |
+-----------+-------+-----------------+------------+-------------+-----------------+------+-------------+------+------+-----+----+------+-----+---------+----------------------------------------------------------------------------------------------------------------------+
| g0        | 6     | BUFG_GT/O       | None       |        1221 |               0 | 1164 |           8 |    0 |    8 |  49 |  0 |    0 |   0 |       0 | bd_i/xdma_0/inst/pcie4_ip_i/inst/bd_xdma_0_0_pcie4_ip_gt_top_i/diablo_gt.diablo_gt_phy_wrapper/phy_clk_i/PHY_USERCLK |
| g9        | 14    | BUFGCE/O        | None       |        2808 |               0 | 2436 |         370 |    0 |    0 |   2 |  0 |    0 |   0 |       0 | bd_i/ddr4_0/inst/u_ddr4_infrastructure/u_bufg_divClk_0                                                               |
| g11+      | 22    | BUFGCE/O        | None       |           0 |               0 |    0 |           0 |    0 |    0 |   0 |  0 |    0 |   0 |       0 | bd_i/ddr4_0/inst/u_ddr4_infrastructure/c0_riu_clk                                                                    |
| g15+      | 15    | BUFGCE/O        | None       |           0 |               0 |    0 |           0 |    0 |    0 |   0 |  0 |    0 |   0 |       0 | bd_i/ddr4_3/inst/u_ddr4_infrastructure/dbg_clk                                                                       |
+-----------+-------+-----------------+------------+-------------+-----------------+------+-------------+------+------+-----+----+------+-----+---------+----------------------------------------------------------------------------------------------------------------------+
* Clock Loads column represents cell count of net connects that connect to a clock pin. Internal cell leaf pins are not considered
** Non-Clock Loads column represents cell count of non-clock pin loads
*** Columns FF, LUTRAM, RAMB through 'Hard IP' represents load cell counts
**** In Global Id column, sympbol '+' indicates that global clock was used only to route through the clock region.


58. Clock Region Cell Placement per Global Clock: Region X4Y3
-------------------------------------------------------------

+-----------+-------+-----------------+------------+-------------+-----------------+------+-------------+------+------+-----+----+------+-----+---------+----------------------------------------------------------------------------------------------------------------------+
| Global Id | Track | Driver Type/Pin | Constraint | Clock Loads | Non-Clock Loads | FF   | Memory LUTs | RAMB | URAM | DSP | GT | MMCM | PLL | Hard IP | Net                                                                                                                  |
+-----------+-------+-----------------+------------+-------------+-----------------+------+-------------+------+------+-----+----+------+-----+---------+----------------------------------------------------------------------------------------------------------------------+
| g0        | 6     | BUFG_GT/O       | None       |         722 |               0 |  638 |          16 |    0 |   16 |  68 |  0 |    0 |   0 |       0 | bd_i/xdma_0/inst/pcie4_ip_i/inst/bd_xdma_0_0_pcie4_ip_gt_top_i/diablo_gt.diablo_gt_phy_wrapper/phy_clk_i/PHY_USERCLK |
| g9        | 14    | BUFGCE/O        | None       |        3522 |               0 | 3092 |         430 |    0 |    0 |   0 |  0 |    0 |   0 |       0 | bd_i/ddr4_0/inst/u_ddr4_infrastructure/u_bufg_divClk_0                                                               |
+-----------+-------+-----------------+------------+-------------+-----------------+------+-------------+------+------+-----+----+------+-----+---------+----------------------------------------------------------------------------------------------------------------------+
* Clock Loads column represents cell count of net connects that connect to a clock pin. Internal cell leaf pins are not considered
** Non-Clock Loads column represents cell count of non-clock pin loads
*** Columns FF, LUTRAM, RAMB through 'Hard IP' represents load cell counts


59. Clock Region Cell Placement per Global Clock: Region X5Y3
-------------------------------------------------------------

+-----------+-------+-----------------+------------+-------------+-----------------+------+-------------+------+------+-----+----+------+-----+---------+----------------------------------------------------------------------------------------------------------------------+
| Global Id | Track | Driver Type/Pin | Constraint | Clock Loads | Non-Clock Loads | FF   | Memory LUTs | RAMB | URAM | DSP | GT | MMCM | PLL | Hard IP | Net                                                                                                                  |
+-----------+-------+-----------------+------------+-------------+-----------------+------+-------------+------+------+-----+----+------+-----+---------+----------------------------------------------------------------------------------------------------------------------+
| g0        | 6     | BUFG_GT/O       | None       |        1637 |               0 | 1612 |           0 |    0 |    0 |  25 |  0 |    0 |   0 |       0 | bd_i/xdma_0/inst/pcie4_ip_i/inst/bd_xdma_0_0_pcie4_ip_gt_top_i/diablo_gt.diablo_gt_phy_wrapper/phy_clk_i/PHY_USERCLK |
| g9        | 14    | BUFGCE/O        | None       |        1936 |               0 | 1923 |          13 |    0 |    0 |   0 |  0 |    0 |   0 |       0 | bd_i/ddr4_0/inst/u_ddr4_infrastructure/u_bufg_divClk_0                                                               |
+-----------+-------+-----------------+------------+-------------+-----------------+------+-------------+------+------+-----+----+------+-----+---------+----------------------------------------------------------------------------------------------------------------------+
* Clock Loads column represents cell count of net connects that connect to a clock pin. Internal cell leaf pins are not considered
** Non-Clock Loads column represents cell count of non-clock pin loads
*** Columns FF, LUTRAM, RAMB through 'Hard IP' represents load cell counts


60. Clock Region Cell Placement per Global Clock: Region X0Y4
-------------------------------------------------------------

+-----------+-------+-----------------+------------+-------------+-----------------+------+-------------+------+------+-----+----+------+-----+---------+----------------------------------------------------------------------------------------------------------------------+
| Global Id | Track | Driver Type/Pin | Constraint | Clock Loads | Non-Clock Loads | FF   | Memory LUTs | RAMB | URAM | DSP | GT | MMCM | PLL | Hard IP | Net                                                                                                                  |
+-----------+-------+-----------------+------------+-------------+-----------------+------+-------------+------+------+-----+----+------+-----+---------+----------------------------------------------------------------------------------------------------------------------+
| g0        | 6     | BUFG_GT/O       | None       |        3600 |               0 | 3521 |           0 |    0 |    0 |  79 |  0 |    0 |   0 |       0 | bd_i/xdma_0/inst/pcie4_ip_i/inst/bd_xdma_0_0_pcie4_ip_gt_top_i/diablo_gt.diablo_gt_phy_wrapper/phy_clk_i/PHY_USERCLK |
+-----------+-------+-----------------+------------+-------------+-----------------+------+-------------+------+------+-----+----+------+-----+---------+----------------------------------------------------------------------------------------------------------------------+
* Clock Loads column represents cell count of net connects that connect to a clock pin. Internal cell leaf pins are not considered
** Non-Clock Loads column represents cell count of non-clock pin loads
*** Columns FF, LUTRAM, RAMB through 'Hard IP' represents load cell counts


61. Clock Region Cell Placement per Global Clock: Region X1Y4
-------------------------------------------------------------

+-----------+-------+-----------------+------------+-------------+-----------------+------+-------------+------+------+-----+----+------+-----+---------+----------------------------------------------------------------------------------------------------------------------+
| Global Id | Track | Driver Type/Pin | Constraint | Clock Loads | Non-Clock Loads | FF   | Memory LUTs | RAMB | URAM | DSP | GT | MMCM | PLL | Hard IP | Net                                                                                                                  |
+-----------+-------+-----------------+------------+-------------+-----------------+------+-------------+------+------+-----+----+------+-----+---------+----------------------------------------------------------------------------------------------------------------------+
| g0        | 6     | BUFG_GT/O       | None       |        4327 |               0 | 4253 |           2 |    0 |    2 |  72 |  0 |    0 |   0 |       0 | bd_i/xdma_0/inst/pcie4_ip_i/inst/bd_xdma_0_0_pcie4_ip_gt_top_i/diablo_gt.diablo_gt_phy_wrapper/phy_clk_i/PHY_USERCLK |
| g9        | 14    | BUFGCE/O        | None       |         694 |               0 |  671 |          23 |    0 |    0 |   0 |  0 |    0 |   0 |       0 | bd_i/ddr4_0/inst/u_ddr4_infrastructure/u_bufg_divClk_0                                                               |
+-----------+-------+-----------------+------------+-------------+-----------------+------+-------------+------+------+-----+----+------+-----+---------+----------------------------------------------------------------------------------------------------------------------+
* Clock Loads column represents cell count of net connects that connect to a clock pin. Internal cell leaf pins are not considered
** Non-Clock Loads column represents cell count of non-clock pin loads
*** Columns FF, LUTRAM, RAMB through 'Hard IP' represents load cell counts


62. Clock Region Cell Placement per Global Clock: Region X2Y4
-------------------------------------------------------------

+-----------+-------+-----------------+------------+-------------+-----------------+------+-------------+------+------+-----+----+------+-----+---------+-----------------------------------------------------------------------------------------------------------------------+
| Global Id | Track | Driver Type/Pin | Constraint | Clock Loads | Non-Clock Loads | FF   | Memory LUTs | RAMB | URAM | DSP | GT | MMCM | PLL | Hard IP | Net                                                                                                                   |
+-----------+-------+-----------------+------------+-------------+-----------------+------+-------------+------+------+-----+----+------+-----+---------+-----------------------------------------------------------------------------------------------------------------------+
| g0        | 6     | BUFG_GT/O       | None       |        4315 |               0 | 3341 |         927 |    0 |   16 |  47 |  0 |    0 |   0 |       0 | bd_i/xdma_0/inst/pcie4_ip_i/inst/bd_xdma_0_0_pcie4_ip_gt_top_i/diablo_gt.diablo_gt_phy_wrapper/phy_clk_i/PHY_USERCLK  |
| g9        | 14    | BUFGCE/O        | None       |        4788 |               0 | 4688 |         100 |    0 |    0 |   0 |  0 |    0 |   0 |       0 | bd_i/ddr4_0/inst/u_ddr4_infrastructure/u_bufg_divClk_0                                                                |
| g1+       | 1     | BUFG_GT/O       | None       |           0 |               0 |    0 |           0 |    0 |    0 |   0 |  0 |    0 |   0 |       0 | bd_i/xdma_0/inst/pcie4_ip_i/inst/bd_xdma_0_0_pcie4_ip_gt_top_i/diablo_gt.diablo_gt_phy_wrapper/phy_clk_i/CLK_PCLK2_GT |
| g2+       | 9     | BUFG_GT/O       | None       |           0 |               0 |    0 |           0 |    0 |    0 |   0 |  0 |    0 |   0 |       0 | bd_i/xdma_0/inst/pcie4_ip_i/inst/bd_xdma_0_0_pcie4_ip_gt_top_i/diablo_gt.diablo_gt_phy_wrapper/phy_clk_i/PHY_CORECLK  |
+-----------+-------+-----------------+------------+-------------+-----------------+------+-------------+------+------+-----+----+------+-----+---------+-----------------------------------------------------------------------------------------------------------------------+
* Clock Loads column represents cell count of net connects that connect to a clock pin. Internal cell leaf pins are not considered
** Non-Clock Loads column represents cell count of non-clock pin loads
*** Columns FF, LUTRAM, RAMB through 'Hard IP' represents load cell counts
**** In Global Id column, sympbol '+' indicates that global clock was used only to route through the clock region.


63. Clock Region Cell Placement per Global Clock: Region X3Y4
-------------------------------------------------------------

+-----------+-------+-----------------+------------+-------------+-----------------+------+-------------+------+------+-----+----+------+-----+---------+----------------------------------------------------------------------------------------------------------------------+
| Global Id | Track | Driver Type/Pin | Constraint | Clock Loads | Non-Clock Loads | FF   | Memory LUTs | RAMB | URAM | DSP | GT | MMCM | PLL | Hard IP | Net                                                                                                                  |
+-----------+-------+-----------------+------------+-------------+-----------------+------+-------------+------+------+-----+----+------+-----+---------+----------------------------------------------------------------------------------------------------------------------+
| g0        | 6     | BUFG_GT/O       | None       |        1966 |               0 | 1693 |         249 |    4 |    0 |  20 |  0 |    0 |   0 |       0 | bd_i/xdma_0/inst/pcie4_ip_i/inst/bd_xdma_0_0_pcie4_ip_gt_top_i/diablo_gt.diablo_gt_phy_wrapper/phy_clk_i/PHY_USERCLK |
| g9        | 14    | BUFGCE/O        | None       |        4105 |               0 | 3813 |         288 |    4 |    0 |   0 |  0 |    0 |   0 |       0 | bd_i/ddr4_0/inst/u_ddr4_infrastructure/u_bufg_divClk_0                                                               |
| g15+      | 15    | BUFGCE/O        | None       |           0 |               0 |    0 |           0 |    0 |    0 |   0 |  0 |    0 |   0 |       0 | bd_i/ddr4_3/inst/u_ddr4_infrastructure/dbg_clk                                                                       |
+-----------+-------+-----------------+------------+-------------+-----------------+------+-------------+------+------+-----+----+------+-----+---------+----------------------------------------------------------------------------------------------------------------------+
* Clock Loads column represents cell count of net connects that connect to a clock pin. Internal cell leaf pins are not considered
** Non-Clock Loads column represents cell count of non-clock pin loads
*** Columns FF, LUTRAM, RAMB through 'Hard IP' represents load cell counts
**** In Global Id column, sympbol '+' indicates that global clock was used only to route through the clock region.


64. Clock Region Cell Placement per Global Clock: Region X4Y4
-------------------------------------------------------------

+-----------+-------+-----------------+------------+-------------+-----------------+------+-------------+------+------+-----+----+------+-----+---------+----------------------------------------------------------------------------------------------------------------------+
| Global Id | Track | Driver Type/Pin | Constraint | Clock Loads | Non-Clock Loads | FF   | Memory LUTs | RAMB | URAM | DSP | GT | MMCM | PLL | Hard IP | Net                                                                                                                  |
+-----------+-------+-----------------+------------+-------------+-----------------+------+-------------+------+------+-----+----+------+-----+---------+----------------------------------------------------------------------------------------------------------------------+
| g0        | 6     | BUFG_GT/O       | None       |        3123 |               0 | 3063 |           9 |    0 |    4 |  51 |  0 |    0 |   0 |       0 | bd_i/xdma_0/inst/pcie4_ip_i/inst/bd_xdma_0_0_pcie4_ip_gt_top_i/diablo_gt.diablo_gt_phy_wrapper/phy_clk_i/PHY_USERCLK |
| g9        | 14    | BUFGCE/O        | None       |        3402 |               0 | 3220 |         182 |    0 |    0 |   0 |  0 |    0 |   0 |       0 | bd_i/ddr4_0/inst/u_ddr4_infrastructure/u_bufg_divClk_0                                                               |
+-----------+-------+-----------------+------------+-------------+-----------------+------+-------------+------+------+-----+----+------+-----+---------+----------------------------------------------------------------------------------------------------------------------+
* Clock Loads column represents cell count of net connects that connect to a clock pin. Internal cell leaf pins are not considered
** Non-Clock Loads column represents cell count of non-clock pin loads
*** Columns FF, LUTRAM, RAMB through 'Hard IP' represents load cell counts


65. Clock Region Cell Placement per Global Clock: Region X5Y4
-------------------------------------------------------------

+-----------+-------+-----------------+------------+-------------+-----------------+------+-------------+------+------+-----+----+------+-----+---------+----------------------------------------------------------------------------------------------------------------------+
| Global Id | Track | Driver Type/Pin | Constraint | Clock Loads | Non-Clock Loads | FF   | Memory LUTs | RAMB | URAM | DSP | GT | MMCM | PLL | Hard IP | Net                                                                                                                  |
+-----------+-------+-----------------+------------+-------------+-----------------+------+-------------+------+------+-----+----+------+-----+---------+----------------------------------------------------------------------------------------------------------------------+
| g0        | 6     | BUFG_GT/O       | None       |        2064 |               0 | 2058 |           0 |    0 |    0 |   6 |  0 |    0 |   0 |       0 | bd_i/xdma_0/inst/pcie4_ip_i/inst/bd_xdma_0_0_pcie4_ip_gt_top_i/diablo_gt.diablo_gt_phy_wrapper/phy_clk_i/PHY_USERCLK |
| g9        | 14    | BUFGCE/O        | None       |        1534 |               0 | 1534 |           0 |    0 |    0 |   0 |  0 |    0 |   0 |       0 | bd_i/ddr4_0/inst/u_ddr4_infrastructure/u_bufg_divClk_0                                                               |
+-----------+-------+-----------------+------------+-------------+-----------------+------+-------------+------+------+-----+----+------+-----+---------+----------------------------------------------------------------------------------------------------------------------+
* Clock Loads column represents cell count of net connects that connect to a clock pin. Internal cell leaf pins are not considered
** Non-Clock Loads column represents cell count of non-clock pin loads
*** Columns FF, LUTRAM, RAMB through 'Hard IP' represents load cell counts


66. Clock Region Cell Placement per Global Clock: Region X0Y5
-------------------------------------------------------------

+-----------+-------+-----------------+------------+-------------+-----------------+------+-------------+------+------+-----+----+------+-----+---------+--------------------------------------------------------+
| Global Id | Track | Driver Type/Pin | Constraint | Clock Loads | Non-Clock Loads | FF   | Memory LUTs | RAMB | URAM | DSP | GT | MMCM | PLL | Hard IP | Net                                                    |
+-----------+-------+-----------------+------------+-------------+-----------------+------+-------------+------+------+-----+----+------+-----+---------+--------------------------------------------------------+
| g8        | 13    | BUFGCE/O        | None       |        2386 |               0 | 2386 |           0 |    0 |    0 |   0 |  0 |    0 |   0 |       0 | bd_i/ddr4_1/inst/u_ddr4_infrastructure/u_bufg_divClk_0 |
+-----------+-------+-----------------+------------+-------------+-----------------+------+-------------+------+------+-----+----+------+-----+---------+--------------------------------------------------------+
* Clock Loads column represents cell count of net connects that connect to a clock pin. Internal cell leaf pins are not considered
** Non-Clock Loads column represents cell count of non-clock pin loads
*** Columns FF, LUTRAM, RAMB through 'Hard IP' represents load cell counts


67. Clock Region Cell Placement per Global Clock: Region X1Y5
-------------------------------------------------------------

+-----------+-------+-----------------+------------+-------------+-----------------+------+-------------+------+------+-----+----+------+-----+---------+----------------------------------------------------------------------------------------------------------------------+
| Global Id | Track | Driver Type/Pin | Constraint | Clock Loads | Non-Clock Loads | FF   | Memory LUTs | RAMB | URAM | DSP | GT | MMCM | PLL | Hard IP | Net                                                                                                                  |
+-----------+-------+-----------------+------------+-------------+-----------------+------+-------------+------+------+-----+----+------+-----+---------+----------------------------------------------------------------------------------------------------------------------+
| g0        | 6     | BUFG_GT/O       | None       |        1684 |               0 | 1657 |          25 |    2 |    0 |   0 |  0 |    0 |   0 |       0 | bd_i/xdma_0/inst/pcie4_ip_i/inst/bd_xdma_0_0_pcie4_ip_gt_top_i/diablo_gt.diablo_gt_phy_wrapper/phy_clk_i/PHY_USERCLK |
| g8        | 13    | BUFGCE/O        | None       |        1873 |               0 | 1867 |           4 |    2 |    0 |   0 |  0 |    0 |   0 |       0 | bd_i/ddr4_1/inst/u_ddr4_infrastructure/u_bufg_divClk_0                                                               |
+-----------+-------+-----------------+------------+-------------+-----------------+------+-------------+------+------+-----+----+------+-----+---------+----------------------------------------------------------------------------------------------------------------------+
* Clock Loads column represents cell count of net connects that connect to a clock pin. Internal cell leaf pins are not considered
** Non-Clock Loads column represents cell count of non-clock pin loads
*** Columns FF, LUTRAM, RAMB through 'Hard IP' represents load cell counts


68. Clock Region Cell Placement per Global Clock: Region X2Y5
-------------------------------------------------------------

+-----------+-------+-----------------+------------+-------------+-----------------+------+-------------+------+------+-----+----+------+-----+---------+-----------------------------------------------------------------------------------------------------------------------+
| Global Id | Track | Driver Type/Pin | Constraint | Clock Loads | Non-Clock Loads | FF   | Memory LUTs | RAMB | URAM | DSP | GT | MMCM | PLL | Hard IP | Net                                                                                                                   |
+-----------+-------+-----------------+------------+-------------+-----------------+------+-------------+------+------+-----+----+------+-----+---------+-----------------------------------------------------------------------------------------------------------------------+
| g0        | 6     | BUFG_GT/O       | None       |        7601 |               0 | 7298 |         301 |    2 |    0 |   0 |  0 |    0 |   0 |       0 | bd_i/xdma_0/inst/pcie4_ip_i/inst/bd_xdma_0_0_pcie4_ip_gt_top_i/diablo_gt.diablo_gt_phy_wrapper/phy_clk_i/PHY_USERCLK  |
| g7        | 4     | BUFGCE/O        | None       |        4152 |               0 | 4055 |          97 |    0 |    0 |   0 |  0 |    0 |   0 |       0 | bd_i/ddr4_2/inst/u_ddr4_infrastructure/u_bufg_divClk_0                                                                |
| g8        | 13    | BUFGCE/O        | None       |           2 |               0 |    0 |           0 |    2 |    0 |   0 |  0 |    0 |   0 |       0 | bd_i/ddr4_1/inst/u_ddr4_infrastructure/u_bufg_divClk_0                                                                |
| g9        | 14    | BUFGCE/O        | None       |        1380 |               0 | 1380 |           0 |    0 |    0 |   0 |  0 |    0 |   0 |       0 | bd_i/ddr4_0/inst/u_ddr4_infrastructure/u_bufg_divClk_0                                                                |
| g1+       | 1     | BUFG_GT/O       | None       |           0 |               0 |    0 |           0 |    0 |    0 |   0 |  0 |    0 |   0 |       0 | bd_i/xdma_0/inst/pcie4_ip_i/inst/bd_xdma_0_0_pcie4_ip_gt_top_i/diablo_gt.diablo_gt_phy_wrapper/phy_clk_i/CLK_PCLK2_GT |
| g2+       | 9     | BUFG_GT/O       | None       |           0 |               0 |    0 |           0 |    0 |    0 |   0 |  0 |    0 |   0 |       0 | bd_i/xdma_0/inst/pcie4_ip_i/inst/bd_xdma_0_0_pcie4_ip_gt_top_i/diablo_gt.diablo_gt_phy_wrapper/phy_clk_i/PHY_CORECLK  |
+-----------+-------+-----------------+------------+-------------+-----------------+------+-------------+------+------+-----+----+------+-----+---------+-----------------------------------------------------------------------------------------------------------------------+
* Clock Loads column represents cell count of net connects that connect to a clock pin. Internal cell leaf pins are not considered
** Non-Clock Loads column represents cell count of non-clock pin loads
*** Columns FF, LUTRAM, RAMB through 'Hard IP' represents load cell counts
**** In Global Id column, sympbol '+' indicates that global clock was used only to route through the clock region.


69. Clock Region Cell Placement per Global Clock: Region X3Y5
-------------------------------------------------------------

+-----------+-------+-----------------+------------+-------------+-----------------+------+-------------+------+------+-----+----+------+-----+---------+-----------------------------------------------------------------------------------------------------------------------+
| Global Id | Track | Driver Type/Pin | Constraint | Clock Loads | Non-Clock Loads | FF   | Memory LUTs | RAMB | URAM | DSP | GT | MMCM | PLL | Hard IP | Net                                                                                                                   |
+-----------+-------+-----------------+------------+-------------+-----------------+------+-------------+------+------+-----+----+------+-----+---------+-----------------------------------------------------------------------------------------------------------------------+
| g0        | 6     | BUFG_GT/O       | None       |        3599 |               0 | 3444 |         154 |    1 |    0 |   0 |  0 |    0 |   0 |       0 | bd_i/xdma_0/inst/pcie4_ip_i/inst/bd_xdma_0_0_pcie4_ip_gt_top_i/diablo_gt.diablo_gt_phy_wrapper/phy_clk_i/PHY_USERCLK  |
| g6        | 18    | BUFGCE/O        | None       |          29 |               0 |   29 |           0 |    0 |    0 |   0 |  0 |    0 |   0 |       0 | bd_i/ddr4_3/inst/u_ddr4_infrastructure/u_bufg_divClk_0                                                                |
| g7        | 4     | BUFGCE/O        | None       |        3139 |               0 | 3085 |          54 |    0 |    0 |   0 |  0 |    0 |   0 |       0 | bd_i/ddr4_2/inst/u_ddr4_infrastructure/u_bufg_divClk_0                                                                |
| g8        | 13    | BUFGCE/O        | None       |        1620 |               0 | 1587 |          33 |    0 |    0 |   0 |  0 |    0 |   0 |       0 | bd_i/ddr4_1/inst/u_ddr4_infrastructure/u_bufg_divClk_0                                                                |
| g9        | 14    | BUFGCE/O        | None       |        1869 |               0 | 1866 |           3 |    0 |    0 |   0 |  0 |    0 |   0 |       0 | bd_i/ddr4_0/inst/u_ddr4_infrastructure/u_bufg_divClk_0                                                                |
| g1+       | 1     | BUFG_GT/O       | None       |           0 |               0 |    0 |           0 |    0 |    0 |   0 |  0 |    0 |   0 |       0 | bd_i/xdma_0/inst/pcie4_ip_i/inst/bd_xdma_0_0_pcie4_ip_gt_top_i/diablo_gt.diablo_gt_phy_wrapper/phy_clk_i/CLK_PCLK2_GT |
| g2+       | 9     | BUFG_GT/O       | None       |           0 |               0 |    0 |           0 |    0 |    0 |   0 |  0 |    0 |   0 |       0 | bd_i/xdma_0/inst/pcie4_ip_i/inst/bd_xdma_0_0_pcie4_ip_gt_top_i/diablo_gt.diablo_gt_phy_wrapper/phy_clk_i/PHY_CORECLK  |
| g15+      | 15    | BUFGCE/O        | None       |           0 |               0 |    0 |           0 |    0 |    0 |   0 |  0 |    0 |   0 |       0 | bd_i/ddr4_3/inst/u_ddr4_infrastructure/dbg_clk                                                                        |
+-----------+-------+-----------------+------------+-------------+-----------------+------+-------------+------+------+-----+----+------+-----+---------+-----------------------------------------------------------------------------------------------------------------------+
* Clock Loads column represents cell count of net connects that connect to a clock pin. Internal cell leaf pins are not considered
** Non-Clock Loads column represents cell count of non-clock pin loads
*** Columns FF, LUTRAM, RAMB through 'Hard IP' represents load cell counts
**** In Global Id column, sympbol '+' indicates that global clock was used only to route through the clock region.


70. Clock Region Cell Placement per Global Clock: Region X4Y5
-------------------------------------------------------------

+-----------+-------+-----------------+------------+-------------+-----------------+------+-------------+------+------+-----+----+------+-----+---------+-----------------------------------------------------------------------------------------------------------------------+
| Global Id | Track | Driver Type/Pin | Constraint | Clock Loads | Non-Clock Loads | FF   | Memory LUTs | RAMB | URAM | DSP | GT | MMCM | PLL | Hard IP | Net                                                                                                                   |
+-----------+-------+-----------------+------------+-------------+-----------------+------+-------------+------+------+-----+----+------+-----+---------+-----------------------------------------------------------------------------------------------------------------------+
| g0        | 6     | BUFG_GT/O       | None       |        5956 |               0 | 5876 |          71 |    9 |    0 |   0 |  0 |    0 |   0 |       0 | bd_i/xdma_0/inst/pcie4_ip_i/inst/bd_xdma_0_0_pcie4_ip_gt_top_i/diablo_gt.diablo_gt_phy_wrapper/phy_clk_i/PHY_USERCLK  |
| g6+       | 18    | BUFGCE/O        | None       |           0 |               0 |    0 |           0 |    0 |    0 |   0 |  0 |    0 |   0 |       0 | bd_i/ddr4_3/inst/u_ddr4_infrastructure/u_bufg_divClk_0                                                                |
| g8        | 13    | BUFGCE/O        | None       |          38 |               0 |   34 |           4 |    0 |    0 |   0 |  0 |    0 |   0 |       0 | bd_i/ddr4_1/inst/u_ddr4_infrastructure/u_bufg_divClk_0                                                                |
| g1+       | 1     | BUFG_GT/O       | None       |           0 |               0 |    0 |           0 |    0 |    0 |   0 |  0 |    0 |   0 |       0 | bd_i/xdma_0/inst/pcie4_ip_i/inst/bd_xdma_0_0_pcie4_ip_gt_top_i/diablo_gt.diablo_gt_phy_wrapper/phy_clk_i/CLK_PCLK2_GT |
| g2        | 9     | BUFG_GT/O       | None       |           6 |               0 |    4 |           0 |    2 |    0 |   0 |  0 |    0 |   0 |       0 | bd_i/xdma_0/inst/pcie4_ip_i/inst/bd_xdma_0_0_pcie4_ip_gt_top_i/diablo_gt.diablo_gt_phy_wrapper/phy_clk_i/PHY_CORECLK  |
| g25+      | 3     | BUFGCE/O        | None       |           0 |               0 |    0 |           0 |    0 |    0 |   0 |  0 |    0 |   0 |       0 | bd_i/ddr4_1/inst/u_ddr4_mem_intfc/u_mig_ddr4_phy/inst/u_ddr4_phy_pll/xlnx_opt_                                        |
+-----------+-------+-----------------+------------+-------------+-----------------+------+-------------+------+------+-----+----+------+-----+---------+-----------------------------------------------------------------------------------------------------------------------+
* Clock Loads column represents cell count of net connects that connect to a clock pin. Internal cell leaf pins are not considered
** Non-Clock Loads column represents cell count of non-clock pin loads
*** Columns FF, LUTRAM, RAMB through 'Hard IP' represents load cell counts
**** In Global Id column, sympbol '+' indicates that global clock was used only to route through the clock region.


71. Clock Region Cell Placement per Global Clock: Region X5Y5
-------------------------------------------------------------

+-----------+-------+-----------------+------------+-------------+-----------------+------+-------------+------+------+-----+----+------+-----+---------+-----------------------------------------------------------------------------------------------------------------------+
| Global Id | Track | Driver Type/Pin | Constraint | Clock Loads | Non-Clock Loads | FF   | Memory LUTs | RAMB | URAM | DSP | GT | MMCM | PLL | Hard IP | Net                                                                                                                   |
+-----------+-------+-----------------+------------+-------------+-----------------+------+-------------+------+------+-----+----+------+-----+---------+-----------------------------------------------------------------------------------------------------------------------+
| g0        | 6     | BUFG_GT/O       | None       |        4725 |               0 | 4674 |          42 |    9 |    0 |   0 |  0 |    0 |   0 |       0 | bd_i/xdma_0/inst/pcie4_ip_i/inst/bd_xdma_0_0_pcie4_ip_gt_top_i/diablo_gt.diablo_gt_phy_wrapper/phy_clk_i/PHY_USERCLK  |
| g1        | 1     | BUFG_GT/O       | None       |         319 |               0 |  318 |           0 |    0 |    0 |   0 |  0 |    0 |   0 |       1 | bd_i/xdma_0/inst/pcie4_ip_i/inst/bd_xdma_0_0_pcie4_ip_gt_top_i/diablo_gt.diablo_gt_phy_wrapper/phy_clk_i/CLK_PCLK2_GT |
| g2        | 9     | BUFG_GT/O       | None       |        1517 |               0 | 1501 |           0 |   15 |    0 |   0 |  0 |    0 |   0 |       1 | bd_i/xdma_0/inst/pcie4_ip_i/inst/bd_xdma_0_0_pcie4_ip_gt_top_i/diablo_gt.diablo_gt_phy_wrapper/phy_clk_i/PHY_CORECLK  |
| g5        | 4     | BUFG_GT/O       | None       |           1 |               0 |    0 |           0 |    0 |    0 |   0 |  0 |    0 |   0 |       1 | bd_i/xdma_0/inst/pcie4_ip_i/inst/bd_xdma_0_0_pcie4_ip_gt_top_i/diablo_gt.diablo_gt_phy_wrapper/phy_clk_i/PHY_MCAPCLK  |
+-----------+-------+-----------------+------------+-------------+-----------------+------+-------------+------+------+-----+----+------+-----+---------+-----------------------------------------------------------------------------------------------------------------------+
* Clock Loads column represents cell count of net connects that connect to a clock pin. Internal cell leaf pins are not considered
** Non-Clock Loads column represents cell count of non-clock pin loads
*** Columns FF, LUTRAM, RAMB through 'Hard IP' represents load cell counts


72. Clock Region Cell Placement per Global Clock: Region X0Y6
-------------------------------------------------------------

+-----------+-------+-----------------+------------+-------------+-----------------+------+-------------+------+------+-----+----+------+-----+---------+--------------------------------------------------------+
| Global Id | Track | Driver Type/Pin | Constraint | Clock Loads | Non-Clock Loads | FF   | Memory LUTs | RAMB | URAM | DSP | GT | MMCM | PLL | Hard IP | Net                                                    |
+-----------+-------+-----------------+------------+-------------+-----------------+------+-------------+------+------+-----+----+------+-----+---------+--------------------------------------------------------+
| g8        | 13    | BUFGCE/O        | None       |        3403 |               0 | 3249 |         154 |    0 |    0 |   0 |  0 |    0 |   0 |       0 | bd_i/ddr4_1/inst/u_ddr4_infrastructure/u_bufg_divClk_0 |
+-----------+-------+-----------------+------------+-------------+-----------------+------+-------------+------+------+-----+----+------+-----+---------+--------------------------------------------------------+
* Clock Loads column represents cell count of net connects that connect to a clock pin. Internal cell leaf pins are not considered
** Non-Clock Loads column represents cell count of non-clock pin loads
*** Columns FF, LUTRAM, RAMB through 'Hard IP' represents load cell counts


73. Clock Region Cell Placement per Global Clock: Region X1Y6
-------------------------------------------------------------

+-----------+-------+-----------------+------------+-------------+-----------------+------+-------------+------+------+-----+----+------+-----+---------+----------------------------------------------------------------------------------------------------------------------+
| Global Id | Track | Driver Type/Pin | Constraint | Clock Loads | Non-Clock Loads | FF   | Memory LUTs | RAMB | URAM | DSP | GT | MMCM | PLL | Hard IP | Net                                                                                                                  |
+-----------+-------+-----------------+------------+-------------+-----------------+------+-------------+------+------+-----+----+------+-----+---------+----------------------------------------------------------------------------------------------------------------------+
| g0        | 6     | BUFG_GT/O       | None       |           6 |               0 |    6 |           0 |    0 |    0 |   0 |  0 |    0 |   0 |       0 | bd_i/xdma_0/inst/pcie4_ip_i/inst/bd_xdma_0_0_pcie4_ip_gt_top_i/diablo_gt.diablo_gt_phy_wrapper/phy_clk_i/PHY_USERCLK |
| g8        | 13    | BUFGCE/O        | None       |        5637 |               0 | 5267 |         368 |    0 |    0 |   2 |  0 |    0 |   0 |       0 | bd_i/ddr4_1/inst/u_ddr4_infrastructure/u_bufg_divClk_0                                                               |
+-----------+-------+-----------------+------------+-------------+-----------------+------+-------------+------+------+-----+----+------+-----+---------+----------------------------------------------------------------------------------------------------------------------+
* Clock Loads column represents cell count of net connects that connect to a clock pin. Internal cell leaf pins are not considered
** Non-Clock Loads column represents cell count of non-clock pin loads
*** Columns FF, LUTRAM, RAMB through 'Hard IP' represents load cell counts


74. Clock Region Cell Placement per Global Clock: Region X2Y6
-------------------------------------------------------------

+-----------+-------+-----------------+------------+-------------+-----------------+------+-------------+------+------+-----+----+------+-----+---------+-----------------------------------------------------------------------------------------------------------------------+
| Global Id | Track | Driver Type/Pin | Constraint | Clock Loads | Non-Clock Loads | FF   | Memory LUTs | RAMB | URAM | DSP | GT | MMCM | PLL | Hard IP | Net                                                                                                                   |
+-----------+-------+-----------------+------------+-------------+-----------------+------+-------------+------+------+-----+----+------+-----+---------+-----------------------------------------------------------------------------------------------------------------------+
| g0        | 6     | BUFG_GT/O       | None       |        7545 |               0 | 7274 |         263 |    8 |    0 |   0 |  0 |    0 |   0 |       0 | bd_i/xdma_0/inst/pcie4_ip_i/inst/bd_xdma_0_0_pcie4_ip_gt_top_i/diablo_gt.diablo_gt_phy_wrapper/phy_clk_i/PHY_USERCLK  |
| g6        | 18    | BUFGCE/O        | None       |         283 |               0 |  274 |           5 |    4 |    0 |   0 |  0 |    0 |   0 |       0 | bd_i/ddr4_3/inst/u_ddr4_infrastructure/u_bufg_divClk_0                                                                |
| g7        | 4     | BUFGCE/O        | None       |        4166 |               0 | 4063 |          99 |    4 |    0 |   0 |  0 |    0 |   0 |       0 | bd_i/ddr4_2/inst/u_ddr4_infrastructure/u_bufg_divClk_0                                                                |
| g8        | 13    | BUFGCE/O        | None       |        2035 |               0 | 1760 |         275 |    0 |    0 |   0 |  0 |    0 |   0 |       0 | bd_i/ddr4_1/inst/u_ddr4_infrastructure/u_bufg_divClk_0                                                                |
| g9        | 14    | BUFGCE/O        | None       |         280 |               0 |  248 |          32 |    0 |    0 |   0 |  0 |    0 |   0 |       0 | bd_i/ddr4_0/inst/u_ddr4_infrastructure/u_bufg_divClk_0                                                                |
| g1+       | 1     | BUFG_GT/O       | None       |           0 |               0 |    0 |           0 |    0 |    0 |   0 |  0 |    0 |   0 |       0 | bd_i/xdma_0/inst/pcie4_ip_i/inst/bd_xdma_0_0_pcie4_ip_gt_top_i/diablo_gt.diablo_gt_phy_wrapper/phy_clk_i/CLK_PCLK2_GT |
| g2+       | 9     | BUFG_GT/O       | None       |           0 |               0 |    0 |           0 |    0 |    0 |   0 |  0 |    0 |   0 |       0 | bd_i/xdma_0/inst/pcie4_ip_i/inst/bd_xdma_0_0_pcie4_ip_gt_top_i/diablo_gt.diablo_gt_phy_wrapper/phy_clk_i/PHY_CORECLK  |
+-----------+-------+-----------------+------------+-------------+-----------------+------+-------------+------+------+-----+----+------+-----+---------+-----------------------------------------------------------------------------------------------------------------------+
* Clock Loads column represents cell count of net connects that connect to a clock pin. Internal cell leaf pins are not considered
** Non-Clock Loads column represents cell count of non-clock pin loads
*** Columns FF, LUTRAM, RAMB through 'Hard IP' represents load cell counts
**** In Global Id column, sympbol '+' indicates that global clock was used only to route through the clock region.


75. Clock Region Cell Placement per Global Clock: Region X3Y6
-------------------------------------------------------------

+-----------+-------+-----------------+------------+-------------+-----------------+------+-------------+------+------+-----+----+------+-----+---------+-----------------------------------------------------------------------------------------------------------------------+
| Global Id | Track | Driver Type/Pin | Constraint | Clock Loads | Non-Clock Loads | FF   | Memory LUTs | RAMB | URAM | DSP | GT | MMCM | PLL | Hard IP | Net                                                                                                                   |
+-----------+-------+-----------------+------------+-------------+-----------------+------+-------------+------+------+-----+----+------+-----+---------+-----------------------------------------------------------------------------------------------------------------------+
| g0        | 6     | BUFG_GT/O       | None       |        5837 |               0 | 5652 |         185 |    0 |    0 |   0 |  0 |    0 |   0 |       0 | bd_i/xdma_0/inst/pcie4_ip_i/inst/bd_xdma_0_0_pcie4_ip_gt_top_i/diablo_gt.diablo_gt_phy_wrapper/phy_clk_i/PHY_USERCLK  |
| g6        | 18    | BUFGCE/O        | None       |          38 |               0 |   38 |           0 |    0 |    0 |   0 |  0 |    0 |   0 |       0 | bd_i/ddr4_3/inst/u_ddr4_infrastructure/u_bufg_divClk_0                                                                |
| g7        | 4     | BUFGCE/O        | None       |        3426 |               0 | 3273 |         153 |    0 |    0 |   0 |  0 |    0 |   0 |       0 | bd_i/ddr4_2/inst/u_ddr4_infrastructure/u_bufg_divClk_0                                                                |
| g8        | 13    | BUFGCE/O        | None       |        3114 |               0 | 3067 |          47 |    0 |    0 |   0 |  0 |    0 |   0 |       0 | bd_i/ddr4_1/inst/u_ddr4_infrastructure/u_bufg_divClk_0                                                                |
| g9        | 14    | BUFGCE/O        | None       |         218 |               0 |  210 |           8 |    0 |    0 |   0 |  0 |    0 |   0 |       0 | bd_i/ddr4_0/inst/u_ddr4_infrastructure/u_bufg_divClk_0                                                                |
| g10+      | 11    | BUFG_GT/O       | None       |           0 |               0 |    0 |           0 |    0 |    0 |   0 |  0 |    0 |   0 |       0 | bd_i/xdma_0/inst/pcie4_ip_i/inst/sys_clk_bufg                                                                         |
| g1+       | 1     | BUFG_GT/O       | None       |           0 |               0 |    0 |           0 |    0 |    0 |   0 |  0 |    0 |   0 |       0 | bd_i/xdma_0/inst/pcie4_ip_i/inst/bd_xdma_0_0_pcie4_ip_gt_top_i/diablo_gt.diablo_gt_phy_wrapper/phy_clk_i/CLK_PCLK2_GT |
| g2+       | 9     | BUFG_GT/O       | None       |           0 |               0 |    0 |           0 |    0 |    0 |   0 |  0 |    0 |   0 |       0 | bd_i/xdma_0/inst/pcie4_ip_i/inst/bd_xdma_0_0_pcie4_ip_gt_top_i/diablo_gt.diablo_gt_phy_wrapper/phy_clk_i/PHY_CORECLK  |
| g15+      | 15    | BUFGCE/O        | None       |           0 |               0 |    0 |           0 |    0 |    0 |   0 |  0 |    0 |   0 |       0 | bd_i/ddr4_3/inst/u_ddr4_infrastructure/dbg_clk                                                                        |
+-----------+-------+-----------------+------------+-------------+-----------------+------+-------------+------+------+-----+----+------+-----+---------+-----------------------------------------------------------------------------------------------------------------------+
* Clock Loads column represents cell count of net connects that connect to a clock pin. Internal cell leaf pins are not considered
** Non-Clock Loads column represents cell count of non-clock pin loads
*** Columns FF, LUTRAM, RAMB through 'Hard IP' represents load cell counts
**** In Global Id column, sympbol '+' indicates that global clock was used only to route through the clock region.


76. Clock Region Cell Placement per Global Clock: Region X4Y6
-------------------------------------------------------------

+-----------+-------+-----------------+------------+-------------+-----------------+------+-------------+------+------+-----+----+------+-----+---------+-----------------------------------------------------------------------------------------------------------------------+
| Global Id | Track | Driver Type/Pin | Constraint | Clock Loads | Non-Clock Loads | FF   | Memory LUTs | RAMB | URAM | DSP | GT | MMCM | PLL | Hard IP | Net                                                                                                                   |
+-----------+-------+-----------------+------------+-------------+-----------------+------+-------------+------+------+-----+----+------+-----+---------+-----------------------------------------------------------------------------------------------------------------------+
| g0        | 6     | BUFG_GT/O       | None       |        3379 |               0 | 3273 |         102 |    4 |    0 |   0 |  0 |    0 |   0 |       0 | bd_i/xdma_0/inst/pcie4_ip_i/inst/bd_xdma_0_0_pcie4_ip_gt_top_i/diablo_gt.diablo_gt_phy_wrapper/phy_clk_i/PHY_USERCLK  |
| g6+       | 18    | BUFGCE/O        | None       |           0 |               0 |    0 |           0 |    0 |    0 |   0 |  0 |    0 |   0 |       0 | bd_i/ddr4_3/inst/u_ddr4_infrastructure/u_bufg_divClk_0                                                                |
| g8        | 13    | BUFGCE/O        | None       |        7247 |               1 | 7053 |         158 |    0 |    0 |   0 |  0 |    0 |   1 |       0 | bd_i/ddr4_1/inst/u_ddr4_infrastructure/u_bufg_divClk_0                                                                |
| g10+      | 11    | BUFG_GT/O       | None       |           0 |               0 |    0 |           0 |    0 |    0 |   0 |  0 |    0 |   0 |       0 | bd_i/xdma_0/inst/pcie4_ip_i/inst/sys_clk_bufg                                                                         |
| g1+       | 1     | BUFG_GT/O       | None       |           0 |               0 |    0 |           0 |    0 |    0 |   0 |  0 |    0 |   0 |       0 | bd_i/xdma_0/inst/pcie4_ip_i/inst/bd_xdma_0_0_pcie4_ip_gt_top_i/diablo_gt.diablo_gt_phy_wrapper/phy_clk_i/CLK_PCLK2_GT |
| g2+       | 9     | BUFG_GT/O       | None       |           0 |               0 |    0 |           0 |    0 |    0 |   0 |  0 |    0 |   0 |       0 | bd_i/xdma_0/inst/pcie4_ip_i/inst/bd_xdma_0_0_pcie4_ip_gt_top_i/diablo_gt.diablo_gt_phy_wrapper/phy_clk_i/PHY_CORECLK  |
| g12       | 19    | BUFGCE/O        | None       |         136 |               0 |  118 |           2 |    8 |    0 |   0 |  0 |    0 |   0 |       0 | bd_i/ddr4_1/inst/u_ddr4_infrastructure/c0_riu_clk                                                                     |
| g16+      | 20    | BUFGCE/O        | None       |           0 |               0 |    0 |           0 |    0 |    0 |   0 |  0 |    0 |   0 |       0 | dbg_hub/inst/BSCANID.u_xsdbm_id/itck_i                                                                                |
| g25+      | 3     | BUFGCE/O        | None       |           0 |               0 |    0 |           0 |    0 |    0 |   0 |  0 |    0 |   0 |       0 | bd_i/ddr4_1/inst/u_ddr4_mem_intfc/u_mig_ddr4_phy/inst/u_ddr4_phy_pll/xlnx_opt_                                        |
+-----------+-------+-----------------+------------+-------------+-----------------+------+-------------+------+------+-----+----+------+-----+---------+-----------------------------------------------------------------------------------------------------------------------+
* Clock Loads column represents cell count of net connects that connect to a clock pin. Internal cell leaf pins are not considered
** Non-Clock Loads column represents cell count of non-clock pin loads
*** Columns FF, LUTRAM, RAMB through 'Hard IP' represents load cell counts
**** In Global Id column, sympbol '+' indicates that global clock was used only to route through the clock region.


77. Clock Region Cell Placement per Global Clock: Region X5Y6
-------------------------------------------------------------

+-----------+-------+-----------------+------------+-------------+-----------------+------+-------------+------+------+-----+----+------+-----+---------+-----------------------------------------------------------------------------------------------------------------------+
| Global Id | Track | Driver Type/Pin | Constraint | Clock Loads | Non-Clock Loads | FF   | Memory LUTs | RAMB | URAM | DSP | GT | MMCM | PLL | Hard IP | Net                                                                                                                   |
+-----------+-------+-----------------+------------+-------------+-----------------+------+-------------+------+------+-----+----+------+-----+---------+-----------------------------------------------------------------------------------------------------------------------+
| g0        | 6     | BUFG_GT/O       | None       |        2900 |               0 | 2842 |          57 |    1 |    0 |   0 |  0 |    0 |   0 |       0 | bd_i/xdma_0/inst/pcie4_ip_i/inst/bd_xdma_0_0_pcie4_ip_gt_top_i/diablo_gt.diablo_gt_phy_wrapper/phy_clk_i/PHY_USERCLK  |
| g10       | 11    | BUFG_GT/O       | None       |         183 |               0 |  183 |           0 |    0 |    0 |   0 |  0 |    0 |   0 |       0 | bd_i/xdma_0/inst/pcie4_ip_i/inst/sys_clk_bufg                                                                         |
| g1        | 1     | BUFG_GT/O       | None       |        1714 |               0 | 1714 |           0 |    0 |    0 |   0 |  0 |    0 |   0 |       0 | bd_i/xdma_0/inst/pcie4_ip_i/inst/bd_xdma_0_0_pcie4_ip_gt_top_i/diablo_gt.diablo_gt_phy_wrapper/phy_clk_i/CLK_PCLK2_GT |
| g2        | 9     | BUFG_GT/O       | None       |         409 |               0 |  404 |           0 |    5 |    0 |   0 |  0 |    0 |   0 |       0 | bd_i/xdma_0/inst/pcie4_ip_i/inst/bd_xdma_0_0_pcie4_ip_gt_top_i/diablo_gt.diablo_gt_phy_wrapper/phy_clk_i/PHY_CORECLK  |
| g5+       | 4     | BUFG_GT/O       | None       |           0 |               0 |    0 |           0 |    0 |    0 |   0 |  0 |    0 |   0 |       0 | bd_i/xdma_0/inst/pcie4_ip_i/inst/bd_xdma_0_0_pcie4_ip_gt_top_i/diablo_gt.diablo_gt_phy_wrapper/phy_clk_i/PHY_MCAPCLK  |
+-----------+-------+-----------------+------------+-------------+-----------------+------+-------------+------+------+-----+----+------+-----+---------+-----------------------------------------------------------------------------------------------------------------------+
* Clock Loads column represents cell count of net connects that connect to a clock pin. Internal cell leaf pins are not considered
** Non-Clock Loads column represents cell count of non-clock pin loads
*** Columns FF, LUTRAM, RAMB through 'Hard IP' represents load cell counts
**** In Global Id column, sympbol '+' indicates that global clock was used only to route through the clock region.


78. Clock Region Cell Placement per Global Clock: Region X0Y7
-------------------------------------------------------------

+-----------+-------+-----------------+------------+-------------+-----------------+------+-------------+------+------+-----+----+------+-----+---------+--------------------------------------------------------+
| Global Id | Track | Driver Type/Pin | Constraint | Clock Loads | Non-Clock Loads | FF   | Memory LUTs | RAMB | URAM | DSP | GT | MMCM | PLL | Hard IP | Net                                                    |
+-----------+-------+-----------------+------------+-------------+-----------------+------+-------------+------+------+-----+----+------+-----+---------+--------------------------------------------------------+
| g6        | 18    | BUFGCE/O        | None       |        1495 |               0 | 1441 |          54 |    0 |    0 |   0 |  0 |    0 |   0 |       0 | bd_i/ddr4_3/inst/u_ddr4_infrastructure/u_bufg_divClk_0 |
| g8        | 13    | BUFGCE/O        | None       |        1282 |               0 | 1233 |          49 |    0 |    0 |   0 |  0 |    0 |   0 |       0 | bd_i/ddr4_1/inst/u_ddr4_infrastructure/u_bufg_divClk_0 |
+-----------+-------+-----------------+------------+-------------+-----------------+------+-------------+------+------+-----+----+------+-----+---------+--------------------------------------------------------+
* Clock Loads column represents cell count of net connects that connect to a clock pin. Internal cell leaf pins are not considered
** Non-Clock Loads column represents cell count of non-clock pin loads
*** Columns FF, LUTRAM, RAMB through 'Hard IP' represents load cell counts


79. Clock Region Cell Placement per Global Clock: Region X1Y7
-------------------------------------------------------------

+-----------+-------+-----------------+------------+-------------+-----------------+------+-------------+------+------+-----+----+------+-----+---------+--------------------------------------------------------------------------------------------------------------------------------------------------------------------------------------------------------------------------------------------------------------------------------------------------------------------------------------------------------------------------------------------------------------------+
| Global Id | Track | Driver Type/Pin | Constraint | Clock Loads | Non-Clock Loads | FF   | Memory LUTs | RAMB | URAM | DSP | GT | MMCM | PLL | Hard IP | Net                                                                                                                                                                                                                                                                                                                                                                                                                |
+-----------+-------+-----------------+------------+-------------+-----------------+------+-------------+------+------+-----+----+------+-----+---------+--------------------------------------------------------------------------------------------------------------------------------------------------------------------------------------------------------------------------------------------------------------------------------------------------------------------------------------------------------------------------------------------------------------------+
| g0        | 6     | BUFG_GT/O       | None       |          56 |               0 |   51 |           5 |    0 |    0 |   0 |  0 |    0 |   0 |       0 | bd_i/xdma_0/inst/pcie4_ip_i/inst/bd_xdma_0_0_pcie4_ip_gt_top_i/diablo_gt.diablo_gt_phy_wrapper/phy_clk_i/PHY_USERCLK                                                                                                                                                                                                                                                                                               |
| g6        | 18    | BUFGCE/O        | None       |        3110 |               0 | 2838 |         272 |    0 |    0 |   0 |  0 |    0 |   0 |       0 | bd_i/ddr4_3/inst/u_ddr4_infrastructure/u_bufg_divClk_0                                                                                                                                                                                                                                                                                                                                                             |
| g8        | 13    | BUFGCE/O        | None       |        2090 |               0 | 1937 |         153 |    0 |    0 |   0 |  0 |    0 |   0 |       0 | bd_i/ddr4_1/inst/u_ddr4_infrastructure/u_bufg_divClk_0                                                                                                                                                                                                                                                                                                                                                             |
| g10       | 11    | BUFG_GT/O       | None       |          45 |               0 |   45 |           0 |    0 |    0 |   0 |  0 |    0 |   0 |       0 | bd_i/xdma_0/inst/pcie4_ip_i/inst/sys_clk_bufg                                                                                                                                                                                                                                                                                                                                                                      |
| g17       | 23    | BUFG_GT/O       | None       |          31 |               0 |   31 |           0 |    0 |    0 |   0 |  0 |    0 |   0 |       0 | bd_i/xdma_0/inst/pcie4_ip_i/inst/bd_xdma_0_0_pcie4_ip_gt_top_i/diablo_gt.diablo_gt_phy_wrapper/gt_wizard.gtwizard_top_i/bd_xdma_0_0_pcie4_ip_gt_i/inst/gen_gtwizard_gtye4_top.bd_xdma_0_0_pcie4_ip_gt_gtwizard_gtye4_inst/gen_gtwizard_gtye4.gen_cpll_cal_gtye4.gen_cpll_cal_inst[0].gen_inst_cpll_cal.gtwizard_ultrascale_v1_7_19_gtye4_cpll_cal_inst/gtwizard_ultrascale_v1_7_19_gtye4_cpll_cal_tx_i/txoutclkmon |
+-----------+-------+-----------------+------------+-------------+-----------------+------+-------------+------+------+-----+----+------+-----+---------+--------------------------------------------------------------------------------------------------------------------------------------------------------------------------------------------------------------------------------------------------------------------------------------------------------------------------------------------------------------------------------------------------------------------+
* Clock Loads column represents cell count of net connects that connect to a clock pin. Internal cell leaf pins are not considered
** Non-Clock Loads column represents cell count of non-clock pin loads
*** Columns FF, LUTRAM, RAMB through 'Hard IP' represents load cell counts


80. Clock Region Cell Placement per Global Clock: Region X2Y7
-------------------------------------------------------------

+-----------+-------+-----------------+------------+-------------+-----------------+------+-------------+------+------+-----+----+------+-----+---------+--------------------------------------------------------------------------------------------------------------------------------------------------------------------------------------------------------------------------------------------------------------------------------------------------------------------------------------------------------------------------------------------------------------------+
| Global Id | Track | Driver Type/Pin | Constraint | Clock Loads | Non-Clock Loads | FF   | Memory LUTs | RAMB | URAM | DSP | GT | MMCM | PLL | Hard IP | Net                                                                                                                                                                                                                                                                                                                                                                                                                |
+-----------+-------+-----------------+------------+-------------+-----------------+------+-------------+------+------+-----+----+------+-----+---------+--------------------------------------------------------------------------------------------------------------------------------------------------------------------------------------------------------------------------------------------------------------------------------------------------------------------------------------------------------------------------------------------------------------------+
| g0        | 6     | BUFG_GT/O       | None       |        1382 |               0 | 1343 |          39 |    0 |    0 |   0 |  0 |    0 |   0 |       0 | bd_i/xdma_0/inst/pcie4_ip_i/inst/bd_xdma_0_0_pcie4_ip_gt_top_i/diablo_gt.diablo_gt_phy_wrapper/phy_clk_i/PHY_USERCLK                                                                                                                                                                                                                                                                                               |
| g6        | 18    | BUFGCE/O        | None       |         345 |               0 |  330 |          15 |    0 |    0 |   0 |  0 |    0 |   0 |       0 | bd_i/ddr4_3/inst/u_ddr4_infrastructure/u_bufg_divClk_0                                                                                                                                                                                                                                                                                                                                                             |
| g7        | 4     | BUFGCE/O        | None       |       10761 |               1 | 9807 |         912 |    2 |    0 |   0 |  0 |    0 |   1 |       0 | bd_i/ddr4_2/inst/u_ddr4_infrastructure/u_bufg_divClk_0                                                                                                                                                                                                                                                                                                                                                             |
| g8        | 13    | BUFGCE/O        | None       |        1671 |               0 | 1398 |         273 |    0 |    0 |   0 |  0 |    0 |   0 |       0 | bd_i/ddr4_1/inst/u_ddr4_infrastructure/u_bufg_divClk_0                                                                                                                                                                                                                                                                                                                                                             |
| g10+      | 11    | BUFG_GT/O       | None       |           0 |               0 |    0 |           0 |    0 |    0 |   0 |  0 |    0 |   0 |       0 | bd_i/xdma_0/inst/pcie4_ip_i/inst/sys_clk_bufg                                                                                                                                                                                                                                                                                                                                                                      |
| g1+       | 1     | BUFG_GT/O       | None       |           0 |               0 |    0 |           0 |    0 |    0 |   0 |  0 |    0 |   0 |       0 | bd_i/xdma_0/inst/pcie4_ip_i/inst/bd_xdma_0_0_pcie4_ip_gt_top_i/diablo_gt.diablo_gt_phy_wrapper/phy_clk_i/CLK_PCLK2_GT                                                                                                                                                                                                                                                                                              |
| g2+       | 9     | BUFG_GT/O       | None       |           0 |               0 |    0 |           0 |    0 |    0 |   0 |  0 |    0 |   0 |       0 | bd_i/xdma_0/inst/pcie4_ip_i/inst/bd_xdma_0_0_pcie4_ip_gt_top_i/diablo_gt.diablo_gt_phy_wrapper/phy_clk_i/PHY_CORECLK                                                                                                                                                                                                                                                                                               |
| g13       | 8     | BUFGCE/O        | None       |          92 |               0 |   79 |           0 |    5 |    0 |   0 |  0 |    0 |   0 |       0 | bd_i/ddr4_2/inst/u_ddr4_infrastructure/c0_riu_clk                                                                                                                                                                                                                                                                                                                                                                  |
| g15       | 15    | BUFGCE/O        | None       |         229 |               0 |  229 |           0 |    0 |    0 |   0 |  0 |    0 |   0 |       0 | bd_i/ddr4_3/inst/u_ddr4_infrastructure/dbg_clk                                                                                                                                                                                                                                                                                                                                                                     |
| g17+      | 23    | BUFG_GT/O       | None       |           0 |               0 |    0 |           0 |    0 |    0 |   0 |  0 |    0 |   0 |       0 | bd_i/xdma_0/inst/pcie4_ip_i/inst/bd_xdma_0_0_pcie4_ip_gt_top_i/diablo_gt.diablo_gt_phy_wrapper/gt_wizard.gtwizard_top_i/bd_xdma_0_0_pcie4_ip_gt_i/inst/gen_gtwizard_gtye4_top.bd_xdma_0_0_pcie4_ip_gt_gtwizard_gtye4_inst/gen_gtwizard_gtye4.gen_cpll_cal_gtye4.gen_cpll_cal_inst[0].gen_inst_cpll_cal.gtwizard_ultrascale_v1_7_19_gtye4_cpll_cal_inst/gtwizard_ultrascale_v1_7_19_gtye4_cpll_cal_tx_i/txoutclkmon |
+-----------+-------+-----------------+------------+-------------+-----------------+------+-------------+------+------+-----+----+------+-----+---------+--------------------------------------------------------------------------------------------------------------------------------------------------------------------------------------------------------------------------------------------------------------------------------------------------------------------------------------------------------------------------------------------------------------------+
* Clock Loads column represents cell count of net connects that connect to a clock pin. Internal cell leaf pins are not considered
** Non-Clock Loads column represents cell count of non-clock pin loads
*** Columns FF, LUTRAM, RAMB through 'Hard IP' represents load cell counts
**** In Global Id column, sympbol '+' indicates that global clock was used only to route through the clock region.


81. Clock Region Cell Placement per Global Clock: Region X3Y7
-------------------------------------------------------------

+-----------+-------+-----------------+------------+-------------+-----------------+------+-------------+------+------+-----+----+------+-----+---------+--------------------------------------------------------------------------------------------------------------------------------------------------------------------------------------------------------------------------------------------------------------------------------------------------------------------------------------------------------------------------------------------------------------------+
| Global Id | Track | Driver Type/Pin | Constraint | Clock Loads | Non-Clock Loads | FF   | Memory LUTs | RAMB | URAM | DSP | GT | MMCM | PLL | Hard IP | Net                                                                                                                                                                                                                                                                                                                                                                                                                |
+-----------+-------+-----------------+------------+-------------+-----------------+------+-------------+------+------+-----+----+------+-----+---------+--------------------------------------------------------------------------------------------------------------------------------------------------------------------------------------------------------------------------------------------------------------------------------------------------------------------------------------------------------------------------------------------------------------------+
| g0        | 6     | BUFG_GT/O       | None       |         996 |               0 |  948 |          48 |    0 |    0 |   0 |  0 |    0 |   0 |       0 | bd_i/xdma_0/inst/pcie4_ip_i/inst/bd_xdma_0_0_pcie4_ip_gt_top_i/diablo_gt.diablo_gt_phy_wrapper/phy_clk_i/PHY_USERCLK                                                                                                                                                                                                                                                                                               |
| g6        | 18    | BUFGCE/O        | None       |         129 |               0 |  129 |           0 |    0 |    0 |   0 |  0 |    0 |   0 |       0 | bd_i/ddr4_3/inst/u_ddr4_infrastructure/u_bufg_divClk_0                                                                                                                                                                                                                                                                                                                                                             |
| g7        | 4     | BUFGCE/O        | None       |        3193 |               0 | 2827 |         366 |    0 |    0 |   0 |  0 |    0 |   0 |       0 | bd_i/ddr4_2/inst/u_ddr4_infrastructure/u_bufg_divClk_0                                                                                                                                                                                                                                                                                                                                                             |
| g8        | 13    | BUFGCE/O        | None       |        5227 |               0 | 5122 |         105 |    0 |    0 |   0 |  0 |    0 |   0 |       0 | bd_i/ddr4_1/inst/u_ddr4_infrastructure/u_bufg_divClk_0                                                                                                                                                                                                                                                                                                                                                             |
| g10       | 11    | BUFG_GT/O       | None       |          34 |               0 |   34 |           0 |    0 |    0 |   0 |  0 |    0 |   0 |       0 | bd_i/xdma_0/inst/pcie4_ip_i/inst/sys_clk_bufg                                                                                                                                                                                                                                                                                                                                                                      |
| g1+       | 1     | BUFG_GT/O       | None       |           0 |               0 |    0 |           0 |    0 |    0 |   0 |  0 |    0 |   0 |       0 | bd_i/xdma_0/inst/pcie4_ip_i/inst/bd_xdma_0_0_pcie4_ip_gt_top_i/diablo_gt.diablo_gt_phy_wrapper/phy_clk_i/CLK_PCLK2_GT                                                                                                                                                                                                                                                                                              |
| g15+      | 15    | BUFGCE/O        | None       |           0 |               0 |    0 |           0 |    0 |    0 |   0 |  0 |    0 |   0 |       0 | bd_i/ddr4_3/inst/u_ddr4_infrastructure/dbg_clk                                                                                                                                                                                                                                                                                                                                                                     |
| g17+      | 23    | BUFG_GT/O       | None       |           0 |               0 |    0 |           0 |    0 |    0 |   0 |  0 |    0 |   0 |       0 | bd_i/xdma_0/inst/pcie4_ip_i/inst/bd_xdma_0_0_pcie4_ip_gt_top_i/diablo_gt.diablo_gt_phy_wrapper/gt_wizard.gtwizard_top_i/bd_xdma_0_0_pcie4_ip_gt_i/inst/gen_gtwizard_gtye4_top.bd_xdma_0_0_pcie4_ip_gt_gtwizard_gtye4_inst/gen_gtwizard_gtye4.gen_cpll_cal_gtye4.gen_cpll_cal_inst[0].gen_inst_cpll_cal.gtwizard_ultrascale_v1_7_19_gtye4_cpll_cal_inst/gtwizard_ultrascale_v1_7_19_gtye4_cpll_cal_tx_i/txoutclkmon |
| g20+      | 16    | BUFG_GT/O       | None       |           0 |               0 |    0 |           0 |    0 |    0 |   0 |  0 |    0 |   0 |       0 | bd_i/xdma_0/inst/pcie4_ip_i/inst/bd_xdma_0_0_pcie4_ip_gt_top_i/diablo_gt.diablo_gt_phy_wrapper/gt_wizard.gtwizard_top_i/bd_xdma_0_0_pcie4_ip_gt_i/inst/gen_gtwizard_gtye4_top.bd_xdma_0_0_pcie4_ip_gt_gtwizard_gtye4_inst/gen_gtwizard_gtye4.gen_cpll_cal_gtye4.gen_cpll_cal_inst[3].gen_inst_cpll_cal.gtwizard_ultrascale_v1_7_19_gtye4_cpll_cal_inst/gtwizard_ultrascale_v1_7_19_gtye4_cpll_cal_tx_i/txoutclkmon |
+-----------+-------+-----------------+------------+-------------+-----------------+------+-------------+------+------+-----+----+------+-----+---------+--------------------------------------------------------------------------------------------------------------------------------------------------------------------------------------------------------------------------------------------------------------------------------------------------------------------------------------------------------------------------------------------------------------------+
* Clock Loads column represents cell count of net connects that connect to a clock pin. Internal cell leaf pins are not considered
** Non-Clock Loads column represents cell count of non-clock pin loads
*** Columns FF, LUTRAM, RAMB through 'Hard IP' represents load cell counts
**** In Global Id column, sympbol '+' indicates that global clock was used only to route through the clock region.


82. Clock Region Cell Placement per Global Clock: Region X4Y7
-------------------------------------------------------------

+-----------+-------+-----------------+------------+-------------+-----------------+------+-------------+------+------+-----+----+------+-----+---------+--------------------------------------------------------------------------------------------------------------------------------------------------------------------------------------------------------------------------------------------------------------------------------------------------------------------------------------------------------------------------------------------------------------------+
| Global Id | Track | Driver Type/Pin | Constraint | Clock Loads | Non-Clock Loads | FF   | Memory LUTs | RAMB | URAM | DSP | GT | MMCM | PLL | Hard IP | Net                                                                                                                                                                                                                                                                                                                                                                                                                |
+-----------+-------+-----------------+------------+-------------+-----------------+------+-------------+------+------+-----+----+------+-----+---------+--------------------------------------------------------------------------------------------------------------------------------------------------------------------------------------------------------------------------------------------------------------------------------------------------------------------------------------------------------------------------------------------------------------------+
| g0        | 6     | BUFG_GT/O       | None       |         932 |               0 |  909 |          19 |    4 |    0 |   0 |  0 |    0 |   0 |       0 | bd_i/xdma_0/inst/pcie4_ip_i/inst/bd_xdma_0_0_pcie4_ip_gt_top_i/diablo_gt.diablo_gt_phy_wrapper/phy_clk_i/PHY_USERCLK                                                                                                                                                                                                                                                                                               |
| g6+       | 18    | BUFGCE/O        | None       |           0 |               0 |    0 |           0 |    0 |    0 |   0 |  0 |    0 |   0 |       0 | bd_i/ddr4_3/inst/u_ddr4_infrastructure/u_bufg_divClk_0                                                                                                                                                                                                                                                                                                                                                             |
| g8        | 13    | BUFGCE/O        | None       |        5500 |               1 | 5076 |         392 |    2 |    0 |   0 |  0 |    0 |   1 |       0 | bd_i/ddr4_1/inst/u_ddr4_infrastructure/u_bufg_divClk_0                                                                                                                                                                                                                                                                                                                                                             |
| g10+      | 11    | BUFG_GT/O       | None       |           0 |               0 |    0 |           0 |    0 |    0 |   0 |  0 |    0 |   0 |       0 | bd_i/xdma_0/inst/pcie4_ip_i/inst/sys_clk_bufg                                                                                                                                                                                                                                                                                                                                                                      |
| g1+       | 1     | BUFG_GT/O       | None       |           0 |               0 |    0 |           0 |    0 |    0 |   0 |  0 |    0 |   0 |       0 | bd_i/xdma_0/inst/pcie4_ip_i/inst/bd_xdma_0_0_pcie4_ip_gt_top_i/diablo_gt.diablo_gt_phy_wrapper/phy_clk_i/CLK_PCLK2_GT                                                                                                                                                                                                                                                                                              |
| g12       | 19    | BUFGCE/O        | None       |        1388 |               0 | 1267 |          96 |   16 |    0 |   3 |  0 |    0 |   0 |       0 | bd_i/ddr4_1/inst/u_ddr4_infrastructure/c0_riu_clk                                                                                                                                                                                                                                                                                                                                                                  |
| g15       | 15    | BUFGCE/O        | None       |         554 |               0 |  551 |           3 |    0 |    0 |   0 |  0 |    0 |   0 |       0 | bd_i/ddr4_3/inst/u_ddr4_infrastructure/dbg_clk                                                                                                                                                                                                                                                                                                                                                                     |
| g16       | 20    | BUFGCE/O        | None       |         312 |               0 |  309 |           3 |    0 |    0 |   0 |  0 |    0 |   0 |       0 | dbg_hub/inst/BSCANID.u_xsdbm_id/itck_i                                                                                                                                                                                                                                                                                                                                                                             |
| g17+      | 23    | BUFG_GT/O       | None       |           0 |               0 |    0 |           0 |    0 |    0 |   0 |  0 |    0 |   0 |       0 | bd_i/xdma_0/inst/pcie4_ip_i/inst/bd_xdma_0_0_pcie4_ip_gt_top_i/diablo_gt.diablo_gt_phy_wrapper/gt_wizard.gtwizard_top_i/bd_xdma_0_0_pcie4_ip_gt_i/inst/gen_gtwizard_gtye4_top.bd_xdma_0_0_pcie4_ip_gt_gtwizard_gtye4_inst/gen_gtwizard_gtye4.gen_cpll_cal_gtye4.gen_cpll_cal_inst[0].gen_inst_cpll_cal.gtwizard_ultrascale_v1_7_19_gtye4_cpll_cal_inst/gtwizard_ultrascale_v1_7_19_gtye4_cpll_cal_tx_i/txoutclkmon |
| g20+      | 16    | BUFG_GT/O       | None       |           0 |               0 |    0 |           0 |    0 |    0 |   0 |  0 |    0 |   0 |       0 | bd_i/xdma_0/inst/pcie4_ip_i/inst/bd_xdma_0_0_pcie4_ip_gt_top_i/diablo_gt.diablo_gt_phy_wrapper/gt_wizard.gtwizard_top_i/bd_xdma_0_0_pcie4_ip_gt_i/inst/gen_gtwizard_gtye4_top.bd_xdma_0_0_pcie4_ip_gt_gtwizard_gtye4_inst/gen_gtwizard_gtye4.gen_cpll_cal_gtye4.gen_cpll_cal_inst[3].gen_inst_cpll_cal.gtwizard_ultrascale_v1_7_19_gtye4_cpll_cal_inst/gtwizard_ultrascale_v1_7_19_gtye4_cpll_cal_tx_i/txoutclkmon |
| g25       | 3     | BUFGCE/O        | None       |          17 |               1 |   17 |           0 |    0 |    0 |   0 |  0 |    1 |   0 |       0 | bd_i/ddr4_1/inst/u_ddr4_mem_intfc/u_mig_ddr4_phy/inst/u_ddr4_phy_pll/xlnx_opt_                                                                                                                                                                                                                                                                                                                                     |
+-----------+-------+-----------------+------------+-------------+-----------------+------+-------------+------+------+-----+----+------+-----+---------+--------------------------------------------------------------------------------------------------------------------------------------------------------------------------------------------------------------------------------------------------------------------------------------------------------------------------------------------------------------------------------------------------------------------+
* Clock Loads column represents cell count of net connects that connect to a clock pin. Internal cell leaf pins are not considered
** Non-Clock Loads column represents cell count of non-clock pin loads
*** Columns FF, LUTRAM, RAMB through 'Hard IP' represents load cell counts
**** In Global Id column, sympbol '+' indicates that global clock was used only to route through the clock region.


83. Clock Region Cell Placement per Global Clock: Region X5Y7
-------------------------------------------------------------

+-----------+-------+-----------------+------------+-------------+-----------------+------+-------------+------+------+-----+----+------+-----+---------+--------------------------------------------------------------------------------------------------------------------------------------------------------------------------------------------------------------------------------------------------------------------------------------------------------------------------------------------------------------------------------------------------------------------+
| Global Id | Track | Driver Type/Pin | Constraint | Clock Loads | Non-Clock Loads | FF   | Memory LUTs | RAMB | URAM | DSP | GT | MMCM | PLL | Hard IP | Net                                                                                                                                                                                                                                                                                                                                                                                                                |
+-----------+-------+-----------------+------------+-------------+-----------------+------+-------------+------+------+-----+----+------+-----+---------+--------------------------------------------------------------------------------------------------------------------------------------------------------------------------------------------------------------------------------------------------------------------------------------------------------------------------------------------------------------------------------------------------------------------+
| g0        | 6     | BUFG_GT/O       | None       |         371 |               0 |  371 |           0 |    0 |    0 |   0 |  0 |    0 |   0 |       0 | bd_i/xdma_0/inst/pcie4_ip_i/inst/bd_xdma_0_0_pcie4_ip_gt_top_i/diablo_gt.diablo_gt_phy_wrapper/phy_clk_i/PHY_USERCLK                                                                                                                                                                                                                                                                                               |
| g10       | 11    | BUFG_GT/O       | None       |        1569 |               0 | 1553 |          11 |    0 |    0 |   0 |  4 |    0 |   0 |       0 | bd_i/xdma_0/inst/pcie4_ip_i/inst/sys_clk_bufg                                                                                                                                                                                                                                                                                                                                                                      |
| g1        | 1     | BUFG_GT/O       | None       |         145 |               0 |  141 |           0 |    0 |    0 |   0 |  4 |    0 |   0 |       0 | bd_i/xdma_0/inst/pcie4_ip_i/inst/bd_xdma_0_0_pcie4_ip_gt_top_i/diablo_gt.diablo_gt_phy_wrapper/phy_clk_i/CLK_PCLK2_GT                                                                                                                                                                                                                                                                                              |
| g16       | 20    | BUFGCE/O        | None       |         159 |               0 |  159 |           0 |    0 |    0 |   0 |  0 |    0 |   0 |       0 | dbg_hub/inst/BSCANID.u_xsdbm_id/itck_i                                                                                                                                                                                                                                                                                                                                                                             |
| g17+      | 23    | BUFG_GT/O       | None       |           0 |               0 |    0 |           0 |    0 |    0 |   0 |  0 |    0 |   0 |       0 | bd_i/xdma_0/inst/pcie4_ip_i/inst/bd_xdma_0_0_pcie4_ip_gt_top_i/diablo_gt.diablo_gt_phy_wrapper/gt_wizard.gtwizard_top_i/bd_xdma_0_0_pcie4_ip_gt_i/inst/gen_gtwizard_gtye4_top.bd_xdma_0_0_pcie4_ip_gt_gtwizard_gtye4_inst/gen_gtwizard_gtye4.gen_cpll_cal_gtye4.gen_cpll_cal_inst[0].gen_inst_cpll_cal.gtwizard_ultrascale_v1_7_19_gtye4_cpll_cal_inst/gtwizard_ultrascale_v1_7_19_gtye4_cpll_cal_tx_i/txoutclkmon |
| g18       | 0     | BUFG_GT/O       | None       |          31 |               0 |   31 |           0 |    0 |    0 |   0 |  0 |    0 |   0 |       0 | bd_i/xdma_0/inst/pcie4_ip_i/inst/bd_xdma_0_0_pcie4_ip_gt_top_i/diablo_gt.diablo_gt_phy_wrapper/gt_wizard.gtwizard_top_i/bd_xdma_0_0_pcie4_ip_gt_i/inst/gen_gtwizard_gtye4_top.bd_xdma_0_0_pcie4_ip_gt_gtwizard_gtye4_inst/gen_gtwizard_gtye4.gen_cpll_cal_gtye4.gen_cpll_cal_inst[1].gen_inst_cpll_cal.gtwizard_ultrascale_v1_7_19_gtye4_cpll_cal_inst/gtwizard_ultrascale_v1_7_19_gtye4_cpll_cal_tx_i/txoutclkmon |
| g19       | 10    | BUFG_GT/O       | None       |          31 |               0 |   31 |           0 |    0 |    0 |   0 |  0 |    0 |   0 |       0 | bd_i/xdma_0/inst/pcie4_ip_i/inst/bd_xdma_0_0_pcie4_ip_gt_top_i/diablo_gt.diablo_gt_phy_wrapper/gt_wizard.gtwizard_top_i/bd_xdma_0_0_pcie4_ip_gt_i/inst/gen_gtwizard_gtye4_top.bd_xdma_0_0_pcie4_ip_gt_gtwizard_gtye4_inst/gen_gtwizard_gtye4.gen_cpll_cal_gtye4.gen_cpll_cal_inst[2].gen_inst_cpll_cal.gtwizard_ultrascale_v1_7_19_gtye4_cpll_cal_inst/gtwizard_ultrascale_v1_7_19_gtye4_cpll_cal_tx_i/txoutclkmon |
| g20+      | 16    | BUFG_GT/O       | None       |           0 |               0 |    0 |           0 |    0 |    0 |   0 |  0 |    0 |   0 |       0 | bd_i/xdma_0/inst/pcie4_ip_i/inst/bd_xdma_0_0_pcie4_ip_gt_top_i/diablo_gt.diablo_gt_phy_wrapper/gt_wizard.gtwizard_top_i/bd_xdma_0_0_pcie4_ip_gt_i/inst/gen_gtwizard_gtye4_top.bd_xdma_0_0_pcie4_ip_gt_gtwizard_gtye4_inst/gen_gtwizard_gtye4.gen_cpll_cal_gtye4.gen_cpll_cal_inst[3].gen_inst_cpll_cal.gtwizard_ultrascale_v1_7_19_gtye4_cpll_cal_inst/gtwizard_ultrascale_v1_7_19_gtye4_cpll_cal_tx_i/txoutclkmon |
| g4        | 8     | BUFG_GT/O       | None       |          13 |               0 |   13 |           0 |    0 |    0 |   0 |  0 |    0 |   0 |       0 | bd_i/xdma_0/inst/pcie4_ip_i/inst/bd_xdma_0_0_pcie4_ip_gt_top_i/diablo_gt.diablo_gt_phy_wrapper/phy_clk_i/CLK_INTCLK                                                                                                                                                                                                                                                                                                |
| g5+       | 4     | BUFG_GT/O       | None       |           0 |               0 |    0 |           0 |    0 |    0 |   0 |  0 |    0 |   0 |       0 | bd_i/xdma_0/inst/pcie4_ip_i/inst/bd_xdma_0_0_pcie4_ip_gt_top_i/diablo_gt.diablo_gt_phy_wrapper/phy_clk_i/PHY_MCAPCLK                                                                                                                                                                                                                                                                                               |
+-----------+-------+-----------------+------------+-------------+-----------------+------+-------------+------+------+-----+----+------+-----+---------+--------------------------------------------------------------------------------------------------------------------------------------------------------------------------------------------------------------------------------------------------------------------------------------------------------------------------------------------------------------------------------------------------------------------+
* Clock Loads column represents cell count of net connects that connect to a clock pin. Internal cell leaf pins are not considered
** Non-Clock Loads column represents cell count of non-clock pin loads
*** Columns FF, LUTRAM, RAMB through 'Hard IP' represents load cell counts
**** In Global Id column, sympbol '+' indicates that global clock was used only to route through the clock region.


84. Clock Region Cell Placement per Global Clock: Region X0Y8
-------------------------------------------------------------

+-----------+-------+-----------------+------------+-------------+-----------------+------+-------------+------+------+-----+----+------+-----+---------+--------------------------------------------------------+
| Global Id | Track | Driver Type/Pin | Constraint | Clock Loads | Non-Clock Loads | FF   | Memory LUTs | RAMB | URAM | DSP | GT | MMCM | PLL | Hard IP | Net                                                    |
+-----------+-------+-----------------+------------+-------------+-----------------+------+-------------+------+------+-----+----+------+-----+---------+--------------------------------------------------------+
| g6        | 18    | BUFGCE/O        | None       |        2926 |               0 | 2871 |          55 |    0 |    0 |   0 |  0 |    0 |   0 |       0 | bd_i/ddr4_3/inst/u_ddr4_infrastructure/u_bufg_divClk_0 |
+-----------+-------+-----------------+------------+-------------+-----------------+------+-------------+------+------+-----+----+------+-----+---------+--------------------------------------------------------+
* Clock Loads column represents cell count of net connects that connect to a clock pin. Internal cell leaf pins are not considered
** Non-Clock Loads column represents cell count of non-clock pin loads
*** Columns FF, LUTRAM, RAMB through 'Hard IP' represents load cell counts


85. Clock Region Cell Placement per Global Clock: Region X1Y8
-------------------------------------------------------------

+-----------+-------+-----------------+------------+-------------+-----------------+------+-------------+------+------+-----+----+------+-----+---------+--------------------------------------------------------+
| Global Id | Track | Driver Type/Pin | Constraint | Clock Loads | Non-Clock Loads | FF   | Memory LUTs | RAMB | URAM | DSP | GT | MMCM | PLL | Hard IP | Net                                                    |
+-----------+-------+-----------------+------------+-------------+-----------------+------+-------------+------+------+-----+----+------+-----+---------+--------------------------------------------------------+
| g6        | 18    | BUFGCE/O        | None       |        5894 |               0 | 5406 |         486 |    0 |    0 |   2 |  0 |    0 |   0 |       0 | bd_i/ddr4_3/inst/u_ddr4_infrastructure/u_bufg_divClk_0 |
+-----------+-------+-----------------+------------+-------------+-----------------+------+-------------+------+------+-----+----+------+-----+---------+--------------------------------------------------------+
* Clock Loads column represents cell count of net connects that connect to a clock pin. Internal cell leaf pins are not considered
** Non-Clock Loads column represents cell count of non-clock pin loads
*** Columns FF, LUTRAM, RAMB through 'Hard IP' represents load cell counts


86. Clock Region Cell Placement per Global Clock: Region X2Y8
-------------------------------------------------------------

+-----------+-------+-----------------+------------+-------------+-----------------+------+-------------+------+------+-----+----+------+-----+---------+-----------------------------------------------------------------------------------------------------------------------+
| Global Id | Track | Driver Type/Pin | Constraint | Clock Loads | Non-Clock Loads | FF   | Memory LUTs | RAMB | URAM | DSP | GT | MMCM | PLL | Hard IP | Net                                                                                                                   |
+-----------+-------+-----------------+------------+-------------+-----------------+------+-------------+------+------+-----+----+------+-----+---------+-----------------------------------------------------------------------------------------------------------------------+
| g0        | 6     | BUFG_GT/O       | None       |        1059 |               0 | 1050 |           9 |    0 |    0 |   0 |  0 |    0 |   0 |       0 | bd_i/xdma_0/inst/pcie4_ip_i/inst/bd_xdma_0_0_pcie4_ip_gt_top_i/diablo_gt.diablo_gt_phy_wrapper/phy_clk_i/PHY_USERCLK  |
| g6        | 18    | BUFGCE/O        | None       |        3339 |               0 | 3066 |         273 |    0 |    0 |   0 |  0 |    0 |   0 |       0 | bd_i/ddr4_3/inst/u_ddr4_infrastructure/u_bufg_divClk_0                                                                |
| g7        | 4     | BUFGCE/O        | None       |        7224 |               1 | 7052 |         134 |    0 |    0 |   2 |  0 |    0 |   1 |       0 | bd_i/ddr4_2/inst/u_ddr4_infrastructure/u_bufg_divClk_0                                                                |
| g8        | 13    | BUFGCE/O        | None       |         643 |               0 |  627 |          16 |    0 |    0 |   0 |  0 |    0 |   0 |       0 | bd_i/ddr4_1/inst/u_ddr4_infrastructure/u_bufg_divClk_0                                                                |
| g1+       | 1     | BUFG_GT/O       | None       |           0 |               0 |    0 |           0 |    0 |    0 |   0 |  0 |    0 |   0 |       0 | bd_i/xdma_0/inst/pcie4_ip_i/inst/bd_xdma_0_0_pcie4_ip_gt_top_i/diablo_gt.diablo_gt_phy_wrapper/phy_clk_i/CLK_PCLK2_GT |
| g2+       | 9     | BUFG_GT/O       | None       |           0 |               0 |    0 |           0 |    0 |    0 |   0 |  0 |    0 |   0 |       0 | bd_i/xdma_0/inst/pcie4_ip_i/inst/bd_xdma_0_0_pcie4_ip_gt_top_i/diablo_gt.diablo_gt_phy_wrapper/phy_clk_i/PHY_CORECLK  |
| g13       | 8     | BUFGCE/O        | None       |        1403 |               0 | 1276 |          98 |   18 |    0 |   3 |  0 |    0 |   0 |       0 | bd_i/ddr4_2/inst/u_ddr4_infrastructure/c0_riu_clk                                                                     |
| g15       | 15    | BUFGCE/O        | None       |          36 |               0 |   36 |           0 |    0 |    0 |   0 |  0 |    0 |   0 |       0 | bd_i/ddr4_3/inst/u_ddr4_infrastructure/dbg_clk                                                                        |
| g26       | 23    | BUFGCE/O        | None       |          16 |               0 |   16 |           0 |    0 |    0 |   0 |  0 |    0 |   0 |       0 | bd_i/ddr4_2/inst/u_ddr4_infrastructure/sys_clk_in_bufg                                                                |
+-----------+-------+-----------------+------------+-------------+-----------------+------+-------------+------+------+-----+----+------+-----+---------+-----------------------------------------------------------------------------------------------------------------------+
* Clock Loads column represents cell count of net connects that connect to a clock pin. Internal cell leaf pins are not considered
** Non-Clock Loads column represents cell count of non-clock pin loads
*** Columns FF, LUTRAM, RAMB through 'Hard IP' represents load cell counts
**** In Global Id column, sympbol '+' indicates that global clock was used only to route through the clock region.


87. Clock Region Cell Placement per Global Clock: Region X3Y8
-------------------------------------------------------------

+-----------+-------+-----------------+------------+-------------+-----------------+------+-------------+------+------+-----+----+------+-----+---------+--------------------------------------------------------------------------------------------------------------------------------------------------------------------------------------------------------------------------------------------------------------------------------------------------------------------------------------------------------------------------------------------------------------------+
| Global Id | Track | Driver Type/Pin | Constraint | Clock Loads | Non-Clock Loads | FF   | Memory LUTs | RAMB | URAM | DSP | GT | MMCM | PLL | Hard IP | Net                                                                                                                                                                                                                                                                                                                                                                                                                |
+-----------+-------+-----------------+------------+-------------+-----------------+------+-------------+------+------+-----+----+------+-----+---------+--------------------------------------------------------------------------------------------------------------------------------------------------------------------------------------------------------------------------------------------------------------------------------------------------------------------------------------------------------------------------------------------------------------------+
| g0        | 6     | BUFG_GT/O       | None       |          90 |               0 |   89 |           1 |    0 |    0 |   0 |  0 |    0 |   0 |       0 | bd_i/xdma_0/inst/pcie4_ip_i/inst/bd_xdma_0_0_pcie4_ip_gt_top_i/diablo_gt.diablo_gt_phy_wrapper/phy_clk_i/PHY_USERCLK                                                                                                                                                                                                                                                                                               |
| g6        | 18    | BUFGCE/O        | None       |        3228 |               0 | 3184 |          44 |    0 |    0 |   0 |  0 |    0 |   0 |       0 | bd_i/ddr4_3/inst/u_ddr4_infrastructure/u_bufg_divClk_0                                                                                                                                                                                                                                                                                                                                                             |
| g7        | 4     | BUFGCE/O        | None       |        3812 |               0 | 3552 |         260 |    0 |    0 |   0 |  0 |    0 |   0 |       0 | bd_i/ddr4_2/inst/u_ddr4_infrastructure/u_bufg_divClk_0                                                                                                                                                                                                                                                                                                                                                             |
| g8        | 13    | BUFGCE/O        | None       |         811 |               0 |  798 |          13 |    0 |    0 |   0 |  0 |    0 |   0 |       0 | bd_i/ddr4_1/inst/u_ddr4_infrastructure/u_bufg_divClk_0                                                                                                                                                                                                                                                                                                                                                             |
| g10       | 11    | BUFG_GT/O       | None       |          13 |               0 |   13 |           0 |    0 |    0 |   0 |  0 |    0 |   0 |       0 | bd_i/xdma_0/inst/pcie4_ip_i/inst/sys_clk_bufg                                                                                                                                                                                                                                                                                                                                                                      |
| g1+       | 1     | BUFG_GT/O       | None       |           0 |               0 |    0 |           0 |    0 |    0 |   0 |  0 |    0 |   0 |       0 | bd_i/xdma_0/inst/pcie4_ip_i/inst/bd_xdma_0_0_pcie4_ip_gt_top_i/diablo_gt.diablo_gt_phy_wrapper/phy_clk_i/CLK_PCLK2_GT                                                                                                                                                                                                                                                                                              |
| g2+       | 9     | BUFG_GT/O       | None       |           0 |               0 |    0 |           0 |    0 |    0 |   0 |  0 |    0 |   0 |       0 | bd_i/xdma_0/inst/pcie4_ip_i/inst/bd_xdma_0_0_pcie4_ip_gt_top_i/diablo_gt.diablo_gt_phy_wrapper/phy_clk_i/PHY_CORECLK                                                                                                                                                                                                                                                                                               |
| g15+      | 15    | BUFGCE/O        | None       |           0 |               0 |    0 |           0 |    0 |    0 |   0 |  0 |    0 |   0 |       0 | bd_i/ddr4_3/inst/u_ddr4_infrastructure/dbg_clk                                                                                                                                                                                                                                                                                                                                                                     |
| g20       | 16    | BUFG_GT/O       | None       |          31 |               0 |   31 |           0 |    0 |    0 |   0 |  0 |    0 |   0 |       0 | bd_i/xdma_0/inst/pcie4_ip_i/inst/bd_xdma_0_0_pcie4_ip_gt_top_i/diablo_gt.diablo_gt_phy_wrapper/gt_wizard.gtwizard_top_i/bd_xdma_0_0_pcie4_ip_gt_i/inst/gen_gtwizard_gtye4_top.bd_xdma_0_0_pcie4_ip_gt_gtwizard_gtye4_inst/gen_gtwizard_gtye4.gen_cpll_cal_gtye4.gen_cpll_cal_inst[3].gen_inst_cpll_cal.gtwizard_ultrascale_v1_7_19_gtye4_cpll_cal_inst/gtwizard_ultrascale_v1_7_19_gtye4_cpll_cal_tx_i/txoutclkmon |
+-----------+-------+-----------------+------------+-------------+-----------------+------+-------------+------+------+-----+----+------+-----+---------+--------------------------------------------------------------------------------------------------------------------------------------------------------------------------------------------------------------------------------------------------------------------------------------------------------------------------------------------------------------------------------------------------------------------+
* Clock Loads column represents cell count of net connects that connect to a clock pin. Internal cell leaf pins are not considered
** Non-Clock Loads column represents cell count of non-clock pin loads
*** Columns FF, LUTRAM, RAMB through 'Hard IP' represents load cell counts
**** In Global Id column, sympbol '+' indicates that global clock was used only to route through the clock region.


88. Clock Region Cell Placement per Global Clock: Region X4Y8
-------------------------------------------------------------

+-----------+-------+-----------------+------------+-------------+-----------------+------+-------------+------+------+-----+----+------+-----+---------+-----------------------------------------------------------------------------------------------------------------------+
| Global Id | Track | Driver Type/Pin | Constraint | Clock Loads | Non-Clock Loads | FF   | Memory LUTs | RAMB | URAM | DSP | GT | MMCM | PLL | Hard IP | Net                                                                                                                   |
+-----------+-------+-----------------+------------+-------------+-----------------+------+-------------+------+------+-----+----+------+-----+---------+-----------------------------------------------------------------------------------------------------------------------+
| g0+       | 6     | BUFG_GT/O       | None       |           0 |               0 |    0 |           0 |    0 |    0 |   0 |  0 |    0 |   0 |       0 | bd_i/xdma_0/inst/pcie4_ip_i/inst/bd_xdma_0_0_pcie4_ip_gt_top_i/diablo_gt.diablo_gt_phy_wrapper/phy_clk_i/PHY_USERCLK  |
| g6+       | 18    | BUFGCE/O        | None       |           0 |               0 |    0 |           0 |    0 |    0 |   0 |  0 |    0 |   0 |       0 | bd_i/ddr4_3/inst/u_ddr4_infrastructure/u_bufg_divClk_0                                                                |
| g8        | 13    | BUFGCE/O        | None       |        4113 |               1 | 3918 |         155 |    0 |    0 |   0 |  0 |    0 |   1 |       0 | bd_i/ddr4_1/inst/u_ddr4_infrastructure/u_bufg_divClk_0                                                                |
| g10+      | 11    | BUFG_GT/O       | None       |           0 |               0 |    0 |           0 |    0 |    0 |   0 |  0 |    0 |   0 |       0 | bd_i/xdma_0/inst/pcie4_ip_i/inst/sys_clk_bufg                                                                         |
| g1+       | 1     | BUFG_GT/O       | None       |           0 |               0 |    0 |           0 |    0 |    0 |   0 |  0 |    0 |   0 |       0 | bd_i/xdma_0/inst/pcie4_ip_i/inst/bd_xdma_0_0_pcie4_ip_gt_top_i/diablo_gt.diablo_gt_phy_wrapper/phy_clk_i/CLK_PCLK2_GT |
| g2+       | 9     | BUFG_GT/O       | None       |           0 |               0 |    0 |           0 |    0 |    0 |   0 |  0 |    0 |   0 |       0 | bd_i/xdma_0/inst/pcie4_ip_i/inst/bd_xdma_0_0_pcie4_ip_gt_top_i/diablo_gt.diablo_gt_phy_wrapper/phy_clk_i/PHY_CORECLK  |
| g12       | 19    | BUFGCE/O        | None       |          61 |               0 |   53 |           0 |    0 |    0 |   0 |  0 |    0 |   0 |       0 | bd_i/ddr4_1/inst/u_ddr4_infrastructure/c0_riu_clk                                                                     |
| g15       | 15    | BUFGCE/O        | None       |          20 |               0 |   20 |           0 |    0 |    0 |   0 |  0 |    0 |   0 |       0 | bd_i/ddr4_3/inst/u_ddr4_infrastructure/dbg_clk                                                                        |
| g16       | 20    | BUFGCE/O        | None       |           2 |               0 |    2 |           0 |    0 |    0 |   0 |  0 |    0 |   0 |       0 | dbg_hub/inst/BSCANID.u_xsdbm_id/itck_i                                                                                |
+-----------+-------+-----------------+------------+-------------+-----------------+------+-------------+------+------+-----+----+------+-----+---------+-----------------------------------------------------------------------------------------------------------------------+
* Clock Loads column represents cell count of net connects that connect to a clock pin. Internal cell leaf pins are not considered
** Non-Clock Loads column represents cell count of non-clock pin loads
*** Columns FF, LUTRAM, RAMB through 'Hard IP' represents load cell counts
**** In Global Id column, sympbol '+' indicates that global clock was used only to route through the clock region.


89. Clock Region Cell Placement per Global Clock: Region X5Y8
-------------------------------------------------------------

+-----------+-------+-----------------+------------+-------------+-----------------+------+-------------+------+------+-----+----+------+-----+---------+--------------------------------------------------------------------------------------------------------------------------------------------------------------------------------------------------------------------------------------------------------------------------------------------------------------------------------------------------------------------------------------------------------------------+
| Global Id | Track | Driver Type/Pin | Constraint | Clock Loads | Non-Clock Loads | FF   | Memory LUTs | RAMB | URAM | DSP | GT | MMCM | PLL | Hard IP | Net                                                                                                                                                                                                                                                                                                                                                                                                                |
+-----------+-------+-----------------+------------+-------------+-----------------+------+-------------+------+------+-----+----+------+-----+---------+--------------------------------------------------------------------------------------------------------------------------------------------------------------------------------------------------------------------------------------------------------------------------------------------------------------------------------------------------------------------------------------------------------------------+
| g0+       | 6     | BUFG_GT/O       | None       |           0 |               0 |    0 |           0 |    0 |    0 |   0 |  0 |    0 |   0 |       0 | bd_i/xdma_0/inst/pcie4_ip_i/inst/bd_xdma_0_0_pcie4_ip_gt_top_i/diablo_gt.diablo_gt_phy_wrapper/phy_clk_i/PHY_USERCLK                                                                                                                                                                                                                                                                                               |
| g10       | 11    | BUFG_GT/O       | None       |        1579 |               0 | 1570 |           4 |    0 |    0 |   0 |  4 |    0 |   0 |       0 | bd_i/xdma_0/inst/pcie4_ip_i/inst/sys_clk_bufg                                                                                                                                                                                                                                                                                                                                                                      |
| g1        | 1     | BUFG_GT/O       | None       |          44 |               0 |   40 |           0 |    0 |    0 |   0 |  4 |    0 |   0 |       0 | bd_i/xdma_0/inst/pcie4_ip_i/inst/bd_xdma_0_0_pcie4_ip_gt_top_i/diablo_gt.diablo_gt_phy_wrapper/phy_clk_i/CLK_PCLK2_GT                                                                                                                                                                                                                                                                                              |
| g2+       | 9     | BUFG_GT/O       | None       |           0 |               0 |    0 |           0 |    0 |    0 |   0 |  0 |    0 |   0 |       0 | bd_i/xdma_0/inst/pcie4_ip_i/inst/bd_xdma_0_0_pcie4_ip_gt_top_i/diablo_gt.diablo_gt_phy_wrapper/phy_clk_i/PHY_CORECLK                                                                                                                                                                                                                                                                                               |
| g21       | 19    | BUFG_GT/O       | None       |          31 |               0 |   31 |           0 |    0 |    0 |   0 |  0 |    0 |   0 |       0 | bd_i/xdma_0/inst/pcie4_ip_i/inst/bd_xdma_0_0_pcie4_ip_gt_top_i/diablo_gt.diablo_gt_phy_wrapper/gt_wizard.gtwizard_top_i/bd_xdma_0_0_pcie4_ip_gt_i/inst/gen_gtwizard_gtye4_top.bd_xdma_0_0_pcie4_ip_gt_gtwizard_gtye4_inst/gen_gtwizard_gtye4.gen_cpll_cal_gtye4.gen_cpll_cal_inst[4].gen_inst_cpll_cal.gtwizard_ultrascale_v1_7_19_gtye4_cpll_cal_inst/gtwizard_ultrascale_v1_7_19_gtye4_cpll_cal_tx_i/txoutclkmon |
| g22       | 5     | BUFG_GT/O       | None       |          31 |               0 |   31 |           0 |    0 |    0 |   0 |  0 |    0 |   0 |       0 | bd_i/xdma_0/inst/pcie4_ip_i/inst/bd_xdma_0_0_pcie4_ip_gt_top_i/diablo_gt.diablo_gt_phy_wrapper/gt_wizard.gtwizard_top_i/bd_xdma_0_0_pcie4_ip_gt_i/inst/gen_gtwizard_gtye4_top.bd_xdma_0_0_pcie4_ip_gt_gtwizard_gtye4_inst/gen_gtwizard_gtye4.gen_cpll_cal_gtye4.gen_cpll_cal_inst[5].gen_inst_cpll_cal.gtwizard_ultrascale_v1_7_19_gtye4_cpll_cal_inst/gtwizard_ultrascale_v1_7_19_gtye4_cpll_cal_tx_i/txoutclkmon |
| g23       | 7     | BUFG_GT/O       | None       |          31 |               0 |   31 |           0 |    0 |    0 |   0 |  0 |    0 |   0 |       0 | bd_i/xdma_0/inst/pcie4_ip_i/inst/bd_xdma_0_0_pcie4_ip_gt_top_i/diablo_gt.diablo_gt_phy_wrapper/gt_wizard.gtwizard_top_i/bd_xdma_0_0_pcie4_ip_gt_i/inst/gen_gtwizard_gtye4_top.bd_xdma_0_0_pcie4_ip_gt_gtwizard_gtye4_inst/gen_gtwizard_gtye4.gen_cpll_cal_gtye4.gen_cpll_cal_inst[6].gen_inst_cpll_cal.gtwizard_ultrascale_v1_7_19_gtye4_cpll_cal_inst/gtwizard_ultrascale_v1_7_19_gtye4_cpll_cal_tx_i/txoutclkmon |
| g3        | 17    | BUFG_GT/O       | None       |          31 |               0 |   31 |           0 |    0 |    0 |   0 |  0 |    0 |   0 |       0 | bd_i/xdma_0/inst/pcie4_ip_i/inst/bd_xdma_0_0_pcie4_ip_gt_top_i/diablo_gt.diablo_gt_phy_wrapper/gt_wizard.gtwizard_top_i/bd_xdma_0_0_pcie4_ip_gt_i/inst/gen_gtwizard_gtye4_top.bd_xdma_0_0_pcie4_ip_gt_gtwizard_gtye4_inst/gen_gtwizard_gtye4.gen_cpll_cal_gtye4.gen_cpll_cal_inst[7].gen_inst_cpll_cal.gtwizard_ultrascale_v1_7_19_gtye4_cpll_cal_inst/gtwizard_ultrascale_v1_7_19_gtye4_cpll_cal_tx_i/txoutclkmon |
| g4+       | 8     | BUFG_GT/O       | None       |           0 |               0 |    0 |           0 |    0 |    0 |   0 |  0 |    0 |   0 |       0 | bd_i/xdma_0/inst/pcie4_ip_i/inst/bd_xdma_0_0_pcie4_ip_gt_top_i/diablo_gt.diablo_gt_phy_wrapper/phy_clk_i/CLK_INTCLK                                                                                                                                                                                                                                                                                                |
| g5+       | 4     | BUFG_GT/O       | None       |           0 |               0 |    0 |           0 |    0 |    0 |   0 |  0 |    0 |   0 |       0 | bd_i/xdma_0/inst/pcie4_ip_i/inst/bd_xdma_0_0_pcie4_ip_gt_top_i/diablo_gt.diablo_gt_phy_wrapper/phy_clk_i/PHY_MCAPCLK                                                                                                                                                                                                                                                                                               |
+-----------+-------+-----------------+------------+-------------+-----------------+------+-------------+------+------+-----+----+------+-----+---------+--------------------------------------------------------------------------------------------------------------------------------------------------------------------------------------------------------------------------------------------------------------------------------------------------------------------------------------------------------------------------------------------------------------------+
* Clock Loads column represents cell count of net connects that connect to a clock pin. Internal cell leaf pins are not considered
** Non-Clock Loads column represents cell count of non-clock pin loads
*** Columns FF, LUTRAM, RAMB through 'Hard IP' represents load cell counts
**** In Global Id column, sympbol '+' indicates that global clock was used only to route through the clock region.


90. Clock Region Cell Placement per Global Clock: Region X0Y9
-------------------------------------------------------------

+-----------+-------+-----------------+------------+-------------+-----------------+------+-------------+------+------+-----+----+------+-----+---------+--------------------------------------------------------+
| Global Id | Track | Driver Type/Pin | Constraint | Clock Loads | Non-Clock Loads | FF   | Memory LUTs | RAMB | URAM | DSP | GT | MMCM | PLL | Hard IP | Net                                                    |
+-----------+-------+-----------------+------------+-------------+-----------------+------+-------------+------+------+-----+----+------+-----+---------+--------------------------------------------------------+
| g6        | 18    | BUFGCE/O        | None       |        1451 |               0 | 1451 |           0 |    0 |    0 |   0 |  0 |    0 |   0 |       0 | bd_i/ddr4_3/inst/u_ddr4_infrastructure/u_bufg_divClk_0 |
+-----------+-------+-----------------+------------+-------------+-----------------+------+-------------+------+------+-----+----+------+-----+---------+--------------------------------------------------------+
* Clock Loads column represents cell count of net connects that connect to a clock pin. Internal cell leaf pins are not considered
** Non-Clock Loads column represents cell count of non-clock pin loads
*** Columns FF, LUTRAM, RAMB through 'Hard IP' represents load cell counts


91. Clock Region Cell Placement per Global Clock: Region X1Y9
-------------------------------------------------------------

+-----------+-------+-----------------+------------+-------------+-----------------+------+-------------+------+------+-----+----+------+-----+---------+--------------------------------------------------------+
| Global Id | Track | Driver Type/Pin | Constraint | Clock Loads | Non-Clock Loads | FF   | Memory LUTs | RAMB | URAM | DSP | GT | MMCM | PLL | Hard IP | Net                                                    |
+-----------+-------+-----------------+------------+-------------+-----------------+------+-------------+------+------+-----+----+------+-----+---------+--------------------------------------------------------+
| g6        | 18    | BUFGCE/O        | None       |        1970 |               0 | 1882 |          88 |    0 |    0 |   0 |  0 |    0 |   0 |       0 | bd_i/ddr4_3/inst/u_ddr4_infrastructure/u_bufg_divClk_0 |
+-----------+-------+-----------------+------------+-------------+-----------------+------+-------------+------+------+-----+----+------+-----+---------+--------------------------------------------------------+
* Clock Loads column represents cell count of net connects that connect to a clock pin. Internal cell leaf pins are not considered
** Non-Clock Loads column represents cell count of non-clock pin loads
*** Columns FF, LUTRAM, RAMB through 'Hard IP' represents load cell counts


92. Clock Region Cell Placement per Global Clock: Region X2Y9
-------------------------------------------------------------

+-----------+-------+-----------------+------------+-------------+-----------------+------+-------------+------+------+-----+----+------+-----+---------+--------------------------------------------------------+
| Global Id | Track | Driver Type/Pin | Constraint | Clock Loads | Non-Clock Loads | FF   | Memory LUTs | RAMB | URAM | DSP | GT | MMCM | PLL | Hard IP | Net                                                    |
+-----------+-------+-----------------+------------+-------------+-----------------+------+-------------+------+------+-----+----+------+-----+---------+--------------------------------------------------------+
| g6        | 18    | BUFGCE/O        | None       |        2413 |               0 | 2326 |          87 |    0 |    0 |   0 |  0 |    0 |   0 |       0 | bd_i/ddr4_3/inst/u_ddr4_infrastructure/u_bufg_divClk_0 |
| g7        | 4     | BUFGCE/O        | None       |        5159 |               1 | 5117 |          12 |    0 |    0 |   0 |  0 |    0 |   1 |       0 | bd_i/ddr4_2/inst/u_ddr4_infrastructure/u_bufg_divClk_0 |
| g13       | 8     | BUFGCE/O        | None       |          90 |               0 |   83 |           0 |    1 |    0 |   0 |  0 |    0 |   0 |       0 | bd_i/ddr4_2/inst/u_ddr4_infrastructure/c0_riu_clk      |
| g26       | 23    | BUFGCE/O        | None       |           1 |               0 |    1 |           0 |    0 |    0 |   0 |  0 |    0 |   0 |       0 | bd_i/ddr4_2/inst/u_ddr4_infrastructure/sys_clk_in_bufg |
+-----------+-------+-----------------+------------+-------------+-----------------+------+-------------+------+------+-----+----+------+-----+---------+--------------------------------------------------------+
* Clock Loads column represents cell count of net connects that connect to a clock pin. Internal cell leaf pins are not considered
** Non-Clock Loads column represents cell count of non-clock pin loads
*** Columns FF, LUTRAM, RAMB through 'Hard IP' represents load cell counts


93. Clock Region Cell Placement per Global Clock: Region X3Y9
-------------------------------------------------------------

+-----------+-------+-----------------+------------+-------------+-----------------+------+-------------+------+------+-----+----+------+-----+---------+--------------------------------------------------------+
| Global Id | Track | Driver Type/Pin | Constraint | Clock Loads | Non-Clock Loads | FF   | Memory LUTs | RAMB | URAM | DSP | GT | MMCM | PLL | Hard IP | Net                                                    |
+-----------+-------+-----------------+------------+-------------+-----------------+------+-------------+------+------+-----+----+------+-----+---------+--------------------------------------------------------+
| g6        | 18    | BUFGCE/O        | None       |        1218 |               0 | 1185 |          33 |    0 |    0 |   0 |  0 |    0 |   0 |       0 | bd_i/ddr4_3/inst/u_ddr4_infrastructure/u_bufg_divClk_0 |
| g7        | 4     | BUFGCE/O        | None       |        3665 |               0 | 3553 |         112 |    0 |    0 |   0 |  0 |    0 |   0 |       0 | bd_i/ddr4_2/inst/u_ddr4_infrastructure/u_bufg_divClk_0 |
| g10+      | 11    | BUFG_GT/O       | None       |           0 |               0 |    0 |           0 |    0 |    0 |   0 |  0 |    0 |   0 |       0 | bd_i/xdma_0/inst/pcie4_ip_i/inst/sys_clk_bufg          |
| g15+      | 15    | BUFGCE/O        | None       |           0 |               0 |    0 |           0 |    0 |    0 |   0 |  0 |    0 |   0 |       0 | bd_i/ddr4_3/inst/u_ddr4_infrastructure/dbg_clk         |
+-----------+-------+-----------------+------------+-------------+-----------------+------+-------------+------+------+-----+----+------+-----+---------+--------------------------------------------------------+
* Clock Loads column represents cell count of net connects that connect to a clock pin. Internal cell leaf pins are not considered
** Non-Clock Loads column represents cell count of non-clock pin loads
*** Columns FF, LUTRAM, RAMB through 'Hard IP' represents load cell counts
**** In Global Id column, sympbol '+' indicates that global clock was used only to route through the clock region.


94. Clock Region Cell Placement per Global Clock: Region X4Y9
-------------------------------------------------------------

+-----------+-------+-----------------+------------+-------------+-----------------+----+-------------+------+------+-----+----+------+-----+---------+--------------------------------------------------------+
| Global Id | Track | Driver Type/Pin | Constraint | Clock Loads | Non-Clock Loads | FF | Memory LUTs | RAMB | URAM | DSP | GT | MMCM | PLL | Hard IP | Net                                                    |
+-----------+-------+-----------------+------------+-------------+-----------------+----+-------------+------+------+-----+----+------+-----+---------+--------------------------------------------------------+
| g6+       | 18    | BUFGCE/O        | None       |           0 |               0 |  0 |           0 |    0 |    0 |   0 |  0 |    0 |   0 |       0 | bd_i/ddr4_3/inst/u_ddr4_infrastructure/u_bufg_divClk_0 |
| g10+      | 11    | BUFG_GT/O       | None       |           0 |               0 |  0 |           0 |    0 |    0 |   0 |  0 |    0 |   0 |       0 | bd_i/xdma_0/inst/pcie4_ip_i/inst/sys_clk_bufg          |
+-----------+-------+-----------------+------------+-------------+-----------------+----+-------------+------+------+-----+----+------+-----+---------+--------------------------------------------------------+
* Clock Loads column represents cell count of net connects that connect to a clock pin. Internal cell leaf pins are not considered
** Non-Clock Loads column represents cell count of non-clock pin loads
*** Columns FF, LUTRAM, RAMB through 'Hard IP' represents load cell counts
**** In Global Id column, sympbol '+' indicates that global clock was used only to route through the clock region.


95. Clock Region Cell Placement per Global Clock: Region X5Y9
-------------------------------------------------------------

+-----------+-------+-----------------+------------+-------------+-----------------+----+-------------+------+------+-----+----+------+-----+---------+-----------------------------------------------+
| Global Id | Track | Driver Type/Pin | Constraint | Clock Loads | Non-Clock Loads | FF | Memory LUTs | RAMB | URAM | DSP | GT | MMCM | PLL | Hard IP | Net                                           |
+-----------+-------+-----------------+------------+-------------+-----------------+----+-------------+------+------+-----+----+------+-----+---------+-----------------------------------------------+
| g10       | 11    | BUFG_GT/O       | None       |          81 |               0 | 81 |           0 |    0 |    0 |   0 |  0 |    0 |   0 |       0 | bd_i/xdma_0/inst/pcie4_ip_i/inst/sys_clk_bufg |
+-----------+-------+-----------------+------------+-------------+-----------------+----+-------------+------+------+-----+----+------+-----+---------+-----------------------------------------------+
* Clock Loads column represents cell count of net connects that connect to a clock pin. Internal cell leaf pins are not considered
** Non-Clock Loads column represents cell count of non-clock pin loads
*** Columns FF, LUTRAM, RAMB through 'Hard IP' represents load cell counts


96. Clock Region Cell Placement per Global Clock: Region X2Y10
--------------------------------------------------------------

+-----------+-------+-----------------+------------+-------------+-----------------+-----+-------------+------+------+-----+----+------+-----+---------+--------------------------------------------------------+
| Global Id | Track | Driver Type/Pin | Constraint | Clock Loads | Non-Clock Loads | FF  | Memory LUTs | RAMB | URAM | DSP | GT | MMCM | PLL | Hard IP | Net                                                    |
+-----------+-------+-----------------+------------+-------------+-----------------+-----+-------------+------+------+-----+----+------+-----+---------+--------------------------------------------------------+
| g6        | 18    | BUFGCE/O        | None       |         785 |               0 | 745 |          40 |    0 |    0 |   0 |  0 |    0 |   0 |       0 | bd_i/ddr4_3/inst/u_ddr4_infrastructure/u_bufg_divClk_0 |
+-----------+-------+-----------------+------------+-------------+-----------------+-----+-------------+------+------+-----+----+------+-----+---------+--------------------------------------------------------+
* Clock Loads column represents cell count of net connects that connect to a clock pin. Internal cell leaf pins are not considered
** Non-Clock Loads column represents cell count of non-clock pin loads
*** Columns FF, LUTRAM, RAMB through 'Hard IP' represents load cell counts


97. Clock Region Cell Placement per Global Clock: Region X3Y10
--------------------------------------------------------------

+-----------+-------+-----------------+------------+-------------+-----------------+------+-------------+------+------+-----+----+------+-----+---------+--------------------------------------------------------+
| Global Id | Track | Driver Type/Pin | Constraint | Clock Loads | Non-Clock Loads | FF   | Memory LUTs | RAMB | URAM | DSP | GT | MMCM | PLL | Hard IP | Net                                                    |
+-----------+-------+-----------------+------------+-------------+-----------------+------+-------------+------+------+-----+----+------+-----+---------+--------------------------------------------------------+
| g6        | 18    | BUFGCE/O        | None       |        1697 |               0 | 1669 |          28 |    0 |    0 |   0 |  0 |    0 |   0 |       0 | bd_i/ddr4_3/inst/u_ddr4_infrastructure/u_bufg_divClk_0 |
| g15+      | 15    | BUFGCE/O        | None       |           0 |               0 |    0 |           0 |    0 |    0 |   0 |  0 |    0 |   0 |       0 | bd_i/ddr4_3/inst/u_ddr4_infrastructure/dbg_clk         |
+-----------+-------+-----------------+------------+-------------+-----------------+------+-------------+------+------+-----+----+------+-----+---------+--------------------------------------------------------+
* Clock Loads column represents cell count of net connects that connect to a clock pin. Internal cell leaf pins are not considered
** Non-Clock Loads column represents cell count of non-clock pin loads
*** Columns FF, LUTRAM, RAMB through 'Hard IP' represents load cell counts
**** In Global Id column, sympbol '+' indicates that global clock was used only to route through the clock region.


98. Clock Region Cell Placement per Global Clock: Region X4Y10
--------------------------------------------------------------

+-----------+-------+-----------------+------------+-------------+-----------------+----+-------------+------+------+-----+----+------+-----+---------+--------------------------------------------------------+
| Global Id | Track | Driver Type/Pin | Constraint | Clock Loads | Non-Clock Loads | FF | Memory LUTs | RAMB | URAM | DSP | GT | MMCM | PLL | Hard IP | Net                                                    |
+-----------+-------+-----------------+------------+-------------+-----------------+----+-------------+------+------+-----+----+------+-----+---------+--------------------------------------------------------+
| g6+       | 18    | BUFGCE/O        | None       |           0 |               0 |  0 |           0 |    0 |    0 |   0 |  0 |    0 |   0 |       0 | bd_i/ddr4_3/inst/u_ddr4_infrastructure/u_bufg_divClk_0 |
| g14+      | 21    | BUFGCE/O        | None       |           0 |               0 |  0 |           0 |    0 |    0 |   0 |  0 |    0 |   0 |       0 | bd_i/ddr4_3/inst/u_ddr4_infrastructure/c0_riu_clk      |
+-----------+-------+-----------------+------------+-------------+-----------------+----+-------------+------+------+-----+----+------+-----+---------+--------------------------------------------------------+
* Clock Loads column represents cell count of net connects that connect to a clock pin. Internal cell leaf pins are not considered
** Non-Clock Loads column represents cell count of non-clock pin loads
*** Columns FF, LUTRAM, RAMB through 'Hard IP' represents load cell counts
**** In Global Id column, sympbol '+' indicates that global clock was used only to route through the clock region.


99. Clock Region Cell Placement per Global Clock: Region X3Y11
--------------------------------------------------------------

+-----------+-------+-----------------+------------+-------------+-----------------+------+-------------+------+------+-----+----+------+-----+---------+--------------------------------------------------------+
| Global Id | Track | Driver Type/Pin | Constraint | Clock Loads | Non-Clock Loads | FF   | Memory LUTs | RAMB | URAM | DSP | GT | MMCM | PLL | Hard IP | Net                                                    |
+-----------+-------+-----------------+------------+-------------+-----------------+------+-------------+------+------+-----+----+------+-----+---------+--------------------------------------------------------+
| g6        | 18    | BUFGCE/O        | None       |        1476 |               0 | 1462 |          14 |    0 |    0 |   0 |  0 |    0 |   0 |       0 | bd_i/ddr4_3/inst/u_ddr4_infrastructure/u_bufg_divClk_0 |
| g15+      | 15    | BUFGCE/O        | None       |           0 |               0 |    0 |           0 |    0 |    0 |   0 |  0 |    0 |   0 |       0 | bd_i/ddr4_3/inst/u_ddr4_infrastructure/dbg_clk         |
+-----------+-------+-----------------+------------+-------------+-----------------+------+-------------+------+------+-----+----+------+-----+---------+--------------------------------------------------------+
* Clock Loads column represents cell count of net connects that connect to a clock pin. Internal cell leaf pins are not considered
** Non-Clock Loads column represents cell count of non-clock pin loads
*** Columns FF, LUTRAM, RAMB through 'Hard IP' represents load cell counts
**** In Global Id column, sympbol '+' indicates that global clock was used only to route through the clock region.


100. Clock Region Cell Placement per Global Clock: Region X4Y11
---------------------------------------------------------------

+-----------+-------+-----------------+------------+-------------+-----------------+------+-------------+------+------+-----+----+------+-----+---------+--------------------------------------------------------------------------------+
| Global Id | Track | Driver Type/Pin | Constraint | Clock Loads | Non-Clock Loads | FF   | Memory LUTs | RAMB | URAM | DSP | GT | MMCM | PLL | Hard IP | Net                                                                            |
+-----------+-------+-----------------+------------+-------------+-----------------+------+-------------+------+------+-----+----+------+-----+---------+--------------------------------------------------------------------------------+
| g6        | 18    | BUFGCE/O        | None       |        8451 |               1 | 7724 |         689 |    2 |    0 |   0 |  0 |    0 |   1 |       0 | bd_i/ddr4_3/inst/u_ddr4_infrastructure/u_bufg_divClk_0                         |
| g14       | 21    | BUFGCE/O        | None       |          94 |               0 |   84 |           0 |    2 |    0 |   0 |  0 |    0 |   0 |       0 | bd_i/ddr4_3/inst/u_ddr4_infrastructure/c0_riu_clk                              |
| g15       | 15    | BUFGCE/O        | None       |         265 |               0 |  265 |           0 |    0 |    0 |   0 |  0 |    0 |   0 |       0 | bd_i/ddr4_3/inst/u_ddr4_infrastructure/dbg_clk                                 |
| g27       | 12    | BUFGCE/O        | None       |          15 |               0 |   15 |           0 |    0 |    0 |   0 |  0 |    0 |   0 |       0 | bd_i/ddr4_3/inst/u_ddr4_mem_intfc/u_mig_ddr4_phy/inst/u_ddr4_phy_pll/xlnx_opt_ |
+-----------+-------+-----------------+------------+-------------+-----------------+------+-------------+------+------+-----+----+------+-----+---------+--------------------------------------------------------------------------------+
* Clock Loads column represents cell count of net connects that connect to a clock pin. Internal cell leaf pins are not considered
** Non-Clock Loads column represents cell count of non-clock pin loads
*** Columns FF, LUTRAM, RAMB through 'Hard IP' represents load cell counts


101. Clock Region Cell Placement per Global Clock: Region X4Y12
---------------------------------------------------------------

+-----------+-------+-----------------+------------+-------------+-----------------+------+-------------+------+------+-----+----+------+-----+---------+--------------------------------------------------------------------------------+
| Global Id | Track | Driver Type/Pin | Constraint | Clock Loads | Non-Clock Loads | FF   | Memory LUTs | RAMB | URAM | DSP | GT | MMCM | PLL | Hard IP | Net                                                                            |
+-----------+-------+-----------------+------------+-------------+-----------------+------+-------------+------+------+-----+----+------+-----+---------+--------------------------------------------------------------------------------+
| g6        | 18    | BUFGCE/O        | None       |        6243 |               1 | 6197 |          16 |    0 |    0 |   0 |  0 |    0 |   1 |       0 | bd_i/ddr4_3/inst/u_ddr4_infrastructure/u_bufg_divClk_0                         |
| g14       | 21    | BUFGCE/O        | None       |        1385 |               0 | 1258 |          98 |   20 |    0 |   3 |  0 |    0 |   0 |       0 | bd_i/ddr4_3/inst/u_ddr4_infrastructure/c0_riu_clk                              |
| g15+      | 15    | BUFGCE/O        | None       |           0 |               0 |    0 |           0 |    0 |    0 |   0 |  0 |    0 |   0 |       0 | bd_i/ddr4_3/inst/u_ddr4_infrastructure/dbg_clk                                 |
| g27       | 12    | BUFGCE/O        | None       |           2 |               1 |    2 |           0 |    0 |    0 |   0 |  0 |    1 |   0 |       0 | bd_i/ddr4_3/inst/u_ddr4_mem_intfc/u_mig_ddr4_phy/inst/u_ddr4_phy_pll/xlnx_opt_ |
+-----------+-------+-----------------+------------+-------------+-----------------+------+-------------+------+------+-----+----+------+-----+---------+--------------------------------------------------------------------------------+
* Clock Loads column represents cell count of net connects that connect to a clock pin. Internal cell leaf pins are not considered
** Non-Clock Loads column represents cell count of non-clock pin loads
*** Columns FF, LUTRAM, RAMB through 'Hard IP' represents load cell counts
**** In Global Id column, sympbol '+' indicates that global clock was used only to route through the clock region.


102. Clock Region Cell Placement per Global Clock: Region X4Y13
---------------------------------------------------------------

+-----------+-------+-----------------+------------+-------------+-----------------+------+-------------+------+------+-----+----+------+-----+---------+--------------------------------------------------------+
| Global Id | Track | Driver Type/Pin | Constraint | Clock Loads | Non-Clock Loads | FF   | Memory LUTs | RAMB | URAM | DSP | GT | MMCM | PLL | Hard IP | Net                                                    |
+-----------+-------+-----------------+------------+-------------+-----------------+------+-------------+------+------+-----+----+------+-----+---------+--------------------------------------------------------+
| g6        | 18    | BUFGCE/O        | None       |        2180 |               1 | 2140 |           0 |    0 |    0 |   0 |  0 |    0 |   1 |       0 | bd_i/ddr4_3/inst/u_ddr4_infrastructure/u_bufg_divClk_0 |
| g14       | 21    | BUFGCE/O        | None       |         106 |               0 |   96 |           0 |    2 |    0 |   0 |  0 |    0 |   0 |       0 | bd_i/ddr4_3/inst/u_ddr4_infrastructure/c0_riu_clk      |
+-----------+-------+-----------------+------------+-------------+-----------------+------+-------------+------+------+-----+----+------+-----+---------+--------------------------------------------------------+
* Clock Loads column represents cell count of net connects that connect to a clock pin. Internal cell leaf pins are not considered
** Non-Clock Loads column represents cell count of non-clock pin loads
*** Columns FF, LUTRAM, RAMB through 'Hard IP' represents load cell counts


