
=== R-b LOCAL GATE start 2026-08-13T18:09:43-06:00 host=darthplagueis ===
  tree      = 0636b7f4baef53062a53aa9e597811120595ec65
  verilator = Verilator 5.020 2024-01-01 rev (Debian 5.020-1)
  VECPY     = python3

=== L1  obj_dir_tb_layer family (frozen ladder) — released to snoke when done ===
verilator --binary --timing -j 4 -Wall \
  --Mdir obj_dir_tb_layer -o tb_layer \
  --top-module tb_layer_chan \
  ../rtl/fx_pkg.sv ../rtl/fx_rsqrt.sv ../rtl/fx_recip.sv ../rtl/fx_silu.sv ../rtl/vecnorm_unit.sv ../rtl/rope_unit.sv ../rtl/conv4_silu.sv ../rtl/dn_step.sv ../rtl/attn_core.sv ../rtl/gate_unit.sv ../rtl/vec_alu.sv ../rtl/layer_chan.sv tb_layer_chan.sv
make[1]: Entering directory '/home/cah/r2d2/code/fpga/fable5_llm/tb/obj_dir_tb_layer'
make[1]: Nothing to be done for 'default'.
make[1]: Leaving directory '/home/cah/r2d2/code/fpga/fable5_llm/tb/obj_dir_tb_layer'
obj_dir_tb_layer/tb_layer +script=scripts/layer_s1.txt
TB_LAYER_CHAN PASS: 707 cmds, 76941 checks bit-exact (scripts/layer_s1.txt)
- tb_layer_chan.sv:273: Verilog $finish
obj_dir_tb_layer/tb_layer +script=scripts/layer_s2.txt
TB_LAYER_CHAN PASS: 707 cmds, 76941 checks bit-exact (scripts/layer_s2.txt)
- tb_layer_chan.sv:273: Verilog $finish
obj_dir_tb_layer/tb_layer +script=scripts/layer_s3.txt
TB_LAYER_CHAN PASS: 707 cmds, 76941 checks bit-exact (scripts/layer_s3.txt)
- tb_layer_chan.sv:273: Verilog $finish
obj_dir_tb_layer/tb_layer +script=scripts/layer_s4.txt
TB_LAYER_CHAN PASS: 707 cmds, 76941 checks bit-exact (scripts/layer_s4.txt)
- tb_layer_chan.sv:273: Verilog $finish
verilator --binary --timing -j 4 -Wall \
  --Mdir obj_dir_tb_layer -o tb_layer \
  --top-module tb_layer_chan \
  ../rtl/fx_pkg.sv ../rtl/fx_rsqrt.sv ../rtl/fx_recip.sv ../rtl/fx_silu.sv ../rtl/vecnorm_unit.sv ../rtl/rope_unit.sv ../rtl/conv4_silu.sv ../rtl/dn_step.sv ../rtl/attn_core.sv ../rtl/gate_unit.sv ../rtl/vec_alu.sv ../rtl/layer_chan.sv tb_layer_chan.sv
make[1]: Entering directory '/home/cah/r2d2/code/fpga/fable5_llm/tb/obj_dir_tb_layer'
make[1]: Nothing to be done for 'default'.
make[1]: Leaving directory '/home/cah/r2d2/code/fpga/fable5_llm/tb/obj_dir_tb_layer'
obj_dir_tb_layer/tb_layer +script=scripts/token_s1.txt +emb=scripts/token_s1.emb.bin
emb table: 16777216 bytes (8192 rows of 1024) from scripts/token_s1.emb.bin
TB_LAYER_CHAN PASS: 728 cmds, 80022 checks bit-exact (scripts/token_s1.txt)
- tb_layer_chan.sv:273: Verilog $finish
obj_dir_tb_layer/tb_layer +script=scripts/token_s2.txt +emb=scripts/token_s2.emb.bin
emb table: 16777216 bytes (8192 rows of 1024) from scripts/token_s2.emb.bin
TB_LAYER_CHAN PASS: 728 cmds, 80022 checks bit-exact (scripts/token_s2.txt)
- tb_layer_chan.sv:273: Verilog $finish
obj_dir_tb_layer/tb_layer +script=scripts/token_s3.txt +emb=scripts/token_s3.emb.bin
emb table: 16777216 bytes (8192 rows of 1024) from scripts/token_s3.emb.bin
TB_LAYER_CHAN PASS: 728 cmds, 80022 checks bit-exact (scripts/token_s3.txt)
- tb_layer_chan.sv:273: Verilog $finish
obj_dir_tb_layer/tb_layer +script=scripts/token_s4.txt +emb=scripts/token_s4.emb.bin
emb table: 16777216 bytes (8192 rows of 1024) from scripts/token_s4.emb.bin
TB_LAYER_CHAN PASS: 728 cmds, 80022 checks bit-exact (scripts/token_s4.txt)
- tb_layer_chan.sv:273: Verilog $finish
RC_layer_token=0
cd ../ref && .venv/bin/python gen_chain_script.py ../tb/scripts/chain_s1.txt 1 3 8
chain script: seed=1 ntok=3 nlayers=8 (DN=6 GQA=2) cmds=3660 hostwords=1006560 weights=62 -> ../tb/scripts/chain_s1.txt
cd ../ref && .venv/bin/python gen_chain_script.py ../tb/scripts/chain_s2.txt 2 3 8
chain script: seed=2 ntok=3 nlayers=8 (DN=6 GQA=2) cmds=3660 hostwords=1006560 weights=62 -> ../tb/scripts/chain_s2.txt
cd ../ref && .venv/bin/python gen_chain_script.py ../tb/scripts/chain_s3.txt 3 3 8
chain script: seed=3 ntok=3 nlayers=8 (DN=6 GQA=2) cmds=3660 hostwords=1006560 weights=62 -> ../tb/scripts/chain_s3.txt
cd ../ref && .venv/bin/python gen_chain_script.py ../tb/scripts/chain_s4.txt 4 3 8
chain script: seed=4 ntok=3 nlayers=8 (DN=6 GQA=2) cmds=3660 hostwords=1006560 weights=62 -> ../tb/scripts/chain_s4.txt
verilator --binary --timing -j 4 -Wall \
  --Mdir obj_dir_tb_layer -o tb_layer \
  --top-module tb_layer_chan \
  ../rtl/fx_pkg.sv ../rtl/fx_rsqrt.sv ../rtl/fx_recip.sv ../rtl/fx_silu.sv ../rtl/vecnorm_unit.sv ../rtl/rope_unit.sv ../rtl/conv4_silu.sv ../rtl/dn_step.sv ../rtl/attn_core.sv ../rtl/gate_unit.sv ../rtl/vec_alu.sv ../rtl/layer_chan.sv tb_layer_chan.sv
make[1]: Entering directory '/home/cah/r2d2/code/fpga/fable5_llm/tb/obj_dir_tb_layer'
make[1]: Nothing to be done for 'default'.
make[1]: Leaving directory '/home/cah/r2d2/code/fpga/fable5_llm/tb/obj_dir_tb_layer'
obj_dir_tb_layer/tb_layer +script=scripts/chain_s1.txt +watchdog_ms=4000
TB_LAYER_CHAN PASS: 3660 cmds, 315642 checks bit-exact (scripts/chain_s1.txt)
- tb_layer_chan.sv:273: Verilog $finish
obj_dir_tb_layer/tb_layer +script=scripts/chain_s2.txt +watchdog_ms=4000
TB_LAYER_CHAN PASS: 3660 cmds, 315642 checks bit-exact (scripts/chain_s2.txt)
- tb_layer_chan.sv:273: Verilog $finish
obj_dir_tb_layer/tb_layer +script=scripts/chain_s3.txt +watchdog_ms=4000
TB_LAYER_CHAN PASS: 3660 cmds, 315642 checks bit-exact (scripts/chain_s3.txt)
- tb_layer_chan.sv:273: Verilog $finish
obj_dir_tb_layer/tb_layer +script=scripts/chain_s4.txt +watchdog_ms=4000
TB_LAYER_CHAN PASS: 3660 cmds, 315642 checks bit-exact (scripts/chain_s4.txt)
- tb_layer_chan.sv:273: Verilog $finish
RC_chain=0
cd ../ref && .venv/bin/python gen_token_script.py ../tb/scripts/token24_s1.txt 1 3 8192 24
token script: seed=1 ntok=3 vocab=8192 nlayers=24 (DN=18 GQA=6) cmds=11001 hostwords=3062688 weights=187 tokens_out=[227, 7296, 4152] -> ../tb/scripts/token24_s1.txt
cd ../ref && .venv/bin/python gen_token_script.py ../tb/scripts/token24_s2.txt 2 3 8192 24
token script: seed=2 ntok=3 vocab=8192 nlayers=24 (DN=18 GQA=6) cmds=11001 hostwords=3062688 weights=187 tokens_out=[6804, 5014, 1417] -> ../tb/scripts/token24_s2.txt
cd ../ref && .venv/bin/python gen_token_script.py ../tb/scripts/token24_s3.txt 3 3 8192 24
token script: seed=3 ntok=3 vocab=8192 nlayers=24 (DN=18 GQA=6) cmds=11001 hostwords=3062688 weights=187 tokens_out=[1915, 3941, 8182] -> ../tb/scripts/token24_s3.txt
cd ../ref && .venv/bin/python gen_token_script.py ../tb/scripts/token24_s4.txt 4 3 8192 24
token script: seed=4 ntok=3 vocab=8192 nlayers=24 (DN=18 GQA=6) cmds=11001 hostwords=3062688 weights=187 tokens_out=[895, 4801, 2295] -> ../tb/scripts/token24_s4.txt
verilator --binary --timing -j 4 -Wall \
  --Mdir obj_dir_tb_layer -o tb_layer \
  --top-module tb_layer_chan \
  ../rtl/fx_pkg.sv ../rtl/fx_rsqrt.sv ../rtl/fx_recip.sv ../rtl/fx_silu.sv ../rtl/vecnorm_unit.sv ../rtl/rope_unit.sv ../rtl/conv4_silu.sv ../rtl/dn_step.sv ../rtl/attn_core.sv ../rtl/gate_unit.sv ../rtl/vec_alu.sv ../rtl/layer_chan.sv tb_layer_chan.sv
make[1]: Entering directory '/home/cah/r2d2/code/fpga/fable5_llm/tb/obj_dir_tb_layer'
make[1]: Nothing to be done for 'default'.
make[1]: Leaving directory '/home/cah/r2d2/code/fpga/fable5_llm/tb/obj_dir_tb_layer'
obj_dir_tb_layer/tb_layer +script=scripts/token24_s1.txt +emb=scripts/token24_s1.emb.bin +watchdog_ms=20000
emb table: 16777216 bytes (8192 rows of 1024) from scripts/token24_s1.emb.bin
TB_LAYER_CHAN PASS: 11001 cmds, 950007 checks bit-exact (scripts/token24_s1.txt)
- tb_layer_chan.sv:273: Verilog $finish
obj_dir_tb_layer/tb_layer +script=scripts/token24_s2.txt +emb=scripts/token24_s2.emb.bin +watchdog_ms=20000
emb table: 16777216 bytes (8192 rows of 1024) from scripts/token24_s2.emb.bin
TB_LAYER_CHAN PASS: 11001 cmds, 950007 checks bit-exact (scripts/token24_s2.txt)
- tb_layer_chan.sv:273: Verilog $finish
obj_dir_tb_layer/tb_layer +script=scripts/token24_s3.txt +emb=scripts/token24_s3.emb.bin +watchdog_ms=20000
emb table: 16777216 bytes (8192 rows of 1024) from scripts/token24_s3.emb.bin
TB_LAYER_CHAN PASS: 11001 cmds, 950007 checks bit-exact (scripts/token24_s3.txt)
- tb_layer_chan.sv:273: Verilog $finish
obj_dir_tb_layer/tb_layer +script=scripts/token24_s4.txt +emb=scripts/token24_s4.emb.bin +watchdog_ms=20000
emb table: 16777216 bytes (8192 rows of 1024) from scripts/token24_s4.emb.bin
TB_LAYER_CHAN PASS: 11001 cmds, 950007 checks bit-exact (scripts/token24_s4.txt)
- tb_layer_chan.sv:273: Verilog $finish
RC_token24=0

=== L1 done 2026-08-13T18:33:41-06:00 — obj_dir_tb_layer released ===

=== L2  unit + widened-geometry directed set ===
verilator --lint-only -Wall --timing ../rtl/matvec_engine.sv
RC_lint_matvec=0
seq vectors: seed=1 -> vecseq/s1  dynq16=446 (k -14..17), probe8=24, epsnorm=68, vecnorm N=2048 (rmsnorm + l2norm)
seq vectors: seed=2 -> vecseq/s2  dynq16=446 (k -14..17), probe8=24, epsnorm=68, vecnorm N=2048 (rmsnorm + l2norm)
seq vectors: seed=3 -> vecseq/s3  dynq16=446 (k -14..17), probe8=24, epsnorm=68, vecnorm N=2048 (rmsnorm + l2norm)
seq vectors: seed=4 -> vecseq/s4  dynq16=446 (k -14..17), probe8=24, epsnorm=68, vecnorm N=2048 (rmsnorm + l2norm)
verilator --binary --timing -j 4 -Wall \
  --Mdir obj_dir_tb_alu -o tb_alu \
  --top-module tb_vec_alu \
  ../rtl/fx_pkg.sv ../rtl/vec_alu.sv tb_vec_alu.sv
make[1]: Entering directory '/home/cah/r2d2/code/fpga/fable5_llm/tb/obj_dir_tb_alu'
make[1]: Nothing to be done for 'default'.
make[1]: Leaving directory '/home/cah/r2d2/code/fpga/fable5_llm/tb/obj_dir_tb_alu'
obj_dir_tb_alu/tb_alu --seed 1 +vecdir=vectors/s1 +seqdir=vecseq/s1
  DYNQ16: 446 cases bit-exact (k -14..17, 223 clamp0) | op8 probe: 24 cases (maxp + k_a + legacy-output regression)
  S5 export: 13 AMAX32 commands, 2033 elements, 2033 bundle pulses, head==amax every command, 0 stray pulses
TB_VEC_ALU PASS: 10 ops bit-exact
- tb_vec_alu.sv:474: Verilog $finish
obj_dir_tb_alu/tb_alu --seed 2 +vecdir=vectors/s2 +seqdir=vecseq/s2
  DYNQ16: 446 cases bit-exact (k -14..17, 223 clamp0) | op8 probe: 24 cases (maxp + k_a + legacy-output regression)
  S5 export: 13 AMAX32 commands, 2033 elements, 2033 bundle pulses, head==amax every command, 0 stray pulses
TB_VEC_ALU PASS: 10 ops bit-exact
- tb_vec_alu.sv:474: Verilog $finish
obj_dir_tb_alu/tb_alu --seed 3 +vecdir=vectors/s3 +seqdir=vecseq/s3
  DYNQ16: 446 cases bit-exact (k -14..17, 223 clamp0) | op8 probe: 24 cases (maxp + k_a + legacy-output regression)
  S5 export: 13 AMAX32 commands, 2033 elements, 2033 bundle pulses, head==amax every command, 0 stray pulses
TB_VEC_ALU PASS: 10 ops bit-exact
- tb_vec_alu.sv:474: Verilog $finish
obj_dir_tb_alu/tb_alu --seed 4 +vecdir=vectors/s4 +seqdir=vecseq/s4
  DYNQ16: 446 cases bit-exact (k -14..17, 223 clamp0) | op8 probe: 24 cases (maxp + k_a + legacy-output regression)
  S5 export: 13 AMAX32 commands, 2033 elements, 2033 bundle pulses, head==amax every command, 0 stray pulses
TB_VEC_ALU PASS: 10 ops bit-exact
- tb_vec_alu.sv:474: Verilog $finish
-- RUNG4 S5: the >2^18 element chain (am_g wrap) on one seed --
obj_dir_tb_alu/tb_alu --seed 1 +vecdir=vectors/s1 +seqdir=vecseq/s1 +amaxlong
  DYNQ16: 446 cases bit-exact (k -14..17, 223 clamp0) | op8 probe: 24 cases (maxp + k_a + legacy-output regression)
  S5 export: 533 AMAX32 commands, 268273 elements, 268273 bundle pulses, head==amax every command, 0 stray pulses
TB_VEC_ALU PASS: 10 ops bit-exact
- tb_vec_alu.sv:474: Verilog $finish
verilator --binary --timing -j 4 -Wall \
  --Mdir obj_dir_tb_vecnorm -o tb_vecnorm \
  --top-module tb_vecnorm \
  ../rtl/fx_pkg.sv ../rtl/fx_rsqrt.sv ../rtl/vecnorm_unit.sv tb_vecnorm.sv
make[1]: Entering directory '/home/cah/r2d2/code/fpga/fable5_llm/tb/obj_dir_tb_vecnorm'
make[1]: Nothing to be done for 'default'.
make[1]: Leaving directory '/home/cah/r2d2/code/fpga/fable5_llm/tb/obj_dir_tb_vecnorm'
obj_dir_tb_vecnorm/tb_vecnorm --seed 1 +vecdir=vectors/s1 +seqdir=vecseq/s1
case 1: rmsnorm
case 2: l2norm
case 3: EPS-NORM
case 4: l2norm again (cfg_eps=0 back-compat)
case 5: l2norm N=2048 (nlog2=11, no weights)
case 6: rmsnorm N=2048 (nlog2=11, 2048 weights)
  EPS-NORM: 68 cases bit-exact (k -14..17, scale_max 65535)
  N=2048: l2norm + rmsnorm bit-exact (cfg_nlog2 = 11)
TB_VECNORM PASS: rmsnorm(1024) + l2norm(128) bit-exact
- tb_vecnorm.sv:270: Verilog $finish
obj_dir_tb_vecnorm/tb_vecnorm --seed 2 +vecdir=vectors/s2 +seqdir=vecseq/s2
case 1: rmsnorm
case 2: l2norm
case 3: EPS-NORM
case 4: l2norm again (cfg_eps=0 back-compat)
case 5: l2norm N=2048 (nlog2=11, no weights)
case 6: rmsnorm N=2048 (nlog2=11, 2048 weights)
  EPS-NORM: 68 cases bit-exact (k -14..17, scale_max 65535)
  N=2048: l2norm + rmsnorm bit-exact (cfg_nlog2 = 11)
TB_VECNORM PASS: rmsnorm(1024) + l2norm(128) bit-exact
- tb_vecnorm.sv:270: Verilog $finish
obj_dir_tb_vecnorm/tb_vecnorm --seed 3 +vecdir=vectors/s3 +seqdir=vecseq/s3
case 1: rmsnorm
case 2: l2norm
case 3: EPS-NORM
case 4: l2norm again (cfg_eps=0 back-compat)
case 5: l2norm N=2048 (nlog2=11, no weights)
case 6: rmsnorm N=2048 (nlog2=11, 2048 weights)
  EPS-NORM: 68 cases bit-exact (k -14..17, scale_max 65535)
  N=2048: l2norm + rmsnorm bit-exact (cfg_nlog2 = 11)
TB_VECNORM PASS: rmsnorm(1024) + l2norm(128) bit-exact
- tb_vecnorm.sv:270: Verilog $finish
obj_dir_tb_vecnorm/tb_vecnorm --seed 4 +vecdir=vectors/s4 +seqdir=vecseq/s4
case 1: rmsnorm
case 2: l2norm
case 3: EPS-NORM
case 4: l2norm again (cfg_eps=0 back-compat)
case 5: l2norm N=2048 (nlog2=11, no weights)
case 6: rmsnorm N=2048 (nlog2=11, 2048 weights)
  EPS-NORM: 68 cases bit-exact (k -14..17, scale_max 65535)
  N=2048: l2norm + rmsnorm bit-exact (cfg_nlog2 = 11)
TB_VECNORM PASS: rmsnorm(1024) + l2norm(128) bit-exact
- tb_vecnorm.sv:270: Verilog $finish
-- self-test: vecnorm_unit's cfg_nlog2 >= 12 envelope guard MUST trip --
Aborted (core dumped)
TB_VECNORM OK: 4 seeds (rmsnorm 1024, l2norm 128, EPS-NORM, N=2048 nlog2=11 x2) + envelope self-test
RC_alu_vecnorm=0
python3 ../ref/gen_matvec_vectors.py vec_s1 101 64 1024
vectors: seed=101 N=64 K=1024 NG=8 sh=5 beats=576
python3 ../ref/gen_matvec_vectors.py vec_s2 202 32 3584
vectors: seed=202 N=32 K=3584 NG=28 sh=7 beats=928
python3 ../ref/gen_matvec_vectors.py vec_s3 303 128 256
vectors: seed=303 N=128 K=256 NG=2 sh=3 beats=384
python3 ../ref/gen_matvec_vectors.py vec_s4 404 16 2048
vectors: seed=404 N=16 K=2048 NG=16 sh=6 beats=272
verilator --binary --timing -j 4 -Wall \
  --Mdir obj_dir_tb_matvec -o tb_matvec \
  --top-module tb_matvec \
  ../rtl/matvec_engine.sv tb_matvec.sv
make[1]: Entering directory '/home/cah/r2d2/code/fpga/fable5_llm/tb/obj_dir_tb_matvec'
make[1]: Nothing to be done for 'default'.
make[1]: Leaving directory '/home/cah/r2d2/code/fpga/fable5_llm/tb/obj_dir_tb_matvec'
obj_dir_tb_matvec/tb_matvec --seed 1 +vecdir=vec_s1
[26000] case vec_s1: K=1024 NG=8 SH=5 NROWS=64 BPR=9 G64=0
TB_MATVEC PASS: 1 case(s), 64 rows bit-exact (last K=1024 G64=0)
- tb_matvec.sv:372: Verilog $finish
obj_dir_tb_matvec/tb_matvec --seed 2 +vecdir=vec_s2
[26000] case vec_s2: K=3584 NG=28 SH=7 NROWS=32 BPR=29 G64=0
TB_MATVEC PASS: 1 case(s), 32 rows bit-exact (last K=3584 G64=0)
- tb_matvec.sv:372: Verilog $finish
obj_dir_tb_matvec/tb_matvec --seed 3 +vecdir=vec_s3
[26000] case vec_s3: K=256 NG=2 SH=3 NROWS=128 BPR=3 G64=0
TB_MATVEC PASS: 1 case(s), 128 rows bit-exact (last K=256 G64=0)
- tb_matvec.sv:372: Verilog $finish
obj_dir_tb_matvec/tb_matvec --seed 4 +vecdir=vec_s4
[26000] case vec_s4: K=2048 NG=16 SH=6 NROWS=16 BPR=17 G64=0
TB_MATVEC PASS: 1 case(s), 16 rows bit-exact (last K=2048 G64=0)
- tb_matvec.sv:372: Verilog $finish
vectors: seed=6101 N=23 K=128 g=128 wbeats=1 sbeats=1 NG128=1 sh=2 e=-5 beats=46
vectors: seed=6101 N=23 K=128 g=64 wbeats=1 sbeats=1 NG64=2 sh=2 e=-5 beats=46
vectors: seed=6102 N=23 K=128 g=128 wbeats=1 sbeats=1 NG128=1 sh=2 e=-5 beats=46
vectors: seed=6102 N=23 K=128 g=64 wbeats=1 sbeats=1 NG64=2 sh=2 e=-5 beats=46
vectors: seed=6103 N=23 K=128 g=128 wbeats=1 sbeats=1 NG128=1 sh=2 e=-5 beats=46
vectors: seed=6103 N=23 K=128 g=64 wbeats=1 sbeats=1 NG64=2 sh=2 e=-5 beats=46
vectors: seed=6104 N=23 K=128 g=128 wbeats=1 sbeats=1 NG128=1 sh=2 e=-5 beats=46
vectors: seed=6104 N=23 K=128 g=64 wbeats=1 sbeats=1 NG64=2 sh=2 e=-5 beats=46
vectors: seed=6201 N=24 K=256 g=128 wbeats=2 sbeats=1 NG128=2 sh=3 e=-5 beats=72
vectors: seed=6201 N=24 K=256 g=64 wbeats=2 sbeats=1 NG64=4 sh=3 e=-5 beats=72
vectors: seed=6202 N=24 K=256 g=128 wbeats=2 sbeats=1 NG128=2 sh=3 e=-5 beats=72
vectors: seed=6202 N=24 K=256 g=64 wbeats=2 sbeats=1 NG64=4 sh=3 e=-5 beats=72
vectors: seed=6203 N=24 K=256 g=128 wbeats=2 sbeats=1 NG128=2 sh=3 e=-5 beats=72
vectors: seed=6203 N=24 K=256 g=64 wbeats=2 sbeats=1 NG64=4 sh=3 e=-5 beats=72
vectors: seed=6204 N=24 K=256 g=128 wbeats=2 sbeats=1 NG128=2 sh=3 e=-5 beats=72
vectors: seed=6204 N=24 K=256 g=64 wbeats=2 sbeats=1 NG64=4 sh=3 e=-5 beats=72
vectors: seed=6301 N=17 K=384 g=128 wbeats=3 sbeats=1 NG128=3 sh=4 e=-5 beats=68
vectors: seed=6301 N=17 K=384 g=64 wbeats=3 sbeats=1 NG64=6 sh=4 e=-5 beats=68
vectors: seed=6302 N=17 K=384 g=128 wbeats=3 sbeats=1 NG128=3 sh=4 e=-5 beats=68
vectors: seed=6302 N=17 K=384 g=64 wbeats=3 sbeats=1 NG64=6 sh=4 e=-5 beats=68
vectors: seed=6303 N=17 K=384 g=128 wbeats=3 sbeats=1 NG128=3 sh=4 e=-5 beats=68
vectors: seed=6303 N=17 K=384 g=64 wbeats=3 sbeats=1 NG64=6 sh=4 e=-5 beats=68
vectors: seed=6304 N=17 K=384 g=128 wbeats=3 sbeats=1 NG128=3 sh=4 e=-5 beats=68
vectors: seed=6304 N=17 K=384 g=64 wbeats=3 sbeats=1 NG64=6 sh=4 e=-5 beats=68
vectors: seed=6401 N=31 K=512 g=128 wbeats=4 sbeats=1 NG128=4 sh=4 e=-5 beats=155
vectors: seed=6401 N=31 K=512 g=64 wbeats=4 sbeats=1 NG64=8 sh=4 e=-5 beats=155
vectors: seed=6402 N=31 K=512 g=128 wbeats=4 sbeats=1 NG128=4 sh=4 e=-5 beats=155
vectors: seed=6402 N=31 K=512 g=64 wbeats=4 sbeats=1 NG64=8 sh=4 e=-5 beats=155
vectors: seed=6403 N=31 K=512 g=128 wbeats=4 sbeats=1 NG128=4 sh=4 e=-5 beats=155
vectors: seed=6403 N=31 K=512 g=64 wbeats=4 sbeats=1 NG64=8 sh=4 e=-5 beats=155
vectors: seed=6404 N=31 K=512 g=128 wbeats=4 sbeats=1 NG128=4 sh=4 e=-5 beats=155
vectors: seed=6404 N=31 K=512 g=64 wbeats=4 sbeats=1 NG64=8 sh=4 e=-5 beats=155
vectors: seed=6501 N=9 K=6144 g=128 wbeats=48 sbeats=2 NG128=48 sh=8 e=-5 beats=450
vectors: seed=6501 N=9 K=6144 g=64 wbeats=48 sbeats=3 NG64=96 sh=8 e=-5 beats=459
vectors: seed=6502 N=9 K=6144 g=128 wbeats=48 sbeats=2 NG128=48 sh=8 e=-5 beats=450
vectors: seed=6502 N=9 K=6144 g=64 wbeats=48 sbeats=3 NG64=96 sh=8 e=-5 beats=459
vectors: seed=6503 N=9 K=6144 g=128 wbeats=48 sbeats=2 NG128=48 sh=8 e=-5 beats=450
vectors: seed=6503 N=9 K=6144 g=64 wbeats=48 sbeats=3 NG64=96 sh=8 e=-5 beats=459
vectors: seed=6504 N=9 K=6144 g=128 wbeats=48 sbeats=2 NG128=48 sh=8 e=-5 beats=450
vectors: seed=6504 N=9 K=6144 g=64 wbeats=48 sbeats=3 NG64=96 sh=8 e=-5 beats=459
vectors: seed=6601 N=21 K=4608 g=128 wbeats=36 sbeats=2 NG128=36 sh=8 e=-5 beats=798
vectors: seed=6601 N=21 K=4608 g=64 wbeats=36 sbeats=3 NG64=72 sh=8 e=-5 beats=819
vectors: seed=6602 N=21 K=4608 g=128 wbeats=36 sbeats=2 NG128=36 sh=8 e=-5 beats=798
vectors: seed=6602 N=21 K=4608 g=64 wbeats=36 sbeats=3 NG64=72 sh=8 e=-5 beats=819
vectors: seed=6603 N=21 K=4608 g=128 wbeats=36 sbeats=2 NG128=36 sh=8 e=-5 beats=798
vectors: seed=6603 N=21 K=4608 g=64 wbeats=36 sbeats=3 NG64=72 sh=8 e=-5 beats=819
vectors: seed=6604 N=21 K=4608 g=128 wbeats=36 sbeats=2 NG128=36 sh=8 e=-5 beats=798
vectors: seed=6604 N=21 K=4608 g=64 wbeats=36 sbeats=3 NG64=72 sh=8 e=-5 beats=819
verilator --binary --timing -j 4 -Wall \
  --Mdir obj_dir_tb_matvec -o tb_matvec \
  --top-module tb_matvec \
  ../rtl/matvec_engine.sv tb_matvec.sv
make[1]: Entering directory '/home/cah/r2d2/code/fpga/fable5_llm/tb/obj_dir_tb_matvec'
make[1]: Nothing to be done for 'default'.
make[1]: Leaving directory '/home/cah/r2d2/code/fpga/fable5_llm/tb/obj_dir_tb_matvec'
for s in 1 2 3 4; do \
  obj_dir_tb_matvec/tb_matvec --seed $s \
    +vecdirs=vecv2/n1${s}_g128,vecv2/n1${s}_g64,vecv2/n2${s}_g128,vecv2/n2${s}_g64,vecv2/n3${s}_g128,vecv2/n3${s}_g64,vecv2/n4${s}_g128,vecv2/n4${s}_g64,vecv2/n5${s}_g128,vecv2/n5${s}_g64,vecv2/n6${s}_g128,vecv2/n6${s}_g64 || exit 1; \
done
[26000] case vecv2/n11_g128: K=128 NG=1 SH=2 NROWS=23 BPR=2 G64=0
[636000] case vecv2/n11_g64: K=128 NG=1 SH=2 NROWS=23 BPR=2 G64=1
[1246000] case vecv2/n21_g128: K=256 NG=2 SH=3 NROWS=24 BPR=3 G64=0
[2013000] case vecv2/n21_g64: K=256 NG=2 SH=3 NROWS=24 BPR=3 G64=1
[2783000] case vecv2/n31_g128: K=384 NG=3 SH=4 NROWS=17 BPR=4 G64=0
[3510000] case vecv2/n31_g64: K=384 NG=3 SH=4 NROWS=17 BPR=4 G64=1
[4244000] case vecv2/n41_g128: K=512 NG=4 SH=4 NROWS=31 BPR=5 G64=0
[5507000] case vecv2/n41_g64: K=512 NG=4 SH=4 NROWS=31 BPR=5 G64=1
[6778000] case vecv2/n51_g128: K=6144 NG=48 SH=8 NROWS=9 BPR=50 G64=0
[14182000] case vecv2/n51_g64: K=6144 NG=48 SH=8 NROWS=9 BPR=51 G64=1
[21640000] case vecv2/n61_g128: K=4608 NG=36 SH=8 NROWS=21 BPR=38 G64=0
[29585000] case vecv2/n61_g64: K=4608 NG=36 SH=8 NROWS=21 BPR=39 G64=1
TB_MATVEC PASS: 12 case(s), 21 rows bit-exact (last K=4608 G64=1)
- tb_matvec.sv:372: Verilog $finish
[26000] case vecv2/n12_g128: K=128 NG=1 SH=2 NROWS=23 BPR=2 G64=0
[636000] case vecv2/n12_g64: K=128 NG=1 SH=2 NROWS=23 BPR=2 G64=1
[1246000] case vecv2/n22_g128: K=256 NG=2 SH=3 NROWS=24 BPR=3 G64=0
[2013000] case vecv2/n22_g64: K=256 NG=2 SH=3 NROWS=24 BPR=3 G64=1
[2783000] case vecv2/n32_g128: K=384 NG=3 SH=4 NROWS=17 BPR=4 G64=0
[3510000] case vecv2/n32_g64: K=384 NG=3 SH=4 NROWS=17 BPR=4 G64=1
[4244000] case vecv2/n42_g128: K=512 NG=4 SH=4 NROWS=31 BPR=5 G64=0
[5507000] case vecv2/n42_g64: K=512 NG=4 SH=4 NROWS=31 BPR=5 G64=1
[6778000] case vecv2/n52_g128: K=6144 NG=48 SH=8 NROWS=9 BPR=50 G64=0
[14182000] case vecv2/n52_g64: K=6144 NG=48 SH=8 NROWS=9 BPR=51 G64=1
[21640000] case vecv2/n62_g128: K=4608 NG=36 SH=8 NROWS=21 BPR=38 G64=0
[29585000] case vecv2/n62_g64: K=4608 NG=36 SH=8 NROWS=21 BPR=39 G64=1
TB_MATVEC PASS: 12 case(s), 21 rows bit-exact (last K=4608 G64=1)
- tb_matvec.sv:372: Verilog $finish
[26000] case vecv2/n13_g128: K=128 NG=1 SH=2 NROWS=23 BPR=2 G64=0
[636000] case vecv2/n13_g64: K=128 NG=1 SH=2 NROWS=23 BPR=2 G64=1
[1246000] case vecv2/n23_g128: K=256 NG=2 SH=3 NROWS=24 BPR=3 G64=0
[2013000] case vecv2/n23_g64: K=256 NG=2 SH=3 NROWS=24 BPR=3 G64=1
[2783000] case vecv2/n33_g128: K=384 NG=3 SH=4 NROWS=17 BPR=4 G64=0
[3510000] case vecv2/n33_g64: K=384 NG=3 SH=4 NROWS=17 BPR=4 G64=1
[4244000] case vecv2/n43_g128: K=512 NG=4 SH=4 NROWS=31 BPR=5 G64=0
[5507000] case vecv2/n43_g64: K=512 NG=4 SH=4 NROWS=31 BPR=5 G64=1
[6778000] case vecv2/n53_g128: K=6144 NG=48 SH=8 NROWS=9 BPR=50 G64=0
[14182000] case vecv2/n53_g64: K=6144 NG=48 SH=8 NROWS=9 BPR=51 G64=1
[21640000] case vecv2/n63_g128: K=4608 NG=36 SH=8 NROWS=21 BPR=38 G64=0
[29585000] case vecv2/n63_g64: K=4608 NG=36 SH=8 NROWS=21 BPR=39 G64=1
TB_MATVEC PASS: 12 case(s), 21 rows bit-exact (last K=4608 G64=1)
- tb_matvec.sv:372: Verilog $finish
[26000] case vecv2/n14_g128: K=128 NG=1 SH=2 NROWS=23 BPR=2 G64=0
[636000] case vecv2/n14_g64: K=128 NG=1 SH=2 NROWS=23 BPR=2 G64=1
[1246000] case vecv2/n24_g128: K=256 NG=2 SH=3 NROWS=24 BPR=3 G64=0
[2013000] case vecv2/n24_g64: K=256 NG=2 SH=3 NROWS=24 BPR=3 G64=1
[2783000] case vecv2/n34_g128: K=384 NG=3 SH=4 NROWS=17 BPR=4 G64=0
[3510000] case vecv2/n34_g64: K=384 NG=3 SH=4 NROWS=17 BPR=4 G64=1
[4244000] case vecv2/n44_g128: K=512 NG=4 SH=4 NROWS=31 BPR=5 G64=0
[5507000] case vecv2/n44_g64: K=512 NG=4 SH=4 NROWS=31 BPR=5 G64=1
[6778000] case vecv2/n54_g128: K=6144 NG=48 SH=8 NROWS=9 BPR=50 G64=0
[14182000] case vecv2/n54_g64: K=6144 NG=48 SH=8 NROWS=9 BPR=51 G64=1
[21640000] case vecv2/n64_g128: K=4608 NG=36 SH=8 NROWS=21 BPR=38 G64=0
[29585000] case vecv2/n64_g64: K=4608 NG=36 SH=8 NROWS=21 BPR=39 G64=1
TB_MATVEC PASS: 12 case(s), 21 rows bit-exact (last K=4608 G64=1)
- tb_matvec.sv:372: Verilog $finish
for s in 1 2 3 4; do \
  obj_dir_tb_matvec/tb_matvec --seed $s +chunk=1 \
    +vecdirs=vecv2/n1${s}_g64,vecv2/n2${s}_g128,vecv2/n3${s}_g64,vecv2/n4${s}_g128,vecv2/n5${s}_g64,vecv2/n6${s}_g128 || exit 1; \
done
[26000] case vecv2/n11_g64: K=128 NG=1 SH=2 NROWS=23 BPR=2 G64=1
[1503000] case vecv2/n21_g128: K=256 NG=2 SH=3 NROWS=24 BPR=3 G64=0
[3344000] case vecv2/n31_g64: K=384 NG=3 SH=4 NROWS=17 BPR=4 G64=1
[4854000] case vecv2/n41_g128: K=512 NG=4 SH=4 NROWS=31 BPR=5 G64=0
[7554000] case vecv2/n51_g64: K=6144 NG=48 SH=8 NROWS=9 BPR=51 G64=1
[16596000] case vecv2/n61_g128: K=4608 NG=36 SH=8 NROWS=21 BPR=38 G64=0
TB_MATVEC PASS: 6 case(s), 21 rows bit-exact (last K=4608 G64=0)
- tb_matvec.sv:372: Verilog $finish
[26000] case vecv2/n12_g64: K=128 NG=1 SH=2 NROWS=23 BPR=2 G64=1
[1503000] case vecv2/n22_g128: K=256 NG=2 SH=3 NROWS=24 BPR=3 G64=0
[3344000] case vecv2/n32_g64: K=384 NG=3 SH=4 NROWS=17 BPR=4 G64=1
[4854000] case vecv2/n42_g128: K=512 NG=4 SH=4 NROWS=31 BPR=5 G64=0
[7554000] case vecv2/n52_g64: K=6144 NG=48 SH=8 NROWS=9 BPR=51 G64=1
[16596000] case vecv2/n62_g128: K=4608 NG=36 SH=8 NROWS=21 BPR=38 G64=0
TB_MATVEC PASS: 6 case(s), 21 rows bit-exact (last K=4608 G64=0)
- tb_matvec.sv:372: Verilog $finish
[26000] case vecv2/n13_g64: K=128 NG=1 SH=2 NROWS=23 BPR=2 G64=1
[1503000] case vecv2/n23_g128: K=256 NG=2 SH=3 NROWS=24 BPR=3 G64=0
[3344000] case vecv2/n33_g64: K=384 NG=3 SH=4 NROWS=17 BPR=4 G64=1
[4854000] case vecv2/n43_g128: K=512 NG=4 SH=4 NROWS=31 BPR=5 G64=0
[7554000] case vecv2/n53_g64: K=6144 NG=48 SH=8 NROWS=9 BPR=51 G64=1
[16596000] case vecv2/n63_g128: K=4608 NG=36 SH=8 NROWS=21 BPR=38 G64=0
TB_MATVEC PASS: 6 case(s), 21 rows bit-exact (last K=4608 G64=0)
- tb_matvec.sv:372: Verilog $finish
[26000] case vecv2/n14_g64: K=128 NG=1 SH=2 NROWS=23 BPR=2 G64=1
[1503000] case vecv2/n24_g128: K=256 NG=2 SH=3 NROWS=24 BPR=3 G64=0
[3344000] case vecv2/n34_g64: K=384 NG=3 SH=4 NROWS=17 BPR=4 G64=1
[4854000] case vecv2/n44_g128: K=512 NG=4 SH=4 NROWS=31 BPR=5 G64=0
[7554000] case vecv2/n54_g64: K=6144 NG=48 SH=8 NROWS=9 BPR=51 G64=1
[16596000] case vecv2/n64_g128: K=4608 NG=36 SH=8 NROWS=21 BPR=38 G64=0
TB_MATVEC PASS: 6 case(s), 21 rows bit-exact (last K=4608 G64=0)
- tb_matvec.sv:372: Verilog $finish
for s in 1 2 3 4; do \
  obj_dir_tb_matvec/tb_matvec --seed $s +chunk=3 \
    +vecdirs=vecv2/n1${s}_g128,vecv2/n2${s}_g64,vecv2/n3${s}_g128,vecv2/n4${s}_g64,vecv2/n5${s}_g128,vecv2/n6${s}_g64 || exit 1; \
done
[26000] case vecv2/n11_g128: K=128 NG=1 SH=2 NROWS=23 BPR=2 G64=0
[930000] case vecv2/n21_g64: K=256 NG=2 SH=3 NROWS=24 BPR=3 G64=1
[1973000] case vecv2/n31_g128: K=384 NG=3 SH=4 NROWS=17 BPR=4 G64=0
[2973000] case vecv2/n41_g64: K=512 NG=4 SH=4 NROWS=31 BPR=5 G64=1
[4667000] case vecv2/n51_g128: K=6144 NG=48 SH=8 NROWS=9 BPR=50 G64=0
[12535000] case vecv2/n61_g64: K=4608 NG=36 SH=8 NROWS=21 BPR=39 G64=1
TB_MATVEC PASS: 6 case(s), 21 rows bit-exact (last K=4608 G64=1)
- tb_matvec.sv:372: Verilog $finish
[26000] case vecv2/n12_g128: K=128 NG=1 SH=2 NROWS=23 BPR=2 G64=0
[930000] case vecv2/n22_g64: K=256 NG=2 SH=3 NROWS=24 BPR=3 G64=1
[1973000] case vecv2/n32_g128: K=384 NG=3 SH=4 NROWS=17 BPR=4 G64=0
[2973000] case vecv2/n42_g64: K=512 NG=4 SH=4 NROWS=31 BPR=5 G64=1
[4667000] case vecv2/n52_g128: K=6144 NG=48 SH=8 NROWS=9 BPR=50 G64=0
[12535000] case vecv2/n62_g64: K=4608 NG=36 SH=8 NROWS=21 BPR=39 G64=1
TB_MATVEC PASS: 6 case(s), 21 rows bit-exact (last K=4608 G64=1)
- tb_matvec.sv:372: Verilog $finish
[26000] case vecv2/n13_g128: K=128 NG=1 SH=2 NROWS=23 BPR=2 G64=0
[930000] case vecv2/n23_g64: K=256 NG=2 SH=3 NROWS=24 BPR=3 G64=1
[1973000] case vecv2/n33_g128: K=384 NG=3 SH=4 NROWS=17 BPR=4 G64=0
[2973000] case vecv2/n43_g64: K=512 NG=4 SH=4 NROWS=31 BPR=5 G64=1
[4667000] case vecv2/n53_g128: K=6144 NG=48 SH=8 NROWS=9 BPR=50 G64=0
[12535000] case vecv2/n63_g64: K=4608 NG=36 SH=8 NROWS=21 BPR=39 G64=1
TB_MATVEC PASS: 6 case(s), 21 rows bit-exact (last K=4608 G64=1)
- tb_matvec.sv:372: Verilog $finish
[26000] case vecv2/n14_g128: K=128 NG=1 SH=2 NROWS=23 BPR=2 G64=0
[930000] case vecv2/n24_g64: K=256 NG=2 SH=3 NROWS=24 BPR=3 G64=1
[1973000] case vecv2/n34_g128: K=384 NG=3 SH=4 NROWS=17 BPR=4 G64=0
[2973000] case vecv2/n44_g64: K=512 NG=4 SH=4 NROWS=31 BPR=5 G64=1
[4667000] case vecv2/n54_g128: K=6144 NG=48 SH=8 NROWS=9 BPR=50 G64=0
[12535000] case vecv2/n64_g64: K=4608 NG=36 SH=8 NROWS=21 BPR=39 G64=1
TB_MATVEC PASS: 6 case(s), 21 rows bit-exact (last K=4608 G64=1)
- tb_matvec.sv:372: Verilog $finish
for s in 1 2 3 4; do \
  obj_dir_tb_matvec/tb_matvec --seed $s +nogap +pairs \
    +maxstall=0 +ngfloor=6 \
    +vecdirs=vecv2/n1${s}_g128,vecv2/n1${s}_g64,vecv2/n2${s}_g128,vecv2/n2${s}_g64,vecv2/n3${s}_g128,vecv2/n3${s}_g64,vecv2/n4${s}_g128,vecv2/n4${s}_g64,vecv2/n5${s}_g128,vecv2/n5${s}_g64,vecv2/n6${s}_g128,vecv2/n6${s}_g64 || exit 1; \
done
[26000] case vecv2/n11_g128: K=128 NG=1 SH=2 NROWS=23 BPR=2 G64=0
  thru: g64=0 K=128 NG=1 rows=23 beats=46 cycles=134 stalls=88 -> 0.343 beats/cycle, 3.82 stalls/row, period 5.82 cyc/row (BPR = 2, retire residual 3.82 cyc/row)
[636000] case vecv2/n11_g64: K=128 NG=1 SH=2 NROWS=23 BPR=2 G64=1
  thru: g64=1 K=128 NG=1 rows=23 beats=46 cycles=134 stalls=88 -> 0.343 beats/cycle, 3.82 stalls/row, period 5.82 cyc/row (BPR = 2, retire residual 3.82 cyc/row)
[1246000] case vecv2/n21_g128: K=256 NG=2 SH=3 NROWS=24 BPR=3 G64=0
  thru: g64=0 K=256 NG=2 rows=24 beats=72 cycles=141 stalls=69 -> 0.510 beats/cycle, 2.87 stalls/row, period 5.87 cyc/row (BPR = 3, retire residual 2.87 cyc/row)
[1987000] case vecv2/n21_g64: K=256 NG=2 SH=3 NROWS=24 BPR=3 G64=1
  thru: g64=1 K=256 NG=2 rows=24 beats=72 cycles=141 stalls=69 -> 0.510 beats/cycle, 2.87 stalls/row, period 5.87 cyc/row (BPR = 3, retire residual 2.87 cyc/row)
[2727000] case vecv2/n31_g128: K=384 NG=3 SH=4 NROWS=17 BPR=4 G64=0
  thru: g64=0 K=384 NG=3 rows=17 beats=68 cycles=100 stalls=32 -> 0.680 beats/cycle, 1.88 stalls/row, period 5.88 cyc/row (BPR = 4, retire residual 1.88 cyc/row)
[3437000] case vecv2/n31_g64: K=384 NG=3 SH=4 NROWS=17 BPR=4 G64=1
  thru: g64=1 K=384 NG=3 rows=17 beats=68 cycles=100 stalls=32 -> 0.680 beats/cycle, 1.88 stalls/row, period 5.88 cyc/row (BPR = 4, retire residual 1.88 cyc/row)
[4147000] case vecv2/n41_g128: K=512 NG=4 SH=4 NROWS=31 BPR=5 G64=0
  thru: g64=0 K=512 NG=4 rows=31 beats=155 cycles=185 stalls=30 -> 0.837 beats/cycle, 0.96 stalls/row, period 5.96 cyc/row (BPR = 5, retire residual 0.96 cyc/row)
[5247000] case vecv2/n41_g64: K=512 NG=4 SH=4 NROWS=31 BPR=5 G64=1
  thru: g64=1 K=512 NG=4 rows=31 beats=155 cycles=185 stalls=30 -> 0.837 beats/cycle, 0.96 stalls/row, period 5.96 cyc/row (BPR = 5, retire residual 0.96 cyc/row)
[6347000] case vecv2/n51_g128: K=6144 NG=48 SH=8 NROWS=9 BPR=50 G64=0
  thru: g64=0 K=6144 NG=48 rows=9 beats=450 cycles=450 stalls=0 -> 0.000 beats/cycle, 0.00 stalls/row, period 50.00 cyc/row (BPR = 50, retire residual 0.00 cyc/row)
[13169000] case vecv2/n51_g64: K=6144 NG=48 SH=8 NROWS=9 BPR=51 G64=1
  thru: g64=1 K=6144 NG=48 rows=9 beats=459 cycles=459 stalls=0 -> 0.000 beats/cycle, 0.00 stalls/row, period 51.00 cyc/row (BPR = 51, retire residual 0.00 cyc/row)
[20020000] case vecv2/n61_g128: K=4608 NG=36 SH=8 NROWS=21 BPR=38 G64=0
  thru: g64=0 K=4608 NG=36 rows=21 beats=798 cycles=798 stalls=0 -> 0.000 beats/cycle, 0.00 stalls/row, period 38.00 cyc/row (BPR = 38, retire residual 0.00 cyc/row)
[26682000] case vecv2/n61_g64: K=4608 NG=36 SH=8 NROWS=21 BPR=39 G64=1
  thru: g64=1 K=4608 NG=36 rows=21 beats=819 cycles=819 stalls=0 -> 0.000 beats/cycle, 0.00 stalls/row, period 39.00 cyc/row (BPR = 39, retire residual 0.00 cyc/row)
  pair K=128 rows=23: g128 134 cyc / 88 stalls, g64 134 cyc / 88 stalls, budget 134 (0 extra scale beat(s)/row)
  pair K=256 rows=24: g128 141 cyc / 69 stalls, g64 141 cyc / 69 stalls, budget 141 (0 extra scale beat(s)/row)
  pair K=384 rows=17: g128 100 cyc / 32 stalls, g64 100 cyc / 32 stalls, budget 100 (0 extra scale beat(s)/row)
  pair K=512 rows=31: g128 185 cyc / 30 stalls, g64 185 cyc / 30 stalls, budget 185 (0 extra scale beat(s)/row)
  pair K=6144 rows=9: g128 450 cyc / 0 stalls, g64 459 cyc / 0 stalls, budget 459 (1 extra scale beat(s)/row)
  pair K=4608 rows=21: g128 798 cyc / 0 stalls, g64 819 cyc / 0 stalls, budget 819 (1 extra scale beat(s)/row)
TB_MATVEC PASS: 12 case(s), 21 rows bit-exact (last K=4608 G64=1)
- tb_matvec.sv:372: Verilog $finish
[26000] case vecv2/n12_g128: K=128 NG=1 SH=2 NROWS=23 BPR=2 G64=0
  thru: g64=0 K=128 NG=1 rows=23 beats=46 cycles=134 stalls=88 -> 0.343 beats/cycle, 3.82 stalls/row, period 5.82 cyc/row (BPR = 2, retire residual 3.82 cyc/row)
[636000] case vecv2/n12_g64: K=128 NG=1 SH=2 NROWS=23 BPR=2 G64=1
  thru: g64=1 K=128 NG=1 rows=23 beats=46 cycles=134 stalls=88 -> 0.343 beats/cycle, 3.82 stalls/row, period 5.82 cyc/row (BPR = 2, retire residual 3.82 cyc/row)
[1246000] case vecv2/n22_g128: K=256 NG=2 SH=3 NROWS=24 BPR=3 G64=0
  thru: g64=0 K=256 NG=2 rows=24 beats=72 cycles=141 stalls=69 -> 0.510 beats/cycle, 2.87 stalls/row, period 5.87 cyc/row (BPR = 3, retire residual 2.87 cyc/row)
[1987000] case vecv2/n22_g64: K=256 NG=2 SH=3 NROWS=24 BPR=3 G64=1
  thru: g64=1 K=256 NG=2 rows=24 beats=72 cycles=141 stalls=69 -> 0.510 beats/cycle, 2.87 stalls/row, period 5.87 cyc/row (BPR = 3, retire residual 2.87 cyc/row)
[2727000] case vecv2/n32_g128: K=384 NG=3 SH=4 NROWS=17 BPR=4 G64=0
  thru: g64=0 K=384 NG=3 rows=17 beats=68 cycles=100 stalls=32 -> 0.680 beats/cycle, 1.88 stalls/row, period 5.88 cyc/row (BPR = 4, retire residual 1.88 cyc/row)
[3437000] case vecv2/n32_g64: K=384 NG=3 SH=4 NROWS=17 BPR=4 G64=1
  thru: g64=1 K=384 NG=3 rows=17 beats=68 cycles=100 stalls=32 -> 0.680 beats/cycle, 1.88 stalls/row, period 5.88 cyc/row (BPR = 4, retire residual 1.88 cyc/row)
[4147000] case vecv2/n42_g128: K=512 NG=4 SH=4 NROWS=31 BPR=5 G64=0
  thru: g64=0 K=512 NG=4 rows=31 beats=155 cycles=185 stalls=30 -> 0.837 beats/cycle, 0.96 stalls/row, period 5.96 cyc/row (BPR = 5, retire residual 0.96 cyc/row)
[5247000] case vecv2/n42_g64: K=512 NG=4 SH=4 NROWS=31 BPR=5 G64=1
  thru: g64=1 K=512 NG=4 rows=31 beats=155 cycles=185 stalls=30 -> 0.837 beats/cycle, 0.96 stalls/row, period 5.96 cyc/row (BPR = 5, retire residual 0.96 cyc/row)
[6347000] case vecv2/n52_g128: K=6144 NG=48 SH=8 NROWS=9 BPR=50 G64=0
  thru: g64=0 K=6144 NG=48 rows=9 beats=450 cycles=450 stalls=0 -> 0.000 beats/cycle, 0.00 stalls/row, period 50.00 cyc/row (BPR = 50, retire residual 0.00 cyc/row)
[13169000] case vecv2/n52_g64: K=6144 NG=48 SH=8 NROWS=9 BPR=51 G64=1
  thru: g64=1 K=6144 NG=48 rows=9 beats=459 cycles=459 stalls=0 -> 0.000 beats/cycle, 0.00 stalls/row, period 51.00 cyc/row (BPR = 51, retire residual 0.00 cyc/row)
[20020000] case vecv2/n62_g128: K=4608 NG=36 SH=8 NROWS=21 BPR=38 G64=0
  thru: g64=0 K=4608 NG=36 rows=21 beats=798 cycles=798 stalls=0 -> 0.000 beats/cycle, 0.00 stalls/row, period 38.00 cyc/row (BPR = 38, retire residual 0.00 cyc/row)
[26682000] case vecv2/n62_g64: K=4608 NG=36 SH=8 NROWS=21 BPR=39 G64=1
  thru: g64=1 K=4608 NG=36 rows=21 beats=819 cycles=819 stalls=0 -> 0.000 beats/cycle, 0.00 stalls/row, period 39.00 cyc/row (BPR = 39, retire residual 0.00 cyc/row)
  pair K=128 rows=23: g128 134 cyc / 88 stalls, g64 134 cyc / 88 stalls, budget 134 (0 extra scale beat(s)/row)
  pair K=256 rows=24: g128 141 cyc / 69 stalls, g64 141 cyc / 69 stalls, budget 141 (0 extra scale beat(s)/row)
  pair K=384 rows=17: g128 100 cyc / 32 stalls, g64 100 cyc / 32 stalls, budget 100 (0 extra scale beat(s)/row)
  pair K=512 rows=31: g128 185 cyc / 30 stalls, g64 185 cyc / 30 stalls, budget 185 (0 extra scale beat(s)/row)
  pair K=6144 rows=9: g128 450 cyc / 0 stalls, g64 459 cyc / 0 stalls, budget 459 (1 extra scale beat(s)/row)
  pair K=4608 rows=21: g128 798 cyc / 0 stalls, g64 819 cyc / 0 stalls, budget 819 (1 extra scale beat(s)/row)
TB_MATVEC PASS: 12 case(s), 21 rows bit-exact (last K=4608 G64=1)
- tb_matvec.sv:372: Verilog $finish
[26000] case vecv2/n13_g128: K=128 NG=1 SH=2 NROWS=23 BPR=2 G64=0
  thru: g64=0 K=128 NG=1 rows=23 beats=46 cycles=134 stalls=88 -> 0.343 beats/cycle, 3.82 stalls/row, period 5.82 cyc/row (BPR = 2, retire residual 3.82 cyc/row)
[636000] case vecv2/n13_g64: K=128 NG=1 SH=2 NROWS=23 BPR=2 G64=1
  thru: g64=1 K=128 NG=1 rows=23 beats=46 cycles=134 stalls=88 -> 0.343 beats/cycle, 3.82 stalls/row, period 5.82 cyc/row (BPR = 2, retire residual 3.82 cyc/row)
[1246000] case vecv2/n23_g128: K=256 NG=2 SH=3 NROWS=24 BPR=3 G64=0
  thru: g64=0 K=256 NG=2 rows=24 beats=72 cycles=141 stalls=69 -> 0.510 beats/cycle, 2.87 stalls/row, period 5.87 cyc/row (BPR = 3, retire residual 2.87 cyc/row)
[1987000] case vecv2/n23_g64: K=256 NG=2 SH=3 NROWS=24 BPR=3 G64=1
  thru: g64=1 K=256 NG=2 rows=24 beats=72 cycles=141 stalls=69 -> 0.510 beats/cycle, 2.87 stalls/row, period 5.87 cyc/row (BPR = 3, retire residual 2.87 cyc/row)
[2727000] case vecv2/n33_g128: K=384 NG=3 SH=4 NROWS=17 BPR=4 G64=0
  thru: g64=0 K=384 NG=3 rows=17 beats=68 cycles=100 stalls=32 -> 0.680 beats/cycle, 1.88 stalls/row, period 5.88 cyc/row (BPR = 4, retire residual 1.88 cyc/row)
[3437000] case vecv2/n33_g64: K=384 NG=3 SH=4 NROWS=17 BPR=4 G64=1
  thru: g64=1 K=384 NG=3 rows=17 beats=68 cycles=100 stalls=32 -> 0.680 beats/cycle, 1.88 stalls/row, period 5.88 cyc/row (BPR = 4, retire residual 1.88 cyc/row)
[4147000] case vecv2/n43_g128: K=512 NG=4 SH=4 NROWS=31 BPR=5 G64=0
  thru: g64=0 K=512 NG=4 rows=31 beats=155 cycles=185 stalls=30 -> 0.837 beats/cycle, 0.96 stalls/row, period 5.96 cyc/row (BPR = 5, retire residual 0.96 cyc/row)
[5247000] case vecv2/n43_g64: K=512 NG=4 SH=4 NROWS=31 BPR=5 G64=1
  thru: g64=1 K=512 NG=4 rows=31 beats=155 cycles=185 stalls=30 -> 0.837 beats/cycle, 0.96 stalls/row, period 5.96 cyc/row (BPR = 5, retire residual 0.96 cyc/row)
[6347000] case vecv2/n53_g128: K=6144 NG=48 SH=8 NROWS=9 BPR=50 G64=0
  thru: g64=0 K=6144 NG=48 rows=9 beats=450 cycles=450 stalls=0 -> 0.000 beats/cycle, 0.00 stalls/row, period 50.00 cyc/row (BPR = 50, retire residual 0.00 cyc/row)
[13169000] case vecv2/n53_g64: K=6144 NG=48 SH=8 NROWS=9 BPR=51 G64=1
  thru: g64=1 K=6144 NG=48 rows=9 beats=459 cycles=459 stalls=0 -> 0.000 beats/cycle, 0.00 stalls/row, period 51.00 cyc/row (BPR = 51, retire residual 0.00 cyc/row)
[20020000] case vecv2/n63_g128: K=4608 NG=36 SH=8 NROWS=21 BPR=38 G64=0
  thru: g64=0 K=4608 NG=36 rows=21 beats=798 cycles=798 stalls=0 -> 0.000 beats/cycle, 0.00 stalls/row, period 38.00 cyc/row (BPR = 38, retire residual 0.00 cyc/row)
[26682000] case vecv2/n63_g64: K=4608 NG=36 SH=8 NROWS=21 BPR=39 G64=1
  thru: g64=1 K=4608 NG=36 rows=21 beats=819 cycles=819 stalls=0 -> 0.000 beats/cycle, 0.00 stalls/row, period 39.00 cyc/row (BPR = 39, retire residual 0.00 cyc/row)
  pair K=128 rows=23: g128 134 cyc / 88 stalls, g64 134 cyc / 88 stalls, budget 134 (0 extra scale beat(s)/row)
  pair K=256 rows=24: g128 141 cyc / 69 stalls, g64 141 cyc / 69 stalls, budget 141 (0 extra scale beat(s)/row)
  pair K=384 rows=17: g128 100 cyc / 32 stalls, g64 100 cyc / 32 stalls, budget 100 (0 extra scale beat(s)/row)
  pair K=512 rows=31: g128 185 cyc / 30 stalls, g64 185 cyc / 30 stalls, budget 185 (0 extra scale beat(s)/row)
  pair K=6144 rows=9: g128 450 cyc / 0 stalls, g64 459 cyc / 0 stalls, budget 459 (1 extra scale beat(s)/row)
  pair K=4608 rows=21: g128 798 cyc / 0 stalls, g64 819 cyc / 0 stalls, budget 819 (1 extra scale beat(s)/row)
TB_MATVEC PASS: 12 case(s), 21 rows bit-exact (last K=4608 G64=1)
- tb_matvec.sv:372: Verilog $finish
[26000] case vecv2/n14_g128: K=128 NG=1 SH=2 NROWS=23 BPR=2 G64=0
  thru: g64=0 K=128 NG=1 rows=23 beats=46 cycles=134 stalls=88 -> 0.343 beats/cycle, 3.82 stalls/row, period 5.82 cyc/row (BPR = 2, retire residual 3.82 cyc/row)
[636000] case vecv2/n14_g64: K=128 NG=1 SH=2 NROWS=23 BPR=2 G64=1
  thru: g64=1 K=128 NG=1 rows=23 beats=46 cycles=134 stalls=88 -> 0.343 beats/cycle, 3.82 stalls/row, period 5.82 cyc/row (BPR = 2, retire residual 3.82 cyc/row)
[1246000] case vecv2/n24_g128: K=256 NG=2 SH=3 NROWS=24 BPR=3 G64=0
  thru: g64=0 K=256 NG=2 rows=24 beats=72 cycles=141 stalls=69 -> 0.510 beats/cycle, 2.87 stalls/row, period 5.87 cyc/row (BPR = 3, retire residual 2.87 cyc/row)
[1987000] case vecv2/n24_g64: K=256 NG=2 SH=3 NROWS=24 BPR=3 G64=1
  thru: g64=1 K=256 NG=2 rows=24 beats=72 cycles=141 stalls=69 -> 0.510 beats/cycle, 2.87 stalls/row, period 5.87 cyc/row (BPR = 3, retire residual 2.87 cyc/row)
[2727000] case vecv2/n34_g128: K=384 NG=3 SH=4 NROWS=17 BPR=4 G64=0
  thru: g64=0 K=384 NG=3 rows=17 beats=68 cycles=100 stalls=32 -> 0.680 beats/cycle, 1.88 stalls/row, period 5.88 cyc/row (BPR = 4, retire residual 1.88 cyc/row)
[3437000] case vecv2/n34_g64: K=384 NG=3 SH=4 NROWS=17 BPR=4 G64=1
  thru: g64=1 K=384 NG=3 rows=17 beats=68 cycles=100 stalls=32 -> 0.680 beats/cycle, 1.88 stalls/row, period 5.88 cyc/row (BPR = 4, retire residual 1.88 cyc/row)
[4147000] case vecv2/n44_g128: K=512 NG=4 SH=4 NROWS=31 BPR=5 G64=0
  thru: g64=0 K=512 NG=4 rows=31 beats=155 cycles=185 stalls=30 -> 0.837 beats/cycle, 0.96 stalls/row, period 5.96 cyc/row (BPR = 5, retire residual 0.96 cyc/row)
[5247000] case vecv2/n44_g64: K=512 NG=4 SH=4 NROWS=31 BPR=5 G64=1
  thru: g64=1 K=512 NG=4 rows=31 beats=155 cycles=185 stalls=30 -> 0.837 beats/cycle, 0.96 stalls/row, period 5.96 cyc/row (BPR = 5, retire residual 0.96 cyc/row)
[6347000] case vecv2/n54_g128: K=6144 NG=48 SH=8 NROWS=9 BPR=50 G64=0
  thru: g64=0 K=6144 NG=48 rows=9 beats=450 cycles=450 stalls=0 -> 0.000 beats/cycle, 0.00 stalls/row, period 50.00 cyc/row (BPR = 50, retire residual 0.00 cyc/row)
[13169000] case vecv2/n54_g64: K=6144 NG=48 SH=8 NROWS=9 BPR=51 G64=1
  thru: g64=1 K=6144 NG=48 rows=9 beats=459 cycles=459 stalls=0 -> 0.000 beats/cycle, 0.00 stalls/row, period 51.00 cyc/row (BPR = 51, retire residual 0.00 cyc/row)
[20020000] case vecv2/n64_g128: K=4608 NG=36 SH=8 NROWS=21 BPR=38 G64=0
  thru: g64=0 K=4608 NG=36 rows=21 beats=798 cycles=798 stalls=0 -> 0.000 beats/cycle, 0.00 stalls/row, period 38.00 cyc/row (BPR = 38, retire residual 0.00 cyc/row)
[26682000] case vecv2/n64_g64: K=4608 NG=36 SH=8 NROWS=21 BPR=39 G64=1
  thru: g64=1 K=4608 NG=36 rows=21 beats=819 cycles=819 stalls=0 -> 0.000 beats/cycle, 0.00 stalls/row, period 39.00 cyc/row (BPR = 39, retire residual 0.00 cyc/row)
  pair K=128 rows=23: g128 134 cyc / 88 stalls, g64 134 cyc / 88 stalls, budget 134 (0 extra scale beat(s)/row)
  pair K=256 rows=24: g128 141 cyc / 69 stalls, g64 141 cyc / 69 stalls, budget 141 (0 extra scale beat(s)/row)
  pair K=384 rows=17: g128 100 cyc / 32 stalls, g64 100 cyc / 32 stalls, budget 100 (0 extra scale beat(s)/row)
  pair K=512 rows=31: g128 185 cyc / 30 stalls, g64 185 cyc / 30 stalls, budget 185 (0 extra scale beat(s)/row)
  pair K=6144 rows=9: g128 450 cyc / 0 stalls, g64 459 cyc / 0 stalls, budget 459 (1 extra scale beat(s)/row)
  pair K=4608 rows=21: g128 798 cyc / 0 stalls, g64 819 cyc / 0 stalls, budget 819 (1 extra scale beat(s)/row)
TB_MATVEC PASS: 12 case(s), 21 rows bit-exact (last K=4608 G64=1)
- tb_matvec.sv:372: Verilog $finish
-- self-test: matvec_engine's cfg_ng > MAX_NG envelope guard MUST trip --
Aborted (core dumped)
TB_MATVEC_NG OK: NG 1..4 + 36 + 48 x {g128,g64} x 4 seeds — random, chunk=1, chunk=3, nogap+pairs + cfg_ng envelope self-test
vectors: seed=1101 N=64 K=1024 g=128 wbeats=8 sbeats=1 NG128=8 sh=5 e=-5 beats=576
vectors: seed=1101 N=64 K=1024 g=64 wbeats=8 sbeats=1 NG64=16 sh=5 e=-5 beats=576
vectors: seed=1102 N=64 K=1024 g=128 wbeats=8 sbeats=1 NG128=8 sh=5 e=-5 beats=576
vectors: seed=1102 N=64 K=1024 g=64 wbeats=8 sbeats=1 NG64=16 sh=5 e=-5 beats=576
vectors: seed=1103 N=64 K=1024 g=128 wbeats=8 sbeats=1 NG128=8 sh=5 e=-5 beats=576
vectors: seed=1103 N=64 K=1024 g=64 wbeats=8 sbeats=1 NG64=16 sh=5 e=-5 beats=576
vectors: seed=1104 N=64 K=1024 g=128 wbeats=8 sbeats=1 NG128=8 sh=5 e=-5 beats=576
vectors: seed=1104 N=64 K=1024 g=64 wbeats=8 sbeats=1 NG64=16 sh=5 e=-5 beats=576
vectors: seed=2201 N=37 K=3584 g=128 wbeats=28 sbeats=1 NG128=28 sh=7 e=-5 beats=1073
vectors: seed=2201 N=37 K=3584 g=64 wbeats=28 sbeats=2 NG64=56 sh=7 e=-5 beats=1110
vectors: seed=2202 N=37 K=3584 g=128 wbeats=28 sbeats=1 NG128=28 sh=7 e=-5 beats=1073
vectors: seed=2202 N=37 K=3584 g=64 wbeats=28 sbeats=2 NG64=56 sh=7 e=-5 beats=1110
vectors: seed=2203 N=37 K=3584 g=128 wbeats=28 sbeats=1 NG128=28 sh=7 e=-5 beats=1073
vectors: seed=2203 N=37 K=3584 g=64 wbeats=28 sbeats=2 NG64=56 sh=7 e=-5 beats=1110
vectors: seed=2204 N=37 K=3584 g=128 wbeats=28 sbeats=1 NG128=28 sh=7 e=-5 beats=1073
vectors: seed=2204 N=37 K=3584 g=64 wbeats=28 sbeats=2 NG64=56 sh=7 e=-5 beats=1110
vectors: seed=3301 N=13 K=4096 g=128 wbeats=32 sbeats=1 NG128=32 sh=7 e=-5 beats=429
vectors: seed=3301 N=13 K=4096 g=64 wbeats=32 sbeats=2 NG64=64 sh=7 e=-5 beats=442
vectors: seed=3302 N=13 K=4096 g=128 wbeats=32 sbeats=1 NG128=32 sh=7 e=-5 beats=429
vectors: seed=3302 N=13 K=4096 g=64 wbeats=32 sbeats=2 NG64=64 sh=7 e=-5 beats=442
vectors: seed=3303 N=13 K=4096 g=128 wbeats=32 sbeats=1 NG128=32 sh=7 e=-5 beats=429
vectors: seed=3303 N=13 K=4096 g=64 wbeats=32 sbeats=2 NG64=64 sh=7 e=-5 beats=442
vectors: seed=3304 N=13 K=4096 g=128 wbeats=32 sbeats=1 NG128=32 sh=7 e=-5 beats=429
vectors: seed=3304 N=13 K=4096 g=64 wbeats=32 sbeats=2 NG64=64 sh=7 e=-5 beats=442
vectors: seed=4401 N=16 K=2048 g=128 wbeats=16 sbeats=1 NG128=16 sh=6 e=-5 beats=272
vectors: seed=4401 N=16 K=2048 g=64 wbeats=16 sbeats=1 NG64=32 sh=6 e=-5 beats=272
vectors: seed=4402 N=16 K=2048 g=128 wbeats=16 sbeats=1 NG128=16 sh=6 e=-5 beats=272
vectors: seed=4402 N=16 K=2048 g=64 wbeats=16 sbeats=1 NG64=32 sh=6 e=-5 beats=272
vectors: seed=4403 N=16 K=2048 g=128 wbeats=16 sbeats=1 NG128=16 sh=6 e=-5 beats=272
vectors: seed=4403 N=16 K=2048 g=64 wbeats=16 sbeats=1 NG64=32 sh=6 e=-5 beats=272
vectors: seed=4404 N=16 K=2048 g=128 wbeats=16 sbeats=1 NG128=16 sh=6 e=-5 beats=272
vectors: seed=4404 N=16 K=2048 g=64 wbeats=16 sbeats=1 NG64=32 sh=6 e=-5 beats=272
vectors: seed=5501 N=9 K=128 g=128 wbeats=1 sbeats=1 NG128=1 sh=2 e=-5 beats=18
vectors: seed=5501 N=9 K=128 g=64 wbeats=1 sbeats=1 NG64=2 sh=2 e=-5 beats=18
vectors: seed=5502 N=9 K=128 g=128 wbeats=1 sbeats=1 NG128=1 sh=2 e=-5 beats=18
vectors: seed=5502 N=9 K=128 g=64 wbeats=1 sbeats=1 NG64=2 sh=2 e=-5 beats=18
vectors: seed=5503 N=9 K=128 g=128 wbeats=1 sbeats=1 NG128=1 sh=2 e=-5 beats=18
vectors: seed=5503 N=9 K=128 g=64 wbeats=1 sbeats=1 NG64=2 sh=2 e=-5 beats=18
vectors: seed=5504 N=9 K=128 g=128 wbeats=1 sbeats=1 NG128=1 sh=2 e=-5 beats=18
vectors: seed=5504 N=9 K=128 g=64 wbeats=1 sbeats=1 NG64=2 sh=2 e=-5 beats=18
vectors: seed=7701 N=11 K=6144 g=128 wbeats=48 sbeats=2 NG128=48 sh=8 e=-5 beats=550
vectors: seed=7701 N=11 K=6144 g=64 wbeats=48 sbeats=3 NG64=96 sh=8 e=-5 beats=561
vectors: seed=7702 N=11 K=6144 g=128 wbeats=48 sbeats=2 NG128=48 sh=8 e=-5 beats=550
vectors: seed=7702 N=11 K=6144 g=64 wbeats=48 sbeats=3 NG64=96 sh=8 e=-5 beats=561
vectors: seed=7703 N=11 K=6144 g=128 wbeats=48 sbeats=2 NG128=48 sh=8 e=-5 beats=550
vectors: seed=7703 N=11 K=6144 g=64 wbeats=48 sbeats=3 NG64=96 sh=8 e=-5 beats=561
vectors: seed=7704 N=11 K=6144 g=128 wbeats=48 sbeats=2 NG128=48 sh=8 e=-5 beats=550
vectors: seed=7704 N=11 K=6144 g=64 wbeats=48 sbeats=3 NG64=96 sh=8 e=-5 beats=561
for s in 1 2 3 4; do \
  obj_dir_tb_matvec/tb_matvec --seed $s \
    +vecdirs=vecv2/a${s}_g64,vecv2/b${s}_g64,vecv2/c${s}_g64,vecv2/d${s}_g64,vecv2/e${s}_g64,vecv2/f${s}_g64 || exit 1; \
done
[26000] case vecv2/a1_g64: K=1024 NG=8 SH=5 NROWS=64 BPR=9 G64=1
[3704000] case vecv2/b1_g64: K=3584 NG=28 SH=7 NROWS=37 BPR=30 G64=1
[12139000] case vecv2/c1_g64: K=4096 NG=32 SH=7 NROWS=13 BPR=34 G64=1
[17806000] case vecv2/d1_g64: K=2048 NG=16 SH=6 NROWS=16 BPR=17 G64=1
[21004000] case vecv2/e1_g64: K=128 NG=1 SH=2 NROWS=9 BPR=2 G64=1
[21334000] case vecv2/f1_g64: K=6144 NG=48 SH=8 NROWS=11 BPR=51 G64=1
TB_MATVEC PASS: 6 case(s), 11 rows bit-exact (last K=6144 G64=1)
- tb_matvec.sv:372: Verilog $finish
[26000] case vecv2/a2_g64: K=1024 NG=8 SH=5 NROWS=64 BPR=9 G64=1
[3704000] case vecv2/b2_g64: K=3584 NG=28 SH=7 NROWS=37 BPR=30 G64=1
[12139000] case vecv2/c2_g64: K=4096 NG=32 SH=7 NROWS=13 BPR=34 G64=1
[17806000] case vecv2/d2_g64: K=2048 NG=16 SH=6 NROWS=16 BPR=17 G64=1
[21004000] case vecv2/e2_g64: K=128 NG=1 SH=2 NROWS=9 BPR=2 G64=1
[21334000] case vecv2/f2_g64: K=6144 NG=48 SH=8 NROWS=11 BPR=51 G64=1
TB_MATVEC PASS: 6 case(s), 11 rows bit-exact (last K=6144 G64=1)
- tb_matvec.sv:372: Verilog $finish
[26000] case vecv2/a3_g64: K=1024 NG=8 SH=5 NROWS=64 BPR=9 G64=1
[3704000] case vecv2/b3_g64: K=3584 NG=28 SH=7 NROWS=37 BPR=30 G64=1
[12139000] case vecv2/c3_g64: K=4096 NG=32 SH=7 NROWS=13 BPR=34 G64=1
[17806000] case vecv2/d3_g64: K=2048 NG=16 SH=6 NROWS=16 BPR=17 G64=1
[21004000] case vecv2/e3_g64: K=128 NG=1 SH=2 NROWS=9 BPR=2 G64=1
[21334000] case vecv2/f3_g64: K=6144 NG=48 SH=8 NROWS=11 BPR=51 G64=1
TB_MATVEC PASS: 6 case(s), 11 rows bit-exact (last K=6144 G64=1)
- tb_matvec.sv:372: Verilog $finish
[26000] case vecv2/a4_g64: K=1024 NG=8 SH=5 NROWS=64 BPR=9 G64=1
[3704000] case vecv2/b4_g64: K=3584 NG=28 SH=7 NROWS=37 BPR=30 G64=1
[12139000] case vecv2/c4_g64: K=4096 NG=32 SH=7 NROWS=13 BPR=34 G64=1
[17806000] case vecv2/d4_g64: K=2048 NG=16 SH=6 NROWS=16 BPR=17 G64=1
[21004000] case vecv2/e4_g64: K=128 NG=1 SH=2 NROWS=9 BPR=2 G64=1
[21334000] case vecv2/f4_g64: K=6144 NG=48 SH=8 NROWS=11 BPR=51 G64=1
TB_MATVEC PASS: 6 case(s), 11 rows bit-exact (last K=6144 G64=1)
- tb_matvec.sv:372: Verilog $finish
for s in 1 2 3 4; do \
  obj_dir_tb_matvec/tb_matvec --seed $s \
    +vecdirs=vecv2/a${s}_g128,vecv2/a${s}_g64,vecv2/b${s}_g64,vecv2/b${s}_g128,vecv2/f${s}_g64,vecv2/e${s}_g64,vecv2/f${s}_g128,vecv2/c${s}_g128,vecv2/c${s}_g64,vecv2/d${s}_g64,vecv2/e${s}_g128 || exit 1; \
done
[26000] case vecv2/a1_g128: K=1024 NG=8 SH=5 NROWS=64 BPR=9 G64=0
[3704000] case vecv2/a1_g64: K=1024 NG=8 SH=5 NROWS=64 BPR=9 G64=1
[7248000] case vecv2/b1_g64: K=3584 NG=28 SH=7 NROWS=37 BPR=30 G64=1
[15553000] case vecv2/b1_g128: K=3584 NG=28 SH=7 NROWS=37 BPR=29 G64=0
[23964000] case vecv2/f1_g64: K=6144 NG=48 SH=8 NROWS=11 BPR=51 G64=1
[31929000] case vecv2/e1_g64: K=128 NG=1 SH=2 NROWS=9 BPR=2 G64=1
[32263000] case vecv2/f1_g128: K=6144 NG=48 SH=8 NROWS=11 BPR=50 G64=0
[40291000] case vecv2/c1_g128: K=4096 NG=32 SH=7 NROWS=13 BPR=33 G64=0
[45882000] case vecv2/c1_g64: K=4096 NG=32 SH=7 NROWS=13 BPR=34 G64=1
[51596000] case vecv2/d1_g64: K=2048 NG=16 SH=6 NROWS=16 BPR=17 G64=1
[54777000] case vecv2/e1_g128: K=128 NG=1 SH=2 NROWS=9 BPR=2 G64=0
TB_MATVEC PASS: 11 case(s), 9 rows bit-exact (last K=128 G64=0)
- tb_matvec.sv:372: Verilog $finish
[26000] case vecv2/a2_g128: K=1024 NG=8 SH=5 NROWS=64 BPR=9 G64=0
[3704000] case vecv2/a2_g64: K=1024 NG=8 SH=5 NROWS=64 BPR=9 G64=1
[7248000] case vecv2/b2_g64: K=3584 NG=28 SH=7 NROWS=37 BPR=30 G64=1
[15553000] case vecv2/b2_g128: K=3584 NG=28 SH=7 NROWS=37 BPR=29 G64=0
[23964000] case vecv2/f2_g64: K=6144 NG=48 SH=8 NROWS=11 BPR=51 G64=1
[31929000] case vecv2/e2_g64: K=128 NG=1 SH=2 NROWS=9 BPR=2 G64=1
[32263000] case vecv2/f2_g128: K=6144 NG=48 SH=8 NROWS=11 BPR=50 G64=0
[40291000] case vecv2/c2_g128: K=4096 NG=32 SH=7 NROWS=13 BPR=33 G64=0
[45882000] case vecv2/c2_g64: K=4096 NG=32 SH=7 NROWS=13 BPR=34 G64=1
[51596000] case vecv2/d2_g64: K=2048 NG=16 SH=6 NROWS=16 BPR=17 G64=1
[54777000] case vecv2/e2_g128: K=128 NG=1 SH=2 NROWS=9 BPR=2 G64=0
TB_MATVEC PASS: 11 case(s), 9 rows bit-exact (last K=128 G64=0)
- tb_matvec.sv:372: Verilog $finish
[26000] case vecv2/a3_g128: K=1024 NG=8 SH=5 NROWS=64 BPR=9 G64=0
[3704000] case vecv2/a3_g64: K=1024 NG=8 SH=5 NROWS=64 BPR=9 G64=1
[7248000] case vecv2/b3_g64: K=3584 NG=28 SH=7 NROWS=37 BPR=30 G64=1
[15553000] case vecv2/b3_g128: K=3584 NG=28 SH=7 NROWS=37 BPR=29 G64=0
[23964000] case vecv2/f3_g64: K=6144 NG=48 SH=8 NROWS=11 BPR=51 G64=1
[31929000] case vecv2/e3_g64: K=128 NG=1 SH=2 NROWS=9 BPR=2 G64=1
[32263000] case vecv2/f3_g128: K=6144 NG=48 SH=8 NROWS=11 BPR=50 G64=0
[40291000] case vecv2/c3_g128: K=4096 NG=32 SH=7 NROWS=13 BPR=33 G64=0
[45882000] case vecv2/c3_g64: K=4096 NG=32 SH=7 NROWS=13 BPR=34 G64=1
[51596000] case vecv2/d3_g64: K=2048 NG=16 SH=6 NROWS=16 BPR=17 G64=1
[54777000] case vecv2/e3_g128: K=128 NG=1 SH=2 NROWS=9 BPR=2 G64=0
TB_MATVEC PASS: 11 case(s), 9 rows bit-exact (last K=128 G64=0)
- tb_matvec.sv:372: Verilog $finish
[26000] case vecv2/a4_g128: K=1024 NG=8 SH=5 NROWS=64 BPR=9 G64=0
[3704000] case vecv2/a4_g64: K=1024 NG=8 SH=5 NROWS=64 BPR=9 G64=1
[7248000] case vecv2/b4_g64: K=3584 NG=28 SH=7 NROWS=37 BPR=30 G64=1
[15553000] case vecv2/b4_g128: K=3584 NG=28 SH=7 NROWS=37 BPR=29 G64=0
[23964000] case vecv2/f4_g64: K=6144 NG=48 SH=8 NROWS=11 BPR=51 G64=1
[31929000] case vecv2/e4_g64: K=128 NG=1 SH=2 NROWS=9 BPR=2 G64=1
[32263000] case vecv2/f4_g128: K=6144 NG=48 SH=8 NROWS=11 BPR=50 G64=0
[40291000] case vecv2/c4_g128: K=4096 NG=32 SH=7 NROWS=13 BPR=33 G64=0
[45882000] case vecv2/c4_g64: K=4096 NG=32 SH=7 NROWS=13 BPR=34 G64=1
[51596000] case vecv2/d4_g64: K=2048 NG=16 SH=6 NROWS=16 BPR=17 G64=1
[54777000] case vecv2/e4_g128: K=128 NG=1 SH=2 NROWS=9 BPR=2 G64=0
TB_MATVEC PASS: 11 case(s), 9 rows bit-exact (last K=128 G64=0)
- tb_matvec.sv:372: Verilog $finish
for s in 1 2 3 4; do \
  obj_dir_tb_matvec/tb_matvec --seed $s +chunk=5 \
    +vecdirs=vecv2/b${s}_g64,vecv2/c${s}_g64,vecv2/e${s}_g64,vecv2/f${s}_g64,vecv2/f${s}_g128,vecv2/a${s}_g128 || exit 1; \
done
[26000] case vecv2/b1_g64: K=3584 NG=28 SH=7 NROWS=37 BPR=30 G64=1
[9301000] case vecv2/c1_g64: K=4096 NG=32 SH=7 NROWS=13 BPR=34 G64=1
[15203000] case vecv2/e1_g64: K=128 NG=1 SH=2 NROWS=9 BPR=2 G64=1
[15576000] case vecv2/f1_g64: K=6144 NG=48 SH=8 NROWS=11 BPR=51 G64=1
[24118000] case vecv2/f1_g128: K=6144 NG=48 SH=8 NROWS=11 BPR=50 G64=0
[32529000] case vecv2/a1_g128: K=1024 NG=8 SH=5 NROWS=64 BPR=9 G64=0
TB_MATVEC PASS: 6 case(s), 64 rows bit-exact (last K=1024 G64=0)
- tb_matvec.sv:372: Verilog $finish
[26000] case vecv2/b2_g64: K=3584 NG=28 SH=7 NROWS=37 BPR=30 G64=1
[9301000] case vecv2/c2_g64: K=4096 NG=32 SH=7 NROWS=13 BPR=34 G64=1
[15203000] case vecv2/e2_g64: K=128 NG=1 SH=2 NROWS=9 BPR=2 G64=1
[15576000] case vecv2/f2_g64: K=6144 NG=48 SH=8 NROWS=11 BPR=51 G64=1
[24118000] case vecv2/f2_g128: K=6144 NG=48 SH=8 NROWS=11 BPR=50 G64=0
[32529000] case vecv2/a2_g128: K=1024 NG=8 SH=5 NROWS=64 BPR=9 G64=0
TB_MATVEC PASS: 6 case(s), 64 rows bit-exact (last K=1024 G64=0)
- tb_matvec.sv:372: Verilog $finish
[26000] case vecv2/b3_g64: K=3584 NG=28 SH=7 NROWS=37 BPR=30 G64=1
[9301000] case vecv2/c3_g64: K=4096 NG=32 SH=7 NROWS=13 BPR=34 G64=1
[15203000] case vecv2/e3_g64: K=128 NG=1 SH=2 NROWS=9 BPR=2 G64=1
[15576000] case vecv2/f3_g64: K=6144 NG=48 SH=8 NROWS=11 BPR=51 G64=1
[24118000] case vecv2/f3_g128: K=6144 NG=48 SH=8 NROWS=11 BPR=50 G64=0
[32529000] case vecv2/a3_g128: K=1024 NG=8 SH=5 NROWS=64 BPR=9 G64=0
TB_MATVEC PASS: 6 case(s), 64 rows bit-exact (last K=1024 G64=0)
- tb_matvec.sv:372: Verilog $finish
[26000] case vecv2/b4_g64: K=3584 NG=28 SH=7 NROWS=37 BPR=30 G64=1
[9301000] case vecv2/c4_g64: K=4096 NG=32 SH=7 NROWS=13 BPR=34 G64=1
[15203000] case vecv2/e4_g64: K=128 NG=1 SH=2 NROWS=9 BPR=2 G64=1
[15576000] case vecv2/f4_g64: K=6144 NG=48 SH=8 NROWS=11 BPR=51 G64=1
[24118000] case vecv2/f4_g128: K=6144 NG=48 SH=8 NROWS=11 BPR=50 G64=0
[32529000] case vecv2/a4_g128: K=1024 NG=8 SH=5 NROWS=64 BPR=9 G64=0
TB_MATVEC PASS: 6 case(s), 64 rows bit-exact (last K=1024 G64=0)
- tb_matvec.sv:372: Verilog $finish
for s in 1 2 3 4; do \
  obj_dir_tb_matvec/tb_matvec --seed $s +nogap +pairs \
    +maxstall=0 +ngfloor=6 \
    +vecdirs=vecv2/a${s}_g128,vecv2/a${s}_g64,vecv2/b${s}_g128,vecv2/b${s}_g64,vecv2/c${s}_g128,vecv2/c${s}_g64,vecv2/d${s}_g128,vecv2/d${s}_g64,vecv2/e${s}_g128,vecv2/e${s}_g64,vecv2/f${s}_g128,vecv2/f${s}_g64 || exit 1; \
done
[26000] case vecv2/a1_g128: K=1024 NG=8 SH=5 NROWS=64 BPR=9 G64=0
  thru: g64=0 K=1024 NG=8 rows=64 beats=576 cycles=576 stalls=0 -> 0.000 beats/cycle, 0.00 stalls/row, period 9.00 cyc/row (BPR = 9, retire residual 0.00 cyc/row)
[2867000] case vecv2/a1_g64: K=1024 NG=8 SH=5 NROWS=64 BPR=9 G64=1
  thru: g64=1 K=1024 NG=8 rows=64 beats=576 cycles=576 stalls=0 -> 0.000 beats/cycle, 0.00 stalls/row, period 9.00 cyc/row (BPR = 9, retire residual 0.00 cyc/row)
[5707000] case vecv2/b1_g128: K=3584 NG=28 SH=7 NROWS=37 BPR=29 G64=0
  thru: g64=0 K=3584 NG=28 rows=37 beats=1073 cycles=1073 stalls=0 -> 0.000 beats/cycle, 0.00 stalls/row, period 29.00 cyc/row (BPR = 29, retire residual 0.00 cyc/row)
[12405000] case vecv2/b1_g64: K=3584 NG=28 SH=7 NROWS=37 BPR=30 G64=1
  thru: g64=1 K=3584 NG=28 rows=37 beats=1110 cycles=1110 stalls=0 -> 0.000 beats/cycle, 0.00 stalls/row, period 30.00 cyc/row (BPR = 30, retire residual 0.00 cyc/row)
[19227000] case vecv2/c1_g128: K=4096 NG=32 SH=7 NROWS=13 BPR=33 G64=0
  thru: g64=0 K=4096 NG=32 rows=13 beats=429 cycles=429 stalls=0 -> 0.000 beats/cycle, 0.00 stalls/row, period 33.00 cyc/row (BPR = 33, retire residual 0.00 cyc/row)
[24218000] case vecv2/c1_g64: K=4096 NG=32 SH=7 NROWS=13 BPR=34 G64=1
  thru: g64=1 K=4096 NG=32 rows=13 beats=442 cycles=442 stalls=0 -> 0.000 beats/cycle, 0.00 stalls/row, period 34.00 cyc/row (BPR = 34, retire residual 0.00 cyc/row)
[29252000] case vecv2/d1_g128: K=2048 NG=16 SH=6 NROWS=16 BPR=17 G64=0
  thru: g64=0 K=2048 NG=16 rows=16 beats=272 cycles=272 stalls=0 -> 0.000 beats/cycle, 0.00 stalls/row, period 17.00 cyc/row (BPR = 17, retire residual 0.00 cyc/row)
[31959000] case vecv2/d1_g64: K=2048 NG=16 SH=6 NROWS=16 BPR=17 G64=1
  thru: g64=1 K=2048 NG=16 rows=16 beats=272 cycles=272 stalls=0 -> 0.000 beats/cycle, 0.00 stalls/row, period 17.00 cyc/row (BPR = 17, retire residual 0.00 cyc/row)
[34666000] case vecv2/e1_g128: K=128 NG=1 SH=2 NROWS=9 BPR=2 G64=0
  thru: g64=0 K=128 NG=1 rows=9 beats=18 cycles=50 stalls=32 -> 0.360 beats/cycle, 3.55 stalls/row, period 5.55 cyc/row (BPR = 2, retire residual 3.55 cyc/row)
[34996000] case vecv2/e1_g64: K=128 NG=1 SH=2 NROWS=9 BPR=2 G64=1
  thru: g64=1 K=128 NG=1 rows=9 beats=18 cycles=50 stalls=32 -> 0.360 beats/cycle, 3.55 stalls/row, period 5.55 cyc/row (BPR = 2, retire residual 3.55 cyc/row)
[35327000] case vecv2/f1_g128: K=6144 NG=48 SH=8 NROWS=11 BPR=50 G64=0
  thru: g64=0 K=6144 NG=48 rows=11 beats=550 cycles=550 stalls=0 -> 0.000 beats/cycle, 0.00 stalls/row, period 50.00 cyc/row (BPR = 50, retire residual 0.00 cyc/row)
[42481000] case vecv2/f1_g64: K=6144 NG=48 SH=8 NROWS=11 BPR=51 G64=1
  thru: g64=1 K=6144 NG=48 rows=11 beats=561 cycles=561 stalls=0 -> 0.000 beats/cycle, 0.00 stalls/row, period 51.00 cyc/row (BPR = 51, retire residual 0.00 cyc/row)
  pair K=1024 rows=64: g128 576 cyc / 0 stalls, g64 576 cyc / 0 stalls, budget 576 (0 extra scale beat(s)/row)
  pair K=3584 rows=37: g128 1073 cyc / 0 stalls, g64 1110 cyc / 0 stalls, budget 1110 (1 extra scale beat(s)/row)
  pair K=4096 rows=13: g128 429 cyc / 0 stalls, g64 442 cyc / 0 stalls, budget 442 (1 extra scale beat(s)/row)
  pair K=2048 rows=16: g128 272 cyc / 0 stalls, g64 272 cyc / 0 stalls, budget 272 (0 extra scale beat(s)/row)
  pair K=128 rows=9: g128 50 cyc / 32 stalls, g64 50 cyc / 32 stalls, budget 50 (0 extra scale beat(s)/row)
  pair K=6144 rows=11: g128 550 cyc / 0 stalls, g64 561 cyc / 0 stalls, budget 561 (1 extra scale beat(s)/row)
TB_MATVEC PASS: 12 case(s), 11 rows bit-exact (last K=6144 G64=1)
- tb_matvec.sv:372: Verilog $finish
[26000] case vecv2/a2_g128: K=1024 NG=8 SH=5 NROWS=64 BPR=9 G64=0
  thru: g64=0 K=1024 NG=8 rows=64 beats=576 cycles=576 stalls=0 -> 0.000 beats/cycle, 0.00 stalls/row, period 9.00 cyc/row (BPR = 9, retire residual 0.00 cyc/row)
[2867000] case vecv2/a2_g64: K=1024 NG=8 SH=5 NROWS=64 BPR=9 G64=1
  thru: g64=1 K=1024 NG=8 rows=64 beats=576 cycles=576 stalls=0 -> 0.000 beats/cycle, 0.00 stalls/row, period 9.00 cyc/row (BPR = 9, retire residual 0.00 cyc/row)
[5707000] case vecv2/b2_g128: K=3584 NG=28 SH=7 NROWS=37 BPR=29 G64=0
  thru: g64=0 K=3584 NG=28 rows=37 beats=1073 cycles=1073 stalls=0 -> 0.000 beats/cycle, 0.00 stalls/row, period 29.00 cyc/row (BPR = 29, retire residual 0.00 cyc/row)
[12405000] case vecv2/b2_g64: K=3584 NG=28 SH=7 NROWS=37 BPR=30 G64=1
  thru: g64=1 K=3584 NG=28 rows=37 beats=1110 cycles=1110 stalls=0 -> 0.000 beats/cycle, 0.00 stalls/row, period 30.00 cyc/row (BPR = 30, retire residual 0.00 cyc/row)
[19227000] case vecv2/c2_g128: K=4096 NG=32 SH=7 NROWS=13 BPR=33 G64=0
  thru: g64=0 K=4096 NG=32 rows=13 beats=429 cycles=429 stalls=0 -> 0.000 beats/cycle, 0.00 stalls/row, period 33.00 cyc/row (BPR = 33, retire residual 0.00 cyc/row)
[24218000] case vecv2/c2_g64: K=4096 NG=32 SH=7 NROWS=13 BPR=34 G64=1
  thru: g64=1 K=4096 NG=32 rows=13 beats=442 cycles=442 stalls=0 -> 0.000 beats/cycle, 0.00 stalls/row, period 34.00 cyc/row (BPR = 34, retire residual 0.00 cyc/row)
[29252000] case vecv2/d2_g128: K=2048 NG=16 SH=6 NROWS=16 BPR=17 G64=0
  thru: g64=0 K=2048 NG=16 rows=16 beats=272 cycles=272 stalls=0 -> 0.000 beats/cycle, 0.00 stalls/row, period 17.00 cyc/row (BPR = 17, retire residual 0.00 cyc/row)
[31959000] case vecv2/d2_g64: K=2048 NG=16 SH=6 NROWS=16 BPR=17 G64=1
  thru: g64=1 K=2048 NG=16 rows=16 beats=272 cycles=272 stalls=0 -> 0.000 beats/cycle, 0.00 stalls/row, period 17.00 cyc/row (BPR = 17, retire residual 0.00 cyc/row)
[34666000] case vecv2/e2_g128: K=128 NG=1 SH=2 NROWS=9 BPR=2 G64=0
  thru: g64=0 K=128 NG=1 rows=9 beats=18 cycles=50 stalls=32 -> 0.360 beats/cycle, 3.55 stalls/row, period 5.55 cyc/row (BPR = 2, retire residual 3.55 cyc/row)
[34996000] case vecv2/e2_g64: K=128 NG=1 SH=2 NROWS=9 BPR=2 G64=1
  thru: g64=1 K=128 NG=1 rows=9 beats=18 cycles=50 stalls=32 -> 0.360 beats/cycle, 3.55 stalls/row, period 5.55 cyc/row (BPR = 2, retire residual 3.55 cyc/row)
[35327000] case vecv2/f2_g128: K=6144 NG=48 SH=8 NROWS=11 BPR=50 G64=0
  thru: g64=0 K=6144 NG=48 rows=11 beats=550 cycles=550 stalls=0 -> 0.000 beats/cycle, 0.00 stalls/row, period 50.00 cyc/row (BPR = 50, retire residual 0.00 cyc/row)
[42481000] case vecv2/f2_g64: K=6144 NG=48 SH=8 NROWS=11 BPR=51 G64=1
  thru: g64=1 K=6144 NG=48 rows=11 beats=561 cycles=561 stalls=0 -> 0.000 beats/cycle, 0.00 stalls/row, period 51.00 cyc/row (BPR = 51, retire residual 0.00 cyc/row)
  pair K=1024 rows=64: g128 576 cyc / 0 stalls, g64 576 cyc / 0 stalls, budget 576 (0 extra scale beat(s)/row)
  pair K=3584 rows=37: g128 1073 cyc / 0 stalls, g64 1110 cyc / 0 stalls, budget 1110 (1 extra scale beat(s)/row)
  pair K=4096 rows=13: g128 429 cyc / 0 stalls, g64 442 cyc / 0 stalls, budget 442 (1 extra scale beat(s)/row)
  pair K=2048 rows=16: g128 272 cyc / 0 stalls, g64 272 cyc / 0 stalls, budget 272 (0 extra scale beat(s)/row)
  pair K=128 rows=9: g128 50 cyc / 32 stalls, g64 50 cyc / 32 stalls, budget 50 (0 extra scale beat(s)/row)
  pair K=6144 rows=11: g128 550 cyc / 0 stalls, g64 561 cyc / 0 stalls, budget 561 (1 extra scale beat(s)/row)
TB_MATVEC PASS: 12 case(s), 11 rows bit-exact (last K=6144 G64=1)
- tb_matvec.sv:372: Verilog $finish
[26000] case vecv2/a3_g128: K=1024 NG=8 SH=5 NROWS=64 BPR=9 G64=0
  thru: g64=0 K=1024 NG=8 rows=64 beats=576 cycles=576 stalls=0 -> 0.000 beats/cycle, 0.00 stalls/row, period 9.00 cyc/row (BPR = 9, retire residual 0.00 cyc/row)
[2867000] case vecv2/a3_g64: K=1024 NG=8 SH=5 NROWS=64 BPR=9 G64=1
  thru: g64=1 K=1024 NG=8 rows=64 beats=576 cycles=576 stalls=0 -> 0.000 beats/cycle, 0.00 stalls/row, period 9.00 cyc/row (BPR = 9, retire residual 0.00 cyc/row)
[5707000] case vecv2/b3_g128: K=3584 NG=28 SH=7 NROWS=37 BPR=29 G64=0
  thru: g64=0 K=3584 NG=28 rows=37 beats=1073 cycles=1073 stalls=0 -> 0.000 beats/cycle, 0.00 stalls/row, period 29.00 cyc/row (BPR = 29, retire residual 0.00 cyc/row)
[12405000] case vecv2/b3_g64: K=3584 NG=28 SH=7 NROWS=37 BPR=30 G64=1
  thru: g64=1 K=3584 NG=28 rows=37 beats=1110 cycles=1110 stalls=0 -> 0.000 beats/cycle, 0.00 stalls/row, period 30.00 cyc/row (BPR = 30, retire residual 0.00 cyc/row)
[19227000] case vecv2/c3_g128: K=4096 NG=32 SH=7 NROWS=13 BPR=33 G64=0
  thru: g64=0 K=4096 NG=32 rows=13 beats=429 cycles=429 stalls=0 -> 0.000 beats/cycle, 0.00 stalls/row, period 33.00 cyc/row (BPR = 33, retire residual 0.00 cyc/row)
[24218000] case vecv2/c3_g64: K=4096 NG=32 SH=7 NROWS=13 BPR=34 G64=1
  thru: g64=1 K=4096 NG=32 rows=13 beats=442 cycles=442 stalls=0 -> 0.000 beats/cycle, 0.00 stalls/row, period 34.00 cyc/row (BPR = 34, retire residual 0.00 cyc/row)
[29252000] case vecv2/d3_g128: K=2048 NG=16 SH=6 NROWS=16 BPR=17 G64=0
  thru: g64=0 K=2048 NG=16 rows=16 beats=272 cycles=272 stalls=0 -> 0.000 beats/cycle, 0.00 stalls/row, period 17.00 cyc/row (BPR = 17, retire residual 0.00 cyc/row)
[31959000] case vecv2/d3_g64: K=2048 NG=16 SH=6 NROWS=16 BPR=17 G64=1
  thru: g64=1 K=2048 NG=16 rows=16 beats=272 cycles=272 stalls=0 -> 0.000 beats/cycle, 0.00 stalls/row, period 17.00 cyc/row (BPR = 17, retire residual 0.00 cyc/row)
[34666000] case vecv2/e3_g128: K=128 NG=1 SH=2 NROWS=9 BPR=2 G64=0
  thru: g64=0 K=128 NG=1 rows=9 beats=18 cycles=50 stalls=32 -> 0.360 beats/cycle, 3.55 stalls/row, period 5.55 cyc/row (BPR = 2, retire residual 3.55 cyc/row)
[34996000] case vecv2/e3_g64: K=128 NG=1 SH=2 NROWS=9 BPR=2 G64=1
  thru: g64=1 K=128 NG=1 rows=9 beats=18 cycles=50 stalls=32 -> 0.360 beats/cycle, 3.55 stalls/row, period 5.55 cyc/row (BPR = 2, retire residual 3.55 cyc/row)
[35327000] case vecv2/f3_g128: K=6144 NG=48 SH=8 NROWS=11 BPR=50 G64=0
  thru: g64=0 K=6144 NG=48 rows=11 beats=550 cycles=550 stalls=0 -> 0.000 beats/cycle, 0.00 stalls/row, period 50.00 cyc/row (BPR = 50, retire residual 0.00 cyc/row)
[42481000] case vecv2/f3_g64: K=6144 NG=48 SH=8 NROWS=11 BPR=51 G64=1
  thru: g64=1 K=6144 NG=48 rows=11 beats=561 cycles=561 stalls=0 -> 0.000 beats/cycle, 0.00 stalls/row, period 51.00 cyc/row (BPR = 51, retire residual 0.00 cyc/row)
  pair K=1024 rows=64: g128 576 cyc / 0 stalls, g64 576 cyc / 0 stalls, budget 576 (0 extra scale beat(s)/row)
  pair K=3584 rows=37: g128 1073 cyc / 0 stalls, g64 1110 cyc / 0 stalls, budget 1110 (1 extra scale beat(s)/row)
  pair K=4096 rows=13: g128 429 cyc / 0 stalls, g64 442 cyc / 0 stalls, budget 442 (1 extra scale beat(s)/row)
  pair K=2048 rows=16: g128 272 cyc / 0 stalls, g64 272 cyc / 0 stalls, budget 272 (0 extra scale beat(s)/row)
  pair K=128 rows=9: g128 50 cyc / 32 stalls, g64 50 cyc / 32 stalls, budget 50 (0 extra scale beat(s)/row)
  pair K=6144 rows=11: g128 550 cyc / 0 stalls, g64 561 cyc / 0 stalls, budget 561 (1 extra scale beat(s)/row)
TB_MATVEC PASS: 12 case(s), 11 rows bit-exact (last K=6144 G64=1)
- tb_matvec.sv:372: Verilog $finish
[26000] case vecv2/a4_g128: K=1024 NG=8 SH=5 NROWS=64 BPR=9 G64=0
  thru: g64=0 K=1024 NG=8 rows=64 beats=576 cycles=576 stalls=0 -> 0.000 beats/cycle, 0.00 stalls/row, period 9.00 cyc/row (BPR = 9, retire residual 0.00 cyc/row)
[2867000] case vecv2/a4_g64: K=1024 NG=8 SH=5 NROWS=64 BPR=9 G64=1
  thru: g64=1 K=1024 NG=8 rows=64 beats=576 cycles=576 stalls=0 -> 0.000 beats/cycle, 0.00 stalls/row, period 9.00 cyc/row (BPR = 9, retire residual 0.00 cyc/row)
[5707000] case vecv2/b4_g128: K=3584 NG=28 SH=7 NROWS=37 BPR=29 G64=0
  thru: g64=0 K=3584 NG=28 rows=37 beats=1073 cycles=1073 stalls=0 -> 0.000 beats/cycle, 0.00 stalls/row, period 29.00 cyc/row (BPR = 29, retire residual 0.00 cyc/row)
[12405000] case vecv2/b4_g64: K=3584 NG=28 SH=7 NROWS=37 BPR=30 G64=1
  thru: g64=1 K=3584 NG=28 rows=37 beats=1110 cycles=1110 stalls=0 -> 0.000 beats/cycle, 0.00 stalls/row, period 30.00 cyc/row (BPR = 30, retire residual 0.00 cyc/row)
[19227000] case vecv2/c4_g128: K=4096 NG=32 SH=7 NROWS=13 BPR=33 G64=0
  thru: g64=0 K=4096 NG=32 rows=13 beats=429 cycles=429 stalls=0 -> 0.000 beats/cycle, 0.00 stalls/row, period 33.00 cyc/row (BPR = 33, retire residual 0.00 cyc/row)
[24218000] case vecv2/c4_g64: K=4096 NG=32 SH=7 NROWS=13 BPR=34 G64=1
  thru: g64=1 K=4096 NG=32 rows=13 beats=442 cycles=442 stalls=0 -> 0.000 beats/cycle, 0.00 stalls/row, period 34.00 cyc/row (BPR = 34, retire residual 0.00 cyc/row)
[29252000] case vecv2/d4_g128: K=2048 NG=16 SH=6 NROWS=16 BPR=17 G64=0
  thru: g64=0 K=2048 NG=16 rows=16 beats=272 cycles=272 stalls=0 -> 0.000 beats/cycle, 0.00 stalls/row, period 17.00 cyc/row (BPR = 17, retire residual 0.00 cyc/row)
[31959000] case vecv2/d4_g64: K=2048 NG=16 SH=6 NROWS=16 BPR=17 G64=1
  thru: g64=1 K=2048 NG=16 rows=16 beats=272 cycles=272 stalls=0 -> 0.000 beats/cycle, 0.00 stalls/row, period 17.00 cyc/row (BPR = 17, retire residual 0.00 cyc/row)
[34666000] case vecv2/e4_g128: K=128 NG=1 SH=2 NROWS=9 BPR=2 G64=0
  thru: g64=0 K=128 NG=1 rows=9 beats=18 cycles=50 stalls=32 -> 0.360 beats/cycle, 3.55 stalls/row, period 5.55 cyc/row (BPR = 2, retire residual 3.55 cyc/row)
[34996000] case vecv2/e4_g64: K=128 NG=1 SH=2 NROWS=9 BPR=2 G64=1
  thru: g64=1 K=128 NG=1 rows=9 beats=18 cycles=50 stalls=32 -> 0.360 beats/cycle, 3.55 stalls/row, period 5.55 cyc/row (BPR = 2, retire residual 3.55 cyc/row)
[35327000] case vecv2/f4_g128: K=6144 NG=48 SH=8 NROWS=11 BPR=50 G64=0
  thru: g64=0 K=6144 NG=48 rows=11 beats=550 cycles=550 stalls=0 -> 0.000 beats/cycle, 0.00 stalls/row, period 50.00 cyc/row (BPR = 50, retire residual 0.00 cyc/row)
[42481000] case vecv2/f4_g64: K=6144 NG=48 SH=8 NROWS=11 BPR=51 G64=1
  thru: g64=1 K=6144 NG=48 rows=11 beats=561 cycles=561 stalls=0 -> 0.000 beats/cycle, 0.00 stalls/row, period 51.00 cyc/row (BPR = 51, retire residual 0.00 cyc/row)
  pair K=1024 rows=64: g128 576 cyc / 0 stalls, g64 576 cyc / 0 stalls, budget 576 (0 extra scale beat(s)/row)
  pair K=3584 rows=37: g128 1073 cyc / 0 stalls, g64 1110 cyc / 0 stalls, budget 1110 (1 extra scale beat(s)/row)
  pair K=4096 rows=13: g128 429 cyc / 0 stalls, g64 442 cyc / 0 stalls, budget 442 (1 extra scale beat(s)/row)
  pair K=2048 rows=16: g128 272 cyc / 0 stalls, g64 272 cyc / 0 stalls, budget 272 (0 extra scale beat(s)/row)
  pair K=128 rows=9: g128 50 cyc / 32 stalls, g64 50 cyc / 32 stalls, budget 50 (0 extra scale beat(s)/row)
  pair K=6144 rows=11: g128 550 cyc / 0 stalls, g64 561 cyc / 0 stalls, budget 561 (1 extra scale beat(s)/row)
TB_MATVEC PASS: 12 case(s), 11 rows bit-exact (last K=6144 G64=1)
- tb_matvec.sv:372: Verilog $finish
RC_matvec=0
python3 ../ref/gen_matvec_vectors.py vec_s1 101 64 1024
vectors: seed=101 N=64 K=1024 NG=8 sh=5 beats=576
python3 ../ref/gen_matvec_vectors.py vec_s2 202 32 3584
vectors: seed=202 N=32 K=3584 NG=28 sh=7 beats=928
python3 ../ref/gen_matvec_vectors.py vec_s3 303 128 256
vectors: seed=303 N=128 K=256 NG=2 sh=3 beats=384
python3 ../ref/gen_matvec_vectors.py vec_s4 404 16 2048
vectors: seed=404 N=16 K=2048 NG=16 sh=6 beats=272
verilator --binary --timing -j 4 -Wall -f /home/cah/r2d2/code/verilator_lib/verilator_lib.f /home/cah/r2d2/code/verilator_lib/verilator_xilinx.vlt \
  --Mdir obj_dir_tb_chan -o tb_chan \
  --top-module tb_matvec_chan \
  ../rtl/matvec_engine.sv ../rtl/ddr_rd_streamer.sv ../rtl/matvec_chan.sv tb_matvec_chan.sv
make[1]: Entering directory '/home/cah/r2d2/code/fpga/fable5_llm/tb/obj_dir_tb_chan'
make[1]: Nothing to be done for 'default'.
make[1]: Leaving directory '/home/cah/r2d2/code/fpga/fable5_llm/tb/obj_dir_tb_chan'
obj_dir_tb_chan/tb_chan --seed 1 +vecdir=vec_s1
[64000] phase: identity
[76000] phase: configure
[152000] phase: x load
[4276000] phase: doorbell
[4292000] phase: poll
[6868000] phase: results
perf: 576 beats in 725 cycles
TB_MATVEC_CHAN PASS: 64 rows bit-exact (K=1024 G64=0)
- tb_matvec_chan.sv:242: Verilog $finish
obj_dir_tb_chan/tb_chan --seed 2 +vecdir=vec_s2
[64000] phase: identity
[76000] phase: configure
[152000] phase: x load
[14516000] phase: doorbell
[14532000] phase: poll
[18764000] phase: results
perf: 928 beats in 1217 cycles
TB_MATVEC_CHAN PASS: 32 rows bit-exact (K=3584 G64=0)
- tb_matvec_chan.sv:242: Verilog $finish
obj_dir_tb_chan/tb_chan --seed 3 +vecdir=vec_s3
[64000] phase: identity
[76000] phase: configure
[152000] phase: x load
[1204000] phase: doorbell
[1220000] phase: poll
[3888000] phase: results
perf: 384 beats in 497 cycles
TB_MATVEC_CHAN PASS: 128 rows bit-exact (K=256 G64=0)
- tb_matvec_chan.sv:242: Verilog $finish
obj_dir_tb_chan/tb_chan --seed 4 +vecdir=vec_s4
[64000] phase: identity
[76000] phase: configure
[152000] phase: x load
[8372000] phase: doorbell
[8388000] phase: poll
[9584000] phase: results
perf: 272 beats in 329 cycles
TB_MATVEC_CHAN PASS: 16 rows bit-exact (K=2048 G64=0)
- tb_matvec_chan.sv:242: Verilog $finish
vectors: seed=1101 N=64 K=1024 g=128 wbeats=8 sbeats=1 NG128=8 sh=5 e=-5 beats=576
vectors: seed=1101 N=64 K=1024 g=64 wbeats=8 sbeats=1 NG64=16 sh=5 e=-5 beats=576
vectors: seed=1102 N=64 K=1024 g=128 wbeats=8 sbeats=1 NG128=8 sh=5 e=-5 beats=576
vectors: seed=1102 N=64 K=1024 g=64 wbeats=8 sbeats=1 NG64=16 sh=5 e=-5 beats=576
vectors: seed=1103 N=64 K=1024 g=128 wbeats=8 sbeats=1 NG128=8 sh=5 e=-5 beats=576
vectors: seed=1103 N=64 K=1024 g=64 wbeats=8 sbeats=1 NG64=16 sh=5 e=-5 beats=576
vectors: seed=1104 N=64 K=1024 g=128 wbeats=8 sbeats=1 NG128=8 sh=5 e=-5 beats=576
vectors: seed=1104 N=64 K=1024 g=64 wbeats=8 sbeats=1 NG64=16 sh=5 e=-5 beats=576
vectors: seed=2201 N=37 K=3584 g=128 wbeats=28 sbeats=1 NG128=28 sh=7 e=-5 beats=1073
vectors: seed=2201 N=37 K=3584 g=64 wbeats=28 sbeats=2 NG64=56 sh=7 e=-5 beats=1110
vectors: seed=2202 N=37 K=3584 g=128 wbeats=28 sbeats=1 NG128=28 sh=7 e=-5 beats=1073
vectors: seed=2202 N=37 K=3584 g=64 wbeats=28 sbeats=2 NG64=56 sh=7 e=-5 beats=1110
vectors: seed=2203 N=37 K=3584 g=128 wbeats=28 sbeats=1 NG128=28 sh=7 e=-5 beats=1073
vectors: seed=2203 N=37 K=3584 g=64 wbeats=28 sbeats=2 NG64=56 sh=7 e=-5 beats=1110
vectors: seed=2204 N=37 K=3584 g=128 wbeats=28 sbeats=1 NG128=28 sh=7 e=-5 beats=1073
vectors: seed=2204 N=37 K=3584 g=64 wbeats=28 sbeats=2 NG64=56 sh=7 e=-5 beats=1110
vectors: seed=3301 N=13 K=4096 g=128 wbeats=32 sbeats=1 NG128=32 sh=7 e=-5 beats=429
vectors: seed=3301 N=13 K=4096 g=64 wbeats=32 sbeats=2 NG64=64 sh=7 e=-5 beats=442
vectors: seed=3302 N=13 K=4096 g=128 wbeats=32 sbeats=1 NG128=32 sh=7 e=-5 beats=429
vectors: seed=3302 N=13 K=4096 g=64 wbeats=32 sbeats=2 NG64=64 sh=7 e=-5 beats=442
vectors: seed=3303 N=13 K=4096 g=128 wbeats=32 sbeats=1 NG128=32 sh=7 e=-5 beats=429
vectors: seed=3303 N=13 K=4096 g=64 wbeats=32 sbeats=2 NG64=64 sh=7 e=-5 beats=442
vectors: seed=3304 N=13 K=4096 g=128 wbeats=32 sbeats=1 NG128=32 sh=7 e=-5 beats=429
vectors: seed=3304 N=13 K=4096 g=64 wbeats=32 sbeats=2 NG64=64 sh=7 e=-5 beats=442
vectors: seed=4401 N=16 K=2048 g=128 wbeats=16 sbeats=1 NG128=16 sh=6 e=-5 beats=272
vectors: seed=4401 N=16 K=2048 g=64 wbeats=16 sbeats=1 NG64=32 sh=6 e=-5 beats=272
vectors: seed=4402 N=16 K=2048 g=128 wbeats=16 sbeats=1 NG128=16 sh=6 e=-5 beats=272
vectors: seed=4402 N=16 K=2048 g=64 wbeats=16 sbeats=1 NG64=32 sh=6 e=-5 beats=272
vectors: seed=4403 N=16 K=2048 g=128 wbeats=16 sbeats=1 NG128=16 sh=6 e=-5 beats=272
vectors: seed=4403 N=16 K=2048 g=64 wbeats=16 sbeats=1 NG64=32 sh=6 e=-5 beats=272
vectors: seed=4404 N=16 K=2048 g=128 wbeats=16 sbeats=1 NG128=16 sh=6 e=-5 beats=272
vectors: seed=4404 N=16 K=2048 g=64 wbeats=16 sbeats=1 NG64=32 sh=6 e=-5 beats=272
vectors: seed=5501 N=9 K=128 g=128 wbeats=1 sbeats=1 NG128=1 sh=2 e=-5 beats=18
vectors: seed=5501 N=9 K=128 g=64 wbeats=1 sbeats=1 NG64=2 sh=2 e=-5 beats=18
vectors: seed=5502 N=9 K=128 g=128 wbeats=1 sbeats=1 NG128=1 sh=2 e=-5 beats=18
vectors: seed=5502 N=9 K=128 g=64 wbeats=1 sbeats=1 NG64=2 sh=2 e=-5 beats=18
vectors: seed=5503 N=9 K=128 g=128 wbeats=1 sbeats=1 NG128=1 sh=2 e=-5 beats=18
vectors: seed=5503 N=9 K=128 g=64 wbeats=1 sbeats=1 NG64=2 sh=2 e=-5 beats=18
vectors: seed=5504 N=9 K=128 g=128 wbeats=1 sbeats=1 NG128=1 sh=2 e=-5 beats=18
vectors: seed=5504 N=9 K=128 g=64 wbeats=1 sbeats=1 NG64=2 sh=2 e=-5 beats=18
vectors: seed=7701 N=11 K=6144 g=128 wbeats=48 sbeats=2 NG128=48 sh=8 e=-5 beats=550
vectors: seed=7701 N=11 K=6144 g=64 wbeats=48 sbeats=3 NG64=96 sh=8 e=-5 beats=561
vectors: seed=7702 N=11 K=6144 g=128 wbeats=48 sbeats=2 NG128=48 sh=8 e=-5 beats=550
vectors: seed=7702 N=11 K=6144 g=64 wbeats=48 sbeats=3 NG64=96 sh=8 e=-5 beats=561
vectors: seed=7703 N=11 K=6144 g=128 wbeats=48 sbeats=2 NG128=48 sh=8 e=-5 beats=550
vectors: seed=7703 N=11 K=6144 g=64 wbeats=48 sbeats=3 NG64=96 sh=8 e=-5 beats=561
vectors: seed=7704 N=11 K=6144 g=128 wbeats=48 sbeats=2 NG128=48 sh=8 e=-5 beats=550
vectors: seed=7704 N=11 K=6144 g=64 wbeats=48 sbeats=3 NG64=96 sh=8 e=-5 beats=561
verilator --binary --timing -j 4 -Wall -f /home/cah/r2d2/code/verilator_lib/verilator_lib.f /home/cah/r2d2/code/verilator_lib/verilator_xilinx.vlt \
  --Mdir obj_dir_tb_chan -o tb_chan \
  --top-module tb_matvec_chan \
  ../rtl/matvec_engine.sv ../rtl/ddr_rd_streamer.sv ../rtl/matvec_chan.sv tb_matvec_chan.sv
make[1]: Entering directory '/home/cah/r2d2/code/fpga/fable5_llm/tb/obj_dir_tb_chan'
make[1]: Nothing to be done for 'default'.
make[1]: Leaving directory '/home/cah/r2d2/code/fpga/fable5_llm/tb/obj_dir_tb_chan'
for s in 1 2 3 4; do \
  for nm in a b c d e f; do \
    obj_dir_tb_chan/tb_chan --seed $s +vecdir=vecv2/${nm}${s}_g64 || exit 1; \
  done; \
done
[64000] phase: identity
[76000] phase: configure
[164000] phase: x load
[4288000] phase: doorbell
[4304000] phase: poll
[6880000] phase: results
perf: 576 beats in 725 cycles
TB_MATVEC_CHAN PASS: 64 rows bit-exact (K=1024 G64=1)
- tb_matvec_chan.sv:242: Verilog $finish
[64000] phase: identity
[76000] phase: configure
[164000] phase: x load
[14528000] phase: doorbell
[14544000] phase: poll
[19512000] phase: results
perf: 1110 beats in 1436 cycles
TB_MATVEC_CHAN PASS: 37 rows bit-exact (K=3584 G64=1)
- tb_matvec_chan.sv:242: Verilog $finish
[64000] phase: identity
[76000] phase: configure
[164000] phase: x load
[16576000] phase: doorbell
[16592000] phase: poll
[18708000] phase: results
perf: 442 beats in 564 cycles
TB_MATVEC_CHAN PASS: 13 rows bit-exact (K=4096 G64=1)
- tb_matvec_chan.sv:242: Verilog $finish
[64000] phase: identity
[76000] phase: configure
[164000] phase: x load
[8384000] phase: doorbell
[8400000] phase: poll
[9596000] phase: results
perf: 272 beats in 329 cycles
TB_MATVEC_CHAN PASS: 16 rows bit-exact (K=2048 G64=1)
- tb_matvec_chan.sv:242: Verilog $finish
[64000] phase: identity
[76000] phase: configure
[164000] phase: x load
[704000] phase: doorbell
[720000] phase: poll
[996000] phase: results
perf: 18 beats in 24 cycles
TB_MATVEC_CHAN PASS: 9 rows bit-exact (K=128 G64=1)
- tb_matvec_chan.sv:242: Verilog $finish
[64000] phase: identity
[76000] phase: configure
[164000] phase: x load
[24768000] phase: doorbell
[24784000] phase: poll
[27268000] phase: results
perf: 561 beats in 671 cycles
TB_MATVEC_CHAN PASS: 11 rows bit-exact (K=6144 G64=1)
- tb_matvec_chan.sv:242: Verilog $finish
[64000] phase: identity
[76000] phase: configure
[164000] phase: x load
[4288000] phase: doorbell
[4304000] phase: poll
[6880000] phase: results
perf: 576 beats in 725 cycles
TB_MATVEC_CHAN PASS: 64 rows bit-exact (K=1024 G64=1)
- tb_matvec_chan.sv:242: Verilog $finish
[64000] phase: identity
[76000] phase: configure
[164000] phase: x load
[14528000] phase: doorbell
[14544000] phase: poll
[19512000] phase: results
perf: 1110 beats in 1436 cycles
TB_MATVEC_CHAN PASS: 37 rows bit-exact (K=3584 G64=1)
- tb_matvec_chan.sv:242: Verilog $finish
[64000] phase: identity
[76000] phase: configure
[164000] phase: x load
[16576000] phase: doorbell
[16592000] phase: poll
[18708000] phase: results
perf: 442 beats in 564 cycles
TB_MATVEC_CHAN PASS: 13 rows bit-exact (K=4096 G64=1)
- tb_matvec_chan.sv:242: Verilog $finish
[64000] phase: identity
[76000] phase: configure
[164000] phase: x load
[8384000] phase: doorbell
[8400000] phase: poll
[9596000] phase: results
perf: 272 beats in 329 cycles
TB_MATVEC_CHAN PASS: 16 rows bit-exact (K=2048 G64=1)
- tb_matvec_chan.sv:242: Verilog $finish
[64000] phase: identity
[76000] phase: configure
[164000] phase: x load
[704000] phase: doorbell
[720000] phase: poll
[996000] phase: results
perf: 18 beats in 24 cycles
TB_MATVEC_CHAN PASS: 9 rows bit-exact (K=128 G64=1)
- tb_matvec_chan.sv:242: Verilog $finish
[64000] phase: identity
[76000] phase: configure
[164000] phase: x load
[24768000] phase: doorbell
[24784000] phase: poll
[27268000] phase: results
perf: 561 beats in 671 cycles
TB_MATVEC_CHAN PASS: 11 rows bit-exact (K=6144 G64=1)
- tb_matvec_chan.sv:242: Verilog $finish
[64000] phase: identity
[76000] phase: configure
[164000] phase: x load
[4288000] phase: doorbell
[4304000] phase: poll
[6880000] phase: results
perf: 576 beats in 725 cycles
TB_MATVEC_CHAN PASS: 64 rows bit-exact (K=1024 G64=1)
- tb_matvec_chan.sv:242: Verilog $finish
[64000] phase: identity
[76000] phase: configure
[164000] phase: x load
[14528000] phase: doorbell
[14544000] phase: poll
[19512000] phase: results
perf: 1110 beats in 1436 cycles
TB_MATVEC_CHAN PASS: 37 rows bit-exact (K=3584 G64=1)
- tb_matvec_chan.sv:242: Verilog $finish
[64000] phase: identity
[76000] phase: configure
[164000] phase: x load
[16576000] phase: doorbell
[16592000] phase: poll
[18708000] phase: results
perf: 442 beats in 564 cycles
TB_MATVEC_CHAN PASS: 13 rows bit-exact (K=4096 G64=1)
- tb_matvec_chan.sv:242: Verilog $finish
[64000] phase: identity
[76000] phase: configure
[164000] phase: x load
[8384000] phase: doorbell
[8400000] phase: poll
[9596000] phase: results
perf: 272 beats in 329 cycles
TB_MATVEC_CHAN PASS: 16 rows bit-exact (K=2048 G64=1)
- tb_matvec_chan.sv:242: Verilog $finish
[64000] phase: identity
[76000] phase: configure
[164000] phase: x load
[704000] phase: doorbell
[720000] phase: poll
[996000] phase: results
perf: 18 beats in 24 cycles
TB_MATVEC_CHAN PASS: 9 rows bit-exact (K=128 G64=1)
- tb_matvec_chan.sv:242: Verilog $finish
[64000] phase: identity
[76000] phase: configure
[164000] phase: x load
[24768000] phase: doorbell
[24784000] phase: poll
[27268000] phase: results
perf: 561 beats in 671 cycles
TB_MATVEC_CHAN PASS: 11 rows bit-exact (K=6144 G64=1)
- tb_matvec_chan.sv:242: Verilog $finish
[64000] phase: identity
[76000] phase: configure
[164000] phase: x load
[4288000] phase: doorbell
[4304000] phase: poll
[6880000] phase: results
perf: 576 beats in 725 cycles
TB_MATVEC_CHAN PASS: 64 rows bit-exact (K=1024 G64=1)
- tb_matvec_chan.sv:242: Verilog $finish
[64000] phase: identity
[76000] phase: configure
[164000] phase: x load
[14528000] phase: doorbell
[14544000] phase: poll
[19512000] phase: results
perf: 1110 beats in 1436 cycles
TB_MATVEC_CHAN PASS: 37 rows bit-exact (K=3584 G64=1)
- tb_matvec_chan.sv:242: Verilog $finish
[64000] phase: identity
[76000] phase: configure
[164000] phase: x load
[16576000] phase: doorbell
[16592000] phase: poll
[18708000] phase: results
perf: 442 beats in 564 cycles
TB_MATVEC_CHAN PASS: 13 rows bit-exact (K=4096 G64=1)
- tb_matvec_chan.sv:242: Verilog $finish
[64000] phase: identity
[76000] phase: configure
[164000] phase: x load
[8384000] phase: doorbell
[8400000] phase: poll
[9596000] phase: results
perf: 272 beats in 329 cycles
TB_MATVEC_CHAN PASS: 16 rows bit-exact (K=2048 G64=1)
- tb_matvec_chan.sv:242: Verilog $finish
[64000] phase: identity
[76000] phase: configure
[164000] phase: x load
[704000] phase: doorbell
[720000] phase: poll
[996000] phase: results
perf: 18 beats in 24 cycles
TB_MATVEC_CHAN PASS: 9 rows bit-exact (K=128 G64=1)
- tb_matvec_chan.sv:242: Verilog $finish
[64000] phase: identity
[76000] phase: configure
[164000] phase: x load
[24768000] phase: doorbell
[24784000] phase: poll
[27268000] phase: results
perf: 561 beats in 671 cycles
TB_MATVEC_CHAN PASS: 11 rows bit-exact (K=6144 G64=1)
- tb_matvec_chan.sv:242: Verilog $finish
verilator --binary --timing -j 4 -Wall -f /home/cah/r2d2/code/verilator_lib/verilator_lib.f /home/cah/r2d2/code/verilator_lib/verilator_xilinx.vlt \
  --Mdir obj_dir_tb_mvshim_b -o tb_mvshim_b \
  --top-module tb_mvshim_b \
  mvshim_b_stubs.sv ../rtl/matvec_chan.sv tb_mvshim_b.sv
make[1]: Entering directory '/home/cah/r2d2/code/fpga/fable5_llm/tb/obj_dir_tb_mvshim_b'
make[1]: Nothing to be done for 'default'.
make[1]: Leaving directory '/home/cah/r2d2/code/fpga/fable5_llm/tb/obj_dir_tb_mvshim_b'
obj_dir_tb_mvshim_b/tb_mvshim_b --seed 1 +seed=1 +verilator+rand+reset+2
tb_mvshim_b: PASS seed=1, 0 errors, gen=4, ui_clk=fast300M, s_axib W beats=1664, WREADY-stall cyc=13, AXIL-AR-held-off cyc=1280
- tb_mvshim_b.sv:679: Verilog $finish
obj_dir_tb_mvshim_b/tb_mvshim_b --seed 2 +seed=2 +verilator+rand+reset+2
tb_mvshim_b: PASS seed=2, 0 errors, gen=4, ui_clk=fast300M, s_axib W beats=1664, WREADY-stall cyc=13, AXIL-AR-held-off cyc=1293
- tb_mvshim_b.sv:679: Verilog $finish
obj_dir_tb_mvshim_b/tb_mvshim_b --seed 3 +seed=3 +verilator+rand+reset+2 +slowui
tb_mvshim_b: PASS seed=3, 0 errors, gen=4, ui_clk= slow50M, s_axib W beats=1664, WREADY-stall cyc=3899, AXIL-AR-held-off cyc=1294
- tb_mvshim_b.sv:679: Verilog $finish
obj_dir_tb_mvshim_b/tb_mvshim_b --seed 4 +seed=4 +verilator+rand+reset+2 +slowui
tb_mvshim_b: PASS seed=4, 0 errors, gen=4, ui_clk= slow50M, s_axib W beats=1664, WREADY-stall cyc=4076, AXIL-AR-held-off cyc=1282
- tb_mvshim_b.sv:679: Verilog $finish
-- self-test: the scoreboard MUST trip under +sabotage --
TB_MVSHIM_B OK: 4 seeds (2 fast ui_clk, 2 slow ui_clk) + sabotage self-test
RC_mvchan=0
seq layer script: seed=1 -> scripts/seqlayer_s1.txt  k_t=-8 k_clamp0=0 k_a=23 k_b=5; goldens distinct: y(k_t)!=y(0) True, y(k_t)!=y(k_a) True, y(k_t)!=y(k_b) True; hi-half block: ALU/VN/GATE/DNST across words 16384..32767, 1296 fold-down sentinels (DNST dec (21000, 30000), beta (9000, 26000))
seq layer script: seed=2 -> scripts/seqlayer_s2.txt  k_t=-9 k_clamp0=0 k_a=8 k_b=7; goldens distinct: y(k_t)!=y(0) True, y(k_t)!=y(k_a) True, y(k_t)!=y(k_b) True; hi-half block: ALU/VN/GATE/DNST across words 16384..32767, 1296 fold-down sentinels (DNST dec (21000, 30000), beta (9000, 26000))
seq layer script: seed=3 -> scripts/seqlayer_s3.txt  k_t=-11 k_clamp0=0 k_a=8 k_b=4; goldens distinct: y(k_t)!=y(0) True, y(k_t)!=y(k_a) True, y(k_t)!=y(k_b) True; hi-half block: ALU/VN/GATE/DNST across words 16384..32767, 1296 fold-down sentinels (DNST dec (21000, 30000), beta (9000, 26000))
seq layer script: seed=4 -> scripts/seqlayer_s4.txt  k_t=-9 k_clamp0=0 k_a=24 k_b=5; goldens distinct: y(k_t)!=y(0) True, y(k_t)!=y(k_a) True, y(k_t)!=y(k_b) True; hi-half block: ALU/VN/GATE/DNST across words 16384..32767, 1296 fold-down sentinels (DNST dec (21000, 30000), beta (9000, 26000))
verilator --binary --timing -j 4 -Wall \
  --Mdir obj_dir_tb_seqlayer -o tb_seqlayer \
  --top-module tb_layer_chan \
  ../rtl/fx_pkg.sv ../rtl/fx_rsqrt.sv ../rtl/fx_recip.sv ../rtl/fx_silu.sv ../rtl/vecnorm_unit.sv ../rtl/rope_unit.sv ../rtl/conv4_silu.sv ../rtl/dn_step.sv ../rtl/attn_core.sv ../rtl/gate_unit.sv ../rtl/vec_alu.sv ../rtl/layer_chan.sv tb_layer_chan.sv
make[1]: Entering directory '/home/cah/r2d2/code/fpga/fable5_llm/tb/obj_dir_tb_seqlayer'
g++ -Os  -I.  -MMD -I/usr/share/verilator/include -I/usr/share/verilator/include/vltstd -DVM_COVERAGE=0 -DVM_SC=0 -DVM_TRACE=0 -DVM_TRACE_FST=0 -DVM_TRACE_VCD=0 -faligned-new -fcf-protection=none -Wno-bool-operation -Wno-overloaded-virtual -Wno-shadow -Wno-sign-compare -Wno-uninitialized -Wno-unused-but-set-parameter -Wno-unused-but-set-variable -Wno-unused-parameter -Wno-unused-variable     -DVL_TIME_CONTEXT   -fcoroutines -c -o verilated.o /usr/share/verilator/include/verilated.cpp
g++ -Os  -I.  -MMD -I/usr/share/verilator/include -I/usr/share/verilator/include/vltstd -DVM_COVERAGE=0 -DVM_SC=0 -DVM_TRACE=0 -DVM_TRACE_FST=0 -DVM_TRACE_VCD=0 -faligned-new -fcf-protection=none -Wno-bool-operation -Wno-overloaded-virtual -Wno-shadow -Wno-sign-compare -Wno-uninitialized -Wno-unused-but-set-parameter -Wno-unused-but-set-variable -Wno-unused-parameter -Wno-unused-variable     -DVL_TIME_CONTEXT   -fcoroutines -c -o verilated_timing.o /usr/share/verilator/include/verilated_timing.cpp
g++ -Os  -I.  -MMD -I/usr/share/verilator/include -I/usr/share/verilator/include/vltstd -DVM_COVERAGE=0 -DVM_SC=0 -DVM_TRACE=0 -DVM_TRACE_FST=0 -DVM_TRACE_VCD=0 -faligned-new -fcf-protection=none -Wno-bool-operation -Wno-overloaded-virtual -Wno-shadow -Wno-sign-compare -Wno-uninitialized -Wno-unused-but-set-parameter -Wno-unused-but-set-variable -Wno-unused-parameter -Wno-unused-variable     -DVL_TIME_CONTEXT   -fcoroutines -c -o verilated_threads.o /usr/share/verilator/include/verilated_threads.cpp
g++ -Os  -I.  -MMD -I/usr/share/verilator/include -I/usr/share/verilator/include/vltstd -DVM_COVERAGE=0 -DVM_SC=0 -DVM_TRACE=0 -DVM_TRACE_FST=0 -DVM_TRACE_VCD=0 -faligned-new -fcf-protection=none -Wno-bool-operation -Wno-overloaded-virtual -Wno-shadow -Wno-sign-compare -Wno-uninitialized -Wno-unused-but-set-parameter -Wno-unused-but-set-variable -Wno-unused-parameter -Wno-unused-variable     -DVL_TIME_CONTEXT   -fcoroutines -x c++-header Vtb_layer_chan__pch.h -o Vtb_layer_chan__pch.h.fast.gch
g++   -I.  -MMD -I/usr/share/verilator/include -I/usr/share/verilator/include/vltstd -DVM_COVERAGE=0 -DVM_SC=0 -DVM_TRACE=0 -DVM_TRACE_FST=0 -DVM_TRACE_VCD=0 -faligned-new -fcf-protection=none -Wno-bool-operation -Wno-overloaded-virtual -Wno-shadow -Wno-sign-compare -Wno-uninitialized -Wno-unused-but-set-parameter -Wno-unused-but-set-variable -Wno-unused-parameter -Wno-unused-variable     -DVL_TIME_CONTEXT   -fcoroutines -x c++-header Vtb_layer_chan__pch.h -o Vtb_layer_chan__pch.h.slow.gch
g++ -Os  -I.  -MMD -I/usr/share/verilator/include -I/usr/share/verilator/include/vltstd -DVM_COVERAGE=0 -DVM_SC=0 -DVM_TRACE=0 -DVM_TRACE_FST=0 -DVM_TRACE_VCD=0 -faligned-new -fcf-protection=none -Wno-bool-operation -Wno-overloaded-virtual -Wno-shadow -Wno-sign-compare -Wno-uninitialized -Wno-unused-but-set-parameter -Wno-unused-but-set-variable -Wno-unused-parameter -Wno-unused-variable     -DVL_TIME_CONTEXT   -fcoroutines -include Vtb_layer_chan__pch.h.fast -c -o Vtb_layer_chan.o Vtb_layer_chan.cpp
g++ -Os  -I.  -MMD -I/usr/share/verilator/include -I/usr/share/verilator/include/vltstd -DVM_COVERAGE=0 -DVM_SC=0 -DVM_TRACE=0 -DVM_TRACE_FST=0 -DVM_TRACE_VCD=0 -faligned-new -fcf-protection=none -Wno-bool-operation -Wno-overloaded-virtual -Wno-shadow -Wno-sign-compare -Wno-uninitialized -Wno-unused-but-set-parameter -Wno-unused-but-set-variable -Wno-unused-parameter -Wno-unused-variable     -DVL_TIME_CONTEXT   -fcoroutines -include Vtb_layer_chan__pch.h.fast -c -o Vtb_layer_chan___024root__DepSet_h3eda1a8d__0.o Vtb_layer_chan___024root__DepSet_h3eda1a8d__0.cpp
g++ -Os  -I.  -MMD -I/usr/share/verilator/include -I/usr/share/verilator/include/vltstd -DVM_COVERAGE=0 -DVM_SC=0 -DVM_TRACE=0 -DVM_TRACE_FST=0 -DVM_TRACE_VCD=0 -faligned-new -fcf-protection=none -Wno-bool-operation -Wno-overloaded-virtual -Wno-shadow -Wno-sign-compare -Wno-uninitialized -Wno-unused-but-set-parameter -Wno-unused-but-set-variable -Wno-unused-parameter -Wno-unused-variable     -DVL_TIME_CONTEXT   -fcoroutines -include Vtb_layer_chan__pch.h.fast -c -o Vtb_layer_chan___024root__DepSet_h5d1b4e19__0.o Vtb_layer_chan___024root__DepSet_h5d1b4e19__0.cpp
g++ -Os  -I.  -MMD -I/usr/share/verilator/include -I/usr/share/verilator/include/vltstd -DVM_COVERAGE=0 -DVM_SC=0 -DVM_TRACE=0 -DVM_TRACE_FST=0 -DVM_TRACE_VCD=0 -faligned-new -fcf-protection=none -Wno-bool-operation -Wno-overloaded-virtual -Wno-shadow -Wno-sign-compare -Wno-uninitialized -Wno-unused-but-set-parameter -Wno-unused-but-set-variable -Wno-unused-parameter -Wno-unused-variable     -DVL_TIME_CONTEXT   -fcoroutines -include Vtb_layer_chan__pch.h.fast -c -o Vtb_layer_chan___024root__DepSet_h5d1b4e19__1.o Vtb_layer_chan___024root__DepSet_h5d1b4e19__1.cpp
g++ -Os  -I.  -MMD -I/usr/share/verilator/include -I/usr/share/verilator/include/vltstd -DVM_COVERAGE=0 -DVM_SC=0 -DVM_TRACE=0 -DVM_TRACE_FST=0 -DVM_TRACE_VCD=0 -faligned-new -fcf-protection=none -Wno-bool-operation -Wno-overloaded-virtual -Wno-shadow -Wno-sign-compare -Wno-uninitialized -Wno-unused-but-set-parameter -Wno-unused-but-set-variable -Wno-unused-parameter -Wno-unused-variable     -DVL_TIME_CONTEXT   -fcoroutines -include Vtb_layer_chan__pch.h.fast -c -o Vtb_layer_chan___024root__DepSet_h5d1b4e19__2.o Vtb_layer_chan___024root__DepSet_h5d1b4e19__2.cpp
g++ -Os  -I.  -MMD -I/usr/share/verilator/include -I/usr/share/verilator/include/vltstd -DVM_COVERAGE=0 -DVM_SC=0 -DVM_TRACE=0 -DVM_TRACE_FST=0 -DVM_TRACE_VCD=0 -faligned-new -fcf-protection=none -Wno-bool-operation -Wno-overloaded-virtual -Wno-shadow -Wno-sign-compare -Wno-uninitialized -Wno-unused-but-set-parameter -Wno-unused-but-set-variable -Wno-unused-parameter -Wno-unused-variable     -DVL_TIME_CONTEXT   -fcoroutines -include Vtb_layer_chan__pch.h.fast -c -o Vtb_layer_chan___024root__DepSet_h5d1b4e19__3.o Vtb_layer_chan___024root__DepSet_h5d1b4e19__3.cpp
g++ -Os  -I.  -MMD -I/usr/share/verilator/include -I/usr/share/verilator/include/vltstd -DVM_COVERAGE=0 -DVM_SC=0 -DVM_TRACE=0 -DVM_TRACE_FST=0 -DVM_TRACE_VCD=0 -faligned-new -fcf-protection=none -Wno-bool-operation -Wno-overloaded-virtual -Wno-shadow -Wno-sign-compare -Wno-uninitialized -Wno-unused-but-set-parameter -Wno-unused-but-set-variable -Wno-unused-parameter -Wno-unused-variable     -DVL_TIME_CONTEXT   -fcoroutines -include Vtb_layer_chan__pch.h.fast -c -o Vtb_layer_chan___024root__DepSet_h5d1b4e19__4.o Vtb_layer_chan___024root__DepSet_h5d1b4e19__4.cpp
g++ -Os  -I.  -MMD -I/usr/share/verilator/include -I/usr/share/verilator/include/vltstd -DVM_COVERAGE=0 -DVM_SC=0 -DVM_TRACE=0 -DVM_TRACE_FST=0 -DVM_TRACE_VCD=0 -faligned-new -fcf-protection=none -Wno-bool-operation -Wno-overloaded-virtual -Wno-shadow -Wno-sign-compare -Wno-uninitialized -Wno-unused-but-set-parameter -Wno-unused-but-set-variable -Wno-unused-parameter -Wno-unused-variable     -DVL_TIME_CONTEXT   -fcoroutines -include Vtb_layer_chan__pch.h.fast -c -o Vtb_layer_chan__main.o Vtb_layer_chan__main.cpp
g++   -I.  -MMD -I/usr/share/verilator/include -I/usr/share/verilator/include/vltstd -DVM_COVERAGE=0 -DVM_SC=0 -DVM_TRACE=0 -DVM_TRACE_FST=0 -DVM_TRACE_VCD=0 -faligned-new -fcf-protection=none -Wno-bool-operation -Wno-overloaded-virtual -Wno-shadow -Wno-sign-compare -Wno-uninitialized -Wno-unused-but-set-parameter -Wno-unused-but-set-variable -Wno-unused-parameter -Wno-unused-variable     -DVL_TIME_CONTEXT   -fcoroutines -include Vtb_layer_chan__pch.h.slow -c -o Vtb_layer_chan__ConstPool_0.o Vtb_layer_chan__ConstPool_0.cpp
g++   -I.  -MMD -I/usr/share/verilator/include -I/usr/share/verilator/include/vltstd -DVM_COVERAGE=0 -DVM_SC=0 -DVM_TRACE=0 -DVM_TRACE_FST=0 -DVM_TRACE_VCD=0 -faligned-new -fcf-protection=none -Wno-bool-operation -Wno-overloaded-virtual -Wno-shadow -Wno-sign-compare -Wno-uninitialized -Wno-unused-but-set-parameter -Wno-unused-but-set-variable -Wno-unused-parameter -Wno-unused-variable     -DVL_TIME_CONTEXT   -fcoroutines -include Vtb_layer_chan__pch.h.slow -c -o Vtb_layer_chan___024root__Slow.o Vtb_layer_chan___024root__Slow.cpp
g++   -I.  -MMD -I/usr/share/verilator/include -I/usr/share/verilator/include/vltstd -DVM_COVERAGE=0 -DVM_SC=0 -DVM_TRACE=0 -DVM_TRACE_FST=0 -DVM_TRACE_VCD=0 -faligned-new -fcf-protection=none -Wno-bool-operation -Wno-overloaded-virtual -Wno-shadow -Wno-sign-compare -Wno-uninitialized -Wno-unused-but-set-parameter -Wno-unused-but-set-variable -Wno-unused-parameter -Wno-unused-variable     -DVL_TIME_CONTEXT   -fcoroutines -include Vtb_layer_chan__pch.h.slow -c -o Vtb_layer_chan___024root__DepSet_h3eda1a8d__0__Slow.o Vtb_layer_chan___024root__DepSet_h3eda1a8d__0__Slow.cpp
g++   -I.  -MMD -I/usr/share/verilator/include -I/usr/share/verilator/include/vltstd -DVM_COVERAGE=0 -DVM_SC=0 -DVM_TRACE=0 -DVM_TRACE_FST=0 -DVM_TRACE_VCD=0 -faligned-new -fcf-protection=none -Wno-bool-operation -Wno-overloaded-virtual -Wno-shadow -Wno-sign-compare -Wno-uninitialized -Wno-unused-but-set-parameter -Wno-unused-but-set-variable -Wno-unused-parameter -Wno-unused-variable     -DVL_TIME_CONTEXT   -fcoroutines -include Vtb_layer_chan__pch.h.slow -c -o Vtb_layer_chan___024root__DepSet_h5d1b4e19__0__Slow.o Vtb_layer_chan___024root__DepSet_h5d1b4e19__0__Slow.cpp
g++   -I.  -MMD -I/usr/share/verilator/include -I/usr/share/verilator/include/vltstd -DVM_COVERAGE=0 -DVM_SC=0 -DVM_TRACE=0 -DVM_TRACE_FST=0 -DVM_TRACE_VCD=0 -faligned-new -fcf-protection=none -Wno-bool-operation -Wno-overloaded-virtual -Wno-shadow -Wno-sign-compare -Wno-uninitialized -Wno-unused-but-set-parameter -Wno-unused-but-set-variable -Wno-unused-parameter -Wno-unused-variable     -DVL_TIME_CONTEXT   -fcoroutines -include Vtb_layer_chan__pch.h.slow -c -o Vtb_layer_chan__Syms.o Vtb_layer_chan__Syms.cpp
echo "" > Vtb_layer_chan__ALL.verilator_deplist.tmp
Archive ar -rcs Vtb_layer_chan__ALL.a Vtb_layer_chan.o Vtb_layer_chan___024root__DepSet_h3eda1a8d__0.o Vtb_layer_chan___024root__DepSet_h5d1b4e19__0.o Vtb_layer_chan___024root__DepSet_h5d1b4e19__1.o Vtb_layer_chan___024root__DepSet_h5d1b4e19__2.o Vtb_layer_chan___024root__DepSet_h5d1b4e19__3.o Vtb_layer_chan___024root__DepSet_h5d1b4e19__4.o Vtb_layer_chan__main.o Vtb_layer_chan__ConstPool_0.o Vtb_layer_chan___024root__Slow.o Vtb_layer_chan___024root__DepSet_h3eda1a8d__0__Slow.o Vtb_layer_chan___024root__DepSet_h5d1b4e19__0__Slow.o Vtb_layer_chan__Syms.o
g++     verilated.o verilated_timing.o verilated_threads.o Vtb_layer_chan__ALL.a    -pthread -lpthread -latomic   -o tb_seqlayer
rm Vtb_layer_chan__ALL.verilator_deplist.tmp
make[1]: Leaving directory '/home/cah/r2d2/code/fpga/fable5_llm/tb/obj_dir_tb_seqlayer'
obj_dir_tb_seqlayer/tb_seqlayer +script=scripts/seqlayer_s1.txt
TB_LAYER_CHAN PASS: 19 cmds, 3696 checks bit-exact (scripts/seqlayer_s1.txt)
- tb_layer_chan.sv:273: Verilog $finish
obj_dir_tb_seqlayer/tb_seqlayer +script=scripts/seqlayer_s2.txt
TB_LAYER_CHAN PASS: 19 cmds, 3696 checks bit-exact (scripts/seqlayer_s2.txt)
- tb_layer_chan.sv:273: Verilog $finish
obj_dir_tb_seqlayer/tb_seqlayer +script=scripts/seqlayer_s3.txt
TB_LAYER_CHAN PASS: 19 cmds, 3696 checks bit-exact (scripts/seqlayer_s3.txt)
- tb_layer_chan.sv:273: Verilog $finish
obj_dir_tb_seqlayer/tb_seqlayer +script=scripts/seqlayer_s4.txt
TB_LAYER_CHAN PASS: 19 cmds, 3696 checks bit-exact (scripts/seqlayer_s4.txt)
- tb_layer_chan.sv:273: Verilog $finish
verilator --binary --timing -j 4 -Wall \
  --Mdir obj_dir_tb_layershim_c -o tb_layershim_c \
  --top-module tb_layershim_c \
  ../rtl/fx_pkg.sv ../rtl/fx_rsqrt.sv ../rtl/fx_recip.sv ../rtl/fx_silu.sv ../rtl/vecnorm_unit.sv ../rtl/rope_unit.sv ../rtl/conv4_silu.sv ../rtl/dn_step.sv ../rtl/attn_core.sv ../rtl/gate_unit.sv ../rtl/vec_alu.sv ../rtl/layer_chan.sv tb_layershim_c.sv
make[1]: Entering directory '/home/cah/r2d2/code/fpga/fable5_llm/tb/obj_dir_tb_layershim_c'
make[1]: Nothing to be done for 'default'.
make[1]: Leaving directory '/home/cah/r2d2/code/fpga/fable5_llm/tb/obj_dir_tb_layershim_c'
T1 OK: 1090 words burst-written, SWIN readback bit-exact
T2 OK: 835 words SWIN-written, burst readback bit-exact
T3 OK: burst W/R during a live ALU op 4 (len 2048) -> SLVERR on 256/256 read beats + BRESP SLVERR; 2048 ALU results bit-exact; 256 victim words untouched
T4 OK: the blocked burst retried clean once idle (256 words)
T5 OK: DNZ (busy, non-ALU mux arm) -> SLVERR, scratch untouched
T6 OK: 128 SWIN writes concurrent with a 128-beat burst, no beat lost on either side
T7 OK: WSTRB=0 beats consumed, answered OKAY, wrote nothing
T8 OK: 8x (CMD -> DONE poll -> immediate burst) all BRESP OKAY and bit-exact
TB_LAYERSHIM_C PASS (seed 1): T1 1090 w, T2 835 w, T3 ALU 2048 + 256 SLVERR beats, T6 128 w, T4/T5/T7/T8 ok
- tb_layershim_c.sv:625: Verilog $finish
T1 OK: 1037 words burst-written, SWIN readback bit-exact
T2 OK: 922 words SWIN-written, burst readback bit-exact
T3 OK: burst W/R during a live ALU op 4 (len 2048) -> SLVERR on 256/256 read beats + BRESP SLVERR; 2048 ALU results bit-exact; 256 victim words untouched
T4 OK: the blocked burst retried clean once idle (256 words)
T5 OK: DNZ (busy, non-ALU mux arm) -> SLVERR, scratch untouched
T6 OK: 128 SWIN writes concurrent with a 128-beat burst, no beat lost on either side
T7 OK: WSTRB=0 beats consumed, answered OKAY, wrote nothing
T8 OK: 8x (CMD -> DONE poll -> immediate burst) all BRESP OKAY and bit-exact
TB_LAYERSHIM_C PASS (seed 2): T1 1037 w, T2 922 w, T3 ALU 2048 + 256 SLVERR beats, T6 128 w, T4/T5/T7/T8 ok
- tb_layershim_c.sv:625: Verilog $finish
T1 OK: 1123 words burst-written, SWIN readback bit-exact
T2 OK: 650 words SWIN-written, burst readback bit-exact
T3 OK: burst W/R during a live ALU op 4 (len 2048) -> SLVERR on 256/256 read beats + BRESP SLVERR; 2048 ALU results bit-exact; 256 victim words untouched
T4 OK: the blocked burst retried clean once idle (256 words)
T5 OK: DNZ (busy, non-ALU mux arm) -> SLVERR, scratch untouched
T6 OK: 128 SWIN writes concurrent with a 128-beat burst, no beat lost on either side
T7 OK: WSTRB=0 beats consumed, answered OKAY, wrote nothing
T8 OK: 8x (CMD -> DONE poll -> immediate burst) all BRESP OKAY and bit-exact
TB_LAYERSHIM_C PASS (seed 3): T1 1123 w, T2 650 w, T3 ALU 2048 + 256 SLVERR beats, T6 128 w, T4/T5/T7/T8 ok
- tb_layershim_c.sv:625: Verilog $finish
T1 OK: 1559 words burst-written, SWIN readback bit-exact
T2 OK: 706 words SWIN-written, burst readback bit-exact
T3 OK: burst W/R during a live ALU op 4 (len 2048) -> SLVERR on 256/256 read beats + BRESP SLVERR; 2048 ALU results bit-exact; 256 victim words untouched
T4 OK: the blocked burst retried clean once idle (256 words)
T5 OK: DNZ (busy, non-ALU mux arm) -> SLVERR, scratch untouched
T6 OK: 128 SWIN writes concurrent with a 128-beat burst, no beat lost on either side
T7 OK: WSTRB=0 beats consumed, answered OKAY, wrote nothing
T8 OK: 8x (CMD -> DONE poll -> immediate burst) all BRESP OKAY and bit-exact
TB_LAYERSHIM_C PASS (seed 4): T1 1559 w, T2 706 w, T3 ALU 2048 + 256 SLVERR beats, T6 128 w, T4/T5/T7/T8 ok
- tb_layershim_c.sv:625: Verilog $finish
  small1           nelem=      1 cmds=  1 count= 1 ovf_lit=0 ovf_disp=0 amax=(0,f922e4ff)  count<32, no overflow possible
  small2           nelem=      2 cmds=  1 count= 2 ovf_lit=0 ovf_disp=0 amax=(1,a4e7a4f6)  count<32, no overflow possible
  small8           nelem=      8 cmds=  1 count= 8 ovf_lit=0 ovf_disp=0 amax=(2,5e787048)  count<32, no overflow possible
  small17          nelem=     17 cmds=  1 count=17 ovf_lit=0 ovf_disp=0 amax=(16,7a16820b)  count<32, no overflow possible
  small31          nelem=     31 cmds=  1 count=31 ovf_lit=0 ovf_disp=0 amax=(14,7b1197d7)  count<32, no overflow possible
  edge32           nelem=     32 cmds=  1 count=32 ovf_lit=0 ovf_disp=0 amax=(30,7b1ef876)  the count==32 boundary
  edge33           nelem=     33 cmds=  1 count=32 ovf_lit=0 ovf_disp=0 amax=(30,7f8cd21c)  the count==32 boundary
  rails            nelem=    200 cmds=  1 count=32 ovf_lit=0 ovf_disp=1 amax=(0,7fffffff)  6x +2^31-1 and 4x -2^31
  rails_only       nelem=     80 cmds=  1 count=32 ovf_lit=1 ovf_disp=1 amax=(0,7fffffff)  40x MAX then 40x MIN — pure tie storm
  ties4            nelem=    300 cmds=  1 count=32 ovf_lit=1 ovf_disp=1 amax=(0,7cfbe9f6)  4-symbol alphabet over 300 elements
  ties8            nelem=    500 cmds=  1 count=32 ovf_lit=1 ovf_disp=1 amax=(37,7bd7090d)  8-symbol alphabet over 500 elements
  ties40           nelem=    600 cmds=  1 count=32 ovf_lit=1 ovf_disp=1 amax=(19,7c96ecc2)  40-symbol alphabet over 600 elements
  tie_at_31        nelem=     33 cmds=  1 count=32 ovf_lit=1 ovf_disp=1 amax=(0,000022aa)  one rejected element, ties entry[31] -> ovf_lit
  tie_displaced    nelem=     33 cmds=  1 count=32 ovf_lit=0 ovf_disp=1 amax=(32,7fffffff)  displaced element ties the NEW entry[31] -> ovf_disp only (ovf_lit stays 0)
  chain4           nelem=   4096 cmds=  4 count=32 ovf_lit=0 ovf_disp=0 amax=(290,7ff24ff8)  4x1024 chained, fresh on chunk 0 only
  chain4_allfresh  nelem=   4096 cmds=  4 count=32 ovf_lit=0 ovf_disp=0 amax=(615,7fc5b968)  fresh on every chunk -> only chunk 3 survives
  chain_ragged     nelem=   3089 cmds=  6 count=32 ovf_lit=0 ovf_disp=0 amax=(290,7ff24ff8)  1/7/1/2047/33/1000 chained
  wrap18           nelem= 270336 cmds=132 count=32 ovf_lit=1 ovf_disp=1 amax=(698,7fe042f3)  270,336 elements > 2^18 = 262,144 -> am_g wraps
  wrap18_exact     nelem= 262144 cmds=128 count=32 ovf_lit=1 ovf_disp=1 amax=(698,7fe042f3)  exactly 2^18 elements
wrote vectopk/s1/topk_cases.txt: 19 cases, 545631 elements total
  small1           nelem=      1 cmds=  1 count= 1 ovf_lit=0 ovf_disp=0 amax=(0,566b58c1)  count<32, no overflow possible
  small2           nelem=      2 cmds=  1 count= 2 ovf_lit=0 ovf_disp=0 amax=(1,5071191f)  count<32, no overflow possible
  small8           nelem=      8 cmds=  1 count= 8 ovf_lit=0 ovf_disp=0 amax=(4,7e2bfb11)  count<32, no overflow possible
  small17          nelem=     17 cmds=  1 count=17 ovf_lit=0 ovf_disp=0 amax=(12,71fb8a4d)  count<32, no overflow possible
  small31          nelem=     31 cmds=  1 count=31 ovf_lit=0 ovf_disp=0 amax=(15,7a02e5ac)  count<32, no overflow possible
  edge32           nelem=     32 cmds=  1 count=32 ovf_lit=0 ovf_disp=0 amax=(17,6469d90c)  the count==32 boundary
  edge33           nelem=     33 cmds=  1 count=32 ovf_lit=0 ovf_disp=0 amax=(20,7b21649c)  the count==32 boundary
  rails            nelem=    200 cmds=  1 count=32 ovf_lit=0 ovf_disp=1 amax=(0,7fffffff)  6x +2^31-1 and 4x -2^31
  rails_only       nelem=     80 cmds=  1 count=32 ovf_lit=1 ovf_disp=1 amax=(0,7fffffff)  40x MAX then 40x MIN — pure tie storm
  ties4            nelem=    300 cmds=  1 count=32 ovf_lit=1 ovf_disp=1 amax=(5,7903fc1e)  4-symbol alphabet over 300 elements
  ties8            nelem=    500 cmds=  1 count=32 ovf_lit=1 ovf_disp=1 amax=(20,511082dd)  8-symbol alphabet over 500 elements
  ties40           nelem=    600 cmds=  1 count=32 ovf_lit=1 ovf_disp=1 amax=(74,767bb942)  40-symbol alphabet over 600 elements
  tie_at_31        nelem=     33 cmds=  1 count=32 ovf_lit=1 ovf_disp=1 amax=(0,00002292)  one rejected element, ties entry[31] -> ovf_lit
  tie_displaced    nelem=     33 cmds=  1 count=32 ovf_lit=0 ovf_disp=1 amax=(32,7fffffff)  displaced element ties the NEW entry[31] -> ovf_disp only (ovf_lit stays 0)
  chain4           nelem=   4096 cmds=  4 count=32 ovf_lit=0 ovf_disp=0 amax=(3404,7fe5ad47)  4x1024 chained, fresh on chunk 0 only
  chain4_allfresh  nelem=   4096 cmds=  4 count=32 ovf_lit=0 ovf_disp=0 amax=(332,7fe5ad47)  fresh on every chunk -> only chunk 3 survives
  chain_ragged     nelem=   3089 cmds=  6 count=32 ovf_lit=0 ovf_disp=0 amax=(190,7fe29813)  1/7/1/2047/33/1000 chained
  wrap18           nelem= 270336 cmds=132 count=32 ovf_lit=1 ovf_disp=1 amax=(8340,7fdf8c60)  270,336 elements > 2^18 = 262,144 -> am_g wraps
  wrap18_exact     nelem= 262144 cmds=128 count=32 ovf_lit=1 ovf_disp=1 amax=(8340,7fdf8c60)  exactly 2^18 elements
wrote vectopk/s2/topk_cases.txt: 19 cases, 545631 elements total
  small1           nelem=      1 cmds=  1 count= 1 ovf_lit=0 ovf_disp=0 amax=(0,4fbec2f8)  count<32, no overflow possible
  small2           nelem=      2 cmds=  1 count= 2 ovf_lit=0 ovf_disp=0 amax=(1,4d2052c7)  count<32, no overflow possible
  small8           nelem=      8 cmds=  1 count= 8 ovf_lit=0 ovf_disp=0 amax=(4,1f08c9e2)  count<32, no overflow possible
  small17          nelem=     17 cmds=  1 count=17 ovf_lit=0 ovf_disp=0 amax=(15,74cdee49)  count<32, no overflow possible
  small31          nelem=     31 cmds=  1 count=31 ovf_lit=0 ovf_disp=0 amax=(10,7934b14c)  count<32, no overflow possible
  edge32           nelem=     32 cmds=  1 count=32 ovf_lit=0 ovf_disp=0 amax=(26,74fc5e04)  the count==32 boundary
  edge33           nelem=     33 cmds=  1 count=32 ovf_lit=0 ovf_disp=0 amax=(28,70bf42c3)  the count==32 boundary
  rails            nelem=    200 cmds=  1 count=32 ovf_lit=0 ovf_disp=1 amax=(0,7fffffff)  6x +2^31-1 and 4x -2^31
  rails_only       nelem=     80 cmds=  1 count=32 ovf_lit=1 ovf_disp=1 amax=(0,7fffffff)  40x MAX then 40x MIN — pure tie storm
  ties4            nelem=    300 cmds=  1 count=32 ovf_lit=1 ovf_disp=1 amax=(7,6a888acf)  4-symbol alphabet over 300 elements
  ties8            nelem=    500 cmds=  1 count=32 ovf_lit=1 ovf_disp=1 amax=(32,790351b8)  8-symbol alphabet over 500 elements
  ties40           nelem=    600 cmds=  1 count=32 ovf_lit=1 ovf_disp=1 amax=(2,7559457a)  40-symbol alphabet over 600 elements
  tie_at_31        nelem=     33 cmds=  1 count=32 ovf_lit=1 ovf_disp=1 amax=(0,00002310)  one rejected element, ties entry[31] -> ovf_lit
  tie_displaced    nelem=     33 cmds=  1 count=32 ovf_lit=0 ovf_disp=1 amax=(32,7fffffff)  displaced element ties the NEW entry[31] -> ovf_disp only (ovf_lit stays 0)
  chain4           nelem=   4096 cmds=  4 count=32 ovf_lit=0 ovf_disp=0 amax=(2513,7fec5f8e)  4x1024 chained, fresh on chunk 0 only
  chain4_allfresh  nelem=   4096 cmds=  4 count=32 ovf_lit=0 ovf_disp=0 amax=(19,7fb2c039)  fresh on every chunk -> only chunk 3 survives
  chain_ragged     nelem=   3089 cmds=  6 count=32 ovf_lit=0 ovf_disp=0 amax=(2513,7fec5f8e)  1/7/1/2047/33/1000 chained
  wrap18           nelem= 270336 cmds=132 count=32 ovf_lit=1 ovf_disp=1 amax=(2092,7ffe1f08)  270,336 elements > 2^18 = 262,144 -> am_g wraps
  wrap18_exact     nelem= 262144 cmds=128 count=32 ovf_lit=1 ovf_disp=1 amax=(2092,7ffe1f08)  exactly 2^18 elements
wrote vectopk/s3/topk_cases.txt: 19 cases, 545631 elements total
  small1           nelem=      1 cmds=  1 count= 1 ovf_lit=0 ovf_disp=0 amax=(0,39f8274e)  count<32, no overflow possible
  small2           nelem=      2 cmds=  1 count= 2 ovf_lit=0 ovf_disp=0 amax=(1,79eb1b84)  count<32, no overflow possible
  small8           nelem=      8 cmds=  1 count= 8 ovf_lit=0 ovf_disp=0 amax=(5,4d4965c2)  count<32, no overflow possible
  small17          nelem=     17 cmds=  1 count=17 ovf_lit=0 ovf_disp=0 amax=(13,7bf17374)  count<32, no overflow possible
  small31          nelem=     31 cmds=  1 count=31 ovf_lit=0 ovf_disp=0 amax=(0,780bfc09)  count<32, no overflow possible
  edge32           nelem=     32 cmds=  1 count=32 ovf_lit=0 ovf_disp=0 amax=(6,7f1b6ad9)  the count==32 boundary
  edge33           nelem=     33 cmds=  1 count=32 ovf_lit=0 ovf_disp=0 amax=(17,78f1ce5a)  the count==32 boundary
  rails            nelem=    200 cmds=  1 count=32 ovf_lit=0 ovf_disp=1 amax=(0,7fffffff)  6x +2^31-1 and 4x -2^31
  rails_only       nelem=     80 cmds=  1 count=32 ovf_lit=1 ovf_disp=1 amax=(0,7fffffff)  40x MAX then 40x MIN — pure tie storm
  ties4            nelem=    300 cmds=  1 count=32 ovf_lit=1 ovf_disp=1 amax=(2,5fe38646)  4-symbol alphabet over 300 elements
  ties8            nelem=    500 cmds=  1 count=32 ovf_lit=1 ovf_disp=1 amax=(16,4dba71c8)  8-symbol alphabet over 500 elements
  ties40           nelem=    600 cmds=  1 count=32 ovf_lit=1 ovf_disp=1 amax=(251,7da03b4d)  40-symbol alphabet over 600 elements
  tie_at_31        nelem=     33 cmds=  1 count=32 ovf_lit=1 ovf_disp=1 amax=(0,0000214c)  one rejected element, ties entry[31] -> ovf_lit
  tie_displaced    nelem=     33 cmds=  1 count=32 ovf_lit=0 ovf_disp=1 amax=(32,7fffffff)  displaced element ties the NEW entry[31] -> ovf_disp only (ovf_lit stays 0)
  chain4           nelem=   4096 cmds=  4 count=32 ovf_lit=0 ovf_disp=0 amax=(2083,7ffe7e8b)  4x1024 chained, fresh on chunk 0 only
  chain4_allfresh  nelem=   4096 cmds=  4 count=32 ovf_lit=0 ovf_disp=0 amax=(321,7fa3f5eb)  fresh on every chunk -> only chunk 3 survives
  chain_ragged     nelem=   3089 cmds=  6 count=32 ovf_lit=0 ovf_disp=0 amax=(2083,7ffe7e8b)  1/7/1/2047/33/1000 chained
  wrap18           nelem= 270336 cmds=132 count=32 ovf_lit=1 ovf_disp=1 amax=(1211,7ff917a1)  270,336 elements > 2^18 = 262,144 -> am_g wraps
  wrap18_exact     nelem= 262144 cmds=128 count=32 ovf_lit=1 ovf_disp=1 amax=(1211,7ff917a1)  exactly 2^18 elements
wrote vectopk/s4/topk_cases.txt: 19 cases, 545631 elements total
verilator --binary --timing -j 4 -Wall \
  --Mdir obj_dir_tb_topk -o tb_topk \
  --top-module tb_topk \
  ../rtl/fx_pkg.sv ../rtl/fx_rsqrt.sv ../rtl/fx_recip.sv ../rtl/fx_silu.sv ../rtl/vecnorm_unit.sv ../rtl/rope_unit.sv ../rtl/conv4_silu.sv ../rtl/dn_step.sv ../rtl/attn_core.sv ../rtl/gate_unit.sv ../rtl/vec_alu.sv ../rtl/layer_chan.sv tb_topk.sv
make[1]: Entering directory '/home/cah/r2d2/code/fpga/fable5_llm/tb/obj_dir_tb_topk'
make[1]: Nothing to be done for 'default'.
make[1]: Leaving directory '/home/cah/r2d2/code/fpga/fable5_llm/tb/obj_dir_tb_topk'
  case small1           nelem=1       cmds=1   count=1  ovf=0/0 OK
  case small2           nelem=2       cmds=1   count=2  ovf=0/0 OK
  case small8           nelem=8       cmds=1   count=8  ovf=0/0 OK
  case small17          nelem=17      cmds=1   count=17 ovf=0/0 OK
  case small31          nelem=31      cmds=1   count=31 ovf=0/0 OK
  case edge32           nelem=32      cmds=1   count=32 ovf=0/0 OK
  case edge33           nelem=33      cmds=1   count=32 ovf=0/0 OK
  case rails            nelem=200     cmds=1   count=32 ovf=0/1 OK
  case rails_only       nelem=80      cmds=1   count=32 ovf=1/1 OK
  case ties4            nelem=300     cmds=1   count=32 ovf=1/1 OK
  case ties8            nelem=500     cmds=1   count=32 ovf=1/1 OK
  case ties40           nelem=600     cmds=1   count=32 ovf=1/1 OK
  case tie_at_31        nelem=33      cmds=1   count=32 ovf=1/1 OK
  case tie_displaced    nelem=33      cmds=1   count=32 ovf=0/1 OK
  case chain4           nelem=4096    cmds=4   count=32 ovf=0/0 OK
  case chain4_allfresh  nelem=4096    cmds=4   count=32 ovf=0/0 OK
  case chain_ragged     nelem=3089    cmds=6   count=32 ovf=0/0 OK
  case wrap18           nelem=270336  cmds=132 count=32 ovf=1/1 OK
  case wrap18_exact     nelem=262144  cmds=128 count=32 ovf=1/1 OK
  T9 reset-scope: 6 non-fresh disturbance classes left the list bit-identical; only aop10 p0[0]=1 cleared it
TB_TOPK PASS: 19 cases, 545631 elements, 288 AMAX-equality checks, complete==0 seen on 34/34 watched commands
- tb_topk.sv:555: Verilog $finish
  case small1           nelem=1       cmds=1   count=1  ovf=0/0 OK
  case small2           nelem=2       cmds=1   count=2  ovf=0/0 OK
  case small8           nelem=8       cmds=1   count=8  ovf=0/0 OK
  case small17          nelem=17      cmds=1   count=17 ovf=0/0 OK
  case small31          nelem=31      cmds=1   count=31 ovf=0/0 OK
  case edge32           nelem=32      cmds=1   count=32 ovf=0/0 OK
  case edge33           nelem=33      cmds=1   count=32 ovf=0/0 OK
  case rails            nelem=200     cmds=1   count=32 ovf=0/1 OK
  case rails_only       nelem=80      cmds=1   count=32 ovf=1/1 OK
  case ties4            nelem=300     cmds=1   count=32 ovf=1/1 OK
  case ties8            nelem=500     cmds=1   count=32 ovf=1/1 OK
  case ties40           nelem=600     cmds=1   count=32 ovf=1/1 OK
  case tie_at_31        nelem=33      cmds=1   count=32 ovf=1/1 OK
  case tie_displaced    nelem=33      cmds=1   count=32 ovf=0/1 OK
  case chain4           nelem=4096    cmds=4   count=32 ovf=0/0 OK
  case chain4_allfresh  nelem=4096    cmds=4   count=32 ovf=0/0 OK
  case chain_ragged     nelem=3089    cmds=6   count=32 ovf=0/0 OK
  case wrap18           nelem=270336  cmds=132 count=32 ovf=1/1 OK
  case wrap18_exact     nelem=262144  cmds=128 count=32 ovf=1/1 OK
  T9 reset-scope: 6 non-fresh disturbance classes left the list bit-identical; only aop10 p0[0]=1 cleared it
TB_TOPK PASS: 19 cases, 545631 elements, 288 AMAX-equality checks, complete==0 seen on 34/34 watched commands
- tb_topk.sv:555: Verilog $finish
  case small1           nelem=1       cmds=1   count=1  ovf=0/0 OK
  case small2           nelem=2       cmds=1   count=2  ovf=0/0 OK
  case small8           nelem=8       cmds=1   count=8  ovf=0/0 OK
  case small17          nelem=17      cmds=1   count=17 ovf=0/0 OK
  case small31          nelem=31      cmds=1   count=31 ovf=0/0 OK
  case edge32           nelem=32      cmds=1   count=32 ovf=0/0 OK
  case edge33           nelem=33      cmds=1   count=32 ovf=0/0 OK
  case rails            nelem=200     cmds=1   count=32 ovf=0/1 OK
  case rails_only       nelem=80      cmds=1   count=32 ovf=1/1 OK
  case ties4            nelem=300     cmds=1   count=32 ovf=1/1 OK
  case ties8            nelem=500     cmds=1   count=32 ovf=1/1 OK
  case ties40           nelem=600     cmds=1   count=32 ovf=1/1 OK
  case tie_at_31        nelem=33      cmds=1   count=32 ovf=1/1 OK
  case tie_displaced    nelem=33      cmds=1   count=32 ovf=0/1 OK
  case chain4           nelem=4096    cmds=4   count=32 ovf=0/0 OK
  case chain4_allfresh  nelem=4096    cmds=4   count=32 ovf=0/0 OK
  case chain_ragged     nelem=3089    cmds=6   count=32 ovf=0/0 OK
  case wrap18           nelem=270336  cmds=132 count=32 ovf=1/1 OK
  case wrap18_exact     nelem=262144  cmds=128 count=32 ovf=1/1 OK
  T9 reset-scope: 6 non-fresh disturbance classes left the list bit-identical; only aop10 p0[0]=1 cleared it
TB_TOPK PASS: 19 cases, 545631 elements, 288 AMAX-equality checks, complete==0 seen on 34/34 watched commands
- tb_topk.sv:555: Verilog $finish
  case small1           nelem=1       cmds=1   count=1  ovf=0/0 OK
  case small2           nelem=2       cmds=1   count=2  ovf=0/0 OK
  case small8           nelem=8       cmds=1   count=8  ovf=0/0 OK
  case small17          nelem=17      cmds=1   count=17 ovf=0/0 OK
  case small31          nelem=31      cmds=1   count=31 ovf=0/0 OK
  case edge32           nelem=32      cmds=1   count=32 ovf=0/0 OK
  case edge33           nelem=33      cmds=1   count=32 ovf=0/0 OK
  case rails            nelem=200     cmds=1   count=32 ovf=0/1 OK
  case rails_only       nelem=80      cmds=1   count=32 ovf=1/1 OK
  case ties4            nelem=300     cmds=1   count=32 ovf=1/1 OK
  case ties8            nelem=500     cmds=1   count=32 ovf=1/1 OK
  case ties40           nelem=600     cmds=1   count=32 ovf=1/1 OK
  case tie_at_31        nelem=33      cmds=1   count=32 ovf=1/1 OK
  case tie_displaced    nelem=33      cmds=1   count=32 ovf=0/1 OK
  case chain4           nelem=4096    cmds=4   count=32 ovf=0/0 OK
  case chain4_allfresh  nelem=4096    cmds=4   count=32 ovf=0/0 OK
  case chain_ragged     nelem=3089    cmds=6   count=32 ovf=0/0 OK
  case wrap18           nelem=270336  cmds=132 count=32 ovf=1/1 OK
  case wrap18_exact     nelem=262144  cmds=128 count=32 ovf=1/1 OK
  T9 reset-scope: 6 non-fresh disturbance classes left the list bit-identical; only aop10 p0[0]=1 cleared it
TB_TOPK PASS: 19 cases, 545631 elements, 288 AMAX-equality checks, complete==0 seen on 34/34 watched commands
- tb_topk.sv:555: Verilog $finish
-- comparator self-test: every check MUST trip under sabotage --
TB_TOPK OK: 4 seeds + 5 comparator self-tests
RC_seqlayer_topk=0
verilator --lint-only -Wall --timing ../rtl/seq_unit.sv ../rtl/seq_movers.sv --top-module seq_unit
verilator --lint-only -Wall --timing seq_fabric_model.sv
verilator --lint-only -Wall --timing seq_burst_fabric.sv
verilator --lint-only -Wall --timing seq_ddr_model.sv
verilator --lint-only -Wall --timing seq_stub_layer.sv
verilator --lint-only -Wall --timing seq_stub_mvchan.sv
mkdir -p scripts/seqvec
for s in 1 2 3 4; do \
  python3 scripts/gen_seq_unit_vectors.py scripts/seqvec $s || exit 1; done
seq_u_s1: 58 records, 827 writes, 165 reads (159 with the XRF sideband), 664 scratch words, 3 tokens
seq_h_hiaddr: 16 records, 8320 scratch words (8192 above word 16383)
seq_h_embrow: 7 records, 3136 scratch words at EMBLOG2=12 (4096 B rows)
seq_m_csrwr: 2001 records, 2000 writes, 0 reads
seq_m_cmd: 801 records, 800 writes, 0 reads
seq_m_movx: 3 records, 5123 writes, 4096 reads
seq_m_movy16: 4 records, 2073 writes, 2112 reads
seq_m_movy32: 4 records, 4121 writes, 2112 reads
seq_m_ldc: 2 records, 4097 writes, 0 reads
seq_f_of24: 121 records, 24 tokens
seq_f_of64: 321 records, 64 tokens
seq_f_of80: 401 records, 80 tokens
seq_e_op: expects err_code 0x01
seq_e_ind: expects err_code 0x02
seq_e_chan: expects err_code 0x05
seq_e_jmp: expects err_code 0x08
seq_e_xopsgn: expects err_code 0x0a
seq_e_csrsp: expects err_code 0x07
seq_e_rsvd: expects err_code 0x06
seq_u_s2: 58 records, 804 writes, 191 reads (184 with the XRF sideband), 604 scratch words, 4 tokens
seq_u_s3: 58 records, 835 writes, 261 reads (255 with the XRF sideband), 616 scratch words, 3 tokens
seq_u_s4: 58 records, 845 writes, 381 reads (373 with the XRF sideband), 600 scratch words, 5 tokens
verilator --binary --timing -j 4 -Wall \
  --Mdir obj_dir_tb_seq -o tb_seq \
  --top-module tb_seq_unit ../rtl/seq_unit.sv ../rtl/seq_movers.sv seq_fabric_model.sv seq_burst_fabric.sv seq_ddr_model.sv seq_stub_layer.sv seq_stub_mvchan.sv tb_seq_unit.sv
make[1]: Entering directory '/home/cah/r2d2/code/fpga/fable5_llm/tb/obj_dir_tb_seq'
make[1]: Nothing to be done for 'default'.
make[1]: Leaving directory '/home/cah/r2d2/code/fpga/fable5_llm/tb/obj_dir_tb_seq'
for s in 1 2 3 4; do \
  obj_dir_tb_seq/tb_seq +vec=scripts/seqvec/seq_u_s$s || exit 1; done
SEQ scripts/seqvec/seq_u_s1: 58 records, 2779 cycles (47.91 cyc/rec, 5.218 Mrec/s @250MHz)
  axil writes 99
  axil reads  28  (of which 19 were status polls)
  fetch-empty stall cycles 29  (ddr beats 143)
  layer cmds 9, engine runs 0/1/0/3, LAT=4 BLAT=4 DDRLAT=32 SIDEBAND=0
  burst: 12 write bursts (728 beats), 8 read bursts (156 beats), busy_wr 1308 busy_rd 260, decerr 0 non-OK 0
SEQ PASS: scripts/seqvec/seq_u_s1 (writes 827, reads 165, scratch 664, tokens 3)
- tb_seq_unit.sv:919: Verilog $finish
SEQ scripts/seqvec/seq_u_s2: 58 records, 3136 cycles (54.07 cyc/rec, 4.624 Mrec/s @250MHz)
  axil writes 116
  axil reads  34  (of which 23 were status polls)
  fetch-empty stall cycles 46  (ddr beats 152)
  layer cmds 10, engine runs 1/1/0/3, LAT=4 BLAT=4 DDRLAT=32 SIDEBAND=0
  burst: 14 write bursts (688 beats), 10 read bursts (180 beats), busy_wr 1344 busy_rd 310, decerr 0 non-OK 0
SEQ PASS: scripts/seqvec/seq_u_s2 (writes 804, reads 191, scratch 604, tokens 4)
- tb_seq_unit.sv:919: Verilog $finish
SEQ scripts/seqvec/seq_u_s3: 58 records, 2857 cycles (49.26 cyc/rec, 5.075 Mrec/s @250MHz)
  axil writes 99
  axil reads  28  (of which 19 were status polls)
  fetch-empty stall cycles 29  (ddr beats 141)
  layer cmds 9, engine runs 3/0/0/1, LAT=4 BLAT=4 DDRLAT=32 SIDEBAND=0
  burst: 12 write bursts (736 beats), 8 read bursts (252 beats), busy_wr 1386 busy_rd 356, decerr 0 non-OK 0
SEQ PASS: scripts/seqvec/seq_u_s3 (writes 835, reads 261, scratch 616, tokens 3)
- tb_seq_unit.sv:919: Verilog $finish
  S6 OUT FIFO: ntok=5 depth=64 kept=5 rx=5 ovf=0 | pushes=5 pops=5 SIMULTANEOUS=0
SEQ scripts/seqvec/seq_u_s4: 58 records, 3631 cycles (62.60 cyc/rec, 3.993 Mrec/s @250MHz)
  axil writes 133
  axil reads  40  (of which 27 were status polls)
  fetch-empty stall cycles 64  (ddr beats 153)
  layer cmds 11, engine runs 4/0/1/1, LAT=4 BLAT=4 DDRLAT=32 SIDEBAND=0
  burst: 16 write bursts (712 beats), 12 read bursts (368 beats), busy_wr 1520 busy_rd 524, decerr 0 non-OK 0
SEQ PASS: scripts/seqvec/seq_u_s4 (writes 845, reads 381, scratch 600, tokens 5)
- tb_seq_unit.sv:919: Verilog $finish
for e in op ind chan jmp xopsgn csrsp rsvd; do \
  obj_dir_tb_seq/tb_seq +vec=scripts/seqvec/seq_e_$e || exit 1; done
SEQ scripts/seqvec/seq_e_op: 2 records, 46 cycles (23.00 cyc/rec, 10.870 Mrec/s @250MHz)
  axil writes 0
  axil reads  1  (of which 1 were status polls)
  fetch-empty stall cycles 11  (ddr beats 2)
  layer cmds 0, engine runs 0/0/0/0, LAT=4 BLAT=4 DDRLAT=32 SIDEBAND=0
  burst: 0 write bursts (0 beats), 0 read bursts (0 beats), busy_wr 0 busy_rd 0, decerr 0 non-OK 0
SEQ PASS: scripts/seqvec/seq_e_op (writes 0, reads 0, scratch 0, tokens 0)
- tb_seq_unit.sv:919: Verilog $finish
SEQ scripts/seqvec/seq_e_ind: 2 records, 46 cycles (23.00 cyc/rec, 10.870 Mrec/s @250MHz)
  axil writes 0
  axil reads  1  (of which 1 were status polls)
  fetch-empty stall cycles 11  (ddr beats 2)
  layer cmds 0, engine runs 0/0/0/0, LAT=4 BLAT=4 DDRLAT=32 SIDEBAND=0
  burst: 0 write bursts (0 beats), 0 read bursts (0 beats), busy_wr 0 busy_rd 0, decerr 0 non-OK 0
SEQ PASS: scripts/seqvec/seq_e_ind (writes 0, reads 0, scratch 0, tokens 0)
- tb_seq_unit.sv:919: Verilog $finish
SEQ scripts/seqvec/seq_e_chan: 2 records, 46 cycles (23.00 cyc/rec, 10.870 Mrec/s @250MHz)
  axil writes 0
  axil reads  1  (of which 1 were status polls)
  fetch-empty stall cycles 11  (ddr beats 2)
  layer cmds 0, engine runs 0/0/0/0, LAT=4 BLAT=4 DDRLAT=32 SIDEBAND=0
  burst: 0 write bursts (0 beats), 0 read bursts (0 beats), busy_wr 0 busy_rd 0, decerr 0 non-OK 0
SEQ PASS: scripts/seqvec/seq_e_chan (writes 0, reads 0, scratch 0, tokens 0)
- tb_seq_unit.sv:919: Verilog $finish
SEQ scripts/seqvec/seq_e_jmp: 2 records, 46 cycles (23.00 cyc/rec, 10.870 Mrec/s @250MHz)
  axil writes 0
  axil reads  1  (of which 1 were status polls)
  fetch-empty stall cycles 11  (ddr beats 2)
  layer cmds 0, engine runs 0/0/0/0, LAT=4 BLAT=4 DDRLAT=32 SIDEBAND=0
  burst: 0 write bursts (0 beats), 0 read bursts (0 beats), busy_wr 0 busy_rd 0, decerr 0 non-OK 0
SEQ PASS: scripts/seqvec/seq_e_jmp (writes 0, reads 0, scratch 0, tokens 0)
- tb_seq_unit.sv:919: Verilog $finish
SEQ scripts/seqvec/seq_e_xopsgn: 2 records, 46 cycles (23.00 cyc/rec, 10.870 Mrec/s @250MHz)
  axil writes 0
  axil reads  1  (of which 1 were status polls)
  fetch-empty stall cycles 11  (ddr beats 2)
  layer cmds 0, engine runs 0/0/0/0, LAT=4 BLAT=4 DDRLAT=32 SIDEBAND=0
  burst: 0 write bursts (0 beats), 0 read bursts (0 beats), busy_wr 0 busy_rd 0, decerr 0 non-OK 0
SEQ PASS: scripts/seqvec/seq_e_xopsgn (writes 0, reads 0, scratch 0, tokens 0)
- tb_seq_unit.sv:919: Verilog $finish
SEQ scripts/seqvec/seq_e_csrsp: 2 records, 46 cycles (23.00 cyc/rec, 10.870 Mrec/s @250MHz)
  axil writes 0
  axil reads  1  (of which 1 were status polls)
  fetch-empty stall cycles 11  (ddr beats 2)
  layer cmds 0, engine runs 0/0/0/0, LAT=4 BLAT=4 DDRLAT=32 SIDEBAND=0
  burst: 0 write bursts (0 beats), 0 read bursts (0 beats), busy_wr 0 busy_rd 0, decerr 0 non-OK 0
SEQ PASS: scripts/seqvec/seq_e_csrsp (writes 0, reads 0, scratch 0, tokens 0)
- tb_seq_unit.sv:919: Verilog $finish
SEQ scripts/seqvec/seq_e_rsvd: 2 records, 46 cycles (23.00 cyc/rec, 10.870 Mrec/s @250MHz)
  axil writes 0
  axil reads  1  (of which 1 were status polls)
  fetch-empty stall cycles 11  (ddr beats 2)
  layer cmds 0, engine runs 0/0/0/0, LAT=4 BLAT=4 DDRLAT=32 SIDEBAND=0
  burst: 0 write bursts (0 beats), 0 read bursts (0 beats), busy_wr 0 busy_rd 0, decerr 0 non-OK 0
SEQ PASS: scripts/seqvec/seq_e_rsvd (writes 0, reads 0, scratch 0, tokens 0)
- tb_seq_unit.sv:919: Verilog $finish
for m in csrwr cmd movx movy16 movy32 ldc; do \
  obj_dir_tb_seq/tb_seq +vec=scripts/seqvec/seq_m_$m || exit 1; done
SEQ scripts/seqvec/seq_m_csrwr: 2001 records, 6046 cycles (3.02 cyc/rec, 82.741 Mrec/s @250MHz)
  axil writes 2000
  axil reads  1  (of which 1 were status polls)
  fetch-empty stall cycles 11  (ddr beats 2001)
  layer cmds 0, engine runs 0/0/0/0, LAT=4 BLAT=4 DDRLAT=32 SIDEBAND=0
  burst: 0 write bursts (0 beats), 0 read bursts (0 beats), busy_wr 0 busy_rd 0, decerr 0 non-OK 0
SEQ PASS: scripts/seqvec/seq_m_csrwr (writes 2000, reads 0, scratch 0, tokens 0)
- tb_seq_unit.sv:919: Verilog $finish
SEQ scripts/seqvec/seq_m_cmd: 801 records, 8821 cycles (11.01 cyc/rec, 22.702 Mrec/s @250MHz)
  axil writes 800
  axil reads  276  (of which 276 were status polls)
  fetch-empty stall cycles 11  (ddr beats 801)
  layer cmds 200, engine runs 0/0/0/0, LAT=4 BLAT=4 DDRLAT=32 SIDEBAND=0
  burst: 0 write bursts (0 beats), 0 read bursts (0 beats), busy_wr 0 busy_rd 0, decerr 0 non-OK 0
SEQ PASS: scripts/seqvec/seq_m_cmd (writes 800, reads 0, scratch 0, tokens 0)
- tb_seq_unit.sv:919: Verilog $finish
SEQ scripts/seqvec/seq_m_movx: 3 records, 8935 cycles (2978.33 cyc/rec, 0.084 Mrec/s @250MHz)
  axil writes 3
  axil reads  2  (of which 2 were status polls)
  fetch-empty stall cycles 11  (ddr beats 515)
  layer cmds 0, engine runs 0/0/0/0, LAT=4 BLAT=4 DDRLAT=32 SIDEBAND=0
  burst: 20 write bursts (5120 beats), 16 read bursts (4096 beats), busy_wr 8833 busy_rd 4169, decerr 0 non-OK 0
SEQ PASS: scripts/seqvec/seq_m_movx (writes 5123, reads 4096, scratch 4096, tokens 0)
- tb_seq_unit.sv:919: Verilog $finish
SEQ scripts/seqvec/seq_m_movy16: 4 records, 2434 cycles (608.50 cyc/rec, 0.411 Mrec/s @250MHz)
  axil writes 9
  axil reads  3  (of which 3 were status polls)
  fetch-empty stall cycles 11  (ddr beats 4)
  layer cmds 0, engine runs 1/0/0/0, LAT=4 BLAT=4 DDRLAT=32 SIDEBAND=0
  burst: 9 write bursts (2064 beats), 9 read bursts (2112 beats), busy_wr 2194 busy_rd 2166, decerr 0 non-OK 0
SEQ PASS: scripts/seqvec/seq_m_movy16 (writes 2073, reads 2112, scratch 2048, tokens 0)
- tb_seq_unit.sv:919: Verilog $finish
SEQ scripts/seqvec/seq_m_movy32: 4 records, 4486 cycles (1121.50 cyc/rec, 0.223 Mrec/s @250MHz)
  axil writes 9
  axil reads  3  (of which 3 were status polls)
  fetch-empty stall cycles 11  (ddr beats 4)
  layer cmds 0, engine runs 1/0/0/0, LAT=4 BLAT=4 DDRLAT=32 SIDEBAND=0
  burst: 17 write bursts (4112 beats), 9 read bursts (2112 beats), busy_wr 4244 busy_rd 4120, decerr 0 non-OK 0
SEQ PASS: scripts/seqvec/seq_m_movy32 (writes 4121, reads 2112, scratch 4096, tokens 0)
- tb_seq_unit.sv:919: Verilog $finish
SEQ scripts/seqvec/seq_m_ldc: 2 records, 4705 cycles (2352.50 cyc/rec, 0.106 Mrec/s @250MHz)
  axil writes 1
  axil reads  1  (of which 1 were status polls)
  fetch-empty stall cycles 11  (ddr beats 514)
  layer cmds 0, engine runs 0/0/0/0, LAT=4 BLAT=4 DDRLAT=32 SIDEBAND=0
  burst: 16 write bursts (4096 beats), 0 read bursts (0 beats), busy_wr 4652 busy_rd 0, decerr 0 non-OK 0
SEQ PASS: scripts/seqvec/seq_m_ldc (writes 4097, reads 0, scratch 4096, tokens 0)
- tb_seq_unit.sv:919: Verilog $finish
for d in hiaddr embrow; do \
  obj_dir_tb_seq/tb_seq +vec=scripts/seqvec/seq_h_$d || exit 1; done
SEQ scripts/seqvec/seq_h_hiaddr: 16 records, 21949 cycles (1371.81 cyc/rec, 0.182 Mrec/s @250MHz)
  axil writes 34
  axil reads  7  (of which 7 were status polls)
  fetch-empty stall cycles 11  (ddr beats 920)
  layer cmds 0, engine runs 1/1/1/0, LAT=4 BLAT=4 DDRLAT=32 SIDEBAND=0
  burst: 49 write bursts (12032 beats), 48 read bursts (12160 beats), busy_wr 21284 busy_rd 12848, decerr 0 non-OK 0
SEQ PASS: scripts/seqvec/seq_h_hiaddr (writes 12066, reads 12160, scratch 8320, tokens 0)
- tb_seq_unit.sv:919: Verilog $finish
SEQ scripts/seqvec/seq_h_embrow: 7 records, 3736 cycles (533.71 cyc/rec, 0.468 Mrec/s @250MHz)
  axil writes 9
  axil reads  1  (of which 1 were status polls)
  fetch-empty stall cycles 11  (ddr beats 399)
  layer cmds 0, engine runs 0/0/0/0, LAT=4 BLAT=4 DDRLAT=32 SIDEBAND=0
  burst: 13 write bursts (3136 beats), 0 read bursts (0 beats), busy_wr 3660 busy_rd 0, decerr 0 non-OK 0
SEQ PASS: scripts/seqvec/seq_h_embrow (writes 3145, reads 0, scratch 3136, tokens 0)
- tb_seq_unit.sv:919: Verilog $finish
verilator --binary --timing -j 4 -Wall -Wno-UNUSEDPARAM \
  +define+SYNTHESIS \
  --Mdir obj_dir_tb_seq_syn -o tb_seq_syn \
  --top-module tb_seq_unit ../rtl/seq_unit.sv ../rtl/seq_movers.sv seq_fabric_model.sv seq_burst_fabric.sv seq_ddr_model.sv seq_stub_layer.sv seq_stub_mvchan.sv tb_seq_unit.sv
make[1]: Entering directory '/home/cah/r2d2/code/fpga/fable5_llm/tb/obj_dir_tb_seq_syn'
make[1]: Nothing to be done for 'default'.
make[1]: Leaving directory '/home/cah/r2d2/code/fpga/fable5_llm/tb/obj_dir_tb_seq_syn'
obj_dir_tb_seq_syn/tb_seq_syn +vec=scripts/seqvec/seq_h_embrow \
  +emblog2bad=7
SEQ scripts/seqvec/seq_h_embrow: will write ILLEGAL EMBLOG2 7 after 12 (guard control)
SEQ scripts/seqvec/seq_h_embrow: illegal EMBLOG2 7 rejected, register still 12
SEQ scripts/seqvec/seq_h_embrow: 7 records, 3736 cycles (533.71 cyc/rec, 0.468 Mrec/s @250MHz)
  axil writes 9
  axil reads  1  (of which 1 were status polls)
  fetch-empty stall cycles 11  (ddr beats 399)
  layer cmds 0, engine runs 0/0/0/0, LAT=4 BLAT=4 DDRLAT=32 SIDEBAND=0
  burst: 13 write bursts (3136 beats), 0 read bursts (0 beats), busy_wr 3660 busy_rd 0, decerr 0 non-OK 0
SEQ PASS: scripts/seqvec/seq_h_embrow (writes 3145, reads 0, scratch 3136, tokens 0)
- tb_seq_unit.sv:919: Verilog $finish
obj_dir_tb_seq_syn/tb_seq_syn +vec=scripts/seqvec/seq_h_embrow \
  +emblog2bad=14
SEQ scripts/seqvec/seq_h_embrow: will write ILLEGAL EMBLOG2 14 after 12 (guard control)
SEQ scripts/seqvec/seq_h_embrow: illegal EMBLOG2 14 rejected, register still 12
SEQ scripts/seqvec/seq_h_embrow: 7 records, 3736 cycles (533.71 cyc/rec, 0.468 Mrec/s @250MHz)
  axil writes 9
  axil reads  1  (of which 1 were status polls)
  fetch-empty stall cycles 11  (ddr beats 399)
  layer cmds 0, engine runs 0/0/0/0, LAT=4 BLAT=4 DDRLAT=32 SIDEBAND=0
  burst: 13 write bursts (3136 beats), 0 read bursts (0 beats), busy_wr 3660 busy_rd 0, decerr 0 non-OK 0
SEQ PASS: scripts/seqvec/seq_h_embrow (writes 3145, reads 0, scratch 3136, tokens 0)
- tb_seq_unit.sv:919: Verilog $finish
--- and the same write in a NORMAL build must raise $error:
OK: illegal EMBLOG2 write is loud in simulation
for L in 0 8; do \
  verilator --binary --timing -j 4 -Wall \
    --Mdir obj_dir_tb_seq_l$L -o tb_seq_l$L -GLAT=$L \
    --top-module tb_seq_unit ../rtl/seq_unit.sv ../rtl/seq_movers.sv seq_fabric_model.sv seq_burst_fabric.sv seq_ddr_model.sv seq_stub_layer.sv seq_stub_mvchan.sv tb_seq_unit.sv || exit 1; \
  for s in 1 2 3 4; do \
    obj_dir_tb_seq_l$L/tb_seq_l$L +vec=scripts/seqvec/seq_u_s$s || exit 1; \
  done; \
  for m in csrwr cmd movx movy16 movy32 ldc; do \
    obj_dir_tb_seq_l$L/tb_seq_l$L +vec=scripts/seqvec/seq_m_$m || exit 1; \
  done; \
done
make[1]: Entering directory '/home/cah/r2d2/code/fpga/fable5_llm/tb/obj_dir_tb_seq_l0'
g++ -Os  -I.  -MMD -I/usr/share/verilator/include -I/usr/share/verilator/include/vltstd -DVM_COVERAGE=0 -DVM_SC=0 -DVM_TRACE=0 -DVM_TRACE_FST=0 -DVM_TRACE_VCD=0 -faligned-new -fcf-protection=none -Wno-bool-operation -Wno-overloaded-virtual -Wno-shadow -Wno-sign-compare -Wno-uninitialized -Wno-unused-but-set-parameter -Wno-unused-but-set-variable -Wno-unused-parameter -Wno-unused-variable     -DVL_TIME_CONTEXT   -fcoroutines -c -o verilated.o /usr/share/verilator/include/verilated.cpp
g++ -Os  -I.  -MMD -I/usr/share/verilator/include -I/usr/share/verilator/include/vltstd -DVM_COVERAGE=0 -DVM_SC=0 -DVM_TRACE=0 -DVM_TRACE_FST=0 -DVM_TRACE_VCD=0 -faligned-new -fcf-protection=none -Wno-bool-operation -Wno-overloaded-virtual -Wno-shadow -Wno-sign-compare -Wno-uninitialized -Wno-unused-but-set-parameter -Wno-unused-but-set-variable -Wno-unused-parameter -Wno-unused-variable     -DVL_TIME_CONTEXT   -fcoroutines -c -o verilated_timing.o /usr/share/verilator/include/verilated_timing.cpp
g++ -Os  -I.  -MMD -I/usr/share/verilator/include -I/usr/share/verilator/include/vltstd -DVM_COVERAGE=0 -DVM_SC=0 -DVM_TRACE=0 -DVM_TRACE_FST=0 -DVM_TRACE_VCD=0 -faligned-new -fcf-protection=none -Wno-bool-operation -Wno-overloaded-virtual -Wno-shadow -Wno-sign-compare -Wno-uninitialized -Wno-unused-but-set-parameter -Wno-unused-but-set-variable -Wno-unused-parameter -Wno-unused-variable     -DVL_TIME_CONTEXT   -fcoroutines -c -o verilated_threads.o /usr/share/verilator/include/verilated_threads.cpp
/usr/bin/python3 /usr/share/verilator/bin/verilator_includer -DVL_INCLUDE_OPT=include Vtb_seq_unit.cpp Vtb_seq_unit___024root__DepSet_hbc3af788__0.cpp Vtb_seq_unit___024root__DepSet_hc6d95493__0.cpp Vtb_seq_unit__main.cpp Vtb_seq_unit__ConstPool_0.cpp Vtb_seq_unit___024root__Slow.cpp Vtb_seq_unit___024root__DepSet_hbc3af788__0__Slow.cpp Vtb_seq_unit___024root__DepSet_hc6d95493__0__Slow.cpp Vtb_seq_unit__Syms.cpp > Vtb_seq_unit__ALL.cpp
g++ -Os  -I.  -MMD -I/usr/share/verilator/include -I/usr/share/verilator/include/vltstd -DVM_COVERAGE=0 -DVM_SC=0 -DVM_TRACE=0 -DVM_TRACE_FST=0 -DVM_TRACE_VCD=0 -faligned-new -fcf-protection=none -Wno-bool-operation -Wno-overloaded-virtual -Wno-shadow -Wno-sign-compare -Wno-uninitialized -Wno-unused-but-set-parameter -Wno-unused-but-set-variable -Wno-unused-parameter -Wno-unused-variable     -DVL_TIME_CONTEXT   -fcoroutines -c -o Vtb_seq_unit__ALL.o Vtb_seq_unit__ALL.cpp
echo "" > Vtb_seq_unit__ALL.verilator_deplist.tmp
Archive ar -rcs Vtb_seq_unit__ALL.a Vtb_seq_unit__ALL.o
g++     verilated.o verilated_timing.o verilated_threads.o Vtb_seq_unit__ALL.a    -pthread -lpthread -latomic   -o tb_seq_l0
rm Vtb_seq_unit__ALL.verilator_deplist.tmp
make[1]: Leaving directory '/home/cah/r2d2/code/fpga/fable5_llm/tb/obj_dir_tb_seq_l0'
SEQ scripts/seqvec/seq_u_s1: 58 records, 2368 cycles (40.83 cyc/rec, 6.123 Mrec/s @250MHz)
  axil writes 99
  axil reads  40  (of which 31 were status polls)
  fetch-empty stall cycles 33  (ddr beats 143)
  layer cmds 9, engine runs 0/1/0/3, LAT=0 BLAT=4 DDRLAT=32 SIDEBAND=0
  burst: 12 write bursts (728 beats), 8 read bursts (156 beats), busy_wr 1308 busy_rd 260, decerr 0 non-OK 0
SEQ PASS: scripts/seqvec/seq_u_s1 (writes 827, reads 165, scratch 664, tokens 3)
- tb_seq_unit.sv:919: Verilog $finish
SEQ scripts/seqvec/seq_u_s2: 58 records, 2632 cycles (45.38 cyc/rec, 5.509 Mrec/s @250MHz)
  axil writes 116
  axil reads  47  (of which 36 were status polls)
  fetch-empty stall cycles 50  (ddr beats 152)
  layer cmds 10, engine runs 1/1/0/3, LAT=0 BLAT=4 DDRLAT=32 SIDEBAND=0
  burst: 14 write bursts (688 beats), 10 read bursts (180 beats), busy_wr 1344 busy_rd 310, decerr 0 non-OK 0
SEQ PASS: scripts/seqvec/seq_u_s2 (writes 804, reads 191, scratch 604, tokens 4)
- tb_seq_unit.sv:919: Verilog $finish
SEQ scripts/seqvec/seq_u_s3: 58 records, 2446 cycles (42.17 cyc/rec, 5.928 Mrec/s @250MHz)
  axil writes 99
  axil reads  40  (of which 31 were status polls)
  fetch-empty stall cycles 33  (ddr beats 141)
  layer cmds 9, engine runs 3/0/0/1, LAT=0 BLAT=4 DDRLAT=32 SIDEBAND=0
  burst: 12 write bursts (736 beats), 8 read bursts (252 beats), busy_wr 1386 busy_rd 356, decerr 0 non-OK 0
SEQ PASS: scripts/seqvec/seq_u_s3 (writes 835, reads 261, scratch 616, tokens 3)
- tb_seq_unit.sv:919: Verilog $finish
  S6 OUT FIFO: ntok=5 depth=64 kept=5 rx=5 ovf=0 | pushes=5 pops=5 SIMULTANEOUS=0
SEQ scripts/seqvec/seq_u_s4: 58 records, 3040 cycles (52.41 cyc/rec, 4.770 Mrec/s @250MHz)
  axil writes 133
  axil reads  55  (of which 42 were status polls)
  fetch-empty stall cycles 68  (ddr beats 153)
  layer cmds 11, engine runs 4/0/1/1, LAT=0 BLAT=4 DDRLAT=32 SIDEBAND=0
  burst: 16 write bursts (712 beats), 12 read bursts (368 beats), busy_wr 1520 busy_rd 524, decerr 0 non-OK 0
SEQ PASS: scripts/seqvec/seq_u_s4 (writes 845, reads 381, scratch 600, tokens 5)
- tb_seq_unit.sv:919: Verilog $finish
SEQ scripts/seqvec/seq_m_csrwr: 2001 records, 6046 cycles (3.02 cyc/rec, 82.741 Mrec/s @250MHz)
  axil writes 2000
  axil reads  1  (of which 1 were status polls)
  fetch-empty stall cycles 15  (ddr beats 2001)
  layer cmds 0, engine runs 0/0/0/0, LAT=0 BLAT=4 DDRLAT=32 SIDEBAND=0
  burst: 0 write bursts (0 beats), 0 read bursts (0 beats), busy_wr 0 busy_rd 0, decerr 0 non-OK 0
SEQ PASS: scripts/seqvec/seq_m_csrwr (writes 2000, reads 0, scratch 0, tokens 0)
- tb_seq_unit.sv:919: Verilog $finish
SEQ scripts/seqvec/seq_m_cmd: 801 records, 6472 cycles (8.08 cyc/rec, 30.941 Mrec/s @250MHz)
  axil writes 800
  axil reads  566  (of which 566 were status polls)
  fetch-empty stall cycles 15  (ddr beats 801)
  layer cmds 200, engine runs 0/0/0/0, LAT=0 BLAT=4 DDRLAT=32 SIDEBAND=0
  burst: 0 write bursts (0 beats), 0 read bursts (0 beats), busy_wr 0 busy_rd 0, decerr 0 non-OK 0
SEQ PASS: scripts/seqvec/seq_m_cmd (writes 800, reads 0, scratch 0, tokens 0)
- tb_seq_unit.sv:919: Verilog $finish
SEQ scripts/seqvec/seq_m_movx: 3 records, 8911 cycles (2970.33 cyc/rec, 0.084 Mrec/s @250MHz)
  axil writes 3
  axil reads  2  (of which 2 were status polls)
  fetch-empty stall cycles 15  (ddr beats 515)
  layer cmds 0, engine runs 0/0/0/0, LAT=0 BLAT=4 DDRLAT=32 SIDEBAND=0
  burst: 20 write bursts (5120 beats), 16 read bursts (4096 beats), busy_wr 8833 busy_rd 4169, decerr 0 non-OK 0
SEQ PASS: scripts/seqvec/seq_m_movx (writes 5123, reads 4096, scratch 4096, tokens 0)
- tb_seq_unit.sv:919: Verilog $finish
SEQ scripts/seqvec/seq_m_movy16: 4 records, 2380 cycles (595.00 cyc/rec, 0.420 Mrec/s @250MHz)
  axil writes 9
  axil reads  3  (of which 3 were status polls)
  fetch-empty stall cycles 15  (ddr beats 4)
  layer cmds 0, engine runs 1/0/0/0, LAT=0 BLAT=4 DDRLAT=32 SIDEBAND=0
  burst: 9 write bursts (2064 beats), 9 read bursts (2112 beats), busy_wr 2194 busy_rd 2166, decerr 0 non-OK 0
SEQ PASS: scripts/seqvec/seq_m_movy16 (writes 2073, reads 2112, scratch 2048, tokens 0)
- tb_seq_unit.sv:919: Verilog $finish
SEQ scripts/seqvec/seq_m_movy32: 4 records, 4429 cycles (1107.25 cyc/rec, 0.226 Mrec/s @250MHz)
  axil writes 9
  axil reads  3  (of which 3 were status polls)
  fetch-empty stall cycles 15  (ddr beats 4)
  layer cmds 0, engine runs 1/0/0/0, LAT=0 BLAT=4 DDRLAT=32 SIDEBAND=0
  burst: 17 write bursts (4112 beats), 9 read bursts (2112 beats), busy_wr 4244 busy_rd 4120, decerr 0 non-OK 0
SEQ PASS: scripts/seqvec/seq_m_movy32 (writes 4121, reads 2112, scratch 4096, tokens 0)
- tb_seq_unit.sv:919: Verilog $finish
SEQ scripts/seqvec/seq_m_ldc: 2 records, 4705 cycles (2352.50 cyc/rec, 0.106 Mrec/s @250MHz)
  axil writes 1
  axil reads  1  (of which 1 were status polls)
  fetch-empty stall cycles 15  (ddr beats 514)
  layer cmds 0, engine runs 0/0/0/0, LAT=0 BLAT=4 DDRLAT=32 SIDEBAND=0
  burst: 16 write bursts (4096 beats), 0 read bursts (0 beats), busy_wr 4652 busy_rd 0, decerr 0 non-OK 0
SEQ PASS: scripts/seqvec/seq_m_ldc (writes 4097, reads 0, scratch 4096, tokens 0)
- tb_seq_unit.sv:919: Verilog $finish
make[1]: Entering directory '/home/cah/r2d2/code/fpga/fable5_llm/tb/obj_dir_tb_seq_l8'
g++ -Os  -I.  -MMD -I/usr/share/verilator/include -I/usr/share/verilator/include/vltstd -DVM_COVERAGE=0 -DVM_SC=0 -DVM_TRACE=0 -DVM_TRACE_FST=0 -DVM_TRACE_VCD=0 -faligned-new -fcf-protection=none -Wno-bool-operation -Wno-overloaded-virtual -Wno-shadow -Wno-sign-compare -Wno-uninitialized -Wno-unused-but-set-parameter -Wno-unused-but-set-variable -Wno-unused-parameter -Wno-unused-variable     -DVL_TIME_CONTEXT   -fcoroutines -c -o verilated.o /usr/share/verilator/include/verilated.cpp
g++ -Os  -I.  -MMD -I/usr/share/verilator/include -I/usr/share/verilator/include/vltstd -DVM_COVERAGE=0 -DVM_SC=0 -DVM_TRACE=0 -DVM_TRACE_FST=0 -DVM_TRACE_VCD=0 -faligned-new -fcf-protection=none -Wno-bool-operation -Wno-overloaded-virtual -Wno-shadow -Wno-sign-compare -Wno-uninitialized -Wno-unused-but-set-parameter -Wno-unused-but-set-variable -Wno-unused-parameter -Wno-unused-variable     -DVL_TIME_CONTEXT   -fcoroutines -c -o verilated_timing.o /usr/share/verilator/include/verilated_timing.cpp
g++ -Os  -I.  -MMD -I/usr/share/verilator/include -I/usr/share/verilator/include/vltstd -DVM_COVERAGE=0 -DVM_SC=0 -DVM_TRACE=0 -DVM_TRACE_FST=0 -DVM_TRACE_VCD=0 -faligned-new -fcf-protection=none -Wno-bool-operation -Wno-overloaded-virtual -Wno-shadow -Wno-sign-compare -Wno-uninitialized -Wno-unused-but-set-parameter -Wno-unused-but-set-variable -Wno-unused-parameter -Wno-unused-variable     -DVL_TIME_CONTEXT   -fcoroutines -c -o verilated_threads.o /usr/share/verilator/include/verilated_threads.cpp
/usr/bin/python3 /usr/share/verilator/bin/verilator_includer -DVL_INCLUDE_OPT=include Vtb_seq_unit.cpp Vtb_seq_unit___024root__DepSet_hbc3af788__0.cpp Vtb_seq_unit___024root__DepSet_hc6d95493__0.cpp Vtb_seq_unit__main.cpp Vtb_seq_unit__ConstPool_0.cpp Vtb_seq_unit___024root__Slow.cpp Vtb_seq_unit___024root__DepSet_hbc3af788__0__Slow.cpp Vtb_seq_unit___024root__DepSet_hc6d95493__0__Slow.cpp Vtb_seq_unit__Syms.cpp > Vtb_seq_unit__ALL.cpp
g++ -Os  -I.  -MMD -I/usr/share/verilator/include -I/usr/share/verilator/include/vltstd -DVM_COVERAGE=0 -DVM_SC=0 -DVM_TRACE=0 -DVM_TRACE_FST=0 -DVM_TRACE_VCD=0 -faligned-new -fcf-protection=none -Wno-bool-operation -Wno-overloaded-virtual -Wno-shadow -Wno-sign-compare -Wno-uninitialized -Wno-unused-but-set-parameter -Wno-unused-but-set-variable -Wno-unused-parameter -Wno-unused-variable     -DVL_TIME_CONTEXT   -fcoroutines -c -o Vtb_seq_unit__ALL.o Vtb_seq_unit__ALL.cpp
echo "" > Vtb_seq_unit__ALL.verilator_deplist.tmp
Archive ar -rcs Vtb_seq_unit__ALL.a Vtb_seq_unit__ALL.o
g++     verilated.o verilated_timing.o verilated_threads.o Vtb_seq_unit__ALL.a    -pthread -lpthread -latomic   -o tb_seq_l8
rm Vtb_seq_unit__ALL.verilator_deplist.tmp
make[1]: Leaving directory '/home/cah/r2d2/code/fpga/fable5_llm/tb/obj_dir_tb_seq_l8'
SEQ scripts/seqvec/seq_u_s1: 58 records, 3232 cycles (55.72 cyc/rec, 4.486 Mrec/s @250MHz)
  axil writes 99
  axil reads  27  (of which 18 were status polls)
  fetch-empty stall cycles 25  (ddr beats 143)
  layer cmds 9, engine runs 0/1/0/3, LAT=8 BLAT=4 DDRLAT=32 SIDEBAND=0
  burst: 12 write bursts (728 beats), 8 read bursts (156 beats), busy_wr 1308 busy_rd 260, decerr 0 non-OK 0
SEQ PASS: scripts/seqvec/seq_u_s1 (writes 827, reads 165, scratch 664, tokens 3)
- tb_seq_unit.sv:919: Verilog $finish
SEQ scripts/seqvec/seq_u_s2: 58 records, 3661 cycles (63.12 cyc/rec, 3.961 Mrec/s @250MHz)
  axil writes 116
  axil reads  32  (of which 21 were status polls)
  fetch-empty stall cycles 42  (ddr beats 152)
  layer cmds 10, engine runs 1/1/0/3, LAT=8 BLAT=4 DDRLAT=32 SIDEBAND=0
  burst: 14 write bursts (688 beats), 10 read bursts (180 beats), busy_wr 1344 busy_rd 310, decerr 0 non-OK 0
SEQ PASS: scripts/seqvec/seq_u_s2 (writes 804, reads 191, scratch 604, tokens 4)
- tb_seq_unit.sv:919: Verilog $finish
SEQ scripts/seqvec/seq_u_s3: 58 records, 3310 cycles (57.07 cyc/rec, 4.381 Mrec/s @250MHz)
  axil writes 99
  axil reads  27  (of which 18 were status polls)
  fetch-empty stall cycles 25  (ddr beats 141)
  layer cmds 9, engine runs 3/0/0/1, LAT=8 BLAT=4 DDRLAT=32 SIDEBAND=0
  burst: 12 write bursts (736 beats), 8 read bursts (252 beats), busy_wr 1386 busy_rd 356, decerr 0 non-OK 0
SEQ PASS: scripts/seqvec/seq_u_s3 (writes 835, reads 261, scratch 616, tokens 3)
- tb_seq_unit.sv:919: Verilog $finish
  S6 OUT FIFO: ntok=5 depth=64 kept=5 rx=5 ovf=0 | pushes=5 pops=5 SIMULTANEOUS=0
SEQ scripts/seqvec/seq_u_s4: 58 records, 4231 cycles (72.95 cyc/rec, 3.427 Mrec/s @250MHz)
  axil writes 133
  axil reads  37  (of which 24 were status polls)
  fetch-empty stall cycles 60  (ddr beats 153)
  layer cmds 11, engine runs 4/0/1/1, LAT=8 BLAT=4 DDRLAT=32 SIDEBAND=0
  burst: 16 write bursts (712 beats), 12 read bursts (368 beats), busy_wr 1520 busy_rd 524, decerr 0 non-OK 0
SEQ PASS: scripts/seqvec/seq_u_s4 (writes 845, reads 381, scratch 600, tokens 5)
- tb_seq_unit.sv:919: Verilog $finish
SEQ scripts/seqvec/seq_m_csrwr: 2001 records, 6046 cycles (3.02 cyc/rec, 82.741 Mrec/s @250MHz)
  axil writes 2000
  axil reads  1  (of which 1 were status polls)
  fetch-empty stall cycles 7  (ddr beats 2001)
  layer cmds 0, engine runs 0/0/0/0, LAT=8 BLAT=4 DDRLAT=32 SIDEBAND=0
  burst: 0 write bursts (0 beats), 0 read bursts (0 beats), busy_wr 0 busy_rd 0, decerr 0 non-OK 0
SEQ PASS: scripts/seqvec/seq_m_csrwr (writes 2000, reads 0, scratch 0, tokens 0)
- tb_seq_unit.sv:919: Verilog $finish
SEQ scripts/seqvec/seq_m_cmd: 801 records, 11047 cycles (13.79 cyc/rec, 18.127 Mrec/s @250MHz)
  axil writes 800
  axil reads  201  (of which 201 were status polls)
  fetch-empty stall cycles 7  (ddr beats 801)
  layer cmds 200, engine runs 0/0/0/0, LAT=8 BLAT=4 DDRLAT=32 SIDEBAND=0
  burst: 0 write bursts (0 beats), 0 read bursts (0 beats), busy_wr 0 busy_rd 0, decerr 0 non-OK 0
SEQ PASS: scripts/seqvec/seq_m_cmd (writes 800, reads 0, scratch 0, tokens 0)
- tb_seq_unit.sv:919: Verilog $finish
SEQ scripts/seqvec/seq_m_movx: 3 records, 8959 cycles (2986.33 cyc/rec, 0.084 Mrec/s @250MHz)
  axil writes 3
  axil reads  2  (of which 2 were status polls)
  fetch-empty stall cycles 7  (ddr beats 515)
  layer cmds 0, engine runs 0/0/0/0, LAT=8 BLAT=4 DDRLAT=32 SIDEBAND=0
  burst: 20 write bursts (5120 beats), 16 read bursts (4096 beats), busy_wr 8833 busy_rd 4169, decerr 0 non-OK 0
SEQ PASS: scripts/seqvec/seq_m_movx (writes 5123, reads 4096, scratch 4096, tokens 0)
- tb_seq_unit.sv:919: Verilog $finish
SEQ scripts/seqvec/seq_m_movy16: 4 records, 2491 cycles (622.75 cyc/rec, 0.401 Mrec/s @250MHz)
  axil writes 9
  axil reads  3  (of which 3 were status polls)
  fetch-empty stall cycles 7  (ddr beats 4)
  layer cmds 0, engine runs 1/0/0/0, LAT=8 BLAT=4 DDRLAT=32 SIDEBAND=0
  burst: 9 write bursts (2064 beats), 9 read bursts (2112 beats), busy_wr 2194 busy_rd 2166, decerr 0 non-OK 0
SEQ PASS: scripts/seqvec/seq_m_movy16 (writes 2073, reads 2112, scratch 2048, tokens 0)
- tb_seq_unit.sv:919: Verilog $finish
SEQ scripts/seqvec/seq_m_movy32: 4 records, 4540 cycles (1135.00 cyc/rec, 0.220 Mrec/s @250MHz)
  axil writes 9
  axil reads  3  (of which 3 were status polls)
  fetch-empty stall cycles 7  (ddr beats 4)
  layer cmds 0, engine runs 1/0/0/0, LAT=8 BLAT=4 DDRLAT=32 SIDEBAND=0
  burst: 17 write bursts (4112 beats), 9 read bursts (2112 beats), busy_wr 4244 busy_rd 4120, decerr 0 non-OK 0
SEQ PASS: scripts/seqvec/seq_m_movy32 (writes 4121, reads 2112, scratch 4096, tokens 0)
- tb_seq_unit.sv:919: Verilog $finish
SEQ scripts/seqvec/seq_m_ldc: 2 records, 4705 cycles (2352.50 cyc/rec, 0.106 Mrec/s @250MHz)
  axil writes 1
  axil reads  1  (of which 1 were status polls)
  fetch-empty stall cycles 7  (ddr beats 514)
  layer cmds 0, engine runs 0/0/0/0, LAT=8 BLAT=4 DDRLAT=32 SIDEBAND=0
  burst: 16 write bursts (4096 beats), 0 read bursts (0 beats), busy_wr 4652 busy_rd 0, decerr 0 non-OK 0
SEQ PASS: scripts/seqvec/seq_m_ldc (writes 4097, reads 0, scratch 4096, tokens 0)
- tb_seq_unit.sv:919: Verilog $finish
verilator --binary --timing -j 4 -Wall \
  --Mdir obj_dir_tb_seq_sb -o tb_seq_sb "-GSIDEBAND=1'b1" \
  --top-module tb_seq_unit ../rtl/seq_unit.sv ../rtl/seq_movers.sv seq_fabric_model.sv seq_burst_fabric.sv seq_ddr_model.sv seq_stub_layer.sv seq_stub_mvchan.sv tb_seq_unit.sv
make[1]: Entering directory '/home/cah/r2d2/code/fpga/fable5_llm/tb/obj_dir_tb_seq_sb'
g++ -Os  -I.  -MMD -I/usr/share/verilator/include -I/usr/share/verilator/include/vltstd -DVM_COVERAGE=0 -DVM_SC=0 -DVM_TRACE=0 -DVM_TRACE_FST=0 -DVM_TRACE_VCD=0 -faligned-new -fcf-protection=none -Wno-bool-operation -Wno-overloaded-virtual -Wno-shadow -Wno-sign-compare -Wno-uninitialized -Wno-unused-but-set-parameter -Wno-unused-but-set-variable -Wno-unused-parameter -Wno-unused-variable     -DVL_TIME_CONTEXT   -fcoroutines -c -o verilated.o /usr/share/verilator/include/verilated.cpp
g++ -Os  -I.  -MMD -I/usr/share/verilator/include -I/usr/share/verilator/include/vltstd -DVM_COVERAGE=0 -DVM_SC=0 -DVM_TRACE=0 -DVM_TRACE_FST=0 -DVM_TRACE_VCD=0 -faligned-new -fcf-protection=none -Wno-bool-operation -Wno-overloaded-virtual -Wno-shadow -Wno-sign-compare -Wno-uninitialized -Wno-unused-but-set-parameter -Wno-unused-but-set-variable -Wno-unused-parameter -Wno-unused-variable     -DVL_TIME_CONTEXT   -fcoroutines -c -o verilated_timing.o /usr/share/verilator/include/verilated_timing.cpp
g++ -Os  -I.  -MMD -I/usr/share/verilator/include -I/usr/share/verilator/include/vltstd -DVM_COVERAGE=0 -DVM_SC=0 -DVM_TRACE=0 -DVM_TRACE_FST=0 -DVM_TRACE_VCD=0 -faligned-new -fcf-protection=none -Wno-bool-operation -Wno-overloaded-virtual -Wno-shadow -Wno-sign-compare -Wno-uninitialized -Wno-unused-but-set-parameter -Wno-unused-but-set-variable -Wno-unused-parameter -Wno-unused-variable     -DVL_TIME_CONTEXT   -fcoroutines -c -o verilated_threads.o /usr/share/verilator/include/verilated_threads.cpp
/usr/bin/python3 /usr/share/verilator/bin/verilator_includer -DVL_INCLUDE_OPT=include Vtb_seq_unit.cpp Vtb_seq_unit___024root__DepSet_hbc3af788__0.cpp Vtb_seq_unit___024root__DepSet_hc6d95493__0.cpp Vtb_seq_unit__main.cpp Vtb_seq_unit__ConstPool_0.cpp Vtb_seq_unit___024root__Slow.cpp Vtb_seq_unit___024root__DepSet_hbc3af788__0__Slow.cpp Vtb_seq_unit___024root__DepSet_hc6d95493__0__Slow.cpp Vtb_seq_unit__Syms.cpp > Vtb_seq_unit__ALL.cpp
g++ -Os  -I.  -MMD -I/usr/share/verilator/include -I/usr/share/verilator/include/vltstd -DVM_COVERAGE=0 -DVM_SC=0 -DVM_TRACE=0 -DVM_TRACE_FST=0 -DVM_TRACE_VCD=0 -faligned-new -fcf-protection=none -Wno-bool-operation -Wno-overloaded-virtual -Wno-shadow -Wno-sign-compare -Wno-uninitialized -Wno-unused-but-set-parameter -Wno-unused-but-set-variable -Wno-unused-parameter -Wno-unused-variable     -DVL_TIME_CONTEXT   -fcoroutines -c -o Vtb_seq_unit__ALL.o Vtb_seq_unit__ALL.cpp
echo "" > Vtb_seq_unit__ALL.verilator_deplist.tmp
Archive ar -rcs Vtb_seq_unit__ALL.a Vtb_seq_unit__ALL.o
g++     verilated.o verilated_timing.o verilated_threads.o Vtb_seq_unit__ALL.a    -pthread -lpthread -latomic   -o tb_seq_sb
rm Vtb_seq_unit__ALL.verilator_deplist.tmp
make[1]: Leaving directory '/home/cah/r2d2/code/fpga/fable5_llm/tb/obj_dir_tb_seq_sb'
for s in 1 2 3 4; do \
  obj_dir_tb_seq_sb/tb_seq_sb +vec=scripts/seqvec/seq_u_s$s || exit 1; done
SEQ scripts/seqvec/seq_u_s1: 58 records, 2662 cycles (45.90 cyc/rec, 5.447 Mrec/s @250MHz)
  axil writes 96
  axil reads  22  (of which 19 were status polls)
  fetch-empty stall cycles 29  (ddr beats 143)
  layer cmds 9, engine runs 0/1/0/3, LAT=4 BLAT=4 DDRLAT=32 SIDEBAND=1
  burst: 12 write bursts (728 beats), 8 read bursts (156 beats), busy_wr 1308 busy_rd 260, decerr 0 non-OK 0
SEQ PASS: scripts/seqvec/seq_u_s1 (writes 824, reads 159, scratch 664, tokens 3)
- tb_seq_unit.sv:919: Verilog $finish
SEQ scripts/seqvec/seq_u_s2: 58 records, 3007 cycles (51.84 cyc/rec, 4.822 Mrec/s @250MHz)
  axil writes 113
  axil reads  27  (of which 23 were status polls)
  fetch-empty stall cycles 46  (ddr beats 152)
  layer cmds 10, engine runs 1/1/0/3, LAT=4 BLAT=4 DDRLAT=32 SIDEBAND=1
  burst: 14 write bursts (688 beats), 10 read bursts (180 beats), busy_wr 1344 busy_rd 310, decerr 0 non-OK 0
SEQ PASS: scripts/seqvec/seq_u_s2 (writes 801, reads 184, scratch 604, tokens 4)
- tb_seq_unit.sv:919: Verilog $finish
SEQ scripts/seqvec/seq_u_s3: 58 records, 2740 cycles (47.24 cyc/rec, 5.292 Mrec/s @250MHz)
  axil writes 96
  axil reads  22  (of which 19 were status polls)
  fetch-empty stall cycles 29  (ddr beats 141)
  layer cmds 9, engine runs 3/0/0/1, LAT=4 BLAT=4 DDRLAT=32 SIDEBAND=1
  burst: 12 write bursts (736 beats), 8 read bursts (252 beats), busy_wr 1386 busy_rd 356, decerr 0 non-OK 0
SEQ PASS: scripts/seqvec/seq_u_s3 (writes 832, reads 255, scratch 616, tokens 3)
- tb_seq_unit.sv:919: Verilog $finish
  S6 OUT FIFO: ntok=5 depth=64 kept=5 rx=5 ovf=0 | pushes=5 pops=5 SIMULTANEOUS=0
SEQ scripts/seqvec/seq_u_s4: 58 records, 3490 cycles (60.17 cyc/rec, 4.155 Mrec/s @250MHz)
  axil writes 130
  axil reads  32  (of which 27 were status polls)
  fetch-empty stall cycles 64  (ddr beats 153)
  layer cmds 11, engine runs 4/0/1/1, LAT=4 BLAT=4 DDRLAT=32 SIDEBAND=1
  burst: 16 write bursts (712 beats), 12 read bursts (368 beats), busy_wr 1520 busy_rd 524, decerr 0 non-OK 0
SEQ PASS: scripts/seqvec/seq_u_s4 (writes 842, reads 373, scratch 600, tokens 5)
- tb_seq_unit.sv:919: Verilog $finish
RC_seq_all=0
mkdir -p scripts/seqvec
for s in 1 2 3 4; do \
  python3 scripts/gen_seq_unit_vectors.py scripts/seqvec $s || exit 1; done
seq_u_s1: 58 records, 827 writes, 165 reads (159 with the XRF sideband), 664 scratch words, 3 tokens
seq_h_hiaddr: 16 records, 8320 scratch words (8192 above word 16383)
seq_h_embrow: 7 records, 3136 scratch words at EMBLOG2=12 (4096 B rows)
seq_m_csrwr: 2001 records, 2000 writes, 0 reads
seq_m_cmd: 801 records, 800 writes, 0 reads
seq_m_movx: 3 records, 5123 writes, 4096 reads
seq_m_movy16: 4 records, 2073 writes, 2112 reads
seq_m_movy32: 4 records, 4121 writes, 2112 reads
seq_m_ldc: 2 records, 4097 writes, 0 reads
seq_f_of24: 121 records, 24 tokens
seq_f_of64: 321 records, 64 tokens
seq_f_of80: 401 records, 80 tokens
seq_e_op: expects err_code 0x01
seq_e_ind: expects err_code 0x02
seq_e_chan: expects err_code 0x05
seq_e_jmp: expects err_code 0x08
seq_e_xopsgn: expects err_code 0x0a
seq_e_csrsp: expects err_code 0x07
seq_e_rsvd: expects err_code 0x06
seq_u_s2: 58 records, 804 writes, 191 reads (184 with the XRF sideband), 604 scratch words, 4 tokens
seq_u_s3: 58 records, 835 writes, 261 reads (255 with the XRF sideband), 616 scratch words, 3 tokens
seq_u_s4: 58 records, 845 writes, 381 reads (373 with the XRF sideband), 600 scratch words, 5 tokens
verilator --binary --timing -j 4 -Wall \
  --Mdir obj_dir_tb_seq -o tb_seq \
  --top-module tb_seq_unit ../rtl/seq_unit.sv ../rtl/seq_movers.sv seq_fabric_model.sv seq_burst_fabric.sv seq_ddr_model.sv seq_stub_layer.sv seq_stub_mvchan.sv tb_seq_unit.sv
make[1]: Entering directory '/home/cah/r2d2/code/fpga/fable5_llm/tb/obj_dir_tb_seq'
make[1]: Nothing to be done for 'default'.
make[1]: Leaving directory '/home/cah/r2d2/code/fpga/fable5_llm/tb/obj_dir_tb_seq'
-- depth 64 + sticky of_ovf, no concurrent pops --
for n in 24 64 80; do \
  obj_dir_tb_seq/tb_seq +vec=scripts/seqvec/seq_f_of$n || exit 1; done
  S6 OUT FIFO: ntok=24 depth=64 kept=24 rx=24 ovf=0 | pushes=24 pops=24 SIMULTANEOUS=0
SEQ scripts/seqvec/seq_f_of24: 121 records, 1540 cycles (12.73 cyc/rec, 19.643 Mrec/s @250MHz)
  axil writes 144
  axil reads  57  (of which 33 were status polls)
  fetch-empty stall cycles 11  (ddr beats 121)
  layer cmds 24, engine runs 0/0/0/0, LAT=4 BLAT=4 DDRLAT=32 SIDEBAND=0
  burst: 0 write bursts (0 beats), 0 read bursts (0 beats), busy_wr 0 busy_rd 0, decerr 0 non-OK 0
SEQ PASS: scripts/seqvec/seq_f_of24 (writes 144, reads 24, scratch 0, tokens 24)
- tb_seq_unit.sv:919: Verilog $finish
  S6 OUT FIFO: ntok=64 depth=64 kept=64 rx=64 ovf=0 | pushes=64 pops=64 SIMULTANEOUS=0
SEQ scripts/seqvec/seq_f_of64: 321 records, 4069 cycles (12.68 cyc/rec, 19.722 Mrec/s @250MHz)
  axil writes 384
  axil reads  153  (of which 89 were status polls)
  fetch-empty stall cycles 11  (ddr beats 321)
  layer cmds 64, engine runs 0/0/0/0, LAT=4 BLAT=4 DDRLAT=32 SIDEBAND=0
  burst: 0 write bursts (0 beats), 0 read bursts (0 beats), busy_wr 0 busy_rd 0, decerr 0 non-OK 0
SEQ PASS: scripts/seqvec/seq_f_of64 (writes 384, reads 64, scratch 0, tokens 64)
- tb_seq_unit.sv:919: Verilog $finish
  S6 OUT FIFO: ntok=80 depth=64 kept=64 rx=64 ovf=1 | pushes=64 pops=64 SIMULTANEOUS=0
SEQ scripts/seqvec/seq_f_of80: 401 records, 5074 cycles (12.65 cyc/rec, 19.758 Mrec/s @250MHz)
  axil writes 480
  axil reads  191  (of which 111 were status polls)
  fetch-empty stall cycles 11  (ddr beats 401)
  layer cmds 80, engine runs 0/0/0/0, LAT=4 BLAT=4 DDRLAT=32 SIDEBAND=0
  burst: 0 write bursts (0 beats), 0 read bursts (0 beats), busy_wr 0 busy_rd 0, decerr 0 non-OK 0
SEQ PASS: scripts/seqvec/seq_f_of80 (writes 480, reads 80, scratch 0, tokens 80)
- tb_seq_unit.sv:919: Verilog $finish
-- the SAME streams over the burst fabric at blat 0/8 --
for L in 0 8; do for n in 24 64 80; do \
  obj_dir_tb_seq/tb_seq +vec=scripts/seqvec/seq_f_of$n +blat=$L || exit 1; \
done; done
  S6 OUT FIFO: ntok=24 depth=64 kept=24 rx=24 ovf=0 | pushes=24 pops=24 SIMULTANEOUS=0
SEQ scripts/seqvec/seq_f_of24: 121 records, 1540 cycles (12.73 cyc/rec, 19.643 Mrec/s @250MHz)
  axil writes 144
  axil reads  57  (of which 33 were status polls)
  fetch-empty stall cycles 11  (ddr beats 121)
  layer cmds 24, engine runs 0/0/0/0, LAT=4 BLAT=4 DDRLAT=32 SIDEBAND=0
  burst: 0 write bursts (0 beats), 0 read bursts (0 beats), busy_wr 0 busy_rd 0, decerr 0 non-OK 0
SEQ PASS: scripts/seqvec/seq_f_of24 (writes 144, reads 24, scratch 0, tokens 24)
- tb_seq_unit.sv:919: Verilog $finish
  S6 OUT FIFO: ntok=64 depth=64 kept=64 rx=64 ovf=0 | pushes=64 pops=64 SIMULTANEOUS=0
SEQ scripts/seqvec/seq_f_of64: 321 records, 4069 cycles (12.68 cyc/rec, 19.722 Mrec/s @250MHz)
  axil writes 384
  axil reads  153  (of which 89 were status polls)
  fetch-empty stall cycles 11  (ddr beats 321)
  layer cmds 64, engine runs 0/0/0/0, LAT=4 BLAT=4 DDRLAT=32 SIDEBAND=0
  burst: 0 write bursts (0 beats), 0 read bursts (0 beats), busy_wr 0 busy_rd 0, decerr 0 non-OK 0
SEQ PASS: scripts/seqvec/seq_f_of64 (writes 384, reads 64, scratch 0, tokens 64)
- tb_seq_unit.sv:919: Verilog $finish
  S6 OUT FIFO: ntok=80 depth=64 kept=64 rx=64 ovf=1 | pushes=64 pops=64 SIMULTANEOUS=0
SEQ scripts/seqvec/seq_f_of80: 401 records, 5074 cycles (12.65 cyc/rec, 19.758 Mrec/s @250MHz)
  axil writes 480
  axil reads  191  (of which 111 were status polls)
  fetch-empty stall cycles 11  (ddr beats 401)
  layer cmds 80, engine runs 0/0/0/0, LAT=4 BLAT=4 DDRLAT=32 SIDEBAND=0
  burst: 0 write bursts (0 beats), 0 read bursts (0 beats), busy_wr 0 busy_rd 0, decerr 0 non-OK 0
SEQ PASS: scripts/seqvec/seq_f_of80 (writes 480, reads 80, scratch 0, tokens 80)
- tb_seq_unit.sv:919: Verilog $finish
  S6 OUT FIFO: ntok=24 depth=64 kept=24 rx=24 ovf=0 | pushes=24 pops=24 SIMULTANEOUS=0
SEQ scripts/seqvec/seq_f_of24: 121 records, 1540 cycles (12.73 cyc/rec, 19.643 Mrec/s @250MHz)
  axil writes 144
  axil reads  57  (of which 33 were status polls)
  fetch-empty stall cycles 11  (ddr beats 121)
  layer cmds 24, engine runs 0/0/0/0, LAT=4 BLAT=4 DDRLAT=32 SIDEBAND=0
  burst: 0 write bursts (0 beats), 0 read bursts (0 beats), busy_wr 0 busy_rd 0, decerr 0 non-OK 0
SEQ PASS: scripts/seqvec/seq_f_of24 (writes 144, reads 24, scratch 0, tokens 24)
- tb_seq_unit.sv:919: Verilog $finish
  S6 OUT FIFO: ntok=64 depth=64 kept=64 rx=64 ovf=0 | pushes=64 pops=64 SIMULTANEOUS=0
SEQ scripts/seqvec/seq_f_of64: 321 records, 4069 cycles (12.68 cyc/rec, 19.722 Mrec/s @250MHz)
  axil writes 384
  axil reads  153  (of which 89 were status polls)
  fetch-empty stall cycles 11  (ddr beats 321)
  layer cmds 64, engine runs 0/0/0/0, LAT=4 BLAT=4 DDRLAT=32 SIDEBAND=0
  burst: 0 write bursts (0 beats), 0 read bursts (0 beats), busy_wr 0 busy_rd 0, decerr 0 non-OK 0
SEQ PASS: scripts/seqvec/seq_f_of64 (writes 384, reads 64, scratch 0, tokens 64)
- tb_seq_unit.sv:919: Verilog $finish
  S6 OUT FIFO: ntok=80 depth=64 kept=64 rx=64 ovf=1 | pushes=64 pops=64 SIMULTANEOUS=0
SEQ scripts/seqvec/seq_f_of80: 401 records, 5074 cycles (12.65 cyc/rec, 19.758 Mrec/s @250MHz)
  axil writes 480
  axil reads  191  (of which 111 were status polls)
  fetch-empty stall cycles 11  (ddr beats 401)
  layer cmds 80, engine runs 0/0/0/0, LAT=4 BLAT=4 DDRLAT=32 SIDEBAND=0
  burst: 0 write bursts (0 beats), 0 read bursts (0 beats), busy_wr 0 busy_rd 0, decerr 0 non-OK 0
SEQ PASS: scripts/seqvec/seq_f_of80 (writes 480, reads 80, scratch 0, tokens 80)
- tb_seq_unit.sv:919: Verilog $finish
-- directed push/pop race: 8 pop phases x 3 streams --
   (FAILS on rtl/seq_unit.sv as of 2026-08-11: a read of OUT_FIFO
    that reports EMPTY still pops one cycle later if an AMAXL push
    landed on the read's accept edge.  PRE-EXISTING, also present
    at HEAD.  Fix + evidence: evidence/rung4/S6_out_fifo_pop_race.patch,
    evidence/rung4/gate_seq_offifo.log section F.)
for p in 0 1 2 3 4 5 6 7; do for n in 24 64 80; do \
  obj_dir_tb_seq/tb_seq +vec=scripts/seqvec/seq_f_of$n +ofrace +ofphase=$p \
    || exit 1; \
done; done
  S6 OUT FIFO: ntok=24 depth=64 kept=24 rx=24 ovf=0 | pushes=24 pops=24 SIMULTANEOUS=0
  NOTE: no push/pop coincidence at +ofphase=0 (this run did not exercise the race)
SEQ scripts/seqvec/seq_f_of24: 121 records, 1546 cycles (12.78 cyc/rec, 19.567 Mrec/s @250MHz)
  axil writes 144
  axil reads  57  (of which 33 were status polls)
  fetch-empty stall cycles 11  (ddr beats 121)
  layer cmds 24, engine runs 0/0/0/0, LAT=4 BLAT=4 DDRLAT=32 SIDEBAND=0
  burst: 0 write bursts (0 beats), 0 read bursts (0 beats), busy_wr 0 busy_rd 0, decerr 0 non-OK 0
SEQ PASS: scripts/seqvec/seq_f_of24 (writes 144, reads 24, scratch 0, tokens 24)
- tb_seq_unit.sv:919: Verilog $finish
  S6 OUT FIFO: ntok=64 depth=64 kept=64 rx=64 ovf=0 | pushes=64 pops=64 SIMULTANEOUS=0
  NOTE: no push/pop coincidence at +ofphase=0 (this run did not exercise the race)
SEQ scripts/seqvec/seq_f_of64: 321 records, 4072 cycles (12.69 cyc/rec, 19.708 Mrec/s @250MHz)
  axil writes 384
  axil reads  153  (of which 89 were status polls)
  fetch-empty stall cycles 11  (ddr beats 321)
  layer cmds 64, engine runs 0/0/0/0, LAT=4 BLAT=4 DDRLAT=32 SIDEBAND=0
  burst: 0 write bursts (0 beats), 0 read bursts (0 beats), busy_wr 0 busy_rd 0, decerr 0 non-OK 0
SEQ PASS: scripts/seqvec/seq_f_of64 (writes 384, reads 64, scratch 0, tokens 64)
- tb_seq_unit.sv:919: Verilog $finish
  S6 OUT FIFO: ntok=80 depth=64 kept=80 rx=80 ovf=0 | pushes=80 pops=80 SIMULTANEOUS=0
  NOTE: no push/pop coincidence at +ofphase=0 (this run did not exercise the race)
SEQ scripts/seqvec/seq_f_of80: 401 records, 5080 cycles (12.67 cyc/rec, 19.734 Mrec/s @250MHz)
  axil writes 480
  axil reads  191  (of which 111 were status polls)
  fetch-empty stall cycles 11  (ddr beats 401)
  layer cmds 80, engine runs 0/0/0/0, LAT=4 BLAT=4 DDRLAT=32 SIDEBAND=0
  burst: 0 write bursts (0 beats), 0 read bursts (0 beats), busy_wr 0 busy_rd 0, decerr 0 non-OK 0
SEQ PASS: scripts/seqvec/seq_f_of80 (writes 480, reads 80, scratch 0, tokens 80)
- tb_seq_unit.sv:919: Verilog $finish
  S6 OUT FIFO: ntok=24 depth=64 kept=24 rx=24 ovf=0 | pushes=24 pops=24 SIMULTANEOUS=0
  NOTE: no push/pop coincidence at +ofphase=1 (this run did not exercise the race)
SEQ scripts/seqvec/seq_f_of24: 121 records, 1544 cycles (12.76 cyc/rec, 19.592 Mrec/s @250MHz)
  axil writes 144
  axil reads  57  (of which 33 were status polls)
  fetch-empty stall cycles 11  (ddr beats 121)
  layer cmds 24, engine runs 0/0/0/0, LAT=4 BLAT=4 DDRLAT=32 SIDEBAND=0
  burst: 0 write bursts (0 beats), 0 read bursts (0 beats), busy_wr 0 busy_rd 0, decerr 0 non-OK 0
SEQ PASS: scripts/seqvec/seq_f_of24 (writes 144, reads 24, scratch 0, tokens 24)
- tb_seq_unit.sv:919: Verilog $finish
  S6 OUT FIFO: ntok=64 depth=64 kept=64 rx=64 ovf=0 | pushes=64 pops=64 SIMULTANEOUS=0
  NOTE: no push/pop coincidence at +ofphase=1 (this run did not exercise the race)
SEQ scripts/seqvec/seq_f_of64: 321 records, 4078 cycles (12.70 cyc/rec, 19.679 Mrec/s @250MHz)
  axil writes 384
  axil reads  153  (of which 89 were status polls)
  fetch-empty stall cycles 11  (ddr beats 321)
  layer cmds 64, engine runs 0/0/0/0, LAT=4 BLAT=4 DDRLAT=32 SIDEBAND=0
  burst: 0 write bursts (0 beats), 0 read bursts (0 beats), busy_wr 0 busy_rd 0, decerr 0 non-OK 0
SEQ PASS: scripts/seqvec/seq_f_of64 (writes 384, reads 64, scratch 0, tokens 64)
- tb_seq_unit.sv:919: Verilog $finish
  S6 OUT FIFO: ntok=80 depth=64 kept=80 rx=80 ovf=0 | pushes=80 pops=80 SIMULTANEOUS=0
  NOTE: no push/pop coincidence at +ofphase=1 (this run did not exercise the race)
SEQ scripts/seqvec/seq_f_of80: 401 records, 5079 cycles (12.67 cyc/rec, 19.738 Mrec/s @250MHz)
  axil writes 480
  axil reads  191  (of which 111 were status polls)
  fetch-empty stall cycles 11  (ddr beats 401)
  layer cmds 80, engine runs 0/0/0/0, LAT=4 BLAT=4 DDRLAT=32 SIDEBAND=0
  burst: 0 write bursts (0 beats), 0 read bursts (0 beats), busy_wr 0 busy_rd 0, decerr 0 non-OK 0
SEQ PASS: scripts/seqvec/seq_f_of80 (writes 480, reads 80, scratch 0, tokens 80)
- tb_seq_unit.sv:919: Verilog $finish
  S6 OUT FIFO: ntok=24 depth=64 kept=24 rx=24 ovf=0 | pushes=24 pops=24 SIMULTANEOUS=0
  NOTE: no push/pop coincidence at +ofphase=2 (this run did not exercise the race)
SEQ scripts/seqvec/seq_f_of24: 121 records, 1548 cycles (12.79 cyc/rec, 19.541 Mrec/s @250MHz)
  axil writes 144
  axil reads  57  (of which 33 were status polls)
  fetch-empty stall cycles 11  (ddr beats 121)
  layer cmds 24, engine runs 0/0/0/0, LAT=4 BLAT=4 DDRLAT=32 SIDEBAND=0
  burst: 0 write bursts (0 beats), 0 read bursts (0 beats), busy_wr 0 busy_rd 0, decerr 0 non-OK 0
SEQ PASS: scripts/seqvec/seq_f_of24 (writes 144, reads 24, scratch 0, tokens 24)
- tb_seq_unit.sv:919: Verilog $finish
  S6 OUT FIFO: ntok=64 depth=64 kept=64 rx=64 ovf=0 | pushes=64 pops=64 SIMULTANEOUS=0
  NOTE: no push/pop coincidence at +ofphase=2 (this run did not exercise the race)
SEQ scripts/seqvec/seq_f_of64: 321 records, 4076 cycles (12.70 cyc/rec, 19.688 Mrec/s @250MHz)
  axil writes 384
  axil reads  153  (of which 89 were status polls)
  fetch-empty stall cycles 11  (ddr beats 321)
  layer cmds 64, engine runs 0/0/0/0, LAT=4 BLAT=4 DDRLAT=32 SIDEBAND=0
  burst: 0 write bursts (0 beats), 0 read bursts (0 beats), busy_wr 0 busy_rd 0, decerr 0 non-OK 0
SEQ PASS: scripts/seqvec/seq_f_of64 (writes 384, reads 64, scratch 0, tokens 64)
- tb_seq_unit.sv:919: Verilog $finish
  S6 OUT FIFO: ntok=80 depth=64 kept=80 rx=80 ovf=0 | pushes=80 pops=80 SIMULTANEOUS=0
  NOTE: no push/pop coincidence at +ofphase=2 (this run did not exercise the race)
SEQ scripts/seqvec/seq_f_of80: 401 records, 5084 cycles (12.68 cyc/rec, 19.719 Mrec/s @250MHz)
  axil writes 480
  axil reads  191  (of which 111 were status polls)
  fetch-empty stall cycles 11  (ddr beats 401)
  layer cmds 80, engine runs 0/0/0/0, LAT=4 BLAT=4 DDRLAT=32 SIDEBAND=0
  burst: 0 write bursts (0 beats), 0 read bursts (0 beats), busy_wr 0 busy_rd 0, decerr 0 non-OK 0
SEQ PASS: scripts/seqvec/seq_f_of80 (writes 480, reads 80, scratch 0, tokens 80)
- tb_seq_unit.sv:919: Verilog $finish
  S6 OUT FIFO: ntok=24 depth=64 kept=24 rx=24 ovf=0 | pushes=24 pops=24 SIMULTANEOUS=0
  NOTE: no push/pop coincidence at +ofphase=3 (this run did not exercise the race)
SEQ scripts/seqvec/seq_f_of24: 121 records, 1552 cycles (12.83 cyc/rec, 19.491 Mrec/s @250MHz)
  axil writes 144
  axil reads  57  (of which 33 were status polls)
  fetch-empty stall cycles 11  (ddr beats 121)
  layer cmds 24, engine runs 0/0/0/0, LAT=4 BLAT=4 DDRLAT=32 SIDEBAND=0
  burst: 0 write bursts (0 beats), 0 read bursts (0 beats), busy_wr 0 busy_rd 0, decerr 0 non-OK 0
SEQ PASS: scripts/seqvec/seq_f_of24 (writes 144, reads 24, scratch 0, tokens 24)
- tb_seq_unit.sv:919: Verilog $finish
  S6 OUT FIFO: ntok=64 depth=64 kept=64 rx=64 ovf=0 | pushes=64 pops=64 SIMULTANEOUS=0
  NOTE: no push/pop coincidence at +ofphase=3 (this run did not exercise the race)
SEQ scripts/seqvec/seq_f_of64: 321 records, 4081 cycles (12.71 cyc/rec, 19.664 Mrec/s @250MHz)
  axil writes 384
  axil reads  153  (of which 89 were status polls)
  fetch-empty stall cycles 11  (ddr beats 321)
  layer cmds 64, engine runs 0/0/0/0, LAT=4 BLAT=4 DDRLAT=32 SIDEBAND=0
  burst: 0 write bursts (0 beats), 0 read bursts (0 beats), busy_wr 0 busy_rd 0, decerr 0 non-OK 0
SEQ PASS: scripts/seqvec/seq_f_of64 (writes 384, reads 64, scratch 0, tokens 64)
- tb_seq_unit.sv:919: Verilog $finish
  S6 OUT FIFO: ntok=80 depth=64 kept=80 rx=80 ovf=0 | pushes=80 pops=80 SIMULTANEOUS=0
  NOTE: no push/pop coincidence at +ofphase=3 (this run did not exercise the race)
SEQ scripts/seqvec/seq_f_of80: 401 records, 5080 cycles (12.67 cyc/rec, 19.734 Mrec/s @250MHz)
  axil writes 480
  axil reads  191  (of which 111 were status polls)
  fetch-empty stall cycles 11  (ddr beats 401)
  layer cmds 80, engine runs 0/0/0/0, LAT=4 BLAT=4 DDRLAT=32 SIDEBAND=0
  burst: 0 write bursts (0 beats), 0 read bursts (0 beats), busy_wr 0 busy_rd 0, decerr 0 non-OK 0
SEQ PASS: scripts/seqvec/seq_f_of80 (writes 480, reads 80, scratch 0, tokens 80)
- tb_seq_unit.sv:919: Verilog $finish
  S6 OUT FIFO: ntok=24 depth=64 kept=24 rx=24 ovf=0 | pushes=24 pops=24 SIMULTANEOUS=0
  NOTE: no push/pop coincidence at +ofphase=4 (this run did not exercise the race)
SEQ scripts/seqvec/seq_f_of24: 121 records, 1554 cycles (12.84 cyc/rec, 19.466 Mrec/s @250MHz)
  axil writes 144
  axil reads  57  (of which 33 were status polls)
  fetch-empty stall cycles 11  (ddr beats 121)
  layer cmds 24, engine runs 0/0/0/0, LAT=4 BLAT=4 DDRLAT=32 SIDEBAND=0
  burst: 0 write bursts (0 beats), 0 read bursts (0 beats), busy_wr 0 busy_rd 0, decerr 0 non-OK 0
SEQ PASS: scripts/seqvec/seq_f_of24 (writes 144, reads 24, scratch 0, tokens 24)
- tb_seq_unit.sv:919: Verilog $finish
  S6 OUT FIFO: ntok=64 depth=64 kept=64 rx=64 ovf=0 | pushes=64 pops=64 SIMULTANEOUS=0
  NOTE: no push/pop coincidence at +ofphase=4 (this run did not exercise the race)
SEQ scripts/seqvec/seq_f_of64: 321 records, 4084 cycles (12.72 cyc/rec, 19.650 Mrec/s @250MHz)
  axil writes 384
  axil reads  153  (of which 89 were status polls)
  fetch-empty stall cycles 11  (ddr beats 321)
  layer cmds 64, engine runs 0/0/0/0, LAT=4 BLAT=4 DDRLAT=32 SIDEBAND=0
  burst: 0 write bursts (0 beats), 0 read bursts (0 beats), busy_wr 0 busy_rd 0, decerr 0 non-OK 0
SEQ PASS: scripts/seqvec/seq_f_of64 (writes 384, reads 64, scratch 0, tokens 64)
- tb_seq_unit.sv:919: Verilog $finish
  S6 OUT FIFO: ntok=80 depth=64 kept=80 rx=80 ovf=0 | pushes=80 pops=80 SIMULTANEOUS=0
  NOTE: no push/pop coincidence at +ofphase=4 (this run did not exercise the race)
SEQ scripts/seqvec/seq_f_of80: 401 records, 5084 cycles (12.68 cyc/rec, 19.719 Mrec/s @250MHz)
  axil writes 480
  axil reads  191  (of which 111 were status polls)
  fetch-empty stall cycles 11  (ddr beats 401)
  layer cmds 80, engine runs 0/0/0/0, LAT=4 BLAT=4 DDRLAT=32 SIDEBAND=0
  burst: 0 write bursts (0 beats), 0 read bursts (0 beats), busy_wr 0 busy_rd 0, decerr 0 non-OK 0
SEQ PASS: scripts/seqvec/seq_f_of80 (writes 480, reads 80, scratch 0, tokens 80)
- tb_seq_unit.sv:919: Verilog $finish
  S6 OUT FIFO: ntok=24 depth=64 kept=24 rx=24 ovf=0 | pushes=24 pops=24 SIMULTANEOUS=0
  NOTE: no push/pop coincidence at +ofphase=5 (this run did not exercise the race)
SEQ scripts/seqvec/seq_f_of24: 121 records, 1555 cycles (12.85 cyc/rec, 19.453 Mrec/s @250MHz)
  axil writes 144
  axil reads  57  (of which 33 were status polls)
  fetch-empty stall cycles 11  (ddr beats 121)
  layer cmds 24, engine runs 0/0/0/0, LAT=4 BLAT=4 DDRLAT=32 SIDEBAND=0
  burst: 0 write bursts (0 beats), 0 read bursts (0 beats), busy_wr 0 busy_rd 0, decerr 0 non-OK 0
SEQ PASS: scripts/seqvec/seq_f_of24 (writes 144, reads 24, scratch 0, tokens 24)
- tb_seq_unit.sv:919: Verilog $finish
  S6 OUT FIFO: ntok=64 depth=64 kept=64 rx=64 ovf=0 | pushes=64 pops=64 SIMULTANEOUS=0
  NOTE: no push/pop coincidence at +ofphase=5 (this run did not exercise the race)
SEQ scripts/seqvec/seq_f_of64: 321 records, 4085 cycles (12.73 cyc/rec, 19.645 Mrec/s @250MHz)
  axil writes 384
  axil reads  153  (of which 89 were status polls)
  fetch-empty stall cycles 11  (ddr beats 321)
  layer cmds 64, engine runs 0/0/0/0, LAT=4 BLAT=4 DDRLAT=32 SIDEBAND=0
  burst: 0 write bursts (0 beats), 0 read bursts (0 beats), busy_wr 0 busy_rd 0, decerr 0 non-OK 0
SEQ PASS: scripts/seqvec/seq_f_of64 (writes 384, reads 64, scratch 0, tokens 64)
- tb_seq_unit.sv:919: Verilog $finish
  S6 OUT FIFO: ntok=80 depth=64 kept=80 rx=80 ovf=0 | pushes=80 pops=80 SIMULTANEOUS=0
  NOTE: no push/pop coincidence at +ofphase=5 (this run did not exercise the race)
SEQ scripts/seqvec/seq_f_of80: 401 records, 5086 cycles (12.68 cyc/rec, 19.711 Mrec/s @250MHz)
  axil writes 480
  axil reads  191  (of which 111 were status polls)
  fetch-empty stall cycles 11  (ddr beats 401)
  layer cmds 80, engine runs 0/0/0/0, LAT=4 BLAT=4 DDRLAT=32 SIDEBAND=0
  burst: 0 write bursts (0 beats), 0 read bursts (0 beats), busy_wr 0 busy_rd 0, decerr 0 non-OK 0
SEQ PASS: scripts/seqvec/seq_f_of80 (writes 480, reads 80, scratch 0, tokens 80)
- tb_seq_unit.sv:919: Verilog $finish
  S6 OUT FIFO: ntok=24 depth=64 kept=24 rx=24 ovf=0 | pushes=24 pops=24 SIMULTANEOUS=0
  NOTE: no push/pop coincidence at +ofphase=6 (this run did not exercise the race)
SEQ scripts/seqvec/seq_f_of24: 121 records, 1552 cycles (12.83 cyc/rec, 19.491 Mrec/s @250MHz)
  axil writes 144
  axil reads  57  (of which 33 were status polls)
  fetch-empty stall cycles 11  (ddr beats 121)
  layer cmds 24, engine runs 0/0/0/0, LAT=4 BLAT=4 DDRLAT=32 SIDEBAND=0
  burst: 0 write bursts (0 beats), 0 read bursts (0 beats), busy_wr 0 busy_rd 0, decerr 0 non-OK 0
SEQ PASS: scripts/seqvec/seq_f_of24 (writes 144, reads 24, scratch 0, tokens 24)
- tb_seq_unit.sv:919: Verilog $finish
  S6 OUT FIFO: ntok=64 depth=64 kept=64 rx=64 ovf=0 | pushes=64 pops=64 SIMULTANEOUS=0
  NOTE: no push/pop coincidence at +ofphase=6 (this run did not exercise the race)
SEQ scripts/seqvec/seq_f_of64: 321 records, 4084 cycles (12.72 cyc/rec, 19.650 Mrec/s @250MHz)
  axil writes 384
  axil reads  153  (of which 89 were status polls)
  fetch-empty stall cycles 11  (ddr beats 321)
  layer cmds 64, engine runs 0/0/0/0, LAT=4 BLAT=4 DDRLAT=32 SIDEBAND=0
  burst: 0 write bursts (0 beats), 0 read bursts (0 beats), busy_wr 0 busy_rd 0, decerr 0 non-OK 0
SEQ PASS: scripts/seqvec/seq_f_of64 (writes 384, reads 64, scratch 0, tokens 64)
- tb_seq_unit.sv:919: Verilog $finish
  S6 OUT FIFO: ntok=80 depth=64 kept=80 rx=80 ovf=0 | pushes=80 pops=80 SIMULTANEOUS=0
  NOTE: no push/pop coincidence at +ofphase=6 (this run did not exercise the race)
SEQ scripts/seqvec/seq_f_of80: 401 records, 5092 cycles (12.70 cyc/rec, 19.688 Mrec/s @250MHz)
  axil writes 480
  axil reads  191  (of which 111 were status polls)
  fetch-empty stall cycles 11  (ddr beats 401)
  layer cmds 80, engine runs 0/0/0/0, LAT=4 BLAT=4 DDRLAT=32 SIDEBAND=0
  burst: 0 write bursts (0 beats), 0 read bursts (0 beats), busy_wr 0 busy_rd 0, decerr 0 non-OK 0
SEQ PASS: scripts/seqvec/seq_f_of80 (writes 480, reads 80, scratch 0, tokens 80)
- tb_seq_unit.sv:919: Verilog $finish
  S6 OUT FIFO: ntok=24 depth=64 kept=24 rx=24 ovf=0 | pushes=24 pops=24 SIMULTANEOUS=0
  NOTE: no push/pop coincidence at +ofphase=7 (this run did not exercise the race)
SEQ scripts/seqvec/seq_f_of24: 121 records, 1551 cycles (12.82 cyc/rec, 19.504 Mrec/s @250MHz)
  axil writes 144
  axil reads  57  (of which 33 were status polls)
  fetch-empty stall cycles 11  (ddr beats 121)
  layer cmds 24, engine runs 0/0/0/0, LAT=4 BLAT=4 DDRLAT=32 SIDEBAND=0
  burst: 0 write bursts (0 beats), 0 read bursts (0 beats), busy_wr 0 busy_rd 0, decerr 0 non-OK 0
SEQ PASS: scripts/seqvec/seq_f_of24 (writes 144, reads 24, scratch 0, tokens 24)
- tb_seq_unit.sv:919: Verilog $finish
  S6 OUT FIFO: ntok=64 depth=64 kept=64 rx=64 ovf=0 | pushes=64 pops=64 SIMULTANEOUS=0
  NOTE: no push/pop coincidence at +ofphase=7 (this run did not exercise the race)
SEQ scripts/seqvec/seq_f_of64: 321 records, 4086 cycles (12.73 cyc/rec, 19.640 Mrec/s @250MHz)
  axil writes 384
  axil reads  153  (of which 89 were status polls)
  fetch-empty stall cycles 11  (ddr beats 321)
  layer cmds 64, engine runs 0/0/0/0, LAT=4 BLAT=4 DDRLAT=32 SIDEBAND=0
  burst: 0 write bursts (0 beats), 0 read bursts (0 beats), busy_wr 0 busy_rd 0, decerr 0 non-OK 0
SEQ PASS: scripts/seqvec/seq_f_of64 (writes 384, reads 64, scratch 0, tokens 64)
- tb_seq_unit.sv:919: Verilog $finish
  S6 OUT FIFO: ntok=80 depth=64 kept=80 rx=80 ovf=0 | pushes=80 pops=80 SIMULTANEOUS=0
  NOTE: no push/pop coincidence at +ofphase=7 (this run did not exercise the race)
SEQ scripts/seqvec/seq_f_of80: 401 records, 5087 cycles (12.69 cyc/rec, 19.707 Mrec/s @250MHz)
  axil writes 480
  axil reads  191  (of which 111 were status polls)
  fetch-empty stall cycles 11  (ddr beats 401)
  layer cmds 80, engine runs 0/0/0/0, LAT=4 BLAT=4 DDRLAT=32 SIDEBAND=0
  burst: 0 write bursts (0 beats), 0 read bursts (0 beats), busy_wr 0 busy_rd 0, decerr 0 non-OK 0
SEQ PASS: scripts/seqvec/seq_f_of80 (writes 480, reads 80, scratch 0, tokens 80)
- tb_seq_unit.sv:919: Verilog $finish
-- race on the normal streams too (their AMAXLs sit mid-stream) --
for p in 0 3; do for s in 1 2 3 4; do \
  obj_dir_tb_seq/tb_seq +vec=scripts/seqvec/seq_u_s$s +ofrace +ofphase=$p \
    || exit 1; \
done; done
  S6 OUT FIFO: ntok=3 depth=64 kept=3 rx=3 ovf=0 | pushes=3 pops=3 SIMULTANEOUS=0
  NOTE: no push/pop coincidence at +ofphase=0 (this run did not exercise the race)
SEQ scripts/seqvec/seq_u_s1: 58 records, 2782 cycles (47.97 cyc/rec, 5.212 Mrec/s @250MHz)
  axil writes 99
  axil reads  28  (of which 19 were status polls)
  fetch-empty stall cycles 29  (ddr beats 143)
  layer cmds 9, engine runs 0/1/0/3, LAT=4 BLAT=4 DDRLAT=32 SIDEBAND=0
  burst: 12 write bursts (728 beats), 8 read bursts (156 beats), busy_wr 1308 busy_rd 260, decerr 0 non-OK 0
SEQ PASS: scripts/seqvec/seq_u_s1 (writes 827, reads 165, scratch 664, tokens 3)
- tb_seq_unit.sv:919: Verilog $finish
  S6 OUT FIFO: ntok=4 depth=64 kept=4 rx=4 ovf=0 | pushes=4 pops=4 SIMULTANEOUS=0
  NOTE: no push/pop coincidence at +ofphase=0 (this run did not exercise the race)
SEQ scripts/seqvec/seq_u_s2: 58 records, 3142 cycles (54.17 cyc/rec, 4.615 Mrec/s @250MHz)
  axil writes 116
  axil reads  34  (of which 23 were status polls)
  fetch-empty stall cycles 46  (ddr beats 152)
  layer cmds 10, engine runs 1/1/0/3, LAT=4 BLAT=4 DDRLAT=32 SIDEBAND=0
  burst: 14 write bursts (688 beats), 10 read bursts (180 beats), busy_wr 1344 busy_rd 310, decerr 0 non-OK 0
SEQ PASS: scripts/seqvec/seq_u_s2 (writes 804, reads 191, scratch 604, tokens 4)
- tb_seq_unit.sv:919: Verilog $finish
  S6 OUT FIFO: ntok=3 depth=64 kept=3 rx=3 ovf=0 | pushes=3 pops=3 SIMULTANEOUS=0
  NOTE: no push/pop coincidence at +ofphase=0 (this run did not exercise the race)
SEQ scripts/seqvec/seq_u_s3: 58 records, 2860 cycles (49.31 cyc/rec, 5.070 Mrec/s @250MHz)
  axil writes 99
  axil reads  28  (of which 19 were status polls)
  fetch-empty stall cycles 29  (ddr beats 141)
  layer cmds 9, engine runs 3/0/0/1, LAT=4 BLAT=4 DDRLAT=32 SIDEBAND=0
  burst: 12 write bursts (736 beats), 8 read bursts (252 beats), busy_wr 1386 busy_rd 356, decerr 0 non-OK 0
SEQ PASS: scripts/seqvec/seq_u_s3 (writes 835, reads 261, scratch 616, tokens 3)
- tb_seq_unit.sv:919: Verilog $finish
  S6 OUT FIFO: ntok=5 depth=64 kept=5 rx=5 ovf=0 | pushes=5 pops=5 SIMULTANEOUS=0
  NOTE: no push/pop coincidence at +ofphase=0 (this run did not exercise the race)
SEQ scripts/seqvec/seq_u_s4: 58 records, 3634 cycles (62.66 cyc/rec, 3.990 Mrec/s @250MHz)
  axil writes 133
  axil reads  40  (of which 27 were status polls)
  fetch-empty stall cycles 64  (ddr beats 153)
  layer cmds 11, engine runs 4/0/1/1, LAT=4 BLAT=4 DDRLAT=32 SIDEBAND=0
  burst: 16 write bursts (712 beats), 12 read bursts (368 beats), busy_wr 1520 busy_rd 524, decerr 0 non-OK 0
SEQ PASS: scripts/seqvec/seq_u_s4 (writes 845, reads 381, scratch 600, tokens 5)
- tb_seq_unit.sv:919: Verilog $finish
  S6 OUT FIFO: ntok=3 depth=64 kept=3 rx=3 ovf=0 | pushes=3 pops=3 SIMULTANEOUS=0
  NOTE: no push/pop coincidence at +ofphase=3 (this run did not exercise the race)
SEQ scripts/seqvec/seq_u_s1: 58 records, 2785 cycles (48.02 cyc/rec, 5.206 Mrec/s @250MHz)
  axil writes 99
  axil reads  28  (of which 19 were status polls)
  fetch-empty stall cycles 29  (ddr beats 143)
  layer cmds 9, engine runs 0/1/0/3, LAT=4 BLAT=4 DDRLAT=32 SIDEBAND=0
  burst: 12 write bursts (728 beats), 8 read bursts (156 beats), busy_wr 1308 busy_rd 260, decerr 0 non-OK 0
SEQ PASS: scripts/seqvec/seq_u_s1 (writes 827, reads 165, scratch 664, tokens 3)
- tb_seq_unit.sv:919: Verilog $finish
  S6 OUT FIFO: ntok=4 depth=64 kept=4 rx=4 ovf=0 | pushes=4 pops=4 SIMULTANEOUS=0
  NOTE: no push/pop coincidence at +ofphase=3 (this run did not exercise the race)
SEQ scripts/seqvec/seq_u_s2: 58 records, 3145 cycles (54.22 cyc/rec, 4.610 Mrec/s @250MHz)
  axil writes 116
  axil reads  34  (of which 23 were status polls)
  fetch-empty stall cycles 46  (ddr beats 152)
  layer cmds 10, engine runs 1/1/0/3, LAT=4 BLAT=4 DDRLAT=32 SIDEBAND=0
  burst: 14 write bursts (688 beats), 10 read bursts (180 beats), busy_wr 1344 busy_rd 310, decerr 0 non-OK 0
SEQ PASS: scripts/seqvec/seq_u_s2 (writes 804, reads 191, scratch 604, tokens 4)
- tb_seq_unit.sv:919: Verilog $finish
  S6 OUT FIFO: ntok=3 depth=64 kept=3 rx=3 ovf=0 | pushes=3 pops=3 SIMULTANEOUS=0
  NOTE: no push/pop coincidence at +ofphase=3 (this run did not exercise the race)
SEQ scripts/seqvec/seq_u_s3: 58 records, 2866 cycles (49.41 cyc/rec, 5.059 Mrec/s @250MHz)
  axil writes 99
  axil reads  28  (of which 19 were status polls)
  fetch-empty stall cycles 29  (ddr beats 141)
  layer cmds 9, engine runs 3/0/0/1, LAT=4 BLAT=4 DDRLAT=32 SIDEBAND=0
  burst: 12 write bursts (736 beats), 8 read bursts (252 beats), busy_wr 1386 busy_rd 356, decerr 0 non-OK 0
SEQ PASS: scripts/seqvec/seq_u_s3 (writes 835, reads 261, scratch 616, tokens 3)
- tb_seq_unit.sv:919: Verilog $finish
  S6 OUT FIFO: ntok=5 depth=64 kept=5 rx=5 ovf=0 | pushes=5 pops=5 SIMULTANEOUS=0
  NOTE: no push/pop coincidence at +ofphase=3 (this run did not exercise the race)
SEQ scripts/seqvec/seq_u_s4: 58 records, 3640 cycles (62.76 cyc/rec, 3.984 Mrec/s @250MHz)
  axil writes 133
  axil reads  40  (of which 27 were status polls)
  fetch-empty stall cycles 64  (ddr beats 153)
  layer cmds 11, engine runs 4/0/1/1, LAT=4 BLAT=4 DDRLAT=32 SIDEBAND=0
  burst: 16 write bursts (712 beats), 12 read bursts (368 beats), busy_wr 1520 busy_rd 524, decerr 0 non-OK 0
SEQ PASS: scripts/seqvec/seq_u_s4 (writes 845, reads 381, scratch 600, tokens 5)
- tb_seq_unit.sv:919: Verilog $finish
-- self-test: the depth check MUST trip if the TB is told 16 --
TB_SEQ_OFFIFO OK: 3 depths x {axil, blat 0, blat 8} + 24 race runs + 8 stream races + depth self-test
RC_seq_offifo=0
verilator --binary --timing -j 4 -Wall \
  --Mdir obj_dir_tb_bfab -o tb_bfab \
  --top-module tb_burst_fabric seq_burst_fabric.sv seq_stub_mvchan.sv seq_stub_layer.sv tb_burst_fabric.sv
make[1]: Entering directory '/home/cah/r2d2/code/fpga/fable5_llm/tb/obj_dir_tb_bfab'
make[1]: Nothing to be done for 'default'.
make[1]: Leaving directory '/home/cah/r2d2/code/fpga/fable5_llm/tb/obj_dir_tb_bfab'
for L in 0 4 8; do for s in 1 2 3 4; do \
  obj_dir_tb_bfab/tb_bfab +seed=$s +blat=$L || exit 1; done; done
T1 PASS: 4 channels, XWIN burst push -> doorbell -> RES burst read (rows 0..63 and 4032..4095)
T2 PASS: layer scratch window == the AXI-Lite SWIN window (both directions), w=32767 reachable
T3 PASS: 3 decode holes x {read,write} -> DECERR, all beats returned/consumed (n_dec=6)
T4 PASS: mvchan out-of-window (r/w/unmapped) and layer-while-busy answer SLVERR, with no side effects
T5 PASS: 1 / 16 / 256-beat bursts, INCR, 4 KiB-safe
T6 PASS: 4 x 64-beat reads in 284 cycles (1.11 cyc/beat, blat=0)
  fabric: 15 write bursts (682 beats), 24 read bursts (1202 beats), busy_wr 727 busy_rd 1313, decerr 6, non-OK responses 26
TB_BURST_FABRIC PASS: seed 1, blat 0, LAT param 4
- tb_burst_fabric.sv:512: Verilog $finish
T1 PASS: 4 channels, XWIN burst push -> doorbell -> RES burst read (rows 0..63 and 4032..4095)
T2 PASS: layer scratch window == the AXI-Lite SWIN window (both directions), w=32767 reachable
T3 PASS: 3 decode holes x {read,write} -> DECERR, all beats returned/consumed (n_dec=6)
T4 PASS: mvchan out-of-window (r/w/unmapped) and layer-while-busy answer SLVERR, with no side effects
T5 PASS: 1 / 16 / 256-beat bursts, INCR, 4 KiB-safe
T6 PASS: 4 x 64-beat reads in 284 cycles (1.11 cyc/beat, blat=0)
  fabric: 15 write bursts (682 beats), 24 read bursts (1202 beats), busy_wr 727 busy_rd 1313, decerr 6, non-OK responses 26
TB_BURST_FABRIC PASS: seed 2, blat 0, LAT param 4
- tb_burst_fabric.sv:512: Verilog $finish
T1 PASS: 4 channels, XWIN burst push -> doorbell -> RES burst read (rows 0..63 and 4032..4095)
T2 PASS: layer scratch window == the AXI-Lite SWIN window (both directions), w=32767 reachable
T3 PASS: 3 decode holes x {read,write} -> DECERR, all beats returned/consumed (n_dec=6)
T4 PASS: mvchan out-of-window (r/w/unmapped) and layer-while-busy answer SLVERR, with no side effects
T5 PASS: 1 / 16 / 256-beat bursts, INCR, 4 KiB-safe
T6 PASS: 4 x 64-beat reads in 284 cycles (1.11 cyc/beat, blat=0)
  fabric: 15 write bursts (682 beats), 24 read bursts (1202 beats), busy_wr 727 busy_rd 1313, decerr 6, non-OK responses 26
TB_BURST_FABRIC PASS: seed 3, blat 0, LAT param 4
- tb_burst_fabric.sv:512: Verilog $finish
T1 PASS: 4 channels, XWIN burst push -> doorbell -> RES burst read (rows 0..63 and 4032..4095)
T2 PASS: layer scratch window == the AXI-Lite SWIN window (both directions), w=32767 reachable
T3 PASS: 3 decode holes x {read,write} -> DECERR, all beats returned/consumed (n_dec=6)
T4 PASS: mvchan out-of-window (r/w/unmapped) and layer-while-busy answer SLVERR, with no side effects
T5 PASS: 1 / 16 / 256-beat bursts, INCR, 4 KiB-safe
T6 PASS: 4 x 64-beat reads in 284 cycles (1.11 cyc/beat, blat=0)
  fabric: 15 write bursts (682 beats), 24 read bursts (1202 beats), busy_wr 727 busy_rd 1313, decerr 6, non-OK responses 26
TB_BURST_FABRIC PASS: seed 4, blat 0, LAT param 4
- tb_burst_fabric.sv:512: Verilog $finish
T1 PASS: 4 channels, XWIN burst push -> doorbell -> RES burst read (rows 0..63 and 4032..4095)
T2 PASS: layer scratch window == the AXI-Lite SWIN window (both directions), w=32767 reachable
T3 PASS: 3 decode holes x {read,write} -> DECERR, all beats returned/consumed (n_dec=6)
T4 PASS: mvchan out-of-window (r/w/unmapped) and layer-while-busy answer SLVERR, with no side effects
T5 PASS: 1 / 16 / 256-beat bursts, INCR, 4 KiB-safe
T6 PASS: 4 x 64-beat reads in 316 cycles (1.23 cyc/beat, blat=4)
  fabric: 15 write bursts (682 beats), 24 read bursts (1202 beats), busy_wr 847 busy_rd 1505, decerr 6, non-OK responses 26
TB_BURST_FABRIC PASS: seed 1, blat 4, LAT param 4
- tb_burst_fabric.sv:512: Verilog $finish
T1 PASS: 4 channels, XWIN burst push -> doorbell -> RES burst read (rows 0..63 and 4032..4095)
T2 PASS: layer scratch window == the AXI-Lite SWIN window (both directions), w=32767 reachable
T3 PASS: 3 decode holes x {read,write} -> DECERR, all beats returned/consumed (n_dec=6)
T4 PASS: mvchan out-of-window (r/w/unmapped) and layer-while-busy answer SLVERR, with no side effects
T5 PASS: 1 / 16 / 256-beat bursts, INCR, 4 KiB-safe
T6 PASS: 4 x 64-beat reads in 316 cycles (1.23 cyc/beat, blat=4)
  fabric: 15 write bursts (682 beats), 24 read bursts (1202 beats), busy_wr 847 busy_rd 1505, decerr 6, non-OK responses 26
TB_BURST_FABRIC PASS: seed 2, blat 4, LAT param 4
- tb_burst_fabric.sv:512: Verilog $finish
T1 PASS: 4 channels, XWIN burst push -> doorbell -> RES burst read (rows 0..63 and 4032..4095)
T2 PASS: layer scratch window == the AXI-Lite SWIN window (both directions), w=32767 reachable
T3 PASS: 3 decode holes x {read,write} -> DECERR, all beats returned/consumed (n_dec=6)
T4 PASS: mvchan out-of-window (r/w/unmapped) and layer-while-busy answer SLVERR, with no side effects
T5 PASS: 1 / 16 / 256-beat bursts, INCR, 4 KiB-safe
T6 PASS: 4 x 64-beat reads in 316 cycles (1.23 cyc/beat, blat=4)
  fabric: 15 write bursts (682 beats), 24 read bursts (1202 beats), busy_wr 847 busy_rd 1505, decerr 6, non-OK responses 26
TB_BURST_FABRIC PASS: seed 3, blat 4, LAT param 4
- tb_burst_fabric.sv:512: Verilog $finish
T1 PASS: 4 channels, XWIN burst push -> doorbell -> RES burst read (rows 0..63 and 4032..4095)
T2 PASS: layer scratch window == the AXI-Lite SWIN window (both directions), w=32767 reachable
T3 PASS: 3 decode holes x {read,write} -> DECERR, all beats returned/consumed (n_dec=6)
T4 PASS: mvchan out-of-window (r/w/unmapped) and layer-while-busy answer SLVERR, with no side effects
T5 PASS: 1 / 16 / 256-beat bursts, INCR, 4 KiB-safe
T6 PASS: 4 x 64-beat reads in 316 cycles (1.23 cyc/beat, blat=4)
  fabric: 15 write bursts (682 beats), 24 read bursts (1202 beats), busy_wr 847 busy_rd 1505, decerr 6, non-OK responses 26
TB_BURST_FABRIC PASS: seed 4, blat 4, LAT param 4
- tb_burst_fabric.sv:512: Verilog $finish
T1 PASS: 4 channels, XWIN burst push -> doorbell -> RES burst read (rows 0..63 and 4032..4095)
T2 PASS: layer scratch window == the AXI-Lite SWIN window (both directions), w=32767 reachable
T3 PASS: 3 decode holes x {read,write} -> DECERR, all beats returned/consumed (n_dec=6)
T4 PASS: mvchan out-of-window (r/w/unmapped) and layer-while-busy answer SLVERR, with no side effects
T5 PASS: 1 / 16 / 256-beat bursts, INCR, 4 KiB-safe
T6 PASS: 4 x 64-beat reads in 348 cycles (1.36 cyc/beat, blat=8)
  fabric: 15 write bursts (682 beats), 24 read bursts (1202 beats), busy_wr 967 busy_rd 1697, decerr 6, non-OK responses 26
TB_BURST_FABRIC PASS: seed 1, blat 8, LAT param 4
- tb_burst_fabric.sv:512: Verilog $finish
T1 PASS: 4 channels, XWIN burst push -> doorbell -> RES burst read (rows 0..63 and 4032..4095)
T2 PASS: layer scratch window == the AXI-Lite SWIN window (both directions), w=32767 reachable
T3 PASS: 3 decode holes x {read,write} -> DECERR, all beats returned/consumed (n_dec=6)
T4 PASS: mvchan out-of-window (r/w/unmapped) and layer-while-busy answer SLVERR, with no side effects
T5 PASS: 1 / 16 / 256-beat bursts, INCR, 4 KiB-safe
T6 PASS: 4 x 64-beat reads in 348 cycles (1.36 cyc/beat, blat=8)
  fabric: 15 write bursts (682 beats), 24 read bursts (1202 beats), busy_wr 967 busy_rd 1697, decerr 6, non-OK responses 26
TB_BURST_FABRIC PASS: seed 2, blat 8, LAT param 4
- tb_burst_fabric.sv:512: Verilog $finish
T1 PASS: 4 channels, XWIN burst push -> doorbell -> RES burst read (rows 0..63 and 4032..4095)
T2 PASS: layer scratch window == the AXI-Lite SWIN window (both directions), w=32767 reachable
T3 PASS: 3 decode holes x {read,write} -> DECERR, all beats returned/consumed (n_dec=6)
T4 PASS: mvchan out-of-window (r/w/unmapped) and layer-while-busy answer SLVERR, with no side effects
T5 PASS: 1 / 16 / 256-beat bursts, INCR, 4 KiB-safe
T6 PASS: 4 x 64-beat reads in 348 cycles (1.36 cyc/beat, blat=8)
  fabric: 15 write bursts (682 beats), 24 read bursts (1202 beats), busy_wr 967 busy_rd 1697, decerr 6, non-OK responses 26
TB_BURST_FABRIC PASS: seed 3, blat 8, LAT param 4
- tb_burst_fabric.sv:512: Verilog $finish
T1 PASS: 4 channels, XWIN burst push -> doorbell -> RES burst read (rows 0..63 and 4032..4095)
T2 PASS: layer scratch window == the AXI-Lite SWIN window (both directions), w=32767 reachable
T3 PASS: 3 decode holes x {read,write} -> DECERR, all beats returned/consumed (n_dec=6)
T4 PASS: mvchan out-of-window (r/w/unmapped) and layer-while-busy answer SLVERR, with no side effects
T5 PASS: 1 / 16 / 256-beat bursts, INCR, 4 KiB-safe
T6 PASS: 4 x 64-beat reads in 348 cycles (1.36 cyc/beat, blat=8)
  fabric: 15 write bursts (682 beats), 24 read bursts (1202 beats), busy_wr 967 busy_rd 1697, decerr 6, non-OK responses 26
TB_BURST_FABRIC PASS: seed 4, blat 8, LAT param 4
- tb_burst_fabric.sv:512: Verilog $finish
mkdir -p scripts/seqvec
for s in 1 2 3 4; do \
  python3 scripts/gen_seq_unit_vectors.py scripts/seqvec $s || exit 1; done
seq_u_s1: 58 records, 827 writes, 165 reads (159 with the XRF sideband), 664 scratch words, 3 tokens
seq_h_hiaddr: 16 records, 8320 scratch words (8192 above word 16383)
seq_h_embrow: 7 records, 3136 scratch words at EMBLOG2=12 (4096 B rows)
seq_m_csrwr: 2001 records, 2000 writes, 0 reads
seq_m_cmd: 801 records, 800 writes, 0 reads
seq_m_movx: 3 records, 5123 writes, 4096 reads
seq_m_movy16: 4 records, 2073 writes, 2112 reads
seq_m_movy32: 4 records, 4121 writes, 2112 reads
seq_m_ldc: 2 records, 4097 writes, 0 reads
seq_f_of24: 121 records, 24 tokens
seq_f_of64: 321 records, 64 tokens
seq_f_of80: 401 records, 80 tokens
seq_e_op: expects err_code 0x01
seq_e_ind: expects err_code 0x02
seq_e_chan: expects err_code 0x05
seq_e_jmp: expects err_code 0x08
seq_e_xopsgn: expects err_code 0x0a
seq_e_csrsp: expects err_code 0x07
seq_e_rsvd: expects err_code 0x06
seq_u_s2: 58 records, 804 writes, 191 reads (184 with the XRF sideband), 604 scratch words, 4 tokens
seq_u_s3: 58 records, 835 writes, 261 reads (255 with the XRF sideband), 616 scratch words, 3 tokens
seq_u_s4: 58 records, 845 writes, 381 reads (373 with the XRF sideband), 600 scratch words, 5 tokens
verilator --binary --timing -j 4 -Wall \
  --Mdir obj_dir_tb_seq -o tb_seq \
  --top-module tb_seq_unit ../rtl/seq_unit.sv ../rtl/seq_movers.sv seq_fabric_model.sv seq_burst_fabric.sv seq_ddr_model.sv seq_stub_layer.sv seq_stub_mvchan.sv tb_seq_unit.sv
make[1]: Entering directory '/home/cah/r2d2/code/fpga/fable5_llm/tb/obj_dir_tb_seq'
make[1]: Nothing to be done for 'default'.
make[1]: Leaving directory '/home/cah/r2d2/code/fpga/fable5_llm/tb/obj_dir_tb_seq'
for L in 0 4 8; do \
  for s in 1 2 3 4; do \
    obj_dir_tb_seq/tb_seq +vec=scripts/seqvec/seq_u_s$s +blat=$L || exit 1; \
  done; \
  for e in op ind chan jmp xopsgn csrsp rsvd; do \
    obj_dir_tb_seq/tb_seq +vec=scripts/seqvec/seq_e_$e +blat=$L || exit 1; \
  done; \
  for m in csrwr cmd movx movy16 movy32 ldc; do \
    obj_dir_tb_seq/tb_seq +vec=scripts/seqvec/seq_m_$m +blat=$L || exit 1; \
  done; \
done
SEQ scripts/seqvec/seq_u_s1: 58 records, 2620 cycles (45.17 cyc/rec, 5.534 Mrec/s @250MHz)
  axil writes 99
  axil reads  28  (of which 19 were status polls)
  fetch-empty stall cycles 29  (ddr beats 143)
  layer cmds 9, engine runs 0/1/0/3, LAT=4 BLAT=4 DDRLAT=32 SIDEBAND=0
  burst: 12 write bursts (728 beats), 8 read bursts (156 beats), busy_wr 1148 busy_rd 196, decerr 0 non-OK 0
SEQ PASS: scripts/seqvec/seq_u_s1 (writes 827, reads 165, scratch 664, tokens 3)
- tb_seq_unit.sv:919: Verilog $finish
SEQ scripts/seqvec/seq_u_s2: 58 records, 2944 cycles (50.76 cyc/rec, 4.925 Mrec/s @250MHz)
  axil writes 116
  axil reads  34  (of which 23 were status polls)
  fetch-empty stall cycles 46  (ddr beats 152)
  layer cmds 10, engine runs 1/1/0/3, LAT=4 BLAT=4 DDRLAT=32 SIDEBAND=0
  burst: 14 write bursts (688 beats), 10 read bursts (180 beats), busy_wr 1152 busy_rd 230, decerr 0 non-OK 0
SEQ PASS: scripts/seqvec/seq_u_s2 (writes 804, reads 191, scratch 604, tokens 4)
- tb_seq_unit.sv:919: Verilog $finish
SEQ scripts/seqvec/seq_u_s3: 58 records, 2698 cycles (46.52 cyc/rec, 5.374 Mrec/s @250MHz)
  axil writes 99
  axil reads  28  (of which 19 were status polls)
  fetch-empty stall cycles 29  (ddr beats 141)
  layer cmds 9, engine runs 3/0/0/1, LAT=4 BLAT=4 DDRLAT=32 SIDEBAND=0
  burst: 12 write bursts (736 beats), 8 read bursts (252 beats), busy_wr 1226 busy_rd 292, decerr 0 non-OK 0
SEQ PASS: scripts/seqvec/seq_u_s3 (writes 835, reads 261, scratch 616, tokens 3)
- tb_seq_unit.sv:919: Verilog $finish
  S6 OUT FIFO: ntok=5 depth=64 kept=5 rx=5 ovf=0 | pushes=5 pops=5 SIMULTANEOUS=0
SEQ scripts/seqvec/seq_u_s4: 58 records, 3406 cycles (58.72 cyc/rec, 4.257 Mrec/s @250MHz)
  axil writes 133
  axil reads  40  (of which 27 were status polls)
  fetch-empty stall cycles 64  (ddr beats 153)
  layer cmds 11, engine runs 4/0/1/1, LAT=4 BLAT=4 DDRLAT=32 SIDEBAND=0
  burst: 16 write bursts (712 beats), 12 read bursts (368 beats), busy_wr 1296 busy_rd 428, decerr 0 non-OK 0
SEQ PASS: scripts/seqvec/seq_u_s4 (writes 845, reads 381, scratch 600, tokens 5)
- tb_seq_unit.sv:919: Verilog $finish
SEQ scripts/seqvec/seq_e_op: 2 records, 46 cycles (23.00 cyc/rec, 10.870 Mrec/s @250MHz)
  axil writes 0
  axil reads  1  (of which 1 were status polls)
  fetch-empty stall cycles 11  (ddr beats 2)
  layer cmds 0, engine runs 0/0/0/0, LAT=4 BLAT=4 DDRLAT=32 SIDEBAND=0
  burst: 0 write bursts (0 beats), 0 read bursts (0 beats), busy_wr 0 busy_rd 0, decerr 0 non-OK 0
SEQ PASS: scripts/seqvec/seq_e_op (writes 0, reads 0, scratch 0, tokens 0)
- tb_seq_unit.sv:919: Verilog $finish
SEQ scripts/seqvec/seq_e_ind: 2 records, 46 cycles (23.00 cyc/rec, 10.870 Mrec/s @250MHz)
  axil writes 0
  axil reads  1  (of which 1 were status polls)
  fetch-empty stall cycles 11  (ddr beats 2)
  layer cmds 0, engine runs 0/0/0/0, LAT=4 BLAT=4 DDRLAT=32 SIDEBAND=0
  burst: 0 write bursts (0 beats), 0 read bursts (0 beats), busy_wr 0 busy_rd 0, decerr 0 non-OK 0
SEQ PASS: scripts/seqvec/seq_e_ind (writes 0, reads 0, scratch 0, tokens 0)
- tb_seq_unit.sv:919: Verilog $finish
SEQ scripts/seqvec/seq_e_chan: 2 records, 46 cycles (23.00 cyc/rec, 10.870 Mrec/s @250MHz)
  axil writes 0
  axil reads  1  (of which 1 were status polls)
  fetch-empty stall cycles 11  (ddr beats 2)
  layer cmds 0, engine runs 0/0/0/0, LAT=4 BLAT=4 DDRLAT=32 SIDEBAND=0
  burst: 0 write bursts (0 beats), 0 read bursts (0 beats), busy_wr 0 busy_rd 0, decerr 0 non-OK 0
SEQ PASS: scripts/seqvec/seq_e_chan (writes 0, reads 0, scratch 0, tokens 0)
- tb_seq_unit.sv:919: Verilog $finish
SEQ scripts/seqvec/seq_e_jmp: 2 records, 46 cycles (23.00 cyc/rec, 10.870 Mrec/s @250MHz)
  axil writes 0
  axil reads  1  (of which 1 were status polls)
  fetch-empty stall cycles 11  (ddr beats 2)
  layer cmds 0, engine runs 0/0/0/0, LAT=4 BLAT=4 DDRLAT=32 SIDEBAND=0
  burst: 0 write bursts (0 beats), 0 read bursts (0 beats), busy_wr 0 busy_rd 0, decerr 0 non-OK 0
SEQ PASS: scripts/seqvec/seq_e_jmp (writes 0, reads 0, scratch 0, tokens 0)
- tb_seq_unit.sv:919: Verilog $finish
SEQ scripts/seqvec/seq_e_xopsgn: 2 records, 46 cycles (23.00 cyc/rec, 10.870 Mrec/s @250MHz)
  axil writes 0
  axil reads  1  (of which 1 were status polls)
  fetch-empty stall cycles 11  (ddr beats 2)
  layer cmds 0, engine runs 0/0/0/0, LAT=4 BLAT=4 DDRLAT=32 SIDEBAND=0
  burst: 0 write bursts (0 beats), 0 read bursts (0 beats), busy_wr 0 busy_rd 0, decerr 0 non-OK 0
SEQ PASS: scripts/seqvec/seq_e_xopsgn (writes 0, reads 0, scratch 0, tokens 0)
- tb_seq_unit.sv:919: Verilog $finish
SEQ scripts/seqvec/seq_e_csrsp: 2 records, 46 cycles (23.00 cyc/rec, 10.870 Mrec/s @250MHz)
  axil writes 0
  axil reads  1  (of which 1 were status polls)
  fetch-empty stall cycles 11  (ddr beats 2)
  layer cmds 0, engine runs 0/0/0/0, LAT=4 BLAT=4 DDRLAT=32 SIDEBAND=0
  burst: 0 write bursts (0 beats), 0 read bursts (0 beats), busy_wr 0 busy_rd 0, decerr 0 non-OK 0
SEQ PASS: scripts/seqvec/seq_e_csrsp (writes 0, reads 0, scratch 0, tokens 0)
- tb_seq_unit.sv:919: Verilog $finish
SEQ scripts/seqvec/seq_e_rsvd: 2 records, 46 cycles (23.00 cyc/rec, 10.870 Mrec/s @250MHz)
  axil writes 0
  axil reads  1  (of which 1 were status polls)
  fetch-empty stall cycles 11  (ddr beats 2)
  layer cmds 0, engine runs 0/0/0/0, LAT=4 BLAT=4 DDRLAT=32 SIDEBAND=0
  burst: 0 write bursts (0 beats), 0 read bursts (0 beats), busy_wr 0 busy_rd 0, decerr 0 non-OK 0
SEQ PASS: scripts/seqvec/seq_e_rsvd (writes 0, reads 0, scratch 0, tokens 0)
- tb_seq_unit.sv:919: Verilog $finish
SEQ scripts/seqvec/seq_m_csrwr: 2001 records, 6046 cycles (3.02 cyc/rec, 82.741 Mrec/s @250MHz)
  axil writes 2000
  axil reads  1  (of which 1 were status polls)
  fetch-empty stall cycles 11  (ddr beats 2001)
  layer cmds 0, engine runs 0/0/0/0, LAT=4 BLAT=4 DDRLAT=32 SIDEBAND=0
  burst: 0 write bursts (0 beats), 0 read bursts (0 beats), busy_wr 0 busy_rd 0, decerr 0 non-OK 0
SEQ PASS: scripts/seqvec/seq_m_csrwr (writes 2000, reads 0, scratch 0, tokens 0)
- tb_seq_unit.sv:919: Verilog $finish
SEQ scripts/seqvec/seq_m_cmd: 801 records, 8821 cycles (11.01 cyc/rec, 22.702 Mrec/s @250MHz)
  axil writes 800
  axil reads  276  (of which 276 were status polls)
  fetch-empty stall cycles 11  (ddr beats 801)
  layer cmds 200, engine runs 0/0/0/0, LAT=4 BLAT=4 DDRLAT=32 SIDEBAND=0
  burst: 0 write bursts (0 beats), 0 read bursts (0 beats), busy_wr 0 busy_rd 0, decerr 0 non-OK 0
SEQ PASS: scripts/seqvec/seq_m_cmd (writes 800, reads 0, scratch 0, tokens 0)
- tb_seq_unit.sv:919: Verilog $finish
SEQ scripts/seqvec/seq_m_movx: 3 records, 8911 cycles (2970.33 cyc/rec, 0.084 Mrec/s @250MHz)
  axil writes 3
  axil reads  2  (of which 2 were status polls)
  fetch-empty stall cycles 11  (ddr beats 515)
  layer cmds 0, engine runs 0/0/0/0, LAT=4 BLAT=4 DDRLAT=32 SIDEBAND=0
  burst: 20 write bursts (5120 beats), 16 read bursts (4096 beats), busy_wr 8809 busy_rd 4161, decerr 0 non-OK 0
SEQ PASS: scripts/seqvec/seq_m_movx (writes 5123, reads 4096, scratch 4096, tokens 0)
- tb_seq_unit.sv:919: Verilog $finish
SEQ scripts/seqvec/seq_m_movy16: 4 records, 2404 cycles (601.00 cyc/rec, 0.416 Mrec/s @250MHz)
  axil writes 9
  axil reads  3  (of which 3 were status polls)
  fetch-empty stall cycles 11  (ddr beats 4)
  layer cmds 0, engine runs 1/0/0/0, LAT=4 BLAT=4 DDRLAT=32 SIDEBAND=0
  burst: 9 write bursts (2064 beats), 9 read bursts (2112 beats), busy_wr 2162 busy_rd 2150, decerr 0 non-OK 0
SEQ PASS: scripts/seqvec/seq_m_movy16 (writes 2073, reads 2112, scratch 2048, tokens 0)
- tb_seq_unit.sv:919: Verilog $finish
SEQ scripts/seqvec/seq_m_movy32: 4 records, 4453 cycles (1113.25 cyc/rec, 0.225 Mrec/s @250MHz)
  axil writes 9
  axil reads  3  (of which 3 were status polls)
  fetch-empty stall cycles 11  (ddr beats 4)
  layer cmds 0, engine runs 1/0/0/0, LAT=4 BLAT=4 DDRLAT=32 SIDEBAND=0
  burst: 17 write bursts (4112 beats), 9 read bursts (2112 beats), busy_wr 4212 busy_rd 4104, decerr 0 non-OK 0
SEQ PASS: scripts/seqvec/seq_m_movy32 (writes 4121, reads 2112, scratch 4096, tokens 0)
- tb_seq_unit.sv:919: Verilog $finish
SEQ scripts/seqvec/seq_m_ldc: 2 records, 4696 cycles (2348.00 cyc/rec, 0.106 Mrec/s @250MHz)
  axil writes 1
  axil reads  1  (of which 1 were status polls)
  fetch-empty stall cycles 11  (ddr beats 514)
  layer cmds 0, engine runs 0/0/0/0, LAT=4 BLAT=4 DDRLAT=32 SIDEBAND=0
  burst: 16 write bursts (4096 beats), 0 read bursts (0 beats), busy_wr 4644 busy_rd 0, decerr 0 non-OK 0
SEQ PASS: scripts/seqvec/seq_m_ldc (writes 4097, reads 0, scratch 4096, tokens 0)
- tb_seq_unit.sv:919: Verilog $finish
SEQ scripts/seqvec/seq_u_s1: 58 records, 2779 cycles (47.91 cyc/rec, 5.218 Mrec/s @250MHz)
  axil writes 99
  axil reads  28  (of which 19 were status polls)
  fetch-empty stall cycles 29  (ddr beats 143)
  layer cmds 9, engine runs 0/1/0/3, LAT=4 BLAT=4 DDRLAT=32 SIDEBAND=0
  burst: 12 write bursts (728 beats), 8 read bursts (156 beats), busy_wr 1308 busy_rd 260, decerr 0 non-OK 0
SEQ PASS: scripts/seqvec/seq_u_s1 (writes 827, reads 165, scratch 664, tokens 3)
- tb_seq_unit.sv:919: Verilog $finish
SEQ scripts/seqvec/seq_u_s2: 58 records, 3136 cycles (54.07 cyc/rec, 4.624 Mrec/s @250MHz)
  axil writes 116
  axil reads  34  (of which 23 were status polls)
  fetch-empty stall cycles 46  (ddr beats 152)
  layer cmds 10, engine runs 1/1/0/3, LAT=4 BLAT=4 DDRLAT=32 SIDEBAND=0
  burst: 14 write bursts (688 beats), 10 read bursts (180 beats), busy_wr 1344 busy_rd 310, decerr 0 non-OK 0
SEQ PASS: scripts/seqvec/seq_u_s2 (writes 804, reads 191, scratch 604, tokens 4)
- tb_seq_unit.sv:919: Verilog $finish
SEQ scripts/seqvec/seq_u_s3: 58 records, 2857 cycles (49.26 cyc/rec, 5.075 Mrec/s @250MHz)
  axil writes 99
  axil reads  28  (of which 19 were status polls)
  fetch-empty stall cycles 29  (ddr beats 141)
  layer cmds 9, engine runs 3/0/0/1, LAT=4 BLAT=4 DDRLAT=32 SIDEBAND=0
  burst: 12 write bursts (736 beats), 8 read bursts (252 beats), busy_wr 1386 busy_rd 356, decerr 0 non-OK 0
SEQ PASS: scripts/seqvec/seq_u_s3 (writes 835, reads 261, scratch 616, tokens 3)
- tb_seq_unit.sv:919: Verilog $finish
  S6 OUT FIFO: ntok=5 depth=64 kept=5 rx=5 ovf=0 | pushes=5 pops=5 SIMULTANEOUS=0
SEQ scripts/seqvec/seq_u_s4: 58 records, 3631 cycles (62.60 cyc/rec, 3.993 Mrec/s @250MHz)
  axil writes 133
  axil reads  40  (of which 27 were status polls)
  fetch-empty stall cycles 64  (ddr beats 153)
  layer cmds 11, engine runs 4/0/1/1, LAT=4 BLAT=4 DDRLAT=32 SIDEBAND=0
  burst: 16 write bursts (712 beats), 12 read bursts (368 beats), busy_wr 1520 busy_rd 524, decerr 0 non-OK 0
SEQ PASS: scripts/seqvec/seq_u_s4 (writes 845, reads 381, scratch 600, tokens 5)
- tb_seq_unit.sv:919: Verilog $finish
SEQ scripts/seqvec/seq_e_op: 2 records, 46 cycles (23.00 cyc/rec, 10.870 Mrec/s @250MHz)
  axil writes 0
  axil reads  1  (of which 1 were status polls)
  fetch-empty stall cycles 11  (ddr beats 2)
  layer cmds 0, engine runs 0/0/0/0, LAT=4 BLAT=4 DDRLAT=32 SIDEBAND=0
  burst: 0 write bursts (0 beats), 0 read bursts (0 beats), busy_wr 0 busy_rd 0, decerr 0 non-OK 0
SEQ PASS: scripts/seqvec/seq_e_op (writes 0, reads 0, scratch 0, tokens 0)
- tb_seq_unit.sv:919: Verilog $finish
SEQ scripts/seqvec/seq_e_ind: 2 records, 46 cycles (23.00 cyc/rec, 10.870 Mrec/s @250MHz)
  axil writes 0
  axil reads  1  (of which 1 were status polls)
  fetch-empty stall cycles 11  (ddr beats 2)
  layer cmds 0, engine runs 0/0/0/0, LAT=4 BLAT=4 DDRLAT=32 SIDEBAND=0
  burst: 0 write bursts (0 beats), 0 read bursts (0 beats), busy_wr 0 busy_rd 0, decerr 0 non-OK 0
SEQ PASS: scripts/seqvec/seq_e_ind (writes 0, reads 0, scratch 0, tokens 0)
- tb_seq_unit.sv:919: Verilog $finish
SEQ scripts/seqvec/seq_e_chan: 2 records, 46 cycles (23.00 cyc/rec, 10.870 Mrec/s @250MHz)
  axil writes 0
  axil reads  1  (of which 1 were status polls)
  fetch-empty stall cycles 11  (ddr beats 2)
  layer cmds 0, engine runs 0/0/0/0, LAT=4 BLAT=4 DDRLAT=32 SIDEBAND=0
  burst: 0 write bursts (0 beats), 0 read bursts (0 beats), busy_wr 0 busy_rd 0, decerr 0 non-OK 0
SEQ PASS: scripts/seqvec/seq_e_chan (writes 0, reads 0, scratch 0, tokens 0)
- tb_seq_unit.sv:919: Verilog $finish
SEQ scripts/seqvec/seq_e_jmp: 2 records, 46 cycles (23.00 cyc/rec, 10.870 Mrec/s @250MHz)
  axil writes 0
  axil reads  1  (of which 1 were status polls)
  fetch-empty stall cycles 11  (ddr beats 2)
  layer cmds 0, engine runs 0/0/0/0, LAT=4 BLAT=4 DDRLAT=32 SIDEBAND=0
  burst: 0 write bursts (0 beats), 0 read bursts (0 beats), busy_wr 0 busy_rd 0, decerr 0 non-OK 0
SEQ PASS: scripts/seqvec/seq_e_jmp (writes 0, reads 0, scratch 0, tokens 0)
- tb_seq_unit.sv:919: Verilog $finish
SEQ scripts/seqvec/seq_e_xopsgn: 2 records, 46 cycles (23.00 cyc/rec, 10.870 Mrec/s @250MHz)
  axil writes 0
  axil reads  1  (of which 1 were status polls)
  fetch-empty stall cycles 11  (ddr beats 2)
  layer cmds 0, engine runs 0/0/0/0, LAT=4 BLAT=4 DDRLAT=32 SIDEBAND=0
  burst: 0 write bursts (0 beats), 0 read bursts (0 beats), busy_wr 0 busy_rd 0, decerr 0 non-OK 0
SEQ PASS: scripts/seqvec/seq_e_xopsgn (writes 0, reads 0, scratch 0, tokens 0)
- tb_seq_unit.sv:919: Verilog $finish
SEQ scripts/seqvec/seq_e_csrsp: 2 records, 46 cycles (23.00 cyc/rec, 10.870 Mrec/s @250MHz)
  axil writes 0
  axil reads  1  (of which 1 were status polls)
  fetch-empty stall cycles 11  (ddr beats 2)
  layer cmds 0, engine runs 0/0/0/0, LAT=4 BLAT=4 DDRLAT=32 SIDEBAND=0
  burst: 0 write bursts (0 beats), 0 read bursts (0 beats), busy_wr 0 busy_rd 0, decerr 0 non-OK 0
SEQ PASS: scripts/seqvec/seq_e_csrsp (writes 0, reads 0, scratch 0, tokens 0)
- tb_seq_unit.sv:919: Verilog $finish
SEQ scripts/seqvec/seq_e_rsvd: 2 records, 46 cycles (23.00 cyc/rec, 10.870 Mrec/s @250MHz)
  axil writes 0
  axil reads  1  (of which 1 were status polls)
  fetch-empty stall cycles 11  (ddr beats 2)
  layer cmds 0, engine runs 0/0/0/0, LAT=4 BLAT=4 DDRLAT=32 SIDEBAND=0
  burst: 0 write bursts (0 beats), 0 read bursts (0 beats), busy_wr 0 busy_rd 0, decerr 0 non-OK 0
SEQ PASS: scripts/seqvec/seq_e_rsvd (writes 0, reads 0, scratch 0, tokens 0)
- tb_seq_unit.sv:919: Verilog $finish
SEQ scripts/seqvec/seq_m_csrwr: 2001 records, 6046 cycles (3.02 cyc/rec, 82.741 Mrec/s @250MHz)
  axil writes 2000
  axil reads  1  (of which 1 were status polls)
  fetch-empty stall cycles 11  (ddr beats 2001)
  layer cmds 0, engine runs 0/0/0/0, LAT=4 BLAT=4 DDRLAT=32 SIDEBAND=0
  burst: 0 write bursts (0 beats), 0 read bursts (0 beats), busy_wr 0 busy_rd 0, decerr 0 non-OK 0
SEQ PASS: scripts/seqvec/seq_m_csrwr (writes 2000, reads 0, scratch 0, tokens 0)
- tb_seq_unit.sv:919: Verilog $finish
SEQ scripts/seqvec/seq_m_cmd: 801 records, 8821 cycles (11.01 cyc/rec, 22.702 Mrec/s @250MHz)
  axil writes 800
  axil reads  276  (of which 276 were status polls)
  fetch-empty stall cycles 11  (ddr beats 801)
  layer cmds 200, engine runs 0/0/0/0, LAT=4 BLAT=4 DDRLAT=32 SIDEBAND=0
  burst: 0 write bursts (0 beats), 0 read bursts (0 beats), busy_wr 0 busy_rd 0, decerr 0 non-OK 0
SEQ PASS: scripts/seqvec/seq_m_cmd (writes 800, reads 0, scratch 0, tokens 0)
- tb_seq_unit.sv:919: Verilog $finish
SEQ scripts/seqvec/seq_m_movx: 3 records, 8935 cycles (2978.33 cyc/rec, 0.084 Mrec/s @250MHz)
  axil writes 3
  axil reads  2  (of which 2 were status polls)
  fetch-empty stall cycles 11  (ddr beats 515)
  layer cmds 0, engine runs 0/0/0/0, LAT=4 BLAT=4 DDRLAT=32 SIDEBAND=0
  burst: 20 write bursts (5120 beats), 16 read bursts (4096 beats), busy_wr 8833 busy_rd 4169, decerr 0 non-OK 0
SEQ PASS: scripts/seqvec/seq_m_movx (writes 5123, reads 4096, scratch 4096, tokens 0)
- tb_seq_unit.sv:919: Verilog $finish
SEQ scripts/seqvec/seq_m_movy16: 4 records, 2434 cycles (608.50 cyc/rec, 0.411 Mrec/s @250MHz)
  axil writes 9
  axil reads  3  (of which 3 were status polls)
  fetch-empty stall cycles 11  (ddr beats 4)
  layer cmds 0, engine runs 1/0/0/0, LAT=4 BLAT=4 DDRLAT=32 SIDEBAND=0
  burst: 9 write bursts (2064 beats), 9 read bursts (2112 beats), busy_wr 2194 busy_rd 2166, decerr 0 non-OK 0
SEQ PASS: scripts/seqvec/seq_m_movy16 (writes 2073, reads 2112, scratch 2048, tokens 0)
- tb_seq_unit.sv:919: Verilog $finish
SEQ scripts/seqvec/seq_m_movy32: 4 records, 4486 cycles (1121.50 cyc/rec, 0.223 Mrec/s @250MHz)
  axil writes 9
  axil reads  3  (of which 3 were status polls)
  fetch-empty stall cycles 11  (ddr beats 4)
  layer cmds 0, engine runs 1/0/0/0, LAT=4 BLAT=4 DDRLAT=32 SIDEBAND=0
  burst: 17 write bursts (4112 beats), 9 read bursts (2112 beats), busy_wr 4244 busy_rd 4120, decerr 0 non-OK 0
SEQ PASS: scripts/seqvec/seq_m_movy32 (writes 4121, reads 2112, scratch 4096, tokens 0)
- tb_seq_unit.sv:919: Verilog $finish
SEQ scripts/seqvec/seq_m_ldc: 2 records, 4705 cycles (2352.50 cyc/rec, 0.106 Mrec/s @250MHz)
  axil writes 1
  axil reads  1  (of which 1 were status polls)
  fetch-empty stall cycles 11  (ddr beats 514)
  layer cmds 0, engine runs 0/0/0/0, LAT=4 BLAT=4 DDRLAT=32 SIDEBAND=0
  burst: 16 write bursts (4096 beats), 0 read bursts (0 beats), busy_wr 4652 busy_rd 0, decerr 0 non-OK 0
SEQ PASS: scripts/seqvec/seq_m_ldc (writes 4097, reads 0, scratch 4096, tokens 0)
- tb_seq_unit.sv:919: Verilog $finish
SEQ scripts/seqvec/seq_u_s1: 58 records, 2941 cycles (50.71 cyc/rec, 4.930 Mrec/s @250MHz)
  axil writes 99
  axil reads  28  (of which 19 were status polls)
  fetch-empty stall cycles 29  (ddr beats 143)
  layer cmds 9, engine runs 0/1/0/3, LAT=4 BLAT=4 DDRLAT=32 SIDEBAND=0
  burst: 12 write bursts (728 beats), 8 read bursts (156 beats), busy_wr 1468 busy_rd 324, decerr 0 non-OK 0
SEQ PASS: scripts/seqvec/seq_u_s1 (writes 827, reads 165, scratch 664, tokens 3)
- tb_seq_unit.sv:919: Verilog $finish
SEQ scripts/seqvec/seq_u_s2: 58 records, 3328 cycles (57.38 cyc/rec, 4.357 Mrec/s @250MHz)
  axil writes 116
  axil reads  34  (of which 23 were status polls)
  fetch-empty stall cycles 46  (ddr beats 152)
  layer cmds 10, engine runs 1/1/0/3, LAT=4 BLAT=4 DDRLAT=32 SIDEBAND=0
  burst: 14 write bursts (688 beats), 10 read bursts (180 beats), busy_wr 1536 busy_rd 390, decerr 0 non-OK 0
SEQ PASS: scripts/seqvec/seq_u_s2 (writes 804, reads 191, scratch 604, tokens 4)
- tb_seq_unit.sv:919: Verilog $finish
SEQ scripts/seqvec/seq_u_s3: 58 records, 3019 cycles (52.05 cyc/rec, 4.803 Mrec/s @250MHz)
  axil writes 99
  axil reads  28  (of which 19 were status polls)
  fetch-empty stall cycles 29  (ddr beats 141)
  layer cmds 9, engine runs 3/0/0/1, LAT=4 BLAT=4 DDRLAT=32 SIDEBAND=0
  burst: 12 write bursts (736 beats), 8 read bursts (252 beats), busy_wr 1546 busy_rd 420, decerr 0 non-OK 0
SEQ PASS: scripts/seqvec/seq_u_s3 (writes 835, reads 261, scratch 616, tokens 3)
- tb_seq_unit.sv:919: Verilog $finish
  S6 OUT FIFO: ntok=5 depth=64 kept=5 rx=5 ovf=0 | pushes=5 pops=5 SIMULTANEOUS=0
SEQ scripts/seqvec/seq_u_s4: 58 records, 3853 cycles (66.43 cyc/rec, 3.763 Mrec/s @250MHz)
  axil writes 133
  axil reads  40  (of which 27 were status polls)
  fetch-empty stall cycles 64  (ddr beats 153)
  layer cmds 11, engine runs 4/0/1/1, LAT=4 BLAT=4 DDRLAT=32 SIDEBAND=0
  burst: 16 write bursts (712 beats), 12 read bursts (368 beats), busy_wr 1744 busy_rd 620, decerr 0 non-OK 0
SEQ PASS: scripts/seqvec/seq_u_s4 (writes 845, reads 381, scratch 600, tokens 5)
- tb_seq_unit.sv:919: Verilog $finish
SEQ scripts/seqvec/seq_e_op: 2 records, 46 cycles (23.00 cyc/rec, 10.870 Mrec/s @250MHz)
  axil writes 0
  axil reads  1  (of which 1 were status polls)
  fetch-empty stall cycles 11  (ddr beats 2)
  layer cmds 0, engine runs 0/0/0/0, LAT=4 BLAT=4 DDRLAT=32 SIDEBAND=0
  burst: 0 write bursts (0 beats), 0 read bursts (0 beats), busy_wr 0 busy_rd 0, decerr 0 non-OK 0
SEQ PASS: scripts/seqvec/seq_e_op (writes 0, reads 0, scratch 0, tokens 0)
- tb_seq_unit.sv:919: Verilog $finish
SEQ scripts/seqvec/seq_e_ind: 2 records, 46 cycles (23.00 cyc/rec, 10.870 Mrec/s @250MHz)
  axil writes 0
  axil reads  1  (of which 1 were status polls)
  fetch-empty stall cycles 11  (ddr beats 2)
  layer cmds 0, engine runs 0/0/0/0, LAT=4 BLAT=4 DDRLAT=32 SIDEBAND=0
  burst: 0 write bursts (0 beats), 0 read bursts (0 beats), busy_wr 0 busy_rd 0, decerr 0 non-OK 0
SEQ PASS: scripts/seqvec/seq_e_ind (writes 0, reads 0, scratch 0, tokens 0)
- tb_seq_unit.sv:919: Verilog $finish
SEQ scripts/seqvec/seq_e_chan: 2 records, 46 cycles (23.00 cyc/rec, 10.870 Mrec/s @250MHz)
  axil writes 0
  axil reads  1  (of which 1 were status polls)
  fetch-empty stall cycles 11  (ddr beats 2)
  layer cmds 0, engine runs 0/0/0/0, LAT=4 BLAT=4 DDRLAT=32 SIDEBAND=0
  burst: 0 write bursts (0 beats), 0 read bursts (0 beats), busy_wr 0 busy_rd 0, decerr 0 non-OK 0
SEQ PASS: scripts/seqvec/seq_e_chan (writes 0, reads 0, scratch 0, tokens 0)
- tb_seq_unit.sv:919: Verilog $finish
SEQ scripts/seqvec/seq_e_jmp: 2 records, 46 cycles (23.00 cyc/rec, 10.870 Mrec/s @250MHz)
  axil writes 0
  axil reads  1  (of which 1 were status polls)
  fetch-empty stall cycles 11  (ddr beats 2)
  layer cmds 0, engine runs 0/0/0/0, LAT=4 BLAT=4 DDRLAT=32 SIDEBAND=0
  burst: 0 write bursts (0 beats), 0 read bursts (0 beats), busy_wr 0 busy_rd 0, decerr 0 non-OK 0
SEQ PASS: scripts/seqvec/seq_e_jmp (writes 0, reads 0, scratch 0, tokens 0)
- tb_seq_unit.sv:919: Verilog $finish
SEQ scripts/seqvec/seq_e_xopsgn: 2 records, 46 cycles (23.00 cyc/rec, 10.870 Mrec/s @250MHz)
  axil writes 0
  axil reads  1  (of which 1 were status polls)
  fetch-empty stall cycles 11  (ddr beats 2)
  layer cmds 0, engine runs 0/0/0/0, LAT=4 BLAT=4 DDRLAT=32 SIDEBAND=0
  burst: 0 write bursts (0 beats), 0 read bursts (0 beats), busy_wr 0 busy_rd 0, decerr 0 non-OK 0
SEQ PASS: scripts/seqvec/seq_e_xopsgn (writes 0, reads 0, scratch 0, tokens 0)
- tb_seq_unit.sv:919: Verilog $finish
SEQ scripts/seqvec/seq_e_csrsp: 2 records, 46 cycles (23.00 cyc/rec, 10.870 Mrec/s @250MHz)
  axil writes 0
  axil reads  1  (of which 1 were status polls)
  fetch-empty stall cycles 11  (ddr beats 2)
  layer cmds 0, engine runs 0/0/0/0, LAT=4 BLAT=4 DDRLAT=32 SIDEBAND=0
  burst: 0 write bursts (0 beats), 0 read bursts (0 beats), busy_wr 0 busy_rd 0, decerr 0 non-OK 0
SEQ PASS: scripts/seqvec/seq_e_csrsp (writes 0, reads 0, scratch 0, tokens 0)
- tb_seq_unit.sv:919: Verilog $finish
SEQ scripts/seqvec/seq_e_rsvd: 2 records, 46 cycles (23.00 cyc/rec, 10.870 Mrec/s @250MHz)
  axil writes 0
  axil reads  1  (of which 1 were status polls)
  fetch-empty stall cycles 11  (ddr beats 2)
  layer cmds 0, engine runs 0/0/0/0, LAT=4 BLAT=4 DDRLAT=32 SIDEBAND=0
  burst: 0 write bursts (0 beats), 0 read bursts (0 beats), busy_wr 0 busy_rd 0, decerr 0 non-OK 0
SEQ PASS: scripts/seqvec/seq_e_rsvd (writes 0, reads 0, scratch 0, tokens 0)
- tb_seq_unit.sv:919: Verilog $finish
SEQ scripts/seqvec/seq_m_csrwr: 2001 records, 6046 cycles (3.02 cyc/rec, 82.741 Mrec/s @250MHz)
  axil writes 2000
  axil reads  1  (of which 1 were status polls)
  fetch-empty stall cycles 11  (ddr beats 2001)
  layer cmds 0, engine runs 0/0/0/0, LAT=4 BLAT=4 DDRLAT=32 SIDEBAND=0
  burst: 0 write bursts (0 beats), 0 read bursts (0 beats), busy_wr 0 busy_rd 0, decerr 0 non-OK 0
SEQ PASS: scripts/seqvec/seq_m_csrwr (writes 2000, reads 0, scratch 0, tokens 0)
- tb_seq_unit.sv:919: Verilog $finish
SEQ scripts/seqvec/seq_m_cmd: 801 records, 8821 cycles (11.01 cyc/rec, 22.702 Mrec/s @250MHz)
  axil writes 800
  axil reads  276  (of which 276 were status polls)
  fetch-empty stall cycles 11  (ddr beats 801)
  layer cmds 200, engine runs 0/0/0/0, LAT=4 BLAT=4 DDRLAT=32 SIDEBAND=0
  burst: 0 write bursts (0 beats), 0 read bursts (0 beats), busy_wr 0 busy_rd 0, decerr 0 non-OK 0
SEQ PASS: scripts/seqvec/seq_m_cmd (writes 800, reads 0, scratch 0, tokens 0)
- tb_seq_unit.sv:919: Verilog $finish
SEQ scripts/seqvec/seq_m_movx: 3 records, 8959 cycles (2986.33 cyc/rec, 0.084 Mrec/s @250MHz)
  axil writes 3
  axil reads  2  (of which 2 were status polls)
  fetch-empty stall cycles 11  (ddr beats 515)
  layer cmds 0, engine runs 0/0/0/0, LAT=4 BLAT=4 DDRLAT=32 SIDEBAND=0
  burst: 20 write bursts (5120 beats), 16 read bursts (4096 beats), busy_wr 8857 busy_rd 4177, decerr 0 non-OK 0
SEQ PASS: scripts/seqvec/seq_m_movx (writes 5123, reads 4096, scratch 4096, tokens 0)
- tb_seq_unit.sv:919: Verilog $finish
SEQ scripts/seqvec/seq_m_movy16: 4 records, 2467 cycles (616.75 cyc/rec, 0.405 Mrec/s @250MHz)
  axil writes 9
  axil reads  3  (of which 3 were status polls)
  fetch-empty stall cycles 11  (ddr beats 4)
  layer cmds 0, engine runs 1/0/0/0, LAT=4 BLAT=4 DDRLAT=32 SIDEBAND=0
  burst: 9 write bursts (2064 beats), 9 read bursts (2112 beats), busy_wr 2226 busy_rd 2182, decerr 0 non-OK 0
SEQ PASS: scripts/seqvec/seq_m_movy16 (writes 2073, reads 2112, scratch 2048, tokens 0)
- tb_seq_unit.sv:919: Verilog $finish
SEQ scripts/seqvec/seq_m_movy32: 4 records, 4516 cycles (1129.00 cyc/rec, 0.221 Mrec/s @250MHz)
  axil writes 9
  axil reads  3  (of which 3 were status polls)
  fetch-empty stall cycles 11  (ddr beats 4)
  layer cmds 0, engine runs 1/0/0/0, LAT=4 BLAT=4 DDRLAT=32 SIDEBAND=0
  burst: 17 write bursts (4112 beats), 9 read bursts (2112 beats), busy_wr 4276 busy_rd 4136, decerr 0 non-OK 0
SEQ PASS: scripts/seqvec/seq_m_movy32 (writes 4121, reads 2112, scratch 4096, tokens 0)
- tb_seq_unit.sv:919: Verilog $finish
SEQ scripts/seqvec/seq_m_ldc: 2 records, 4714 cycles (2357.00 cyc/rec, 0.106 Mrec/s @250MHz)
  axil writes 1
  axil reads  1  (of which 1 were status polls)
  fetch-empty stall cycles 11  (ddr beats 514)
  layer cmds 0, engine runs 0/0/0/0, LAT=4 BLAT=4 DDRLAT=32 SIDEBAND=0
  burst: 16 write bursts (4096 beats), 0 read bursts (0 beats), busy_wr 4660 busy_rd 0, decerr 0 non-OK 0
SEQ PASS: scripts/seqvec/seq_m_ldc (writes 4097, reads 0, scratch 4096, tokens 0)
- tb_seq_unit.sv:919: Verilog $finish
obj_dir_tb_seq/tb_seq +vec=scripts/seqvec/seq_m_movy16 +binj_r=37 +experr=18
SEQ scripts/seqvec/seq_m_movy16: expecting err_code 18 (fault injected)
SEQ scripts/seqvec/seq_m_movy16: 4 records, 130 cycles (32.50 cyc/rec, 7.692 Mrec/s @250MHz)
  axil writes 2
  axil reads  1  (of which 1 were status polls)
  fetch-empty stall cycles 11  (ddr beats 4)
  layer cmds 0, engine runs 0/0/0/0, LAT=4 BLAT=4 DDRLAT=32 SIDEBAND=0
  burst: 0 write bursts (9 beats), 0 read bursts (58 beats), busy_wr 71 busy_rd 71, decerr 0 non-OK 1
SEQ PASS: scripts/seqvec/seq_m_movy16 (writes 11, reads 58, scratch 2048, tokens 0)
- tb_seq_unit.sv:919: Verilog $finish
obj_dir_tb_seq/tb_seq +vec=scripts/seqvec/seq_m_movx   +binj_b=2  +experr=18
SEQ scripts/seqvec/seq_m_movx: expecting err_code 18 (fault injected)
SEQ scripts/seqvec/seq_m_movx: 3 records, 670 cycles (223.33 cyc/rec, 1.119 Mrec/s @250MHz)
  axil writes 1
  axil reads  1  (of which 1 were status polls)
  fetch-empty stall cycles 11  (ddr beats 71)
  layer cmds 0, engine runs 0/0/0/0, LAT=4 BLAT=4 DDRLAT=32 SIDEBAND=0
  burst: 2 write bursts (522 beats), 0 read bursts (0 beats), busy_wr 639 busy_rd 0, decerr 0 non-OK 1
SEQ PASS: scripts/seqvec/seq_m_movx (writes 523, reads 0, scratch 4096, tokens 0)
- tb_seq_unit.sv:919: Verilog $finish
obj_dir_tb_seq/tb_seq +vec=scripts/seqvec/seq_m_ldc    +binj_b=1  +experr=18
SEQ scripts/seqvec/seq_m_ldc: expecting err_code 18 (fault injected)
SEQ scripts/seqvec/seq_m_ldc: 2 records, 382 cycles (191.00 cyc/rec, 1.309 Mrec/s @250MHz)
  axil writes 1
  axil reads  1  (of which 1 were status polls)
  fetch-empty stall cycles 11  (ddr beats 38)
  layer cmds 0, engine runs 0/0/0/0, LAT=4 BLAT=4 DDRLAT=32 SIDEBAND=0
  burst: 1 write bursts (266 beats), 0 read bursts (0 beats), busy_wr 351 busy_rd 0, decerr 0 non-OK 1
SEQ PASS: scripts/seqvec/seq_m_ldc (writes 267, reads 0, scratch 4096, tokens 0)
- tb_seq_unit.sv:919: Verilog $finish
obj_dir_tb_seq/tb_seq +vec=scripts/seqvec/seq_m_movx   +binj_r=5  +experr=18
SEQ scripts/seqvec/seq_m_movx: expecting err_code 18 (fault injected)
SEQ scripts/seqvec/seq_m_movx: 3 records, 4756 cycles (1585.33 cyc/rec, 0.158 Mrec/s @250MHz)
  axil writes 3
  axil reads  1  (of which 1 were status polls)
  fetch-empty stall cycles 11  (ddr beats 515)
  layer cmds 0, engine runs 0/0/0/0, LAT=4 BLAT=4 DDRLAT=32 SIDEBAND=0
  burst: 16 write bursts (4097 beats), 0 read bursts (26 beats), busy_wr 4691 busy_rd 39, decerr 0 non-OK 1
SEQ PASS: scripts/seqvec/seq_m_movx (writes 4100, reads 26, scratch 4096, tokens 0)
- tb_seq_unit.sv:919: Verilog $finish
RC_seq_burst=0
verilator --binary --timing -j 4 -Wall \
  --Mdir obj_dir_tb_vecalu_diff -o tb_vecalu_diff \
  --top-module tb_vecalu_diff \
  ../rtl/fx_pkg.sv ../rtl/vec_alu.sv legacy/vec_alu_legacy.sv \
  tb_vecalu_diff.sv
make[1]: Entering directory '/home/cah/r2d2/code/fpga/fable5_llm/tb/obj_dir_tb_vecalu_diff'
make[1]: Nothing to be done for 'default'.
make[1]: Leaving directory '/home/cah/r2d2/code/fpga/fable5_llm/tb/obj_dir_tb_vecalu_diff'
  ops:  0:54 1:61 2:60 3:48 4:41 5:58 6:72 7:60 8:86 9:61 10:119 12:81
  class: disjoint=551 inplace1=123 narrow2to1=98 pair-inplace=29 | len_max=2048
  overlap census: legacy raw collisions=152 | new tail=0 live=0 (write-count deltas=0)
  cycles: legacy=1603021 new=204001 (speedup x100 = 785)
TB_VECALU_DIFF PASS: 801 commands bit-exact (seed 1, read-first)
- tb_vecalu_diff.sv:690: Verilog $finish
  ops:  0:53 1:69 2:53 3:51 4:45 5:52 6:55 7:58 8:81 9:67 10:158 12:58
  class: disjoint=543 inplace1=136 narrow2to1=82 pair-inplace=39 | len_max=2048
  overlap census: legacy raw collisions=175 | new tail=0 live=0 (write-count deltas=0)
  cycles: legacy=1523259 new=204604 (speedup x100 = 744)
TB_VECALU_DIFF PASS: 800 commands bit-exact (seed 2, read-first)
- tb_vecalu_diff.sv:690: Verilog $finish
  ops:  0:70 1:68 2:47 3:49 4:46 5:47 6:56 7:60 8:87 9:73 10:118 12:79
  class: disjoint=547 inplace1=127 narrow2to1=91 pair-inplace=35 | len_max=2048
  overlap census: legacy raw collisions=162 | new tail=0 live=0 (write-count deltas=0)
  cycles: legacy=1672130 new=222633 (speedup x100 = 751)
TB_VECALU_DIFF PASS: 800 commands bit-exact (seed 3, read-first)
- tb_vecalu_diff.sv:690: Verilog $finish
  ops:  0:58 1:70 2:68 3:52 4:54 5:52 6:58 7:65 8:84 9:64 10:112 12:63
  class: disjoint=538 inplace1=153 narrow2to1=79 pair-inplace=30 | len_max=2048
  overlap census: legacy raw collisions=183 | new tail=0 live=0 (write-count deltas=0)
  cycles: legacy=1530245 new=190029 (speedup x100 = 805)
TB_VECALU_DIFF PASS: 800 commands bit-exact (seed 4, read-first)
- tb_vecalu_diff.sv:690: Verilog $finish
-- strict: overlap invariant fatal + write-first scratch + cfg-latch --
obj_dir_tb_vecalu_diff/tb_vecalu_diff +seed=1 +coll_fatal +wfirst +cfgscramble
  ops:  0:60 1:71 2:58 3:45 4:53 5:59 6:55 7:71 8:86 9:57 10:122 12:65
  class: disjoint=533 inplace1=156 narrow2to1=84 pair-inplace=29 | len_max=2048
  overlap census: legacy raw collisions=185 | new tail=0 live=0 (write-count deltas=0)
  cycles: legacy=1632295 new=199869 (speedup x100 = 816)
TB_VECALU_DIFF PASS: 802 commands bit-exact (seed 1, write-first+coll_fatal+cfgscramble)
- tb_vecalu_diff.sv:690: Verilog $finish
obj_dir_tb_vecalu_diff/tb_vecalu_diff +seed=3 +coll_fatal +wfirst +cfgscramble
  ops:  0:61 1:73 2:43 3:50 4:55 5:53 6:63 7:43 8:87 9:65 10:133 12:74
  class: disjoint=545 inplace1=128 narrow2to1=94 pair-inplace=33 | len_max=2048
  overlap census: legacy raw collisions=161 | new tail=0 live=0 (write-count deltas=0)
  cycles: legacy=1568660 new=195186 (speedup x100 = 803)
TB_VECALU_DIFF PASS: 800 commands bit-exact (seed 3, write-first+coll_fatal+cfgscramble)
- tb_vecalu_diff.sv:690: Verilog $finish
-- comparator self-test: every check MUST trip under sabotage --
TB_VECALU_DIFF OK: 4 seeds + 2 strict + 4 comparator self-tests
verilator --binary --timing -j 4 -Wall \
  --Mdir obj_dir_tb_vecnorm_diff -o tb_vecnorm_diff \
  --top-module tb_vecnorm_diff \
  ../rtl/fx_pkg.sv ../rtl/fx_rsqrt.sv ../rtl/vecnorm_unit.sv \
  legacy/vecnorm_legacy.sv tb_vecnorm_diff.sv
make[1]: Entering directory '/home/cah/r2d2/code/fpga/fable5_llm/tb/obj_dir_tb_vecnorm_diff'
make[1]: Nothing to be done for 'default'.
make[1]: Leaving directory '/home/cah/r2d2/code/fpga/fable5_llm/tb/obj_dir_tb_vecnorm_diff'
  modes: 0:36 1:34 2:50 | eps vectors=21 (k -14..17) | all-zero blocks=20 | n_max=1024
  busy cycles: legacy=223831 new=63849 (speedup x100 = 350)
TB_VECNORM_DIFF PASS: 120 vectors bit-exact (seed 1, random s_valid gaps 0..5, random m_ready)
- tb_vecnorm_diff.sv:391: Verilog $finish
  modes: 0:37 1:33 2:50 | eps vectors=28 (k -14..17) | all-zero blocks=18 | n_max=1024
  busy cycles: legacy=270118 new=74056 (speedup x100 = 364)
TB_VECNORM_DIFF PASS: 120 vectors bit-exact (seed 2, random s_valid gaps 0..5, random m_ready)
- tb_vecnorm_diff.sv:391: Verilog $finish
  modes: 0:40 1:32 2:48 | eps vectors=27 (k -14..17) | all-zero blocks=16 | n_max=1024
  busy cycles: legacy=313974 new=88649 (speedup x100 = 354)
TB_VECNORM_DIFF PASS: 120 vectors bit-exact (seed 3, random s_valid gaps 0..5, random m_ready)
- tb_vecnorm_diff.sv:391: Verilog $finish
  modes: 0:37 1:38 2:45 | eps vectors=27 (k -14..17) | all-zero blocks=19 | n_max=1024
  busy cycles: legacy=250467 new=74642 (speedup x100 = 335)
TB_VECNORM_DIFF PASS: 120 vectors bit-exact (seed 4, random s_valid gaps 0..5, random m_ready)
- tb_vecnorm_diff.sv:391: Verilog $finish
-- comparator self-test: every check MUST trip under sabotage --
TB_VECNORM_DIFF OK: 4 seeds + 3 comparator self-tests
RC_ru2_diff=0

=== L3  regen gate (0.8B artifacts byte-identical) ===
regen_gate: 2026-08-13T18:35:52-06:00  host=darthplagueis
  MODELPY = /home/cah/anaconda3/envs/base313/bin/python3
  python  = 3.13.9 torch 2.6.0+cu124
  tree    = 0636b7f4baef53062a53aa9e597811120595ec65
  calib   = FABLE5_CALIB_STATS=<unset>
  gold    = a69864d25b6b129a4d6c74b3c78dfcbedf1edce219d32cc05d05bc54f444aaf1
checkpoint: /home/cah/.cache/huggingface/hub/models--Qwen--Qwen3.5-0.8B/snapshots/2fc06364715b967f1860aea9cf38778875588b17/model.safetensors-00001-of-00001.safetensors
  header sha256 c894b6055113f9d5a9c5c68e703662de8ba27df5a9631b47f10b75ac3fe0b083
  24 layers, H=1024, vocab=248320
  res_scale=8 DN_NORM_F=11 BF_GUARD=0 mse_scale=True (production) w4_group=128
  quantized 24 layers (18 DN / 6 GQA)
  ln_f folded to (1+w) Q3.12: |q|max 25856 of 32767, 0 out of range
  LM head (248320, 1024) e=-4 sh=5; emb table |q|max 472 of 32767
  step  0 (prefill ) in_tok=   760 argmax=   561 |resid|max=7127
Traceback (most recent call last):
  File "/home/cah/r2d2/code/fpga/fable5_llm/ref/gen_model_script.py", line 605, in <module>
    main()
    ~~~~^^
  File "/home/cah/r2d2/code/fpga/fable5_llm/ref/gen_model_script.py", line 509, in main
    y32, _ = M.matvec(qw_head, X8, H, rowchunk=ROWCHUNK)
             ~~~~~~~~^^^^^^^^^^^^^^^^^^^^^^^^^^^^^^^^^^^
  File "/home/cah/r2d2/code/fpga/fable5_llm/ref/gen_layer_script.py", line 730, in matvec
    matvec_y32(qw["w4"][r0:r1], qw["m"][r0:r1], qw["sh"], x8,
    ~~~~~~~~~~^^^^^^^^^^^^^^^^^^^^^^^^^^^^^^^^^^^^^^^^^^^^^^^
               g=g),
               ^^^^
  File "/home/cah/r2d2/code/fpga/fable5_llm/ref/w4a8_ref.py", line 161, in matvec_y32
    assert np.abs(acc).max() < (1 << 31)
           ^^^^^^^^^^^^^^^^^^^^^^^^^^^^^
AssertionError
SEQ: 30276 records (484416 B) + 1001216 B const blob -> /tmp/tmp.n36F2wSIl8/model_v2_s1.e.seq  [profile=epsnorm loop_steps=0]
RC_regen_gate=1

=== R-b LOCAL GATE done 2026-08-13T18:37:12-06:00 ===
